solid OpenSCAD_Model
  facet normal 0 0 1
    outer loop
      vertex 0 0 0.927
      vertex 2.2336232140660286 1.2857142889073918 0.927
      vertex 2.2336232140660286 1.3088185765913556 0.927
    endloop
  endfacet
  facet normal 0 0 1
    outer loop
      vertex 0 0 0.927
      vertex 2.2336232140660286 1.3088185765913556 0.927
      vertex 2.055326782166958 1.8472050034574101 0.927
    endloop
  endfacet
  facet normal 0 0 1
    outer loop
      vertex 0 0 0.927
      vertex 2.503468930721283 1.2857142889073918 0.927
      vertex 2.2336232140660286 1.2857142889073918 0.927
    endloop
  endfacet
  facet normal 0 0 1
    outer loop
      vertex 0 0 0.927
      vertex 2.8784153535962105 1.2857142889073918 0.927
      vertex 2.503468930721283 1.2857142889073918 0.927
    endloop
  endfacet
  facet normal 0 0 1
    outer loop
      vertex 0 0 0.927
      vertex 3.148261070251465 1.2857142889073918 0.927
      vertex 2.8784153535962105 1.2857142889073918 0.927
    endloop
  endfacet
  facet normal 0 0 1
    outer loop
      vertex 0 0 0.927
      vertex 3.5803124979138374 1.272201431649072 0.927
      vertex 3.148261070251465 1.2857142889073918 0.927
    endloop
  endfacet
  facet normal 0 0 1
    outer loop
      vertex 0 0 0.927
      vertex 2.055326782166958 1.8472050034574101 0.927
      vertex 2.055326782166958 1.870309291141374 0.927
    endloop
  endfacet
  facet normal 0 0 1
    outer loop
      vertex 2.121148928999901 1.8358650037220547 0.927
      vertex 2.055326782166958 1.8472050034574101 0.927
      vertex 2.2336232140660286 1.3088185765913556 0.927
    endloop
  endfacet
  facet normal 0 0 1
    outer loop
      vertex 2.121148928999901 1.8358650037220547 0.927
      vertex 2.2336232140660286 1.3088185765913556 0.927
      vertex 2.326477497816086 1.5132728570273946 0.927
    endloop
  endfacet
  facet normal -1 0 0
    outer loop
      vertex 0 0 0
      vertex 0 0 0.927
      vertex 0 9 0.927
    endloop
  endfacet
  facet normal 0 0 1
    outer loop
      vertex 0 0 0.927
      vertex 1.5768430680036545 6.428571430700166 0.927
      vertex 1.5768430680036545 6.470159148531301 0.927
    endloop
  endfacet
  facet normal 0 0 1
    outer loop
      vertex 0 0 0.927
      vertex 2.055326782166958 1.870309291141374 0.927
      vertex 1.5768430680036545 6.428571430700166 0.927
    endloop
  endfacet
  facet normal 0 0 1
    outer loop
      vertex 2.055326782166958 1.870309291141374 0.927
      vertex 2.799732856452465 4.142680709915502 0.927
      vertex 1.5768430680036545 6.428571430700166 0.927
    endloop
  endfacet
  facet normal 0 -1 0
    outer loop
      vertex 0 0 0
      vertex 9 0 0.927
      vertex 0 0 0.927
    endloop
  endfacet
  facet normal 0 0 1
    outer loop
      vertex 0 0 0.927
      vertex 3.6034232154488564 1.272201431649072 0.927
      vertex 3.5803124979138374 1.272201431649072 0.927
    endloop
  endfacet
  facet normal 0 0 1
    outer loop
      vertex 0 0 0.927
      vertex 3.9107539281249046 1.272201431649072 0.927
      vertex 3.6034232154488564 1.272201431649072 0.927
    endloop
  endfacet
  facet normal 0 0 1
    outer loop
      vertex 0 0 0.927
      vertex 3.9338582158088684 1.272201431649072 0.927
      vertex 3.9107539281249046 1.272201431649072 0.927
    endloop
  endfacet
  facet normal 0 0 1
    outer loop
      vertex 0 0 0.927
      vertex 4.423033930361271 1.272201431649072 0.927
      vertex 3.9338582158088684 1.272201431649072 0.927
    endloop
  endfacet
  facet normal 0 0 1
    outer loop
      vertex 0 0 0.927
      vertex 4.446144640445709 1.272201431649072 0.927
      vertex 4.423033930361271 1.272201431649072 0.927
    endloop
  endfacet
  facet normal 0 0 1
    outer loop
      vertex 0 0 0.927
      vertex 4.753475360572338 1.272201431649072 0.927
      vertex 4.446144640445709 1.272201431649072 0.927
    endloop
  endfacet
  facet normal 0 0 1
    outer loop
      vertex 0 0 0.927
      vertex 4.776579640805721 1.272201431649072 0.927
      vertex 4.753475360572338 1.272201431649072 0.927
    endloop
  endfacet
  facet normal 0 0 1
    outer loop
      vertex 0 0 0.927
      vertex 5.046046070754528 1.2857142889073918 0.927
      vertex 4.776579640805721 1.272201431649072 0.927
    endloop
  endfacet
  facet normal 0 0 1
    outer loop
      vertex 2.326477497816086 1.3205892869404385 0.927
      vertex 2.326477497816086 1.5132728570273946 0.927
      vertex 2.2336232140660286 1.3088185765913556 0.927
    endloop
  endfacet
  facet normal 0 0 1
    outer loop
      vertex 2.410614639520645 1.3205892869404385 0.927
      vertex 2.7659410685300827 1.8358650037220547 0.927
      vertex 2.410614639520645 1.5158892923167775 0.927
    endloop
  endfacet
  facet normal 0 0 1
    outer loop
      vertex 2.503468930721283 1.2857142889073918 0.927
      vertex 2.9712696447968483 1.5132728570273946 0.927
      vertex 2.503468930721283 1.3088185765913556 0.927
    endloop
  endfacet
  facet normal 0 0 1
    outer loop
      vertex 2.8784153535962105 1.3088185765913556 0.927
      vertex 2.503468930721283 1.2857142889073918 0.927
      vertex 2.8784153535962105 1.2857142889073918 0.927
    endloop
  endfacet
  facet normal 0 0 1
    outer loop
      vertex 2.9712696447968483 1.3205892869404385 0.927
      vertex 2.503468930721283 1.2857142889073918 0.927
      vertex 2.8784153535962105 1.3088185765913556 0.927
    endloop
  endfacet
  facet normal 0 0 1
    outer loop
      vertex 2.410614639520645 1.3205892869404385 0.927
      vertex 2.503468930721283 1.3088185765913556 0.927
      vertex 2.7659410685300827 1.8358650037220547 0.927
    endloop
  endfacet
  facet normal 0 0 1
    outer loop
      vertex 2.7659410685300827 1.8358650037220547 0.927
      vertex 2.503468930721283 1.3088185765913556 0.927
      vertex 2.9712696447968483 1.5132728570273946 0.927
    endloop
  endfacet
  facet normal 0 0 1
    outer loop
      vertex 2.2240317836403847 1.8358650037220547 0.927
      vertex 2.3918689265847206 1.5660192870668004 0.927
      vertex 2.3024989292025566 1.8472050034574101 0.927
    endloop
  endfacet
  facet normal 0 0 1
    outer loop
      vertex 2.3024989292025566 1.8472050034574101 0.927
      vertex 2.477311074733734 1.870309291141374 0.927
      vertex 2.3024989292025566 1.870309291141374 0.927
    endloop
  endfacet
  facet normal 0 0 1
    outer loop
      vertex 2.3918689265847206 1.5660192870668004 0.927
      vertex 2.551419645547867 1.8358650037220547 0.927
      vertex 2.3024989292025566 1.8472050034574101 0.927
    endloop
  endfacet
  facet normal 0 0 1
    outer loop
      vertex 2.477311074733734 1.870309291141374 0.927
      vertex 2.3024989292025566 1.8472050034574101 0.927
      vertex 2.477311074733734 1.8472050034574101 0.927
    endloop
  endfacet
  facet normal 0 0 1
    outer loop
      vertex 2.551419645547867 1.8358650037220547 0.927
      vertex 2.477311074733734 1.8472050034574101 0.927
      vertex 2.3024989292025566 1.8472050034574101 0.927
    endloop
  endfacet
  facet normal 0 0 1
    outer loop
      vertex 2.410614639520645 1.5158892923167775 0.927
      vertex 2.7659410685300827 1.8358650037220547 0.927
      vertex 2.6032982170581818 1.8358650037220547 0.927
    endloop
  endfacet
  facet normal 0 0 1
    outer loop
      vertex 2.6032982170581818 1.8358650037220547 0.927
      vertex 2.7659410685300827 1.8358650037220547 0.927
      vertex 2.667378216981888 1.8472050034574101 0.927
    endloop
  endfacet
  facet normal 0 0 1
    outer loop
      vertex 2.667378216981888 1.8472050034574101 0.927
      vertex 2.7001189291477203 1.870309291141374 0.927
      vertex 2.667378216981888 1.870309291141374 0.927
    endloop
  endfacet
  facet normal 0 0 1
    outer loop
      vertex 2.7001189291477203 1.870309291141374 0.927
      vertex 2.667378216981888 1.8472050034574101 0.927
      vertex 2.7001189291477203 1.8472050034574101 0.927
    endloop
  endfacet
  facet normal 0 0 1
    outer loop
      vertex 2.7659410685300827 1.8358650037220547 0.927
      vertex 2.7001189291477203 1.8472050034574101 0.927
      vertex 2.667378216981888 1.8472050034574101 0.927
    endloop
  endfacet
  facet normal 0 0 1
    outer loop
      vertex 2.9712696447968483 1.3205892869404385 0.927
      vertex 2.9712696447968483 1.5132728570273946 0.927
      vertex 2.503468930721283 1.2857142889073918 0.927
    endloop
  endfacet
  facet normal 0 0 1
    outer loop
      vertex 3.148261070251465 1.2857142889073918 0.927
      vertex 3.5803124979138374 1.272201431649072 0.927
      vertex 3.148261070251465 1.3088185765913556 0.927
    endloop
  endfacet
  facet normal 0 0 1
    outer loop
      vertex 3.0554067865014076 1.3205892869404385 0.927
      vertex 3.148261070251465 1.3088185765913556 0.927
      vertex 3.3867610692977905 1.8358650037220547 0.927
    endloop
  endfacet
  facet normal 0 0 1
    outer loop
      vertex 3.0554067865014076 1.3205892869404385 0.927
      vertex 3.3867610692977905 1.8358650037220547 0.927
      vertex 3.0554067865014076 1.5158892923167775 0.927
    endloop
  endfacet
  facet normal 0 0 1
    outer loop
      vertex 3.3867610692977905 1.8358650037220547 0.927
      vertex 3.148261070251465 1.3088185765913556 0.927
      vertex 3.5803124979138374 1.272201431649072 0.927
    endloop
  endfacet
  facet normal 0 0 1
    outer loop
      vertex 3.036661073565483 1.5660192870668004 0.927
      vertex 2.9472910687327385 1.8472050034574101 0.927
      vertex 2.868823930621147 1.8358650037220547 0.927
    endloop
  endfacet
  facet normal 0 0 1
    outer loop
      vertex 3.036661073565483 1.5660192870668004 0.927
      vertex 3.1962117850780487 1.8358650037220547 0.927
      vertex 2.9472910687327385 1.8472050034574101 0.927
    endloop
  endfacet
  facet normal 0 0 1
    outer loop
      vertex 2.9472910687327385 1.8472050034574101 0.927
      vertex 3.122103214263916 1.870309291141374 0.927
      vertex 2.9472910687327385 1.870309291141374 0.927
    endloop
  endfacet
  facet normal 0 0 1
    outer loop
      vertex 3.122103214263916 1.870309291141374 0.927
      vertex 2.9472910687327385 1.8472050034574101 0.927
      vertex 3.122103214263916 1.8472050034574101 0.927
    endloop
  endfacet
  facet normal 0 0 1
    outer loop
      vertex 3.1962117850780487 1.8358650037220547 0.927
      vertex 3.122103214263916 1.8472050034574101 0.927
      vertex 2.9472910687327385 1.8472050034574101 0.927
    endloop
  endfacet
  facet normal 0 0 1
    outer loop
      vertex 2.667378216981888 1.870309291141374 0.927
      vertex 2.7001189291477203 1.870309291141374 0.927
      vertex 3.4916078597307205 2.594532860176904 0.927
    endloop
  endfacet
  facet normal 0 0 1
    outer loop
      vertex 2.9472910687327385 1.870309291141374 0.927
      vertex 3.4916078597307205 2.594532860176904 0.927
      vertex 2.7001189291477203 1.870309291141374 0.927
    endloop
  endfacet
  facet normal 0 0 1
    outer loop
      vertex 3.0554067865014076 1.5158892923167775 0.927
      vertex 3.3121703565120697 1.8472050034574101 0.927
      vertex 3.2480903565883636 1.8358650037220547 0.927
    endloop
  endfacet
  facet normal 0 0 1
    outer loop
      vertex 3.0554067865014076 1.5158892923167775 0.927
      vertex 3.3357567861676216 1.8472050034574101 0.927
      vertex 3.3121703565120697 1.8472050034574101 0.927
    endloop
  endfacet
  facet normal 0 0 1
    outer loop
      vertex 3.0554067865014076 1.5158892923167775 0.927
      vertex 3.3867610692977905 1.8358650037220547 0.927
      vertex 3.3357567861676216 1.8472050034574101 0.927
    endloop
  endfacet
  facet normal 0 0 1
    outer loop
      vertex 3.3121703565120697 1.8472050034574101 0.927
      vertex 3.3357567861676216 1.870309291141374 0.927
      vertex 3.3121703565120697 1.870309291141374 0.927
    endloop
  endfacet
  facet normal 0 0 1
    outer loop
      vertex 3.3357567861676216 1.870309291141374 0.927
      vertex 3.3121703565120697 1.8472050034574101 0.927
      vertex 3.3357567861676216 1.8472050034574101 0.927
    endloop
  endfacet
  facet normal 0 0 1
    outer loop
      vertex 2.9472910687327385 1.870309291141374 0.927
      vertex 3.122103214263916 1.870309291141374 0.927
      vertex 3.4916078597307205 2.57142857249294 0.927
    endloop
  endfacet
  facet normal 0 0 1
    outer loop
      vertex 3.3121703565120697 1.870309291141374 0.927
      vertex 3.4916078597307205 2.57142857249294 0.927
      vertex 3.122103214263916 1.870309291141374 0.927
    endloop
  endfacet
  facet normal 0 0 1
    outer loop
      vertex 0 0 0.927
      vertex 5.245267502963543 1.2857142889073918 0.927
      vertex 5.046046070754528 1.2857142889073918 0.927
    endloop
  endfacet
  facet normal 0 0 1
    outer loop
      vertex 0 0 0.927
      vertex 5.527321070432663 1.2857142889073918 0.927
      vertex 5.245267502963543 1.2857142889073918 0.927
    endloop
  endfacet
  facet normal 0 0 1
    outer loop
      vertex 0 0 0.927
      vertex 5.569608211517334 1.2857142889073918 0.927
      vertex 5.527321070432663 1.2857142889073918 0.927
    endloop
  endfacet
  facet normal 0 0 1
    outer loop
      vertex 0 0 0.927
      vertex 5.6908382177352905 1.2857142889073918 0.927
      vertex 5.569608211517334 1.2857142889073918 0.927
    endloop
  endfacet
  facet normal 0 0 1
    outer loop
      vertex 3.759052500128746 1.675009285765035 0.927
      vertex 3.6034232154488564 1.272201431649072 0.927
      vertex 3.9107539281249046 1.272201431649072 0.927
    endloop
  endfacet
  facet normal 0 0 1
    outer loop
      vertex 3.6121403574943542 1.4239092894962857 0.927
      vertex 3.5589567869901657 1.8472050034574101 0.927
      vertex 3.4730774983763695 1.8358650037220547 0.927
    endloop
  endfacet
  facet normal 0 0 1
    outer loop
      vertex 3.6121403574943542 1.4239092894962857 0.927
      vertex 3.769511789083481 1.8293271490505765 0.927
      vertex 3.5589567869901657 1.8472050034574101 0.927
    endloop
  endfacet
  facet normal 0 0 1
    outer loop
      vertex 3.5589567869901657 1.8472050034574101 0.927
      vertex 3.769511789083481 1.8293271490505765 0.927
      vertex 3.5589567869901657 1.870309291141374 0.927
    endloop
  endfacet
  facet normal 0 0 1
    outer loop
      vertex 3.3121703565120697 1.870309291141374 0.927
      vertex 3.3357567861676216 1.870309291141374 0.927
      vertex 3.4916078597307205 2.57142857249294 0.927
    endloop
  endfacet
  facet normal 0 0 1
    outer loop
      vertex 3.5589567869901657 1.870309291141374 0.927
      vertex 3.4916078597307205 2.57142857249294 0.927
      vertex 3.3357567861676216 1.870309291141374 0.927
    endloop
  endfacet
  facet normal 0 0 1
    outer loop
      vertex 3.9408332109451294 1.4239092894962857 0.927
      vertex 3.98225250095129 1.8472050034574101 0.927
      vertex 3.789131782948971 1.8293271490505765 0.927
    endloop
  endfacet
  facet normal 0 0 1
    outer loop
      vertex 3.98225250095129 1.870309291141374 0.927
      vertex 3.789131782948971 1.8293271490505765 0.927
      vertex 3.98225250095129 1.8472050034574101 0.927
    endloop
  endfacet
  facet normal 0 0 1
    outer loop
      vertex 3.5589567869901657 1.870309291141374 0.927
      vertex 3.769511789083481 1.8293271490505765 0.927
      vertex 3.6838607117533684 2.57142857249294 0.927
    endloop
  endfacet
  facet normal 0 0 1
    outer loop
      vertex 3.789131782948971 1.8293271490505765 0.927
      vertex 3.6838607117533684 2.57142857249294 0.927
      vertex 3.769511789083481 1.8293271490505765 0.927
    endloop
  endfacet
  facet normal 0 0 1
    outer loop
      vertex 3.789131782948971 1.8293271490505765 0.927
      vertex 3.98225250095129 1.870309291141374 0.927
      vertex 3.873927854001522 2.57142857249294 0.927
    endloop
  endfacet
  facet normal 0 0 1
    outer loop
      vertex 3.9338582158088684 1.272201431649072 0.927
      vertex 4.423033930361271 1.272201431649072 0.927
      vertex 4.229482501745224 1.8358650037220547 0.927
    endloop
  endfacet
  facet normal 0 0 1
    outer loop
      vertex 4.124799646437168 1.8358650037220547 0.927
      vertex 3.9338582158088684 1.272201431649072 0.927
      vertex 4.175803929567337 1.8472050034574101 0.927
    endloop
  endfacet
  facet normal 0 0 1
    outer loop
      vertex 3.9338582158088684 1.272201431649072 0.927
      vertex 4.1784782111644745 1.8472050034574101 0.927
      vertex 4.175803929567337 1.8472050034574101 0.927
    endloop
  endfacet
  facet normal 0 0 1
    outer loop
      vertex 4.1784782111644745 1.8472050034574101 0.927
      vertex 3.9338582158088684 1.272201431649072 0.927
      vertex 4.229482501745224 1.8358650037220547 0.927
    endloop
  endfacet
  facet normal 0 0 1
    outer loop
      vertex 3.9408332109451294 1.4239092894962857 0.927
      vertex 4.073358215391636 1.8358650037220547 0.927
      vertex 3.98225250095129 1.8472050034574101 0.927
    endloop
  endfacet
  facet normal 0 0 1
    outer loop
      vertex 4.175803929567337 1.8472050034574101 0.927
      vertex 4.1784782111644745 1.870309291141374 0.927
      vertex 4.175803929567337 1.870309291141374 0.927
    endloop
  endfacet
  facet normal 0 0 1
    outer loop
      vertex 4.1784782111644745 1.870309291141374 0.927
      vertex 4.175803929567337 1.8472050034574101 0.927
      vertex 4.1784782111644745 1.8472050034574101 0.927
    endloop
  endfacet
  facet normal 0 0 1
    outer loop
      vertex 4.175803929567337 1.870309291141374 0.927
      vertex 3.873927854001522 2.57142857249294 0.927
      vertex 3.98225250095129 1.870309291141374 0.927
    endloop
  endfacet
  facet normal 0 0 1
    outer loop
      vertex 4.175803929567337 1.870309291141374 0.927
      vertex 4.1784782111644745 1.870309291141374 0.927
      vertex 4.159073568880558 2.57142857249294 0.927
    endloop
  endfacet
  facet normal 0 0 1
    outer loop
      vertex 4.454861782491207 1.4239092894962857 0.927
      vertex 4.401678211987019 1.8472050034574101 0.927
      vertex 4.315798930823803 1.8358650037220547 0.927
    endloop
  endfacet
  facet normal 0 0 1
    outer loop
      vertex 4.454861782491207 1.4239092894962857 0.927
      vertex 4.612233214080334 1.8293271490505765 0.927
      vertex 4.401678211987019 1.8472050034574101 0.927
    endloop
  endfacet
  facet normal 0 0 1
    outer loop
      vertex 4.401678211987019 1.8472050034574101 0.927
      vertex 4.612233214080334 1.8293271490505765 0.927
      vertex 4.401678211987019 1.870309291141374 0.927
    endloop
  endfacet
  facet normal 0 0 1
    outer loop
      vertex 4.401678211987019 1.870309291141374 0.927
      vertex 4.159073568880558 2.57142857249294 0.927
      vertex 4.1784782111644745 1.870309291141374 0.927
    endloop
  endfacet
  facet normal 0 0 1
    outer loop
      vertex 2.3024989292025566 1.870309291141374 0.927
      vertex 2.8790742829442024 3.9258000009826253 0.927
      vertex 2.055326782166958 1.870309291141374 0.927
    endloop
  endfacet
  facet normal 0 0 1
    outer loop
      vertex 2.3024989292025566 1.870309291141374 0.927
      vertex 2.477311074733734 1.870309291141374 0.927
      vertex 2.974109463393688 3.867769283907754 0.927
    endloop
  endfacet
  facet normal 0 0 1
    outer loop
      vertex 2.667378216981888 1.870309291141374 0.927
      vertex 2.974109463393688 3.867769283907754 0.927
      vertex 2.477311074733734 1.870309291141374 0.927
    endloop
  endfacet
  facet normal 0 0 1
    outer loop
      vertex 2.8195682168006897 4.018710536616189 0.927
      vertex 2.055326782166958 1.870309291141374 0.927
      vertex 2.8790742829442024 3.9258000009826253 0.927
    endloop
  endfacet
  facet normal 0 0 1
    outer loop
      vertex 2.799732856452465 4.142680709915502 0.927
      vertex 2.055326782166958 1.870309291141374 0.927
      vertex 2.8195682168006897 4.018710536616189 0.927
    endloop
  endfacet
  facet normal 0 0 1
    outer loop
      vertex 2.8790742829442024 3.9258000009826253 0.927
      vertex 2.3024989292025566 1.870309291141374 0.927
      vertex 2.974109463393688 3.867769283907754 0.927
    endloop
  endfacet
  facet normal 0 0 1
    outer loop
      vertex 2.667378216981888 1.870309291141374 0.927
      vertex 3.4916078597307205 2.594532860176904 0.927
      vertex 3.10053214430809 3.8484257140329907 0.927
    endloop
  endfacet
  facet normal 0 0 1
    outer loop
      vertex 2.9472910687327385 1.870309291141374 0.927
      vertex 3.4916078597307205 2.57142857249294 0.927
      vertex 3.4916078597307205 2.594532860176904 0.927
    endloop
  endfacet
  facet normal 0 0 1
    outer loop
      vertex 2.667378216981888 1.870309291141374 0.927
      vertex 3.10053214430809 3.8484257140329907 0.927
      vertex 2.974109463393688 3.867769283907754 0.927
    endloop
  endfacet
  facet normal 0 0 1
    outer loop
      vertex 3.7570950016379356 3.1608192899397443 0.927
      vertex 3.207225538790226 3.855291424053056 0.927
      vertex 3.10053214430809 3.8484257140329907 0.927
    endloop
  endfacet
  facet normal 0 0 1
    outer loop
      vertex 3.390036426484585 3.8802471437624524 0.927
      vertex 3.306728571653366 3.875888569014413 0.927
      vertex 3.390036426484585 3.8571428560784886 0.927
    endloop
  endfacet
  facet normal 0 0 1
    outer loop
      vertex 3.010784462094307 3.8987726771405766 0.927
      vertex 3.2718535736203194 4.298310002045972 0.927
      vertex 2.944684289395809 3.9491228588989804 0.927
    endloop
  endfacet
  facet normal 0 0 1
    outer loop
      vertex 2.904304824769497 4.03130089278732 0.927
      vertex 3.2718535736203194 4.298310002045972 0.927
      vertex 2.890845000743866 4.143554998295648 0.927
    endloop
  endfacet
  facet normal 0 0 1
    outer loop
      vertex 2.944684289395809 3.9491228588989804 0.927
      vertex 3.2718535736203194 4.298310002045972 0.927
      vertex 2.904304824769497 4.03130089278732 0.927
    endloop
  endfacet
  facet normal 0 0 1
    outer loop
      vertex 2.890845000743866 4.143554998295648 0.927
      vertex 3.2718535736203194 4.298310002045972 0.927
      vertex 2.903705358505249 4.263653566794736 0.927
    endloop
  endfacet
  facet normal 0 0 1
    outer loop
      vertex 2.903705358505249 4.263653566794736 0.927
      vertex 3.2718535736203194 4.298310002045972 0.927
      vertex 2.942286431789398 4.347572138266904 0.927
    endloop
  endfacet
  facet normal 0 0 1
    outer loop
      vertex 2.942286431789398 4.347572138266904 0.927
      vertex 3.2718535736203194 4.298310002045972 0.927
      vertex 3.008876785635948 4.396943567054612 0.927
    endloop
  endfacet
  facet normal 0 0 1
    outer loop
      vertex 3.1014064252376556 3.8819892832211087 0.927
      vertex 3.2718535736203194 4.298310002045972 0.927
      vertex 3.010784462094307 3.8987726771405766 0.927
    endloop
  endfacet
  facet normal 0 0 1
    outer loop
      vertex 3.149683393537998 3.8849866070917676 0.927
      vertex 3.3006278574466705 4.298310002045972 0.927
      vertex 3.1014064252376556 3.8819892832211087 0.927
    endloop
  endfacet
  facet normal 0 0 1
    outer loop
      vertex 3.1951285749673843 3.8939785712531636 0.927
      vertex 3.3006278574466705 4.298310002045972 0.927
      vertex 3.149683393537998 3.8849866070917676 0.927
    endloop
  endfacet
  facet normal 0 0 1
    outer loop
      vertex 3.1014064252376556 3.8819892832211087 0.927
      vertex 3.3006278574466705 4.298310002045972 0.927
      vertex 3.2718535736203194 4.298310002045972 0.927
    endloop
  endfacet
  facet normal 0 0 1
    outer loop
      vertex 3.2345807179808617 3.907983211534364 0.927
      vertex 3.3006278574466705 4.298310002045972 0.927
      vertex 3.1951285749673843 3.8939785712531636 0.927
    endloop
  endfacet
  facet normal 0 0 1
    outer loop
      vertex 3.264878571033478 3.9260185712150166 0.927
      vertex 3.3006278574466705 4.298310002045972 0.927
      vertex 3.2345807179808617 3.907983211534364 0.927
    endloop
  endfacet
  facet normal 0 0 1
    outer loop
      vertex 3.264878571033478 3.9260185712150166 0.927
      vertex 3.2810078561306 4.013209281223161 0.927
      vertex 3.3006278574466705 4.298310002045972 0.927
    endloop
  endfacet
  facet normal 0 0 1
    outer loop
      vertex 3.3093449994921684 4.013209281223161 0.927
      vertex 3.3843664303421974 4.418633570628507 0.927
      vertex 3.2810078561306 4.013209281223161 0.927
    endloop
  endfacet
  facet normal 0 0 1
    outer loop
      vertex 3.306728571653366 3.875888569014413 0.927
      vertex 3.4593492820858955 4.4072935708931515 0.927
      vertex 3.3093449994921684 4.013209281223161 0.927
    endloop
  endfacet
  facet normal 0 0 1
    outer loop
      vertex 3.008876785635948 4.396943567054612 0.927
      vertex 3.2718535736203194 4.298310002045972 0.927
      vertex 3.105764999985695 4.413400714950902 0.927
    endloop
  endfacet
  facet normal 0 0 1
    outer loop
      vertex 3.105764999985695 4.413400714950902 0.927
      vertex 3.2718535736203194 4.298310002045972 0.927
      vertex 3.1472325026988983 4.410838929670198 0.927
    endloop
  endfacet
  facet normal 0 0 1
    outer loop
      vertex 3.1472325026988983 4.410838929670198 0.927
      vertex 3.2718535736203194 4.298310002045972 0.927
      vertex 3.1879350021481514 4.403153573828084 0.927
    endloop
  endfacet
  facet normal 0 0 1
    outer loop
      vertex 3.1879350021481514 4.403153573828084 0.927
      vertex 3.2587778568267822 4.374167142169816 0.927
      vertex 3.2258089259266853 4.390786608414991 0.927
    endloop
  endfacet
  facet normal 0 0 1
    outer loop
      vertex 3.2587778568267822 4.374167142169816 0.927
      vertex 3.1879350021481514 4.403153573828084 0.927
      vertex 3.2718535736203194 4.298310002045972 0.927
    endloop
  endfacet
  facet normal 0 0 1
    outer loop
      vertex 3.2810078561306 4.013209281223161 0.927
      vertex 3.3843664303421974 4.418633570628507 0.927
      vertex 3.3006278574466705 4.298310002045972 0.927
    endloop
  endfacet
  facet normal 0 0 1
    outer loop
      vertex 3.3006278574466705 4.298310002045972 0.927
      vertex 3.3843664303421974 4.418633570628507 0.927
      vertex 3.298011429607868 4.426039283829076 0.927
    endloop
  endfacet
  facet normal 0 0 1
    outer loop
      vertex 3.3843664303421974 4.441737858312471 0.927
      vertex 3.298011429607868 4.426039283829076 0.927
      vertex 3.3843664303421974 4.418633570628507 0.927
    endloop
  endfacet
  facet normal 0 0 1
    outer loop
      vertex 3.4916078597307205 2.57142857249294 0.927
      vertex 3.5589567869901657 1.870309291141374 0.927
      vertex 3.6838607117533684 2.57142857249294 0.927
    endloop
  endfacet
  facet normal 0 0 1
    outer loop
      vertex 3.5578735694289207 2.606303570525987 0.927
      vertex 3.7570950016379356 3.1608192899397443 0.927
      vertex 3.4916078597307205 2.594532860176904 0.927
    endloop
  endfacet
  facet normal 0 0 1
    outer loop
      vertex 3.789131782948971 1.8293271490505765 0.927
      vertex 3.873927854001522 2.57142857249294 0.927
      vertex 3.6838607117533684 2.57142857249294 0.927
    endloop
  endfacet
  facet normal 0 0 1
    outer loop
      vertex 3.605387143790722 2.606303570525987 0.927
      vertex 3.6838607117533684 2.594532860176904 0.927
      vertex 3.873927854001522 2.594532860176904 0.927
    endloop
  endfacet
  facet normal 0 0 1
    outer loop
      vertex 3.605387143790722 2.606303570525987 0.927
      vertex 3.873927854001522 2.594532860176904 0.927
      vertex 3.6642407178878784 2.7750085719994138 0.927
    endloop
  endfacet
  facet normal 0 0 1
    outer loop
      vertex 3.6838607117533684 2.57142857249294 0.927
      vertex 3.873927854001522 2.594532860176904 0.927
      vertex 3.6838607117533684 2.594532860176904 0.927
    endloop
  endfacet
  facet normal 0 0 1
    outer loop
      vertex 3.873927854001522 2.594532860176904 0.927
      vertex 3.6838607117533684 2.57142857249294 0.927
      vertex 3.873927854001522 2.57142857249294 0.927
    endloop
  endfacet
  facet normal 0 0 1
    outer loop
      vertex 3.6642407178878784 2.7750085719994138 0.927
      vertex 3.873927854001522 2.594532860176904 0.927
      vertex 3.952394999563694 2.606303570525987 0.927
    endloop
  endfacet
  facet normal 0 0 1
    outer loop
      vertex 3.6642407178878784 2.7750085719994138 0.927
      vertex 3.952394999563694 2.606303570525987 0.927
      vertex 3.8944157138466835 2.7750085719994138 0.927
    endloop
  endfacet
  facet normal 0 0 1
    outer loop
      vertex 3.7570950016379356 3.1608192899397443 0.927
      vertex 3.10053214430809 3.8484257140329907 0.927
      vertex 3.4916078597307205 2.594532860176904 0.927
    endloop
  endfacet
  facet normal 0 0 1
    outer loop
      vertex 3.677316427230835 2.814248574631555 0.927
      vertex 3.8809028565883636 2.814248574631555 0.927
      vertex 3.7775828540325165 3.098044289009912 0.927
    endloop
  endfacet
  facet normal 0 0 1
    outer loop
      vertex 4.175803929567337 1.870309291141374 0.927
      vertex 4.121106430888176 2.57142857249294 0.927
      vertex 3.873927854001522 2.57142857249294 0.927
    endloop
  endfacet
  facet normal 0 0 1
    outer loop
      vertex 4.175803929567337 1.870309291141374 0.927
      vertex 4.159073568880558 2.57142857249294 0.927
      vertex 4.121106430888176 2.57142857249294 0.927
    endloop
  endfacet
  facet normal 0 0 1
    outer loop
      vertex 4.159073568880558 2.594532860176904 0.927
      vertex 4.121106430888176 2.57142857249294 0.927
      vertex 4.159073568880558 2.57142857249294 0.927
    endloop
  endfacet
  facet normal 0 0 1
    outer loop
      vertex 4.121106430888176 2.57142857249294 0.927
      vertex 4.159073568880558 2.594532860176904 0.927
      vertex 4.121106430888176 2.594532860176904 0.927
    endloop
  endfacet
  facet normal 0 0 1
    outer loop
      vertex 4.121106430888176 2.594532860176904 0.927
      vertex 4.228386431932449 3.121579287307603 0.927
      vertex 4.046991430222988 2.606303570525987 0.927
    endloop
  endfacet
  facet normal 0 0 1
    outer loop
      vertex 4.228386431932449 3.121579287307603 0.927
      vertex 4.121106430888176 2.594532860176904 0.927
      vertex 4.159073568880558 2.594532860176904 0.927
    endloop
  endfacet
  facet normal 0 0 1
    outer loop
      vertex 4.228386431932449 2.606303570525987 0.927
      vertex 4.228386431932449 3.121579287307603 0.927
      vertex 4.159073568880558 2.594532860176904 0.927
    endloop
  endfacet
  facet normal 0 0 1
    outer loop
      vertex 4.159073568880558 2.57142857249294 0.927
      vertex 4.401678211987019 1.870309291141374 0.927
      vertex 4.401012860238552 2.57142857249294 0.927
    endloop
  endfacet
  facet normal 0 0 1
    outer loop
      vertex 4.401678211987019 1.870309291141374 0.927
      vertex 4.5819321423769 2.57142857249294 0.927
      vertex 4.401012860238552 2.57142857249294 0.927
    endloop
  endfacet
  facet normal 0 0 1
    outer loop
      vertex 4.312523573637009 2.606303570525987 0.927
      vertex 4.401012860238552 2.594532860176904 0.927
      vertex 4.312523573637009 2.8277614318898747 0.927
    endloop
  endfacet
  facet normal 0 0 1
    outer loop
      vertex 4.401012860238552 2.57142857249294 0.927
      vertex 4.5819321423769 2.57142857249294 0.927
      vertex 4.401012860238552 2.594532860176904 0.927
    endloop
  endfacet
  facet normal 0 0 1
    outer loop
      vertex 4.417579285800457 2.8277614318898747 0.927
      vertex 4.401012860238552 2.594532860176904 0.927
      vertex 4.5819321423769 2.57142857249294 0.927
    endloop
  endfacet
  facet normal 0 0 1
    outer loop
      vertex 4.312523573637009 2.8277614318898747 0.927
      vertex 4.401012860238552 2.594532860176904 0.927
      vertex 4.417579285800457 2.8277614318898747 0.927
    endloop
  endfacet
  facet normal 0 0 1
    outer loop
      vertex 4.046991430222988 2.606303570525987 0.927
      vertex 4.153403572738171 3.1329192870429585 0.927
      vertex 3.8399207144975662 3.1608192899397443 0.927
    endloop
  endfacet
  facet normal 0 0 1
    outer loop
      vertex 4.046991430222988 2.606303570525987 0.927
      vertex 4.228386431932449 3.121579287307603 0.927
      vertex 4.153403572738171 3.1329192870429585 0.927
    endloop
  endfacet
  facet normal 0 0 1
    outer loop
      vertex 3.8399207144975662 3.1608192899397443 0.927
      vertex 4.153403572738171 3.1329192870429585 0.927
      vertex 4.153403572738171 3.1560235747269223 0.927
    endloop
  endfacet
  facet normal 0 0 1
    outer loop
      vertex 4.387062855064869 3.116783572094781 0.927
      vertex 4.312523573637009 3.116783572094781 0.927
      vertex 4.312523573637009 2.8669950046709607 0.927
    endloop
  endfacet
  facet normal 0 0 1
    outer loop
      vertex 4.456322677433491 3.1097539269498418 0.927
      vertex 4.312523573637009 2.8669950046709607 0.927
      vertex 4.389679282903671 2.8669950046709607 0.927
    endloop
  endfacet
  facet normal 0 0 1
    outer loop
      vertex 4.389679282903671 2.8669950046709607 0.927
      vertex 4.456433571875095 2.8742416107228825 0.927
      vertex 4.525418572127819 3.050905180828912 0.927
    endloop
  endfacet
  facet normal 0 0 1
    outer loop
      vertex 4.456433571875095 2.8742416107228825 0.927
      vertex 4.500623568892479 2.895981428878648 0.927
      vertex 4.525309287011623 2.934945000069482 0.927
    endloop
  endfacet
  facet normal 0 0 1
    outer loop
      vertex 4.456322677433491 3.1097539269498418 0.927
      vertex 4.387062855064869 3.116783572094781 0.927
      vertex 4.312523573637009 2.8669950046709607 0.927
    endloop
  endfacet
  facet normal 0 0 1
    outer loop
      vertex 4.389679282903671 2.8669950046709607 0.927
      vertex 4.501060716807842 3.088664998965604 0.927
      vertex 4.456322677433491 3.1097539269498418 0.927
    endloop
  endfacet
  facet normal 0 0 1
    outer loop
      vertex 4.389679282903671 2.8669950046709607 0.927
      vertex 4.525418572127819 3.050905180828912 0.927
      vertex 4.501060716807842 3.088664998965604 0.927
    endloop
  endfacet
  facet normal 0 0 1
    outer loop
      vertex 3.207225538790226 3.855291424053056 0.927
      vertex 3.7570950016379356 3.1608192899397443 0.927
      vertex 3.306728571653366 3.875888569014413 0.927
    endloop
  endfacet
  facet normal 0 0 1
    outer loop
      vertex 3.306728571653366 3.875888569014413 0.927
      vertex 3.7570950016379356 3.1608192899397443 0.927
      vertex 3.390036426484585 3.8571428560784886 0.927
    endloop
  endfacet
  facet normal 0 0 1
    outer loop
      vertex 3.390036426484585 3.8571428560784886 0.927
      vertex 3.7570950016379356 3.1608192899397443 0.927
      vertex 3.6363407149910927 3.8571428560784886 0.927
    endloop
  endfacet
  facet normal 0 0 1
    outer loop
      vertex 3.4593492820858955 3.8920178541115353 0.927
      vertex 3.306728571653366 3.875888569014413 0.927
      vertex 3.390036426484585 3.8802471437624524 0.927
    endloop
  endfacet
  facet normal 0 0 1
    outer loop
      vertex 3.8399207144975662 3.1608192899397443 0.927
      vertex 3.6363407149910927 3.8571428560784886 0.927
      vertex 3.7570950016379356 3.1608192899397443 0.927
    endloop
  endfacet
  facet normal 0 0 1
    outer loop
      vertex 3.8399207144975662 3.1608192899397443 0.927
      vertex 3.8809285685420036 3.8571428560784886 0.927
      vertex 3.6363407149910927 3.8571428560784886 0.927
    endloop
  endfacet
  facet normal 0 0 1
    outer loop
      vertex 3.8399207144975662 3.1608192899397443 0.927
      vertex 4.0801500007510185 3.8571428560784886 0.927
      vertex 3.8809285685420036 3.8571428560784886 0.927
    endloop
  endfacet
  facet normal 0 0 1
    outer loop
      vertex 3.6363407149910927 3.8571428560784886 0.927
      vertex 3.8809285685420036 3.8802471437624524 0.927
      vertex 3.6363407149910927 3.8802471437624524 0.927
    endloop
  endfacet
  facet normal 0 0 1
    outer loop
      vertex 3.8809285685420036 3.8802471437624524 0.927
      vertex 3.6363407149910927 3.8571428560784886 0.927
      vertex 3.8809285685420036 3.8571428560784886 0.927
    endloop
  endfacet
  facet normal 0 0 1
    outer loop
      vertex 3.4593492820858955 3.8920178541115353 0.927
      vertex 3.4593492820858955 4.4072935708931515 0.927
      vertex 3.306728571653366 3.875888569014413 0.927
    endloop
  endfacet
  facet normal 0 0 1
    outer loop
      vertex 3.5434864312410355 3.8920178541115353 0.927
      vertex 3.6363407149910927 3.8802471437624524 0.927
      vertex 3.5434864312410355 4.086443571107728 0.927
    endloop
  endfacet
  facet normal 0 0 1
    outer loop
      vertex 3.5434864312410355 4.086443571107728 0.927
      vertex 3.6363407149910927 3.8802471437624524 0.927
      vertex 3.609308570623398 4.086443571107728 0.927
    endloop
  endfacet
  facet normal 0 0 1
    outer loop
      vertex 3.609308570623398 4.086443571107728 0.927
      vertex 3.6363407149910927 3.8802471437624524 0.927
      vertex 3.6990594640374184 4.0981049963406155 0.927
    endloop
  endfacet
  facet normal 0 0 1
    outer loop
      vertex 3.5888207107782364 4.125683573739869 0.927
      vertex 3.6528476774692535 4.134074462311609 0.927
      vertex 3.5434864312410355 4.125683573739869 0.927
    endloop
  endfacet
  facet normal 0 0 1
    outer loop
      vertex 3.6528476774692535 4.134074462311609 0.927
      vertex 3.697585716843605 4.159247142927987 0.927
      vertex 3.5434864312410355 4.125683573739869 0.927
    endloop
  endfacet
  facet normal 0 0 1
    outer loop
      vertex 3.697585716843605 4.159247142927987 0.927
      vertex 3.7239058911800385 4.203387317912919 0.927
      vertex 3.5434864312410355 4.125683573739869 0.927
    endloop
  endfacet
  facet normal 0 0 1
    outer loop
      vertex 3.4593492820858955 4.4072935708931515 0.927
      vertex 3.3843664303421974 4.418633570628507 0.927
      vertex 3.3093449994921684 4.013209281223161 0.927
    endloop
  endfacet
  facet normal 0 0 1
    outer loop
      vertex 3.586204282939434 4.40249785568033 0.927
      vertex 3.5434864312410355 4.40249785568033 0.927
      vertex 3.5434864312410355 4.125683573739869 0.927
    endloop
  endfacet
  facet normal 0 0 1
    outer loop
      vertex 3.724286787211895 4.3303516038826535 0.927
      vertex 3.69910928606987 4.371544284479959 0.927
      vertex 3.5434864312410355 4.125683573739869 0.927
    endloop
  endfacet
  facet normal 0 0 1
    outer loop
      vertex 3.654101252555847 4.394759466605527 0.927
      vertex 3.586204282939434 4.40249785568033 0.927
      vertex 3.5434864312410355 4.125683573739869 0.927
    endloop
  endfacet
  facet normal 0 0 1
    outer loop
      vertex 3.69910928606987 4.371544284479959 0.927
      vertex 3.654101252555847 4.394759466605527 0.927
      vertex 3.5434864312410355 4.125683573739869 0.927
    endloop
  endfacet
  facet normal 0 0 1
    outer loop
      vertex 3.6363407149910927 3.8802471437624524 0.927
      vertex 3.8809285685420036 3.8802471437624524 0.927
      vertex 3.6990594640374184 4.0981049963406155 0.927
    endloop
  endfacet
  facet normal 0 0 1
    outer loop
      vertex 3.6990594640374184 4.0981049963406155 0.927
      vertex 3.8809285685420036 3.8802471437624524 0.927
      vertex 3.765156425535679 4.1330892869404385 0.927
    endloop
  endfacet
  facet normal 0 0 1
    outer loop
      vertex 3.7239058911800385 4.203387317912919 0.927
      vertex 3.732679285109043 4.26866785969053 0.927
      vertex 3.5434864312410355 4.125683573739869 0.927
    endloop
  endfacet
  facet normal 0 0 1
    outer loop
      vertex 3.765156425535679 4.1330892869404385 0.927
      vertex 3.9559114277362823 3.8920178541115353 0.927
      vertex 3.8058637529611588 4.190525358276708 0.927
    endloop
  endfacet
  facet normal 0 0 1
    outer loop
      vertex 3.9559114277362823 3.8920178541115353 0.927
      vertex 3.765156425535679 4.1330892869404385 0.927
      vertex 3.8809285685420036 3.8802471437624524 0.927
    endloop
  endfacet
  facet normal 0 0 1
    outer loop
      vertex 3.8058637529611588 4.190525358276708 0.927
      vertex 3.9559114277362823 3.8920178541115353 0.927
      vertex 3.819432854652405 4.2695421406200955 0.927
    endloop
  endfacet
  facet normal 0 0 1
    outer loop
      vertex 3.9559114277362823 3.8920178541115353 0.927
      vertex 3.9559114277362823 4.4072935708931515 0.927
      vertex 3.819432854652405 4.2695421406200955 0.927
    endloop
  endfacet
  facet normal 0 0 1
    outer loop
      vertex 3.732679285109043 4.26866785969053 0.927
      vertex 3.724286787211895 4.3303516038826535 0.927
      vertex 3.5434864312410355 4.125683573739869 0.927
    endloop
  endfacet
  facet normal 0 0 1
    outer loop
      vertex 3.819432854652405 4.2695421406200955 0.927
      vertex 3.8809285685420036 4.418633570628507 0.927
      vertex 3.7658121436834335 4.398688925164087 0.927
    endloop
  endfacet
  facet normal 0 0 1
    outer loop
      vertex 3.8809285685420036 4.441737858312471 0.927
      vertex 3.7658121436834335 4.398688925164087 0.927
      vertex 3.8809285685420036 4.418633570628507 0.927
    endloop
  endfacet
  facet normal 0 0 1
    outer loop
      vertex 3.8809285685420036 4.418633570628507 0.927
      vertex 3.819432854652405 4.2695421406200955 0.927
      vertex 3.9559114277362823 4.4072935708931515 0.927
    endloop
  endfacet
  facet normal 0 0 1
    outer loop
      vertex 3.8399207144975662 3.1608192899397443 0.927
      vertex 4.153403572738171 3.1560235747269223 0.927
      vertex 4.0801500007510185 3.8571428560784886 0.927
    endloop
  endfacet
  facet normal 0 0 1
    outer loop
      vertex 4.0801500007510185 3.8571428560784886 0.927
      vertex 4.153403572738171 3.1560235747269223 0.927
      vertex 4.4058085680007935 3.1560235747269223 0.927
    endloop
  endfacet
  facet normal 0 0 1
    outer loop
      vertex 4.0801500007510185 3.8571428560784886 0.927
      vertex 4.3622035682201385 3.8571428560784886 0.927
      vertex 4.0801500007510185 3.8802471437624524 0.927
    endloop
  endfacet
  facet normal 0 0 1
    outer loop
      vertex 4.0801500007510185 3.8571428560784886 0.927
      vertex 4.4058085680007935 3.1560235747269223 0.927
      vertex 4.3622035682201385 3.8571428560784886 0.927
    endloop
  endfacet
  facet normal 0 0 1
    outer loop
      vertex 4.501279287040234 3.1467583903244565 0.927
      vertex 4.40449071675539 3.8571428560784886 0.927
      vertex 4.4058085680007935 3.1560235747269223 0.927
    endloop
  endfacet
  facet normal 0 0 1
    outer loop
      vertex 4.3622035682201385 3.8571428560784886 0.927
      vertex 4.4058085680007935 3.1560235747269223 0.927
      vertex 4.40449071675539 3.8571428560784886 0.927
    endloop
  endfacet
  facet normal 0 0 1
    outer loop
      vertex 4.0801500007510185 3.8802471437624524 0.927
      vertex 4.001682855188847 4.382884284215314 0.927
      vertex 4.001682855188847 3.8920178541115353 0.927
    endloop
  endfacet
  facet normal 0 0 1
    outer loop
      vertex 4.0801500007510185 3.8802471437624524 0.927
      vertex 4.3622035682201385 3.8571428560784886 0.927
      vertex 4.001682855188847 4.382884284215314 0.927
    endloop
  endfacet
  facet normal 0 0 1
    outer loop
      vertex 4.280245713889599 4.441737858312471 0.927
      vertex 4.057920001447201 4.441737858312471 0.927
      vertex 4.280245713889599 4.418633570628507 0.927
    endloop
  endfacet
  facet normal 0 0 1
    outer loop
      vertex 4.536617144942284 4.142680709915502 0.927
      vertex 4.40449071675539 3.8571428560784886 0.927
      vertex 4.556452497839928 4.018710536616189 0.927
    endloop
  endfacet
  facet normal 0 0 1
    outer loop
      vertex 4.40449071675539 3.8571428560784886 0.927
      vertex 4.536617144942284 4.142680709915502 0.927
      vertex 4.555689103901386 4.2751510718039105 0.927
    endloop
  endfacet
  facet normal 0 0 1
    outer loop
      vertex 4.40449071675539 3.8571428560784886 0.927
      vertex 4.555689103901386 4.2751510718039105 0.927
      vertex 4.40449071675539 4.4072935708931515 0.927
    endloop
  endfacet
  facet normal 0 0 1
    outer loop
      vertex 4.358712859451771 4.008850713925702 0.927
      vertex 4.280245713889599 4.418633570628507 0.927
      vertex 4.057920001447201 4.441737858312471 0.927
    endloop
  endfacet
  facet normal 0 0 1
    outer loop
      vertex 4.358712859451771 4.008850713925702 0.927
      vertex 4.358712859451771 4.4072935708931515 0.927
      vertex 4.280245713889599 4.418633570628507 0.927
    endloop
  endfacet
  facet normal 0 0 1
    outer loop
      vertex 4.40449071675539 4.4072935708931515 0.927
      vertex 4.555689103901386 4.2751510718039105 0.927
      vertex 4.479473568499088 4.418633570628507 0.927
    endloop
  endfacet
  facet normal -1 0 0
    outer loop
      vertex 0 0 0
      vertex 0 9 0.927
      vertex 0 9 0
    endloop
  endfacet
  facet normal 0 0 -1
    outer loop
      vertex 0 0 0
      vertex 0 9 0
      vertex 9 9 0
    endloop
  endfacet
  facet normal 0 1 0
    outer loop
      vertex 0 9 0
      vertex 0 9 0.927
      vertex 9 9 0
    endloop
  endfacet
  facet normal 0 0 1
    outer loop
      vertex 0 0 0.927
      vertex 0.7433400005102158 7.732568574803216 0.927
      vertex 0.6756760701537132 7.8352553599647115 0.927
    endloop
  endfacet
  facet normal 0 0 1
    outer loop
      vertex 0 0 0.927
      vertex 0.8450335711240768 7.661953931408269 0.927
      vertex 0.7433400005102158 7.732568574803216 0.927
    endloop
  endfacet
  facet normal 0 0 1
    outer loop
      vertex 0 0 0.927
      vertex 0.6756760701537132 7.8352553599647115 0.927
      vertex 0.6531214267015457 7.954932858901365 0.927
    endloop
  endfacet
  facet normal 0 0 1
    outer loop
      vertex 0 0 0.927
      vertex 1.5768430680036545 6.470159148531301 0.927
      vertex 0.8450335711240768 7.661953931408269 0.927
    endloop
  endfacet
  facet normal 0 0 1
    outer loop
      vertex 0 0 0.927
      vertex 0.6531214267015457 7.954932858901365 0.927
      vertex 0 9 0.927
    endloop
  endfacet
  facet normal 0 0 1
    outer loop
      vertex 1.5768430680036545 6.428571430700166 0.927
      vertex 2.799732856452465 5.42839499350105 0.927
      vertex 1.935441642999649 6.428571430700166 0.927
    endloop
  endfacet
  facet normal 0 0 1
    outer loop
      vertex 1.935441642999649 6.428571430700166 0.927
      vertex 2.1794830709695816 6.428571430700166 0.927
      vertex 1.935441642999649 6.470159148531301 0.927
    endloop
  endfacet
  facet normal 0 0 1
    outer loop
      vertex 1.794200785458088 7.333318290965898 0.927
      vertex 1.935441642999649 6.470159148531301 0.927
      vertex 2.1794830709695816 6.428571430700166 0.927
    endloop
  endfacet
  facet normal 0 0 1
    outer loop
      vertex 0 9 0.927
      vertex 0.6531214267015457 7.954932858901365 0.927
      vertex 0.6760039255023003 8.0778503545693 0.927
    endloop
  endfacet
  facet normal 0 0 1
    outer loop
      vertex 0 9 0.927
      vertex 0.6760039255023003 8.0778503545693 0.927
      vertex 0.7446514219045639 8.17984285737787 0.927
    endloop
  endfacet
  facet normal 0 0 1
    outer loop
      vertex 0 9 0.927
      vertex 0.7446514219045639 8.17984285737787 0.927
      vertex 0.8466728553175926 8.248519284384592 0.927
    endloop
  endfacet
  facet normal 0 0 1
    outer loop
      vertex 0 9 0.927
      vertex 0.8466728553175926 8.248519284384592 0.927
      vertex 0.9695999994874 8.27141143168722 0.927
    endloop
  endfacet
  facet normal 0 0 1
    outer loop
      vertex 0 9 0.927
      vertex 0.9695999994874 8.27141143168722 0.927
      vertex 1.0925174951553345 8.248519284384592 0.927
    endloop
  endfacet
  facet normal 0 0 1
    outer loop
      vertex 0.8450335711240768 7.661953931408269 0.927
      vertex 1.5768430680036545 6.470159148531301 0.927
      vertex 0.9695999994874 7.63841571445976 0.927
    endloop
  endfacet
  facet normal 0 0 1
    outer loop
      vertex 0.9695999994874 7.63841571445976 0.927
      vertex 1.71181221306324 6.4913464316299985 0.927
      vertex 1.0941567793488503 7.661953931408269 0.927
    endloop
  endfacet
  facet normal 0 0 1
    outer loop
      vertex 1.71181221306324 6.4913464316299985 0.927
      vertex 1.195821426808834 7.732568574803216 0.927
      vertex 1.0941567793488503 7.661953931408269 0.927
    endloop
  endfacet
  facet normal 0 0 1
    outer loop
      vertex 1.71181221306324 6.4913464316299985 0.927
      vertex 0.9695999994874 7.63841571445976 0.927
      vertex 1.5768430680036545 6.470159148531301 0.927
    endloop
  endfacet
  facet normal 0 0 1
    outer loop
      vertex 1.195821426808834 7.732568574803216 0.927
      vertex 1.71181221306324 6.4913464316299985 0.927
      vertex 1.5768430680036545 7.439254713909967 0.927
    endloop
  endfacet
  facet normal 0 0 1
    outer loop
      vertex 1.71181221306324 6.4913464316299985 0.927
      vertex 1.71181221306324 7.418842715876443 0.927
      vertex 1.5768430680036545 7.439254713909967 0.927
    endloop
  endfacet
  facet normal 0 0 1
    outer loop
      vertex 1.195821426808834 7.732568574803216 0.927
      vertex 1.5768430680036545 7.4808424317411015 0.927
      vertex 1.2635142803192139 7.8352553599647115 0.927
    endloop
  endfacet
  facet normal 0 0 1
    outer loop
      vertex 1.195821426808834 7.732568574803216 0.927
      vertex 1.5768430680036545 7.439254713909967 0.927
      vertex 1.5768430680036545 7.4808424317411015 0.927
    endloop
  endfacet
  facet normal 0 0 1
    outer loop
      vertex 1.2635142803192139 7.8352553599647115 0.927
      vertex 1.895427644252777 7.4808424317411015 0.927
      vertex 1.2860785648226738 7.954932858901365 0.927
    endloop
  endfacet
  facet normal 0 0 1
    outer loop
      vertex 1.2635142803192139 7.8352553599647115 0.927
      vertex 1.5768430680036545 7.4808424317411015 0.927
      vertex 1.895427644252777 7.4808424317411015 0.927
    endloop
  endfacet
  facet normal 0 0 1
    outer loop
      vertex 1.935441642999649 6.470159148531301 0.927
      vertex 1.794200785458088 7.333318290965898 0.927
      vertex 1.794200785458088 6.4913464316299985 0.927
    endloop
  endfacet
  facet normal 0 0 1
    outer loop
      vertex 2.2375485002994537 6.680458290236337 0.927
      vertex 2.6110626459121704 7.4808424317411015 0.927
      vertex 1.895427644252777 7.4808424317411015 0.927
    endloop
  endfacet
  facet normal 0 0 1
    outer loop
      vertex 1.2860785648226738 7.954932858901365 0.927
      vertex 2.6110626459121704 7.4808424317411015 0.927
      vertex 1.2631864249706268 8.0778503545693 0.927
    endloop
  endfacet
  facet normal 0 0 1
    outer loop
      vertex 1.2860785648226738 7.954932858901365 0.927
      vertex 1.895427644252777 7.4808424317411015 0.927
      vertex 2.6110626459121704 7.4808424317411015 0.927
    endloop
  endfacet
  facet normal 0 0 1
    outer loop
      vertex 2.9123826399445534 7.4808424317411015 0.927
      vertex 1.1945099979639053 8.17984285737787 0.927
      vertex 2.6110626459121704 7.4808424317411015 0.927
    endloop
  endfacet
  facet normal 0 0 1
    outer loop
      vertex 1.2631864249706268 8.0778503545693 0.927
      vertex 2.6110626459121704 7.4808424317411015 0.927
      vertex 1.1945099979639053 8.17984285737787 0.927
    endloop
  endfacet
  facet normal 0 0 1
    outer loop
      vertex 2.8188048228621483 4.2751510718039105 0.927
      vertex 1.5768430680036545 6.428571430700166 0.927
      vertex 2.799732856452465 4.142680709915502 0.927
    endloop
  endfacet
  facet normal 0 0 1
    outer loop
      vertex 2.8760207146406174 4.370894996183259 0.927
      vertex 1.5768430680036545 6.428571430700166 0.927
      vertex 2.8188048228621483 4.2751510718039105 0.927
    endloop
  endfacet
  facet normal 0 0 1
    outer loop
      vertex 2.8760207146406174 4.370894996183259 0.927
      vertex 2.8195682168006897 5.304424820201738 0.927
      vertex 1.5768430680036545 6.428571430700166 0.927
    endloop
  endfacet
  facet normal 0 0 1
    outer loop
      vertex 2.9707312509417534 4.4289305337837765 0.927
      vertex 2.8790742829442024 5.211514284568174 0.927
      vertex 2.8760207146406174 4.370894996183259 0.927
    endloop
  endfacet
  facet normal 0 0 1
    outer loop
      vertex 2.8760207146406174 4.370894996183259 0.927
      vertex 2.8790742829442024 5.211514284568174 0.927
      vertex 2.8195682168006897 5.304424820201738 0.927
    endloop
  endfacet
  facet normal 0 0 1
    outer loop
      vertex 2.9707312509417534 4.4289305337837765 0.927
      vertex 2.974109463393688 5.153483567493303 0.927
      vertex 2.8790742829442024 5.211514284568174 0.927
    endloop
  endfacet
  facet normal 0 0 1
    outer loop
      vertex 2.9707312509417534 4.4289305337837765 0.927
      vertex 3.10053214430809 5.134139997618539 0.927
      vertex 2.974109463393688 5.153483567493303 0.927
    endloop
  endfacet
  facet normal 0 0 1
    outer loop
      vertex 2.9707312509417534 4.4289305337837765 0.927
      vertex 3.207225538790226 5.141005707638604 0.927
      vertex 3.10053214430809 5.134139997618539 0.927
    endloop
  endfacet
  facet normal 0 0 1
    outer loop
      vertex 3.1022742837667465 4.448275712983949 0.927
      vertex 3.390036426484585 5.142857139664037 0.927
      vertex 2.9707312509417534 4.4289305337837765 0.927
    endloop
  endfacet
  facet normal 0 0 1
    outer loop
      vertex 3.1967646405100822 4.442716603832586 0.927
      vertex 3.390036426484585 5.142857139664037 0.927
      vertex 3.1022742837667465 4.448275712983949 0.927
    endloop
  endfacet
  facet normal 0 0 1
    outer loop
      vertex 3.298011429607868 4.426039283829076 0.927
      vertex 3.390036426484585 5.142857139664037 0.927
      vertex 3.1967646405100822 4.442716603832586 0.927
    endloop
  endfacet
  facet normal 0 0 1
    outer loop
      vertex 3.298011429607868 4.426039283829076 0.927
      vertex 3.3843664303421974 4.441737858312471 0.927
      vertex 3.390036426484585 5.142857139664037 0.927
    endloop
  endfacet
  facet normal 0 0 1
    outer loop
      vertex 2.9707312509417534 4.4289305337837765 0.927
      vertex 3.306728571653366 5.1616028525999615 0.927
      vertex 3.207225538790226 5.141005707638604 0.927
    endloop
  endfacet
  facet normal 0 0 1
    outer loop
      vertex 2.9707312509417534 4.4289305337837765 0.927
      vertex 3.390036426484585 5.142857139664037 0.927
      vertex 3.306728571653366 5.1616028525999615 0.927
    endloop
  endfacet
  facet normal 0 0 1
    outer loop
      vertex 3.010784462094307 5.184486960726125 0.927
      vertex 3.2718535736203194 5.5840242856315205 0.927
      vertex 2.944684289395809 5.234837142484529 0.927
    endloop
  endfacet
  facet normal 0 0 1
    outer loop
      vertex 2.904304824769497 5.317015176372869 0.927
      vertex 3.2718535736203194 5.5840242856315205 0.927
      vertex 2.890845000743866 5.429269281881196 0.927
    endloop
  endfacet
  facet normal 0 0 1
    outer loop
      vertex 2.944684289395809 5.234837142484529 0.927
      vertex 3.2718535736203194 5.5840242856315205 0.927
      vertex 2.904304824769497 5.317015176372869 0.927
    endloop
  endfacet
  facet normal 0 0 1
    outer loop
      vertex 2.890845000743866 5.429269281881196 0.927
      vertex 3.2718535736203194 5.5840242856315205 0.927
      vertex 2.903705358505249 5.549367850380285 0.927
    endloop
  endfacet
  facet normal 0 0 1
    outer loop
      vertex 2.903705358505249 5.549367850380285 0.927
      vertex 3.2718535736203194 5.5840242856315205 0.927
      vertex 2.942286431789398 5.6332864218524525 0.927
    endloop
  endfacet
  facet normal 0 0 1
    outer loop
      vertex 3.1014064252376556 5.167703566806657 0.927
      vertex 3.2718535736203194 5.5840242856315205 0.927
      vertex 3.010784462094307 5.184486960726125 0.927
    endloop
  endfacet
  facet normal 0 0 1
    outer loop
      vertex 3.149683393537998 5.170700890677316 0.927
      vertex 3.2718535736203194 5.5840242856315205 0.927
      vertex 3.1014064252376556 5.167703566806657 0.927
    endloop
  endfacet
  facet normal 0 0 1
    outer loop
      vertex 3.1951285749673843 5.179692854838712 0.927
      vertex 3.2718535736203194 5.5840242856315205 0.927
      vertex 3.149683393537998 5.170700890677316 0.927
    endloop
  endfacet
  facet normal 0 0 1
    outer loop
      vertex 3.2345807179808617 5.193697495119912 0.927
      vertex 3.2718535736203194 5.5840242856315205 0.927
      vertex 3.1951285749673843 5.179692854838712 0.927
    endloop
  endfacet
  facet normal 0 0 1
    outer loop
      vertex 3.390036426484585 5.165961427348001 0.927
      vertex 3.306728571653366 5.1616028525999615 0.927
      vertex 3.390036426484585 5.142857139664037 0.927
    endloop
  endfacet
  facet normal 0 0 1
    outer loop
      vertex 3.264878571033478 5.211732854800565 0.927
      vertex 3.2718535736203194 5.5840242856315205 0.927
      vertex 3.2345807179808617 5.193697495119912 0.927
    endloop
  endfacet
  facet normal 0 0 1
    outer loop
      vertex 3.306728571653366 5.1616028525999615 0.927
      vertex 3.4593492820858955 5.177732137697084 0.927
      vertex 3.3093449994921684 5.298923564808709 0.927
    endloop
  endfacet
  facet normal 0 0 1
    outer loop
      vertex 3.264878571033478 5.211732854800565 0.927
      vertex 3.2810078561306 5.298923564808709 0.927
      vertex 3.2718535736203194 5.5840242856315205 0.927
    endloop
  endfacet
  facet normal 0 0 1
    outer loop
      vertex 3.3093449994921684 5.298923564808709 0.927
      vertex 3.2718535736203194 5.5840242856315205 0.927
      vertex 3.2810078561306 5.298923564808709 0.927
    endloop
  endfacet
  facet normal 0 0 1
    outer loop
      vertex 3.4593492820858955 5.177732137697084 0.927
      vertex 3.2718535736203194 5.5840242856315205 0.927
      vertex 3.3093449994921684 5.298923564808709 0.927
    endloop
  endfacet
  facet normal 0 0 1
    outer loop
      vertex 3.2718535736203194 5.5840242856315205 0.927
      vertex 3.4593492820858955 5.177732137697084 0.927
      vertex 3.3006278574466705 5.5840242856315205 0.927
    endloop
  endfacet
  facet normal 0 0 1
    outer loop
      vertex 2.799732856452465 5.42839499350105 0.927
      vertex 1.5768430680036545 6.428571430700166 0.927
      vertex 2.8195682168006897 5.304424820201738 0.927
    endloop
  endfacet
  facet normal 0 0 1
    outer loop
      vertex 2.8188048228621483 5.560865355389459 0.927
      vertex 1.935441642999649 6.428571430700166 0.927
      vertex 2.799732856452465 5.42839499350105 0.927
    endloop
  endfacet
  facet normal 0 0 1
    outer loop
      vertex 1.935441642999649 6.428571430700166 0.927
      vertex 2.8188048228621483 5.560865355389459 0.927
      vertex 2.1794830709695816 6.428571430700166 0.927
    endloop
  endfacet
  facet normal 0 0 1
    outer loop
      vertex 2.1794830709695816 6.428571430700166 0.927
      vertex 2.8188048228621483 5.560865355389459 0.927
      vertex 2.2069420740008354 6.428571430700166 0.927
    endloop
  endfacet
  facet normal 0 0 1
    outer loop
      vertex 2.2069420740008354 6.428571430700166 0.927
      vertex 2.8760207146406174 5.656609279768808 0.927
      vertex 2.4855126440525055 6.428571430700166 0.927
    endloop
  endfacet
  facet normal 0 0 1
    outer loop
      vertex 2.8760207146406174 5.656609279768808 0.927
      vertex 2.2069420740008354 6.428571430700166 0.927
      vertex 2.8188048228621483 5.560865355389459 0.927
    endloop
  endfacet
  facet normal 0 0 1
    outer loop
      vertex 2.4855126440525055 6.428571430700166 0.927
      vertex 2.8760207146406174 5.656609279768808 0.927
      vertex 2.9707312509417534 5.714644817369325 0.927
    endloop
  endfacet
  facet normal 0 0 1
    outer loop
      vertex 2.4855126440525055 6.470159148531301 0.927
      vertex 2.2069420740008354 6.428571430700166 0.927
      vertex 2.4855126440525055 6.428571430700166 0.927
    endloop
  endfacet
  facet normal 0 0 1
    outer loop
      vertex 2.2069420740008354 6.428571430700166 0.927
      vertex 2.4855126440525055 6.470159148531301 0.927
      vertex 2.6267535015940666 6.4913464316299985 0.927
    endloop
  endfacet
  facet normal 0 0 1
    outer loop
      vertex 2.942286431789398 5.6332864218524525 0.927
      vertex 3.2718535736203194 5.5840242856315205 0.927
      vertex 3.008876785635948 5.682657850640161 0.927
    endloop
  endfacet
  facet normal 0 0 1
    outer loop
      vertex 2.4855126440525055 6.428571430700166 0.927
      vertex 2.9707312509417534 5.714644817369325 0.927
      vertex 3.1022742837667465 5.733989996569497 0.927
    endloop
  endfacet
  facet normal 0 0 1
    outer loop
      vertex 2.4855126440525055 6.428571430700166 0.927
      vertex 3.1022742837667465 5.733989996569497 0.927
      vertex 3.1967646405100822 5.728430887418134 0.927
    endloop
  endfacet
  facet normal 0 0 1
    outer loop
      vertex 2.4855126440525055 6.428571430700166 0.927
      vertex 3.1967646405100822 5.728430887418134 0.927
      vertex 3.298011429607868 5.7117535674146245 0.927
    endloop
  endfacet
  facet normal 0 0 1
    outer loop
      vertex 3.008876785635948 5.682657850640161 0.927
      vertex 3.2718535736203194 5.5840242856315205 0.927
      vertex 3.105764999985695 5.699114998536451 0.927
    endloop
  endfacet
  facet normal 0 0 1
    outer loop
      vertex 3.105764999985695 5.699114998536451 0.927
      vertex 3.2718535736203194 5.5840242856315205 0.927
      vertex 3.1472325026988983 5.696553213255746 0.927
    endloop
  endfacet
  facet normal 0 0 1
    outer loop
      vertex 3.1472325026988983 5.696553213255746 0.927
      vertex 3.2718535736203194 5.5840242856315205 0.927
      vertex 3.1879350021481514 5.688867857413633 0.927
    endloop
  endfacet
  facet normal 0 0 1
    outer loop
      vertex 3.2587778568267822 5.659881425755365 0.927
      vertex 3.2258089259266853 5.676500892000539 0.927
      vertex 3.1879350021481514 5.688867857413633 0.927
    endloop
  endfacet
  facet normal 0 0 1
    outer loop
      vertex 3.2587778568267822 5.659881425755365 0.927
      vertex 3.1879350021481514 5.688867857413633 0.927
      vertex 3.2718535736203194 5.5840242856315205 0.927
    endloop
  endfacet
  facet normal 0 0 1
    outer loop
      vertex 3.3006278574466705 5.5840242856315205 0.927
      vertex 3.3843664303421974 5.704347854214055 0.927
      vertex 3.298011429607868 5.7117535674146245 0.927
    endloop
  endfacet
  facet normal 0 0 1
    outer loop
      vertex 3.3843664303421974 5.727452141898019 0.927
      vertex 3.298011429607868 5.7117535674146245 0.927
      vertex 3.3843664303421974 5.704347854214055 0.927
    endloop
  endfacet
  facet normal 0 0 1
    outer loop
      vertex 2.9123826399445534 6.428571430700166 0.927
      vertex 3.298011429607868 5.7117535674146245 0.927
      vertex 3.3843664303421974 5.727452141898019 0.927
    endloop
  endfacet
  facet normal 0 0 1
    outer loop
      vertex 3.604950003325939 5.727452141898019 0.927
      vertex 2.9123826399445534 6.428571430700166 0.927
      vertex 3.3843664303421974 5.727452141898019 0.927
    endloop
  endfacet
  facet normal 0 0 1
    outer loop
      vertex 3.298011429607868 5.7117535674146245 0.927
      vertex 2.9123826399445534 6.428571430700166 0.927
      vertex 2.4855126440525055 6.428571430700166 0.927
    endloop
  endfacet
  facet normal 0 0 1
    outer loop
      vertex 2.7774135023355484 6.4913464316299985 0.927
      vertex 2.9123826399445534 6.470159148531301 0.927
      vertex 3.4178457856178284 6.470159148531301 0.927
    endloop
  endfacet
  facet normal 0 0 1
    outer loop
      vertex 2.9123826399445534 6.428571430700166 0.927
      vertex 3.604950003325939 5.727452141898019 0.927
      vertex 2.9123826399445534 6.470159148531301 0.927
    endloop
  endfacet
  facet normal 0 0 1
    outer loop
      vertex 2.9123826399445534 6.470159148531301 0.927
      vertex 3.604950003325939 5.727452141898019 0.927
      vertex 3.4178457856178284 6.428571430700166 0.927
    endloop
  endfacet
  facet normal 0 0 1
    outer loop
      vertex 3.4178457856178284 6.470159148531301 0.927
      vertex 2.9123826399445534 6.470159148531301 0.927
      vertex 3.4178457856178284 6.428571430700166 0.927
    endloop
  endfacet
  facet normal 0 0 1
    outer loop
      vertex 3.604950003325939 4.441737858312471 0.927
      vertex 3.390036426484585 5.142857139664037 0.927
      vertex 3.3843664303421974 4.441737858312471 0.927
    endloop
  endfacet
  facet normal 0 0 1
    outer loop
      vertex 3.604950003325939 4.441737858312471 0.927
      vertex 3.6363407149910927 5.142857139664037 0.927
      vertex 3.390036426484585 5.142857139664037 0.927
    endloop
  endfacet
  facet normal 0 0 1
    outer loop
      vertex 3.7658121436834335 4.398688925164087 0.927
      vertex 3.6363407149910927 5.142857139664037 0.927
      vertex 3.604950003325939 4.441737858312471 0.927
    endloop
  endfacet
  facet normal 0 0 1
    outer loop
      vertex 3.7658121436834335 4.398688925164087 0.927
      vertex 3.8809285685420036 4.441737858312471 0.927
      vertex 3.6363407149910927 5.142857139664037 0.927
    endloop
  endfacet
  facet normal 0 0 1
    outer loop
      vertex 4.057920001447201 4.441737858312471 0.927
      vertex 3.6363407149910927 5.142857139664037 0.927
      vertex 3.8809285685420036 4.441737858312471 0.927
    endloop
  endfacet
  facet normal 0 0 1
    outer loop
      vertex 3.6363407149910927 5.142857139664037 0.927
      vertex 4.280245713889599 4.441737858312471 0.927
      vertex 3.6363407149910927 5.165961427348001 0.927
    endloop
  endfacet
  facet normal 0 0 1
    outer loop
      vertex 3.609308570623398 5.372157854693277 0.927
      vertex 3.6363407149910927 5.165961427348001 0.927
      vertex 4.479473568499088 4.441737858312471 0.927
    endloop
  endfacet
  facet normal 0 0 1
    outer loop
      vertex 3.306728571653366 5.1616028525999615 0.927
      vertex 3.390036426484585 5.165961427348001 0.927
      vertex 3.4593492820858955 5.177732137697084 0.927
    endloop
  endfacet
  facet normal 0 0 1
    outer loop
      vertex 3.5434864312410355 5.177732137697084 0.927
      vertex 3.6363407149910927 5.165961427348001 0.927
      vertex 3.5434864312410355 5.372157854693277 0.927
    endloop
  endfacet
  facet normal 0 0 1
    outer loop
      vertex 3.5434864312410355 5.372157854693277 0.927
      vertex 3.6363407149910927 5.165961427348001 0.927
      vertex 3.609308570623398 5.372157854693277 0.927
    endloop
  endfacet
  facet normal 0 0 1
    outer loop
      vertex 3.4593492820858955 5.177732137697084 0.927
      vertex 3.3843664303421974 5.704347854214055 0.927
      vertex 3.3006278574466705 5.5840242856315205 0.927
    endloop
  endfacet
  facet normal 0 0 1
    outer loop
      vertex 3.4593492820858955 5.177732137697084 0.927
      vertex 3.4593492820858955 5.6930078544787 0.927
      vertex 3.3843664303421974 5.704347854214055 0.927
    endloop
  endfacet
  facet normal 0 0 1
    outer loop
      vertex 3.5434864312410355 5.411397857325418 0.927
      vertex 3.5888207107782364 5.411397857325418 0.927
      vertex 3.6528476774692535 5.419788745897157 0.927
    endloop
  endfacet
  facet normal 0 0 1
    outer loop
      vertex 3.6528476774692535 5.419788745897157 0.927
      vertex 3.697585716843605 5.444961426513536 0.927
      vertex 3.5434864312410355 5.411397857325418 0.927
    endloop
  endfacet
  facet normal 0 0 1
    outer loop
      vertex 3.697585716843605 5.444961426513536 0.927
      vertex 3.7239058911800385 5.489101601498468 0.927
      vertex 3.5434864312410355 5.411397857325418 0.927
    endloop
  endfacet
  facet normal 0 0 1
    outer loop
      vertex 3.586204282939434 5.688212139265878 0.927
      vertex 3.5434864312410355 5.688212139265878 0.927
      vertex 3.5434864312410355 5.411397857325418 0.927
    endloop
  endfacet
  facet normal 0 0 1
    outer loop
      vertex 3.654101252555847 5.680473750191076 0.927
      vertex 3.586204282939434 5.688212139265878 0.927
      vertex 3.5434864312410355 5.411397857325418 0.927
    endloop
  endfacet
  facet normal 0 0 1
    outer loop
      vertex 3.69910928606987 5.657258568065507 0.927
      vertex 3.654101252555847 5.680473750191076 0.927
      vertex 3.5434864312410355 5.411397857325418 0.927
    endloop
  endfacet
  facet normal 0 0 1
    outer loop
      vertex 3.724286787211895 5.616065887468202 0.927
      vertex 3.69910928606987 5.657258568065507 0.927
      vertex 3.5434864312410355 5.411397857325418 0.927
    endloop
  endfacet
  facet normal 0 0 1
    outer loop
      vertex 3.8809285685420036 5.165961427348001 0.927
      vertex 3.609308570623398 5.372157854693277 0.927
      vertex 3.8809285685420036 5.142857139664037 0.927
    endloop
  endfacet
  facet normal 0 0 1
    outer loop
      vertex 3.8809285685420036 5.165961427348001 0.927
      vertex 3.6990594640374184 5.383819279926164 0.927
      vertex 3.609308570623398 5.372157854693277 0.927
    endloop
  endfacet
  facet normal 0 0 1
    outer loop
      vertex 3.6990594640374184 5.383819279926164 0.927
      vertex 3.8809285685420036 5.165961427348001 0.927
      vertex 3.765156425535679 5.418803570525987 0.927
    endloop
  endfacet
  facet normal 0 0 1
    outer loop
      vertex 3.9559114277362823 5.177732137697084 0.927
      vertex 3.765156425535679 5.418803570525987 0.927
      vertex 3.8809285685420036 5.165961427348001 0.927
    endloop
  endfacet
  facet normal 0 0 1
    outer loop
      vertex 3.7239058911800385 5.489101601498468 0.927
      vertex 3.732679285109043 5.5543821432760785 0.927
      vertex 3.5434864312410355 5.411397857325418 0.927
    endloop
  endfacet
  facet normal 0 0 1
    outer loop
      vertex 3.732679285109043 5.5543821432760785 0.927
      vertex 3.724286787211895 5.616065887468202 0.927
      vertex 3.5434864312410355 5.411397857325418 0.927
    endloop
  endfacet
  facet normal 0 0 1
    outer loop
      vertex 3.765156425535679 5.418803570525987 0.927
      vertex 3.9559114277362823 5.177732137697084 0.927
      vertex 3.8058637529611588 5.476239641862256 0.927
    endloop
  endfacet
  facet normal 0 0 1
    outer loop
      vertex 3.8058637529611588 5.476239641862256 0.927
      vertex 3.9559114277362823 5.177732137697084 0.927
      vertex 3.9559114277362823 5.6930078544787 0.927
    endloop
  endfacet
  facet normal 0 0 1
    outer loop
      vertex 3.8058637529611588 5.476239641862256 0.927
      vertex 3.9559114277362823 5.6930078544787 0.927
      vertex 3.819432854652405 5.555256424205644 0.927
    endloop
  endfacet
  facet normal 0 0 1
    outer loop
      vertex 3.6363407149910927 5.142857139664037 0.927
      vertex 4.057920001447201 4.441737858312471 0.927
      vertex 4.280245713889599 4.441737858312471 0.927
    endloop
  endfacet
  facet normal 0 0 1
    outer loop
      vertex 3.6363407149910927 5.165961427348001 0.927
      vertex 4.280245713889599 4.441737858312471 0.927
      vertex 4.479473568499088 4.441737858312471 0.927
    endloop
  endfacet
  facet normal 0 0 1
    outer loop
      vertex 3.609308570623398 5.372157854693277 0.927
      vertex 4.707615539431572 4.4289305337837765 0.927
      vertex 3.8809285685420036 5.142857139664037 0.927
    endloop
  endfacet
  facet normal 0 0 1
    outer loop
      vertex 3.609308570623398 5.372157854693277 0.927
      vertex 4.479473568499088 4.441737858312471 0.927
      vertex 4.707615539431572 4.4289305337837765 0.927
    endloop
  endfacet
  facet normal 0 0 1
    outer loop
      vertex 4.707615539431572 4.4289305337837765 0.927
      vertex 4.0801500007510185 5.142857139664037 0.927
      vertex 3.8809285685420036 5.142857139664037 0.927
    endloop
  endfacet
  facet normal 0 0 1
    outer loop
      vertex 4.0801500007510185 5.165961427348001 0.927
      vertex 4.001682855188847 5.668598567800863 0.927
      vertex 4.001682855188847 5.177732137697084 0.927
    endloop
  endfacet
  facet normal 0 0 1
    outer loop
      vertex 4.0801500007510185 5.142857139664037 0.927
      vertex 4.3622035682201385 5.142857139664037 0.927
      vertex 4.0801500007510185 5.165961427348001 0.927
    endloop
  endfacet
  facet normal 0 0 1
    outer loop
      vertex 4.0801500007510185 5.165961427348001 0.927
      vertex 4.3622035682201385 5.142857139664037 0.927
      vertex 4.001682855188847 5.668598567800863 0.927
    endloop
  endfacet
  facet normal 0 0 1
    outer loop
      vertex 4.536617144942284 5.42839499350105 0.927
      vertex 4.40449071675539 5.142857139664037 0.927
      vertex 4.556452497839928 5.304424820201738 0.927
    endloop
  endfacet
  facet normal 0 0 1
    outer loop
      vertex 4.358712859451771 5.294564997511251 0.927
      vertex 4.280245713889599 5.704347854214055 0.927
      vertex 4.057920001447201 5.727452141898019 0.927
    endloop
  endfacet
  facet normal 0 0 1
    outer loop
      vertex 4.358712859451771 5.294564997511251 0.927
      vertex 4.358712859451771 5.6930078544787 0.927
      vertex 4.280245713889599 5.704347854214055 0.927
    endloop
  endfacet
  facet normal 0 0 1
    outer loop
      vertex 4.40449071675539 5.142857139664037 0.927
      vertex 4.536617144942284 5.42839499350105 0.927
      vertex 4.555689103901386 5.560865355389459 0.927
    endloop
  endfacet
  facet normal 0 0 1
    outer loop
      vertex 4.40449071675539 5.142857139664037 0.927
      vertex 4.555689103901386 5.560865355389459 0.927
      vertex 4.479473568499088 5.704347854214055 0.927
    endloop
  endfacet
  facet normal 0 0 1
    outer loop
      vertex 4.40449071675539 5.142857139664037 0.927
      vertex 4.479473568499088 5.704347854214055 0.927
      vertex 4.40449071675539 5.6930078544787 0.927
    endloop
  endfacet
  facet normal 0 0 1
    outer loop
      vertex 3.4178457856178284 6.428571430700166 0.927
      vertex 3.604950003325939 5.727452141898019 0.927
      vertex 3.7658121436834335 5.684403208749635 0.927
    endloop
  endfacet
  facet normal 0 0 1
    outer loop
      vertex 3.819432854652405 5.555256424205644 0.927
      vertex 3.8809285685420036 5.704347854214055 0.927
      vertex 3.7658121436834335 5.684403208749635 0.927
    endloop
  endfacet
  facet normal 0 0 1
    outer loop
      vertex 3.8809285685420036 5.727452141898019 0.927
      vertex 3.7658121436834335 5.684403208749635 0.927
      vertex 3.8809285685420036 5.704347854214055 0.927
    endloop
  endfacet
  facet normal 0 0 1
    outer loop
      vertex 3.8809285685420036 5.704347854214055 0.927
      vertex 3.819432854652405 5.555256424205644 0.927
      vertex 3.9559114277362823 5.6930078544787 0.927
    endloop
  endfacet
  facet normal 0 0 1
    outer loop
      vertex 3.4178457856178284 6.428571430700166 0.927
      vertex 3.7658121436834335 5.684403208749635 0.927
      vertex 3.8809285685420036 5.727452141898019 0.927
    endloop
  endfacet
  facet normal 0 0 1
    outer loop
      vertex 4.057920001447201 5.727452141898019 0.927
      vertex 3.861193500459194 6.428571430700166 0.927
      vertex 3.8809285685420036 5.727452141898019 0.927
    endloop
  endfacet
  facet normal 0 0 1
    outer loop
      vertex 3.4178457856178284 6.428571430700166 0.927
      vertex 3.8809285685420036 5.727452141898019 0.927
      vertex 3.861193500459194 6.428571430700166 0.927
    endloop
  endfacet
  facet normal 0 0 1
    outer loop
      vertex 3.694055788218975 6.4913464316299985 0.927
      vertex 3.861193500459194 6.470159148531301 0.927
      vertex 3.694055788218975 6.8413127192429135 0.927
    endloop
  endfacet
  facet normal 0 0 1
    outer loop
      vertex 3.694055788218975 6.8413127192429135 0.927
      vertex 3.861193500459194 6.470159148531301 0.927
      vertex 3.8125356435775757 6.8413127192429135 0.927
    endloop
  endfacet
  facet normal 0 0 1
    outer loop
      vertex 3.8125356435775757 6.8413127192429135 0.927
      vertex 3.861193500459194 6.470159148531301 0.927
      vertex 3.9740872532129288 6.862303284662111 0.927
    endloop
  endfacet
  facet normal 0 0 1
    outer loop
      vertex 4.280245713889599 5.727452141898019 0.927
      vertex 4.057920001447201 5.727452141898019 0.927
      vertex 4.280245713889599 5.704347854214055 0.927
    endloop
  endfacet
  facet normal 0 0 1
    outer loop
      vertex 3.861193500459194 6.428571430700166 0.927
      vertex 4.057920001447201 5.727452141898019 0.927
      vertex 4.280245713889599 5.727452141898019 0.927
    endloop
  endfacet
  facet normal 0 0 1
    outer loop
      vertex 3.861193500459194 6.428571430700166 0.927
      vertex 4.280245713889599 5.727452141898019 0.927
      vertex 4.479473568499088 5.727452141898019 0.927
    endloop
  endfacet
  facet normal 0 0 1
    outer loop
      vertex 3.861193500459194 6.428571430700166 0.927
      vertex 4.479473568499088 5.727452141898019 0.927
      vertex 4.839158572256565 5.733989996569497 0.927
    endloop
  endfacet
  facet normal 0 0 1
    outer loop
      vertex 3.861193500459194 6.428571430700166 0.927
      vertex 5.121250711381435 5.704347854214055 0.927
      vertex 4.313219785690308 6.428571430700166 0.927
    endloop
  endfacet
  facet normal 0 0 1
    outer loop
      vertex 3.861193500459194 6.428571430700166 0.927
      vertex 4.313219785690308 6.470159148531301 0.927
      vertex 3.861193500459194 6.470159148531301 0.927
    endloop
  endfacet
  facet normal 0 0 1
    outer loop
      vertex 3.861193500459194 6.428571430700166 0.927
      vertex 4.313219785690308 6.428571430700166 0.927
      vertex 4.313219785690308 6.470159148531301 0.927
    endloop
  endfacet
  facet normal 0 0 1
    outer loop
      vertex 3.861193500459194 6.470159148531301 0.927
      vertex 4.313219785690308 6.470159148531301 0.927
      vertex 3.9740872532129288 6.862303284662111 0.927
    endloop
  endfacet
  facet normal 0 0 1
    outer loop
      vertex 2.2069420740008354 6.428571430700166 0.927
      vertex 2.6267535015940666 6.4913464316299985 0.927
      vertex 2.6267535015940666 7.333318290965898 0.927
    endloop
  endfacet
  facet normal 0 0 1
    outer loop
      vertex 1.1945099979639053 8.17984285737787 0.927
      vertex 2.9123826399445534 7.4808424317411015 0.927
      vertex 3.4076397866010666 7.4808424317411015 0.927
    endloop
  endfacet
  facet normal 0 0 1
    outer loop
      vertex 2.7774135023355484 6.4913464316299985 0.927
      vertex 2.9123826399445534 7.439254713909967 0.927
      vertex 2.7774135023355484 7.418842715876443 0.927
    endloop
  endfacet
  facet normal 0 0 1
    outer loop
      vertex 2.7774135023355484 6.4913464316299985 0.927
      vertex 3.542608931660652 7.418842715876443 0.927
      vertex 2.9123826399445534 7.439254713909967 0.927
    endloop
  endfacet
  facet normal 0 0 1
    outer loop
      vertex 2.7774135023355484 6.4913464316299985 0.927
      vertex 3.4178457856178284 6.470159148531301 0.927
      vertex 3.542608931660652 7.418842715876443 0.927
    endloop
  endfacet
  facet normal 0 0 1
    outer loop
      vertex 2.9123826399445534 7.439254713909967 0.927
      vertex 3.4076397866010666 7.4808424317411015 0.927
      vertex 2.9123826399445534 7.4808424317411015 0.927
    endloop
  endfacet
  facet normal 0 0 1
    outer loop
      vertex 3.4076397866010666 7.4808424317411015 0.927
      vertex 2.9123826399445534 7.439254713909967 0.927
      vertex 3.4076397866010666 7.439254713909967 0.927
    endloop
  endfacet
  facet normal 0 0 1
    outer loop
      vertex 3.542608931660652 7.418842715876443 0.927
      vertex 3.4076397866010666 7.439254713909967 0.927
      vertex 2.9123826399445534 7.439254713909967 0.927
    endloop
  endfacet
  facet normal 0 0 1
    outer loop
      vertex 0 9 0.927
      vertex 1.0925174951553345 8.248519284384592 0.927
      vertex 9 9 0.927
    endloop
  endfacet
  facet normal 0 0 1
    outer loop
      vertex 3.542608931660652 6.4913464316299985 0.927
      vertex 3.542608931660652 7.418842715876443 0.927
      vertex 3.4178457856178284 6.470159148531301 0.927
    endloop
  endfacet
  facet normal 0 0 1
    outer loop
      vertex 3.775657497346401 6.911944715040071 0.927
      vertex 3.890906035900116 6.927048323409898 0.927
      vertex 3.694055788218975 6.911944715040071 0.927
    endloop
  endfacet
  facet normal 0 0 1
    outer loop
      vertex 3.890906035900116 6.927048323409898 0.927
      vertex 3.971434496343136 6.97235914851938 0.927
      vertex 3.694055788218975 6.911944715040071 0.927
    endloop
  endfacet
  facet normal 0 0 1
    outer loop
      vertex 3.971434496343136 6.97235914851938 0.927
      vertex 4.018810823559761 7.051811469452722 0.927
      vertex 3.694055788218975 6.911944715040071 0.927
    endloop
  endfacet
  facet normal 0 0 1
    outer loop
      vertex 3.770947925746441 7.410210428493364 0.927
      vertex 3.694055788218975 7.410210428493364 0.927
      vertex 3.694055788218975 6.911944715040071 0.927
    endloop
  endfacet
  facet normal 0 0 1
    outer loop
      vertex 3.893162466585636 7.396281322198255 0.927
      vertex 3.770947925746441 7.410210428493364 0.927
      vertex 3.694055788218975 6.911944715040071 0.927
    endloop
  endfacet
  facet normal 0 0 1
    outer loop
      vertex 3.694055788218975 6.911944715040071 0.927
      vertex 4.018810823559761 7.051811469452722 0.927
      vertex 4.034602925181389 7.169316431241376 0.927
    endloop
  endfacet
  facet normal 0 0 1
    outer loop
      vertex 3.694055788218975 6.911944715040071 0.927
      vertex 4.034602925181389 7.169316431241376 0.927
      vertex 4.01949642598629 7.280347181218011 0.927
    endloop
  endfacet
  facet normal 0 0 1
    outer loop
      vertex 3.9741769284009933 7.3544940033129285 0.927
      vertex 3.893162466585636 7.396281322198255 0.927
      vertex 3.694055788218975 6.911944715040071 0.927
    endloop
  endfacet
  facet normal 0 0 1
    outer loop
      vertex 4.01949642598629 7.280347181218011 0.927
      vertex 3.9741769284009933 7.3544940033129285 0.927
      vertex 3.694055788218975 6.911944715040071 0.927
    endloop
  endfacet
  facet normal 0 0 1
    outer loop
      vertex 4.313219785690308 6.470159148531301 0.927
      vertex 4.0930617824196815 6.925275003271444 0.927
      vertex 3.9740872532129288 6.862303284662111 0.927
    endloop
  endfacet
  facet normal 0 0 1
    outer loop
      vertex 4.448188930749893 7.418842715876443 0.927
      vertex 4.0930617824196815 6.925275003271444 0.927
      vertex 4.313219785690308 6.470159148531301 0.927
    endloop
  endfacet
  facet normal 0 0 1
    outer loop
      vertex 4.448188930749893 6.4913464316299985 0.927
      vertex 4.448188930749893 7.418842715876443 0.927
      vertex 4.313219785690308 6.470159148531301 0.927
    endloop
  endfacet
  facet normal 0 0 1
    outer loop
      vertex 4.0930617824196815 6.925275003271444 0.927
      vertex 4.448188930749893 7.418842715876443 0.927
      vertex 4.166334964334965 7.028659930186612 0.927
    endloop
  endfacet
  facet normal 0 0 1
    outer loop
      vertex 4.166334964334965 7.028659930186612 0.927
      vertex 4.448188930749893 7.418842715876443 0.927
      vertex 4.190759360790253 7.170890142875058 0.927
    endloop
  endfacet
  facet normal 0 0 1
    outer loop
      vertex 3.8046902120113373 7.4808424317411015 0.927
      vertex 4.094242073595524 7.403354359524591 0.927
      vertex 4.313219785690308 7.4808424317411015 0.927
    endloop
  endfacet
  facet normal 0 0 1
    outer loop
      vertex 4.190759360790253 7.170890142875058 0.927
      vertex 4.313219785690308 7.439254713909967 0.927
      vertex 4.094242073595524 7.403354359524591 0.927
    endloop
  endfacet
  facet normal 0 0 1
    outer loop
      vertex 4.313219785690308 7.4808424317411015 0.927
      vertex 4.094242073595524 7.403354359524591 0.927
      vertex 4.313219785690308 7.439254713909967 0.927
    endloop
  endfacet
  facet normal 0 0 1
    outer loop
      vertex 4.313219785690308 7.439254713909967 0.927
      vertex 4.190759360790253 7.170890142875058 0.927
      vertex 4.448188930749893 7.418842715876443 0.927
    endloop
  endfacet
  facet normal 0 0 1
    outer loop
      vertex 9 9 0.927
      vertex 1.0925174951553345 8.248519284384592 0.927
      vertex 1.1945099979639053 8.17984285737787 0.927
    endloop
  endfacet
  facet normal 0 -1 0
    outer loop
      vertex 0 0 0
      vertex 9 0 0
      vertex 9 0 0.927
    endloop
  endfacet
  facet normal 0 0 -1
    outer loop
      vertex 0 0 0
      vertex 9 9 0
      vertex 9 0 0
    endloop
  endfacet
  facet normal 1 0 0
    outer loop
      vertex 9 0 0
      vertex 9 9 0
      vertex 9 0 0.927
    endloop
  endfacet
  facet normal 0 0 1
    outer loop
      vertex 0 0 0.927
      vertex 9 0 0.927
      vertex 5.6908382177352905 1.2857142889073918 0.927
    endloop
  endfacet
  facet normal 0 0 1
    outer loop
      vertex 4.601773925125599 1.675009285765035 0.927
      vertex 4.446144640445709 1.272201431649072 0.927
      vertex 4.753475360572338 1.272201431649072 0.927
    endloop
  endfacet
  facet normal 0 0 1
    outer loop
      vertex 5.046046070754528 1.3088185765913556 0.927
      vertex 4.776579640805721 1.272201431649072 0.927
      vertex 5.046046070754528 1.2857142889073918 0.927
    endloop
  endfacet
  facet normal 0 0 1
    outer loop
      vertex 4.776579640805721 1.272201431649072 0.927
      vertex 5.01852535456419 1.8472050034574101 0.927
      vertex 4.967521071434021 1.8358650037220547 0.927
    endloop
  endfacet
  facet normal 0 0 1
    outer loop
      vertex 4.776579640805721 1.272201431649072 0.927
      vertex 5.046046070754528 1.3088185765913556 0.927
      vertex 5.121028929948807 1.8358650037220547 0.927
    endloop
  endfacet
  facet normal 0 0 1
    outer loop
      vertex 4.776579640805721 1.272201431649072 0.927
      vertex 5.046046070754528 1.8472050034574101 0.927
      vertex 5.01852535456419 1.8472050034574101 0.927
    endloop
  endfacet
  facet normal 0 0 1
    outer loop
      vertex 4.776579640805721 1.272201431649072 0.927
      vertex 5.121028929948807 1.8358650037220547 0.927
      vertex 5.046046070754528 1.8472050034574101 0.927
    endloop
  endfacet
  facet normal 0 0 1
    outer loop
      vertex 4.783554643392563 1.4239092894962857 0.927
      vertex 4.824973925948143 1.8472050034574101 0.927
      vertex 4.631853215396404 1.8293271490505765 0.927
    endloop
  endfacet
  facet normal 0 0 1
    outer loop
      vertex 4.824973925948143 1.870309291141374 0.927
      vertex 4.631853215396404 1.8293271490505765 0.927
      vertex 4.824973925948143 1.8472050034574101 0.927
    endloop
  endfacet
  facet normal 0 0 1
    outer loop
      vertex 4.401678211987019 1.870309291141374 0.927
      vertex 4.612233214080334 1.8293271490505765 0.927
      vertex 4.5819321423769 2.57142857249294 0.927
    endloop
  endfacet
  facet normal 0 0 1
    outer loop
      vertex 4.631853215396404 1.8293271490505765 0.927
      vertex 4.5819321423769 2.57142857249294 0.927
      vertex 4.612233214080334 1.8293271490505765 0.927
    endloop
  endfacet
  facet normal 0 0 1
    outer loop
      vertex 4.631853215396404 1.8293271490505765 0.927
      vertex 4.824973925948143 1.870309291141374 0.927
      vertex 4.74893356859684 2.57142857249294 0.927
    endloop
  endfacet
  facet normal 0 0 1
    outer loop
      vertex 4.783554643392563 1.4239092894962857 0.927
      vertex 4.916079640388489 1.8358650037220547 0.927
      vertex 4.824973925948143 1.8472050034574101 0.927
    endloop
  endfacet
  facet normal 0 0 1
    outer loop
      vertex 5.01852535456419 1.8472050034574101 0.927
      vertex 5.046046070754528 1.870309291141374 0.927
      vertex 5.01852535456419 1.870309291141374 0.927
    endloop
  endfacet
  facet normal 0 0 1
    outer loop
      vertex 5.046046070754528 1.870309291141374 0.927
      vertex 5.01852535456419 1.8472050034574101 0.927
      vertex 5.046046070754528 1.8472050034574101 0.927
    endloop
  endfacet
  facet normal 0 0 1
    outer loop
      vertex 4.74893356859684 2.57142857249294 0.927
      vertex 4.824973925948143 1.870309291141374 0.927
      vertex 5.01852535456419 1.870309291141374 0.927
    endloop
  endfacet
  facet normal 0 0 1
    outer loop
      vertex 5.01852535456419 1.870309291141374 0.927
      vertex 5.046046070754528 1.870309291141374 0.927
      vertex 4.948155000805855 2.57142857249294 0.927
    endloop
  endfacet
  facet normal 0 0 1
    outer loop
      vertex 5.245267502963543 1.2857142889073918 0.927
      vertex 5.527321070432663 1.2857142889073918 0.927
      vertex 5.245267502963543 1.3088185765913556 0.927
    endloop
  endfacet
  facet normal 0 0 1
    outer loop
      vertex 5.121028929948807 1.3205892869404385 0.927
      vertex 5.121028929948807 1.8358650037220547 0.927
      vertex 5.046046070754528 1.3088185765913556 0.927
    endloop
  endfacet
  facet normal 0 0 1
    outer loop
      vertex 5.245267502963543 1.3088185765913556 0.927
      vertex 5.166800357401371 1.8114557170442174 0.927
      vertex 5.166800357401371 1.3205892869404385 0.927
    endloop
  endfacet
  facet normal 0 0 1
    outer loop
      vertex 5.166800357401371 1.8114557170442174 0.927
      vertex 5.245267502963543 1.3088185765913556 0.927
      vertex 5.527321070432663 1.2857142889073918 0.927
    endloop
  endfacet
  facet normal 0 0 1
    outer loop
      vertex 5.569608211517334 1.2857142889073918 0.927
      vertex 5.644591070711613 1.8472050034574101 0.927
      vertex 5.569608211517334 1.8358650037220547 0.927
    endloop
  endfacet
  facet normal 0 0 1
    outer loop
      vertex 5.223037503659725 1.870309291141374 0.927
      vertex 5.0989885702729225 2.57142857249294 0.927
      vertex 5.046046070754528 1.870309291141374 0.927
    endloop
  endfacet
  facet normal 0 0 1
    outer loop
      vertex 5.253749996423721 2.57142857249294 0.927
      vertex 5.223037503659725 1.870309291141374 0.927
      vertex 5.445363216102123 1.870309291141374 0.927
    endloop
  endfacet
  facet normal 0 0 1
    outer loop
      vertex 5.523830354213715 1.4374221467546056 0.927
      vertex 5.445363216102123 1.8472050034574101 0.927
      vertex 5.223037503659725 1.870309291141374 0.927
    endloop
  endfacet
  facet normal 0 0 1
    outer loop
      vertex 5.445363216102123 1.870309291141374 0.927
      vertex 5.223037503659725 1.870309291141374 0.927
      vertex 5.445363216102123 1.8472050034574101 0.927
    endloop
  endfacet
  facet normal 0 0 1
    outer loop
      vertex 5.523830354213715 1.4374221467546056 0.927
      vertex 5.523830354213715 1.8358650037220547 0.927
      vertex 5.445363216102123 1.8472050034574101 0.927
    endloop
  endfacet
  facet normal 0 0 1
    outer loop
      vertex 5.644591070711613 1.870309291141374 0.927
      vertex 5.490900002419949 2.57142857249294 0.927
      vertex 5.445363216102123 1.870309291141374 0.927
    endloop
  endfacet
  facet normal 0 0 1
    outer loop
      vertex 5.644591070711613 1.870309291141374 0.927
      vertex 5.6908382177352905 1.870309291141374 0.927
      vertex 5.490900002419949 2.57142857249294 0.927
    endloop
  endfacet
  facet normal 0 0 1
    outer loop
      vertex 5.6908382177352905 1.3088185765913556 0.927
      vertex 5.569608211517334 1.2857142889073918 0.927
      vertex 5.6908382177352905 1.2857142889073918 0.927
    endloop
  endfacet
  facet normal 0 0 1
    outer loop
      vertex 5.569608211517334 1.2857142889073918 0.927
      vertex 5.6908382177352905 1.3088185765913556 0.927
      vertex 5.765821069478989 1.8358650037220547 0.927
    endloop
  endfacet
  facet normal 0 0 1
    outer loop
      vertex 5.765821069478989 1.3205892869404385 0.927
      vertex 5.765821069478989 1.8358650037220547 0.927
      vertex 5.6908382177352905 1.3088185765913556 0.927
    endloop
  endfacet
  facet normal 0 0 1
    outer loop
      vertex 5.569608211517334 1.2857142889073918 0.927
      vertex 5.6908382177352905 1.8472050034574101 0.927
      vertex 5.644591070711613 1.8472050034574101 0.927
    endloop
  endfacet
  facet normal 0 0 1
    outer loop
      vertex 5.569608211517334 1.2857142889073918 0.927
      vertex 5.765821069478989 1.8358650037220547 0.927
      vertex 5.6908382177352905 1.8472050034574101 0.927
    endloop
  endfacet
  facet normal 0 0 1
    outer loop
      vertex 5.890059642493725 1.3088185765913556 0.927
      vertex 5.811592496931553 1.8114557170442174 0.927
      vertex 5.811592496931553 1.3205892869404385 0.927
    endloop
  endfacet
  facet normal 0 0 1
    outer loop
      vertex 5.890059642493725 1.2857142889073918 0.927
      vertex 6.1721132174134254 1.2857142889073918 0.927
      vertex 5.890059642493725 1.3088185765913556 0.927
    endloop
  endfacet
  facet normal 0 0 1
    outer loop
      vertex 5.811592496931553 1.8114557170442174 0.927
      vertex 5.890059642493725 1.3088185765913556 0.927
      vertex 6.1721132174134254 1.2857142889073918 0.927
    endloop
  endfacet
  facet normal 0 0 1
    outer loop
      vertex 5.644591070711613 1.8472050034574101 0.927
      vertex 5.6908382177352905 1.870309291141374 0.927
      vertex 5.644591070711613 1.870309291141374 0.927
    endloop
  endfacet
  facet normal 0 0 1
    outer loop
      vertex 5.6908382177352905 1.870309291141374 0.927
      vertex 5.644591070711613 1.8472050034574101 0.927
      vertex 5.6908382177352905 1.8472050034574101 0.927
    endloop
  endfacet
  facet normal 0 0 1
    outer loop
      vertex 5.490900002419949 2.57142857249294 0.927
      vertex 5.6908382177352905 1.870309291141374 0.927
      vertex 5.867829643189907 1.870309291141374 0.927
    endloop
  endfacet
  facet normal 0 0 1
    outer loop
      vertex 5.490900002419949 2.594532860176904 0.927
      vertex 5.867829643189907 1.870309291141374 0.927
      vertex 6.090155355632305 1.870309291141374 0.927
    endloop
  endfacet
  facet normal 0 0 1
    outer loop
      vertex 6.168622501194477 1.4374221467546056 0.927
      vertex 6.090155355632305 1.8472050034574101 0.927
      vertex 5.867829643189907 1.870309291141374 0.927
    endloop
  endfacet
  facet normal 0 0 1
    outer loop
      vertex 6.090155355632305 1.870309291141374 0.927
      vertex 5.867829643189907 1.870309291141374 0.927
      vertex 6.090155355632305 1.8472050034574101 0.927
    endloop
  endfacet
  facet normal 0 0 1
    outer loop
      vertex 6.168622501194477 1.4374221467546056 0.927
      vertex 6.168622501194477 1.8358650037220547 0.927
      vertex 6.090155355632305 1.8472050034574101 0.927
    endloop
  endfacet
  facet normal 0 0 1
    outer loop
      vertex 6.289383217692375 1.870309291141374 0.927
      vertex 5.490900002419949 2.594532860176904 0.927
      vertex 6.090155355632305 1.870309291141374 0.927
    endloop
  endfacet
  facet normal 0 0 1
    outer loop
      vertex 6.335630357265472 1.3088185765913556 0.927
      vertex 6.2144003584980965 1.2857142889073918 0.927
      vertex 6.335630357265472 1.2857142889073918 0.927
    endloop
  endfacet
  facet normal 0 0 1
    outer loop
      vertex 6.2144003584980965 1.2857142889073918 0.927
      vertex 6.335630357265472 1.3088185765913556 0.927
      vertex 6.410613216459751 1.8358650037220547 0.927
    endloop
  endfacet
  facet normal 0 0 1
    outer loop
      vertex 6.2144003584980965 1.2857142889073918 0.927
      vertex 6.289383217692375 1.8472050034574101 0.927
      vertex 6.2144003584980965 1.8358650037220547 0.927
    endloop
  endfacet
  facet normal 0 0 1
    outer loop
      vertex 6.2144003584980965 1.2857142889073918 0.927
      vertex 6.335630357265472 1.8472050034574101 0.927
      vertex 6.289383217692375 1.8472050034574101 0.927
    endloop
  endfacet
  facet normal 0 0 1
    outer loop
      vertex 6.2144003584980965 1.2857142889073918 0.927
      vertex 6.410613216459751 1.8358650037220547 0.927
      vertex 6.335630357265472 1.8472050034574101 0.927
    endloop
  endfacet
  facet normal 0 0 1
    outer loop
      vertex 6.410613216459751 1.3205892869404385 0.927
      vertex 6.410613216459751 1.8358650037220547 0.927
      vertex 6.335630357265472 1.3088185765913556 0.927
    endloop
  endfacet
  facet normal 0 0 1
    outer loop
      vertex 6.534851782023907 1.2857142889073918 0.927
      vertex 6.816905356943607 1.2857142889073918 0.927
      vertex 6.534851782023907 1.3088185765913556 0.927
    endloop
  endfacet
  facet normal 0 0 1
    outer loop
      vertex 6.534851782023907 1.3088185765913556 0.927
      vertex 6.456384643912315 1.8114557170442174 0.927
      vertex 6.456384643912315 1.3205892869404385 0.927
    endloop
  endfacet
  facet normal 0 0 1
    outer loop
      vertex 6.456384643912315 1.8114557170442174 0.927
      vertex 6.534851782023907 1.3088185765913556 0.927
      vertex 6.816905356943607 1.2857142889073918 0.927
    endloop
  endfacet
  facet normal 0 0 1
    outer loop
      vertex 6.289383217692375 1.8472050034574101 0.927
      vertex 6.335630357265472 1.870309291141374 0.927
      vertex 6.289383217692375 1.870309291141374 0.927
    endloop
  endfacet
  facet normal 0 0 1
    outer loop
      vertex 6.335630357265472 1.870309291141374 0.927
      vertex 6.289383217692375 1.8472050034574101 0.927
      vertex 6.335630357265472 1.8472050034574101 0.927
    endloop
  endfacet
  facet normal 0 0 1
    outer loop
      vertex 6.813414640724659 1.4374221467546056 0.927
      vertex 6.734947502613068 1.8472050034574101 0.927
      vertex 6.512621782720089 1.870309291141374 0.927
    endloop
  endfacet
  facet normal 0 0 1
    outer loop
      vertex 6.734947502613068 1.870309291141374 0.927
      vertex 6.512621782720089 1.870309291141374 0.927
      vertex 6.734947502613068 1.8472050034574101 0.927
    endloop
  endfacet
  facet normal 0 0 1
    outer loop
      vertex 4.5819321423769 2.57142857249294 0.927
      vertex 4.631853215396404 1.8293271490505765 0.927
      vertex 4.721862860023975 2.57142857249294 0.927
    endloop
  endfacet
  facet normal 0 0 1
    outer loop
      vertex 4.631853215396404 1.8293271490505765 0.927
      vertex 4.74893356859684 2.57142857249294 0.927
      vertex 4.721862860023975 2.57142857249294 0.927
    endloop
  endfacet
  facet normal 0 0 1
    outer loop
      vertex 4.658657141029835 2.606303570525987 0.927
      vertex 4.5505446419119835 2.863015716629369 0.927
      vertex 4.500411428511143 2.839969290154321 0.927
    endloop
  endfacet
  facet normal 0 0 1
    outer loop
      vertex 4.74893356859684 2.594532860176904 0.927
      vertex 4.721862860023975 2.57142857249294 0.927
      vertex 4.74893356859684 2.57142857249294 0.927
    endloop
  endfacet
  facet normal 0 0 1
    outer loop
      vertex 4.721862860023975 2.57142857249294 0.927
      vertex 4.74893356859684 2.594532860176904 0.927
      vertex 4.721862860023975 2.594532860176904 0.927
    endloop
  endfacet
  facet normal 0 0 1
    outer loop
      vertex 4.721862860023975 2.594532860176904 0.927
      vertex 4.823916427791119 3.121579287307603 0.927
      vertex 4.658657141029835 2.606303570525987 0.927
    endloop
  endfacet
  facet normal 0 0 1
    outer loop
      vertex 4.823916427791119 3.121579287307603 0.927
      vertex 4.721862860023975 2.594532860176904 0.927
      vertex 4.74893356859684 2.594532860176904 0.927
    endloop
  endfacet
  facet normal 0 0 1
    outer loop
      vertex 4.74893356859684 2.57142857249294 0.927
      vertex 5.01852535456419 1.870309291141374 0.927
      vertex 4.948155000805855 2.57142857249294 0.927
    endloop
  endfacet
  facet normal 0 0 1
    outer loop
      vertex 5.046046070754528 1.870309291141374 0.927
      vertex 5.083733573555946 2.57142857249294 0.927
      vertex 4.948155000805855 2.57142857249294 0.927
    endloop
  endfacet
  facet normal 0 0 1
    outer loop
      vertex 4.823916427791119 2.606303570525987 0.927
      vertex 4.823916427791119 3.121579287307603 0.927
      vertex 4.74893356859684 2.594532860176904 0.927
    endloop
  endfacet
  facet normal 0 0 1
    outer loop
      vertex 4.948155000805855 2.594532860176904 0.927
      vertex 4.869687855243683 3.074065712945802 0.927
      vertex 4.869687855243683 2.606303570525987 0.927
    endloop
  endfacet
  facet normal 0 0 1
    outer loop
      vertex 4.948155000805855 2.57142857249294 0.927
      vertex 5.083733573555946 2.57142857249294 0.927
      vertex 4.948155000805855 2.594532860176904 0.927
    endloop
  endfacet
  facet normal 0 0 1
    outer loop
      vertex 4.869687855243683 3.074065712945802 0.927
      vertex 4.948155000805855 2.594532860176904 0.927
      vertex 5.083733573555946 2.57142857249294 0.927
    endloop
  endfacet
  facet normal 0 0 1
    outer loop
      vertex 4.456433571875095 2.8742416107228825 0.927
      vertex 4.525309287011623 2.934945000069482 0.927
      vertex 4.533537857234478 2.9938499980739186 0.927
    endloop
  endfacet
  facet normal 0 0 1
    outer loop
      vertex 4.533537857234478 2.9938499980739186 0.927
      vertex 4.525418572127819 3.050905180828912 0.927
      vertex 4.456433571875095 2.8742416107228825 0.927
    endloop
  endfacet
  facet normal 0 0 1
    outer loop
      vertex 4.658657141029835 2.606303570525987 0.927
      vertex 4.823916427791119 3.121579287307603 0.927
      vertex 4.5505446419119835 2.863015716629369 0.927
    endloop
  endfacet
  facet normal 0 0 1
    outer loop
      vertex 4.5505446419119835 2.863015716629369 0.927
      vertex 4.823916427791119 3.121579287307603 0.927
      vertex 4.588469997048378 2.8990350046328137 0.927
    endloop
  endfacet
  facet normal 0 0 1
    outer loop
      vertex 4.588469997048378 2.8990350046328137 0.927
      vertex 4.823916427791119 3.121579287307603 0.927
      vertex 4.612336069345474 2.945518394666059 0.927
    endloop
  endfacet
  facet normal 0 0 1
    outer loop
      vertex 4.612336069345474 2.945518394666059 0.927
      vertex 4.74893356859684 3.1329192870429585 0.927
      vertex 4.62029142677784 2.9999571421316693 0.927
    endloop
  endfacet
  facet normal 0 0 1
    outer loop
      vertex 4.62029142677784 2.9999571421316693 0.927
      vertex 4.74893356859684 3.1329192870429585 0.927
      vertex 4.607212498784065 3.07068428929363 0.927
    endloop
  endfacet
  facet normal 0 0 1
    outer loop
      vertex 4.74893356859684 3.1329192870429585 0.927
      vertex 4.612336069345474 2.945518394666059 0.927
      vertex 4.823916427791119 3.121579287307603 0.927
    endloop
  endfacet
  facet normal 0 0 1
    outer loop
      vertex 4.607212498784065 3.07068428929363 0.927
      vertex 4.74893356859684 3.1560235747269223 0.927
      vertex 4.567975714802742 3.118962859468801 0.927
    endloop
  endfacet
  facet normal 0 0 1
    outer loop
      vertex 4.607212498784065 3.07068428929363 0.927
      vertex 4.74893356859684 3.1329192870429585 0.927
      vertex 4.74893356859684 3.1560235747269223 0.927
    endloop
  endfacet
  facet normal 0 0 1
    outer loop
      vertex 5.083733573555946 2.57142857249294 0.927
      vertex 5.046046070754528 1.870309291141374 0.927
      vertex 5.0989885702729225 2.57142857249294 0.927
    endloop
  endfacet
  facet normal 0 0 1
    outer loop
      vertex 5.223037503659725 1.870309291141374 0.927
      vertex 5.253749996423721 2.57142857249294 0.927
      vertex 5.0989885702729225 2.57142857249294 0.927
    endloop
  endfacet
  facet normal 0 0 1
    outer loop
      vertex 5.253749996423721 2.594532860176904 0.927
      vertex 5.0989885702729225 2.57142857249294 0.927
      vertex 5.253749996423721 2.57142857249294 0.927
    endloop
  endfacet
  facet normal 0 0 1
    outer loop
      vertex 5.0989885702729225 2.57142857249294 0.927
      vertex 5.253749996423721 2.594532860176904 0.927
      vertex 5.332217141985893 3.074065712945802 0.927
    endloop
  endfacet
  facet normal 0 0 1
    outer loop
      vertex 5.332217141985893 2.606303570525987 0.927
      vertex 5.332217141985893 3.074065712945802 0.927
      vertex 5.253749996423721 2.594532860176904 0.927
    endloop
  endfacet
  facet normal 0 0 1
    outer loop
      vertex 5.253749996423721 2.57142857249294 0.927
      vertex 5.445363216102123 1.870309291141374 0.927
      vertex 5.490900002419949 2.57142857249294 0.927
    endloop
  endfacet
  facet normal 0 0 1
    outer loop
      vertex 5.490900002419949 2.57142857249294 0.927
      vertex 5.867829643189907 1.870309291141374 0.927
      vertex 5.490900002419949 2.594532860176904 0.927
    endloop
  endfacet
  facet normal 0 0 1
    outer loop
      vertex 5.490900002419949 2.594532860176904 0.927
      vertex 5.41591714322567 3.121579287307603 0.927
      vertex 5.41591714322567 2.606303570525987 0.927
    endloop
  endfacet
  facet normal 0 0 1
    outer loop
      vertex 5.115992143750191 2.7113657125404904 0.927
      vertex 5.323499999940395 3.1560235747269223 0.927
      vertex 4.925925001502037 3.1560235747269223 0.927
    endloop
  endfacet
  facet normal 0 0 1
    outer loop
      vertex 4.567975714802742 3.118962859468801 0.927
      vertex 4.710993751883507 3.867769283907754 0.927
      vertex 4.501279287040234 3.1467583903244565 0.927
    endloop
  endfacet
  facet normal 0 0 1
    outer loop
      vertex 4.501279287040234 3.1467583903244565 0.927
      vertex 4.615958571434021 3.9258000009826253 0.927
      vertex 4.40449071675539 3.8571428560784886 0.927
    endloop
  endfacet
  facet normal 0 0 1
    outer loop
      vertex 4.501279287040234 3.1467583903244565 0.927
      vertex 4.710993751883507 3.867769283907754 0.927
      vertex 4.615958571434021 3.9258000009826253 0.927
    endloop
  endfacet
  facet normal 0 0 1
    outer loop
      vertex 4.567975714802742 3.118962859468801 0.927
      vertex 4.74893356859684 3.1560235747269223 0.927
      vertex 4.710993751883507 3.867769283907754 0.927
    endloop
  endfacet
  facet normal 0 0 1
    outer loop
      vertex 4.710993751883507 3.867769283907754 0.927
      vertex 4.74893356859684 3.1560235747269223 0.927
      vertex 4.837416425347328 3.8484257140329907 0.927
    endloop
  endfacet
  facet normal 0 0 1
    outer loop
      vertex 4.556452497839928 4.018710536616189 0.927
      vertex 4.40449071675539 3.8571428560784886 0.927
      vertex 4.615958571434021 3.9258000009826253 0.927
    endloop
  endfacet
  facet normal 0 0 1
    outer loop
      vertex 4.838290713727474 3.8819892832211087 0.927
      vertex 4.681568570435047 3.9491228588989804 0.927
      vertex 4.7476687505841255 3.8987726771405766 0.927
    endloop
  endfacet
  facet normal 0 0 1
    outer loop
      vertex 4.925925001502037 3.1560235747269223 0.927
      vertex 4.837416425347328 3.8484257140329907 0.927
      vertex 4.74893356859684 3.1560235747269223 0.927
    endloop
  endfacet
  facet normal 0 0 1
    outer loop
      vertex 4.837416425347328 3.8484257140329907 0.927
      vertex 4.925925001502037 3.1560235747269223 0.927
      vertex 4.944109819829464 3.855291424053056 0.927
    endloop
  endfacet
  facet normal 0 0 1
    outer loop
      vertex 4.944109819829464 3.855291424053056 0.927
      vertex 4.925925001502037 3.1560235747269223 0.927
      vertex 5.043612860143185 3.875888569014413 0.927
    endloop
  endfacet
  facet normal 0 0 1
    outer loop
      vertex 4.925925001502037 3.1560235747269223 0.927
      vertex 5.126920714974403 3.8571428560784886 0.927
      vertex 5.043612860143185 3.875888569014413 0.927
    endloop
  endfacet
  facet normal 0 0 1
    outer loop
      vertex 4.641189105808735 4.03130089278732 0.927
      vertex 4.838290713727474 3.8819892832211087 0.927
      vertex 4.886567682027817 3.8849866070917676 0.927
    endloop
  endfacet
  facet normal 0 0 1
    outer loop
      vertex 4.641189105808735 4.03130089278732 0.927
      vertex 4.886567682027817 3.8849866070917676 0.927
      vertex 4.932012856006622 3.8939785712531636 0.927
    endloop
  endfacet
  facet normal 0 0 1
    outer loop
      vertex 4.838290713727474 3.8819892832211087 0.927
      vertex 4.641189105808735 4.03130089278732 0.927
      vertex 4.681568570435047 3.9491228588989804 0.927
    endloop
  endfacet
  facet normal 0 0 1
    outer loop
      vertex 5.0178921446204185 4.013209281223161 0.927
      vertex 4.6277292892336845 4.143554998295648 0.927
      vertex 4.641189105808735 4.03130089278732 0.927
    endloop
  endfacet
  facet normal 0 0 1
    outer loop
      vertex 5.0178921446204185 4.013209281223161 0.927
      vertex 4.640589639544487 4.263653566794736 0.927
      vertex 4.6277292892336845 4.143554998295648 0.927
    endloop
  endfacet
  facet normal 0 0 1
    outer loop
      vertex 4.640589639544487 4.263653566794736 0.927
      vertex 5.0178921446204185 4.013209281223161 0.927
      vertex 4.679170712828636 4.347572138266904 0.927
    endloop
  endfacet
  facet normal 0 0 1
    outer loop
      vertex 4.612905003130436 4.370894996183259 0.927
      vertex 4.479473568499088 4.418633570628507 0.927
      vertex 4.555689103901386 4.2751510718039105 0.927
    endloop
  endfacet
  facet normal 0 0 1
    outer loop
      vertex 4.707615539431572 4.4289305337837765 0.927
      vertex 4.479473568499088 4.441737858312471 0.927
      vertex 4.479473568499088 4.418633570628507 0.927
    endloop
  endfacet
  facet normal 0 0 1
    outer loop
      vertex 4.707615539431572 4.4289305337837765 0.927
      vertex 4.479473568499088 4.418633570628507 0.927
      vertex 4.612905003130436 4.370894996183259 0.927
    endloop
  endfacet
  facet normal 0 0 1
    outer loop
      vertex 4.641189105808735 4.03130089278732 0.927
      vertex 4.932012856006622 3.8939785712531636 0.927
      vertex 4.9714649990201 3.907983211534364 0.927
    endloop
  endfacet
  facet normal 0 0 1
    outer loop
      vertex 4.641189105808735 4.03130089278732 0.927
      vertex 4.9714649990201 3.907983211534364 0.927
      vertex 5.001762859523296 3.9260185712150166 0.927
    endloop
  endfacet
  facet normal 0 0 1
    outer loop
      vertex 4.641189105808735 4.03130089278732 0.927
      vertex 5.001762859523296 3.9260185712150166 0.927
      vertex 5.0178921446204185 4.013209281223161 0.927
    endloop
  endfacet
  facet normal 0 0 1
    outer loop
      vertex 5.046229287981987 4.013209281223161 0.927
      vertex 4.745761074125767 4.396943567054612 0.927
      vertex 5.0178921446204185 4.013209281223161 0.927
    endloop
  endfacet
  facet normal 0 0 1
    outer loop
      vertex 5.008737854659557 4.298310002045972 0.927
      vertex 5.046229287981987 4.013209281223161 0.927
      vertex 5.037512145936489 4.298310002045972 0.927
    endloop
  endfacet
  facet normal 0 0 1
    outer loop
      vertex 4.679170712828636 4.347572138266904 0.927
      vertex 5.0178921446204185 4.013209281223161 0.927
      vertex 4.745761074125767 4.396943567054612 0.927
    endloop
  endfacet
  facet normal 0 0 1
    outer loop
      vertex 4.745761074125767 4.396943567054612 0.927
      vertex 5.046229287981987 4.013209281223161 0.927
      vertex 4.8426492884755135 4.413400714950902 0.927
    endloop
  endfacet
  facet normal 0 0 1
    outer loop
      vertex 4.8426492884755135 4.413400714950902 0.927
      vertex 5.046229287981987 4.013209281223161 0.927
      vertex 4.884116783738136 4.410838929670198 0.927
    endloop
  endfacet
  facet normal 0 0 1
    outer loop
      vertex 4.884116783738136 4.410838929670198 0.927
      vertex 5.046229287981987 4.013209281223161 0.927
      vertex 4.924819283187389 4.403153573828084 0.927
    endloop
  endfacet
  facet normal 0 0 1
    outer loop
      vertex 4.924819283187389 4.403153573828084 0.927
      vertex 5.046229287981987 4.013209281223161 0.927
      vertex 4.995662145316601 4.374167142169816 0.927
    endloop
  endfacet
  facet normal 0 0 1
    outer loop
      vertex 4.995662145316601 4.374167142169816 0.927
      vertex 5.046229287981987 4.013209281223161 0.927
      vertex 5.008737854659557 4.298310002045972 0.927
    endloop
  endfacet
  facet normal 0 0 1
    outer loop
      vertex 4.924819283187389 4.403153573828084 0.927
      vertex 4.995662145316601 4.374167142169816 0.927
      vertex 4.962693214416504 4.390786608414991 0.927
    endloop
  endfacet
  facet normal 0 0 1
    outer loop
      vertex 5.126920714974403 3.8571428560784886 0.927
      vertex 4.925925001502037 3.1560235747269223 0.927
      vertex 5.323499999940395 3.1560235747269223 0.927
    endloop
  endfacet
  facet normal 0 0 1
    outer loop
      vertex 5.126920714974403 3.8571428560784886 0.927
      vertex 5.323499999940395 3.1560235747269223 0.927
      vertex 5.490900002419949 3.1560235747269223 0.927
    endloop
  endfacet
  facet normal 0 0 1
    outer loop
      vertex 5.126920714974403 3.8802471437624524 0.927
      vertex 5.043612860143185 3.875888569014413 0.927
      vertex 5.126920714974403 3.8571428560784886 0.927
    endloop
  endfacet
  facet normal 0 0 1
    outer loop
      vertex 5.373225003480911 3.8571428560784886 0.927
      vertex 5.617812857031822 3.8802471437624524 0.927
      vertex 5.373225003480911 3.8802471437624524 0.927
    endloop
  endfacet
  facet normal 0 0 1
    outer loop
      vertex 5.617812857031822 3.8802471437624524 0.927
      vertex 5.373225003480911 3.8571428560784886 0.927
      vertex 5.617812857031822 3.8571428560784886 0.927
    endloop
  endfacet
  facet normal 0 0 1
    outer loop
      vertex 5.043612860143185 3.875888569014413 0.927
      vertex 5.126920714974403 3.8802471437624524 0.927
      vertex 5.196233570575714 4.4072935708931515 0.927
    endloop
  endfacet
  facet normal 0 0 1
    outer loop
      vertex 5.196233570575714 3.8920178541115353 0.927
      vertex 5.196233570575714 4.4072935708931515 0.927
      vertex 5.126920714974403 3.8802471437624524 0.927
    endloop
  endfacet
  facet normal 0 0 1
    outer loop
      vertex 5.043612860143185 3.875888569014413 0.927
      vertex 5.196233570575714 4.4072935708931515 0.927
      vertex 5.046229287981987 4.013209281223161 0.927
    endloop
  endfacet
  facet normal 0 0 1
    outer loop
      vertex 5.280370712280273 3.8920178541115353 0.927
      vertex 5.373225003480911 3.8802471437624524 0.927
      vertex 5.280370712280273 4.086443571107728 0.927
    endloop
  endfacet
  facet normal 0 0 1
    outer loop
      vertex 5.280370712280273 4.086443571107728 0.927
      vertex 5.373225003480911 3.8802471437624524 0.927
      vertex 5.346192859113216 4.086443571107728 0.927
    endloop
  endfacet
  facet normal 0 0 1
    outer loop
      vertex 5.325704999268055 4.125683573739869 0.927
      vertex 5.389731965959072 4.134074462311609 0.927
      vertex 5.280370712280273 4.125683573739869 0.927
    endloop
  endfacet
  facet normal 0 0 1
    outer loop
      vertex 5.046229287981987 4.013209281223161 0.927
      vertex 5.121250711381435 4.418633570628507 0.927
      vertex 5.037512145936489 4.298310002045972 0.927
    endloop
  endfacet
  facet normal 0 0 1
    outer loop
      vertex 5.196233570575714 4.4072935708931515 0.927
      vertex 5.121250711381435 4.418633570628507 0.927
      vertex 5.046229287981987 4.013209281223161 0.927
    endloop
  endfacet
  facet normal 0 0 1
    outer loop
      vertex 5.037512145936489 4.298310002045972 0.927
      vertex 5.121250711381435 4.418633570628507 0.927
      vertex 5.034895710647106 4.426039283829076 0.927
    endloop
  endfacet
  facet normal 0 0 1
    outer loop
      vertex 5.323088571429253 4.40249785568033 0.927
      vertex 5.280370712280273 4.40249785568033 0.927
      vertex 5.280370712280273 4.125683573739869 0.927
    endloop
  endfacet
  facet normal 0 0 1
    outer loop
      vertex 5.390985533595085 4.394759466605527 0.927
      vertex 5.323088571429253 4.40249785568033 0.927
      vertex 5.280370712280273 4.125683573739869 0.927
    endloop
  endfacet
  facet normal 0 0 1
    outer loop
      vertex 5.346192859113216 4.086443571107728 0.927
      vertex 5.373225003480911 3.8802471437624524 0.927
      vertex 5.435943752527237 4.0981049963406155 0.927
    endloop
  endfacet
  facet normal 0 0 1
    outer loop
      vertex 5.373225003480911 3.8802471437624524 0.927
      vertex 5.617812857031822 3.8802471437624524 0.927
      vertex 5.435943752527237 4.0981049963406155 0.927
    endloop
  endfacet
  facet normal 0 0 1
    outer loop
      vertex 5.389731965959072 4.134074462311609 0.927
      vertex 5.434469997882843 4.159247142927987 0.927
      vertex 5.280370712280273 4.125683573739869 0.927
    endloop
  endfacet
  facet normal 0 0 1
    outer loop
      vertex 5.434469997882843 4.159247142927987 0.927
      vertex 5.460790179669857 4.203387317912919 0.927
      vertex 5.280370712280273 4.125683573739869 0.927
    endloop
  endfacet
  facet normal 0 0 1
    outer loop
      vertex 5.460790179669857 4.203387317912919 0.927
      vertex 5.469563573598862 4.26866785969053 0.927
      vertex 5.280370712280273 4.125683573739869 0.927
    endloop
  endfacet
  facet normal 0 0 1
    outer loop
      vertex 5.435943752527237 4.0981049963406155 0.927
      vertex 5.617812857031822 3.8802471437624524 0.927
      vertex 5.502040714025497 4.1330892869404385 0.927
    endloop
  endfacet
  facet normal 0 0 1
    outer loop
      vertex 5.692795716226101 3.8920178541115353 0.927
      vertex 5.502040714025497 4.1330892869404385 0.927
      vertex 5.617812857031822 3.8802471437624524 0.927
    endloop
  endfacet
  facet normal 0 0 1
    outer loop
      vertex 5.502040714025497 4.1330892869404385 0.927
      vertex 5.692795716226101 3.8920178541115353 0.927
      vertex 5.542748034000397 4.190525358276708 0.927
    endloop
  endfacet
  facet normal 0 0 1
    outer loop
      vertex 5.469563573598862 4.26866785969053 0.927
      vertex 5.461171068251133 4.3303516038826535 0.927
      vertex 5.280370712280273 4.125683573739869 0.927
    endloop
  endfacet
  facet normal 0 0 1
    outer loop
      vertex 5.461171068251133 4.3303516038826535 0.927
      vertex 5.435993574559689 4.371544284479959 0.927
      vertex 5.280370712280273 4.125683573739869 0.927
    endloop
  endfacet
  facet normal 0 0 1
    outer loop
      vertex 5.435993574559689 4.371544284479959 0.927
      vertex 5.390985533595085 4.394759466605527 0.927
      vertex 5.280370712280273 4.125683573739869 0.927
    endloop
  endfacet
  facet normal 0 0 1
    outer loop
      vertex 5.542748034000397 4.190525358276708 0.927
      vertex 5.692795716226101 4.4072935708931515 0.927
      vertex 5.556317143142223 4.2695421406200955 0.927
    endloop
  endfacet
  facet normal 0 0 1
    outer loop
      vertex 5.556317143142223 4.2695421406200955 0.927
      vertex 5.617812857031822 4.418633570628507 0.927
      vertex 5.502696432173252 4.398688925164087 0.927
    endloop
  endfacet
  facet normal 0 0 1
    outer loop
      vertex 5.617812857031822 4.441737858312471 0.927
      vertex 5.502696432173252 4.398688925164087 0.927
      vertex 5.617812857031822 4.418633570628507 0.927
    endloop
  endfacet
  facet normal 0 0 1
    outer loop
      vertex 5.617812857031822 4.418633570628507 0.927
      vertex 5.556317143142223 4.2695421406200955 0.927
      vertex 5.692795716226101 4.4072935708931515 0.927
    endloop
  endfacet
  facet normal 0 0 1
    outer loop
      vertex 5.41591714322567 3.121579287307603 0.927
      vertex 5.490900002419949 2.594532860176904 0.927
      vertex 6.289383217692375 1.870309291141374 0.927
    endloop
  endfacet
  facet normal 0 0 1
    outer loop
      vertex 5.41591714322567 3.121579287307603 0.927
      vertex 6.734947502613068 1.870309291141374 0.927
      vertex 5.490900002419949 3.1329192870429585 0.927
    endloop
  endfacet
  facet normal 0 0 1
    outer loop
      vertex 5.490900002419949 3.1329192870429585 0.927
      vertex 6.734947502613068 1.870309291141374 0.927
      vertex 5.490900002419949 3.1560235747269223 0.927
    endloop
  endfacet
  facet normal 0 0 1
    outer loop
      vertex 5.41591714322567 3.121579287307603 0.927
      vertex 6.289383217692375 1.870309291141374 0.927
      vertex 6.335630357265472 1.870309291141374 0.927
    endloop
  endfacet
  facet normal 0 0 1
    outer loop
      vertex 5.41591714322567 3.121579287307603 0.927
      vertex 6.335630357265472 1.870309291141374 0.927
      vertex 6.512621782720089 1.870309291141374 0.927
    endloop
  endfacet
  facet normal 0 0 1
    outer loop
      vertex 5.126920714974403 3.8571428560784886 0.927
      vertex 5.490900002419949 3.1560235747269223 0.927
      vertex 6.934175357222557 1.870309291141374 0.927
    endloop
  endfacet
  facet normal 0 0 1
    outer loop
      vertex 5.41591714322567 3.121579287307603 0.927
      vertex 6.512621782720089 1.870309291141374 0.927
      vertex 6.734947502613068 1.870309291141374 0.927
    endloop
  endfacet
  facet normal 0 0 1
    outer loop
      vertex 6.934175357222557 1.870309291141374 0.927
      vertex 5.490900002419949 3.1560235747269223 0.927
      vertex 6.734947502613068 1.870309291141374 0.927
    endloop
  endfacet
  facet normal 0 0 1
    outer loop
      vertex 9 0 0.927
      vertex 5.373225003480911 3.8571428560784886 0.927
      vertex 5.126920714974403 3.8571428560784886 0.927
    endloop
  endfacet
  facet normal 0 0 1
    outer loop
      vertex 9 0 0.927
      vertex 5.617812857031822 3.8571428560784886 0.927
      vertex 5.373225003480911 3.8571428560784886 0.927
    endloop
  endfacet
  facet normal 0 0 1
    outer loop
      vertex 5.817034289240837 3.8571428560784886 0.927
      vertex 6.099087856709957 3.8571428560784886 0.927
      vertex 5.817034289240837 3.8802471437624524 0.927
    endloop
  endfacet
  facet normal 0 0 1
    outer loop
      vertex 5.817034289240837 3.8802471437624524 0.927
      vertex 5.738567143678665 4.382884284215314 0.927
      vertex 5.738567143678665 3.8920178541115353 0.927
    endloop
  endfacet
  facet normal 0 0 1
    outer loop
      vertex 5.542748034000397 4.190525358276708 0.927
      vertex 5.692795716226101 3.8920178541115353 0.927
      vertex 5.692795716226101 4.4072935708931515 0.927
    endloop
  endfacet
  facet normal 0 0 1
    outer loop
      vertex 5.738567143678665 4.382884284215314 0.927
      vertex 5.817034289240837 3.8802471437624524 0.927
      vertex 6.099087856709957 3.8571428560784886 0.927
    endloop
  endfacet
  facet normal 0 0 1
    outer loop
      vertex 6.095597140491009 4.008850713925702 0.927
      vertex 6.017130002379417 4.418633570628507 0.927
      vertex 5.794804282486439 4.441737858312471 0.927
    endloop
  endfacet
  facet normal 0 0 1
    outer loop
      vertex 6.017130002379417 4.441737858312471 0.927
      vertex 5.794804282486439 4.441737858312471 0.927
      vertex 6.017130002379417 4.418633570628507 0.927
    endloop
  endfacet
  facet normal 0 0 1
    outer loop
      vertex 6.095597140491009 4.008850713925702 0.927
      vertex 6.095597140491009 4.4072935708931515 0.927
      vertex 6.017130002379417 4.418633570628507 0.927
    endloop
  endfacet
  facet normal 0 0 1
    outer loop
      vertex 6.141374997794628 3.8571428560784886 0.927
      vertex 6.216357856988907 4.418633570628507 0.927
      vertex 6.141374997794628 4.4072935708931515 0.927
    endloop
  endfacet
  facet normal 0 0 1
    outer loop
      vertex 9 0 0.927
      vertex 5.890059642493725 1.2857142889073918 0.927
      vertex 5.6908382177352905 1.2857142889073918 0.927
    endloop
  endfacet
  facet normal 0 0 1
    outer loop
      vertex 9 0 0.927
      vertex 6.1721132174134254 1.2857142889073918 0.927
      vertex 5.890059642493725 1.2857142889073918 0.927
    endloop
  endfacet
  facet normal 0 0 1
    outer loop
      vertex 9 0 0.927
      vertex 6.2144003584980965 1.2857142889073918 0.927
      vertex 6.1721132174134254 1.2857142889073918 0.927
    endloop
  endfacet
  facet normal 0 0 1
    outer loop
      vertex 9 0 0.927
      vertex 6.335630357265472 1.2857142889073918 0.927
      vertex 6.2144003584980965 1.2857142889073918 0.927
    endloop
  endfacet
  facet normal 0 0 1
    outer loop
      vertex 9 0 0.927
      vertex 6.534851782023907 1.2857142889073918 0.927
      vertex 6.335630357265472 1.2857142889073918 0.927
    endloop
  endfacet
  facet normal 0 0 1
    outer loop
      vertex 9 0 0.927
      vertex 6.816905356943607 1.2857142889073918 0.927
      vertex 6.534851782023907 1.2857142889073918 0.927
    endloop
  endfacet
  facet normal 0 0 1
    outer loop
      vertex 9 0 0.927
      vertex 6.859192498028278 1.2857142889073918 0.927
      vertex 6.816905356943607 1.2857142889073918 0.927
    endloop
  endfacet
  facet normal 0 0 1
    outer loop
      vertex 9 0 0.927
      vertex 6.934175357222557 1.8472050034574101 0.927
      vertex 6.859192498028278 1.2857142889073918 0.927
    endloop
  endfacet
  facet normal 0 0 1
    outer loop
      vertex 6.859192498028278 1.2857142889073918 0.927
      vertex 6.934175357222557 1.8472050034574101 0.927
      vertex 6.859192498028278 1.8358650037220547 0.927
    endloop
  endfacet
  facet normal 0 0 1
    outer loop
      vertex 6.813414640724659 1.4374221467546056 0.927
      vertex 6.813414640724659 1.8358650037220547 0.927
      vertex 6.734947502613068 1.8472050034574101 0.927
    endloop
  endfacet
  facet normal 0 0 1
    outer loop
      vertex 9 0 0.927
      vertex 5.126920714974403 3.8571428560784886 0.927
      vertex 6.934175357222557 1.870309291141374 0.927
    endloop
  endfacet
  facet normal 0 0 1
    outer loop
      vertex 9 0 0.927
      vertex 6.934175357222557 1.870309291141374 0.927
      vertex 6.934175357222557 1.8472050034574101 0.927
    endloop
  endfacet
  facet normal 0 0 1
    outer loop
      vertex 9 0 0.927
      vertex 5.817034289240837 3.8571428560784886 0.927
      vertex 5.617812857031822 3.8571428560784886 0.927
    endloop
  endfacet
  facet normal 0 0 1
    outer loop
      vertex 9 0 0.927
      vertex 6.099087856709957 3.8571428560784886 0.927
      vertex 5.817034289240837 3.8571428560784886 0.927
    endloop
  endfacet
  facet normal 0 0 1
    outer loop
      vertex 9 0 0.927
      vertex 6.141374997794628 3.8571428560784886 0.927
      vertex 6.099087856709957 3.8571428560784886 0.927
    endloop
  endfacet
  facet normal 0 0 1
    outer loop
      vertex 9 0 0.927
      vertex 6.216357856988907 4.418633570628507 0.927
      vertex 6.141374997794628 3.8571428560784886 0.927
    endloop
  endfacet
  facet normal 0 0 1
    outer loop
      vertex 9 0 0.927
      vertex 6.216357856988907 4.441737858312471 0.927
      vertex 6.216357856988907 4.418633570628507 0.927
    endloop
  endfacet
  facet normal 0 0 1
    outer loop
      vertex 9 0 0.927
      vertex 6.141374997794628 5.142857139664037 0.927
      vertex 6.216357856988907 4.441737858312471 0.927
    endloop
  endfacet
  facet normal 0 0 1
    outer loop
      vertex 9 0 0.927
      vertex 6.216357856988907 5.704347854214055 0.927
      vertex 6.141374997794628 5.142857139664037 0.927
    endloop
  endfacet
  facet normal 0 0 1
    outer loop
      vertex 9 0 0.927
      vertex 6.216357856988907 5.727452141898019 0.927
      vertex 6.216357856988907 5.704347854214055 0.927
    endloop
  endfacet
  facet normal 0 0 1
    outer loop
      vertex 9 0 0.927
      vertex 7.380724497139454 6.428571430700166 0.927
      vertex 6.216357856988907 5.727452141898019 0.927
    endloop
  endfacet
  facet normal 0 0 1
    outer loop
      vertex 9 0 0.927
      vertex 7.380724497139454 6.549411860959871 0.927
      vertex 7.380724497139454 6.428571430700166 0.927
    endloop
  endfacet
  facet normal 0 0 1
    outer loop
      vertex 4.0801500007510185 5.142857139664037 0.927
      vertex 4.707615539431572 4.4289305337837765 0.927
      vertex 4.839158572256565 4.448275712983949 0.927
    endloop
  endfacet
  facet normal 0 0 1
    outer loop
      vertex 4.0801500007510185 5.142857139664037 0.927
      vertex 4.839158572256565 4.448275712983949 0.927
      vertex 4.933648928999901 4.442716603832586 0.927
    endloop
  endfacet
  facet normal 0 0 1
    outer loop
      vertex 4.0801500007510185 5.142857139664037 0.927
      vertex 4.933648928999901 4.442716603832586 0.927
      vertex 5.034895710647106 4.426039283829076 0.927
    endloop
  endfacet
  facet normal 0 0 1
    outer loop
      vertex 4.0801500007510185 5.142857139664037 0.927
      vertex 5.034895710647106 4.426039283829076 0.927
      vertex 5.121250711381435 4.418633570628507 0.927
    endloop
  endfacet
  facet normal 0 0 1
    outer loop
      vertex 4.0801500007510185 5.142857139664037 0.927
      vertex 5.121250711381435 4.418633570628507 0.927
      vertex 4.3622035682201385 5.142857139664037 0.927
    endloop
  endfacet
  facet normal 0 0 1
    outer loop
      vertex 5.121250711381435 4.418633570628507 0.927
      vertex 4.40449071675539 5.142857139664037 0.927
      vertex 4.3622035682201385 5.142857139664037 0.927
    endloop
  endfacet
  facet normal 0 0 1
    outer loop
      vertex 5.121250711381435 4.441737858312471 0.927
      vertex 4.710993751883507 5.153483567493303 0.927
      vertex 4.40449071675539 5.142857139664037 0.927
    endloop
  endfacet
  facet normal 0 0 1
    outer loop
      vertex 5.121250711381435 4.441737858312471 0.927
      vertex 4.40449071675539 5.142857139664037 0.927
      vertex 5.121250711381435 4.418633570628507 0.927
    endloop
  endfacet
  facet normal 0 0 1
    outer loop
      vertex 5.121250711381435 4.441737858312471 0.927
      vertex 4.837416425347328 5.134139997618539 0.927
      vertex 4.710993751883507 5.153483567493303 0.927
    endloop
  endfacet
  facet normal 0 0 1
    outer loop
      vertex 5.121250711381435 4.441737858312471 0.927
      vertex 4.944109819829464 5.141005707638604 0.927
      vertex 4.837416425347328 5.134139997618539 0.927
    endloop
  endfacet
  facet normal 0 0 1
    outer loop
      vertex 5.121250711381435 4.441737858312471 0.927
      vertex 5.043612860143185 5.1616028525999615 0.927
      vertex 4.944109819829464 5.141005707638604 0.927
    endloop
  endfacet
  facet normal 0 0 1
    outer loop
      vertex 4.615958571434021 5.211514284568174 0.927
      vertex 4.40449071675539 5.142857139664037 0.927
      vertex 4.710993751883507 5.153483567493303 0.927
    endloop
  endfacet
  facet normal 0 0 1
    outer loop
      vertex 4.556452497839928 5.304424820201738 0.927
      vertex 4.40449071675539 5.142857139664037 0.927
      vertex 4.615958571434021 5.211514284568174 0.927
    endloop
  endfacet
  facet normal 0 0 1
    outer loop
      vertex 4.681568570435047 5.234837142484529 0.927
      vertex 5.008737854659557 5.5840242856315205 0.927
      vertex 4.641189105808735 5.317015176372869 0.927
    endloop
  endfacet
  facet normal 0 0 1
    outer loop
      vertex 4.641189105808735 5.317015176372869 0.927
      vertex 5.008737854659557 5.5840242856315205 0.927
      vertex 4.6277292892336845 5.429269281881196 0.927
    endloop
  endfacet
  facet normal 0 0 1
    outer loop
      vertex 4.6277292892336845 5.429269281881196 0.927
      vertex 5.008737854659557 5.5840242856315205 0.927
      vertex 4.640589639544487 5.549367850380285 0.927
    endloop
  endfacet
  facet normal 0 0 1
    outer loop
      vertex 4.640589639544487 5.549367850380285 0.927
      vertex 5.008737854659557 5.5840242856315205 0.927
      vertex 4.679170712828636 5.6332864218524525 0.927
    endloop
  endfacet
  facet normal 0 0 1
    outer loop
      vertex 4.7476687505841255 5.184486960726125 0.927
      vertex 5.008737854659557 5.5840242856315205 0.927
      vertex 4.681568570435047 5.234837142484529 0.927
    endloop
  endfacet
  facet normal 0 0 1
    outer loop
      vertex 4.838290713727474 5.167703566806657 0.927
      vertex 5.008737854659557 5.5840242856315205 0.927
      vertex 4.7476687505841255 5.184486960726125 0.927
    endloop
  endfacet
  facet normal 0 0 1
    outer loop
      vertex 4.886567682027817 5.170700890677316 0.927
      vertex 5.037512145936489 5.5840242856315205 0.927
      vertex 4.838290713727474 5.167703566806657 0.927
    endloop
  endfacet
  facet normal 0 0 1
    outer loop
      vertex 4.932012856006622 5.179692854838712 0.927
      vertex 5.037512145936489 5.5840242856315205 0.927
      vertex 4.886567682027817 5.170700890677316 0.927
    endloop
  endfacet
  facet normal 0 0 1
    outer loop
      vertex 4.9714649990201 5.193697495119912 0.927
      vertex 5.037512145936489 5.5840242856315205 0.927
      vertex 4.932012856006622 5.179692854838712 0.927
    endloop
  endfacet
  facet normal 0 0 1
    outer loop
      vertex 5.001762859523296 5.211732854800565 0.927
      vertex 5.037512145936489 5.5840242856315205 0.927
      vertex 4.9714649990201 5.193697495119912 0.927
    endloop
  endfacet
  facet normal 0 0 1
    outer loop
      vertex 4.838290713727474 5.167703566806657 0.927
      vertex 5.037512145936489 5.5840242856315205 0.927
      vertex 5.008737854659557 5.5840242856315205 0.927
    endloop
  endfacet
  facet normal 0 0 1
    outer loop
      vertex 5.001762859523296 5.211732854800565 0.927
      vertex 5.0178921446204185 5.298923564808709 0.927
      vertex 5.037512145936489 5.5840242856315205 0.927
    endloop
  endfacet
  facet normal 0 0 1
    outer loop
      vertex 5.046229287981987 5.298923564808709 0.927
      vertex 5.121250711381435 5.704347854214055 0.927
      vertex 5.0178921446204185 5.298923564808709 0.927
    endloop
  endfacet
  facet normal 0 0 1
    outer loop
      vertex 5.0178921446204185 5.298923564808709 0.927
      vertex 5.121250711381435 5.704347854214055 0.927
      vertex 5.037512145936489 5.5840242856315205 0.927
    endloop
  endfacet
  facet normal 0 0 1
    outer loop
      vertex 5.341834284365177 4.441737858312471 0.927
      vertex 5.126920714974403 5.142857139664037 0.927
      vertex 5.121250711381435 4.441737858312471 0.927
    endloop
  endfacet
  facet normal 0 0 1
    outer loop
      vertex 5.502696432173252 4.398688925164087 0.927
      vertex 5.126920714974403 5.142857139664037 0.927
      vertex 5.341834284365177 4.441737858312471 0.927
    endloop
  endfacet
  facet normal 0 0 1
    outer loop
      vertex 5.121250711381435 4.441737858312471 0.927
      vertex 5.126920714974403 5.142857139664037 0.927
      vertex 5.043612860143185 5.1616028525999615 0.927
    endloop
  endfacet
  facet normal 0 0 1
    outer loop
      vertex 5.502696432173252 4.398688925164087 0.927
      vertex 5.617812857031822 4.441737858312471 0.927
      vertex 5.126920714974403 5.142857139664037 0.927
    endloop
  endfacet
  facet normal 0 0 1
    outer loop
      vertex 5.794804282486439 4.441737858312471 0.927
      vertex 5.373225003480911 5.142857139664037 0.927
      vertex 5.617812857031822 4.441737858312471 0.927
    endloop
  endfacet
  facet normal 0 0 1
    outer loop
      vertex 5.617812857031822 4.441737858312471 0.927
      vertex 5.373225003480911 5.142857139664037 0.927
      vertex 5.126920714974403 5.142857139664037 0.927
    endloop
  endfacet
  facet normal 0 0 1
    outer loop
      vertex 5.126920714974403 5.165961427348001 0.927
      vertex 5.043612860143185 5.1616028525999615 0.927
      vertex 5.126920714974403 5.142857139664037 0.927
    endloop
  endfacet
  facet normal 0 0 1
    outer loop
      vertex 5.043612860143185 5.1616028525999615 0.927
      vertex 5.126920714974403 5.165961427348001 0.927
      vertex 5.196233570575714 5.177732137697084 0.927
    endloop
  endfacet
  facet normal 0 0 1
    outer loop
      vertex 5.280370712280273 5.177732137697084 0.927
      vertex 5.373225003480911 5.165961427348001 0.927
      vertex 5.280370712280273 5.372157854693277 0.927
    endloop
  endfacet
  facet normal 0 0 1
    outer loop
      vertex 5.280370712280273 5.372157854693277 0.927
      vertex 5.373225003480911 5.165961427348001 0.927
      vertex 5.346192859113216 5.372157854693277 0.927
    endloop
  endfacet
  facet normal 0 0 1
    outer loop
      vertex 5.043612860143185 5.1616028525999615 0.927
      vertex 5.196233570575714 5.6930078544787 0.927
      vertex 5.046229287981987 5.298923564808709 0.927
    endloop
  endfacet
  facet normal 0 0 1
    outer loop
      vertex 5.043612860143185 5.1616028525999615 0.927
      vertex 5.196233570575714 5.177732137697084 0.927
      vertex 5.196233570575714 5.6930078544787 0.927
    endloop
  endfacet
  facet normal 0 0 1
    outer loop
      vertex 5.196233570575714 5.6930078544787 0.927
      vertex 5.121250711381435 5.704347854214055 0.927
      vertex 5.046229287981987 5.298923564808709 0.927
    endloop
  endfacet
  facet normal 0 0 1
    outer loop
      vertex 5.325704999268055 5.411397857325418 0.927
      vertex 5.389731965959072 5.419788745897157 0.927
      vertex 5.280370712280273 5.411397857325418 0.927
    endloop
  endfacet
  facet normal 0 0 1
    outer loop
      vertex 5.323088571429253 5.688212139265878 0.927
      vertex 5.280370712280273 5.688212139265878 0.927
      vertex 5.280370712280273 5.411397857325418 0.927
    endloop
  endfacet
  facet normal 0 0 1
    outer loop
      vertex 5.390985533595085 5.680473750191076 0.927
      vertex 5.323088571429253 5.688212139265878 0.927
      vertex 5.280370712280273 5.411397857325418 0.927
    endloop
  endfacet
  facet normal 0 0 1
    outer loop
      vertex 5.373225003480911 5.142857139664037 0.927
      vertex 5.617812857031822 5.165961427348001 0.927
      vertex 5.373225003480911 5.165961427348001 0.927
    endloop
  endfacet
  facet normal 0 0 1
    outer loop
      vertex 5.346192859113216 5.372157854693277 0.927
      vertex 5.373225003480911 5.165961427348001 0.927
      vertex 5.435943752527237 5.383819279926164 0.927
    endloop
  endfacet
  facet normal 0 0 1
    outer loop
      vertex 5.373225003480911 5.165961427348001 0.927
      vertex 5.617812857031822 5.165961427348001 0.927
      vertex 5.435943752527237 5.383819279926164 0.927
    endloop
  endfacet
  facet normal 0 0 1
    outer loop
      vertex 5.617812857031822 5.165961427348001 0.927
      vertex 5.373225003480911 5.142857139664037 0.927
      vertex 5.617812857031822 5.142857139664037 0.927
    endloop
  endfacet
  facet normal 0 0 1
    outer loop
      vertex 5.435943752527237 5.383819279926164 0.927
      vertex 5.617812857031822 5.165961427348001 0.927
      vertex 5.502040714025497 5.418803570525987 0.927
    endloop
  endfacet
  facet normal 0 0 1
    outer loop
      vertex 5.692795716226101 5.177732137697084 0.927
      vertex 5.502040714025497 5.418803570525987 0.927
      vertex 5.617812857031822 5.165961427348001 0.927
    endloop
  endfacet
  facet normal 0 0 1
    outer loop
      vertex 5.389731965959072 5.419788745897157 0.927
      vertex 5.434469997882843 5.444961426513536 0.927
      vertex 5.280370712280273 5.411397857325418 0.927
    endloop
  endfacet
  facet normal 0 0 1
    outer loop
      vertex 5.434469997882843 5.444961426513536 0.927
      vertex 5.460790179669857 5.489101601498468 0.927
      vertex 5.280370712280273 5.411397857325418 0.927
    endloop
  endfacet
  facet normal 0 0 1
    outer loop
      vertex 5.460790179669857 5.489101601498468 0.927
      vertex 5.469563573598862 5.5543821432760785 0.927
      vertex 5.280370712280273 5.411397857325418 0.927
    endloop
  endfacet
  facet normal 0 0 1
    outer loop
      vertex 5.469563573598862 5.5543821432760785 0.927
      vertex 5.461171068251133 5.616065887468202 0.927
      vertex 5.280370712280273 5.411397857325418 0.927
    endloop
  endfacet
  facet normal 0 0 1
    outer loop
      vertex 5.435993574559689 5.657258568065507 0.927
      vertex 5.390985533595085 5.680473750191076 0.927
      vertex 5.280370712280273 5.411397857325418 0.927
    endloop
  endfacet
  facet normal 0 0 1
    outer loop
      vertex 5.461171068251133 5.616065887468202 0.927
      vertex 5.435993574559689 5.657258568065507 0.927
      vertex 5.280370712280273 5.411397857325418 0.927
    endloop
  endfacet
  facet normal 0 0 1
    outer loop
      vertex 5.502040714025497 5.418803570525987 0.927
      vertex 5.692795716226101 5.177732137697084 0.927
      vertex 5.542748034000397 5.476239641862256 0.927
    endloop
  endfacet
  facet normal 0 0 1
    outer loop
      vertex 5.542748034000397 5.476239641862256 0.927
      vertex 5.692795716226101 5.177732137697084 0.927
      vertex 5.556317143142223 5.555256424205644 0.927
    endloop
  endfacet
  facet normal 0 0 1
    outer loop
      vertex 4.612905003130436 5.656609279768808 0.927
      vertex 4.479473568499088 5.704347854214055 0.927
      vertex 4.555689103901386 5.560865355389459 0.927
    endloop
  endfacet
  facet normal 0 0 1
    outer loop
      vertex 4.479473568499088 5.704347854214055 0.927
      vertex 4.612905003130436 5.656609279768808 0.927
      vertex 4.479473568499088 5.727452141898019 0.927
    endloop
  endfacet
  facet normal 0 0 1
    outer loop
      vertex 4.707615539431572 5.714644817369325 0.927
      vertex 4.479473568499088 5.727452141898019 0.927
      vertex 4.612905003130436 5.656609279768808 0.927
    endloop
  endfacet
  facet normal 0 0 1
    outer loop
      vertex 4.839158572256565 5.733989996569497 0.927
      vertex 4.479473568499088 5.727452141898019 0.927
      vertex 4.707615539431572 5.714644817369325 0.927
    endloop
  endfacet
  facet normal 0 0 1
    outer loop
      vertex 3.861193500459194 6.428571430700166 0.927
      vertex 4.839158572256565 5.733989996569497 0.927
      vertex 4.933648928999901 5.728430887418134 0.927
    endloop
  endfacet
  facet normal 0 0 1
    outer loop
      vertex 3.861193500459194 6.428571430700166 0.927
      vertex 4.933648928999901 5.728430887418134 0.927
      vertex 5.034895710647106 5.7117535674146245 0.927
    endloop
  endfacet
  facet normal 0 0 1
    outer loop
      vertex 3.861193500459194 6.428571430700166 0.927
      vertex 5.034895710647106 5.7117535674146245 0.927
      vertex 5.121250711381435 5.704347854214055 0.927
    endloop
  endfacet
  facet normal 0 0 1
    outer loop
      vertex 4.679170712828636 5.6332864218524525 0.927
      vertex 5.008737854659557 5.5840242856315205 0.927
      vertex 4.745761074125767 5.682657850640161 0.927
    endloop
  endfacet
  facet normal 0 0 1
    outer loop
      vertex 4.745761074125767 5.682657850640161 0.927
      vertex 5.008737854659557 5.5840242856315205 0.927
      vertex 4.8426492884755135 5.699114998536451 0.927
    endloop
  endfacet
  facet normal 0 0 1
    outer loop
      vertex 4.8426492884755135 5.699114998536451 0.927
      vertex 5.008737854659557 5.5840242856315205 0.927
      vertex 4.884116783738136 5.696553213255746 0.927
    endloop
  endfacet
  facet normal 0 0 1
    outer loop
      vertex 4.884116783738136 5.696553213255746 0.927
      vertex 5.008737854659557 5.5840242856315205 0.927
      vertex 4.924819283187389 5.688867857413633 0.927
    endloop
  endfacet
  facet normal 0 0 1
    outer loop
      vertex 4.995662145316601 5.659881425755365 0.927
      vertex 4.924819283187389 5.688867857413633 0.927
      vertex 5.008737854659557 5.5840242856315205 0.927
    endloop
  endfacet
  facet normal 0 0 1
    outer loop
      vertex 4.995662145316601 5.659881425755365 0.927
      vertex 4.962693214416504 5.676500892000539 0.927
      vertex 4.924819283187389 5.688867857413633 0.927
    endloop
  endfacet
  facet normal 0 0 1
    outer loop
      vertex 5.121250711381435 5.727452141898019 0.927
      vertex 4.313219785690308 6.428571430700166 0.927
      vertex 5.121250711381435 5.704347854214055 0.927
    endloop
  endfacet
  facet normal 0 0 1
    outer loop
      vertex 4.313219785690308 6.428571430700166 0.927
      vertex 5.121250711381435 5.727452141898019 0.927
      vertex 4.73381806910038 6.428571430700166 0.927
    endloop
  endfacet
  facet normal 0 0 1
    outer loop
      vertex 4.73381806910038 6.470159148531301 0.927
      vertex 4.856255359947681 6.942539570587022 0.927
      vertex 4.598848931491375 6.4913464316299985 0.927
    endloop
  endfacet
  facet normal 0 0 1
    outer loop
      vertex 4.73381806910038 6.428571430700166 0.927
      vertex 5.121250711381435 5.727452141898019 0.927
      vertex 5.170133247971535 6.447699000792844 0.927
    endloop
  endfacet
  facet normal 0 0 1
    outer loop
      vertex 4.73381806910038 6.428571430700166 0.927
      vertex 4.999069929122925 6.5521542855671475 0.927
      vertex 4.73381806910038 6.470159148531301 0.927
    endloop
  endfacet
  facet normal 0 0 1
    outer loop
      vertex 4.891958996653557 6.719393251197679 0.927
      vertex 4.73381806910038 6.470159148531301 0.927
      vertex 4.999069929122925 6.5521542855671475 0.927
    endloop
  endfacet
  facet normal 0 0 1
    outer loop
      vertex 4.73381806910038 6.470159148531301 0.927
      vertex 4.891958996653557 6.719393251197679 0.927
      vertex 4.856255359947681 6.942539570587022 0.927
    endloop
  endfacet
  facet normal 0 0 1
    outer loop
      vertex 4.999069929122925 6.5521542855671475 0.927
      vertex 4.73381806910038 6.428571430700166 0.927
      vertex 5.170133247971535 6.447699000792844 0.927
    endloop
  endfacet
  facet normal 0 0 1
    outer loop
      vertex 5.037512145936489 5.5840242856315205 0.927
      vertex 5.121250711381435 5.704347854214055 0.927
      vertex 5.034895710647106 5.7117535674146245 0.927
    endloop
  endfacet
  facet normal 0 0 1
    outer loop
      vertex 5.556317143142223 5.555256424205644 0.927
      vertex 5.617812857031822 5.704347854214055 0.927
      vertex 5.502696432173252 5.684403208749635 0.927
    endloop
  endfacet
  facet normal 0 0 1
    outer loop
      vertex 5.617812857031822 5.704347854214055 0.927
      vertex 5.556317143142223 5.555256424205644 0.927
      vertex 5.692795716226101 5.6930078544787 0.927
    endloop
  endfacet
  facet normal 0 0 1
    outer loop
      vertex 5.617812857031822 5.727452141898019 0.927
      vertex 5.502696432173252 5.684403208749635 0.927
      vertex 5.617812857031822 5.704347854214055 0.927
    endloop
  endfacet
  facet normal 0 0 1
    outer loop
      vertex 5.341834284365177 5.727452141898019 0.927
      vertex 5.947834499180317 6.446622861283166 0.927
      vertex 5.121250711381435 5.727452141898019 0.927
    endloop
  endfacet
  facet normal 0 0 1
    outer loop
      vertex 5.502696432173252 5.684403208749635 0.927
      vertex 5.947834499180317 6.446622861283166 0.927
      vertex 5.341834284365177 5.727452141898019 0.927
    endloop
  endfacet
  facet normal 0 0 1
    outer loop
      vertex 5.170133247971535 6.447699000792844 0.927
      vertex 5.121250711381435 5.727452141898019 0.927
      vertex 5.397694073617458 6.41288057501827 0.927
    endloop
  endfacet
  facet normal 0 0 1
    outer loop
      vertex 5.397694073617458 6.41288057501827 0.927
      vertex 5.121250711381435 5.727452141898019 0.927
      vertex 5.589742176234722 6.425238860504968 0.927
    endloop
  endfacet
  facet normal 0 0 1
    outer loop
      vertex 5.589742176234722 6.425238860504968 0.927
      vertex 5.121250711381435 5.727452141898019 0.927
      vertex 5.768847644329071 6.462313716965062 0.927
    endloop
  endfacet
  facet normal 0 0 1
    outer loop
      vertex 5.947834499180317 6.446622861283166 0.927
      vertex 5.768847644329071 6.462313716965062 0.927
      vertex 5.121250711381435 5.727452141898019 0.927
    endloop
  endfacet
  facet normal 0 0 1
    outer loop
      vertex 5.399267785251141 6.473295001046998 0.927
      vertex 5.706072643399239 7.222672288971288 0.927
      vertex 5.236148253083229 6.503505108611924 0.927
    endloop
  endfacet
  facet normal 0 0 1
    outer loop
      vertex 5.486166320741177 6.478690182524068 0.927
      vertex 5.757866360247135 7.222672288971288 0.927
      vertex 5.399267785251141 6.473295001046998 0.927
    endloop
  endfacet
  facet normal 0 0 1
    outer loop
      vertex 5.5679676458239555 6.494875719504697 0.927
      vertex 5.757866360247135 7.222672288971288 0.927
      vertex 5.486166320741177 6.478690182524068 0.927
    endloop
  endfacet
  facet normal 0 0 1
    outer loop
      vertex 5.794804282486439 4.441737858312471 0.927
      vertex 6.017130002379417 4.441737858312471 0.927
      vertex 5.373225003480911 5.142857139664037 0.927
    endloop
  endfacet
  facet normal 0 0 1
    outer loop
      vertex 6.017130002379417 4.441737858312471 0.927
      vertex 5.617812857031822 5.142857139664037 0.927
      vertex 5.373225003480911 5.142857139664037 0.927
    endloop
  endfacet
  facet normal 0 0 1
    outer loop
      vertex 6.017130002379417 4.441737858312471 0.927
      vertex 5.817034289240837 5.142857139664037 0.927
      vertex 5.617812857031822 5.142857139664037 0.927
    endloop
  endfacet
  facet normal 0 0 1
    outer loop
      vertex 6.216357856988907 4.441737858312471 0.927
      vertex 6.099087856709957 5.142857139664037 0.927
      vertex 6.017130002379417 4.441737858312471 0.927
    endloop
  endfacet
  facet normal 0 0 1
    outer loop
      vertex 6.017130002379417 4.441737858312471 0.927
      vertex 6.099087856709957 5.142857139664037 0.927
      vertex 5.817034289240837 5.142857139664037 0.927
    endloop
  endfacet
  facet normal 0 0 1
    outer loop
      vertex 6.216357856988907 4.441737858312471 0.927
      vertex 6.141374997794628 5.142857139664037 0.927
      vertex 6.099087856709957 5.142857139664037 0.927
    endloop
  endfacet
  facet normal 0 0 1
    outer loop
      vertex 5.817034289240837 5.165961427348001 0.927
      vertex 5.738567143678665 5.668598567800863 0.927
      vertex 5.738567143678665 5.177732137697084 0.927
    endloop
  endfacet
  facet normal 0 0 1
    outer loop
      vertex 5.738567143678665 5.668598567800863 0.927
      vertex 5.817034289240837 5.165961427348001 0.927
      vertex 6.099087856709957 5.142857139664037 0.927
    endloop
  endfacet
  facet normal 0 0 1
    outer loop
      vertex 5.692795716226101 5.177732137697084 0.927
      vertex 5.692795716226101 5.6930078544787 0.927
      vertex 5.556317143142223 5.555256424205644 0.927
    endloop
  endfacet
  facet normal 0 0 1
    outer loop
      vertex 5.817034289240837 5.142857139664037 0.927
      vertex 6.099087856709957 5.142857139664037 0.927
      vertex 5.817034289240837 5.165961427348001 0.927
    endloop
  endfacet
  facet normal 0 0 1
    outer loop
      vertex 6.095597140491009 5.294564997511251 0.927
      vertex 6.017130002379417 5.704347854214055 0.927
      vertex 5.794804282486439 5.727452141898019 0.927
    endloop
  endfacet
  facet normal 0 0 1
    outer loop
      vertex 6.095597140491009 5.294564997511251 0.927
      vertex 6.095597140491009 5.6930078544787 0.927
      vertex 6.017130002379417 5.704347854214055 0.927
    endloop
  endfacet
  facet normal 0 0 1
    outer loop
      vertex 6.141374997794628 5.142857139664037 0.927
      vertex 6.216357856988907 5.704347854214055 0.927
      vertex 6.141374997794628 5.6930078544787 0.927
    endloop
  endfacet
  facet normal 0 0 1
    outer loop
      vertex 5.502696432173252 5.684403208749635 0.927
      vertex 5.617812857031822 5.727452141898019 0.927
      vertex 5.947834499180317 6.446622861283166 0.927
    endloop
  endfacet
  facet normal 0 0 1
    outer loop
      vertex 5.794804282486439 5.727452141898019 0.927
      vertex 5.947834499180317 6.446622861283166 0.927
      vertex 5.617812857031822 5.727452141898019 0.927
    endloop
  endfacet
  facet normal 0 0 1
    outer loop
      vertex 6.017130002379417 5.727452141898019 0.927
      vertex 5.794804282486439 5.727452141898019 0.927
      vertex 6.017130002379417 5.704347854214055 0.927
    endloop
  endfacet
  facet normal 0 0 1
    outer loop
      vertex 5.947834499180317 6.446622861283166 0.927
      vertex 5.794804282486439 5.727452141898019 0.927
      vertex 6.017130002379417 5.727452141898019 0.927
    endloop
  endfacet
  facet normal 0 0 1
    outer loop
      vertex 6.216357856988907 5.727452141898019 0.927
      vertex 6.085152640938759 6.421316144721849 0.927
      vertex 6.017130002379417 5.727452141898019 0.927
    endloop
  endfacet
  facet normal 0 0 1
    outer loop
      vertex 6.216357856988907 5.727452141898019 0.927
      vertex 6.230316214263439 6.41288057501827 0.927
      vertex 6.085152640938759 6.421316144721849 0.927
    endloop
  endfacet
  facet normal 0 0 1
    outer loop
      vertex 5.638981498777866 6.520084073500974 0.927
      vertex 5.757866360247135 7.222672288971288 0.927
      vertex 5.5679676458239555 6.494875719504697 0.927
    endloop
  endfacet
  facet normal 0 0 1
    outer loop
      vertex 5.768847644329071 6.462313716965062 0.927
      vertex 5.947834499180317 6.446622861283166 0.927
      vertex 5.939202211797237 6.667903287070138 0.927
    endloop
  endfacet
  facet normal 0 0 1
    outer loop
      vertex 5.768847644329071 6.462313716965062 0.927
      vertex 5.939202211797237 6.667903287070138 0.927
      vertex 5.773557215929031 6.709491004901273 0.927
    endloop
  endfacet
  facet normal 0 0 1
    outer loop
      vertex 5.990984357893467 6.667903287070138 0.927
      vertex 5.773557215929031 6.709491004901273 0.927
      vertex 5.939202211797237 6.667903287070138 0.927
    endloop
  endfacet
  facet normal 0 0 1
    outer loop
      vertex 5.947834499180317 6.446622861283166 0.927
      vertex 6.017130002379417 5.727452141898019 0.927
      vertex 6.085152640938759 6.421316144721849 0.927
    endloop
  endfacet
  facet normal 0 0 1
    outer loop
      vertex 6.113005071878433 6.490559575813157 0.927
      vertex 6.026300355792046 6.5203791462949345 0.927
      vertex 6.063279747962952 6.504291964428766 0.927
    endloop
  endfacet
  facet normal 0 0 1
    outer loop
      vertex 6.167249038815498 6.481143323438508 0.927
      vertex 6.026300355792046 6.5203791462949345 0.927
      vertex 6.113005071878433 6.490559575813157 0.927
    endloop
  endfacet
  facet normal 0 0 1
    outer loop
      vertex 6.026300355792046 6.5203791462949345 0.927
      vertex 6.167249038815498 6.481143323438508 0.927
      vertex 5.990984357893467 6.667903287070138 0.927
    endloop
  endfacet
  facet normal 0 0 1
    outer loop
      vertex 6.2177612110972404 6.478004572646959 0.927
      vertex 5.990984357893467 6.667903287070138 0.927
      vertex 6.167249038815498 6.481143323438508 0.927
    endloop
  endfacet
  facet normal 0 0 1
    outer loop
      vertex 6.32487503439188 6.492127505796296 0.927
      vertex 5.990984357893467 6.667903287070138 0.927
      vertex 6.2177612110972404 6.478004572646959 0.927
    endloop
  endfacet
  facet normal 0 0 1
    outer loop
      vertex 5.773557215929031 6.709491004901273 0.927
      vertex 5.990984357893467 6.667903287070138 0.927
      vertex 6.4586667865514755 6.722832856433732 0.927
    endloop
  endfacet
  facet normal 0 0 1
    outer loop
      vertex 6.230316214263439 6.41288057501827 0.927
      vertex 6.216357856988907 5.727452141898019 0.927
      vertex 6.388237282633781 6.432890465216977 0.927
    endloop
  endfacet
  facet normal 0 0 1
    outer loop
      vertex 6.388237282633781 6.432890465216977 0.927
      vertex 6.216357856988907 5.727452141898019 0.927
      vertex 6.505739353597164 6.492920143263681 0.927
    endloop
  endfacet
  facet normal 0 0 1
    outer loop
      vertex 6.399814501404762 6.5344962903431485 0.927
      vertex 5.990984357893467 6.667903287070138 0.927
      vertex 6.32487503439188 6.492127505796296 0.927
    endloop
  endfacet
  facet normal 0 0 1
    outer loop
      vertex 6.443953715264797 6.609832076089723 0.927
      vertex 5.990984357893467 6.667903287070138 0.927
      vertex 6.399814501404762 6.5344962903431485 0.927
    endloop
  endfacet
  facet normal 0 0 1
    outer loop
      vertex 6.445128217339516 6.81395207132612 0.927
      vertex 5.773557215929031 6.709491004901273 0.927
      vertex 6.4586667865514755 6.722832856433732 0.927
    endloop
  endfacet
  facet normal 0 0 1
    outer loop
      vertex 6.4586667865514755 6.722832856433732 0.927
      vertex 5.990984357893467 6.667903287070138 0.927
      vertex 6.443953715264797 6.609832076089723 0.927
    endloop
  endfacet
  facet normal 0 0 1
    outer loop
      vertex 6.216357856988907 5.727452141898019 0.927
      vertex 6.736496783792973 6.428571430700166 0.927
      vertex 6.505739353597164 6.492920143263681 0.927
    endloop
  endfacet
  facet normal 0 0 1
    outer loop
      vertex 6.736496783792973 6.543915433543069 0.927
      vertex 6.578717462718487 6.58845675523792 0.927
      vertex 6.505739353597164 6.492920143263681 0.927
    endloop
  endfacet
  facet normal 0 0 1
    outer loop
      vertex 6.736496783792973 6.543915433543069 0.927
      vertex 6.505739353597164 6.492920143263681 0.927
      vertex 6.736496783792973 6.428571430700166 0.927
    endloop
  endfacet
  facet normal 0 0 1
    outer loop
      vertex 6.578717462718487 6.58845675523792 0.927
      vertex 6.736496783792973 6.543915433543069 0.927
      vertex 6.882447212934494 6.676535574453218 0.927
    endloop
  endfacet
  facet normal 0 0 1
    outer loop
      vertex 6.578717462718487 6.58845675523792 0.927
      vertex 6.882447212934494 6.676535574453218 0.927
      vertex 6.603043496608734 6.7149874323180745 0.927
    endloop
  endfacet
  facet normal 0 1 0
    outer loop
      vertex 0 9 0.927
      vertex 9 9 0.927
      vertex 9 9 0
    endloop
  endfacet
  facet normal 0 0 1
    outer loop
      vertex 4.598848931491375 6.4913464316299985 0.927
      vertex 4.73381806910038 7.439254713909967 0.927
      vertex 4.598848931491375 7.418842715876443 0.927
    endloop
  endfacet
  facet normal 0 0 1
    outer loop
      vertex 4.598848931491375 6.4913464316299985 0.927
      vertex 4.890584893524647 7.180986216025693 0.927
      vertex 4.73381806910038 7.439254713909967 0.927
    endloop
  endfacet
  facet normal 0 0 1
    outer loop
      vertex 4.598848931491375 6.4913464316299985 0.927
      vertex 4.856255359947681 6.942539570587022 0.927
      vertex 4.890584893524647 7.180986216025693 0.927
    endloop
  endfacet
  facet normal 0 0 1
    outer loop
      vertex 4.73381806910038 7.439254713909967 0.927
      vertex 4.993573501706123 7.353325290339334 0.927
      vertex 4.73381806910038 7.4808424317411015 0.927
    endloop
  endfacet
  facet normal 0 0 1
    outer loop
      vertex 4.993573501706123 7.353325290339334 0.927
      vertex 4.73381806910038 7.439254713909967 0.927
      vertex 4.890584893524647 7.180986216025693 0.927
    endloop
  endfacet
  facet normal 0 0 1
    outer loop
      vertex 5.164052464067936 7.457789255040033 0.927
      vertex 4.73381806910038 7.4808424317411015 0.927
      vertex 4.993573501706123 7.353325290339334 0.927
    endloop
  endfacet
  facet normal 0 0 1
    outer loop
      vertex 5.117167927324772 6.594135431306703 0.927
      vertex 5.706072643399239 7.222672288971288 0.927
      vertex 5.04448489099741 6.742055898266179 0.927
    endloop
  endfacet
  facet normal 0 0 1
    outer loop
      vertex 5.04448489099741 6.742055898266179 0.927
      vertex 5.706072643399239 7.222672288971288 0.927
      vertex 5.0202572122216225 6.944113289671285 0.927
    endloop
  endfacet
  facet normal 0 0 1
    outer loop
      vertex 5.0202572122216225 6.944113289671285 0.927
      vertex 5.706072643399239 7.222672288971288 0.927
      vertex 5.04340586066246 7.160290715949876 0.927
    endloop
  endfacet
  facet normal 0 0 1
    outer loop
      vertex 5.04340586066246 7.160290715949876 0.927
      vertex 5.706072643399239 7.222672288971288 0.927
      vertex 5.112851783633232 7.311344144599778 0.927
    endloop
  endfacet
  facet normal 0 0 1
    outer loop
      vertex 5.236148253083229 6.503505108611924 0.927
      vertex 5.706072643399239 7.222672288971288 0.927
      vertex 5.117167927324772 6.594135431306703 0.927
    endloop
  endfacet
  facet normal 0 0 1
    outer loop
      vertex 5.399267785251141 6.473295001046998 0.927
      vertex 5.757866360247135 7.222672288971288 0.927
      vertex 5.706072643399239 7.222672288971288 0.927
    endloop
  endfacet
  facet normal 0 0 1
    outer loop
      vertex 5.112851783633232 7.311344144599778 0.927
      vertex 5.706072643399239 7.222672288971288 0.927
      vertex 5.232714429497719 7.4002127179077695 0.927
    endloop
  endfacet
  facet normal 0 0 1
    outer loop
      vertex 5.400829926133156 7.4926105716398785 0.927
      vertex 4.73381806910038 7.4808424317411015 0.927
      vertex 5.164052464067936 7.457789255040033 0.927
    endloop
  endfacet
  facet normal 0 0 1
    outer loop
      vertex 5.232714429497719 7.4002127179077695 0.927
      vertex 5.706072643399239 7.222672288971288 0.927
      vertex 5.407113216817379 7.429835570710046 0.927
    endloop
  endfacet
  facet normal 0 0 1
    outer loop
      vertex 5.407113216817379 7.429835570710046 0.927
      vertex 5.706072643399239 7.222672288971288 0.927
      vertex 5.4817547127604485 7.425224361675126 0.927
    endloop
  endfacet
  facet normal 0 0 1
    outer loop
      vertex 5.4817547127604485 7.425224361675126 0.927
      vertex 5.706072643399239 7.222672288971288 0.927
      vertex 5.555019214749336 7.411390719669206 0.927
    endloop
  endfacet
  facet normal 0 0 1
    outer loop
      vertex 5.682536356151104 7.359215145664556 0.927
      vertex 5.62319228798151 7.389130180435521 0.927
      vertex 5.555019214749336 7.411390719669206 0.927
    endloop
  endfacet
  facet normal 0 0 1
    outer loop
      vertex 9 9 0.927
      vertex 1.1945099979639053 8.17984285737787 0.927
      vertex 3.4076397866010666 7.4808424317411015 0.927
    endloop
  endfacet
  facet normal 0 0 1
    outer loop
      vertex 9 9 0.927
      vertex 3.4076397866010666 7.4808424317411015 0.927
      vertex 3.8046902120113373 7.4808424317411015 0.927
    endloop
  endfacet
  facet normal 0 0 1
    outer loop
      vertex 5.69351764023304 6.552547713475568 0.927
      vertex 5.757866360247135 7.222672288971288 0.927
      vertex 5.638981498777866 6.520084073500974 0.927
    endloop
  endfacet
  facet normal 0 0 1
    outer loop
      vertex 5.69351764023304 6.552547713475568 0.927
      vertex 5.722550354897976 6.709491004901273 0.927
      vertex 5.757866360247135 7.222672288971288 0.927
    endloop
  endfacet
  facet normal 0 0 1
    outer loop
      vertex 5.773557215929031 6.709491004901273 0.927
      vertex 5.757866360247135 7.222672288971288 0.927
      vertex 5.722550354897976 6.709491004901273 0.927
    endloop
  endfacet
  facet normal 0 0 1
    outer loop
      vertex 5.773557215929031 6.709491004901273 0.927
      vertex 6.12437978386879 6.9456754305533 0.927
      vertex 5.757866360247135 7.222672288971288 0.927
    endloop
  endfacet
  facet normal 0 0 1
    outer loop
      vertex 6.12437978386879 6.9456754305533 0.927
      vertex 5.773557215929031 6.709491004901273 0.927
      vertex 6.236599497497082 6.939403718071325 0.927
    endloop
  endfacet
  facet normal 0 0 1
    outer loop
      vertex 6.236599497497082 6.939403718071325 0.927
      vertex 5.773557215929031 6.709491004901273 0.927
      vertex 6.335462890565395 6.921844070511205 0.927
    endloop
  endfacet
  facet normal 0 0 1
    outer loop
      vertex 6.335462890565395 6.921844070511205 0.927
      vertex 5.773557215929031 6.709491004901273 0.927
      vertex 6.404512502253056 6.880158005016191 0.927
    endloop
  endfacet
  facet normal 0 0 1
    outer loop
      vertex 5.757866360247135 7.222672288971288 0.927
      vertex 6.12437978386879 7.010024143116815 0.927
      vertex 5.9713707864284515 7.256414575236184 0.927
    endloop
  endfacet
  facet normal 0 0 1
    outer loop
      vertex 6.12437978386879 7.010024143116815 0.927
      vertex 5.757866360247135 7.222672288971288 0.927
      vertex 6.12437978386879 6.9456754305533 0.927
    endloop
  endfacet
  facet normal 0 0 1
    outer loop
      vertex 5.9713707864284515 7.256414575236184 0.927
      vertex 6.12437978386879 7.010024143116815 0.927
      vertex 6.023164503276348 7.256414575236184 0.927
    endloop
  endfacet
  facet normal 0 0 1
    outer loop
      vertex 6.236599497497082 7.017082718866212 0.927
      vertex 6.023164503276348 7.256414575236184 0.927
      vertex 6.12437978386879 7.010024143116815 0.927
    endloop
  endfacet
  facet normal 0 0 1
    outer loop
      vertex 5.682536356151104 7.359215145664556 0.927
      vertex 5.555019214749336 7.411390719669206 0.927
      vertex 5.706072643399239 7.222672288971288 0.927
    endloop
  endfacet
  facet normal 0 0 1
    outer loop
      vertex 5.757866360247135 7.222672288971288 0.927
      vertex 5.9713707864284515 7.458868285374982 0.927
      vertex 5.753156788647175 7.45258500214134 0.927
    endloop
  endfacet
  facet normal 0 0 1
    outer loop
      vertex 5.9713707864284515 7.458868285374982 0.927
      vertex 5.757866360247135 7.222672288971288 0.927
      vertex 5.9713707864284515 7.256414575236184 0.927
    endloop
  endfacet
  facet normal 0 0 1
    outer loop
      vertex 6.023164503276348 7.256414575236184 0.927
      vertex 6.087897963821888 7.402072822409017 0.927
      vertex 6.050623498857021 7.385100429611547 0.927
    endloop
  endfacet
  facet normal 0 0 1
    outer loop
      vertex 6.087897963821888 7.402072822409017 0.927
      vertex 6.023164503276348 7.256414575236184 0.927
      vertex 6.130663074553013 7.4153134280017445 0.927
    endloop
  endfacet
  facet normal 0 0 1
    outer loop
      vertex 6.130663074553013 7.4153134280017445 0.927
      vertex 6.023164503276348 7.256414575236184 0.927
      vertex 6.175192818045616 7.423853141920907 0.927
    endloop
  endfacet
  facet normal 0 0 1
    outer loop
      vertex 6.175192818045616 7.423853141920907 0.927
      vertex 6.023164503276348 7.256414575236184 0.927
      vertex 6.2177612110972404 7.426699718194349 0.927
    endloop
  endfacet
  facet normal 0 0 1
    outer loop
      vertex 6.2177612110972404 7.426699718194349 0.927
      vertex 6.023164503276348 7.256414575236184 0.927
      vertex 6.30456718057394 7.414633607225759 0.927
    endloop
  endfacet
  facet normal 0 0 1
    outer loop
      vertex 6.404512502253056 6.880158005016191 0.927
      vertex 5.773557215929031 6.709491004901273 0.927
      vertex 6.445128217339516 6.81395207132612 0.927
    endloop
  endfacet
  facet normal 0 0 1
    outer loop
      vertex 6.325259782373905 6.979417716818197 0.927
      vertex 6.449241854250431 6.950680074947221 0.927
      vertex 6.4226593896746635 7.007377182798726 0.927
    endloop
  endfacet
  facet normal 0 0 1
    outer loop
      vertex 6.313688360154629 7.0331698932818005 0.927
      vertex 6.023164503276348 7.256414575236184 0.927
      vertex 6.236599497497082 7.017082718866212 0.927
    endloop
  endfacet
  facet normal 0 0 1
    outer loop
      vertex 6.367634356021881 7.072012288229806 0.927
      vertex 6.023164503276348 7.256414575236184 0.927
      vertex 6.313688360154629 7.0331698932818005 0.927
    endloop
  endfacet
  facet normal 0 0 1
    outer loop
      vertex 6.399415284395218 7.135180717068059 0.927
      vertex 6.023164503276348 7.256414575236184 0.927
      vertex 6.367634356021881 7.072012288229806 0.927
    endloop
  endfacet
  facet normal 0 0 1
    outer loop
      vertex 6.410008929669857 7.22424600060497 0.927
      vertex 6.023164503276348 7.256414575236184 0.927
      vertex 6.399415284395218 7.135180717068059 0.927
    endloop
  endfacet
  facet normal 0 0 1
    outer loop
      vertex 6.398532964289188 7.31576153423105 0.927
      vertex 6.023164503276348 7.256414575236184 0.927
      vertex 6.410008929669857 7.22424600060497 0.927
    endloop
  endfacet
  facet normal 0 0 1
    outer loop
      vertex 6.535558931529522 6.897422572331769 0.927
      vertex 6.4226593896746635 7.007377182798726 0.927
      vertex 6.449241854250431 6.950680074947221 0.927
    endloop
  endfacet
  facet normal 0 0 1
    outer loop
      vertex 6.535558931529522 6.897422572331769 0.927
      vertex 6.495139926671982 7.059850712972028 0.927
      vertex 6.4226593896746635 7.007377182798726 0.927
    endloop
  endfacet
  facet normal 0 0 1
    outer loop
      vertex 6.603043496608734 6.7149874323180745 0.927
      vertex 7.004274107515812 6.787956861513002 0.927
      vertex 6.586172357201576 6.819055070834501 0.927
    endloop
  endfacet
  facet normal 0 0 1
    outer loop
      vertex 6.586172357201576 6.819055070834501 0.927
      vertex 7.088823646306992 6.875841861324651 0.927
      vertex 6.535558931529522 6.897422572331769 0.927
    endloop
  endfacet
  facet normal 0 0 1
    outer loop
      vertex 6.495139926671982 7.059850712972028 0.927
      vertex 6.535558931529522 6.897422572331769 0.927
      vertex 7.088823646306992 6.875841861324651 0.927
    endloop
  endfacet
  facet normal 0 0 1
    outer loop
      vertex 6.495139926671982 7.059850712972028 0.927
      vertex 7.088823646306992 6.875841861324651 0.927
      vertex 6.5401643589138985 7.135675398366792 0.927
    endloop
  endfacet
  facet normal 0 0 1
    outer loop
      vertex 6.5401643589138985 7.135675398366792 0.927
      vertex 6.771812789142132 7.256414575236184 0.927
      vertex 6.555172502994537 7.233665143804891 0.927
    endloop
  endfacet
  facet normal 0 0 1
    outer loop
      vertex 6.771812789142132 7.256414575236184 0.927
      vertex 6.5401643589138985 7.135675398366792 0.927
      vertex 6.823594927787781 7.256414575236184 0.927
    endloop
  endfacet
  facet normal 0 0 1
    outer loop
      vertex 6.30456718057394 7.414633607225759 0.927
      vertex 6.023164503276348 7.256414575236184 0.927
      vertex 6.3641050681471825 7.378435289221151 0.927
    endloop
  endfacet
  facet normal 0 0 1
    outer loop
      vertex 6.3641050681471825 7.378435289221151 0.927
      vertex 6.023164503276348 7.256414575236184 0.927
      vertex 6.398532964289188 7.31576153423105 0.927
    endloop
  endfacet
  facet normal 0 0 1
    outer loop
      vertex 6.555172502994537 7.233665143804891 0.927
      vertex 6.771812789142132 7.458868285374982 0.927
      vertex 6.470819681882858 7.4278742128184865 0.927
    endloop
  endfacet
  facet normal 0 0 1
    outer loop
      vertex 6.771812789142132 7.458868285374982 0.927
      vertex 6.555172502994537 7.233665143804891 0.927
      vertex 6.771812789142132 7.256414575236184 0.927
    endloop
  endfacet
  facet normal 0 0 1
    outer loop
      vertex 9 9 0.927
      vertex 3.8046902120113373 7.4808424317411015 0.927
      vertex 4.313219785690308 7.4808424317411015 0.927
    endloop
  endfacet
  facet normal 0 0 1
    outer loop
      vertex 9 9 0.927
      vertex 4.313219785690308 7.4808424317411015 0.927
      vertex 4.73381806910038 7.4808424317411015 0.927
    endloop
  endfacet
  facet normal 0 0 1
    outer loop
      vertex 9 9 0.927
      vertex 4.73381806910038 7.4808424317411015 0.927
      vertex 5.400829926133156 7.4926105716398785 0.927
    endloop
  endfacet
  facet normal 0 0 1
    outer loop
      vertex 9 9 0.927
      vertex 5.400829926133156 7.4926105716398785 0.927
      vertex 5.570912569761276 7.482604181127889 0.927
    endloop
  endfacet
  facet normal 1 0 0
    outer loop
      vertex 9 0 0.927
      vertex 9 9 0
      vertex 9 9 0.927
    endloop
  endfacet
  facet normal 0 0 1
    outer loop
      vertex 6.736496783792973 6.428571430700166 0.927
      vertex 6.216357856988907 5.727452141898019 0.927
      vertex 7.380724497139454 6.428571430700166 0.927
    endloop
  endfacet
  facet normal 0 0 1
    outer loop
      vertex 7.004274107515812 6.787956861513002 0.927
      vertex 6.603043496608734 6.7149874323180745 0.927
      vertex 6.882447212934494 6.676535574453218 0.927
    endloop
  endfacet
  facet normal 0 0 1
    outer loop
      vertex 6.839297354221344 6.549411860959871 0.927
      vertex 7.380724497139454 6.549411860959871 0.927
      vertex 6.915605142712593 6.617877108710153 0.927
    endloop
  endfacet
  facet normal 0 0 1
    outer loop
      vertex 6.915605142712593 6.617877108710153 0.927
      vertex 7.380724497139454 6.549411860959871 0.927
      vertex 6.987596787512302 6.680458290236337 0.927
    endloop
  endfacet
  facet normal 0 0 1
    outer loop
      vertex 6.987596787512302 6.680458290236337 0.927
      vertex 7.380724497139454 6.549411860959871 0.927
      vertex 7.127663142979145 6.803948571639402 0.927
    endloop
  endfacet
  facet normal 0 0 1
    outer loop
      vertex 7.127663142979145 6.803948571639402 0.927
      vertex 7.380724497139454 6.549411860959871 0.927
      vertex 7.221432216465473 6.896635716514928 0.927
    endloop
  endfacet
  facet normal 0 0 1
    outer loop
      vertex 9 0 0.927
      vertex 9 9 0.927
      vertex 7.380724497139454 6.549411860959871 0.927
    endloop
  endfacet
  facet normal 0 0 1
    outer loop
      vertex 6.586172357201576 6.819055070834501 0.927
      vertex 7.004274107515812 6.787956861513002 0.927
      vertex 7.088823646306992 6.875841861324651 0.927
    endloop
  endfacet
  facet normal 0 0 1
    outer loop
      vertex 7.145416609942913 6.953133215861661 0.927
      vertex 6.5401643589138985 7.135675398366792 0.927
      vertex 7.088823646306992 6.875841861324651 0.927
    endloop
  endfacet
  facet normal 0 0 1
    outer loop
      vertex 6.5401643589138985 7.135675398366792 0.927
      vertex 7.204861931502819 7.119484072285039 0.927
      vertex 6.823594927787781 7.256414575236184 0.927
    endloop
  endfacet
  facet normal 0 0 1
    outer loop
      vertex 7.183373786509037 7.032773574548108 0.927
      vertex 6.5401643589138985 7.135675398366792 0.927
      vertex 7.145416609942913 6.953133215861661 0.927
    endloop
  endfacet
  facet normal 0 0 1
    outer loop
      vertex 7.204861931502819 7.119484072285039 0.927
      vertex 6.5401643589138985 7.135675398366792 0.927
      vertex 7.183373786509037 7.032773574548108 0.927
    endloop
  endfacet
  facet normal 0 0 1
    outer loop
      vertex 7.2120246440172195 7.217962717371328 0.927
      vertex 6.823594927787781 7.256414575236184 0.927
      vertex 7.204861931502819 7.119484072285039 0.927
    endloop
  endfacet
  facet normal 0 0 1
    outer loop
      vertex 7.200450323522091 7.307811965899808 0.927
      vertex 6.823594927787781 7.256414575236184 0.927
      vertex 7.2120246440172195 7.217962717371328 0.927
    endloop
  endfacet
  facet normal 0 0 1
    outer loop
      vertex 6.823594927787781 7.256414575236184 0.927
      vertex 6.8873563930392265 7.402072822409017 0.927
      vertex 6.851065501570702 7.385100429611547 0.927
    endloop
  endfacet
  facet normal 0 0 1
    outer loop
      vertex 6.8873563930392265 7.402072822409017 0.927
      vertex 6.823594927787781 7.256414575236184 0.927
      vertex 6.928744502365589 7.4153134280017445 0.927
    endloop
  endfacet
  facet normal 0 0 1
    outer loop
      vertex 6.928744502365589 7.4153134280017445 0.927
      vertex 6.823594927787781 7.256414575236184 0.927
      vertex 6.972102642059326 7.423853141920907 0.927
    endloop
  endfacet
  facet normal 0 0 1
    outer loop
      vertex 6.972102642059326 7.423853141920907 0.927
      vertex 6.823594927787781 7.256414575236184 0.927
      vertex 7.0142804980278015 7.426699718194349 0.927
    endloop
  endfacet
  facet normal 0 0 1
    outer loop
      vertex 7.0142804980278015 7.426699718194349 0.927
      vertex 6.823594927787781 7.256414575236184 0.927
      vertex 7.104717001318932 7.413357859211309 0.927
    endloop
  endfacet
  facet normal 0 0 1
    outer loop
      vertex 7.165727354586124 7.37333228971277 0.927
      vertex 6.823594927787781 7.256414575236184 0.927
      vertex 7.200450323522091 7.307811965899808 0.927
    endloop
  endfacet
  facet normal 0 0 1
    outer loop
      vertex 7.104717001318932 7.413357859211309 0.927
      vertex 6.823594927787781 7.256414575236184 0.927
      vertex 7.165727354586124 7.37333228971277 0.927
    endloop
  endfacet
  facet normal 0 0 1
    outer loop
      vertex 9 9 0.927
      vertex 7.221432216465473 6.896635716514928 0.927
      vertex 7.380724497139454 6.549411860959871 0.927
    endloop
  endfacet
  facet normal 0 0 1
    outer loop
      vertex 9 9 0.927
      vertex 7.282931461930275 6.9741266795567105 0.927
      vertex 7.221432216465473 6.896635716514928 0.927
    endloop
  endfacet
  facet normal 0 0 1
    outer loop
      vertex 9 9 0.927
      vertex 7.32618835568428 7.05200528885637 0.927
      vertex 7.282931461930275 6.9741266795567105 0.927
    endloop
  endfacet
  facet normal 0 0 1
    outer loop
      vertex 9 9 0.927
      vertex 5.570912569761276 7.482604181127889 0.927
      vertex 5.753156788647175 7.45258500214134 0.927
    endloop
  endfacet
  facet normal 0 0 1
    outer loop
      vertex 9 9 0.927
      vertex 5.753156788647175 7.45258500214134 0.927
      vertex 5.9713707864284515 7.458868285374982 0.927
    endloop
  endfacet
  facet normal 0 0 1
    outer loop
      vertex 9 9 0.927
      vertex 5.9713707864284515 7.458868285374982 0.927
      vertex 6.043752960860729 7.475834896521909 0.927
    endloop
  endfacet
  facet normal 0 0 1
    outer loop
      vertex 9 9 0.927
      vertex 6.043752960860729 7.475834896521909 0.927
      vertex 6.105541497468948 7.485933860497815 0.927
    endloop
  endfacet
  facet normal 0 0 1
    outer loop
      vertex 9 9 0.927
      vertex 6.105541497468948 7.485933860497815 0.927
      vertex 6.161848068237305 7.490941395717008 0.927
    endloop
  endfacet
  facet normal 0 0 1
    outer loop
      vertex 9 9 0.927
      vertex 6.161848068237305 7.490941395717008 0.927
      vertex 6.2177612110972404 7.4926105716398785 0.927
    endloop
  endfacet
  facet normal 0 0 1
    outer loop
      vertex 9 9 0.927
      vertex 6.2177612110972404 7.4926105716398785 0.927
      vertex 6.470819681882858 7.4278742128184865 0.927
    endloop
  endfacet
  facet normal 0 0 1
    outer loop
      vertex 9 9 0.927
      vertex 6.470819681882858 7.4278742128184865 0.927
      vertex 6.771812789142132 7.458868285374982 0.927
    endloop
  endfacet
  facet normal 0 0 1
    outer loop
      vertex 9 9 0.927
      vertex 6.771812789142132 7.458868285374982 0.927
      vertex 6.903837002813816 7.4841750019363 0.927
    endloop
  endfacet
  facet normal 0 0 1
    outer loop
      vertex 9 9 0.927
      vertex 6.903837002813816 7.4841750019363 0.927
      vertex 7.0142804980278015 7.4926105716398785 0.927
    endloop
  endfacet
  facet normal 0 0 1
    outer loop
      vertex 9 9 0.927
      vertex 7.0142804980278015 7.4926105716398785 0.927
      vertex 7.1654322892427444 7.4746603944471905 0.927
    endloop
  endfacet
  facet normal 0 0 1
    outer loop
      vertex 9 9 0.927
      vertex 7.27361935377121 7.420809862869127 0.927
      vertex 7.338647894561291 7.334197712796075 0.927
    endloop
  endfacet
  facet normal 0 0 1
    outer loop
      vertex 9 9 0.927
      vertex 7.1654322892427444 7.4746603944471905 0.927
      vertex 7.27361935377121 7.420809862869127 0.927
    endloop
  endfacet
  facet normal 0 0 1
    outer loop
      vertex 9 9 0.927
      vertex 7.351790145039558 7.1325308584741185 0.927
      vertex 7.32618835568428 7.05200528885637 0.927
    endloop
  endfacet
  facet normal 0 0 1
    outer loop
      vertex 9 9 0.927
      vertex 7.360324069857597 7.217962717371328 0.927
      vertex 7.351790145039558 7.1325308584741185 0.927
    endloop
  endfacet
  facet normal 0 0 1
    outer loop
      vertex 9 9 0.927
      vertex 7.338647894561291 7.334197712796075 0.927
      vertex 7.360324069857597 7.217962717371328 0.927
    endloop
  endfacet
  facet normal -1 0 0
    outer loop
      vertex 2.2336232140660286 1.2857142889073918 1.127
      vertex 2.2336232140660286 1.3088185765913556 0.927
      vertex 2.2336232140660286 1.2857142889073918 0.927
    endloop
  endfacet
  facet normal -1 0 0
    outer loop
      vertex 2.2336232140660286 1.2857142889073918 1.127
      vertex 2.2336232140660286 1.3088185765913556 1.127
      vertex 2.2336232140660286 1.3088185765913556 0.927
    endloop
  endfacet
  facet normal -1 0 0
    outer loop
      vertex 2.055326782166958 1.8472050034574101 1.127
      vertex 2.055326782166958 1.870309291141374 0.927
      vertex 2.055326782166958 1.8472050034574101 0.927
    endloop
  endfacet
  facet normal -0.16978120117560067 -0.9854817825446446 0
    outer loop
      vertex 2.121148928999901 1.8358650037220547 1.127
      vertex 2.055326782166958 1.8472050034574101 0.927
      vertex 2.121148928999901 1.8358650037220547 0.927
    endloop
  endfacet
  facet normal 0 1 0
    outer loop
      vertex 2.055326782166958 1.870309291141374 1.127
      vertex 2.3024989292025566 1.870309291141374 0.927
      vertex 2.055326782166958 1.870309291141374 0.927
    endloop
  endfacet
  facet normal -1 0 0
    outer loop
      vertex 2.055326782166958 1.8472050034574101 1.127
      vertex 2.055326782166958 1.870309291141374 1.127
      vertex 2.055326782166958 1.870309291141374 0.927
    endloop
  endfacet
  facet normal -0.16978120117560067 -0.9854817825446446 0
    outer loop
      vertex 2.055326782166958 1.8472050034574101 1.127
      vertex 2.055326782166958 1.8472050034574101 0.927
      vertex 2.121148928999901 1.8358650037220547 1.127
    endloop
  endfacet
  facet normal -0.8436109570069689 -0.5369548893694761 0
    outer loop
      vertex 2.326477497816086 1.5132728570273946 1.127
      vertex 2.121148928999901 1.8358650037220547 1.127
      vertex 2.121148928999901 1.8358650037220547 0.927
    endloop
  endfacet
  facet normal 0 1 0
    outer loop
      vertex 2.055326782166958 1.870309291141374 1.127
      vertex 2.3024989292025566 1.870309291141374 1.127
      vertex 2.3024989292025566 1.870309291141374 0.927
    endloop
  endfacet
  facet normal 0 0 1
    outer loop
      vertex 2.055326782166958 1.8472050034574101 1.127
      vertex 2.121148928999901 1.8358650037220547 1.127
      vertex 2.055326782166958 1.870309291141374 1.127
    endloop
  endfacet
  facet normal 0 0 1
    outer loop
      vertex 2.326477497816086 1.5132728570273946 1.127
      vertex 2.2240317836403847 1.8358650037220547 1.127
      vertex 2.121148928999901 1.8358650037220547 1.127
    endloop
  endfacet
  facet normal 0 0 1
    outer loop
      vertex 2.055326782166958 1.870309291141374 1.127
      vertex 2.121148928999901 1.8358650037220547 1.127
      vertex 2.2240317836403847 1.8358650037220547 1.127
    endloop
  endfacet
  facet normal 0 0 1
    outer loop
      vertex 2.055326782166958 1.870309291141374 1.127
      vertex 2.2240317836403847 1.8358650037220547 1.127
      vertex 2.3024989292025566 1.870309291141374 1.127
    endloop
  endfacet
  facet normal -0.1257589863331751 0.9920608234158086 0
    outer loop
      vertex 2.2336232140660286 1.3088185765913556 1.127
      vertex 2.326477497816086 1.3205892869404385 0.927
      vertex 2.2336232140660286 1.3088185765913556 0.927
    endloop
  endfacet
  facet normal -1 0 0
    outer loop
      vertex 2.326477497816086 1.3205892869404385 1.127
      vertex 2.326477497816086 1.5132728570273946 0.927
      vertex 2.326477497816086 1.3205892869404385 0.927
    endloop
  endfacet
  facet normal 0 -1 0
    outer loop
      vertex 2.503468930721283 1.2857142889073918 1.127
      vertex 2.2336232140660286 1.2857142889073918 0.927
      vertex 2.503468930721283 1.2857142889073918 0.927
    endloop
  endfacet
  facet normal 0.12575897640192849 0.992060824674747 0
    outer loop
      vertex 2.410614639520645 1.3205892869404385 1.127
      vertex 2.503468930721283 1.3088185765913556 0.927
      vertex 2.410614639520645 1.3205892869404385 0.927
    endloop
  endfacet
  facet normal 1 0 0
    outer loop
      vertex 2.503468930721283 1.3088185765913556 1.127
      vertex 2.503468930721283 1.2857142889073918 0.927
      vertex 2.503468930721283 1.3088185765913556 0.927
    endloop
  endfacet
  facet normal -0.8436109570069689 -0.5369548893694761 0
    outer loop
      vertex 2.326477497816086 1.5132728570273946 1.127
      vertex 2.121148928999901 1.8358650037220547 0.927
      vertex 2.326477497816086 1.5132728570273946 0.927
    endloop
  endfacet
  facet normal 1 0 0
    outer loop
      vertex 2.410614639520645 1.5158892923167775 1.127
      vertex 2.410614639520645 1.3205892869404385 0.927
      vertex 2.410614639520645 1.5158892923167775 0.927
    endloop
  endfacet
  facet normal -0.8607917706255936 0.5089572944985223 0
    outer loop
      vertex 2.3918689265847206 1.5660192870668004 1.127
      vertex 2.551419645547867 1.8358650037220547 0.927
      vertex 2.3918689265847206 1.5660192870668004 0.927
    endloop
  endfacet
  facet normal -0.1257589863331751 0.9920608234158086 0
    outer loop
      vertex 2.2336232140660286 1.3088185765913556 1.127
      vertex 2.326477497816086 1.3205892869404385 1.127
      vertex 2.326477497816086 1.3205892869404385 0.927
    endloop
  endfacet
  facet normal 0 -1 0
    outer loop
      vertex 2.2336232140660286 1.2857142889073918 1.127
      vertex 2.2336232140660286 1.2857142889073918 0.927
      vertex 2.503468930721283 1.2857142889073918 1.127
    endloop
  endfacet
  facet normal 1 0 0
    outer loop
      vertex 2.410614639520645 1.3205892869404385 1.127
      vertex 2.410614639520645 1.3205892869404385 0.927
      vertex 2.410614639520645 1.5158892923167775 1.127
    endloop
  endfacet
  facet normal 0.12575897640192849 0.992060824674747 0
    outer loop
      vertex 2.410614639520645 1.3205892869404385 1.127
      vertex 2.503468930721283 1.3088185765913556 1.127
      vertex 2.503468930721283 1.3088185765913556 0.927
    endloop
  endfacet
  facet normal 1 0 0
    outer loop
      vertex 2.503468930721283 1.2857142889073918 1.127
      vertex 2.503468930721283 1.2857142889073918 0.927
      vertex 2.503468930721283 1.3088185765913556 1.127
    endloop
  endfacet
  facet normal 0 0 1
    outer loop
      vertex 2.2336232140660286 1.2857142889073918 1.127
      vertex 2.326477497816086 1.3205892869404385 1.127
      vertex 2.2336232140660286 1.3088185765913556 1.127
    endloop
  endfacet
  facet normal 0 0 1
    outer loop
      vertex 2.2336232140660286 1.2857142889073918 1.127
      vertex 2.410614639520645 1.3205892869404385 1.127
      vertex 2.326477497816086 1.3205892869404385 1.127
    endloop
  endfacet
  facet normal 0 0 1
    outer loop
      vertex 2.2336232140660286 1.2857142889073918 1.127
      vertex 2.503468930721283 1.2857142889073918 1.127
      vertex 2.410614639520645 1.3205892869404385 1.127
    endloop
  endfacet
  facet normal 0 0 1
    outer loop
      vertex 2.326477497816086 1.3205892869404385 1.127
      vertex 2.410614639520645 1.3205892869404385 1.127
      vertex 2.326477497816086 1.5132728570273946 1.127
    endloop
  endfacet
  facet normal 0 0 1
    outer loop
      vertex 2.410614639520645 1.3205892869404385 1.127
      vertex 2.503468930721283 1.2857142889073918 1.127
      vertex 2.503468930721283 1.3088185765913556 1.127
    endloop
  endfacet
  facet normal -1 0 0
    outer loop
      vertex 2.326477497816086 1.3205892869404385 1.127
      vertex 2.326477497816086 1.5132728570273946 1.127
      vertex 2.326477497816086 1.5132728570273946 0.927
    endloop
  endfacet
  facet normal 0.8491509626285639 0.5281502084322066 0
    outer loop
      vertex 2.2240317836403847 1.8358650037220547 1.127
      vertex 2.3918689265847206 1.5660192870668004 1.127
      vertex 2.3918689265847206 1.5660192870668004 0.927
    endloop
  endfacet
  facet normal 0.8566671990245306 -0.5158694700362344 0
    outer loop
      vertex 2.410614639520645 1.5158892923167775 1.127
      vertex 2.410614639520645 1.5158892923167775 0.927
      vertex 2.6032982170581818 1.8358650037220547 1.127
    endloop
  endfacet
  facet normal 0 0 1
    outer loop
      vertex 2.326477497816086 1.5132728570273946 1.127
      vertex 2.410614639520645 1.3205892869404385 1.127
      vertex 2.410614639520645 1.5158892923167775 1.127
    endloop
  endfacet
  facet normal 0 0 1
    outer loop
      vertex 2.326477497816086 1.5132728570273946 1.127
      vertex 2.410614639520645 1.5158892923167775 1.127
      vertex 2.3918689265847206 1.5660192870668004 1.127
    endloop
  endfacet
  facet normal 0 0 1
    outer loop
      vertex 2.326477497816086 1.5132728570273946 1.127
      vertex 2.3918689265847206 1.5660192870668004 1.127
      vertex 2.2240317836403847 1.8358650037220547 1.127
    endloop
  endfacet
  facet normal 0 0 1
    outer loop
      vertex 2.410614639520645 1.5158892923167775 1.127
      vertex 2.551419645547867 1.8358650037220547 1.127
      vertex 2.3918689265847206 1.5660192870668004 1.127
    endloop
  endfacet
  facet normal 0.8491509626285639 0.5281502084322066 0
    outer loop
      vertex 2.2240317836403847 1.8358650037220547 1.127
      vertex 2.3918689265847206 1.5660192870668004 0.927
      vertex 2.2240317836403847 1.8358650037220547 0.927
    endloop
  endfacet
  facet normal 0.143033121316813 -0.9897179023370092 0
    outer loop
      vertex 2.3024989292025566 1.8472050034574101 1.127
      vertex 2.2240317836403847 1.8358650037220547 0.927
      vertex 2.3024989292025566 1.8472050034574101 0.927
    endloop
  endfacet
  facet normal 1 0 0
    outer loop
      vertex 2.3024989292025566 1.870309291141374 1.127
      vertex 2.3024989292025566 1.8472050034574101 0.927
      vertex 2.3024989292025566 1.870309291141374 0.927
    endloop
  endfacet
  facet normal -1 0 0
    outer loop
      vertex 2.477311074733734 1.8472050034574101 1.127
      vertex 2.477311074733734 1.870309291141374 0.927
      vertex 2.477311074733734 1.8472050034574101 0.927
    endloop
  endfacet
  facet normal -0.15125814641187119 -0.9884942959592863 0
    outer loop
      vertex 2.551419645547867 1.8358650037220547 1.127
      vertex 2.477311074733734 1.8472050034574101 0.927
      vertex 2.551419645547867 1.8358650037220547 0.927
    endloop
  endfacet
  facet normal 0.8566671990245306 -0.5158694700362344 0
    outer loop
      vertex 2.6032982170581818 1.8358650037220547 1.127
      vertex 2.410614639520645 1.5158892923167775 0.927
      vertex 2.6032982170581818 1.8358650037220547 0.927
    endloop
  endfacet
  facet normal 0 1 0
    outer loop
      vertex 2.477311074733734 1.870309291141374 1.127
      vertex 2.667378216981888 1.870309291141374 0.927
      vertex 2.477311074733734 1.870309291141374 0.927
    endloop
  endfacet
  facet normal 0.17425868780667386 -0.9846999084614034 0
    outer loop
      vertex 2.667378216981888 1.8472050034574101 1.127
      vertex 2.6032982170581818 1.8358650037220547 0.927
      vertex 2.667378216981888 1.8472050034574101 0.927
    endloop
  endfacet
  facet normal 1 0 0
    outer loop
      vertex 2.667378216981888 1.870309291141374 1.127
      vertex 2.667378216981888 1.8472050034574101 0.927
      vertex 2.667378216981888 1.870309291141374 0.927
    endloop
  endfacet
  facet normal -1 0 0
    outer loop
      vertex 2.7001189291477203 1.8472050034574101 1.127
      vertex 2.7001189291477203 1.870309291141374 0.927
      vertex 2.7001189291477203 1.8472050034574101 0.927
    endloop
  endfacet
  facet normal -0.16978121983960917 -0.9854817793291636 0
    outer loop
      vertex 2.7659410685300827 1.8358650037220547 1.127
      vertex 2.7001189291477203 1.8472050034574101 0.927
      vertex 2.7659410685300827 1.8358650037220547 0.927
    endloop
  endfacet
  facet normal 0 1 0
    outer loop
      vertex 2.7001189291477203 1.870309291141374 1.127
      vertex 2.9472910687327385 1.870309291141374 0.927
      vertex 2.7001189291477203 1.870309291141374 0.927
    endloop
  endfacet
  facet normal 0.143033121316813 -0.9897179023370092 0
    outer loop
      vertex 2.2240317836403847 1.8358650037220547 1.127
      vertex 2.2240317836403847 1.8358650037220547 0.927
      vertex 2.3024989292025566 1.8472050034574101 1.127
    endloop
  endfacet
  facet normal 1 0 0
    outer loop
      vertex 2.3024989292025566 1.8472050034574101 1.127
      vertex 2.3024989292025566 1.8472050034574101 0.927
      vertex 2.3024989292025566 1.870309291141374 1.127
    endloop
  endfacet
  facet normal -0.8607917706255936 0.5089572944985223 0
    outer loop
      vertex 2.3918689265847206 1.5660192870668004 1.127
      vertex 2.551419645547867 1.8358650037220547 1.127
      vertex 2.551419645547867 1.8358650037220547 0.927
    endloop
  endfacet
  facet normal -1 0 0
    outer loop
      vertex 2.477311074733734 1.8472050034574101 1.127
      vertex 2.477311074733734 1.870309291141374 1.127
      vertex 2.477311074733734 1.870309291141374 0.927
    endloop
  endfacet
  facet normal -0.15125814641187119 -0.9884942959592863 0
    outer loop
      vertex 2.477311074733734 1.8472050034574101 1.127
      vertex 2.477311074733734 1.8472050034574101 0.927
      vertex 2.551419645547867 1.8358650037220547 1.127
    endloop
  endfacet
  facet normal 0 0 1
    outer loop
      vertex 2.2240317836403847 1.8358650037220547 1.127
      vertex 2.3024989292025566 1.8472050034574101 1.127
      vertex 2.3024989292025566 1.870309291141374 1.127
    endloop
  endfacet
  facet normal 0 0 1
    outer loop
      vertex 2.410614639520645 1.5158892923167775 1.127
      vertex 2.6032982170581818 1.8358650037220547 1.127
      vertex 2.551419645547867 1.8358650037220547 1.127
    endloop
  endfacet
  facet normal 0 0 1
    outer loop
      vertex 2.477311074733734 1.8472050034574101 1.127
      vertex 2.551419645547867 1.8358650037220547 1.127
      vertex 2.477311074733734 1.870309291141374 1.127
    endloop
  endfacet
  facet normal 0.17425868780667386 -0.9846999084614034 0
    outer loop
      vertex 2.6032982170581818 1.8358650037220547 1.127
      vertex 2.6032982170581818 1.8358650037220547 0.927
      vertex 2.667378216981888 1.8472050034574101 1.127
    endloop
  endfacet
  facet normal 0 1 0
    outer loop
      vertex 2.477311074733734 1.870309291141374 1.127
      vertex 2.667378216981888 1.870309291141374 1.127
      vertex 2.667378216981888 1.870309291141374 0.927
    endloop
  endfacet
  facet normal 1 0 0
    outer loop
      vertex 2.667378216981888 1.8472050034574101 1.127
      vertex 2.667378216981888 1.8472050034574101 0.927
      vertex 2.667378216981888 1.870309291141374 1.127
    endloop
  endfacet
  facet normal -1 0 0
    outer loop
      vertex 2.7001189291477203 1.8472050034574101 1.127
      vertex 2.7001189291477203 1.870309291141374 1.127
      vertex 2.7001189291477203 1.870309291141374 0.927
    endloop
  endfacet
  facet normal -0.16978121983960917 -0.9854817793291636 0
    outer loop
      vertex 2.7001189291477203 1.8472050034574101 1.127
      vertex 2.7001189291477203 1.8472050034574101 0.927
      vertex 2.7659410685300827 1.8358650037220547 1.127
    endloop
  endfacet
  facet normal 0 0 1
    outer loop
      vertex 2.477311074733734 1.870309291141374 1.127
      vertex 2.551419645547867 1.8358650037220547 1.127
      vertex 2.6032982170581818 1.8358650037220547 1.127
    endloop
  endfacet
  facet normal 0 0 1
    outer loop
      vertex 2.477311074733734 1.870309291141374 1.127
      vertex 2.6032982170581818 1.8358650037220547 1.127
      vertex 2.667378216981888 1.870309291141374 1.127
    endloop
  endfacet
  facet normal 0 0 1
    outer loop
      vertex 2.6032982170581818 1.8358650037220547 1.127
      vertex 2.667378216981888 1.8472050034574101 1.127
      vertex 2.667378216981888 1.870309291141374 1.127
    endloop
  endfacet
  facet normal 0 0 1
    outer loop
      vertex 2.7001189291477203 1.8472050034574101 1.127
      vertex 2.7659410685300827 1.8358650037220547 1.127
      vertex 2.7001189291477203 1.870309291141374 1.127
    endloop
  endfacet
  facet normal 0 0 1
    outer loop
      vertex 2.7001189291477203 1.870309291141374 1.127
      vertex 2.7659410685300827 1.8358650037220547 1.127
      vertex 2.868823930621147 1.8358650037220547 1.127
    endloop
  endfacet
  facet normal -1 0 0
    outer loop
      vertex 2.8784153535962105 1.2857142889073918 1.127
      vertex 2.8784153535962105 1.3088185765913556 0.927
      vertex 2.8784153535962105 1.2857142889073918 0.927
    endloop
  endfacet
  facet normal -0.12575897640192849 0.992060824674747 0
    outer loop
      vertex 2.8784153535962105 1.3088185765913556 1.127
      vertex 2.9712696447968483 1.3205892869404385 0.927
      vertex 2.8784153535962105 1.3088185765913556 0.927
    endloop
  endfacet
  facet normal -1 0 0
    outer loop
      vertex 2.9712696447968483 1.3205892869404385 1.127
      vertex 2.9712696447968483 1.5132728570273946 0.927
      vertex 2.9712696447968483 1.3205892869404385 0.927
    endloop
  endfacet
  facet normal 0 -1 0
    outer loop
      vertex 3.148261070251465 1.2857142889073918 1.127
      vertex 2.8784153535962105 1.2857142889073918 0.927
      vertex 3.148261070251465 1.2857142889073918 0.927
    endloop
  endfacet
  facet normal 0.1257589863331751 0.9920608234158086 0
    outer loop
      vertex 3.0554067865014076 1.3205892869404385 1.127
      vertex 3.148261070251465 1.3088185765913556 0.927
      vertex 3.0554067865014076 1.3205892869404385 0.927
    endloop
  endfacet
  facet normal -0.843610948181078 -0.5369549032358516 0
    outer loop
      vertex 2.9712696447968483 1.5132728570273946 1.127
      vertex 2.7659410685300827 1.8358650037220547 0.927
      vertex 2.9712696447968483 1.5132728570273946 0.927
    endloop
  endfacet
  facet normal 1 0 0
    outer loop
      vertex 3.0554067865014076 1.5158892923167775 1.127
      vertex 3.0554067865014076 1.3205892869404385 0.927
      vertex 3.0554067865014076 1.5158892923167775 0.927
    endloop
  endfacet
  facet normal -0.8607917810380247 0.5089572768881346 0
    outer loop
      vertex 3.036661073565483 1.5660192870668004 1.127
      vertex 3.1962117850780487 1.8358650037220547 0.927
      vertex 3.036661073565483 1.5660192870668004 0.927
    endloop
  endfacet
  facet normal 1 0 0
    outer loop
      vertex 3.148261070251465 1.3088185765913556 1.127
      vertex 3.148261070251465 1.2857142889073918 0.927
      vertex 3.148261070251465 1.3088185765913556 0.927
    endloop
  endfacet
  facet normal -1 0 0
    outer loop
      vertex 2.8784153535962105 1.2857142889073918 1.127
      vertex 2.8784153535962105 1.3088185765913556 1.127
      vertex 2.8784153535962105 1.3088185765913556 0.927
    endloop
  endfacet
  facet normal -0.12575897640192849 0.992060824674747 0
    outer loop
      vertex 2.8784153535962105 1.3088185765913556 1.127
      vertex 2.9712696447968483 1.3205892869404385 1.127
      vertex 2.9712696447968483 1.3205892869404385 0.927
    endloop
  endfacet
  facet normal 0 -1 0
    outer loop
      vertex 2.8784153535962105 1.2857142889073918 1.127
      vertex 2.8784153535962105 1.2857142889073918 0.927
      vertex 3.148261070251465 1.2857142889073918 1.127
    endloop
  endfacet
  facet normal 1 0 0
    outer loop
      vertex 3.0554067865014076 1.3205892869404385 1.127
      vertex 3.0554067865014076 1.3205892869404385 0.927
      vertex 3.0554067865014076 1.5158892923167775 1.127
    endloop
  endfacet
  facet normal 0 0 1
    outer loop
      vertex 2.8784153535962105 1.2857142889073918 1.127
      vertex 2.9712696447968483 1.3205892869404385 1.127
      vertex 2.8784153535962105 1.3088185765913556 1.127
    endloop
  endfacet
  facet normal 0 0 1
    outer loop
      vertex 2.8784153535962105 1.2857142889073918 1.127
      vertex 3.148261070251465 1.2857142889073918 1.127
      vertex 2.9712696447968483 1.3205892869404385 1.127
    endloop
  endfacet
  facet normal 0 0 1
    outer loop
      vertex 2.9712696447968483 1.3205892869404385 1.127
      vertex 3.0554067865014076 1.3205892869404385 1.127
      vertex 2.9712696447968483 1.5132728570273946 1.127
    endloop
  endfacet
  facet normal 0 0 1
    outer loop
      vertex 2.9712696447968483 1.3205892869404385 1.127
      vertex 3.148261070251465 1.2857142889073918 1.127
      vertex 3.0554067865014076 1.3205892869404385 1.127
    endloop
  endfacet
  facet normal -1 0 0
    outer loop
      vertex 2.9712696447968483 1.3205892869404385 1.127
      vertex 2.9712696447968483 1.5132728570273946 1.127
      vertex 2.9712696447968483 1.5132728570273946 0.927
    endloop
  endfacet
  facet normal 0.8491509626285639 0.5281502084322066 0
    outer loop
      vertex 3.036661073565483 1.5660192870668004 1.127
      vertex 3.036661073565483 1.5660192870668004 0.927
      vertex 2.868823930621147 1.8358650037220547 1.127
    endloop
  endfacet
  facet normal 0 0 1
    outer loop
      vertex 2.9712696447968483 1.5132728570273946 1.127
      vertex 3.0554067865014076 1.5158892923167775 1.127
      vertex 3.036661073565483 1.5660192870668004 1.127
    endloop
  endfacet
  facet normal 0 0 1
    outer loop
      vertex 3.0554067865014076 1.3205892869404385 1.127
      vertex 3.0554067865014076 1.5158892923167775 1.127
      vertex 2.9712696447968483 1.5132728570273946 1.127
    endloop
  endfacet
  facet normal 0 0 1
    outer loop
      vertex 2.9712696447968483 1.5132728570273946 1.127
      vertex 3.036661073565483 1.5660192870668004 1.127
      vertex 2.868823930621147 1.8358650037220547 1.127
    endloop
  endfacet
  facet normal 0.1257589863331751 0.9920608234158086 0
    outer loop
      vertex 3.0554067865014076 1.3205892869404385 1.127
      vertex 3.148261070251465 1.3088185765913556 1.127
      vertex 3.148261070251465 1.3088185765913556 0.927
    endloop
  endfacet
  facet normal 1 0 0
    outer loop
      vertex 3.148261070251465 1.2857142889073918 1.127
      vertex 3.148261070251465 1.2857142889073918 0.927
      vertex 3.148261070251465 1.3088185765913556 1.127
    endloop
  endfacet
  facet normal 0 0 1
    outer loop
      vertex 3.0554067865014076 1.3205892869404385 1.127
      vertex 3.148261070251465 1.2857142889073918 1.127
      vertex 3.148261070251465 1.3088185765913556 1.127
    endloop
  endfacet
  facet normal 0.8566672078398327 -0.5158694553972979 0
    outer loop
      vertex 3.0554067865014076 1.5158892923167775 1.127
      vertex 3.0554067865014076 1.5158892923167775 0.927
      vertex 3.2480903565883636 1.8358650037220547 1.127
    endloop
  endfacet
  facet normal 0 0 1
    outer loop
      vertex 3.0554067865014076 1.5158892923167775 1.127
      vertex 3.1962117850780487 1.8358650037220547 1.127
      vertex 3.036661073565483 1.5660192870668004 1.127
    endloop
  endfacet
  facet normal 0.8491509626285639 0.5281502084322066 0
    outer loop
      vertex 2.868823930621147 1.8358650037220547 1.127
      vertex 3.036661073565483 1.5660192870668004 0.927
      vertex 2.868823930621147 1.8358650037220547 0.927
    endloop
  endfacet
  facet normal 0.1430331346201861 -0.989717900414418 0
    outer loop
      vertex 2.9472910687327385 1.8472050034574101 1.127
      vertex 2.868823930621147 1.8358650037220547 0.927
      vertex 2.9472910687327385 1.8472050034574101 0.927
    endloop
  endfacet
  facet normal 1 0 0
    outer loop
      vertex 2.9472910687327385 1.870309291141374 1.127
      vertex 2.9472910687327385 1.8472050034574101 0.927
      vertex 2.9472910687327385 1.870309291141374 0.927
    endloop
  endfacet
  facet normal 0.8566672078398327 -0.5158694553972979 0
    outer loop
      vertex 3.2480903565883636 1.8358650037220547 1.127
      vertex 3.0554067865014076 1.5158892923167775 0.927
      vertex 3.2480903565883636 1.8358650037220547 0.927
    endloop
  endfacet
  facet normal -1 0 0
    outer loop
      vertex 3.122103214263916 1.8472050034574101 1.127
      vertex 3.122103214263916 1.870309291141374 0.927
      vertex 3.122103214263916 1.8472050034574101 0.927
    endloop
  endfacet
  facet normal -0.15125814641187119 -0.9884942959592863 0
    outer loop
      vertex 3.1962117850780487 1.8358650037220547 1.127
      vertex 3.122103214263916 1.8472050034574101 0.927
      vertex 3.1962117850780487 1.8358650037220547 0.927
    endloop
  endfacet
  facet normal 0 1 0
    outer loop
      vertex 3.122103214263916 1.870309291141374 1.127
      vertex 3.3121703565120697 1.870309291141374 0.927
      vertex 3.122103214263916 1.870309291141374 0.927
    endloop
  endfacet
  facet normal 0.17425868780667386 -0.9846999084614034 0
    outer loop
      vertex 3.3121703565120697 1.8472050034574101 1.127
      vertex 3.2480903565883636 1.8358650037220547 0.927
      vertex 3.3121703565120697 1.8472050034574101 0.927
    endloop
  endfacet
  facet normal 1 0 0
    outer loop
      vertex 3.3121703565120697 1.870309291141374 1.127
      vertex 3.3121703565120697 1.8472050034574101 0.927
      vertex 3.3121703565120697 1.870309291141374 0.927
    endloop
  endfacet
  facet normal -1 0 0
    outer loop
      vertex 3.3357567861676216 1.8472050034574101 1.127
      vertex 3.3357567861676216 1.870309291141374 0.927
      vertex 3.3357567861676216 1.8472050034574101 0.927
    endloop
  endfacet
  facet normal -0.21703468056530537 -0.9761638937350202 0
    outer loop
      vertex 3.3867610692977905 1.8358650037220547 1.127
      vertex 3.3357567861676216 1.8472050034574101 0.927
      vertex 3.3867610692977905 1.8358650037220547 0.927
    endloop
  endfacet
  facet normal -0.843610948181078 -0.5369549032358516 0
    outer loop
      vertex 2.9712696447968483 1.5132728570273946 1.127
      vertex 2.7659410685300827 1.8358650037220547 1.127
      vertex 2.7659410685300827 1.8358650037220547 0.927
    endloop
  endfacet
  facet normal 0 1 0
    outer loop
      vertex 2.7001189291477203 1.870309291141374 1.127
      vertex 2.9472910687327385 1.870309291141374 1.127
      vertex 2.9472910687327385 1.870309291141374 0.927
    endloop
  endfacet
  facet normal 0.1430331346201861 -0.989717900414418 0
    outer loop
      vertex 2.868823930621147 1.8358650037220547 1.127
      vertex 2.868823930621147 1.8358650037220547 0.927
      vertex 2.9472910687327385 1.8472050034574101 1.127
    endloop
  endfacet
  facet normal 1 0 0
    outer loop
      vertex 2.9472910687327385 1.8472050034574101 1.127
      vertex 2.9472910687327385 1.8472050034574101 0.927
      vertex 2.9472910687327385 1.870309291141374 1.127
    endloop
  endfacet
  facet normal 0 0 1
    outer loop
      vertex 2.9712696447968483 1.5132728570273946 1.127
      vertex 2.868823930621147 1.8358650037220547 1.127
      vertex 2.7659410685300827 1.8358650037220547 1.127
    endloop
  endfacet
  facet normal 0 0 1
    outer loop
      vertex 2.7001189291477203 1.870309291141374 1.127
      vertex 2.868823930621147 1.8358650037220547 1.127
      vertex 2.9472910687327385 1.870309291141374 1.127
    endloop
  endfacet
  facet normal 0 0 1
    outer loop
      vertex 2.868823930621147 1.8358650037220547 1.127
      vertex 2.9472910687327385 1.8472050034574101 1.127
      vertex 2.9472910687327385 1.870309291141374 1.127
    endloop
  endfacet
  facet normal -0.8607917810380247 0.5089572768881346 0
    outer loop
      vertex 3.036661073565483 1.5660192870668004 1.127
      vertex 3.1962117850780487 1.8358650037220547 1.127
      vertex 3.1962117850780487 1.8358650037220547 0.927
    endloop
  endfacet
  facet normal -1 0 0
    outer loop
      vertex 3.122103214263916 1.8472050034574101 1.127
      vertex 3.122103214263916 1.870309291141374 1.127
      vertex 3.122103214263916 1.870309291141374 0.927
    endloop
  endfacet
  facet normal -0.15125814641187119 -0.9884942959592863 0
    outer loop
      vertex 3.122103214263916 1.8472050034574101 1.127
      vertex 3.122103214263916 1.8472050034574101 0.927
      vertex 3.1962117850780487 1.8358650037220547 1.127
    endloop
  endfacet
  facet normal 0.17425868780667386 -0.9846999084614034 0
    outer loop
      vertex 3.2480903565883636 1.8358650037220547 1.127
      vertex 3.2480903565883636 1.8358650037220547 0.927
      vertex 3.3121703565120697 1.8472050034574101 1.127
    endloop
  endfacet
  facet normal 0 1 0
    outer loop
      vertex 3.122103214263916 1.870309291141374 1.127
      vertex 3.3121703565120697 1.870309291141374 1.127
      vertex 3.3121703565120697 1.870309291141374 0.927
    endloop
  endfacet
  facet normal 1 0 0
    outer loop
      vertex 3.3121703565120697 1.8472050034574101 1.127
      vertex 3.3121703565120697 1.8472050034574101 0.927
      vertex 3.3121703565120697 1.870309291141374 1.127
    endloop
  endfacet
  facet normal -1 0 0
    outer loop
      vertex 3.3357567861676216 1.8472050034574101 1.127
      vertex 3.3357567861676216 1.870309291141374 1.127
      vertex 3.3357567861676216 1.870309291141374 0.927
    endloop
  endfacet
  facet normal -0.21703468056530537 -0.9761638937350202 0
    outer loop
      vertex 3.3357567861676216 1.8472050034574101 1.127
      vertex 3.3357567861676216 1.8472050034574101 0.927
      vertex 3.3867610692977905 1.8358650037220547 1.127
    endloop
  endfacet
  facet normal 0 0 1
    outer loop
      vertex 3.0554067865014076 1.5158892923167775 1.127
      vertex 3.2480903565883636 1.8358650037220547 1.127
      vertex 3.1962117850780487 1.8358650037220547 1.127
    endloop
  endfacet
  facet normal 0 0 1
    outer loop
      vertex 3.122103214263916 1.8472050034574101 1.127
      vertex 3.1962117850780487 1.8358650037220547 1.127
      vertex 3.122103214263916 1.870309291141374 1.127
    endloop
  endfacet
  facet normal 0 0 1
    outer loop
      vertex 3.122103214263916 1.870309291141374 1.127
      vertex 3.1962117850780487 1.8358650037220547 1.127
      vertex 3.2480903565883636 1.8358650037220547 1.127
    endloop
  endfacet
  facet normal 0 0 1
    outer loop
      vertex 3.122103214263916 1.870309291141374 1.127
      vertex 3.2480903565883636 1.8358650037220547 1.127
      vertex 3.3121703565120697 1.870309291141374 1.127
    endloop
  endfacet
  facet normal 0 0 1
    outer loop
      vertex 3.2480903565883636 1.8358650037220547 1.127
      vertex 3.3121703565120697 1.8472050034574101 1.127
      vertex 3.3121703565120697 1.870309291141374 1.127
    endloop
  endfacet
  facet normal 0 0 1
    outer loop
      vertex 3.3357567861676216 1.8472050034574101 1.127
      vertex 3.3867610692977905 1.8358650037220547 1.127
      vertex 3.3357567861676216 1.870309291141374 1.127
    endloop
  endfacet
  facet normal 0 -1 0
    outer loop
      vertex 3.6034232154488564 1.272201431649072 1.127
      vertex 3.5803124979138374 1.272201431649072 0.927
      vertex 3.6034232154488564 1.272201431649072 0.927
    endloop
  endfacet
  facet normal -0.9457938031633031 -0.3247677353092442 0
    outer loop
      vertex 3.5803124979138374 1.272201431649072 1.127
      vertex 3.3867610692977905 1.8358650037220547 0.927
      vertex 3.5803124979138374 1.272201431649072 0.927
    endloop
  endfacet
  facet normal 0 -1 0
    outer loop
      vertex 3.9338582158088684 1.272201431649072 1.127
      vertex 3.9107539281249046 1.272201431649072 0.927
      vertex 3.9338582158088684 1.272201431649072 0.927
    endloop
  endfacet
  facet normal 0.9327989304969755 -0.36039721872358943 0
    outer loop
      vertex 3.759052500128746 1.675009285765035 1.127
      vertex 3.6034232154488564 1.272201431649072 0.927
      vertex 3.759052500128746 1.675009285765035 0.927
    endloop
  endfacet
  facet normal -0.9322305788112909 0.3618648199661935 0
    outer loop
      vertex 3.6121403574943542 1.4239092894962857 1.127
      vertex 3.769511789083481 1.8293271490505765 0.927
      vertex 3.6121403574943542 1.4239092894962857 0.927
    endloop
  endfacet
  facet normal -0.9358329244301552 -0.3524439495189318 0
    outer loop
      vertex 3.9107539281249046 1.272201431649072 1.127
      vertex 3.759052500128746 1.675009285765035 0.927
      vertex 3.9107539281249046 1.272201431649072 0.927
    endloop
  endfacet
  facet normal 0 -1 0
    outer loop
      vertex 3.5803124979138374 1.272201431649072 1.127
      vertex 3.5803124979138374 1.272201431649072 0.927
      vertex 3.6034232154488564 1.272201431649072 1.127
    endloop
  endfacet
  facet normal -0.9457938031633031 -0.3247677353092442 0
    outer loop
      vertex 3.5803124979138374 1.272201431649072 1.127
      vertex 3.3867610692977905 1.8358650037220547 1.127
      vertex 3.3867610692977905 1.8358650037220547 0.927
    endloop
  endfacet
  facet normal 0.9327989304969755 -0.36039721872358943 0
    outer loop
      vertex 3.6034232154488564 1.272201431649072 1.127
      vertex 3.6034232154488564 1.272201431649072 0.927
      vertex 3.759052500128746 1.675009285765035 1.127
    endloop
  endfacet
  facet normal 0.9474729008450014 0.3198360551350617 0
    outer loop
      vertex 3.4730774983763695 1.8358650037220547 1.127
      vertex 3.6121403574943542 1.4239092894962857 1.127
      vertex 3.6121403574943542 1.4239092894962857 0.927
    endloop
  endfacet
  facet normal 0 0 1
    outer loop
      vertex 3.5803124979138374 1.272201431649072 1.127
      vertex 3.6034232154488564 1.272201431649072 1.127
      vertex 3.3867610692977905 1.8358650037220547 1.127
    endloop
  endfacet
  facet normal 0 0 1
    outer loop
      vertex 3.3867610692977905 1.8358650037220547 1.127
      vertex 3.6034232154488564 1.272201431649072 1.127
      vertex 3.6121403574943542 1.4239092894962857 1.127
    endloop
  endfacet
  facet normal 0 -1 0
    outer loop
      vertex 3.9107539281249046 1.272201431649072 1.127
      vertex 3.9107539281249046 1.272201431649072 0.927
      vertex 3.9338582158088684 1.272201431649072 1.127
    endloop
  endfacet
  facet normal -0.9358329244301552 -0.3524439495189318 0
    outer loop
      vertex 3.759052500128746 1.675009285765035 1.127
      vertex 3.759052500128746 1.675009285765035 0.927
      vertex 3.9107539281249046 1.272201431649072 1.127
    endloop
  endfacet
  facet normal 0.9365797796437549 0.3504544426347817 0
    outer loop
      vertex 3.9408332109451294 1.4239092894962857 1.127
      vertex 3.9408332109451294 1.4239092894962857 0.927
      vertex 3.789131782948971 1.8293271490505765 1.127
    endloop
  endfacet
  facet normal 0 0 1
    outer loop
      vertex 3.6034232154488564 1.272201431649072 1.127
      vertex 3.759052500128746 1.675009285765035 1.127
      vertex 3.6121403574943542 1.4239092894962857 1.127
    endloop
  endfacet
  facet normal 0 0 1
    outer loop
      vertex 3.6121403574943542 1.4239092894962857 1.127
      vertex 3.759052500128746 1.675009285765035 1.127
      vertex 3.769511789083481 1.8293271490505765 1.127
    endloop
  endfacet
  facet normal 0 0 1
    outer loop
      vertex 3.759052500128746 1.675009285765035 1.127
      vertex 3.9107539281249046 1.272201431649072 1.127
      vertex 3.9408332109451294 1.4239092894962857 1.127
    endloop
  endfacet
  facet normal 0 0 1
    outer loop
      vertex 3.759052500128746 1.675009285765035 1.127
      vertex 3.9408332109451294 1.4239092894962857 1.127
      vertex 3.769511789083481 1.8293271490505765 1.127
    endloop
  endfacet
  facet normal 0 1 0
    outer loop
      vertex 3.3357567861676216 1.870309291141374 1.127
      vertex 3.5589567869901657 1.870309291141374 0.927
      vertex 3.3357567861676216 1.870309291141374 0.927
    endloop
  endfacet
  facet normal 0.9474729008450014 0.3198360551350617 0
    outer loop
      vertex 3.4730774983763695 1.8358650037220547 1.127
      vertex 3.6121403574943542 1.4239092894962857 0.927
      vertex 3.4730774983763695 1.8358650037220547 0.927
    endloop
  endfacet
  facet normal 0.13090946134789644 -0.9913943276666473 0
    outer loop
      vertex 3.5589567869901657 1.8472050034574101 1.127
      vertex 3.4730774983763695 1.8358650037220547 0.927
      vertex 3.5589567869901657 1.8472050034574101 0.927
    endloop
  endfacet
  facet normal 1 0 0
    outer loop
      vertex 3.5589567869901657 1.870309291141374 1.127
      vertex 3.5589567869901657 1.8472050034574101 0.927
      vertex 3.5589567869901657 1.870309291141374 0.927
    endloop
  endfacet
  facet normal 0 1 0
    outer loop
      vertex 3.769511789083481 1.8293271490505765 1.127
      vertex 3.789131782948971 1.8293271490505765 0.927
      vertex 3.769511789083481 1.8293271490505765 0.927
    endloop
  endfacet
  facet normal 0.9365797796437549 0.3504544426347817 0
    outer loop
      vertex 3.789131782948971 1.8293271490505765 1.127
      vertex 3.9408332109451294 1.4239092894962857 0.927
      vertex 3.789131782948971 1.8293271490505765 0.927
    endloop
  endfacet
  facet normal 0.13090946134789644 -0.9913943276666473 0
    outer loop
      vertex 3.4730774983763695 1.8358650037220547 1.127
      vertex 3.4730774983763695 1.8358650037220547 0.927
      vertex 3.5589567869901657 1.8472050034574101 1.127
    endloop
  endfacet
  facet normal 0 1 0
    outer loop
      vertex 3.3357567861676216 1.870309291141374 1.127
      vertex 3.5589567869901657 1.870309291141374 1.127
      vertex 3.5589567869901657 1.870309291141374 0.927
    endloop
  endfacet
  facet normal 1 0 0
    outer loop
      vertex 3.5589567869901657 1.8472050034574101 1.127
      vertex 3.5589567869901657 1.8472050034574101 0.927
      vertex 3.5589567869901657 1.870309291141374 1.127
    endloop
  endfacet
  facet normal 0 0 1
    outer loop
      vertex 3.3867610692977905 1.8358650037220547 1.127
      vertex 3.6121403574943542 1.4239092894962857 1.127
      vertex 3.4730774983763695 1.8358650037220547 1.127
    endloop
  endfacet
  facet normal 0 0 1
    outer loop
      vertex 3.3357567861676216 1.870309291141374 1.127
      vertex 3.3867610692977905 1.8358650037220547 1.127
      vertex 3.4730774983763695 1.8358650037220547 1.127
    endloop
  endfacet
  facet normal 0 0 1
    outer loop
      vertex 3.3357567861676216 1.870309291141374 1.127
      vertex 3.4730774983763695 1.8358650037220547 1.127
      vertex 3.5589567869901657 1.870309291141374 1.127
    endloop
  endfacet
  facet normal 0 0 1
    outer loop
      vertex 3.4730774983763695 1.8358650037220547 1.127
      vertex 3.5589567869901657 1.8472050034574101 1.127
      vertex 3.5589567869901657 1.870309291141374 1.127
    endloop
  endfacet
  facet normal -0.9322305788112909 0.3618648199661935 0
    outer loop
      vertex 3.6121403574943542 1.4239092894962857 1.127
      vertex 3.769511789083481 1.8293271490505765 1.127
      vertex 3.769511789083481 1.8293271490505765 0.927
    endloop
  endfacet
  facet normal 0 1 0
    outer loop
      vertex 3.769511789083481 1.8293271490505765 1.127
      vertex 3.789131782948971 1.8293271490505765 1.127
      vertex 3.789131782948971 1.8293271490505765 0.927
    endloop
  endfacet
  facet normal 0 0 1
    outer loop
      vertex 3.9408332109451294 1.4239092894962857 1.127
      vertex 3.789131782948971 1.8293271490505765 1.127
      vertex 3.769511789083481 1.8293271490505765 1.127
    endloop
  endfacet
  facet normal -0.9519540305627515 0.30624095692008946 0
    outer loop
      vertex 3.9408332109451294 1.4239092894962857 1.127
      vertex 4.073358215391636 1.8358650037220547 0.927
      vertex 3.9408332109451294 1.4239092894962857 0.927
    endloop
  endfacet
  facet normal 0.9471327687022634 -0.3208418901116014 0
    outer loop
      vertex 4.124799646437168 1.8358650037220547 1.127
      vertex 3.9338582158088684 1.272201431649072 0.927
      vertex 4.124799646437168 1.8358650037220547 0.927
    endloop
  endfacet
  facet normal 0 -1 0
    outer loop
      vertex 4.446144640445709 1.272201431649072 1.127
      vertex 4.423033930361271 1.272201431649072 0.927
      vertex 4.446144640445709 1.272201431649072 0.927
    endloop
  endfacet
  facet normal -0.9457938031633031 -0.3247677353092442 0
    outer loop
      vertex 4.423033930361271 1.272201431649072 1.127
      vertex 4.229482501745224 1.8358650037220547 0.927
      vertex 4.423033930361271 1.272201431649072 0.927
    endloop
  endfacet
  facet normal 0.9471327687022634 -0.3208418901116014 0
    outer loop
      vertex 3.9338582158088684 1.272201431649072 1.127
      vertex 3.9338582158088684 1.272201431649072 0.927
      vertex 4.124799646437168 1.8358650037220547 1.127
    endloop
  endfacet
  facet normal 0 0 1
    outer loop
      vertex 3.9107539281249046 1.272201431649072 1.127
      vertex 3.9338582158088684 1.272201431649072 1.127
      vertex 4.124799646437168 1.8358650037220547 1.127
    endloop
  endfacet
  facet normal 0 0 1
    outer loop
      vertex 3.9107539281249046 1.272201431649072 1.127
      vertex 4.124799646437168 1.8358650037220547 1.127
      vertex 3.9408332109451294 1.4239092894962857 1.127
    endloop
  endfacet
  facet normal 0 -1 0
    outer loop
      vertex 4.423033930361271 1.272201431649072 1.127
      vertex 4.423033930361271 1.272201431649072 0.927
      vertex 4.446144640445709 1.272201431649072 1.127
    endloop
  endfacet
  facet normal -0.9457938031633031 -0.3247677353092442 0
    outer loop
      vertex 4.423033930361271 1.272201431649072 1.127
      vertex 4.229482501745224 1.8358650037220547 1.127
      vertex 4.229482501745224 1.8358650037220547 0.927
    endloop
  endfacet
  facet normal 0.9327989304969755 -0.36039721872358943 0
    outer loop
      vertex 4.446144640445709 1.272201431649072 1.127
      vertex 4.446144640445709 1.272201431649072 0.927
      vertex 4.601773925125599 1.675009285765035 1.127
    endloop
  endfacet
  facet normal 0.9474729060377893 0.3198360397520991 0
    outer loop
      vertex 4.315798930823803 1.8358650037220547 1.127
      vertex 4.454861782491207 1.4239092894962857 1.127
      vertex 4.454861782491207 1.4239092894962857 0.927
    endloop
  endfacet
  facet normal 0 0 1
    outer loop
      vertex 4.423033930361271 1.272201431649072 1.127
      vertex 4.446144640445709 1.272201431649072 1.127
      vertex 4.229482501745224 1.8358650037220547 1.127
    endloop
  endfacet
  facet normal 0 0 1
    outer loop
      vertex 4.229482501745224 1.8358650037220547 1.127
      vertex 4.446144640445709 1.272201431649072 1.127
      vertex 4.454861782491207 1.4239092894962857 1.127
    endloop
  endfacet
  facet normal -1 0 0
    outer loop
      vertex 3.98225250095129 1.8472050034574101 1.127
      vertex 3.98225250095129 1.870309291141374 0.927
      vertex 3.98225250095129 1.8472050034574101 0.927
    endloop
  endfacet
  facet normal -0.12351763406657203 -0.9923423774457063 0
    outer loop
      vertex 4.073358215391636 1.8358650037220547 1.127
      vertex 3.98225250095129 1.8472050034574101 0.927
      vertex 4.073358215391636 1.8358650037220547 0.927
    endloop
  endfacet
  facet normal 0 1 0
    outer loop
      vertex 3.98225250095129 1.870309291141374 1.127
      vertex 4.175803929567337 1.870309291141374 0.927
      vertex 3.98225250095129 1.870309291141374 0.927
    endloop
  endfacet
  facet normal 0.21703468056530537 -0.9761638937350202 0
    outer loop
      vertex 4.175803929567337 1.8472050034574101 1.127
      vertex 4.124799646437168 1.8358650037220547 0.927
      vertex 4.175803929567337 1.8472050034574101 0.927
    endloop
  endfacet
  facet normal -1 0 0
    outer loop
      vertex 4.1784782111644745 1.8472050034574101 1.127
      vertex 4.1784782111644745 1.870309291141374 0.927
      vertex 4.1784782111644745 1.8472050034574101 0.927
    endloop
  endfacet
  facet normal 1 0 0
    outer loop
      vertex 4.175803929567337 1.870309291141374 1.127
      vertex 4.175803929567337 1.8472050034574101 0.927
      vertex 4.175803929567337 1.870309291141374 0.927
    endloop
  endfacet
  facet normal -0.21703465035479746 -0.9761639004518508 0
    outer loop
      vertex 4.229482501745224 1.8358650037220547 1.127
      vertex 4.1784782111644745 1.8472050034574101 0.927
      vertex 4.229482501745224 1.8358650037220547 0.927
    endloop
  endfacet
  facet normal 0 1 0
    outer loop
      vertex 4.1784782111644745 1.870309291141374 1.127
      vertex 4.401678211987019 1.870309291141374 0.927
      vertex 4.1784782111644745 1.870309291141374 0.927
    endloop
  endfacet
  facet normal 0.9474729060377893 0.3198360397520991 0
    outer loop
      vertex 4.315798930823803 1.8358650037220547 1.127
      vertex 4.454861782491207 1.4239092894962857 0.927
      vertex 4.315798930823803 1.8358650037220547 0.927
    endloop
  endfacet
  facet normal 0.13090947251050286 -0.991394326192672 0
    outer loop
      vertex 4.401678211987019 1.8472050034574101 1.127
      vertex 4.315798930823803 1.8358650037220547 0.927
      vertex 4.401678211987019 1.8472050034574101 0.927
    endloop
  endfacet
  facet normal 1 0 0
    outer loop
      vertex 4.401678211987019 1.870309291141374 1.127
      vertex 4.401678211987019 1.8472050034574101 0.927
      vertex 4.401678211987019 1.870309291141374 0.927
    endloop
  endfacet
  facet normal -0.9519540305627515 0.30624095692008946 0
    outer loop
      vertex 3.9408332109451294 1.4239092894962857 1.127
      vertex 4.073358215391636 1.8358650037220547 1.127
      vertex 4.073358215391636 1.8358650037220547 0.927
    endloop
  endfacet
  facet normal -1 0 0
    outer loop
      vertex 3.98225250095129 1.8472050034574101 1.127
      vertex 3.98225250095129 1.870309291141374 1.127
      vertex 3.98225250095129 1.870309291141374 0.927
    endloop
  endfacet
  facet normal -0.12351763406657203 -0.9923423774457063 0
    outer loop
      vertex 3.98225250095129 1.8472050034574101 1.127
      vertex 3.98225250095129 1.8472050034574101 0.927
      vertex 4.073358215391636 1.8358650037220547 1.127
    endloop
  endfacet
  facet normal 0 1 0
    outer loop
      vertex 3.98225250095129 1.870309291141374 1.127
      vertex 4.175803929567337 1.870309291141374 1.127
      vertex 4.175803929567337 1.870309291141374 0.927
    endloop
  endfacet
  facet normal 0.21703468056530537 -0.9761638937350202 0
    outer loop
      vertex 4.124799646437168 1.8358650037220547 1.127
      vertex 4.124799646437168 1.8358650037220547 0.927
      vertex 4.175803929567337 1.8472050034574101 1.127
    endloop
  endfacet
  facet normal -1 0 0
    outer loop
      vertex 4.1784782111644745 1.8472050034574101 1.127
      vertex 4.1784782111644745 1.870309291141374 1.127
      vertex 4.1784782111644745 1.870309291141374 0.927
    endloop
  endfacet
  facet normal 1 0 0
    outer loop
      vertex 4.175803929567337 1.8472050034574101 1.127
      vertex 4.175803929567337 1.8472050034574101 0.927
      vertex 4.175803929567337 1.870309291141374 1.127
    endloop
  endfacet
  facet normal -0.21703465035479746 -0.9761639004518508 0
    outer loop
      vertex 4.1784782111644745 1.8472050034574101 1.127
      vertex 4.1784782111644745 1.8472050034574101 0.927
      vertex 4.229482501745224 1.8358650037220547 1.127
    endloop
  endfacet
  facet normal 0 0 1
    outer loop
      vertex 3.9408332109451294 1.4239092894962857 1.127
      vertex 4.124799646437168 1.8358650037220547 1.127
      vertex 4.073358215391636 1.8358650037220547 1.127
    endloop
  endfacet
  facet normal 0 0 1
    outer loop
      vertex 3.98225250095129 1.8472050034574101 1.127
      vertex 4.073358215391636 1.8358650037220547 1.127
      vertex 3.98225250095129 1.870309291141374 1.127
    endloop
  endfacet
  facet normal 0 0 1
    outer loop
      vertex 3.98225250095129 1.870309291141374 1.127
      vertex 4.073358215391636 1.8358650037220547 1.127
      vertex 4.124799646437168 1.8358650037220547 1.127
    endloop
  endfacet
  facet normal 0 0 1
    outer loop
      vertex 3.98225250095129 1.870309291141374 1.127
      vertex 4.124799646437168 1.8358650037220547 1.127
      vertex 4.175803929567337 1.870309291141374 1.127
    endloop
  endfacet
  facet normal 0 0 1
    outer loop
      vertex 4.124799646437168 1.8358650037220547 1.127
      vertex 4.175803929567337 1.8472050034574101 1.127
      vertex 4.175803929567337 1.870309291141374 1.127
    endloop
  endfacet
  facet normal 0 0 1
    outer loop
      vertex 4.1784782111644745 1.8472050034574101 1.127
      vertex 4.229482501745224 1.8358650037220547 1.127
      vertex 4.1784782111644745 1.870309291141374 1.127
    endloop
  endfacet
  facet normal 0.13090947251050286 -0.991394326192672 0
    outer loop
      vertex 4.315798930823803 1.8358650037220547 1.127
      vertex 4.315798930823803 1.8358650037220547 0.927
      vertex 4.401678211987019 1.8472050034574101 1.127
    endloop
  endfacet
  facet normal 0 1 0
    outer loop
      vertex 4.1784782111644745 1.870309291141374 1.127
      vertex 4.401678211987019 1.870309291141374 1.127
      vertex 4.401678211987019 1.870309291141374 0.927
    endloop
  endfacet
  facet normal 1 0 0
    outer loop
      vertex 4.401678211987019 1.8472050034574101 1.127
      vertex 4.401678211987019 1.8472050034574101 0.927
      vertex 4.401678211987019 1.870309291141374 1.127
    endloop
  endfacet
  facet normal 0 0 1
    outer loop
      vertex 4.229482501745224 1.8358650037220547 1.127
      vertex 4.454861782491207 1.4239092894962857 1.127
      vertex 4.315798930823803 1.8358650037220547 1.127
    endloop
  endfacet
  facet normal 0 0 1
    outer loop
      vertex 4.1784782111644745 1.870309291141374 1.127
      vertex 4.229482501745224 1.8358650037220547 1.127
      vertex 4.315798930823803 1.8358650037220547 1.127
    endloop
  endfacet
  facet normal 0 0 1
    outer loop
      vertex 4.1784782111644745 1.870309291141374 1.127
      vertex 4.315798930823803 1.8358650037220547 1.127
      vertex 4.401678211987019 1.870309291141374 1.127
    endloop
  endfacet
  facet normal 0 0 1
    outer loop
      vertex 4.315798930823803 1.8358650037220547 1.127
      vertex 4.401678211987019 1.8472050034574101 1.127
      vertex 4.401678211987019 1.870309291141374 1.127
    endloop
  endfacet
  facet normal -0.989794475466977 0.14250226782424158 0
    outer loop
      vertex 2.799732856452465 4.142680709915502 1.127
      vertex 2.8188048228621483 4.2751510718039105 0.927
      vertex 2.799732856452465 4.142680709915502 0.927
    endloop
  endfacet
  facet normal -0.9874404671204958 -0.15799153107953995 0
    outer loop
      vertex 2.8195682168006897 4.018710536616189 1.127
      vertex 2.799732856452465 4.142680709915502 1.127
      vertex 2.799732856452465 4.142680709915502 0.927
    endloop
  endfacet
  facet normal -0.989794475466977 0.14250226782424158 0
    outer loop
      vertex 2.799732856452465 4.142680709915502 1.127
      vertex 2.8188048228621483 4.2751510718039105 1.127
      vertex 2.8188048228621483 4.2751510718039105 0.927
    endloop
  endfacet
  facet normal -0.5211469914972107 -0.8534669374108209 0
    outer loop
      vertex 2.974109463393688 3.867769283907754 1.127
      vertex 2.8790742829442024 3.9258000009826253 0.927
      vertex 2.974109463393688 3.867769283907754 0.927
    endloop
  endfacet
  facet normal 0.6059529441624847 0.7955004899186527 0
    outer loop
      vertex 2.944684289395809 3.9491228588989804 1.127
      vertex 3.010784462094307 3.8987726771405766 0.927
      vertex 2.944684289395809 3.9491228588989804 0.927
    endloop
  endfacet
  facet normal -0.15124692468659556 -0.9884960130283011 0
    outer loop
      vertex 3.10053214430809 3.8484257140329907 1.127
      vertex 2.974109463393688 3.867769283907754 0.927
      vertex 3.10053214430809 3.8484257140329907 0.927
    endloop
  endfacet
  facet normal 0.18210550894174996 0.9832789958160738 0
    outer loop
      vertex 3.010784462094307 3.8987726771405766 1.127
      vertex 3.1014064252376556 3.8819892832211087 0.927
      vertex 3.010784462094307 3.8987726771405766 0.927
    endloop
  endfacet
  facet normal -0.06196668461271392 0.9980782183767505 0
    outer loop
      vertex 3.1014064252376556 3.8819892832211087 1.127
      vertex 3.149683393537998 3.8849866070917676 0.927
      vertex 3.1014064252376556 3.8819892832211087 0.927
    endloop
  endfacet
  facet normal 0.06421708582586994 -0.9979359527985916 0
    outer loop
      vertex 3.207225538790226 3.855291424053056 1.127
      vertex 3.10053214430809 3.8484257140329907 0.927
      vertex 3.207225538790226 3.855291424053056 0.927
    endloop
  endfacet
  facet normal -0.19410091067342425 0.9809815678572902 0
    outer loop
      vertex 3.149683393537998 3.8849866070917676 1.127
      vertex 3.1951285749673843 3.8939785712531636 0.927
      vertex 3.149683393537998 3.8849866070917676 0.927
    endloop
  endfacet
  facet normal -0.33452637460859214 0.9423863882141081 0
    outer loop
      vertex 3.1951285749673843 3.8939785712531636 1.127
      vertex 3.2345807179808617 3.907983211534364 0.927
      vertex 3.1951285749673843 3.8939785712531636 0.927
    endloop
  endfacet
  facet normal -0.5115031956781517 0.8592813746445565 0
    outer loop
      vertex 3.2345807179808617 3.907983211534364 1.127
      vertex 3.264878571033478 3.9260185712150166 0.927
      vertex 3.2345807179808617 3.907983211534364 0.927
    endloop
  endfacet
  facet normal 0.202702907390593 -0.9792402827372864 0
    outer loop
      vertex 3.306728571653366 3.875888569014413 1.127
      vertex 3.207225538790226 3.855291424053056 0.927
      vertex 3.306728571653366 3.875888569014413 0.927
    endloop
  endfacet
  facet normal -0.5211469914972107 -0.8534669374108209 0
    outer loop
      vertex 2.974109463393688 3.867769283907754 1.127
      vertex 2.8790742829442024 3.9258000009826253 1.127
      vertex 2.8790742829442024 3.9258000009826253 0.927
    endloop
  endfacet
  facet normal -0.15124692468659556 -0.9884960130283011 0
    outer loop
      vertex 2.974109463393688 3.867769283907754 1.127
      vertex 2.974109463393688 3.867769283907754 0.927
      vertex 3.10053214430809 3.8484257140329907 1.127
    endloop
  endfacet
  facet normal 0.6059529441624847 0.7955004899186527 0
    outer loop
      vertex 2.944684289395809 3.9491228588989804 1.127
      vertex 3.010784462094307 3.8987726771405766 1.127
      vertex 3.010784462094307 3.8987726771405766 0.927
    endloop
  endfacet
  facet normal 0.18210550894174996 0.9832789958160738 0
    outer loop
      vertex 3.1014064252376556 3.8819892832211087 1.127
      vertex 3.1014064252376556 3.8819892832211087 0.927
      vertex 3.010784462094307 3.8987726771405766 1.127
    endloop
  endfacet
  facet normal 0 0 1
    outer loop
      vertex 2.974109463393688 3.867769283907754 1.127
      vertex 2.944684289395809 3.9491228588989804 1.127
      vertex 2.8790742829442024 3.9258000009826253 1.127
    endloop
  endfacet
  facet normal 0 0 1
    outer loop
      vertex 2.974109463393688 3.867769283907754 1.127
      vertex 3.010784462094307 3.8987726771405766 1.127
      vertex 2.944684289395809 3.9491228588989804 1.127
    endloop
  endfacet
  facet normal 0 0 1
    outer loop
      vertex 2.974109463393688 3.867769283907754 1.127
      vertex 3.10053214430809 3.8484257140329907 1.127
      vertex 3.010784462094307 3.8987726771405766 1.127
    endloop
  endfacet
  facet normal 0 0 1
    outer loop
      vertex 3.10053214430809 3.8484257140329907 1.127
      vertex 3.1014064252376556 3.8819892832211087 1.127
      vertex 3.010784462094307 3.8987726771405766 1.127
    endloop
  endfacet
  facet normal 0.06421708582586994 -0.9979359527985916 0
    outer loop
      vertex 3.10053214430809 3.8484257140329907 1.127
      vertex 3.10053214430809 3.8484257140329907 0.927
      vertex 3.207225538790226 3.855291424053056 1.127
    endloop
  endfacet
  facet normal -0.06196668461271392 0.9980782183767505 0
    outer loop
      vertex 3.1014064252376556 3.8819892832211087 1.127
      vertex 3.149683393537998 3.8849866070917676 1.127
      vertex 3.149683393537998 3.8849866070917676 0.927
    endloop
  endfacet
  facet normal -0.19410091067342425 0.9809815678572902 0
    outer loop
      vertex 3.149683393537998 3.8849866070917676 1.127
      vertex 3.1951285749673843 3.8939785712531636 1.127
      vertex 3.1951285749673843 3.8939785712531636 0.927
    endloop
  endfacet
  facet normal -0.33452637460859214 0.9423863882141081 0
    outer loop
      vertex 3.1951285749673843 3.8939785712531636 1.127
      vertex 3.2345807179808617 3.907983211534364 1.127
      vertex 3.2345807179808617 3.907983211534364 0.927
    endloop
  endfacet
  facet normal 0.202702907390593 -0.9792402827372864 0
    outer loop
      vertex 3.207225538790226 3.855291424053056 1.127
      vertex 3.207225538790226 3.855291424053056 0.927
      vertex 3.306728571653366 3.875888569014413 1.127
    endloop
  endfacet
  facet normal -0.5115031956781517 0.8592813746445565 0
    outer loop
      vertex 3.2345807179808617 3.907983211534364 1.127
      vertex 3.264878571033478 3.9260185712150166 1.127
      vertex 3.264878571033478 3.9260185712150166 0.927
    endloop
  endfacet
  facet normal 0.9998185331898908 -0.01904995249377903 0
    outer loop
      vertex 3.306728571653366 3.875888569014413 1.127
      vertex 3.306728571653366 3.875888569014413 0.927
      vertex 3.3093449994921684 4.013209281223161 1.127
    endloop
  endfacet
  facet normal 0 0 1
    outer loop
      vertex 3.10053214430809 3.8484257140329907 1.127
      vertex 3.207225538790226 3.855291424053056 1.127
      vertex 3.149683393537998 3.8849866070917676 1.127
    endloop
  endfacet
  facet normal 0 0 1
    outer loop
      vertex 3.10053214430809 3.8484257140329907 1.127
      vertex 3.149683393537998 3.8849866070917676 1.127
      vertex 3.1014064252376556 3.8819892832211087 1.127
    endloop
  endfacet
  facet normal 0 0 1
    outer loop
      vertex 3.149683393537998 3.8849866070917676 1.127
      vertex 3.207225538790226 3.855291424053056 1.127
      vertex 3.1951285749673843 3.8939785712531636 1.127
    endloop
  endfacet
  facet normal 0 0 1
    outer loop
      vertex 3.1951285749673843 3.8939785712531636 1.127
      vertex 3.207225538790226 3.855291424053056 1.127
      vertex 3.2345807179808617 3.907983211534364 1.127
    endloop
  endfacet
  facet normal 0 0 1
    outer loop
      vertex 3.207225538790226 3.855291424053056 1.127
      vertex 3.306728571653366 3.875888569014413 1.127
      vertex 3.2345807179808617 3.907983211534364 1.127
    endloop
  endfacet
  facet normal 0 0 1
    outer loop
      vertex 3.306728571653366 3.875888569014413 1.127
      vertex 3.264878571033478 3.9260185712150166 1.127
      vertex 3.2345807179808617 3.907983211534364 1.127
    endloop
  endfacet
  facet normal -0.8420930752129868 -0.5393322284810496 0
    outer loop
      vertex 2.8790742829442024 3.9258000009826253 1.127
      vertex 2.8195682168006897 4.018710536616189 0.927
      vertex 2.8790742829442024 3.9258000009826253 0.927
    endloop
  endfacet
  facet normal -0.9874404671204958 -0.15799153107953995 0
    outer loop
      vertex 2.8195682168006897 4.018710536616189 1.127
      vertex 2.799732856452465 4.142680709915502 0.927
      vertex 2.8195682168006897 4.018710536616189 0.927
    endloop
  endfacet
  facet normal 0.8975054492123504 0.4410033657854973 0
    outer loop
      vertex 2.904304824769497 4.03130089278732 1.127
      vertex 2.944684289395809 3.9491228588989804 0.927
      vertex 2.904304824769497 4.03130089278732 0.927
    endloop
  endfacet
  facet normal 0.9928879970771712 0.11905219552819382 0
    outer loop
      vertex 2.890845000743866 4.143554998295648 1.127
      vertex 2.904304824769497 4.03130089278732 0.927
      vertex 2.890845000743866 4.143554998295648 0.927
    endloop
  endfacet
  facet normal -0.8584031567594557 0.5129756528972906 0
    outer loop
      vertex 2.8188048228621483 4.2751510718039105 1.127
      vertex 2.8760207146406174 4.370894996183259 0.927
      vertex 2.8188048228621483 4.2751510718039105 0.927
    endloop
  endfacet
  facet normal 0.9943155944443863 -0.10647299490812952 0
    outer loop
      vertex 2.903705358505249 4.263653566794736 1.127
      vertex 2.890845000743866 4.143554998295648 0.927
      vertex 2.903705358505249 4.263653566794736 0.927
    endloop
  endfacet
  facet normal 0.9085786848853257 -0.4177137457303172 0
    outer loop
      vertex 2.942286431789398 4.347572138266904 1.127
      vertex 2.903705358505249 4.263653566794736 0.927
      vertex 2.942286431789398 4.347572138266904 0.927
    endloop
  endfacet
  facet normal -0.52247792385894 0.852652812743881 0
    outer loop
      vertex 2.8760207146406174 4.370894996183259 1.127
      vertex 2.9707312509417534 4.4289305337837765 0.927
      vertex 2.8760207146406174 4.370894996183259 0.927
    endloop
  endfacet
  facet normal 0.5955798867684325 -0.803296083942217 0
    outer loop
      vertex 3.008876785635948 4.396943567054612 1.127
      vertex 2.942286431789398 4.347572138266904 0.927
      vertex 3.008876785635948 4.396943567054612 0.927
    endloop
  endfacet
  facet normal -0.14549852214686146 0.9893584689348341 0
    outer loop
      vertex 2.9707312509417534 4.4289305337837765 1.127
      vertex 3.1022742837667465 4.448275712983949 0.927
      vertex 2.9707312509417534 4.4289305337837765 0.927
    endloop
  endfacet
  facet normal 0.16745853550450565 -0.98587911981474 0
    outer loop
      vertex 3.105764999985695 4.413400714950902 1.127
      vertex 3.008876785635948 4.396943567054612 0.927
      vertex 3.105764999985695 4.413400714950902 0.927
    endloop
  endfacet
  facet normal -0.9833166022190905 0.18190233588468 0
    outer loop
      vertex 3.264878571033478 3.9260185712150166 1.127
      vertex 3.2810078561306 4.013209281223161 0.927
      vertex 3.264878571033478 3.9260185712150166 0.927
    endloop
  endfacet
  facet normal 0 1 0
    outer loop
      vertex 3.2810078561306 4.013209281223161 1.127
      vertex 3.3093449994921684 4.013209281223161 0.927
      vertex 3.2810078561306 4.013209281223161 0.927
    endloop
  endfacet
  facet normal 0.9998185331898908 -0.01904995249377903 0
    outer loop
      vertex 3.3093449994921684 4.013209281223161 1.127
      vertex 3.306728571653366 3.875888569014413 0.927
      vertex 3.3093449994921684 4.013209281223161 0.927
    endloop
  endfacet
  facet normal -0.061660589271059316 -0.9980971754948241 0
    outer loop
      vertex 3.1472325026988983 4.410838929670198 1.127
      vertex 3.105764999985695 4.413400714950902 0.927
      vertex 3.1472325026988983 4.410838929670198 0.927
    endloop
  endfacet
  facet normal 0.058731001323502445 0.998273844936117 0
    outer loop
      vertex 3.1022742837667465 4.448275712983949 1.127
      vertex 3.1967646405100822 4.442716603832586 0.927
      vertex 3.1022742837667465 4.448275712983949 0.927
    endloop
  endfacet
  facet normal -0.18553931322393338 -0.9826368419962641 0
    outer loop
      vertex 3.1879350021481514 4.403153573828084 1.127
      vertex 3.1472325026988983 4.410838929670198 0.927
      vertex 3.1879350021481514 4.403153573828084 0.927
    endloop
  endfacet
  facet normal -0.3104010988697147 -0.9506056794594032 0
    outer loop
      vertex 3.2258089259266853 4.390786608414991 1.127
      vertex 3.1879350021481514 4.403153573828084 0.927
      vertex 3.2258089259266853 4.390786608414991 0.927
    endloop
  endfacet
  facet normal 0.16252933741014944 0.9867037115978726 0
    outer loop
      vertex 3.1967646405100822 4.442716603832586 1.127
      vertex 3.298011429607868 4.426039283829076 0.927
      vertex 3.1967646405100822 4.442716603832586 0.927
    endloop
  endfacet
  facet normal -0.9854668590538772 -0.1698678006759541 0
    outer loop
      vertex 3.2718535736203194 4.298310002045972 1.127
      vertex 3.2587778568267822 4.374167142169816 0.927
      vertex 3.2718535736203194 4.298310002045972 0.927
    endloop
  endfacet
  facet normal 0 -1 0
    outer loop
      vertex 3.3006278574466705 4.298310002045972 1.127
      vertex 3.2718535736203194 4.298310002045972 0.927
      vertex 3.3006278574466705 4.298310002045972 0.927
    endloop
  endfacet
  facet normal -0.4501363889999253 -0.8929598150522272 0
    outer loop
      vertex 3.2587778568267822 4.374167142169816 1.127
      vertex 3.2258089259266853 4.390786608414991 0.927
      vertex 3.2587778568267822 4.374167142169816 0.927
    endloop
  endfacet
  facet normal 0.9997902654685177 0.02047986997983291 0
    outer loop
      vertex 3.298011429607868 4.426039283829076 1.127
      vertex 3.3006278574466705 4.298310002045972 0.927
      vertex 3.298011429607868 4.426039283829076 0.927
    endloop
  endfacet
  facet normal -0.8420930752129868 -0.5393322284810496 0
    outer loop
      vertex 2.8195682168006897 4.018710536616189 1.127
      vertex 2.8195682168006897 4.018710536616189 0.927
      vertex 2.8790742829442024 3.9258000009826253 1.127
    endloop
  endfacet
  facet normal 0.8975054492123504 0.4410033657854973 0
    outer loop
      vertex 2.944684289395809 3.9491228588989804 1.127
      vertex 2.944684289395809 3.9491228588989804 0.927
      vertex 2.904304824769497 4.03130089278732 1.127
    endloop
  endfacet
  facet normal 0.9928879970771712 0.11905219552819382 0
    outer loop
      vertex 2.904304824769497 4.03130089278732 1.127
      vertex 2.904304824769497 4.03130089278732 0.927
      vertex 2.890845000743866 4.143554998295648 1.127
    endloop
  endfacet
  facet normal 0.9943155944443863 -0.10647299490812952 0
    outer loop
      vertex 2.890845000743866 4.143554998295648 1.127
      vertex 2.890845000743866 4.143554998295648 0.927
      vertex 2.903705358505249 4.263653566794736 1.127
    endloop
  endfacet
  facet normal 0 0 1
    outer loop
      vertex 2.8195682168006897 4.018710536616189 1.127
      vertex 2.8790742829442024 3.9258000009826253 1.127
      vertex 2.904304824769497 4.03130089278732 1.127
    endloop
  endfacet
  facet normal 0 0 1
    outer loop
      vertex 2.8195682168006897 4.018710536616189 1.127
      vertex 2.904304824769497 4.03130089278732 1.127
      vertex 2.890845000743866 4.143554998295648 1.127
    endloop
  endfacet
  facet normal 0 0 1
    outer loop
      vertex 2.8790742829442024 3.9258000009826253 1.127
      vertex 2.944684289395809 3.9491228588989804 1.127
      vertex 2.904304824769497 4.03130089278732 1.127
    endloop
  endfacet
  facet normal 0 0 1
    outer loop
      vertex 2.8195682168006897 4.018710536616189 1.127
      vertex 2.890845000743866 4.143554998295648 1.127
      vertex 2.799732856452465 4.142680709915502 1.127
    endloop
  endfacet
  facet normal 0 0 1
    outer loop
      vertex 2.799732856452465 4.142680709915502 1.127
      vertex 2.890845000743866 4.143554998295648 1.127
      vertex 2.8188048228621483 4.2751510718039105 1.127
    endloop
  endfacet
  facet normal -0.8584031567594557 0.5129756528972906 0
    outer loop
      vertex 2.8188048228621483 4.2751510718039105 1.127
      vertex 2.8760207146406174 4.370894996183259 1.127
      vertex 2.8760207146406174 4.370894996183259 0.927
    endloop
  endfacet
  facet normal 0.9085786848853257 -0.4177137457303172 0
    outer loop
      vertex 2.903705358505249 4.263653566794736 1.127
      vertex 2.903705358505249 4.263653566794736 0.927
      vertex 2.942286431789398 4.347572138266904 1.127
    endloop
  endfacet
  facet normal -0.52247792385894 0.852652812743881 0
    outer loop
      vertex 2.8760207146406174 4.370894996183259 1.127
      vertex 2.9707312509417534 4.4289305337837765 1.127
      vertex 2.9707312509417534 4.4289305337837765 0.927
    endloop
  endfacet
  facet normal 0.5955798867684325 -0.803296083942217 0
    outer loop
      vertex 2.942286431789398 4.347572138266904 1.127
      vertex 2.942286431789398 4.347572138266904 0.927
      vertex 3.008876785635948 4.396943567054612 1.127
    endloop
  endfacet
  facet normal 0.16745853550450565 -0.98587911981474 0
    outer loop
      vertex 3.008876785635948 4.396943567054612 1.127
      vertex 3.008876785635948 4.396943567054612 0.927
      vertex 3.105764999985695 4.413400714950902 1.127
    endloop
  endfacet
  facet normal -0.14549852214686146 0.9893584689348341 0
    outer loop
      vertex 2.9707312509417534 4.4289305337837765 1.127
      vertex 3.1022742837667465 4.448275712983949 1.127
      vertex 3.1022742837667465 4.448275712983949 0.927
    endloop
  endfacet
  facet normal 0 0 1
    outer loop
      vertex 2.8188048228621483 4.2751510718039105 1.127
      vertex 2.890845000743866 4.143554998295648 1.127
      vertex 2.903705358505249 4.263653566794736 1.127
    endloop
  endfacet
  facet normal 0 0 1
    outer loop
      vertex 2.8188048228621483 4.2751510718039105 1.127
      vertex 2.903705358505249 4.263653566794736 1.127
      vertex 2.8760207146406174 4.370894996183259 1.127
    endloop
  endfacet
  facet normal 0 0 1
    outer loop
      vertex 2.903705358505249 4.263653566794736 1.127
      vertex 2.942286431789398 4.347572138266904 1.127
      vertex 2.8760207146406174 4.370894996183259 1.127
    endloop
  endfacet
  facet normal 0 0 1
    outer loop
      vertex 2.8760207146406174 4.370894996183259 1.127
      vertex 2.942286431789398 4.347572138266904 1.127
      vertex 2.9707312509417534 4.4289305337837765 1.127
    endloop
  endfacet
  facet normal 0 0 1
    outer loop
      vertex 2.942286431789398 4.347572138266904 1.127
      vertex 3.008876785635948 4.396943567054612 1.127
      vertex 2.9707312509417534 4.4289305337837765 1.127
    endloop
  endfacet
  facet normal 0 0 1
    outer loop
      vertex 2.9707312509417534 4.4289305337837765 1.127
      vertex 3.008876785635948 4.396943567054612 1.127
      vertex 3.1022742837667465 4.448275712983949 1.127
    endloop
  endfacet
  facet normal 0 0 1
    outer loop
      vertex 3.008876785635948 4.396943567054612 1.127
      vertex 3.105764999985695 4.413400714950902 1.127
      vertex 3.1022742837667465 4.448275712983949 1.127
    endloop
  endfacet
  facet normal -0.9833166022190905 0.18190233588468 0
    outer loop
      vertex 3.264878571033478 3.9260185712150166 1.127
      vertex 3.2810078561306 4.013209281223161 1.127
      vertex 3.2810078561306 4.013209281223161 0.927
    endloop
  endfacet
  facet normal 0 1 0
    outer loop
      vertex 3.2810078561306 4.013209281223161 1.127
      vertex 3.3093449994921684 4.013209281223161 1.127
      vertex 3.3093449994921684 4.013209281223161 0.927
    endloop
  endfacet
  facet normal 0 0 1
    outer loop
      vertex 3.306728571653366 3.875888569014413 1.127
      vertex 3.3093449994921684 4.013209281223161 1.127
      vertex 3.264878571033478 3.9260185712150166 1.127
    endloop
  endfacet
  facet normal 0 0 1
    outer loop
      vertex 3.264878571033478 3.9260185712150166 1.127
      vertex 3.3093449994921684 4.013209281223161 1.127
      vertex 3.2810078561306 4.013209281223161 1.127
    endloop
  endfacet
  facet normal -0.061660589271059316 -0.9980971754948241 0
    outer loop
      vertex 3.105764999985695 4.413400714950902 1.127
      vertex 3.105764999985695 4.413400714950902 0.927
      vertex 3.1472325026988983 4.410838929670198 1.127
    endloop
  endfacet
  facet normal -0.18553931322393338 -0.9826368419962641 0
    outer loop
      vertex 3.1472325026988983 4.410838929670198 1.127
      vertex 3.1472325026988983 4.410838929670198 0.927
      vertex 3.1879350021481514 4.403153573828084 1.127
    endloop
  endfacet
  facet normal -0.3104010988697147 -0.9506056794594032 0
    outer loop
      vertex 3.1879350021481514 4.403153573828084 1.127
      vertex 3.1879350021481514 4.403153573828084 0.927
      vertex 3.2258089259266853 4.390786608414991 1.127
    endloop
  endfacet
  facet normal 0.058731001323502445 0.998273844936117 0
    outer loop
      vertex 3.1022742837667465 4.448275712983949 1.127
      vertex 3.1967646405100822 4.442716603832586 1.127
      vertex 3.1967646405100822 4.442716603832586 0.927
    endloop
  endfacet
  facet normal -0.9854668590538772 -0.1698678006759541 0
    outer loop
      vertex 3.2718535736203194 4.298310002045972 1.127
      vertex 3.2587778568267822 4.374167142169816 1.127
      vertex 3.2587778568267822 4.374167142169816 0.927
    endloop
  endfacet
  facet normal 0 -1 0
    outer loop
      vertex 3.2718535736203194 4.298310002045972 1.127
      vertex 3.2718535736203194 4.298310002045972 0.927
      vertex 3.3006278574466705 4.298310002045972 1.127
    endloop
  endfacet
  facet normal 0.9997902654685177 0.02047986997983291 0
    outer loop
      vertex 3.3006278574466705 4.298310002045972 1.127
      vertex 3.3006278574466705 4.298310002045972 0.927
      vertex 3.298011429607868 4.426039283829076 1.127
    endloop
  endfacet
  facet normal -0.4501363889999253 -0.8929598150522272 0
    outer loop
      vertex 3.2258089259266853 4.390786608414991 1.127
      vertex 3.2258089259266853 4.390786608414991 0.927
      vertex 3.2587778568267822 4.374167142169816 1.127
    endloop
  endfacet
  facet normal 0.16252933741014944 0.9867037115978726 0
    outer loop
      vertex 3.1967646405100822 4.442716603832586 1.127
      vertex 3.298011429607868 4.426039283829076 1.127
      vertex 3.298011429607868 4.426039283829076 0.927
    endloop
  endfacet
  facet normal 0 0 1
    outer loop
      vertex 3.105764999985695 4.413400714950902 1.127
      vertex 3.1472325026988983 4.410838929670198 1.127
      vertex 3.1022742837667465 4.448275712983949 1.127
    endloop
  endfacet
  facet normal 0 0 1
    outer loop
      vertex 3.1472325026988983 4.410838929670198 1.127
      vertex 3.1967646405100822 4.442716603832586 1.127
      vertex 3.1022742837667465 4.448275712983949 1.127
    endloop
  endfacet
  facet normal 0 0 1
    outer loop
      vertex 3.1472325026988983 4.410838929670198 1.127
      vertex 3.1879350021481514 4.403153573828084 1.127
      vertex 3.1967646405100822 4.442716603832586 1.127
    endloop
  endfacet
  facet normal 0 0 1
    outer loop
      vertex 3.1879350021481514 4.403153573828084 1.127
      vertex 3.2258089259266853 4.390786608414991 1.127
      vertex 3.1967646405100822 4.442716603832586 1.127
    endloop
  endfacet
  facet normal 0 0 1
    outer loop
      vertex 3.2718535736203194 4.298310002045972 1.127
      vertex 3.3006278574466705 4.298310002045972 1.127
      vertex 3.2587778568267822 4.374167142169816 1.127
    endloop
  endfacet
  facet normal 0 0 1
    outer loop
      vertex 3.1967646405100822 4.442716603832586 1.127
      vertex 3.2258089259266853 4.390786608414991 1.127
      vertex 3.298011429607868 4.426039283829076 1.127
    endloop
  endfacet
  facet normal 0 0 1
    outer loop
      vertex 3.2258089259266853 4.390786608414991 1.127
      vertex 3.2587778568267822 4.374167142169816 1.127
      vertex 3.298011429607868 4.426039283829076 1.127
    endloop
  endfacet
  facet normal 0 0 1
    outer loop
      vertex 3.3006278574466705 4.298310002045972 1.127
      vertex 3.298011429607868 4.426039283829076 1.127
      vertex 3.2587778568267822 4.374167142169816 1.127
    endloop
  endfacet
  facet normal -1 0 0
    outer loop
      vertex 3.4916078597307205 2.57142857249294 1.127
      vertex 3.4916078597307205 2.594532860176904 0.927
      vertex 3.4916078597307205 2.57142857249294 0.927
    endloop
  endfacet
  facet normal -0.17489131577707367 0.9845877450312714 0
    outer loop
      vertex 3.4916078597307205 2.594532860176904 1.127
      vertex 3.5578735694289207 2.606303570525987 0.927
      vertex 3.4916078597307205 2.594532860176904 0.927
    endloop
  endfacet
  facet normal 0 -1 0
    outer loop
      vertex 3.6838607117533684 2.57142857249294 1.127
      vertex 3.4916078597307205 2.57142857249294 0.927
      vertex 3.6838607117533684 2.57142857249294 0.927
    endloop
  endfacet
  facet normal 0.14833644925698178 0.9889369534110002 0
    outer loop
      vertex 3.605387143790722 2.606303570525987 1.127
      vertex 3.6838607117533684 2.594532860176904 0.927
      vertex 3.605387143790722 2.606303570525987 0.927
    endloop
  endfacet
  facet normal 0.9441949732969946 -0.3293870859652626 0
    outer loop
      vertex 3.6642407178878784 2.7750085719994138 1.127
      vertex 3.605387143790722 2.606303570525987 0.927
      vertex 3.6642407178878784 2.7750085719994138 0.927
    endloop
  endfacet
  facet normal -0.9411058547964182 0.33811206732073773 0
    outer loop
      vertex 3.5578735694289207 2.606303570525987 1.127
      vertex 3.7570950016379356 3.1608192899397443 0.927
      vertex 3.5578735694289207 2.606303570525987 0.927
    endloop
  endfacet
  facet normal 1 0 0
    outer loop
      vertex 3.6838607117533684 2.594532860176904 1.127
      vertex 3.6838607117533684 2.57142857249294 0.927
      vertex 3.6838607117533684 2.594532860176904 0.927
    endloop
  endfacet
  facet normal -1 0 0
    outer loop
      vertex 3.873927854001522 2.57142857249294 1.127
      vertex 3.873927854001522 2.594532860176904 0.927
      vertex 3.873927854001522 2.57142857249294 0.927
    endloop
  endfacet
  facet normal -0.14834832315856958 0.9889351723020274 0
    outer loop
      vertex 3.873927854001522 2.594532860176904 1.127
      vertex 3.952394999563694 2.606303570525987 0.927
      vertex 3.873927854001522 2.594532860176904 0.927
    endloop
  endfacet
  facet normal -0.9457091011256382 -0.32501430129786174 0
    outer loop
      vertex 3.952394999563694 2.606303570525987 1.127
      vertex 3.8944157138466835 2.7750085719994138 0.927
      vertex 3.952394999563694 2.606303570525987 0.927
    endloop
  endfacet
  facet normal 0 -1 0
    outer loop
      vertex 3.8944157138466835 2.7750085719994138 1.127
      vertex 3.6642407178878784 2.7750085719994138 0.927
      vertex 3.8944157138466835 2.7750085719994138 0.927
    endloop
  endfacet
  facet normal -1 0 0
    outer loop
      vertex 3.4916078597307205 2.57142857249294 1.127
      vertex 3.4916078597307205 2.594532860176904 1.127
      vertex 3.4916078597307205 2.594532860176904 0.927
    endloop
  endfacet
  facet normal 0 -1 0
    outer loop
      vertex 3.4916078597307205 2.57142857249294 1.127
      vertex 3.4916078597307205 2.57142857249294 0.927
      vertex 3.6838607117533684 2.57142857249294 1.127
    endloop
  endfacet
  facet normal -0.17489131577707367 0.9845877450312714 0
    outer loop
      vertex 3.4916078597307205 2.594532860176904 1.127
      vertex 3.5578735694289207 2.606303570525987 1.127
      vertex 3.5578735694289207 2.606303570525987 0.927
    endloop
  endfacet
  facet normal 0.9441949732969946 -0.3293870859652626 0
    outer loop
      vertex 3.605387143790722 2.606303570525987 1.127
      vertex 3.605387143790722 2.606303570525987 0.927
      vertex 3.6642407178878784 2.7750085719994138 1.127
    endloop
  endfacet
  facet normal 0 0 1
    outer loop
      vertex 3.4916078597307205 2.57142857249294 1.127
      vertex 3.5578735694289207 2.606303570525987 1.127
      vertex 3.4916078597307205 2.594532860176904 1.127
    endloop
  endfacet
  facet normal 0 0 1
    outer loop
      vertex 3.4916078597307205 2.57142857249294 1.127
      vertex 3.6838607117533684 2.57142857249294 1.127
      vertex 3.5578735694289207 2.606303570525987 1.127
    endloop
  endfacet
  facet normal 0 0 1
    outer loop
      vertex 3.5578735694289207 2.606303570525987 1.127
      vertex 3.6838607117533684 2.57142857249294 1.127
      vertex 3.605387143790722 2.606303570525987 1.127
    endloop
  endfacet
  facet normal 0 0 1
    outer loop
      vertex 3.5578735694289207 2.606303570525987 1.127
      vertex 3.605387143790722 2.606303570525987 1.127
      vertex 3.6642407178878784 2.7750085719994138 1.127
    endloop
  endfacet
  facet normal 0 0 1
    outer loop
      vertex 3.5578735694289207 2.606303570525987 1.127
      vertex 3.6642407178878784 2.7750085719994138 1.127
      vertex 3.677316427230835 2.814248574631555 1.127
    endloop
  endfacet
  facet normal 0.14833644925698178 0.9889369534110002 0
    outer loop
      vertex 3.605387143790722 2.606303570525987 1.127
      vertex 3.6838607117533684 2.594532860176904 1.127
      vertex 3.6838607117533684 2.594532860176904 0.927
    endloop
  endfacet
  facet normal 1 0 0
    outer loop
      vertex 3.6838607117533684 2.57142857249294 1.127
      vertex 3.6838607117533684 2.57142857249294 0.927
      vertex 3.6838607117533684 2.594532860176904 1.127
    endloop
  endfacet
  facet normal 0 -1 0
    outer loop
      vertex 3.6642407178878784 2.7750085719994138 1.127
      vertex 3.6642407178878784 2.7750085719994138 0.927
      vertex 3.8944157138466835 2.7750085719994138 1.127
    endloop
  endfacet
  facet normal -1 0 0
    outer loop
      vertex 3.873927854001522 2.57142857249294 1.127
      vertex 3.873927854001522 2.594532860176904 1.127
      vertex 3.873927854001522 2.594532860176904 0.927
    endloop
  endfacet
  facet normal -0.14834832315856958 0.9889351723020274 0
    outer loop
      vertex 3.873927854001522 2.594532860176904 1.127
      vertex 3.952394999563694 2.606303570525987 1.127
      vertex 3.952394999563694 2.606303570525987 0.927
    endloop
  endfacet
  facet normal -0.9457091011256382 -0.32501430129786174 0
    outer loop
      vertex 3.8944157138466835 2.7750085719994138 1.127
      vertex 3.8944157138466835 2.7750085719994138 0.927
      vertex 3.952394999563694 2.606303570525987 1.127
    endloop
  endfacet
  facet normal 0 0 1
    outer loop
      vertex 3.6838607117533684 2.57142857249294 1.127
      vertex 3.6838607117533684 2.594532860176904 1.127
      vertex 3.605387143790722 2.606303570525987 1.127
    endloop
  endfacet
  facet normal 0 0 1
    outer loop
      vertex 3.6642407178878784 2.7750085719994138 1.127
      vertex 3.8944157138466835 2.7750085719994138 1.127
      vertex 3.677316427230835 2.814248574631555 1.127
    endloop
  endfacet
  facet normal 0 0 1
    outer loop
      vertex 3.873927854001522 2.57142857249294 1.127
      vertex 3.952394999563694 2.606303570525987 1.127
      vertex 3.873927854001522 2.594532860176904 1.127
    endloop
  endfacet
  facet normal 0 0 1
    outer loop
      vertex 3.677316427230835 2.814248574631555 1.127
      vertex 3.8944157138466835 2.7750085719994138 1.127
      vertex 3.8809028565883636 2.814248574631555 1.127
    endloop
  endfacet
  facet normal 0 1 0
    outer loop
      vertex 3.677316427230835 2.814248574631555 1.127
      vertex 3.8809028565883636 2.814248574631555 0.927
      vertex 3.677316427230835 2.814248574631555 0.927
    endloop
  endfacet
  facet normal 0.9428826404083221 -0.33312509124446127 0
    outer loop
      vertex 3.7775828540325165 3.098044289009912 1.127
      vertex 3.677316427230835 2.814248574631555 0.927
      vertex 3.7775828540325165 3.098044289009912 0.927
    endloop
  endfacet
  facet normal -0.9396640876559786 -0.34209852728367196 0
    outer loop
      vertex 3.8809028565883636 2.814248574631555 1.127
      vertex 3.7775828540325165 3.098044289009912 0.927
      vertex 3.8809028565883636 2.814248574631555 0.927
    endloop
  endfacet
  facet normal 0.9368129954072598 0.34983054703109817 0
    outer loop
      vertex 3.8399207144975662 3.1608192899397443 1.127
      vertex 4.046991430222988 2.606303570525987 0.927
      vertex 3.8399207144975662 3.1608192899397443 0.927
    endloop
  endfacet
  facet normal 0 1 0
    outer loop
      vertex 3.7570950016379356 3.1608192899397443 1.127
      vertex 3.8399207144975662 3.1608192899397443 0.927
      vertex 3.7570950016379356 3.1608192899397443 0.927
    endloop
  endfacet
  facet normal 0.9428826404083221 -0.33312509124446127 0
    outer loop
      vertex 3.677316427230835 2.814248574631555 1.127
      vertex 3.677316427230835 2.814248574631555 0.927
      vertex 3.7775828540325165 3.098044289009912 1.127
    endloop
  endfacet
  facet normal -0.9411058547964182 0.33811206732073773 0
    outer loop
      vertex 3.5578735694289207 2.606303570525987 1.127
      vertex 3.7570950016379356 3.1608192899397443 1.127
      vertex 3.7570950016379356 3.1608192899397443 0.927
    endloop
  endfacet
  facet normal 0 1 0
    outer loop
      vertex 3.677316427230835 2.814248574631555 1.127
      vertex 3.8809028565883636 2.814248574631555 1.127
      vertex 3.8809028565883636 2.814248574631555 0.927
    endloop
  endfacet
  facet normal -0.9396640876559786 -0.34209852728367196 0
    outer loop
      vertex 3.8809028565883636 2.814248574631555 1.127
      vertex 3.7775828540325165 3.098044289009912 1.127
      vertex 3.7775828540325165 3.098044289009912 0.927
    endloop
  endfacet
  facet normal 0 0 1
    outer loop
      vertex 3.5578735694289207 2.606303570525987 1.127
      vertex 3.677316427230835 2.814248574631555 1.127
      vertex 3.7570950016379356 3.1608192899397443 1.127
    endloop
  endfacet
  facet normal 0 0 1
    outer loop
      vertex 3.677316427230835 2.814248574631555 1.127
      vertex 3.7775828540325165 3.098044289009912 1.127
      vertex 3.7570950016379356 3.1608192899397443 1.127
    endloop
  endfacet
  facet normal 0 0 1
    outer loop
      vertex 3.8809028565883636 2.814248574631555 1.127
      vertex 4.046991430222988 2.606303570525987 1.127
      vertex 3.8399207144975662 3.1608192899397443 1.127
    endloop
  endfacet
  facet normal 0 0 1
    outer loop
      vertex 3.8809028565883636 2.814248574631555 1.127
      vertex 3.8399207144975662 3.1608192899397443 1.127
      vertex 3.7775828540325165 3.098044289009912 1.127
    endloop
  endfacet
  facet normal 0 1 0
    outer loop
      vertex 3.7570950016379356 3.1608192899397443 1.127
      vertex 3.8399207144975662 3.1608192899397443 1.127
      vertex 3.8399207144975662 3.1608192899397443 0.927
    endloop
  endfacet
  facet normal 0 0 1
    outer loop
      vertex 3.7775828540325165 3.098044289009912 1.127
      vertex 3.8399207144975662 3.1608192899397443 1.127
      vertex 3.7570950016379356 3.1608192899397443 1.127
    endloop
  endfacet
  facet normal 0 -1 0
    outer loop
      vertex 4.121106430888176 2.57142857249294 1.127
      vertex 3.873927854001522 2.57142857249294 0.927
      vertex 4.121106430888176 2.57142857249294 0.927
    endloop
  endfacet
  facet normal 0.1568510499852018 0.9876222699587832 0
    outer loop
      vertex 4.046991430222988 2.606303570525987 1.127
      vertex 4.121106430888176 2.594532860176904 0.927
      vertex 4.046991430222988 2.606303570525987 0.927
    endloop
  endfacet
  facet normal 1 0 0
    outer loop
      vertex 4.121106430888176 2.594532860176904 1.127
      vertex 4.121106430888176 2.57142857249294 0.927
      vertex 4.121106430888176 2.594532860176904 0.927
    endloop
  endfacet
  facet normal -1 0 0
    outer loop
      vertex 4.159073568880558 2.57142857249294 1.127
      vertex 4.159073568880558 2.594532860176904 0.927
      vertex 4.159073568880558 2.57142857249294 0.927
    endloop
  endfacet
  facet normal -0.16742301581158403 0.9858851524272765 0
    outer loop
      vertex 4.159073568880558 2.594532860176904 1.127
      vertex 4.228386431932449 2.606303570525987 0.927
      vertex 4.159073568880558 2.594532860176904 0.927
    endloop
  endfacet
  facet normal 0 -1 0
    outer loop
      vertex 4.401012860238552 2.57142857249294 1.127
      vertex 4.159073568880558 2.57142857249294 0.927
      vertex 4.401012860238552 2.57142857249294 0.927
    endloop
  endfacet
  facet normal 0.1318570605415954 0.9912687403450842 0
    outer loop
      vertex 4.312523573637009 2.606303570525987 1.127
      vertex 4.401012860238552 2.594532860176904 0.927
      vertex 4.312523573637009 2.606303570525987 0.927
    endloop
  endfacet
  facet normal -1 0 0
    outer loop
      vertex 4.228386431932449 2.606303570525987 1.127
      vertex 4.228386431932449 3.121579287307603 0.927
      vertex 4.228386431932449 2.606303570525987 0.927
    endloop
  endfacet
  facet normal 1 0 0
    outer loop
      vertex 4.312523573637009 2.8277614318898747 1.127
      vertex 4.312523573637009 2.606303570525987 0.927
      vertex 4.312523573637009 2.8277614318898747 0.927
    endloop
  endfacet
  facet normal 1 0 0
    outer loop
      vertex 4.401012860238552 2.594532860176904 1.127
      vertex 4.401012860238552 2.57142857249294 0.927
      vertex 4.401012860238552 2.594532860176904 0.927
    endloop
  endfacet
  facet normal 0 -1 0
    outer loop
      vertex 3.873927854001522 2.57142857249294 1.127
      vertex 3.873927854001522 2.57142857249294 0.927
      vertex 4.121106430888176 2.57142857249294 1.127
    endloop
  endfacet
  facet normal 0.9368129954072598 0.34983054703109817 0
    outer loop
      vertex 3.8399207144975662 3.1608192899397443 1.127
      vertex 4.046991430222988 2.606303570525987 1.127
      vertex 4.046991430222988 2.606303570525987 0.927
    endloop
  endfacet
  facet normal 0.1568510499852018 0.9876222699587832 0
    outer loop
      vertex 4.046991430222988 2.606303570525987 1.127
      vertex 4.121106430888176 2.594532860176904 1.127
      vertex 4.121106430888176 2.594532860176904 0.927
    endloop
  endfacet
  facet normal 1 0 0
    outer loop
      vertex 4.121106430888176 2.57142857249294 1.127
      vertex 4.121106430888176 2.57142857249294 0.927
      vertex 4.121106430888176 2.594532860176904 1.127
    endloop
  endfacet
  facet normal -1 0 0
    outer loop
      vertex 4.159073568880558 2.57142857249294 1.127
      vertex 4.159073568880558 2.594532860176904 1.127
      vertex 4.159073568880558 2.594532860176904 0.927
    endloop
  endfacet
  facet normal -0.16742301581158403 0.9858851524272765 0
    outer loop
      vertex 4.159073568880558 2.594532860176904 1.127
      vertex 4.228386431932449 2.606303570525987 1.127
      vertex 4.228386431932449 2.606303570525987 0.927
    endloop
  endfacet
  facet normal 0 0 1
    outer loop
      vertex 3.873927854001522 2.57142857249294 1.127
      vertex 4.121106430888176 2.57142857249294 1.127
      vertex 3.952394999563694 2.606303570525987 1.127
    endloop
  endfacet
  facet normal 0 0 1
    outer loop
      vertex 3.8944157138466835 2.7750085719994138 1.127
      vertex 3.952394999563694 2.606303570525987 1.127
      vertex 4.046991430222988 2.606303570525987 1.127
    endloop
  endfacet
  facet normal 0 0 1
    outer loop
      vertex 3.952394999563694 2.606303570525987 1.127
      vertex 4.121106430888176 2.57142857249294 1.127
      vertex 4.046991430222988 2.606303570525987 1.127
    endloop
  endfacet
  facet normal 0 0 1
    outer loop
      vertex 3.8944157138466835 2.7750085719994138 1.127
      vertex 4.046991430222988 2.606303570525987 1.127
      vertex 3.8809028565883636 2.814248574631555 1.127
    endloop
  endfacet
  facet normal 0 0 1
    outer loop
      vertex 4.121106430888176 2.57142857249294 1.127
      vertex 4.121106430888176 2.594532860176904 1.127
      vertex 4.046991430222988 2.606303570525987 1.127
    endloop
  endfacet
  facet normal 0 0 1
    outer loop
      vertex 4.159073568880558 2.57142857249294 1.127
      vertex 4.228386431932449 2.606303570525987 1.127
      vertex 4.159073568880558 2.594532860176904 1.127
    endloop
  endfacet
  facet normal 0 -1 0
    outer loop
      vertex 4.159073568880558 2.57142857249294 1.127
      vertex 4.159073568880558 2.57142857249294 0.927
      vertex 4.401012860238552 2.57142857249294 1.127
    endloop
  endfacet
  facet normal 1 0 0
    outer loop
      vertex 4.312523573637009 2.606303570525987 1.127
      vertex 4.312523573637009 2.606303570525987 0.927
      vertex 4.312523573637009 2.8277614318898747 1.127
    endloop
  endfacet
  facet normal 0.1318570605415954 0.9912687403450842 0
    outer loop
      vertex 4.312523573637009 2.606303570525987 1.127
      vertex 4.401012860238552 2.594532860176904 1.127
      vertex 4.401012860238552 2.594532860176904 0.927
    endloop
  endfacet
  facet normal 1 0 0
    outer loop
      vertex 4.401012860238552 2.57142857249294 1.127
      vertex 4.401012860238552 2.57142857249294 0.927
      vertex 4.401012860238552 2.594532860176904 1.127
    endloop
  endfacet
  facet normal -0.8418240454151271 -0.539752051002041 0
    outer loop
      vertex 4.417579285800457 2.8277614318898747 1.127
      vertex 4.417579285800457 2.8277614318898747 0.927
      vertex 4.5819321423769 2.57142857249294 1.127
    endloop
  endfacet
  facet normal 0 0 1
    outer loop
      vertex 4.159073568880558 2.57142857249294 1.127
      vertex 4.312523573637009 2.606303570525987 1.127
      vertex 4.228386431932449 2.606303570525987 1.127
    endloop
  endfacet
  facet normal 0 0 1
    outer loop
      vertex 4.159073568880558 2.57142857249294 1.127
      vertex 4.401012860238552 2.57142857249294 1.127
      vertex 4.312523573637009 2.606303570525987 1.127
    endloop
  endfacet
  facet normal 0 0 1
    outer loop
      vertex 4.228386431932449 2.606303570525987 1.127
      vertex 4.312523573637009 2.606303570525987 1.127
      vertex 4.312523573637009 2.8277614318898747 1.127
    endloop
  endfacet
  facet normal 0 0 1
    outer loop
      vertex 4.228386431932449 2.606303570525987 1.127
      vertex 4.312523573637009 2.8277614318898747 1.127
      vertex 4.312523573637009 2.8669950046709607 1.127
    endloop
  endfacet
  facet normal 0 0 1
    outer loop
      vertex 4.401012860238552 2.57142857249294 1.127
      vertex 4.401012860238552 2.594532860176904 1.127
      vertex 4.312523573637009 2.606303570525987 1.127
    endloop
  endfacet
  facet normal 0 0 1
    outer loop
      vertex 4.417579285800457 2.8277614318898747 1.127
      vertex 4.5819321423769 2.57142857249294 1.127
      vertex 4.500411428511143 2.839969290154321 1.127
    endloop
  endfacet
  facet normal -1 0 0
    outer loop
      vertex 4.153403572738171 3.1329192870429585 1.127
      vertex 4.153403572738171 3.1560235747269223 0.927
      vertex 4.153403572738171 3.1329192870429585 0.927
    endloop
  endfacet
  facet normal -0.149534163455158 -0.9887565595027757 0
    outer loop
      vertex 4.228386431932449 3.121579287307603 1.127
      vertex 4.153403572738171 3.1329192870429585 0.927
      vertex 4.228386431932449 3.121579287307603 0.927
    endloop
  endfacet
  facet normal 0 1 0
    outer loop
      vertex 4.312523573637009 2.8669950046709607 1.127
      vertex 4.389679282903671 2.8669950046709607 0.927
      vertex 4.312523573637009 2.8669950046709607 0.927
    endloop
  endfacet
  facet normal 1 0 0
    outer loop
      vertex 4.312523573637009 3.116783572094781 1.127
      vertex 4.312523573637009 2.8669950046709607 0.927
      vertex 4.312523573637009 3.116783572094781 0.927
    endloop
  endfacet
  facet normal 0 -1 0
    outer loop
      vertex 4.417579285800457 2.8277614318898747 1.127
      vertex 4.312523573637009 2.8277614318898747 0.927
      vertex 4.417579285800457 2.8277614318898747 0.927
    endloop
  endfacet
  facet normal -0.10792236855559696 0.9941593244371597 0
    outer loop
      vertex 4.389679282903671 2.8669950046709607 1.127
      vertex 4.456433571875095 2.8742416107228825 0.927
      vertex 4.389679282903671 2.8669950046709607 0.927
    endloop
  endfacet
  facet normal -0.44143464145700023 0.8972934064851529 0
    outer loop
      vertex 4.456433571875095 2.8742416107228825 1.127
      vertex 4.500623568892479 2.895981428878648 0.927
      vertex 4.456433571875095 2.8742416107228825 0.927
    endloop
  endfacet
  facet normal 0 1 0
    outer loop
      vertex 4.153403572738171 3.1560235747269223 1.127
      vertex 4.4058085680007935 3.1560235747269223 0.927
      vertex 4.153403572738171 3.1560235747269223 0.927
    endloop
  endfacet
  facet normal 0 -1 0
    outer loop
      vertex 4.387062855064869 3.116783572094781 1.127
      vertex 4.312523573637009 3.116783572094781 0.927
      vertex 4.387062855064869 3.116783572094781 0.927
    endloop
  endfacet
  facet normal -0.10097794122513906 -0.9948886648193014 0
    outer loop
      vertex 4.456322677433491 3.1097539269498418 1.127
      vertex 4.387062855064869 3.116783572094781 0.927
      vertex 4.456322677433491 3.1097539269498418 0.927
    endloop
  endfacet
  facet normal 0.0965935904127064 0.9953239062190672 0
    outer loop
      vertex 4.4058085680007935 3.1560235747269223 1.127
      vertex 4.501279287040234 3.1467583903244565 0.927
      vertex 4.4058085680007935 3.1560235747269223 0.927
    endloop
  endfacet
  facet normal -0.4263884298086624 -0.9045401632461123 0
    outer loop
      vertex 4.501060716807842 3.088664998965604 1.127
      vertex 4.456322677433491 3.1097539269498418 0.927
      vertex 4.501060716807842 3.088664998965604 0.927
    endloop
  endfacet
  facet normal -1 0 0
    outer loop
      vertex 4.153403572738171 3.1329192870429585 1.127
      vertex 4.153403572738171 3.1560235747269223 1.127
      vertex 4.153403572738171 3.1560235747269223 0.927
    endloop
  endfacet
  facet normal -0.149534163455158 -0.9887565595027757 0
    outer loop
      vertex 4.153403572738171 3.1329192870429585 1.127
      vertex 4.153403572738171 3.1329192870429585 0.927
      vertex 4.228386431932449 3.121579287307603 1.127
    endloop
  endfacet
  facet normal 0 0 1
    outer loop
      vertex 4.153403572738171 3.1329192870429585 1.127
      vertex 4.228386431932449 3.121579287307603 1.127
      vertex 4.153403572738171 3.1560235747269223 1.127
    endloop
  endfacet
  facet normal -1 0 0
    outer loop
      vertex 4.228386431932449 2.606303570525987 1.127
      vertex 4.228386431932449 3.121579287307603 1.127
      vertex 4.228386431932449 3.121579287307603 0.927
    endloop
  endfacet
  facet normal 0 -1 0
    outer loop
      vertex 4.312523573637009 2.8277614318898747 1.127
      vertex 4.312523573637009 2.8277614318898747 0.927
      vertex 4.417579285800457 2.8277614318898747 1.127
    endloop
  endfacet
  facet normal 1 0 0
    outer loop
      vertex 4.312523573637009 2.8669950046709607 1.127
      vertex 4.312523573637009 2.8669950046709607 0.927
      vertex 4.312523573637009 3.116783572094781 1.127
    endloop
  endfacet
  facet normal 0 1 0
    outer loop
      vertex 4.312523573637009 2.8669950046709607 1.127
      vertex 4.389679282903671 2.8669950046709607 1.127
      vertex 4.389679282903671 2.8669950046709607 0.927
    endloop
  endfacet
  facet normal -0.10792236855559696 0.9941593244371597 0
    outer loop
      vertex 4.389679282903671 2.8669950046709607 1.127
      vertex 4.456433571875095 2.8742416107228825 1.127
      vertex 4.456433571875095 2.8742416107228825 0.927
    endloop
  endfacet
  facet normal -0.44143464145700023 0.8972934064851529 0
    outer loop
      vertex 4.456433571875095 2.8742416107228825 1.127
      vertex 4.500623568892479 2.895981428878648 1.127
      vertex 4.500623568892479 2.895981428878648 0.927
    endloop
  endfacet
  facet normal 0 0 1
    outer loop
      vertex 4.228386431932449 2.606303570525987 1.127
      vertex 4.312523573637009 2.8669950046709607 1.127
      vertex 4.228386431932449 3.121579287307603 1.127
    endloop
  endfacet
  facet normal 0 0 1
    outer loop
      vertex 4.312523573637009 2.8277614318898747 1.127
      vertex 4.389679282903671 2.8669950046709607 1.127
      vertex 4.312523573637009 2.8669950046709607 1.127
    endloop
  endfacet
  facet normal 0 0 1
    outer loop
      vertex 4.312523573637009 2.8669950046709607 1.127
      vertex 4.312523573637009 3.116783572094781 1.127
      vertex 4.228386431932449 3.121579287307603 1.127
    endloop
  endfacet
  facet normal 0 0 1
    outer loop
      vertex 4.312523573637009 2.8277614318898747 1.127
      vertex 4.417579285800457 2.8277614318898747 1.127
      vertex 4.389679282903671 2.8669950046709607 1.127
    endloop
  endfacet
  facet normal 0 0 1
    outer loop
      vertex 4.417579285800457 2.8277614318898747 1.127
      vertex 4.456433571875095 2.8742416107228825 1.127
      vertex 4.389679282903671 2.8669950046709607 1.127
    endloop
  endfacet
  facet normal 0 0 1
    outer loop
      vertex 4.417579285800457 2.8277614318898747 1.127
      vertex 4.500411428511143 2.839969290154321 1.127
      vertex 4.456433571875095 2.8742416107228825 1.127
    endloop
  endfacet
  facet normal 0 0 1
    outer loop
      vertex 4.456433571875095 2.8742416107228825 1.127
      vertex 4.500411428511143 2.839969290154321 1.127
      vertex 4.500623568892479 2.895981428878648 1.127
    endloop
  endfacet
  facet normal 0 1 0
    outer loop
      vertex 4.153403572738171 3.1560235747269223 1.127
      vertex 4.4058085680007935 3.1560235747269223 1.127
      vertex 4.4058085680007935 3.1560235747269223 0.927
    endloop
  endfacet
  facet normal 0 -1 0
    outer loop
      vertex 4.312523573637009 3.116783572094781 1.127
      vertex 4.312523573637009 3.116783572094781 0.927
      vertex 4.387062855064869 3.116783572094781 1.127
    endloop
  endfacet
  facet normal -0.10097794122513906 -0.9948886648193014 0
    outer loop
      vertex 4.387062855064869 3.116783572094781 1.127
      vertex 4.387062855064869 3.116783572094781 0.927
      vertex 4.456322677433491 3.1097539269498418 1.127
    endloop
  endfacet
  facet normal -0.4263884298086624 -0.9045401632461123 0
    outer loop
      vertex 4.456322677433491 3.1097539269498418 1.127
      vertex 4.456322677433491 3.1097539269498418 0.927
      vertex 4.501060716807842 3.088664998965604 1.127
    endloop
  endfacet
  facet normal 0.0965935904127064 0.9953239062190672 0
    outer loop
      vertex 4.4058085680007935 3.1560235747269223 1.127
      vertex 4.501279287040234 3.1467583903244565 1.127
      vertex 4.501279287040234 3.1467583903244565 0.927
    endloop
  endfacet
  facet normal 0 0 1
    outer loop
      vertex 4.153403572738171 3.1560235747269223 1.127
      vertex 4.228386431932449 3.121579287307603 1.127
      vertex 4.4058085680007935 3.1560235747269223 1.127
    endloop
  endfacet
  facet normal 0 0 1
    outer loop
      vertex 4.228386431932449 3.121579287307603 1.127
      vertex 4.312523573637009 3.116783572094781 1.127
      vertex 4.4058085680007935 3.1560235747269223 1.127
    endloop
  endfacet
  facet normal 0 0 1
    outer loop
      vertex 4.312523573637009 3.116783572094781 1.127
      vertex 4.387062855064869 3.116783572094781 1.127
      vertex 4.4058085680007935 3.1560235747269223 1.127
    endloop
  endfacet
  facet normal 0 0 1
    outer loop
      vertex 4.387062855064869 3.116783572094781 1.127
      vertex 4.456322677433491 3.1097539269498418 1.127
      vertex 4.4058085680007935 3.1560235747269223 1.127
    endloop
  endfacet
  facet normal 0 0 1
    outer loop
      vertex 4.4058085680007935 3.1560235747269223 1.127
      vertex 4.456322677433491 3.1097539269498418 1.127
      vertex 4.501279287040234 3.1467583903244565 1.127
    endloop
  endfacet
  facet normal 0 0 1
    outer loop
      vertex 4.456322677433491 3.1097539269498418 1.127
      vertex 4.501060716807842 3.088664998965604 1.127
      vertex 4.501279287040234 3.1467583903244565 1.127
    endloop
  endfacet
  facet normal -1 0 0
    outer loop
      vertex 3.390036426484585 3.8571428560784886 1.127
      vertex 3.390036426484585 3.8802471437624524 0.927
      vertex 3.390036426484585 3.8571428560784886 0.927
    endloop
  endfacet
  facet normal -0.16742303330377203 0.9858851494567529 0
    outer loop
      vertex 3.390036426484585 3.8802471437624524 1.127
      vertex 3.4593492820858955 3.8920178541115353 0.927
      vertex 3.390036426484585 3.8802471437624524 0.927
    endloop
  endfacet
  facet normal 0 -1 0
    outer loop
      vertex 3.6363407149910927 3.8571428560784886 1.127
      vertex 3.390036426484585 3.8571428560784886 0.927
      vertex 3.6363407149910927 3.8571428560784886 0.927
    endloop
  endfacet
  facet normal 0.1257589863331751 0.9920608234158086 0
    outer loop
      vertex 3.5434864312410355 3.8920178541115353 1.127
      vertex 3.6363407149910927 3.8802471437624524 0.927
      vertex 3.5434864312410355 3.8920178541115353 0.927
    endloop
  endfacet
  facet normal 1 0 0
    outer loop
      vertex 3.6363407149910927 3.8802471437624524 1.127
      vertex 3.6363407149910927 3.8571428560784886 0.927
      vertex 3.6363407149910927 3.8802471437624524 0.927
    endloop
  endfacet
  facet normal -1 0 0
    outer loop
      vertex 3.8809285685420036 3.8571428560784886 1.127
      vertex 3.8809285685420036 3.8802471437624524 0.927
      vertex 3.8809285685420036 3.8571428560784886 0.927
    endloop
  endfacet
  facet normal -0.15507955083735936 0.9879019854783585 0
    outer loop
      vertex 3.8809285685420036 3.8802471437624524 1.127
      vertex 3.9559114277362823 3.8920178541115353 0.927
      vertex 3.8809285685420036 3.8802471437624524 0.927
    endloop
  endfacet
  facet normal -1 0 0
    outer loop
      vertex 3.390036426484585 3.8571428560784886 1.127
      vertex 3.390036426484585 3.8802471437624524 1.127
      vertex 3.390036426484585 3.8802471437624524 0.927
    endloop
  endfacet
  facet normal -0.16742303330377203 0.9858851494567529 0
    outer loop
      vertex 3.390036426484585 3.8802471437624524 1.127
      vertex 3.4593492820858955 3.8920178541115353 1.127
      vertex 3.4593492820858955 3.8920178541115353 0.927
    endloop
  endfacet
  facet normal 0 -1 0
    outer loop
      vertex 3.390036426484585 3.8571428560784886 1.127
      vertex 3.390036426484585 3.8571428560784886 0.927
      vertex 3.6363407149910927 3.8571428560784886 1.127
    endloop
  endfacet
  facet normal 1 0 0
    outer loop
      vertex 3.6363407149910927 3.8571428560784886 1.127
      vertex 3.6363407149910927 3.8571428560784886 0.927
      vertex 3.6363407149910927 3.8802471437624524 1.127
    endloop
  endfacet
  facet normal 0.1257589863331751 0.9920608234158086 0
    outer loop
      vertex 3.5434864312410355 3.8920178541115353 1.127
      vertex 3.6363407149910927 3.8802471437624524 1.127
      vertex 3.6363407149910927 3.8802471437624524 0.927
    endloop
  endfacet
  facet normal 0 0 1
    outer loop
      vertex 3.390036426484585 3.8571428560784886 1.127
      vertex 3.4593492820858955 3.8920178541115353 1.127
      vertex 3.390036426484585 3.8802471437624524 1.127
    endloop
  endfacet
  facet normal 0 0 1
    outer loop
      vertex 3.390036426484585 3.8571428560784886 1.127
      vertex 3.5434864312410355 3.8920178541115353 1.127
      vertex 3.4593492820858955 3.8920178541115353 1.127
    endloop
  endfacet
  facet normal 0 0 1
    outer loop
      vertex 3.390036426484585 3.8571428560784886 1.127
      vertex 3.6363407149910927 3.8571428560784886 1.127
      vertex 3.5434864312410355 3.8920178541115353 1.127
    endloop
  endfacet
  facet normal 0 0 1
    outer loop
      vertex 3.5434864312410355 3.8920178541115353 1.127
      vertex 3.6363407149910927 3.8571428560784886 1.127
      vertex 3.6363407149910927 3.8802471437624524 1.127
    endloop
  endfacet
  facet normal -1 0 0
    outer loop
      vertex 3.8809285685420036 3.8571428560784886 1.127
      vertex 3.8809285685420036 3.8802471437624524 1.127
      vertex 3.8809285685420036 3.8802471437624524 0.927
    endloop
  endfacet
  facet normal -0.15507955083735936 0.9879019854783585 0
    outer loop
      vertex 3.8809285685420036 3.8802471437624524 1.127
      vertex 3.9559114277362823 3.8920178541115353 1.127
      vertex 3.9559114277362823 3.8920178541115353 0.927
    endloop
  endfacet
  facet normal 0 0 1
    outer loop
      vertex 3.8809285685420036 3.8571428560784886 1.127
      vertex 3.9559114277362823 3.8920178541115353 1.127
      vertex 3.8809285685420036 3.8802471437624524 1.127
    endloop
  endfacet
  facet normal -1 0 0
    outer loop
      vertex 3.4593492820858955 3.8920178541115353 1.127
      vertex 3.4593492820858955 4.4072935708931515 0.927
      vertex 3.4593492820858955 3.8920178541115353 0.927
    endloop
  endfacet
  facet normal 1 0 0
    outer loop
      vertex 3.5434864312410355 4.086443571107728 1.127
      vertex 3.5434864312410355 3.8920178541115353 0.927
      vertex 3.5434864312410355 4.086443571107728 0.927
    endloop
  endfacet
  facet normal 0 1 0
    outer loop
      vertex 3.5434864312410355 4.125683573739869 1.127
      vertex 3.5888207107782364 4.125683573739869 0.927
      vertex 3.5434864312410355 4.125683573739869 0.927
    endloop
  endfacet
  facet normal 0 -1 0
    outer loop
      vertex 3.609308570623398 4.086443571107728 1.127
      vertex 3.5434864312410355 4.086443571107728 0.927
      vertex 3.609308570623398 4.086443571107728 0.927
    endloop
  endfacet
  facet normal -0.12994131100753498 0.9915216869507408 0
    outer loop
      vertex 3.5888207107782364 4.125683573739869 1.127
      vertex 3.6528476774692535 4.134074462311609 0.927
      vertex 3.5888207107782364 4.125683573739869 0.927
    endloop
  endfacet
  facet normal -1 0 0
    outer loop
      vertex 3.3843664303421974 4.418633570628507 1.127
      vertex 3.3843664303421974 4.441737858312471 0.927
      vertex 3.3843664303421974 4.418633570628507 0.927
    endloop
  endfacet
  facet normal -0.14953417798120158 -0.9887565573059358 0
    outer loop
      vertex 3.4593492820858955 4.4072935708931515 1.127
      vertex 3.3843664303421974 4.418633570628507 0.927
      vertex 3.4593492820858955 4.4072935708931515 0.927
    endloop
  endfacet
  facet normal 0 1 0
    outer loop
      vertex 3.3843664303421974 4.441737858312471 1.127
      vertex 3.604950003325939 4.441737858312471 0.927
      vertex 3.3843664303421974 4.441737858312471 0.927
    endloop
  endfacet
  facet normal 1 0 0
    outer loop
      vertex 3.5434864312410355 4.40249785568033 1.127
      vertex 3.5434864312410355 4.125683573739869 0.927
      vertex 3.5434864312410355 4.40249785568033 0.927
    endloop
  endfacet
  facet normal 0 -1 0
    outer loop
      vertex 3.586204282939434 4.40249785568033 1.127
      vertex 3.5434864312410355 4.40249785568033 0.927
      vertex 3.586204282939434 4.40249785568033 0.927
    endloop
  endfacet
  facet normal -0.11323942300188866 -0.9935677294871242 0
    outer loop
      vertex 3.654101252555847 4.394759466605527 1.127
      vertex 3.586204282939434 4.40249785568033 0.927
      vertex 3.654101252555847 4.394759466605527 0.927
    endloop
  endfacet
  facet normal 0.1288479629310514 -0.9916643597752812 0
    outer loop
      vertex 3.6990594640374184 4.0981049963406155 1.127
      vertex 3.609308570623398 4.086443571107728 0.927
      vertex 3.6990594640374184 4.0981049963406155 0.927
    endloop
  endfacet
  facet normal -0.49037271688079 0.871512821786893 0
    outer loop
      vertex 3.6528476774692535 4.134074462311609 1.127
      vertex 3.697585716843605 4.159247142927987 0.927
      vertex 3.6528476774692535 4.134074462311609 0.927
    endloop
  endfacet
  facet normal -0.8588969948528606 0.5121483693547458 0
    outer loop
      vertex 3.697585716843605 4.159247142927987 1.127
      vertex 3.7239058911800385 4.203387317912919 0.927
      vertex 3.697585716843605 4.159247142927987 0.927
    endloop
  endfacet
  facet normal 0.4678018813564553 -0.8838333552199538 0
    outer loop
      vertex 3.765156425535679 4.1330892869404385 1.127
      vertex 3.6990594640374184 4.0981049963406155 0.927
      vertex 3.765156425535679 4.1330892869404385 0.927
    endloop
  endfacet
  facet normal 0.8158673776234711 -0.5782390700478482 0
    outer loop
      vertex 3.8058637529611588 4.190525358276708 1.127
      vertex 3.765156425535679 4.1330892869404385 0.927
      vertex 3.8058637529611588 4.190525358276708 0.927
    endloop
  endfacet
  facet normal -0.8532431565263602 -0.521513294021287 0
    outer loop
      vertex 3.724286787211895 4.3303516038826535 1.127
      vertex 3.69910928606987 4.371544284479959 0.927
      vertex 3.724286787211895 4.3303516038826535 0.927
    endloop
  endfacet
  facet normal -0.9910894867817913 0.1331977071522086 0
    outer loop
      vertex 3.7239058911800385 4.203387317912919 1.127
      vertex 3.732679285109043 4.26866785969053 0.927
      vertex 3.7239058911800385 4.203387317912919 0.927
    endloop
  endfacet
  facet normal -0.9908708147293621 -0.13481479339290023 0
    outer loop
      vertex 3.732679285109043 4.26866785969053 1.127
      vertex 3.724286787211895 4.3303516038826535 0.927
      vertex 3.732679285109043 4.26866785969053 0.927
    endloop
  endfacet
  facet normal 0.9235597256079019 0.3834546038777692 0
    outer loop
      vertex 3.7658121436834335 4.398688925164087 1.127
      vertex 3.819432854652405 4.2695421406200955 0.927
      vertex 3.7658121436834335 4.398688925164087 0.927
    endloop
  endfacet
  facet normal -0.4584125921186132 -0.8887394980460214 0
    outer loop
      vertex 3.69910928606987 4.371544284479959 1.127
      vertex 3.654101252555847 4.394759466605527 0.927
      vertex 3.69910928606987 4.371544284479959 0.927
    endloop
  endfacet
  facet normal 0.2585167695407822 0.9660067700933559 0
    outer loop
      vertex 3.604950003325939 4.441737858312471 1.127
      vertex 3.7658121436834335 4.398688925164087 0.927
      vertex 3.604950003325939 4.441737858312471 0.927
    endloop
  endfacet
  facet normal 0.9855736755028706 -0.16924695021111166 0
    outer loop
      vertex 3.819432854652405 4.2695421406200955 1.127
      vertex 3.8058637529611588 4.190525358276708 0.927
      vertex 3.819432854652405 4.2695421406200955 0.927
    endloop
  endfacet
  facet normal -1 0 0
    outer loop
      vertex 3.8809285685420036 4.418633570628507 1.127
      vertex 3.8809285685420036 4.441737858312471 0.927
      vertex 3.8809285685420036 4.418633570628507 0.927
    endloop
  endfacet
  facet normal -0.149534163455158 -0.9887565595027757 0
    outer loop
      vertex 3.9559114277362823 4.4072935708931515 1.127
      vertex 3.8809285685420036 4.418633570628507 0.927
      vertex 3.9559114277362823 4.4072935708931515 0.927
    endloop
  endfacet
  facet normal 1 0 0
    outer loop
      vertex 3.5434864312410355 3.8920178541115353 1.127
      vertex 3.5434864312410355 3.8920178541115353 0.927
      vertex 3.5434864312410355 4.086443571107728 1.127
    endloop
  endfacet
  facet normal 0 -1 0
    outer loop
      vertex 3.5434864312410355 4.086443571107728 1.127
      vertex 3.5434864312410355 4.086443571107728 0.927
      vertex 3.609308570623398 4.086443571107728 1.127
    endloop
  endfacet
  facet normal 0 1 0
    outer loop
      vertex 3.5434864312410355 4.125683573739869 1.127
      vertex 3.5888207107782364 4.125683573739869 1.127
      vertex 3.5888207107782364 4.125683573739869 0.927
    endloop
  endfacet
  facet normal 1 0 0
    outer loop
      vertex 3.5434864312410355 4.125683573739869 1.127
      vertex 3.5434864312410355 4.125683573739869 0.927
      vertex 3.5434864312410355 4.40249785568033 1.127
    endloop
  endfacet
  facet normal 0.1288479629310514 -0.9916643597752812 0
    outer loop
      vertex 3.609308570623398 4.086443571107728 1.127
      vertex 3.609308570623398 4.086443571107728 0.927
      vertex 3.6990594640374184 4.0981049963406155 1.127
    endloop
  endfacet
  facet normal -0.12994131100753498 0.9915216869507408 0
    outer loop
      vertex 3.5888207107782364 4.125683573739869 1.127
      vertex 3.6528476774692535 4.134074462311609 1.127
      vertex 3.6528476774692535 4.134074462311609 0.927
    endloop
  endfacet
  facet normal 0 0 1
    outer loop
      vertex 3.4593492820858955 3.8920178541115353 1.127
      vertex 3.5434864312410355 3.8920178541115353 1.127
      vertex 3.5434864312410355 4.086443571107728 1.127
    endloop
  endfacet
  facet normal 0 0 1
    outer loop
      vertex 3.4593492820858955 3.8920178541115353 1.127
      vertex 3.5434864312410355 4.086443571107728 1.127
      vertex 3.5434864312410355 4.125683573739869 1.127
    endloop
  endfacet
  facet normal 0 0 1
    outer loop
      vertex 3.4593492820858955 3.8920178541115353 1.127
      vertex 3.5434864312410355 4.125683573739869 1.127
      vertex 3.4593492820858955 4.4072935708931515 1.127
    endloop
  endfacet
  facet normal 0 0 1
    outer loop
      vertex 3.5434864312410355 4.086443571107728 1.127
      vertex 3.5888207107782364 4.125683573739869 1.127
      vertex 3.5434864312410355 4.125683573739869 1.127
    endloop
  endfacet
  facet normal 0 0 1
    outer loop
      vertex 3.5434864312410355 4.086443571107728 1.127
      vertex 3.609308570623398 4.086443571107728 1.127
      vertex 3.5888207107782364 4.125683573739869 1.127
    endloop
  endfacet
  facet normal 0 0 1
    outer loop
      vertex 3.5888207107782364 4.125683573739869 1.127
      vertex 3.609308570623398 4.086443571107728 1.127
      vertex 3.6528476774692535 4.134074462311609 1.127
    endloop
  endfacet
  facet normal 0 0 1
    outer loop
      vertex 3.609308570623398 4.086443571107728 1.127
      vertex 3.6990594640374184 4.0981049963406155 1.127
      vertex 3.6528476774692535 4.134074462311609 1.127
    endloop
  endfacet
  facet normal -1 0 0
    outer loop
      vertex 3.4593492820858955 3.8920178541115353 1.127
      vertex 3.4593492820858955 4.4072935708931515 1.127
      vertex 3.4593492820858955 4.4072935708931515 0.927
    endloop
  endfacet
  facet normal -0.14953417798120158 -0.9887565573059358 0
    outer loop
      vertex 3.3843664303421974 4.418633570628507 1.127
      vertex 3.3843664303421974 4.418633570628507 0.927
      vertex 3.4593492820858955 4.4072935708931515 1.127
    endloop
  endfacet
  facet normal -1 0 0
    outer loop
      vertex 3.3843664303421974 4.418633570628507 1.127
      vertex 3.3843664303421974 4.441737858312471 1.127
      vertex 3.3843664303421974 4.441737858312471 0.927
    endloop
  endfacet
  facet normal 0 -1 0
    outer loop
      vertex 3.5434864312410355 4.40249785568033 1.127
      vertex 3.5434864312410355 4.40249785568033 0.927
      vertex 3.586204282939434 4.40249785568033 1.127
    endloop
  endfacet
  facet normal 0 1 0
    outer loop
      vertex 3.3843664303421974 4.441737858312471 1.127
      vertex 3.604950003325939 4.441737858312471 1.127
      vertex 3.604950003325939 4.441737858312471 0.927
    endloop
  endfacet
  facet normal -0.11323942300188866 -0.9935677294871242 0
    outer loop
      vertex 3.586204282939434 4.40249785568033 1.127
      vertex 3.586204282939434 4.40249785568033 0.927
      vertex 3.654101252555847 4.394759466605527 1.127
    endloop
  endfacet
  facet normal 0 0 1
    outer loop
      vertex 3.5434864312410355 4.125683573739869 1.127
      vertex 3.5434864312410355 4.40249785568033 1.127
      vertex 3.4593492820858955 4.4072935708931515 1.127
    endloop
  endfacet
  facet normal 0 0 1
    outer loop
      vertex 3.3843664303421974 4.418633570628507 1.127
      vertex 3.4593492820858955 4.4072935708931515 1.127
      vertex 3.3843664303421974 4.441737858312471 1.127
    endloop
  endfacet
  facet normal 0 0 1
    outer loop
      vertex 3.3843664303421974 4.441737858312471 1.127
      vertex 3.4593492820858955 4.4072935708931515 1.127
      vertex 3.604950003325939 4.441737858312471 1.127
    endloop
  endfacet
  facet normal 0 0 1
    outer loop
      vertex 3.4593492820858955 4.4072935708931515 1.127
      vertex 3.5434864312410355 4.40249785568033 1.127
      vertex 3.604950003325939 4.441737858312471 1.127
    endloop
  endfacet
  facet normal 0 0 1
    outer loop
      vertex 3.5434864312410355 4.40249785568033 1.127
      vertex 3.586204282939434 4.40249785568033 1.127
      vertex 3.604950003325939 4.441737858312471 1.127
    endloop
  endfacet
  facet normal 0 0 1
    outer loop
      vertex 3.586204282939434 4.40249785568033 1.127
      vertex 3.654101252555847 4.394759466605527 1.127
      vertex 3.604950003325939 4.441737858312471 1.127
    endloop
  endfacet
  facet normal 0.4678018813564553 -0.8838333552199538 0
    outer loop
      vertex 3.6990594640374184 4.0981049963406155 1.127
      vertex 3.6990594640374184 4.0981049963406155 0.927
      vertex 3.765156425535679 4.1330892869404385 1.127
    endloop
  endfacet
  facet normal -0.49037271688079 0.871512821786893 0
    outer loop
      vertex 3.6528476774692535 4.134074462311609 1.127
      vertex 3.697585716843605 4.159247142927987 1.127
      vertex 3.697585716843605 4.159247142927987 0.927
    endloop
  endfacet
  facet normal -0.8588969948528606 0.5121483693547458 0
    outer loop
      vertex 3.697585716843605 4.159247142927987 1.127
      vertex 3.7239058911800385 4.203387317912919 1.127
      vertex 3.7239058911800385 4.203387317912919 0.927
    endloop
  endfacet
  facet normal 0.8158673776234711 -0.5782390700478482 0
    outer loop
      vertex 3.765156425535679 4.1330892869404385 1.127
      vertex 3.765156425535679 4.1330892869404385 0.927
      vertex 3.8058637529611588 4.190525358276708 1.127
    endloop
  endfacet
  facet normal 0.9855736755028706 -0.16924695021111166 0
    outer loop
      vertex 3.8058637529611588 4.190525358276708 1.127
      vertex 3.8058637529611588 4.190525358276708 0.927
      vertex 3.819432854652405 4.2695421406200955 1.127
    endloop
  endfacet
  facet normal 0 0 1
    outer loop
      vertex 3.6990594640374184 4.0981049963406155 1.127
      vertex 3.697585716843605 4.159247142927987 1.127
      vertex 3.6528476774692535 4.134074462311609 1.127
    endloop
  endfacet
  facet normal 0 0 1
    outer loop
      vertex 3.6990594640374184 4.0981049963406155 1.127
      vertex 3.765156425535679 4.1330892869404385 1.127
      vertex 3.697585716843605 4.159247142927987 1.127
    endloop
  endfacet
  facet normal 0 0 1
    outer loop
      vertex 3.697585716843605 4.159247142927987 1.127
      vertex 3.765156425535679 4.1330892869404385 1.127
      vertex 3.7239058911800385 4.203387317912919 1.127
    endloop
  endfacet
  facet normal 0 0 1
    outer loop
      vertex 3.7239058911800385 4.203387317912919 1.127
      vertex 3.765156425535679 4.1330892869404385 1.127
      vertex 3.8058637529611588 4.190525358276708 1.127
    endloop
  endfacet
  facet normal -0.8532431565263602 -0.521513294021287 0
    outer loop
      vertex 3.724286787211895 4.3303516038826535 1.127
      vertex 3.69910928606987 4.371544284479959 1.127
      vertex 3.69910928606987 4.371544284479959 0.927
    endloop
  endfacet
  facet normal -0.9910894867817913 0.1331977071522086 0
    outer loop
      vertex 3.7239058911800385 4.203387317912919 1.127
      vertex 3.732679285109043 4.26866785969053 1.127
      vertex 3.732679285109043 4.26866785969053 0.927
    endloop
  endfacet
  facet normal -0.9908708147293621 -0.13481479339290023 0
    outer loop
      vertex 3.732679285109043 4.26866785969053 1.127
      vertex 3.724286787211895 4.3303516038826535 1.127
      vertex 3.724286787211895 4.3303516038826535 0.927
    endloop
  endfacet
  facet normal -0.4584125921186132 -0.8887394980460214 0
    outer loop
      vertex 3.69910928606987 4.371544284479959 1.127
      vertex 3.654101252555847 4.394759466605527 1.127
      vertex 3.654101252555847 4.394759466605527 0.927
    endloop
  endfacet
  facet normal 0.2585167695407822 0.9660067700933559 0
    outer loop
      vertex 3.604950003325939 4.441737858312471 1.127
      vertex 3.7658121436834335 4.398688925164087 1.127
      vertex 3.7658121436834335 4.398688925164087 0.927
    endloop
  endfacet
  facet normal 0.9235597256079019 0.3834546038777692 0
    outer loop
      vertex 3.819432854652405 4.2695421406200955 1.127
      vertex 3.819432854652405 4.2695421406200955 0.927
      vertex 3.7658121436834335 4.398688925164087 1.127
    endloop
  endfacet
  facet normal -0.149534163455158 -0.9887565595027757 0
    outer loop
      vertex 3.8809285685420036 4.418633570628507 1.127
      vertex 3.8809285685420036 4.418633570628507 0.927
      vertex 3.9559114277362823 4.4072935708931515 1.127
    endloop
  endfacet
  facet normal -1 0 0
    outer loop
      vertex 3.8809285685420036 4.418633570628507 1.127
      vertex 3.8809285685420036 4.441737858312471 1.127
      vertex 3.8809285685420036 4.441737858312471 0.927
    endloop
  endfacet
  facet normal 0 0 1
    outer loop
      vertex 3.7239058911800385 4.203387317912919 1.127
      vertex 3.8058637529611588 4.190525358276708 1.127
      vertex 3.732679285109043 4.26866785969053 1.127
    endloop
  endfacet
  facet normal 0 0 1
    outer loop
      vertex 3.8058637529611588 4.190525358276708 1.127
      vertex 3.819432854652405 4.2695421406200955 1.127
      vertex 3.732679285109043 4.26866785969053 1.127
    endloop
  endfacet
  facet normal 0 0 1
    outer loop
      vertex 3.732679285109043 4.26866785969053 1.127
      vertex 3.819432854652405 4.2695421406200955 1.127
      vertex 3.724286787211895 4.3303516038826535 1.127
    endloop
  endfacet
  facet normal 0 0 1
    outer loop
      vertex 3.724286787211895 4.3303516038826535 1.127
      vertex 3.819432854652405 4.2695421406200955 1.127
      vertex 3.7658121436834335 4.398688925164087 1.127
    endloop
  endfacet
  facet normal 0 0 1
    outer loop
      vertex 3.604950003325939 4.441737858312471 1.127
      vertex 3.654101252555847 4.394759466605527 1.127
      vertex 3.7658121436834335 4.398688925164087 1.127
    endloop
  endfacet
  facet normal 0 0 1
    outer loop
      vertex 3.69910928606987 4.371544284479959 1.127
      vertex 3.7658121436834335 4.398688925164087 1.127
      vertex 3.654101252555847 4.394759466605527 1.127
    endloop
  endfacet
  facet normal 0 0 1
    outer loop
      vertex 3.724286787211895 4.3303516038826535 1.127
      vertex 3.7658121436834335 4.398688925164087 1.127
      vertex 3.69910928606987 4.371544284479959 1.127
    endloop
  endfacet
  facet normal 0 0 1
    outer loop
      vertex 3.8809285685420036 4.418633570628507 1.127
      vertex 3.9559114277362823 4.4072935708931515 1.127
      vertex 3.8809285685420036 4.441737858312471 1.127
    endloop
  endfacet
  facet normal 0 -1 0
    outer loop
      vertex 4.0801500007510185 3.8571428560784886 1.127
      vertex 3.8809285685420036 3.8571428560784886 0.927
      vertex 4.0801500007510185 3.8571428560784886 0.927
    endloop
  endfacet
  facet normal 0.14834832315856958 0.9889351723020274 0
    outer loop
      vertex 4.001682855188847 3.8920178541115353 1.127
      vertex 4.0801500007510185 3.8802471437624524 0.927
      vertex 4.001682855188847 3.8920178541115353 0.927
    endloop
  endfacet
  facet normal 1 0 0
    outer loop
      vertex 4.0801500007510185 3.8802471437624524 1.127
      vertex 4.0801500007510185 3.8571428560784886 0.927
      vertex 4.0801500007510185 3.8802471437624524 0.927
    endloop
  endfacet
  facet normal 0 -1 0
    outer loop
      vertex 4.40449071675539 3.8571428560784886 1.127
      vertex 4.3622035682201385 3.8571428560784886 0.927
      vertex 4.40449071675539 3.8571428560784886 0.927
    endloop
  endfacet
  facet normal 0 -1 0
    outer loop
      vertex 3.8809285685420036 3.8571428560784886 1.127
      vertex 3.8809285685420036 3.8571428560784886 0.927
      vertex 4.0801500007510185 3.8571428560784886 1.127
    endloop
  endfacet
  facet normal 0.14834832315856958 0.9889351723020274 0
    outer loop
      vertex 4.001682855188847 3.8920178541115353 1.127
      vertex 4.0801500007510185 3.8802471437624524 1.127
      vertex 4.0801500007510185 3.8802471437624524 0.927
    endloop
  endfacet
  facet normal 1 0 0
    outer loop
      vertex 4.0801500007510185 3.8571428560784886 1.127
      vertex 4.0801500007510185 3.8571428560784886 0.927
      vertex 4.0801500007510185 3.8802471437624524 1.127
    endloop
  endfacet
  facet normal 0 0 1
    outer loop
      vertex 3.8809285685420036 3.8571428560784886 1.127
      vertex 4.0801500007510185 3.8571428560784886 1.127
      vertex 3.9559114277362823 3.8920178541115353 1.127
    endloop
  endfacet
  facet normal 0 0 1
    outer loop
      vertex 3.9559114277362823 3.8920178541115353 1.127
      vertex 4.0801500007510185 3.8571428560784886 1.127
      vertex 4.001682855188847 3.8920178541115353 1.127
    endloop
  endfacet
  facet normal 0 0 1
    outer loop
      vertex 4.001682855188847 3.8920178541115353 1.127
      vertex 4.0801500007510185 3.8571428560784886 1.127
      vertex 4.0801500007510185 3.8802471437624524 1.127
    endloop
  endfacet
  facet normal 0 -1 0
    outer loop
      vertex 4.3622035682201385 3.8571428560784886 1.127
      vertex 4.3622035682201385 3.8571428560784886 0.927
      vertex 4.40449071675539 3.8571428560784886 1.127
    endloop
  endfacet
  facet normal -1 0 0
    outer loop
      vertex 3.9559114277362823 4.4072935708931515 1.127
      vertex 3.9559114277362823 4.4072935708931515 0.927
      vertex 3.9559114277362823 3.8920178541115353 0.927
    endloop
  endfacet
  facet normal 1 0 0
    outer loop
      vertex 4.001682855188847 4.382884284215314 1.127
      vertex 4.001682855188847 3.8920178541115353 0.927
      vertex 4.001682855188847 4.382884284215314 0.927
    endloop
  endfacet
  facet normal 0 1 0
    outer loop
      vertex 3.8809285685420036 4.441737858312471 1.127
      vertex 4.057920001447201 4.441737858312471 0.927
      vertex 3.8809285685420036 4.441737858312471 0.927
    endloop
  endfacet
  facet normal 0.8212128103944284 0.5706220465808212 0
    outer loop
      vertex 4.057920001447201 4.441737858312471 1.127
      vertex 4.358712859451771 4.008850713925702 0.927
      vertex 4.057920001447201 4.441737858312471 0.927
    endloop
  endfacet
  facet normal -0.8247198487404801 -0.5655414848563096 0
    outer loop
      vertex 4.3622035682201385 3.8571428560784886 1.127
      vertex 4.001682855188847 4.382884284215314 0.927
      vertex 4.3622035682201385 3.8571428560784886 0.927
    endloop
  endfacet
  facet normal -1 0 0
    outer loop
      vertex 4.358712859451771 4.008850713925702 1.127
      vertex 4.358712859451771 4.4072935708931515 0.927
      vertex 4.358712859451771 4.008850713925702 0.927
    endloop
  endfacet
  facet normal -1 0 0
    outer loop
      vertex 4.280245713889599 4.418633570628507 1.127
      vertex 4.280245713889599 4.441737858312471 0.927
      vertex 4.280245713889599 4.418633570628507 0.927
    endloop
  endfacet
  facet normal -0.143033121316813 -0.9897179023370092 0
    outer loop
      vertex 4.358712859451771 4.4072935708931515 1.127
      vertex 4.280245713889599 4.418633570628507 0.927
      vertex 4.358712859451771 4.4072935708931515 0.927
    endloop
  endfacet
  facet normal 0 1 0
    outer loop
      vertex 4.280245713889599 4.441737858312471 1.127
      vertex 4.479473568499088 4.441737858312471 0.927
      vertex 4.280245713889599 4.441737858312471 0.927
    endloop
  endfacet
  facet normal 1 0 0
    outer loop
      vertex 4.40449071675539 4.4072935708931515 1.127
      vertex 4.40449071675539 3.8571428560784886 0.927
      vertex 4.40449071675539 4.4072935708931515 0.927
    endloop
  endfacet
  facet normal 0.14953417798120158 -0.9887565573059358 0
    outer loop
      vertex 4.479473568499088 4.418633570628507 1.127
      vertex 4.40449071675539 4.4072935708931515 0.927
      vertex 4.479473568499088 4.418633570628507 0.927
    endloop
  endfacet
  facet normal 1 0 0
    outer loop
      vertex 4.479473568499088 4.441737858312471 1.127
      vertex 4.479473568499088 4.418633570628507 0.927
      vertex 4.479473568499088 4.441737858312471 0.927
    endloop
  endfacet
  facet normal -1 0 0
    outer loop
      vertex 3.9559114277362823 3.8920178541115353 1.127
      vertex 3.9559114277362823 4.4072935708931515 1.127
      vertex 3.9559114277362823 3.8920178541115353 0.927
    endloop
  endfacet
  facet normal 1 0 0
    outer loop
      vertex 4.001682855188847 3.8920178541115353 1.127
      vertex 4.001682855188847 3.8920178541115353 0.927
      vertex 4.001682855188847 4.382884284215314 1.127
    endloop
  endfacet
  facet normal -0.8247198487404801 -0.5655414848563096 0
    outer loop
      vertex 4.001682855188847 4.382884284215314 1.127
      vertex 4.001682855188847 4.382884284215314 0.927
      vertex 4.3622035682201385 3.8571428560784886 1.127
    endloop
  endfacet
  facet normal 0 0 1
    outer loop
      vertex 3.9559114277362823 3.8920178541115353 1.127
      vertex 4.001682855188847 3.8920178541115353 1.127
      vertex 4.001682855188847 4.382884284215314 1.127
    endloop
  endfacet
  facet normal 0 1 0
    outer loop
      vertex 3.8809285685420036 4.441737858312471 1.127
      vertex 4.057920001447201 4.441737858312471 1.127
      vertex 4.057920001447201 4.441737858312471 0.927
    endloop
  endfacet
  facet normal 0 0 1
    outer loop
      vertex 3.9559114277362823 3.8920178541115353 1.127
      vertex 4.001682855188847 4.382884284215314 1.127
      vertex 3.9559114277362823 4.4072935708931515 1.127
    endloop
  endfacet
  facet normal 0 0 1
    outer loop
      vertex 3.9559114277362823 4.4072935708931515 1.127
      vertex 4.001682855188847 4.382884284215314 1.127
      vertex 4.057920001447201 4.441737858312471 1.127
    endloop
  endfacet
  facet normal 0 0 1
    outer loop
      vertex 3.8809285685420036 4.441737858312471 1.127
      vertex 3.9559114277362823 4.4072935708931515 1.127
      vertex 4.057920001447201 4.441737858312471 1.127
    endloop
  endfacet
  facet normal 0 0 1
    outer loop
      vertex 4.001682855188847 4.382884284215314 1.127
      vertex 4.358712859451771 4.008850713925702 1.127
      vertex 4.057920001447201 4.441737858312471 1.127
    endloop
  endfacet
  facet normal 0.8212128103944284 0.5706220465808212 0
    outer loop
      vertex 4.358712859451771 4.008850713925702 1.127
      vertex 4.358712859451771 4.008850713925702 0.927
      vertex 4.057920001447201 4.441737858312471 1.127
    endloop
  endfacet
  facet normal 1 0 0
    outer loop
      vertex 4.40449071675539 3.8571428560784886 1.127
      vertex 4.40449071675539 3.8571428560784886 0.927
      vertex 4.40449071675539 4.4072935708931515 1.127
    endloop
  endfacet
  facet normal 0 0 1
    outer loop
      vertex 4.001682855188847 4.382884284215314 1.127
      vertex 4.3622035682201385 3.8571428560784886 1.127
      vertex 4.40449071675539 3.8571428560784886 1.127
    endloop
  endfacet
  facet normal 0 0 1
    outer loop
      vertex 4.001682855188847 4.382884284215314 1.127
      vertex 4.40449071675539 3.8571428560784886 1.127
      vertex 4.358712859451771 4.008850713925702 1.127
    endloop
  endfacet
  facet normal 0 0 1
    outer loop
      vertex 4.40449071675539 3.8571428560784886 1.127
      vertex 4.40449071675539 4.4072935708931515 1.127
      vertex 4.358712859451771 4.008850713925702 1.127
    endloop
  endfacet
  facet normal -1 0 0
    outer loop
      vertex 4.358712859451771 4.008850713925702 1.127
      vertex 4.358712859451771 4.4072935708931515 1.127
      vertex 4.358712859451771 4.4072935708931515 0.927
    endloop
  endfacet
  facet normal -1 0 0
    outer loop
      vertex 4.280245713889599 4.418633570628507 1.127
      vertex 4.280245713889599 4.441737858312471 1.127
      vertex 4.280245713889599 4.441737858312471 0.927
    endloop
  endfacet
  facet normal -0.143033121316813 -0.9897179023370092 0
    outer loop
      vertex 4.280245713889599 4.418633570628507 1.127
      vertex 4.280245713889599 4.418633570628507 0.927
      vertex 4.358712859451771 4.4072935708931515 1.127
    endloop
  endfacet
  facet normal 0.14953417798120158 -0.9887565573059358 0
    outer loop
      vertex 4.40449071675539 4.4072935708931515 1.127
      vertex 4.40449071675539 4.4072935708931515 0.927
      vertex 4.479473568499088 4.418633570628507 1.127
    endloop
  endfacet
  facet normal 0 1 0
    outer loop
      vertex 4.280245713889599 4.441737858312471 1.127
      vertex 4.479473568499088 4.441737858312471 1.127
      vertex 4.479473568499088 4.441737858312471 0.927
    endloop
  endfacet
  facet normal 1 0 0
    outer loop
      vertex 4.479473568499088 4.418633570628507 1.127
      vertex 4.479473568499088 4.418633570628507 0.927
      vertex 4.479473568499088 4.441737858312471 1.127
    endloop
  endfacet
  facet normal 0 0 1
    outer loop
      vertex 4.280245713889599 4.418633570628507 1.127
      vertex 4.358712859451771 4.4072935708931515 1.127
      vertex 4.280245713889599 4.441737858312471 1.127
    endloop
  endfacet
  facet normal 0 0 1
    outer loop
      vertex 4.280245713889599 4.441737858312471 1.127
      vertex 4.358712859451771 4.4072935708931515 1.127
      vertex 4.40449071675539 4.4072935708931515 1.127
    endloop
  endfacet
  facet normal 0 0 1
    outer loop
      vertex 4.358712859451771 4.008850713925702 1.127
      vertex 4.40449071675539 4.4072935708931515 1.127
      vertex 4.358712859451771 4.4072935708931515 1.127
    endloop
  endfacet
  facet normal 0 0 1
    outer loop
      vertex 4.280245713889599 4.441737858312471 1.127
      vertex 4.40449071675539 4.4072935708931515 1.127
      vertex 4.479473568499088 4.441737858312471 1.127
    endloop
  endfacet
  facet normal 0 0 1
    outer loop
      vertex 4.40449071675539 4.4072935708931515 1.127
      vertex 4.479473568499088 4.418633570628507 1.127
      vertex 4.479473568499088 4.441737858312471 1.127
    endloop
  endfacet
  facet normal -1 0 0
    outer loop
      vertex 1.5768430680036545 6.428571430700166 1.127
      vertex 1.5768430680036545 6.470159148531301 0.927
      vertex 1.5768430680036545 6.428571430700166 0.927
    endloop
  endfacet
  facet normal -0.1550795844419676 0.9879019802031508 0
    outer loop
      vertex 1.5768430680036545 6.470159148531301 1.127
      vertex 1.71181221306324 6.4913464316299985 0.927
      vertex 1.5768430680036545 6.470159148531301 0.927
    endloop
  endfacet
  facet normal -1 0 0
    outer loop
      vertex 1.5768430680036545 6.428571430700166 1.127
      vertex 1.5768430680036545 6.470159148531301 1.127
      vertex 1.5768430680036545 6.470159148531301 0.927
    endloop
  endfacet
  facet normal 0 0 1
    outer loop
      vertex 1.5768430680036545 6.428571430700166 1.127
      vertex 1.71181221306324 6.4913464316299985 1.127
      vertex 1.5768430680036545 6.470159148531301 1.127
    endloop
  endfacet
  facet normal -0.1550795844419676 0.9879019802031508 0
    outer loop
      vertex 1.5768430680036545 6.470159148531301 1.127
      vertex 1.71181221306324 6.4913464316299985 1.127
      vertex 1.71181221306324 6.4913464316299985 0.927
    endloop
  endfacet
  facet normal 0 -1 0
    outer loop
      vertex 1.935441642999649 6.428571430700166 1.127
      vertex 1.5768430680036545 6.428571430700166 0.927
      vertex 1.935441642999649 6.428571430700166 0.927
    endloop
  endfacet
  facet normal 1 0 0
    outer loop
      vertex 1.935441642999649 6.470159148531301 1.127
      vertex 1.935441642999649 6.428571430700166 0.927
      vertex 1.935441642999649 6.470159148531301 0.927
    endloop
  endfacet
  facet normal 0.14834835836203372 0.9889351670212208 0
    outer loop
      vertex 1.794200785458088 6.4913464316299985 1.127
      vertex 1.935441642999649 6.470159148531301 0.927
      vertex 1.794200785458088 6.4913464316299985 0.927
    endloop
  endfacet
  facet normal 0 -1 0
    outer loop
      vertex 2.2069420740008354 6.428571430700166 1.127
      vertex 2.1794830709695816 6.428571430700166 0.927
      vertex 2.2069420740008354 6.428571430700166 0.927
    endloop
  endfacet
  facet normal -0.9200506883543438 -0.39179935025303214 0
    outer loop
      vertex 2.1794830709695816 6.428571430700166 1.127
      vertex 1.794200785458088 7.333318290965898 0.927
      vertex 2.1794830709695816 6.428571430700166 0.927
    endloop
  endfacet
  facet normal 0 -1 0
    outer loop
      vertex 1.5768430680036545 6.428571430700166 1.127
      vertex 1.5768430680036545 6.428571430700166 0.927
      vertex 1.935441642999649 6.428571430700166 1.127
    endloop
  endfacet
  facet normal 1 0 0
    outer loop
      vertex 1.935441642999649 6.428571430700166 1.127
      vertex 1.935441642999649 6.428571430700166 0.927
      vertex 1.935441642999649 6.470159148531301 1.127
    endloop
  endfacet
  facet normal 0 0 1
    outer loop
      vertex 1.5768430680036545 6.428571430700166 1.127
      vertex 1.935441642999649 6.428571430700166 1.127
      vertex 1.71181221306324 6.4913464316299985 1.127
    endloop
  endfacet
  facet normal 0 0 1
    outer loop
      vertex 1.794200785458088 6.4913464316299985 1.127
      vertex 1.935441642999649 6.428571430700166 1.127
      vertex 1.935441642999649 6.470159148531301 1.127
    endloop
  endfacet
  facet normal 0.14834835836203372 0.9889351670212208 0
    outer loop
      vertex 1.794200785458088 6.4913464316299985 1.127
      vertex 1.935441642999649 6.470159148531301 1.127
      vertex 1.935441642999649 6.470159148531301 0.927
    endloop
  endfacet
  facet normal 0 0 1
    outer loop
      vertex 1.71181221306324 6.4913464316299985 1.127
      vertex 1.935441642999649 6.428571430700166 1.127
      vertex 1.794200785458088 6.4913464316299985 1.127
    endloop
  endfacet
  facet normal 0 -1 0
    outer loop
      vertex 2.1794830709695816 6.428571430700166 1.127
      vertex 2.1794830709695816 6.428571430700166 0.927
      vertex 2.2069420740008354 6.428571430700166 1.127
    endloop
  endfacet
  facet normal 0 0 1
    outer loop
      vertex 2.1794830709695816 6.428571430700166 1.127
      vertex 2.2069420740008354 6.428571430700166 1.127
      vertex 1.794200785458088 7.333318290965898 1.127
    endloop
  endfacet
  facet normal -0.5703637035682988 -0.8213922605259035 0
    outer loop
      vertex 0.8450335711240768 7.661953931408269 1.127
      vertex 0.7433400005102158 7.732568574803216 0.927
      vertex 0.8450335711240768 7.661953931408269 0.927
    endloop
  endfacet
  facet normal -0.8350179683665334 -0.5502226753824557 0
    outer loop
      vertex 0.7433400005102158 7.732568574803216 1.127
      vertex 0.6756760701537132 7.8352553599647115 0.927
      vertex 0.7433400005102158 7.732568574803216 0.927
    endloop
  endfacet
  facet normal -0.18567534339503156 -0.9826111473289609 0
    outer loop
      vertex 0.9695999994874 7.63841571445976 1.127
      vertex 0.8450335711240768 7.661953931408269 0.927
      vertex 0.9695999994874 7.63841571445976 0.927
    endloop
  endfacet
  facet normal 0.18568923039335236 -0.9826085231239979 0
    outer loop
      vertex 1.0941567793488503 7.661953931408269 1.127
      vertex 0.9695999994874 7.63841571445976 0.927
      vertex 1.0941567793488503 7.661953931408269 0.927
    endloop
  endfacet
  facet normal -0.8350179683665334 -0.5502226753824557 0
    outer loop
      vertex 0.7433400005102158 7.732568574803216 1.127
      vertex 0.6756760701537132 7.8352553599647115 1.127
      vertex 0.6756760701537132 7.8352553599647115 0.927
    endloop
  endfacet
  facet normal -0.5703637035682988 -0.8213922605259035 0
    outer loop
      vertex 0.7433400005102158 7.732568574803216 1.127
      vertex 0.7433400005102158 7.732568574803216 0.927
      vertex 0.8450335711240768 7.661953931408269 1.127
    endloop
  endfacet
  facet normal -0.18567534339503156 -0.9826111473289609 0
    outer loop
      vertex 0.8450335711240768 7.661953931408269 1.127
      vertex 0.8450335711240768 7.661953931408269 0.927
      vertex 0.9695999994874 7.63841571445976 1.127
    endloop
  endfacet
  facet normal 0.18568923039335236 -0.9826085231239979 0
    outer loop
      vertex 0.9695999994874 7.63841571445976 1.127
      vertex 0.9695999994874 7.63841571445976 0.927
      vertex 1.0941567793488503 7.661953931408269 1.127
    endloop
  endfacet
  facet normal 0 0 1
    outer loop
      vertex 0.7433400005102158 7.732568574803216 1.127
      vertex 1.2860785648226738 7.954932858901365 1.127
      vertex 0.6756760701537132 7.8352553599647115 1.127
    endloop
  endfacet
  facet normal 0 0 1
    outer loop
      vertex 0.7433400005102158 7.732568574803216 1.127
      vertex 0.8450335711240768 7.661953931408269 1.127
      vertex 1.2860785648226738 7.954932858901365 1.127
    endloop
  endfacet
  facet normal 0 0 1
    outer loop
      vertex 0.9695999994874 7.63841571445976 1.127
      vertex 1.0941567793488503 7.661953931408269 1.127
      vertex 1.195821426808834 7.732568574803216 1.127
    endloop
  endfacet
  facet normal 0 0 1
    outer loop
      vertex 0.8450335711240768 7.661953931408269 1.127
      vertex 0.9695999994874 7.63841571445976 1.127
      vertex 1.2860785648226738 7.954932858901365 1.127
    endloop
  endfacet
  facet normal -0.9827005539451644 -0.18520156931264603 0
    outer loop
      vertex 0.6756760701537132 7.8352553599647115 1.127
      vertex 0.6531214267015457 7.954932858901365 0.927
      vertex 0.6756760701537132 7.8352553599647115 0.927
    endloop
  endfacet
  facet normal -0.9831097246435364 0.18301712846427803 0
    outer loop
      vertex 0.6531214267015457 7.954932858901365 1.127
      vertex 0.6760039255023003 8.0778503545693 0.927
      vertex 0.6531214267015457 7.954932858901365 0.927
    endloop
  endfacet
  facet normal -0.8295926591389826 0.5583690714059223 0
    outer loop
      vertex 0.6760039255023003 8.0778503545693 1.127
      vertex 0.7446514219045639 8.17984285737787 0.927
      vertex 0.6760039255023003 8.0778503545693 0.927
    endloop
  endfacet
  facet normal -0.5584220006104896 0.8295570319358269 0
    outer loop
      vertex 0.7446514219045639 8.17984285737787 1.127
      vertex 0.8466728553175926 8.248519284384592 0.927
      vertex 0.7446514219045639 8.17984285737787 0.927
    endloop
  endfacet
  facet normal -0.1830778228948031 0.9830984237420479 0
    outer loop
      vertex 0.8466728553175926 8.248519284384592 1.127
      vertex 0.9695999994874 8.27141143168722 0.927
      vertex 0.8466728553175926 8.248519284384592 0.927
    endloop
  endfacet
  facet normal 0.1830917119980728 0.9830958371377709 0
    outer loop
      vertex 0.9695999994874 8.27141143168722 1.127
      vertex 1.0925174951553345 8.248519284384592 0.927
      vertex 0.9695999994874 8.27141143168722 0.927
    endloop
  endfacet
  facet normal -0.9827005539451644 -0.18520156931264603 0
    outer loop
      vertex 0.6756760701537132 7.8352553599647115 1.127
      vertex 0.6531214267015457 7.954932858901365 1.127
      vertex 0.6531214267015457 7.954932858901365 0.927
    endloop
  endfacet
  facet normal -0.9831097246435364 0.18301712846427803 0
    outer loop
      vertex 0.6531214267015457 7.954932858901365 1.127
      vertex 0.6760039255023003 8.0778503545693 1.127
      vertex 0.6760039255023003 8.0778503545693 0.927
    endloop
  endfacet
  facet normal -0.8295926591389826 0.5583690714059223 0
    outer loop
      vertex 0.6760039255023003 8.0778503545693 1.127
      vertex 0.7446514219045639 8.17984285737787 1.127
      vertex 0.7446514219045639 8.17984285737787 0.927
    endloop
  endfacet
  facet normal 0 0 1
    outer loop
      vertex 0.6531214267015457 7.954932858901365 1.127
      vertex 0.7446514219045639 8.17984285737787 1.127
      vertex 0.6760039255023003 8.0778503545693 1.127
    endloop
  endfacet
  facet normal 0 0 1
    outer loop
      vertex 0.6531214267015457 7.954932858901365 1.127
      vertex 0.8466728553175926 8.248519284384592 1.127
      vertex 0.7446514219045639 8.17984285737787 1.127
    endloop
  endfacet
  facet normal -0.5584220006104896 0.8295570319358269 0
    outer loop
      vertex 0.7446514219045639 8.17984285737787 1.127
      vertex 0.8466728553175926 8.248519284384592 1.127
      vertex 0.8466728553175926 8.248519284384592 0.927
    endloop
  endfacet
  facet normal 0 0 1
    outer loop
      vertex 0.6531214267015457 7.954932858901365 1.127
      vertex 0.9695999994874 8.27141143168722 1.127
      vertex 0.8466728553175926 8.248519284384592 1.127
    endloop
  endfacet
  facet normal 0 0 1
    outer loop
      vertex 0.6756760701537132 7.8352553599647115 1.127
      vertex 1.2860785648226738 7.954932858901365 1.127
      vertex 0.6531214267015457 7.954932858901365 1.127
    endloop
  endfacet
  facet normal 0 0 1
    outer loop
      vertex 0.6531214267015457 7.954932858901365 1.127
      vertex 1.1945099979639053 8.17984285737787 1.127
      vertex 1.0925174951553345 8.248519284384592 1.127
    endloop
  endfacet
  facet normal 0 0 1
    outer loop
      vertex 0.6531214267015457 7.954932858901365 1.127
      vertex 1.2860785648226738 7.954932858901365 1.127
      vertex 1.2631864249706268 8.0778503545693 1.127
    endloop
  endfacet
  facet normal 0 0 1
    outer loop
      vertex 0.6531214267015457 7.954932858901365 1.127
      vertex 1.2631864249706268 8.0778503545693 1.127
      vertex 1.1945099979639053 8.17984285737787 1.127
    endloop
  endfacet
  facet normal -0.1830778228948031 0.9830984237420479 0
    outer loop
      vertex 0.8466728553175926 8.248519284384592 1.127
      vertex 0.9695999994874 8.27141143168722 1.127
      vertex 0.9695999994874 8.27141143168722 0.927
    endloop
  endfacet
  facet normal 0.1830917119980728 0.9830958371377709 0
    outer loop
      vertex 0.9695999994874 8.27141143168722 1.127
      vertex 1.0925174951553345 8.248519284384592 1.127
      vertex 1.0925174951553345 8.248519284384592 0.927
    endloop
  endfacet
  facet normal 0 0 1
    outer loop
      vertex 0.6531214267015457 7.954932858901365 1.127
      vertex 1.0925174951553345 8.248519284384592 1.127
      vertex 0.9695999994874 8.27141143168722 1.127
    endloop
  endfacet
  facet normal 0.5704731668566352 -0.8213162398836161 0
    outer loop
      vertex 1.195821426808834 7.732568574803216 1.127
      vertex 1.0941567793488503 7.661953931408269 0.927
      vertex 1.195821426808834 7.732568574803216 0.927
    endloop
  endfacet
  facet normal 0.8349099071838193 -0.5503866340004145 0
    outer loop
      vertex 1.2635142803192139 7.8352553599647115 1.127
      vertex 1.195821426808834 7.732568574803216 0.927
      vertex 1.2635142803192139 7.8352553599647115 0.927
    endloop
  endfacet
  facet normal -1 0 0
    outer loop
      vertex 1.5768430680036545 7.439254713909967 1.127
      vertex 1.5768430680036545 7.4808424317411015 0.927
      vertex 1.5768430680036545 7.439254713909967 0.927
    endloop
  endfacet
  facet normal -0.1495341543969678 -0.9887565608726872 0
    outer loop
      vertex 1.71181221306324 7.418842715876443 1.127
      vertex 1.5768430680036545 7.439254713909967 0.927
      vertex 1.71181221306324 7.418842715876443 0.927
    endloop
  endfacet
  facet normal 0 1 0
    outer loop
      vertex 1.5768430680036545 7.4808424317411015 1.127
      vertex 1.895427644252777 7.4808424317411015 0.927
      vertex 1.5768430680036545 7.4808424317411015 0.927
    endloop
  endfacet
  facet normal 0.5704731668566352 -0.8213162398836161 0
    outer loop
      vertex 1.0941567793488503 7.661953931408269 1.127
      vertex 1.0941567793488503 7.661953931408269 0.927
      vertex 1.195821426808834 7.732568574803216 1.127
    endloop
  endfacet
  facet normal 0.8349099071838193 -0.5503866340004145 0
    outer loop
      vertex 1.195821426808834 7.732568574803216 1.127
      vertex 1.195821426808834 7.732568574803216 0.927
      vertex 1.2635142803192139 7.8352553599647115 1.127
    endloop
  endfacet
  facet normal 0 0 1
    outer loop
      vertex 0.9695999994874 7.63841571445976 1.127
      vertex 1.195821426808834 7.732568574803216 1.127
      vertex 1.2635142803192139 7.8352553599647115 1.127
    endloop
  endfacet
  facet normal 0 0 1
    outer loop
      vertex 0.9695999994874 7.63841571445976 1.127
      vertex 1.2635142803192139 7.8352553599647115 1.127
      vertex 1.2860785648226738 7.954932858901365 1.127
    endloop
  endfacet
  facet normal -0.1495341543969678 -0.9887565608726872 0
    outer loop
      vertex 1.5768430680036545 7.439254713909967 1.127
      vertex 1.5768430680036545 7.439254713909967 0.927
      vertex 1.71181221306324 7.418842715876443 1.127
    endloop
  endfacet
  facet normal -1 0 0
    outer loop
      vertex 1.5768430680036545 7.439254713909967 1.127
      vertex 1.5768430680036545 7.4808424317411015 1.127
      vertex 1.5768430680036545 7.4808424317411015 0.927
    endloop
  endfacet
  facet normal 0 0 1
    outer loop
      vertex 1.5768430680036545 7.439254713909967 1.127
      vertex 1.71181221306324 7.418842715876443 1.127
      vertex 1.5768430680036545 7.4808424317411015 1.127
    endloop
  endfacet
  facet normal -1 0 0
    outer loop
      vertex 1.71181221306324 7.418842715876443 1.127
      vertex 1.71181221306324 7.418842715876443 0.927
      vertex 1.71181221306324 6.4913464316299985 0.927
    endloop
  endfacet
  facet normal 1 0 0
    outer loop
      vertex 1.794200785458088 7.333318290965898 1.127
      vertex 1.794200785458088 6.4913464316299985 0.927
      vertex 1.794200785458088 7.333318290965898 0.927
    endloop
  endfacet
  facet normal 0.9195193621510827 0.3930447081812275 0
    outer loop
      vertex 1.895427644252777 7.4808424317411015 1.127
      vertex 2.2375485002994537 6.680458290236337 0.927
      vertex 1.895427644252777 7.4808424317411015 0.927
    endloop
  endfacet
  facet normal -1 0 0
    outer loop
      vertex 1.71181221306324 6.4913464316299985 1.127
      vertex 1.71181221306324 7.418842715876443 1.127
      vertex 1.71181221306324 6.4913464316299985 0.927
    endloop
  endfacet
  facet normal 1 0 0
    outer loop
      vertex 1.794200785458088 6.4913464316299985 1.127
      vertex 1.794200785458088 6.4913464316299985 0.927
      vertex 1.794200785458088 7.333318290965898 1.127
    endloop
  endfacet
  facet normal 0 0 1
    outer loop
      vertex 1.71181221306324 6.4913464316299985 1.127
      vertex 1.794200785458088 6.4913464316299985 1.127
      vertex 1.794200785458088 7.333318290965898 1.127
    endloop
  endfacet
  facet normal -0.9200506883543438 -0.39179935025303214 0
    outer loop
      vertex 2.1794830709695816 6.428571430700166 1.127
      vertex 1.794200785458088 7.333318290965898 1.127
      vertex 1.794200785458088 7.333318290965898 0.927
    endloop
  endfacet
  facet normal 0 0 1
    outer loop
      vertex 1.71181221306324 6.4913464316299985 1.127
      vertex 1.794200785458088 7.333318290965898 1.127
      vertex 1.71181221306324 7.418842715876443 1.127
    endloop
  endfacet
  facet normal 0.9195193621510827 0.3930447081812275 0
    outer loop
      vertex 2.2375485002994537 6.680458290236337 1.127
      vertex 2.2375485002994537 6.680458290236337 0.927
      vertex 1.895427644252777 7.4808424317411015 1.127
    endloop
  endfacet
  facet normal 0 0 1
    outer loop
      vertex 2.2069420740008354 6.428571430700166 1.127
      vertex 2.2375485002994537 6.680458290236337 1.127
      vertex 1.794200785458088 7.333318290965898 1.127
    endloop
  endfacet
  facet normal 0 0 1
    outer loop
      vertex 1.794200785458088 7.333318290965898 1.127
      vertex 2.2375485002994537 6.680458290236337 1.127
      vertex 1.895427644252777 7.4808424317411015 1.127
    endloop
  endfacet
  facet normal 0 1 0
    outer loop
      vertex 1.5768430680036545 7.4808424317411015 1.127
      vertex 1.895427644252777 7.4808424317411015 1.127
      vertex 1.895427644252777 7.4808424317411015 0.927
    endloop
  endfacet
  facet normal 0 0 1
    outer loop
      vertex 1.794200785458088 7.333318290965898 1.127
      vertex 1.895427644252777 7.4808424317411015 1.127
      vertex 1.71181221306324 7.418842715876443 1.127
    endloop
  endfacet
  facet normal 0 0 1
    outer loop
      vertex 1.5768430680036545 7.4808424317411015 1.127
      vertex 1.71181221306324 7.418842715876443 1.127
      vertex 1.895427644252777 7.4808424317411015 1.127
    endloop
  endfacet
  facet normal 0.8294836541652313 0.5585309906108121 0
    outer loop
      vertex 1.1945099979639053 8.17984285737787 1.127
      vertex 1.2631864249706268 8.0778503545693 0.927
      vertex 1.1945099979639053 8.17984285737787 0.927
    endloop
  endfacet
  facet normal 0.9826861433402945 -0.18527801727938006 0
    outer loop
      vertex 1.2860785648226738 7.954932858901365 1.127
      vertex 1.2635142803192139 7.8352553599647115 0.927
      vertex 1.2860785648226738 7.954932858901365 0.927
    endloop
  endfacet
  facet normal 0.9830958478637455 0.1830916544058286 0
    outer loop
      vertex 1.2631864249706268 8.0778503545693 1.127
      vertex 1.2860785648226738 7.954932858901365 0.927
      vertex 1.2631864249706268 8.0778503545693 0.927
    endloop
  endfacet
  facet normal 0.5585309906108121 0.8294836541652313 0
    outer loop
      vertex 1.0925174951553345 8.248519284384592 1.127
      vertex 1.1945099979639053 8.17984285737787 0.927
      vertex 1.0925174951553345 8.248519284384592 0.927
    endloop
  endfacet
  facet normal 0.8294836541652313 0.5585309906108121 0
    outer loop
      vertex 1.2631864249706268 8.0778503545693 1.127
      vertex 1.2631864249706268 8.0778503545693 0.927
      vertex 1.1945099979639053 8.17984285737787 1.127
    endloop
  endfacet
  facet normal 0.9826861433402945 -0.18527801727938006 0
    outer loop
      vertex 1.2635142803192139 7.8352553599647115 1.127
      vertex 1.2635142803192139 7.8352553599647115 0.927
      vertex 1.2860785648226738 7.954932858901365 1.127
    endloop
  endfacet
  facet normal 0.9830958478637455 0.1830916544058286 0
    outer loop
      vertex 1.2631864249706268 8.0778503545693 1.127
      vertex 1.2860785648226738 7.954932858901365 1.127
      vertex 1.2860785648226738 7.954932858901365 0.927
    endloop
  endfacet
  facet normal 0.5585309906108121 0.8294836541652313 0
    outer loop
      vertex 1.0925174951553345 8.248519284384592 1.127
      vertex 1.1945099979639053 8.17984285737787 1.127
      vertex 1.1945099979639053 8.17984285737787 0.927
    endloop
  endfacet
  facet normal -0.989794475466977 0.14250226782424158 0
    outer loop
      vertex 2.799732856452465 5.42839499350105 1.127
      vertex 2.8188048228621483 5.560865355389459 0.927
      vertex 2.799732856452465 5.42839499350105 0.927
    endloop
  endfacet
  facet normal -0.9874404671204958 -0.15799153107953995 0
    outer loop
      vertex 2.8195682168006897 5.304424820201738 1.127
      vertex 2.799732856452465 5.42839499350105 1.127
      vertex 2.799732856452465 5.42839499350105 0.927
    endloop
  endfacet
  facet normal -0.989794475466977 0.14250226782424158 0
    outer loop
      vertex 2.799732856452465 5.42839499350105 1.127
      vertex 2.8188048228621483 5.560865355389459 1.127
      vertex 2.8188048228621483 5.560865355389459 0.927
    endloop
  endfacet
  facet normal -0.5211469914972107 -0.8534669374108209 0
    outer loop
      vertex 2.974109463393688 5.153483567493303 1.127
      vertex 2.8790742829442024 5.211514284568174 0.927
      vertex 2.974109463393688 5.153483567493303 0.927
    endloop
  endfacet
  facet normal -0.8420930752129868 -0.5393322284810496 0
    outer loop
      vertex 2.8790742829442024 5.211514284568174 1.127
      vertex 2.8195682168006897 5.304424820201738 0.927
      vertex 2.8790742829442024 5.211514284568174 0.927
    endloop
  endfacet
  facet normal 0.8975054492123504 0.4410033657854973 0
    outer loop
      vertex 2.904304824769497 5.317015176372869 1.127
      vertex 2.944684289395809 5.234837142484529 0.927
      vertex 2.904304824769497 5.317015176372869 0.927
    endloop
  endfacet
  facet normal -0.15124692468659556 -0.9884960130283011 0
    outer loop
      vertex 3.10053214430809 5.134139997618539 1.127
      vertex 2.974109463393688 5.153483567493303 0.927
      vertex 3.10053214430809 5.134139997618539 0.927
    endloop
  endfacet
  facet normal 0.18210550894174996 0.9832789958160738 0
    outer loop
      vertex 3.010784462094307 5.184486960726125 1.127
      vertex 3.1014064252376556 5.167703566806657 0.927
      vertex 3.010784462094307 5.184486960726125 0.927
    endloop
  endfacet
  facet normal 0.6059529441624847 0.7955004899186527 0
    outer loop
      vertex 2.944684289395809 5.234837142484529 1.127
      vertex 3.010784462094307 5.184486960726125 0.927
      vertex 2.944684289395809 5.234837142484529 0.927
    endloop
  endfacet
  facet normal -0.9874404671204958 -0.15799153107953995 0
    outer loop
      vertex 2.8195682168006897 5.304424820201738 1.127
      vertex 2.799732856452465 5.42839499350105 0.927
      vertex 2.8195682168006897 5.304424820201738 0.927
    endloop
  endfacet
  facet normal 0.9928879970771712 0.11905219552819382 0
    outer loop
      vertex 2.890845000743866 5.429269281881196 1.127
      vertex 2.904304824769497 5.317015176372869 0.927
      vertex 2.890845000743866 5.429269281881196 0.927
    endloop
  endfacet
  facet normal -0.8584031567594557 0.5129756528972906 0
    outer loop
      vertex 2.8188048228621483 5.560865355389459 1.127
      vertex 2.8760207146406174 5.656609279768808 0.927
      vertex 2.8188048228621483 5.560865355389459 0.927
    endloop
  endfacet
  facet normal 0.9943155944443863 -0.10647299490812952 0
    outer loop
      vertex 2.903705358505249 5.549367850380285 1.127
      vertex 2.890845000743866 5.429269281881196 0.927
      vertex 2.903705358505249 5.549367850380285 0.927
    endloop
  endfacet
  facet normal 0.9085786848853257 -0.4177137457303172 0
    outer loop
      vertex 2.942286431789398 5.6332864218524525 1.127
      vertex 2.903705358505249 5.549367850380285 0.927
      vertex 2.942286431789398 5.6332864218524525 0.927
    endloop
  endfacet
  facet normal -0.06196668461271392 0.9980782183767505 0
    outer loop
      vertex 3.1014064252376556 5.167703566806657 1.127
      vertex 3.149683393537998 5.170700890677316 0.927
      vertex 3.1014064252376556 5.167703566806657 0.927
    endloop
  endfacet
  facet normal 0.06421708582586994 -0.9979359527985916 0
    outer loop
      vertex 3.207225538790226 5.141005707638604 1.127
      vertex 3.10053214430809 5.134139997618539 0.927
      vertex 3.207225538790226 5.141005707638604 0.927
    endloop
  endfacet
  facet normal -0.19410091067342425 0.9809815678572902 0
    outer loop
      vertex 3.149683393537998 5.170700890677316 1.127
      vertex 3.1951285749673843 5.179692854838712 0.927
      vertex 3.149683393537998 5.170700890677316 0.927
    endloop
  endfacet
  facet normal -0.33452637460859214 0.9423863882141081 0
    outer loop
      vertex 3.1951285749673843 5.179692854838712 1.127
      vertex 3.2345807179808617 5.193697495119912 0.927
      vertex 3.1951285749673843 5.179692854838712 0.927
    endloop
  endfacet
  facet normal -0.5115031956781517 0.8592813746445565 0
    outer loop
      vertex 3.2345807179808617 5.193697495119912 1.127
      vertex 3.264878571033478 5.211732854800565 0.927
      vertex 3.2345807179808617 5.193697495119912 0.927
    endloop
  endfacet
  facet normal 0.202702907390593 -0.9792402827372864 0
    outer loop
      vertex 3.306728571653366 5.1616028525999615 1.127
      vertex 3.207225538790226 5.141005707638604 0.927
      vertex 3.306728571653366 5.1616028525999615 0.927
    endloop
  endfacet
  facet normal -0.9833166022190905 0.18190233588468 0
    outer loop
      vertex 3.264878571033478 5.211732854800565 1.127
      vertex 3.2810078561306 5.298923564808709 0.927
      vertex 3.264878571033478 5.211732854800565 0.927
    endloop
  endfacet
  facet normal 0 1 0
    outer loop
      vertex 3.2810078561306 5.298923564808709 1.127
      vertex 3.3093449994921684 5.298923564808709 0.927
      vertex 3.2810078561306 5.298923564808709 0.927
    endloop
  endfacet
  facet normal 0.9998185331898908 -0.01904995249377903 0
    outer loop
      vertex 3.3093449994921684 5.298923564808709 1.127
      vertex 3.306728571653366 5.1616028525999615 0.927
      vertex 3.3093449994921684 5.298923564808709 0.927
    endloop
  endfacet
  facet normal -0.9854668590538772 -0.1698678006759541 0
    outer loop
      vertex 3.2718535736203194 5.5840242856315205 1.127
      vertex 3.2587778568267822 5.659881425755365 0.927
      vertex 3.2718535736203194 5.5840242856315205 0.927
    endloop
  endfacet
  facet normal 0 -1 0
    outer loop
      vertex 3.3006278574466705 5.5840242856315205 1.127
      vertex 3.2718535736203194 5.5840242856315205 0.927
      vertex 3.3006278574466705 5.5840242856315205 0.927
    endloop
  endfacet
  facet normal -0.5211469914972107 -0.8534669374108209 0
    outer loop
      vertex 2.974109463393688 5.153483567493303 1.127
      vertex 2.8790742829442024 5.211514284568174 1.127
      vertex 2.8790742829442024 5.211514284568174 0.927
    endloop
  endfacet
  facet normal -0.8420930752129868 -0.5393322284810496 0
    outer loop
      vertex 2.8195682168006897 5.304424820201738 1.127
      vertex 2.8195682168006897 5.304424820201738 0.927
      vertex 2.8790742829442024 5.211514284568174 1.127
    endloop
  endfacet
  facet normal 0.8975054492123504 0.4410033657854973 0
    outer loop
      vertex 2.904304824769497 5.317015176372869 1.127
      vertex 2.944684289395809 5.234837142484529 1.127
      vertex 2.944684289395809 5.234837142484529 0.927
    endloop
  endfacet
  facet normal -0.15124692468659556 -0.9884960130283011 0
    outer loop
      vertex 2.974109463393688 5.153483567493303 1.127
      vertex 2.974109463393688 5.153483567493303 0.927
      vertex 3.10053214430809 5.134139997618539 1.127
    endloop
  endfacet
  facet normal 0.6059529441624847 0.7955004899186527 0
    outer loop
      vertex 3.010784462094307 5.184486960726125 1.127
      vertex 3.010784462094307 5.184486960726125 0.927
      vertex 2.944684289395809 5.234837142484529 1.127
    endloop
  endfacet
  facet normal 0.18210550894174996 0.9832789958160738 0
    outer loop
      vertex 3.010784462094307 5.184486960726125 1.127
      vertex 3.1014064252376556 5.167703566806657 1.127
      vertex 3.1014064252376556 5.167703566806657 0.927
    endloop
  endfacet
  facet normal 0 0 1
    outer loop
      vertex 2.974109463393688 5.153483567493303 1.127
      vertex 2.944684289395809 5.234837142484529 1.127
      vertex 2.8790742829442024 5.211514284568174 1.127
    endloop
  endfacet
  facet normal 0 0 1
    outer loop
      vertex 2.8195682168006897 5.304424820201738 1.127
      vertex 2.8790742829442024 5.211514284568174 1.127
      vertex 2.904304824769497 5.317015176372869 1.127
    endloop
  endfacet
  facet normal 0 0 1
    outer loop
      vertex 2.8790742829442024 5.211514284568174 1.127
      vertex 2.944684289395809 5.234837142484529 1.127
      vertex 2.904304824769497 5.317015176372869 1.127
    endloop
  endfacet
  facet normal 0 0 1
    outer loop
      vertex 2.974109463393688 5.153483567493303 1.127
      vertex 3.010784462094307 5.184486960726125 1.127
      vertex 2.944684289395809 5.234837142484529 1.127
    endloop
  endfacet
  facet normal 0 0 1
    outer loop
      vertex 2.974109463393688 5.153483567493303 1.127
      vertex 3.10053214430809 5.134139997618539 1.127
      vertex 3.010784462094307 5.184486960726125 1.127
    endloop
  endfacet
  facet normal 0 0 1
    outer loop
      vertex 3.010784462094307 5.184486960726125 1.127
      vertex 3.10053214430809 5.134139997618539 1.127
      vertex 3.1014064252376556 5.167703566806657 1.127
    endloop
  endfacet
  facet normal 0.9928879970771712 0.11905219552819382 0
    outer loop
      vertex 2.904304824769497 5.317015176372869 1.127
      vertex 2.904304824769497 5.317015176372869 0.927
      vertex 2.890845000743866 5.429269281881196 1.127
    endloop
  endfacet
  facet normal 0.9943155944443863 -0.10647299490812952 0
    outer loop
      vertex 2.890845000743866 5.429269281881196 1.127
      vertex 2.890845000743866 5.429269281881196 0.927
      vertex 2.903705358505249 5.549367850380285 1.127
    endloop
  endfacet
  facet normal -0.8584031567594557 0.5129756528972906 0
    outer loop
      vertex 2.8188048228621483 5.560865355389459 1.127
      vertex 2.8760207146406174 5.656609279768808 1.127
      vertex 2.8760207146406174 5.656609279768808 0.927
    endloop
  endfacet
  facet normal 0.9085786848853257 -0.4177137457303172 0
    outer loop
      vertex 2.903705358505249 5.549367850380285 1.127
      vertex 2.903705358505249 5.549367850380285 0.927
      vertex 2.942286431789398 5.6332864218524525 1.127
    endloop
  endfacet
  facet normal 0 0 1
    outer loop
      vertex 2.8195682168006897 5.304424820201738 1.127
      vertex 2.890845000743866 5.429269281881196 1.127
      vertex 2.799732856452465 5.42839499350105 1.127
    endloop
  endfacet
  facet normal 0 0 1
    outer loop
      vertex 2.8195682168006897 5.304424820201738 1.127
      vertex 2.904304824769497 5.317015176372869 1.127
      vertex 2.890845000743866 5.429269281881196 1.127
    endloop
  endfacet
  facet normal 0 0 1
    outer loop
      vertex 2.799732856452465 5.42839499350105 1.127
      vertex 2.890845000743866 5.429269281881196 1.127
      vertex 2.8188048228621483 5.560865355389459 1.127
    endloop
  endfacet
  facet normal 0 0 1
    outer loop
      vertex 2.8188048228621483 5.560865355389459 1.127
      vertex 2.890845000743866 5.429269281881196 1.127
      vertex 2.903705358505249 5.549367850380285 1.127
    endloop
  endfacet
  facet normal 0 0 1
    outer loop
      vertex 2.8188048228621483 5.560865355389459 1.127
      vertex 2.903705358505249 5.549367850380285 1.127
      vertex 2.8760207146406174 5.656609279768808 1.127
    endloop
  endfacet
  facet normal 0 0 1
    outer loop
      vertex 2.903705358505249 5.549367850380285 1.127
      vertex 2.942286431789398 5.6332864218524525 1.127
      vertex 2.8760207146406174 5.656609279768808 1.127
    endloop
  endfacet
  facet normal 0.06421708582586994 -0.9979359527985916 0
    outer loop
      vertex 3.10053214430809 5.134139997618539 1.127
      vertex 3.10053214430809 5.134139997618539 0.927
      vertex 3.207225538790226 5.141005707638604 1.127
    endloop
  endfacet
  facet normal -0.06196668461271392 0.9980782183767505 0
    outer loop
      vertex 3.1014064252376556 5.167703566806657 1.127
      vertex 3.149683393537998 5.170700890677316 1.127
      vertex 3.149683393537998 5.170700890677316 0.927
    endloop
  endfacet
  facet normal -0.19410091067342425 0.9809815678572902 0
    outer loop
      vertex 3.149683393537998 5.170700890677316 1.127
      vertex 3.1951285749673843 5.179692854838712 1.127
      vertex 3.1951285749673843 5.179692854838712 0.927
    endloop
  endfacet
  facet normal -0.33452637460859214 0.9423863882141081 0
    outer loop
      vertex 3.1951285749673843 5.179692854838712 1.127
      vertex 3.2345807179808617 5.193697495119912 1.127
      vertex 3.2345807179808617 5.193697495119912 0.927
    endloop
  endfacet
  facet normal 0.202702907390593 -0.9792402827372864 0
    outer loop
      vertex 3.207225538790226 5.141005707638604 1.127
      vertex 3.207225538790226 5.141005707638604 0.927
      vertex 3.306728571653366 5.1616028525999615 1.127
    endloop
  endfacet
  facet normal -0.5115031956781517 0.8592813746445565 0
    outer loop
      vertex 3.2345807179808617 5.193697495119912 1.127
      vertex 3.264878571033478 5.211732854800565 1.127
      vertex 3.264878571033478 5.211732854800565 0.927
    endloop
  endfacet
  facet normal -0.9833166022190905 0.18190233588468 0
    outer loop
      vertex 3.264878571033478 5.211732854800565 1.127
      vertex 3.2810078561306 5.298923564808709 1.127
      vertex 3.2810078561306 5.298923564808709 0.927
    endloop
  endfacet
  facet normal 0 1 0
    outer loop
      vertex 3.2810078561306 5.298923564808709 1.127
      vertex 3.3093449994921684 5.298923564808709 1.127
      vertex 3.3093449994921684 5.298923564808709 0.927
    endloop
  endfacet
  facet normal 0.9998185331898908 -0.01904995249377903 0
    outer loop
      vertex 3.306728571653366 5.1616028525999615 1.127
      vertex 3.306728571653366 5.1616028525999615 0.927
      vertex 3.3093449994921684 5.298923564808709 1.127
    endloop
  endfacet
  facet normal 0 0 1
    outer loop
      vertex 3.10053214430809 5.134139997618539 1.127
      vertex 3.149683393537998 5.170700890677316 1.127
      vertex 3.1014064252376556 5.167703566806657 1.127
    endloop
  endfacet
  facet normal 0 0 1
    outer loop
      vertex 3.10053214430809 5.134139997618539 1.127
      vertex 3.207225538790226 5.141005707638604 1.127
      vertex 3.149683393537998 5.170700890677316 1.127
    endloop
  endfacet
  facet normal 0 0 1
    outer loop
      vertex 3.149683393537998 5.170700890677316 1.127
      vertex 3.207225538790226 5.141005707638604 1.127
      vertex 3.1951285749673843 5.179692854838712 1.127
    endloop
  endfacet
  facet normal 0 0 1
    outer loop
      vertex 3.207225538790226 5.141005707638604 1.127
      vertex 3.2345807179808617 5.193697495119912 1.127
      vertex 3.1951285749673843 5.179692854838712 1.127
    endloop
  endfacet
  facet normal 0 0 1
    outer loop
      vertex 3.207225538790226 5.141005707638604 1.127
      vertex 3.306728571653366 5.1616028525999615 1.127
      vertex 3.2345807179808617 5.193697495119912 1.127
    endloop
  endfacet
  facet normal 0 0 1
    outer loop
      vertex 3.2345807179808617 5.193697495119912 1.127
      vertex 3.306728571653366 5.1616028525999615 1.127
      vertex 3.264878571033478 5.211732854800565 1.127
    endloop
  endfacet
  facet normal 0 0 1
    outer loop
      vertex 3.306728571653366 5.1616028525999615 1.127
      vertex 3.3093449994921684 5.298923564808709 1.127
      vertex 3.264878571033478 5.211732854800565 1.127
    endloop
  endfacet
  facet normal 0 0 1
    outer loop
      vertex 3.264878571033478 5.211732854800565 1.127
      vertex 3.3093449994921684 5.298923564808709 1.127
      vertex 3.2810078561306 5.298923564808709 1.127
    endloop
  endfacet
  facet normal 0 -1 0
    outer loop
      vertex 3.2718535736203194 5.5840242856315205 1.127
      vertex 3.2718535736203194 5.5840242856315205 0.927
      vertex 3.3006278574466705 5.5840242856315205 1.127
    endloop
  endfacet
  facet normal 0 0 1
    outer loop
      vertex 3.2718535736203194 5.5840242856315205 1.127
      vertex 3.3006278574466705 5.5840242856315205 1.127
      vertex 3.2587778568267822 5.659881425755365 1.127
    endloop
  endfacet
  facet normal -1 0 0
    outer loop
      vertex 2.4855126440525055 6.428571430700166 1.127
      vertex 2.4855126440525055 6.470159148531301 0.927
      vertex 2.4855126440525055 6.428571430700166 0.927
    endloop
  endfacet
  facet normal 0 -1 0
    outer loop
      vertex 2.9123826399445534 6.428571430700166 1.127
      vertex 2.4855126440525055 6.428571430700166 0.927
      vertex 2.9123826399445534 6.428571430700166 0.927
    endloop
  endfacet
  facet normal -0.14834835836203372 0.9889351670212208 0
    outer loop
      vertex 2.4855126440525055 6.470159148531301 1.127
      vertex 2.6267535015940666 6.4913464316299985 0.927
      vertex 2.4855126440525055 6.470159148531301 0.927
    endloop
  endfacet
  facet normal -1 0 0
    outer loop
      vertex 2.4855126440525055 6.428571430700166 1.127
      vertex 2.4855126440525055 6.470159148531301 1.127
      vertex 2.4855126440525055 6.470159148531301 0.927
    endloop
  endfacet
  facet normal 0.9071045335856154 -0.4209054111655291 0
    outer loop
      vertex 2.2069420740008354 6.428571430700166 1.127
      vertex 2.2069420740008354 6.428571430700166 0.927
      vertex 2.6267535015940666 7.333318290965898 1.127
    endloop
  endfacet
  facet normal 0 -1 0
    outer loop
      vertex 2.4855126440525055 6.428571430700166 1.127
      vertex 2.4855126440525055 6.428571430700166 0.927
      vertex 2.9123826399445534 6.428571430700166 1.127
    endloop
  endfacet
  facet normal 0 0 1
    outer loop
      vertex 2.4855126440525055 6.428571430700166 1.127
      vertex 2.6267535015940666 6.4913464316299985 1.127
      vertex 2.4855126440525055 6.470159148531301 1.127
    endloop
  endfacet
  facet normal 0 0 1
    outer loop
      vertex 2.4855126440525055 6.428571430700166 1.127
      vertex 2.9123826399445534 6.428571430700166 1.127
      vertex 2.6267535015940666 6.4913464316299985 1.127
    endloop
  endfacet
  facet normal -0.14834835836203372 0.9889351670212208 0
    outer loop
      vertex 2.4855126440525055 6.470159148531301 1.127
      vertex 2.6267535015940666 6.4913464316299985 1.127
      vertex 2.6267535015940666 6.4913464316299985 0.927
    endloop
  endfacet
  facet normal 0 0 1
    outer loop
      vertex 2.6267535015940666 6.4913464316299985 1.127
      vertex 2.9123826399445534 6.428571430700166 1.127
      vertex 2.7774135023355484 6.4913464316299985 1.127
    endloop
  endfacet
  facet normal -0.52247792385894 0.852652812743881 0
    outer loop
      vertex 2.8760207146406174 5.656609279768808 1.127
      vertex 2.9707312509417534 5.714644817369325 0.927
      vertex 2.8760207146406174 5.656609279768808 0.927
    endloop
  endfacet
  facet normal 0.5955798867684325 -0.803296083942217 0
    outer loop
      vertex 3.008876785635948 5.682657850640161 1.127
      vertex 2.942286431789398 5.6332864218524525 0.927
      vertex 3.008876785635948 5.682657850640161 0.927
    endloop
  endfacet
  facet normal -0.14549852214686146 0.9893584689348341 0
    outer loop
      vertex 2.9707312509417534 5.714644817369325 1.127
      vertex 3.1022742837667465 5.733989996569497 0.927
      vertex 2.9707312509417534 5.714644817369325 0.927
    endloop
  endfacet
  facet normal 0.16745853550450565 -0.98587911981474 0
    outer loop
      vertex 3.105764999985695 5.699114998536451 1.127
      vertex 3.008876785635948 5.682657850640161 0.927
      vertex 3.105764999985695 5.699114998536451 0.927
    endloop
  endfacet
  facet normal -0.061660589271059316 -0.9980971754948241 0
    outer loop
      vertex 3.1472325026988983 5.696553213255746 1.127
      vertex 3.105764999985695 5.699114998536451 0.927
      vertex 3.1472325026988983 5.696553213255746 0.927
    endloop
  endfacet
  facet normal 0.058731001323502445 0.998273844936117 0
    outer loop
      vertex 3.1022742837667465 5.733989996569497 1.127
      vertex 3.1967646405100822 5.728430887418134 0.927
      vertex 3.1022742837667465 5.733989996569497 0.927
    endloop
  endfacet
  facet normal -0.18553931322393338 -0.9826368419962641 0
    outer loop
      vertex 3.1879350021481514 5.688867857413633 1.127
      vertex 3.1472325026988983 5.696553213255746 0.927
      vertex 3.1879350021481514 5.688867857413633 0.927
    endloop
  endfacet
  facet normal -0.3104010988697147 -0.9506056794594032 0
    outer loop
      vertex 3.2258089259266853 5.676500892000539 1.127
      vertex 3.1879350021481514 5.688867857413633 0.927
      vertex 3.2258089259266853 5.676500892000539 0.927
    endloop
  endfacet
  facet normal 0.16252933741014944 0.9867037115978726 0
    outer loop
      vertex 3.1967646405100822 5.728430887418134 1.127
      vertex 3.298011429607868 5.7117535674146245 0.927
      vertex 3.1967646405100822 5.728430887418134 0.927
    endloop
  endfacet
  facet normal -0.4501363889999253 -0.8929598150522272 0
    outer loop
      vertex 3.2587778568267822 5.659881425755365 1.127
      vertex 3.2258089259266853 5.676500892000539 0.927
      vertex 3.2587778568267822 5.659881425755365 0.927
    endloop
  endfacet
  facet normal 0.9997902654685177 0.02047986997983291 0
    outer loop
      vertex 3.298011429607868 5.7117535674146245 1.127
      vertex 3.3006278574466705 5.5840242856315205 0.927
      vertex 3.298011429607868 5.7117535674146245 0.927
    endloop
  endfacet
  facet normal -0.52247792385894 0.852652812743881 0
    outer loop
      vertex 2.8760207146406174 5.656609279768808 1.127
      vertex 2.9707312509417534 5.714644817369325 1.127
      vertex 2.9707312509417534 5.714644817369325 0.927
    endloop
  endfacet
  facet normal 0.5955798867684325 -0.803296083942217 0
    outer loop
      vertex 2.942286431789398 5.6332864218524525 1.127
      vertex 2.942286431789398 5.6332864218524525 0.927
      vertex 3.008876785635948 5.682657850640161 1.127
    endloop
  endfacet
  facet normal 0.16745853550450565 -0.98587911981474 0
    outer loop
      vertex 3.008876785635948 5.682657850640161 1.127
      vertex 3.008876785635948 5.682657850640161 0.927
      vertex 3.105764999985695 5.699114998536451 1.127
    endloop
  endfacet
  facet normal -0.14549852214686146 0.9893584689348341 0
    outer loop
      vertex 2.9707312509417534 5.714644817369325 1.127
      vertex 3.1022742837667465 5.733989996569497 1.127
      vertex 3.1022742837667465 5.733989996569497 0.927
    endloop
  endfacet
  facet normal 0 0 1
    outer loop
      vertex 2.942286431789398 5.6332864218524525 1.127
      vertex 2.9707312509417534 5.714644817369325 1.127
      vertex 2.8760207146406174 5.656609279768808 1.127
    endloop
  endfacet
  facet normal 0 0 1
    outer loop
      vertex 2.942286431789398 5.6332864218524525 1.127
      vertex 3.008876785635948 5.682657850640161 1.127
      vertex 2.9707312509417534 5.714644817369325 1.127
    endloop
  endfacet
  facet normal 0 0 1
    outer loop
      vertex 3.008876785635948 5.682657850640161 1.127
      vertex 3.1022742837667465 5.733989996569497 1.127
      vertex 2.9707312509417534 5.714644817369325 1.127
    endloop
  endfacet
  facet normal 0 0 1
    outer loop
      vertex 3.008876785635948 5.682657850640161 1.127
      vertex 3.105764999985695 5.699114998536451 1.127
      vertex 3.1022742837667465 5.733989996569497 1.127
    endloop
  endfacet
  facet normal -0.18553931322393338 -0.9826368419962641 0
    outer loop
      vertex 3.1472325026988983 5.696553213255746 1.127
      vertex 3.1472325026988983 5.696553213255746 0.927
      vertex 3.1879350021481514 5.688867857413633 1.127
    endloop
  endfacet
  facet normal -0.061660589271059316 -0.9980971754948241 0
    outer loop
      vertex 3.105764999985695 5.699114998536451 1.127
      vertex 3.105764999985695 5.699114998536451 0.927
      vertex 3.1472325026988983 5.696553213255746 1.127
    endloop
  endfacet
  facet normal -0.3104010988697147 -0.9506056794594032 0
    outer loop
      vertex 3.1879350021481514 5.688867857413633 1.127
      vertex 3.1879350021481514 5.688867857413633 0.927
      vertex 3.2258089259266853 5.676500892000539 1.127
    endloop
  endfacet
  facet normal 0.058731001323502445 0.998273844936117 0
    outer loop
      vertex 3.1022742837667465 5.733989996569497 1.127
      vertex 3.1967646405100822 5.728430887418134 1.127
      vertex 3.1967646405100822 5.728430887418134 0.927
    endloop
  endfacet
  facet normal -0.9854668590538772 -0.1698678006759541 0
    outer loop
      vertex 3.2718535736203194 5.5840242856315205 1.127
      vertex 3.2587778568267822 5.659881425755365 1.127
      vertex 3.2587778568267822 5.659881425755365 0.927
    endloop
  endfacet
  facet normal -0.4501363889999253 -0.8929598150522272 0
    outer loop
      vertex 3.2258089259266853 5.676500892000539 1.127
      vertex 3.2258089259266853 5.676500892000539 0.927
      vertex 3.2587778568267822 5.659881425755365 1.127
    endloop
  endfacet
  facet normal 0.9997902654685177 0.02047986997983291 0
    outer loop
      vertex 3.3006278574466705 5.5840242856315205 1.127
      vertex 3.3006278574466705 5.5840242856315205 0.927
      vertex 3.298011429607868 5.7117535674146245 1.127
    endloop
  endfacet
  facet normal 0.16252933741014944 0.9867037115978726 0
    outer loop
      vertex 3.1967646405100822 5.728430887418134 1.127
      vertex 3.298011429607868 5.7117535674146245 1.127
      vertex 3.298011429607868 5.7117535674146245 0.927
    endloop
  endfacet
  facet normal 0 0 1
    outer loop
      vertex 3.105764999985695 5.699114998536451 1.127
      vertex 3.1472325026988983 5.696553213255746 1.127
      vertex 3.1022742837667465 5.733989996569497 1.127
    endloop
  endfacet
  facet normal 0 0 1
    outer loop
      vertex 3.1022742837667465 5.733989996569497 1.127
      vertex 3.1472325026988983 5.696553213255746 1.127
      vertex 3.1967646405100822 5.728430887418134 1.127
    endloop
  endfacet
  facet normal 0 0 1
    outer loop
      vertex 3.1472325026988983 5.696553213255746 1.127
      vertex 3.1879350021481514 5.688867857413633 1.127
      vertex 3.1967646405100822 5.728430887418134 1.127
    endloop
  endfacet
  facet normal 0 0 1
    outer loop
      vertex 3.1879350021481514 5.688867857413633 1.127
      vertex 3.2258089259266853 5.676500892000539 1.127
      vertex 3.1967646405100822 5.728430887418134 1.127
    endloop
  endfacet
  facet normal 0 0 1
    outer loop
      vertex 3.2258089259266853 5.676500892000539 1.127
      vertex 3.2587778568267822 5.659881425755365 1.127
      vertex 3.298011429607868 5.7117535674146245 1.127
    endloop
  endfacet
  facet normal 0 0 1
    outer loop
      vertex 3.3006278574466705 5.5840242856315205 1.127
      vertex 3.298011429607868 5.7117535674146245 1.127
      vertex 3.2587778568267822 5.659881425755365 1.127
    endloop
  endfacet
  facet normal 0 0 1
    outer loop
      vertex 3.2258089259266853 5.676500892000539 1.127
      vertex 3.298011429607868 5.7117535674146245 1.127
      vertex 3.1967646405100822 5.728430887418134 1.127
    endloop
  endfacet
  facet normal 1 0 0
    outer loop
      vertex 2.9123826399445534 6.470159148531301 1.127
      vertex 2.9123826399445534 6.428571430700166 0.927
      vertex 2.9123826399445534 6.470159148531301 0.927
    endloop
  endfacet
  facet normal 0.1550795927968046 0.9879019788916192 0
    outer loop
      vertex 2.7774135023355484 6.4913464316299985 1.127
      vertex 2.9123826399445534 6.470159148531301 0.927
      vertex 2.7774135023355484 6.4913464316299985 0.927
    endloop
  endfacet
  facet normal 1 0 0
    outer loop
      vertex 2.9123826399445534 6.428571430700166 1.127
      vertex 2.9123826399445534 6.428571430700166 0.927
      vertex 2.9123826399445534 6.470159148531301 1.127
    endloop
  endfacet
  facet normal 0 0 1
    outer loop
      vertex 2.7774135023355484 6.4913464316299985 1.127
      vertex 2.9123826399445534 6.428571430700166 1.127
      vertex 2.9123826399445534 6.470159148531301 1.127
    endloop
  endfacet
  facet normal 0.1550795927968046 0.9879019788916192 0
    outer loop
      vertex 2.7774135023355484 6.4913464316299985 1.127
      vertex 2.9123826399445534 6.470159148531301 1.127
      vertex 2.9123826399445534 6.470159148531301 0.927
    endloop
  endfacet
  facet normal -1 0 0
    outer loop
      vertex 3.390036426484585 5.142857139664037 1.127
      vertex 3.390036426484585 5.165961427348001 0.927
      vertex 3.390036426484585 5.142857139664037 0.927
    endloop
  endfacet
  facet normal -0.16742303330377203 0.9858851494567529 0
    outer loop
      vertex 3.390036426484585 5.165961427348001 1.127
      vertex 3.4593492820858955 5.177732137697084 0.927
      vertex 3.390036426484585 5.165961427348001 0.927
    endloop
  endfacet
  facet normal 0 -1 0
    outer loop
      vertex 3.6363407149910927 5.142857139664037 1.127
      vertex 3.390036426484585 5.142857139664037 0.927
      vertex 3.6363407149910927 5.142857139664037 0.927
    endloop
  endfacet
  facet normal 0.1257589863331751 0.9920608234158086 0
    outer loop
      vertex 3.5434864312410355 5.177732137697084 1.127
      vertex 3.6363407149910927 5.165961427348001 0.927
      vertex 3.5434864312410355 5.177732137697084 0.927
    endloop
  endfacet
  facet normal 1 0 0
    outer loop
      vertex 3.6363407149910927 5.165961427348001 1.127
      vertex 3.6363407149910927 5.142857139664037 0.927
      vertex 3.6363407149910927 5.165961427348001 0.927
    endloop
  endfacet
  facet normal 1 0 0
    outer loop
      vertex 3.5434864312410355 5.372157854693277 1.127
      vertex 3.5434864312410355 5.177732137697084 0.927
      vertex 3.5434864312410355 5.372157854693277 0.927
    endloop
  endfacet
  facet normal -1 0 0
    outer loop
      vertex 3.4593492820858955 5.6930078544787 1.127
      vertex 3.4593492820858955 5.6930078544787 0.927
      vertex 3.4593492820858955 5.177732137697084 0.927
    endloop
  endfacet
  facet normal 0 1 0
    outer loop
      vertex 3.5434864312410355 5.411397857325418 1.127
      vertex 3.5888207107782364 5.411397857325418 0.927
      vertex 3.5434864312410355 5.411397857325418 0.927
    endloop
  endfacet
  facet normal 0 -1 0
    outer loop
      vertex 3.609308570623398 5.372157854693277 1.127
      vertex 3.5434864312410355 5.372157854693277 0.927
      vertex 3.609308570623398 5.372157854693277 0.927
    endloop
  endfacet
  facet normal -0.12994131100753498 0.9915216869507408 0
    outer loop
      vertex 3.5888207107782364 5.411397857325418 1.127
      vertex 3.6528476774692535 5.419788745897157 0.927
      vertex 3.5888207107782364 5.411397857325418 0.927
    endloop
  endfacet
  facet normal 1 0 0
    outer loop
      vertex 3.5434864312410355 5.688212139265878 1.127
      vertex 3.5434864312410355 5.411397857325418 0.927
      vertex 3.5434864312410355 5.688212139265878 0.927
    endloop
  endfacet
  facet normal -1 0 0
    outer loop
      vertex 3.8809285685420036 5.142857139664037 1.127
      vertex 3.8809285685420036 5.165961427348001 0.927
      vertex 3.8809285685420036 5.142857139664037 0.927
    endloop
  endfacet
  facet normal -0.15507955083735936 0.9879019854783585 0
    outer loop
      vertex 3.8809285685420036 5.165961427348001 1.127
      vertex 3.9559114277362823 5.177732137697084 0.927
      vertex 3.8809285685420036 5.165961427348001 0.927
    endloop
  endfacet
  facet normal 0.1288479629310514 -0.9916643597752812 0
    outer loop
      vertex 3.6990594640374184 5.383819279926164 1.127
      vertex 3.609308570623398 5.372157854693277 0.927
      vertex 3.6990594640374184 5.383819279926164 0.927
    endloop
  endfacet
  facet normal -0.49037271688079 0.871512821786893 0
    outer loop
      vertex 3.6528476774692535 5.419788745897157 1.127
      vertex 3.697585716843605 5.444961426513536 0.927
      vertex 3.6528476774692535 5.419788745897157 0.927
    endloop
  endfacet
  facet normal -0.8588969948528606 0.5121483693547458 0
    outer loop
      vertex 3.697585716843605 5.444961426513536 1.127
      vertex 3.7239058911800385 5.489101601498468 0.927
      vertex 3.697585716843605 5.444961426513536 0.927
    endloop
  endfacet
  facet normal 0.4678018813564553 -0.8838333552199538 0
    outer loop
      vertex 3.765156425535679 5.418803570525987 1.127
      vertex 3.6990594640374184 5.383819279926164 0.927
      vertex 3.765156425535679 5.418803570525987 0.927
    endloop
  endfacet
  facet normal 0.8158673776234711 -0.5782390700478482 0
    outer loop
      vertex 3.8058637529611588 5.476239641862256 1.127
      vertex 3.765156425535679 5.418803570525987 0.927
      vertex 3.8058637529611588 5.476239641862256 0.927
    endloop
  endfacet
  facet normal -0.9910894867817913 0.1331977071522086 0
    outer loop
      vertex 3.7239058911800385 5.489101601498468 1.127
      vertex 3.732679285109043 5.5543821432760785 0.927
      vertex 3.7239058911800385 5.489101601498468 0.927
    endloop
  endfacet
  facet normal -0.9908708147293621 -0.13481479339290023 0
    outer loop
      vertex 3.732679285109043 5.5543821432760785 1.127
      vertex 3.724286787211895 5.616065887468202 0.927
      vertex 3.732679285109043 5.5543821432760785 0.927
    endloop
  endfacet
  facet normal 0.9855736755028706 -0.16924695021111166 0
    outer loop
      vertex 3.819432854652405 5.555256424205644 1.127
      vertex 3.8058637529611588 5.476239641862256 0.927
      vertex 3.819432854652405 5.555256424205644 0.927
    endloop
  endfacet
  facet normal -1 0 0
    outer loop
      vertex 3.390036426484585 5.142857139664037 1.127
      vertex 3.390036426484585 5.165961427348001 1.127
      vertex 3.390036426484585 5.165961427348001 0.927
    endloop
  endfacet
  facet normal -0.16742303330377203 0.9858851494567529 0
    outer loop
      vertex 3.390036426484585 5.165961427348001 1.127
      vertex 3.4593492820858955 5.177732137697084 1.127
      vertex 3.4593492820858955 5.177732137697084 0.927
    endloop
  endfacet
  facet normal 0 -1 0
    outer loop
      vertex 3.390036426484585 5.142857139664037 1.127
      vertex 3.390036426484585 5.142857139664037 0.927
      vertex 3.6363407149910927 5.142857139664037 1.127
    endloop
  endfacet
  facet normal 0.1257589863331751 0.9920608234158086 0
    outer loop
      vertex 3.5434864312410355 5.177732137697084 1.127
      vertex 3.6363407149910927 5.165961427348001 1.127
      vertex 3.6363407149910927 5.165961427348001 0.927
    endloop
  endfacet
  facet normal 1 0 0
    outer loop
      vertex 3.6363407149910927 5.142857139664037 1.127
      vertex 3.6363407149910927 5.142857139664037 0.927
      vertex 3.6363407149910927 5.165961427348001 1.127
    endloop
  endfacet
  facet normal 1 0 0
    outer loop
      vertex 3.5434864312410355 5.177732137697084 1.127
      vertex 3.5434864312410355 5.177732137697084 0.927
      vertex 3.5434864312410355 5.372157854693277 1.127
    endloop
  endfacet
  facet normal 0 0 1
    outer loop
      vertex 3.390036426484585 5.142857139664037 1.127
      vertex 3.4593492820858955 5.177732137697084 1.127
      vertex 3.390036426484585 5.165961427348001 1.127
    endloop
  endfacet
  facet normal 0 0 1
    outer loop
      vertex 3.390036426484585 5.142857139664037 1.127
      vertex 3.5434864312410355 5.177732137697084 1.127
      vertex 3.4593492820858955 5.177732137697084 1.127
    endloop
  endfacet
  facet normal 0 0 1
    outer loop
      vertex 3.4593492820858955 5.177732137697084 1.127
      vertex 3.5434864312410355 5.177732137697084 1.127
      vertex 3.5434864312410355 5.372157854693277 1.127
    endloop
  endfacet
  facet normal 0 0 1
    outer loop
      vertex 3.4593492820858955 5.177732137697084 1.127
      vertex 3.5434864312410355 5.372157854693277 1.127
      vertex 3.5434864312410355 5.411397857325418 1.127
    endloop
  endfacet
  facet normal 0 0 1
    outer loop
      vertex 3.390036426484585 5.142857139664037 1.127
      vertex 3.6363407149910927 5.142857139664037 1.127
      vertex 3.5434864312410355 5.177732137697084 1.127
    endloop
  endfacet
  facet normal 0 0 1
    outer loop
      vertex 3.5434864312410355 5.177732137697084 1.127
      vertex 3.6363407149910927 5.142857139664037 1.127
      vertex 3.6363407149910927 5.165961427348001 1.127
    endloop
  endfacet
  facet normal -1 0 0
    outer loop
      vertex 3.4593492820858955 5.177732137697084 1.127
      vertex 3.4593492820858955 5.6930078544787 1.127
      vertex 3.4593492820858955 5.177732137697084 0.927
    endloop
  endfacet
  facet normal 0 -1 0
    outer loop
      vertex 3.5434864312410355 5.372157854693277 1.127
      vertex 3.5434864312410355 5.372157854693277 0.927
      vertex 3.609308570623398 5.372157854693277 1.127
    endloop
  endfacet
  facet normal 0 1 0
    outer loop
      vertex 3.5434864312410355 5.411397857325418 1.127
      vertex 3.5888207107782364 5.411397857325418 1.127
      vertex 3.5888207107782364 5.411397857325418 0.927
    endloop
  endfacet
  facet normal 0.1288479629310514 -0.9916643597752812 0
    outer loop
      vertex 3.609308570623398 5.372157854693277 1.127
      vertex 3.609308570623398 5.372157854693277 0.927
      vertex 3.6990594640374184 5.383819279926164 1.127
    endloop
  endfacet
  facet normal -0.12994131100753498 0.9915216869507408 0
    outer loop
      vertex 3.5888207107782364 5.411397857325418 1.127
      vertex 3.6528476774692535 5.419788745897157 1.127
      vertex 3.6528476774692535 5.419788745897157 0.927
    endloop
  endfacet
  facet normal 1 0 0
    outer loop
      vertex 3.5434864312410355 5.411397857325418 1.127
      vertex 3.5434864312410355 5.411397857325418 0.927
      vertex 3.5434864312410355 5.688212139265878 1.127
    endloop
  endfacet
  facet normal 0 0 1
    outer loop
      vertex 3.4593492820858955 5.177732137697084 1.127
      vertex 3.5434864312410355 5.411397857325418 1.127
      vertex 3.4593492820858955 5.6930078544787 1.127
    endloop
  endfacet
  facet normal 0 0 1
    outer loop
      vertex 3.5434864312410355 5.411397857325418 1.127
      vertex 3.5434864312410355 5.688212139265878 1.127
      vertex 3.4593492820858955 5.6930078544787 1.127
    endloop
  endfacet
  facet normal 0 0 1
    outer loop
      vertex 3.5434864312410355 5.372157854693277 1.127
      vertex 3.5888207107782364 5.411397857325418 1.127
      vertex 3.5434864312410355 5.411397857325418 1.127
    endloop
  endfacet
  facet normal 0 0 1
    outer loop
      vertex 3.5434864312410355 5.372157854693277 1.127
      vertex 3.609308570623398 5.372157854693277 1.127
      vertex 3.5888207107782364 5.411397857325418 1.127
    endloop
  endfacet
  facet normal 0 0 1
    outer loop
      vertex 3.5888207107782364 5.411397857325418 1.127
      vertex 3.609308570623398 5.372157854693277 1.127
      vertex 3.6528476774692535 5.419788745897157 1.127
    endloop
  endfacet
  facet normal 0 0 1
    outer loop
      vertex 3.609308570623398 5.372157854693277 1.127
      vertex 3.6990594640374184 5.383819279926164 1.127
      vertex 3.6528476774692535 5.419788745897157 1.127
    endloop
  endfacet
  facet normal -1 0 0
    outer loop
      vertex 3.8809285685420036 5.142857139664037 1.127
      vertex 3.8809285685420036 5.165961427348001 1.127
      vertex 3.8809285685420036 5.165961427348001 0.927
    endloop
  endfacet
  facet normal -0.15507955083735936 0.9879019854783585 0
    outer loop
      vertex 3.8809285685420036 5.165961427348001 1.127
      vertex 3.9559114277362823 5.177732137697084 1.127
      vertex 3.9559114277362823 5.177732137697084 0.927
    endloop
  endfacet
  facet normal 0 0 1
    outer loop
      vertex 3.8809285685420036 5.142857139664037 1.127
      vertex 3.9559114277362823 5.177732137697084 1.127
      vertex 3.8809285685420036 5.165961427348001 1.127
    endloop
  endfacet
  facet normal 0.4678018813564553 -0.8838333552199538 0
    outer loop
      vertex 3.6990594640374184 5.383819279926164 1.127
      vertex 3.6990594640374184 5.383819279926164 0.927
      vertex 3.765156425535679 5.418803570525987 1.127
    endloop
  endfacet
  facet normal -0.49037271688079 0.871512821786893 0
    outer loop
      vertex 3.6528476774692535 5.419788745897157 1.127
      vertex 3.697585716843605 5.444961426513536 1.127
      vertex 3.697585716843605 5.444961426513536 0.927
    endloop
  endfacet
  facet normal -0.8588969948528606 0.5121483693547458 0
    outer loop
      vertex 3.697585716843605 5.444961426513536 1.127
      vertex 3.7239058911800385 5.489101601498468 1.127
      vertex 3.7239058911800385 5.489101601498468 0.927
    endloop
  endfacet
  facet normal 0.8158673776234711 -0.5782390700478482 0
    outer loop
      vertex 3.765156425535679 5.418803570525987 1.127
      vertex 3.765156425535679 5.418803570525987 0.927
      vertex 3.8058637529611588 5.476239641862256 1.127
    endloop
  endfacet
  facet normal -0.9910894867817913 0.1331977071522086 0
    outer loop
      vertex 3.7239058911800385 5.489101601498468 1.127
      vertex 3.732679285109043 5.5543821432760785 1.127
      vertex 3.732679285109043 5.5543821432760785 0.927
    endloop
  endfacet
  facet normal -0.9908708147293621 -0.13481479339290023 0
    outer loop
      vertex 3.732679285109043 5.5543821432760785 1.127
      vertex 3.724286787211895 5.616065887468202 1.127
      vertex 3.724286787211895 5.616065887468202 0.927
    endloop
  endfacet
  facet normal 0.9855736755028706 -0.16924695021111166 0
    outer loop
      vertex 3.8058637529611588 5.476239641862256 1.127
      vertex 3.8058637529611588 5.476239641862256 0.927
      vertex 3.819432854652405 5.555256424205644 1.127
    endloop
  endfacet
  facet normal 0.9235597256079019 0.3834546038777692 0
    outer loop
      vertex 3.819432854652405 5.555256424205644 1.127
      vertex 3.819432854652405 5.555256424205644 0.927
      vertex 3.7658121436834335 5.684403208749635 1.127
    endloop
  endfacet
  facet normal 0 0 1
    outer loop
      vertex 3.6528476774692535 5.419788745897157 1.127
      vertex 3.6990594640374184 5.383819279926164 1.127
      vertex 3.697585716843605 5.444961426513536 1.127
    endloop
  endfacet
  facet normal 0 0 1
    outer loop
      vertex 3.6990594640374184 5.383819279926164 1.127
      vertex 3.765156425535679 5.418803570525987 1.127
      vertex 3.697585716843605 5.444961426513536 1.127
    endloop
  endfacet
  facet normal 0 0 1
    outer loop
      vertex 3.765156425535679 5.418803570525987 1.127
      vertex 3.7239058911800385 5.489101601498468 1.127
      vertex 3.697585716843605 5.444961426513536 1.127
    endloop
  endfacet
  facet normal 0 0 1
    outer loop
      vertex 3.765156425535679 5.418803570525987 1.127
      vertex 3.8058637529611588 5.476239641862256 1.127
      vertex 3.7239058911800385 5.489101601498468 1.127
    endloop
  endfacet
  facet normal 0 0 1
    outer loop
      vertex 3.7239058911800385 5.489101601498468 1.127
      vertex 3.8058637529611588 5.476239641862256 1.127
      vertex 3.732679285109043 5.5543821432760785 1.127
    endloop
  endfacet
  facet normal 0 0 1
    outer loop
      vertex 3.8058637529611588 5.476239641862256 1.127
      vertex 3.819432854652405 5.555256424205644 1.127
      vertex 3.732679285109043 5.5543821432760785 1.127
    endloop
  endfacet
  facet normal 0 0 1
    outer loop
      vertex 3.732679285109043 5.5543821432760785 1.127
      vertex 3.819432854652405 5.555256424205644 1.127
      vertex 3.724286787211895 5.616065887468202 1.127
    endloop
  endfacet
  facet normal 0 0 1
    outer loop
      vertex 3.724286787211895 5.616065887468202 1.127
      vertex 3.819432854652405 5.555256424205644 1.127
      vertex 3.7658121436834335 5.684403208749635 1.127
    endloop
  endfacet
  facet normal 0 -1 0
    outer loop
      vertex 4.0801500007510185 5.142857139664037 1.127
      vertex 3.8809285685420036 5.142857139664037 0.927
      vertex 4.0801500007510185 5.142857139664037 0.927
    endloop
  endfacet
  facet normal 0.14834832315856958 0.9889351723020274 0
    outer loop
      vertex 4.001682855188847 5.177732137697084 1.127
      vertex 4.0801500007510185 5.165961427348001 0.927
      vertex 4.001682855188847 5.177732137697084 0.927
    endloop
  endfacet
  facet normal 1 0 0
    outer loop
      vertex 4.0801500007510185 5.165961427348001 1.127
      vertex 4.0801500007510185 5.142857139664037 0.927
      vertex 4.0801500007510185 5.165961427348001 0.927
    endloop
  endfacet
  facet normal -1 0 0
    outer loop
      vertex 3.9559114277362823 5.6930078544787 1.127
      vertex 3.9559114277362823 5.6930078544787 0.927
      vertex 3.9559114277362823 5.177732137697084 0.927
    endloop
  endfacet
  facet normal 1 0 0
    outer loop
      vertex 4.001682855188847 5.668598567800863 1.127
      vertex 4.001682855188847 5.177732137697084 0.927
      vertex 4.001682855188847 5.668598567800863 0.927
    endloop
  endfacet
  facet normal 0.8212128103944284 0.5706220465808212 0
    outer loop
      vertex 4.057920001447201 5.727452141898019 1.127
      vertex 4.358712859451771 5.294564997511251 0.927
      vertex 4.057920001447201 5.727452141898019 0.927
    endloop
  endfacet
  facet normal -0.8247198487404801 -0.5655414848563096 0
    outer loop
      vertex 4.3622035682201385 5.142857139664037 1.127
      vertex 4.001682855188847 5.668598567800863 0.927
      vertex 4.3622035682201385 5.142857139664037 0.927
    endloop
  endfacet
  facet normal 0 -1 0
    outer loop
      vertex 4.40449071675539 5.142857139664037 1.127
      vertex 4.3622035682201385 5.142857139664037 0.927
      vertex 4.40449071675539 5.142857139664037 0.927
    endloop
  endfacet
  facet normal -1 0 0
    outer loop
      vertex 4.358712859451771 5.294564997511251 1.127
      vertex 4.358712859451771 5.6930078544787 0.927
      vertex 4.358712859451771 5.294564997511251 0.927
    endloop
  endfacet
  facet normal 1 0 0
    outer loop
      vertex 4.40449071675539 5.6930078544787 1.127
      vertex 4.40449071675539 5.142857139664037 0.927
      vertex 4.40449071675539 5.6930078544787 0.927
    endloop
  endfacet
  facet normal 0 -1 0
    outer loop
      vertex 3.8809285685420036 5.142857139664037 1.127
      vertex 3.8809285685420036 5.142857139664037 0.927
      vertex 4.0801500007510185 5.142857139664037 1.127
    endloop
  endfacet
  facet normal 0.14834832315856958 0.9889351723020274 0
    outer loop
      vertex 4.001682855188847 5.177732137697084 1.127
      vertex 4.0801500007510185 5.165961427348001 1.127
      vertex 4.0801500007510185 5.165961427348001 0.927
    endloop
  endfacet
  facet normal 1 0 0
    outer loop
      vertex 4.001682855188847 5.177732137697084 1.127
      vertex 4.001682855188847 5.177732137697084 0.927
      vertex 4.001682855188847 5.668598567800863 1.127
    endloop
  endfacet
  facet normal 1 0 0
    outer loop
      vertex 4.0801500007510185 5.142857139664037 1.127
      vertex 4.0801500007510185 5.142857139664037 0.927
      vertex 4.0801500007510185 5.165961427348001 1.127
    endloop
  endfacet
  facet normal 0 0 1
    outer loop
      vertex 3.8809285685420036 5.142857139664037 1.127
      vertex 4.0801500007510185 5.142857139664037 1.127
      vertex 3.9559114277362823 5.177732137697084 1.127
    endloop
  endfacet
  facet normal 0 0 1
    outer loop
      vertex 3.9559114277362823 5.177732137697084 1.127
      vertex 4.0801500007510185 5.142857139664037 1.127
      vertex 4.001682855188847 5.177732137697084 1.127
    endloop
  endfacet
  facet normal 0 0 1
    outer loop
      vertex 4.001682855188847 5.177732137697084 1.127
      vertex 4.0801500007510185 5.142857139664037 1.127
      vertex 4.0801500007510185 5.165961427348001 1.127
    endloop
  endfacet
  facet normal 0 0 1
    outer loop
      vertex 3.9559114277362823 5.177732137697084 1.127
      vertex 4.001682855188847 5.177732137697084 1.127
      vertex 4.001682855188847 5.668598567800863 1.127
    endloop
  endfacet
  facet normal -1 0 0
    outer loop
      vertex 3.9559114277362823 5.177732137697084 1.127
      vertex 3.9559114277362823 5.6930078544787 1.127
      vertex 3.9559114277362823 5.177732137697084 0.927
    endloop
  endfacet
  facet normal -0.8247198487404801 -0.5655414848563096 0
    outer loop
      vertex 4.001682855188847 5.668598567800863 1.127
      vertex 4.001682855188847 5.668598567800863 0.927
      vertex 4.3622035682201385 5.142857139664037 1.127
    endloop
  endfacet
  facet normal 0 0 1
    outer loop
      vertex 3.9559114277362823 5.177732137697084 1.127
      vertex 4.001682855188847 5.668598567800863 1.127
      vertex 3.9559114277362823 5.6930078544787 1.127
    endloop
  endfacet
  facet normal 0 0 1
    outer loop
      vertex 4.001682855188847 5.668598567800863 1.127
      vertex 4.358712859451771 5.294564997511251 1.127
      vertex 4.057920001447201 5.727452141898019 1.127
    endloop
  endfacet
  facet normal 0 -1 0
    outer loop
      vertex 4.3622035682201385 5.142857139664037 1.127
      vertex 4.3622035682201385 5.142857139664037 0.927
      vertex 4.40449071675539 5.142857139664037 1.127
    endloop
  endfacet
  facet normal 1 0 0
    outer loop
      vertex 4.40449071675539 5.142857139664037 1.127
      vertex 4.40449071675539 5.142857139664037 0.927
      vertex 4.40449071675539 5.6930078544787 1.127
    endloop
  endfacet
  facet normal 0 0 1
    outer loop
      vertex 4.001682855188847 5.668598567800863 1.127
      vertex 4.3622035682201385 5.142857139664037 1.127
      vertex 4.40449071675539 5.142857139664037 1.127
    endloop
  endfacet
  facet normal 0.8212128103944284 0.5706220465808212 0
    outer loop
      vertex 4.358712859451771 5.294564997511251 1.127
      vertex 4.358712859451771 5.294564997511251 0.927
      vertex 4.057920001447201 5.727452141898019 1.127
    endloop
  endfacet
  facet normal -1 0 0
    outer loop
      vertex 4.358712859451771 5.294564997511251 1.127
      vertex 4.358712859451771 5.6930078544787 1.127
      vertex 4.358712859451771 5.6930078544787 0.927
    endloop
  endfacet
  facet normal 0 0 1
    outer loop
      vertex 4.001682855188847 5.668598567800863 1.127
      vertex 4.40449071675539 5.142857139664037 1.127
      vertex 4.358712859451771 5.294564997511251 1.127
    endloop
  endfacet
  facet normal 0 0 1
    outer loop
      vertex 4.40449071675539 5.142857139664037 1.127
      vertex 4.40449071675539 5.6930078544787 1.127
      vertex 4.358712859451771 5.294564997511251 1.127
    endloop
  endfacet
  facet normal 0 0 1
    outer loop
      vertex 4.358712859451771 5.294564997511251 1.127
      vertex 4.40449071675539 5.6930078544787 1.127
      vertex 4.358712859451771 5.6930078544787 1.127
    endloop
  endfacet
  facet normal -1 0 0
    outer loop
      vertex 3.3843664303421974 5.704347854214055 1.127
      vertex 3.3843664303421974 5.727452141898019 0.927
      vertex 3.3843664303421974 5.704347854214055 0.927
    endloop
  endfacet
  facet normal -0.14953417798120158 -0.9887565573059358 0
    outer loop
      vertex 3.4593492820858955 5.6930078544787 1.127
      vertex 3.3843664303421974 5.704347854214055 0.927
      vertex 3.4593492820858955 5.6930078544787 0.927
    endloop
  endfacet
  facet normal 0 1 0
    outer loop
      vertex 3.3843664303421974 5.727452141898019 1.127
      vertex 3.604950003325939 5.727452141898019 0.927
      vertex 3.3843664303421974 5.727452141898019 0.927
    endloop
  endfacet
  facet normal 0 -1 0
    outer loop
      vertex 3.586204282939434 5.688212139265878 1.127
      vertex 3.5434864312410355 5.688212139265878 0.927
      vertex 3.586204282939434 5.688212139265878 0.927
    endloop
  endfacet
  facet normal -0.11323942300188866 -0.9935677294871242 0
    outer loop
      vertex 3.654101252555847 5.680473750191076 1.127
      vertex 3.586204282939434 5.688212139265878 0.927
      vertex 3.654101252555847 5.680473750191076 0.927
    endloop
  endfacet
  facet normal -0.4584125921186132 -0.8887394980460214 0
    outer loop
      vertex 3.69910928606987 5.657258568065507 1.127
      vertex 3.654101252555847 5.680473750191076 0.927
      vertex 3.69910928606987 5.657258568065507 0.927
    endloop
  endfacet
  facet normal -0.8532431565263602 -0.521513294021287 0
    outer loop
      vertex 3.724286787211895 5.616065887468202 1.127
      vertex 3.69910928606987 5.657258568065507 0.927
      vertex 3.724286787211895 5.616065887468202 0.927
    endloop
  endfacet
  facet normal 0.2585167695407822 0.9660067700933559 0
    outer loop
      vertex 3.604950003325939 5.727452141898019 1.127
      vertex 3.7658121436834335 5.684403208749635 0.927
      vertex 3.604950003325939 5.727452141898019 0.927
    endloop
  endfacet
  facet normal 0.9235597256079019 0.3834546038777692 0
    outer loop
      vertex 3.7658121436834335 5.684403208749635 1.127
      vertex 3.819432854652405 5.555256424205644 0.927
      vertex 3.7658121436834335 5.684403208749635 0.927
    endloop
  endfacet
  facet normal -1 0 0
    outer loop
      vertex 3.8809285685420036 5.704347854214055 1.127
      vertex 3.8809285685420036 5.727452141898019 0.927
      vertex 3.8809285685420036 5.704347854214055 0.927
    endloop
  endfacet
  facet normal -0.149534163455158 -0.9887565595027757 0
    outer loop
      vertex 3.9559114277362823 5.6930078544787 1.127
      vertex 3.8809285685420036 5.704347854214055 0.927
      vertex 3.9559114277362823 5.6930078544787 0.927
    endloop
  endfacet
  facet normal -1 0 0
    outer loop
      vertex 3.3843664303421974 5.704347854214055 1.127
      vertex 3.3843664303421974 5.727452141898019 1.127
      vertex 3.3843664303421974 5.727452141898019 0.927
    endloop
  endfacet
  facet normal -0.14953417798120158 -0.9887565573059358 0
    outer loop
      vertex 3.3843664303421974 5.704347854214055 1.127
      vertex 3.3843664303421974 5.704347854214055 0.927
      vertex 3.4593492820858955 5.6930078544787 1.127
    endloop
  endfacet
  facet normal 0 -1 0
    outer loop
      vertex 3.5434864312410355 5.688212139265878 1.127
      vertex 3.5434864312410355 5.688212139265878 0.927
      vertex 3.586204282939434 5.688212139265878 1.127
    endloop
  endfacet
  facet normal 0 1 0
    outer loop
      vertex 3.3843664303421974 5.727452141898019 1.127
      vertex 3.604950003325939 5.727452141898019 1.127
      vertex 3.604950003325939 5.727452141898019 0.927
    endloop
  endfacet
  facet normal -0.11323942300188866 -0.9935677294871242 0
    outer loop
      vertex 3.586204282939434 5.688212139265878 1.127
      vertex 3.586204282939434 5.688212139265878 0.927
      vertex 3.654101252555847 5.680473750191076 1.127
    endloop
  endfacet
  facet normal 0 0 1
    outer loop
      vertex 3.3843664303421974 5.704347854214055 1.127
      vertex 3.4593492820858955 5.6930078544787 1.127
      vertex 3.3843664303421974 5.727452141898019 1.127
    endloop
  endfacet
  facet normal 0 0 1
    outer loop
      vertex 3.3843664303421974 5.727452141898019 1.127
      vertex 3.4593492820858955 5.6930078544787 1.127
      vertex 3.604950003325939 5.727452141898019 1.127
    endloop
  endfacet
  facet normal 0 0 1
    outer loop
      vertex 3.4593492820858955 5.6930078544787 1.127
      vertex 3.5434864312410355 5.688212139265878 1.127
      vertex 3.604950003325939 5.727452141898019 1.127
    endloop
  endfacet
  facet normal 0 0 1
    outer loop
      vertex 3.5434864312410355 5.688212139265878 1.127
      vertex 3.586204282939434 5.688212139265878 1.127
      vertex 3.604950003325939 5.727452141898019 1.127
    endloop
  endfacet
  facet normal 0 0 1
    outer loop
      vertex 3.586204282939434 5.688212139265878 1.127
      vertex 3.654101252555847 5.680473750191076 1.127
      vertex 3.604950003325939 5.727452141898019 1.127
    endloop
  endfacet
  facet normal -0.4584125921186132 -0.8887394980460214 0
    outer loop
      vertex 3.654101252555847 5.680473750191076 1.127
      vertex 3.654101252555847 5.680473750191076 0.927
      vertex 3.69910928606987 5.657258568065507 1.127
    endloop
  endfacet
  facet normal -0.8532431565263602 -0.521513294021287 0
    outer loop
      vertex 3.724286787211895 5.616065887468202 1.127
      vertex 3.69910928606987 5.657258568065507 1.127
      vertex 3.69910928606987 5.657258568065507 0.927
    endloop
  endfacet
  facet normal 0.2585167695407822 0.9660067700933559 0
    outer loop
      vertex 3.604950003325939 5.727452141898019 1.127
      vertex 3.7658121436834335 5.684403208749635 1.127
      vertex 3.7658121436834335 5.684403208749635 0.927
    endloop
  endfacet
  facet normal -1 0 0
    outer loop
      vertex 3.8809285685420036 5.704347854214055 1.127
      vertex 3.8809285685420036 5.727452141898019 1.127
      vertex 3.8809285685420036 5.727452141898019 0.927
    endloop
  endfacet
  facet normal -0.149534163455158 -0.9887565595027757 0
    outer loop
      vertex 3.8809285685420036 5.704347854214055 1.127
      vertex 3.8809285685420036 5.704347854214055 0.927
      vertex 3.9559114277362823 5.6930078544787 1.127
    endloop
  endfacet
  facet normal 0 0 1
    outer loop
      vertex 3.654101252555847 5.680473750191076 1.127
      vertex 3.69910928606987 5.657258568065507 1.127
      vertex 3.7658121436834335 5.684403208749635 1.127
    endloop
  endfacet
  facet normal 0 0 1
    outer loop
      vertex 3.604950003325939 5.727452141898019 1.127
      vertex 3.654101252555847 5.680473750191076 1.127
      vertex 3.7658121436834335 5.684403208749635 1.127
    endloop
  endfacet
  facet normal 0 0 1
    outer loop
      vertex 3.724286787211895 5.616065887468202 1.127
      vertex 3.7658121436834335 5.684403208749635 1.127
      vertex 3.69910928606987 5.657258568065507 1.127
    endloop
  endfacet
  facet normal 0 0 1
    outer loop
      vertex 3.8809285685420036 5.704347854214055 1.127
      vertex 3.9559114277362823 5.6930078544787 1.127
      vertex 3.8809285685420036 5.727452141898019 1.127
    endloop
  endfacet
  facet normal -1 0 0
    outer loop
      vertex 3.4178457856178284 6.428571430700166 1.127
      vertex 3.4178457856178284 6.470159148531301 0.927
      vertex 3.4178457856178284 6.428571430700166 0.927
    endloop
  endfacet
  facet normal -0.16742305986422634 0.9858851449462557 0
    outer loop
      vertex 3.4178457856178284 6.470159148531301 1.127
      vertex 3.542608931660652 6.4913464316299985 0.927
      vertex 3.4178457856178284 6.470159148531301 0.927
    endloop
  endfacet
  facet normal 0 -1 0
    outer loop
      vertex 3.861193500459194 6.428571430700166 1.127
      vertex 3.4178457856178284 6.428571430700166 0.927
      vertex 3.861193500459194 6.428571430700166 0.927
    endloop
  endfacet
  facet normal 1 0 0
    outer loop
      vertex 3.861193500459194 6.470159148531301 1.127
      vertex 3.861193500459194 6.428571430700166 0.927
      vertex 3.861193500459194 6.470159148531301 0.927
    endloop
  endfacet
  facet normal 0.12575901134420897 0.9920608202452746 0
    outer loop
      vertex 3.694055788218975 6.4913464316299985 1.127
      vertex 3.861193500459194 6.470159148531301 0.927
      vertex 3.694055788218975 6.4913464316299985 0.927
    endloop
  endfacet
  facet normal 1 0 0
    outer loop
      vertex 3.694055788218975 6.8413127192429135 1.127
      vertex 3.694055788218975 6.4913464316299985 0.927
      vertex 3.694055788218975 6.8413127192429135 0.927
    endloop
  endfacet
  facet normal -1 0 0
    outer loop
      vertex 3.4178457856178284 6.428571430700166 1.127
      vertex 3.4178457856178284 6.470159148531301 1.127
      vertex 3.4178457856178284 6.470159148531301 0.927
    endloop
  endfacet
  facet normal 0 -1 0
    outer loop
      vertex 3.4178457856178284 6.428571430700166 1.127
      vertex 3.4178457856178284 6.428571430700166 0.927
      vertex 3.861193500459194 6.428571430700166 1.127
    endloop
  endfacet
  facet normal 0 0 1
    outer loop
      vertex 3.4178457856178284 6.428571430700166 1.127
      vertex 3.542608931660652 6.4913464316299985 1.127
      vertex 3.4178457856178284 6.470159148531301 1.127
    endloop
  endfacet
  facet normal -0.16742305986422634 0.9858851449462557 0
    outer loop
      vertex 3.4178457856178284 6.470159148531301 1.127
      vertex 3.542608931660652 6.4913464316299985 1.127
      vertex 3.542608931660652 6.4913464316299985 0.927
    endloop
  endfacet
  facet normal 0 0 1
    outer loop
      vertex 3.4178457856178284 6.428571430700166 1.127
      vertex 3.694055788218975 6.4913464316299985 1.127
      vertex 3.542608931660652 6.4913464316299985 1.127
    endloop
  endfacet
  facet normal 0 0 1
    outer loop
      vertex 3.542608931660652 6.4913464316299985 1.127
      vertex 3.694055788218975 6.4913464316299985 1.127
      vertex 3.694055788218975 6.8413127192429135 1.127
    endloop
  endfacet
  facet normal 0 0 1
    outer loop
      vertex 3.542608931660652 6.4913464316299985 1.127
      vertex 3.694055788218975 6.8413127192429135 1.127
      vertex 3.694055788218975 6.911944715040071 1.127
    endloop
  endfacet
  facet normal 1 0 0
    outer loop
      vertex 3.861193500459194 6.428571430700166 1.127
      vertex 3.861193500459194 6.428571430700166 0.927
      vertex 3.861193500459194 6.470159148531301 1.127
    endloop
  endfacet
  facet normal 0 0 1
    outer loop
      vertex 3.4178457856178284 6.428571430700166 1.127
      vertex 3.861193500459194 6.428571430700166 1.127
      vertex 3.694055788218975 6.4913464316299985 1.127
    endloop
  endfacet
  facet normal 0 0 1
    outer loop
      vertex 3.694055788218975 6.4913464316299985 1.127
      vertex 3.861193500459194 6.428571430700166 1.127
      vertex 3.861193500459194 6.470159148531301 1.127
    endloop
  endfacet
  facet normal 1 0 0
    outer loop
      vertex 3.694055788218975 6.4913464316299985 1.127
      vertex 3.694055788218975 6.4913464316299985 0.927
      vertex 3.694055788218975 6.8413127192429135 1.127
    endloop
  endfacet
  facet normal 0.12575901134420897 0.9920608202452746 0
    outer loop
      vertex 3.694055788218975 6.4913464316299985 1.127
      vertex 3.861193500459194 6.470159148531301 1.127
      vertex 3.861193500459194 6.470159148531301 0.927
    endloop
  endfacet
  facet normal 0 1 0
    outer loop
      vertex 3.8809285685420036 5.727452141898019 1.127
      vertex 4.057920001447201 5.727452141898019 0.927
      vertex 3.8809285685420036 5.727452141898019 0.927
    endloop
  endfacet
  facet normal -1 0 0
    outer loop
      vertex 4.280245713889599 5.704347854214055 1.127
      vertex 4.280245713889599 5.727452141898019 0.927
      vertex 4.280245713889599 5.704347854214055 0.927
    endloop
  endfacet
  facet normal -0.143033121316813 -0.9897179023370092 0
    outer loop
      vertex 4.358712859451771 5.6930078544787 1.127
      vertex 4.280245713889599 5.704347854214055 0.927
      vertex 4.358712859451771 5.6930078544787 0.927
    endloop
  endfacet
  facet normal 0 1 0
    outer loop
      vertex 4.280245713889599 5.727452141898019 1.127
      vertex 4.479473568499088 5.727452141898019 0.927
      vertex 4.280245713889599 5.727452141898019 0.927
    endloop
  endfacet
  facet normal 0.14953417798120158 -0.9887565573059358 0
    outer loop
      vertex 4.479473568499088 5.704347854214055 1.127
      vertex 4.40449071675539 5.6930078544787 0.927
      vertex 4.479473568499088 5.704347854214055 0.927
    endloop
  endfacet
  facet normal 1 0 0
    outer loop
      vertex 4.479473568499088 5.727452141898019 1.127
      vertex 4.479473568499088 5.704347854214055 0.927
      vertex 4.479473568499088 5.727452141898019 0.927
    endloop
  endfacet
  facet normal 0 1 0
    outer loop
      vertex 3.8809285685420036 5.727452141898019 1.127
      vertex 4.057920001447201 5.727452141898019 1.127
      vertex 4.057920001447201 5.727452141898019 0.927
    endloop
  endfacet
  facet normal 0 0 1
    outer loop
      vertex 3.8809285685420036 5.727452141898019 1.127
      vertex 3.9559114277362823 5.6930078544787 1.127
      vertex 4.057920001447201 5.727452141898019 1.127
    endloop
  endfacet
  facet normal 0 0 1
    outer loop
      vertex 3.9559114277362823 5.6930078544787 1.127
      vertex 4.001682855188847 5.668598567800863 1.127
      vertex 4.057920001447201 5.727452141898019 1.127
    endloop
  endfacet
  facet normal -1 0 0
    outer loop
      vertex 4.280245713889599 5.704347854214055 1.127
      vertex 4.280245713889599 5.727452141898019 1.127
      vertex 4.280245713889599 5.727452141898019 0.927
    endloop
  endfacet
  facet normal -0.143033121316813 -0.9897179023370092 0
    outer loop
      vertex 4.280245713889599 5.704347854214055 1.127
      vertex 4.280245713889599 5.704347854214055 0.927
      vertex 4.358712859451771 5.6930078544787 1.127
    endloop
  endfacet
  facet normal 0.14953417798120158 -0.9887565573059358 0
    outer loop
      vertex 4.40449071675539 5.6930078544787 1.127
      vertex 4.40449071675539 5.6930078544787 0.927
      vertex 4.479473568499088 5.704347854214055 1.127
    endloop
  endfacet
  facet normal 0 1 0
    outer loop
      vertex 4.280245713889599 5.727452141898019 1.127
      vertex 4.479473568499088 5.727452141898019 1.127
      vertex 4.479473568499088 5.727452141898019 0.927
    endloop
  endfacet
  facet normal 1 0 0
    outer loop
      vertex 4.479473568499088 5.704347854214055 1.127
      vertex 4.479473568499088 5.704347854214055 0.927
      vertex 4.479473568499088 5.727452141898019 1.127
    endloop
  endfacet
  facet normal 0 0 1
    outer loop
      vertex 4.280245713889599 5.704347854214055 1.127
      vertex 4.358712859451771 5.6930078544787 1.127
      vertex 4.280245713889599 5.727452141898019 1.127
    endloop
  endfacet
  facet normal 0 0 1
    outer loop
      vertex 4.280245713889599 5.727452141898019 1.127
      vertex 4.358712859451771 5.6930078544787 1.127
      vertex 4.40449071675539 5.6930078544787 1.127
    endloop
  endfacet
  facet normal 0 0 1
    outer loop
      vertex 4.280245713889599 5.727452141898019 1.127
      vertex 4.40449071675539 5.6930078544787 1.127
      vertex 4.479473568499088 5.727452141898019 1.127
    endloop
  endfacet
  facet normal 0 0 1
    outer loop
      vertex 4.40449071675539 5.6930078544787 1.127
      vertex 4.479473568499088 5.704347854214055 1.127
      vertex 4.479473568499088 5.727452141898019 1.127
    endloop
  endfacet
  facet normal -1 0 0
    outer loop
      vertex 4.313219785690308 6.428571430700166 1.127
      vertex 4.313219785690308 6.470159148531301 0.927
      vertex 4.313219785690308 6.428571430700166 0.927
    endloop
  endfacet
  facet normal -0.1550795844419676 0.9879019802031508 0
    outer loop
      vertex 4.313219785690308 6.470159148531301 1.127
      vertex 4.448188930749893 6.4913464316299985 0.927
      vertex 4.313219785690308 6.470159148531301 0.927
    endloop
  endfacet
  facet normal -1 0 0
    outer loop
      vertex 4.313219785690308 6.428571430700166 1.127
      vertex 4.313219785690308 6.470159148531301 1.127
      vertex 4.313219785690308 6.470159148531301 0.927
    endloop
  endfacet
  facet normal 0 -1 0
    outer loop
      vertex 4.313219785690308 6.428571430700166 1.127
      vertex 4.313219785690308 6.428571430700166 0.927
      vertex 4.73381806910038 6.428571430700166 1.127
    endloop
  endfacet
  facet normal 0 0 1
    outer loop
      vertex 4.313219785690308 6.428571430700166 1.127
      vertex 4.448188930749893 6.4913464316299985 1.127
      vertex 4.313219785690308 6.470159148531301 1.127
    endloop
  endfacet
  facet normal 0 0 1
    outer loop
      vertex 4.313219785690308 6.428571430700166 1.127
      vertex 4.73381806910038 6.428571430700166 1.127
      vertex 4.448188930749893 6.4913464316299985 1.127
    endloop
  endfacet
  facet normal -0.1550795844419676 0.9879019802031508 0
    outer loop
      vertex 4.313219785690308 6.470159148531301 1.127
      vertex 4.448188930749893 6.4913464316299985 1.127
      vertex 4.448188930749893 6.4913464316299985 0.927
    endloop
  endfacet
  facet normal -0.9061824691310386 0.42288690289434855 0
    outer loop
      vertex 2.2375485002994537 6.680458290236337 1.127
      vertex 2.6110626459121704 7.4808424317411015 0.927
      vertex 2.2375485002994537 6.680458290236337 0.927
    endloop
  endfacet
  facet normal 0.9071045335856154 -0.4209054111655291 0
    outer loop
      vertex 2.6267535015940666 7.333318290965898 1.127
      vertex 2.2069420740008354 6.428571430700166 0.927
      vertex 2.6267535015940666 7.333318290965898 0.927
    endloop
  endfacet
  facet normal -1 0 0
    outer loop
      vertex 2.6267535015940666 6.4913464316299985 1.127
      vertex 2.6267535015940666 7.333318290965898 0.927
      vertex 2.6267535015940666 6.4913464316299985 0.927
    endloop
  endfacet
  facet normal 1 0 0
    outer loop
      vertex 2.7774135023355484 7.418842715876443 1.127
      vertex 2.7774135023355484 6.4913464316299985 0.927
      vertex 2.7774135023355484 7.418842715876443 0.927
    endloop
  endfacet
  facet normal 0 0 1
    outer loop
      vertex 2.2069420740008354 6.428571430700166 1.127
      vertex 2.6267535015940666 7.333318290965898 1.127
      vertex 2.2375485002994537 6.680458290236337 1.127
    endloop
  endfacet
  facet normal -0.9061824691310386 0.42288690289434855 0
    outer loop
      vertex 2.2375485002994537 6.680458290236337 1.127
      vertex 2.6110626459121704 7.4808424317411015 1.127
      vertex 2.6110626459121704 7.4808424317411015 0.927
    endloop
  endfacet
  facet normal 0 0 1
    outer loop
      vertex 2.2375485002994537 6.680458290236337 1.127
      vertex 2.6267535015940666 7.333318290965898 1.127
      vertex 2.6110626459121704 7.4808424317411015 1.127
    endloop
  endfacet
  facet normal 1 0 0
    outer loop
      vertex 2.7774135023355484 6.4913464316299985 1.127
      vertex 2.7774135023355484 6.4913464316299985 0.927
      vertex 2.7774135023355484 7.418842715876443 1.127
    endloop
  endfacet
  facet normal 0 0 1
    outer loop
      vertex 2.6267535015940666 6.4913464316299985 1.127
      vertex 2.7774135023355484 6.4913464316299985 1.127
      vertex 2.6267535015940666 7.333318290965898 1.127
    endloop
  endfacet
  facet normal -1 0 0
    outer loop
      vertex 2.6267535015940666 6.4913464316299985 1.127
      vertex 2.6267535015940666 7.333318290965898 1.127
      vertex 2.6267535015940666 7.333318290965898 0.927
    endloop
  endfacet
  facet normal 0 0 1
    outer loop
      vertex 2.7774135023355484 6.4913464316299985 1.127
      vertex 2.6110626459121704 7.4808424317411015 1.127
      vertex 2.6267535015940666 7.333318290965898 1.127
    endloop
  endfacet
  facet normal 0 0 1
    outer loop
      vertex 2.7774135023355484 6.4913464316299985 1.127
      vertex 2.7774135023355484 7.418842715876443 1.127
      vertex 2.6110626459121704 7.4808424317411015 1.127
    endloop
  endfacet
  facet normal 0 1 0
    outer loop
      vertex 2.6110626459121704 7.4808424317411015 1.127
      vertex 2.9123826399445534 7.4808424317411015 0.927
      vertex 2.6110626459121704 7.4808424317411015 0.927
    endloop
  endfacet
  facet normal 0 1 0
    outer loop
      vertex 2.6110626459121704 7.4808424317411015 1.127
      vertex 2.9123826399445534 7.4808424317411015 1.127
      vertex 2.9123826399445534 7.4808424317411015 0.927
    endloop
  endfacet
  facet normal 0 0 1
    outer loop
      vertex 2.6110626459121704 7.4808424317411015 1.127
      vertex 2.7774135023355484 7.418842715876443 1.127
      vertex 2.9123826399445534 7.4808424317411015 1.127
    endloop
  endfacet
  facet normal 0.14953416246699125 -0.9887565596522206 0
    outer loop
      vertex 2.9123826399445534 7.439254713909967 1.127
      vertex 2.7774135023355484 7.418842715876443 0.927
      vertex 2.9123826399445534 7.439254713909967 0.927
    endloop
  endfacet
  facet normal 1 0 0
    outer loop
      vertex 2.9123826399445534 7.4808424317411015 1.127
      vertex 2.9123826399445534 7.439254713909967 0.927
      vertex 2.9123826399445534 7.4808424317411015 0.927
    endloop
  endfacet
  facet normal 0.14953416246699125 -0.9887565596522206 0
    outer loop
      vertex 2.7774135023355484 7.418842715876443 1.127
      vertex 2.7774135023355484 7.418842715876443 0.927
      vertex 2.9123826399445534 7.439254713909967 1.127
    endloop
  endfacet
  facet normal 1 0 0
    outer loop
      vertex 2.9123826399445534 7.439254713909967 1.127
      vertex 2.9123826399445534 7.439254713909967 0.927
      vertex 2.9123826399445534 7.4808424317411015 1.127
    endloop
  endfacet
  facet normal 0 0 1
    outer loop
      vertex 2.7774135023355484 7.418842715876443 1.127
      vertex 2.9123826399445534 7.439254713909967 1.127
      vertex 2.9123826399445534 7.4808424317411015 1.127
    endloop
  endfacet
  facet normal -1 0 0
    outer loop
      vertex 3.542608931660652 6.4913464316299985 1.127
      vertex 3.542608931660652 7.418842715876443 0.927
      vertex 3.542608931660652 6.4913464316299985 0.927
    endloop
  endfacet
  facet normal 0 -1 0
    outer loop
      vertex 3.8125356435775757 6.8413127192429135 1.127
      vertex 3.694055788218975 6.8413127192429135 0.927
      vertex 3.8125356435775757 6.8413127192429135 0.927
    endloop
  endfacet
  facet normal 0 1 0
    outer loop
      vertex 3.694055788218975 6.911944715040071 1.127
      vertex 3.775657497346401 6.911944715040071 0.927
      vertex 3.694055788218975 6.911944715040071 0.927
    endloop
  endfacet
  facet normal 0.12884796176231705 -0.991664359927136 0
    outer loop
      vertex 3.9740872532129288 6.862303284662111 1.127
      vertex 3.8125356435775757 6.8413127192429135 0.927
      vertex 3.9740872532129288 6.862303284662111 0.927
    endloop
  endfacet
  facet normal -0.1299413882802837 0.9915216768239575 0
    outer loop
      vertex 3.775657497346401 6.911944715040071 1.127
      vertex 3.890906035900116 6.927048323409898 0.927
      vertex 3.775657497346401 6.911944715040071 0.927
    endloop
  endfacet
  facet normal -0.49037276512471084 0.8715127946415618 0
    outer loop
      vertex 3.890906035900116 6.927048323409898 1.127
      vertex 3.971434496343136 6.97235914851938 0.927
      vertex 3.890906035900116 6.927048323409898 0.927
    endloop
  endfacet
  facet normal 1 0 0
    outer loop
      vertex 3.694055788218975 7.410210428493364 1.127
      vertex 3.694055788218975 6.911944715040071 0.927
      vertex 3.694055788218975 7.410210428493364 0.927
    endloop
  endfacet
  facet normal 0 0 1
    outer loop
      vertex 3.542608931660652 6.4913464316299985 1.127
      vertex 3.694055788218975 6.911944715040071 1.127
      vertex 3.542608931660652 7.418842715876443 1.127
    endloop
  endfacet
  facet normal -1 0 0
    outer loop
      vertex 3.542608931660652 6.4913464316299985 1.127
      vertex 3.542608931660652 7.418842715876443 1.127
      vertex 3.542608931660652 7.418842715876443 0.927
    endloop
  endfacet
  facet normal 0 0 1
    outer loop
      vertex 3.694055788218975 6.911944715040071 1.127
      vertex 3.694055788218975 7.410210428493364 1.127
      vertex 3.542608931660652 7.418842715876443 1.127
    endloop
  endfacet
  facet normal 0 -1 0
    outer loop
      vertex 3.694055788218975 6.8413127192429135 1.127
      vertex 3.694055788218975 6.8413127192429135 0.927
      vertex 3.8125356435775757 6.8413127192429135 1.127
    endloop
  endfacet
  facet normal 0 1 0
    outer loop
      vertex 3.694055788218975 6.911944715040071 1.127
      vertex 3.775657497346401 6.911944715040071 1.127
      vertex 3.775657497346401 6.911944715040071 0.927
    endloop
  endfacet
  facet normal 0.12884796176231705 -0.991664359927136 0
    outer loop
      vertex 3.8125356435775757 6.8413127192429135 1.127
      vertex 3.8125356435775757 6.8413127192429135 0.927
      vertex 3.9740872532129288 6.862303284662111 1.127
    endloop
  endfacet
  facet normal -0.1299413882802837 0.9915216768239575 0
    outer loop
      vertex 3.775657497346401 6.911944715040071 1.127
      vertex 3.890906035900116 6.927048323409898 1.127
      vertex 3.890906035900116 6.927048323409898 0.927
    endloop
  endfacet
  facet normal 0 0 1
    outer loop
      vertex 3.694055788218975 6.8413127192429135 1.127
      vertex 3.775657497346401 6.911944715040071 1.127
      vertex 3.694055788218975 6.911944715040071 1.127
    endloop
  endfacet
  facet normal 0 0 1
    outer loop
      vertex 3.694055788218975 6.8413127192429135 1.127
      vertex 3.8125356435775757 6.8413127192429135 1.127
      vertex 3.775657497346401 6.911944715040071 1.127
    endloop
  endfacet
  facet normal 0 0 1
    outer loop
      vertex 3.8125356435775757 6.8413127192429135 1.127
      vertex 3.9740872532129288 6.862303284662111 1.127
      vertex 3.890906035900116 6.927048323409898 1.127
    endloop
  endfacet
  facet normal 0 0 1
    outer loop
      vertex 3.775657497346401 6.911944715040071 1.127
      vertex 3.8125356435775757 6.8413127192429135 1.127
      vertex 3.890906035900116 6.927048323409898 1.127
    endloop
  endfacet
  facet normal 1 0 0
    outer loop
      vertex 3.694055788218975 6.911944715040071 1.127
      vertex 3.694055788218975 6.911944715040071 0.927
      vertex 3.694055788218975 7.410210428493364 1.127
    endloop
  endfacet
  facet normal -1 0 0
    outer loop
      vertex 3.4076397866010666 7.439254713909967 1.127
      vertex 3.4076397866010666 7.4808424317411015 0.927
      vertex 3.4076397866010666 7.439254713909967 0.927
    endloop
  endfacet
  facet normal -0.1495341543969678 -0.9887565608726872 0
    outer loop
      vertex 3.542608931660652 7.418842715876443 1.127
      vertex 3.4076397866010666 7.439254713909967 0.927
      vertex 3.542608931660652 7.418842715876443 0.927
    endloop
  endfacet
  facet normal 0 1 0
    outer loop
      vertex 3.4076397866010666 7.4808424317411015 1.127
      vertex 3.8046902120113373 7.4808424317411015 0.927
      vertex 3.4076397866010666 7.4808424317411015 0.927
    endloop
  endfacet
  facet normal 0 -1 0
    outer loop
      vertex 3.770947925746441 7.410210428493364 1.127
      vertex 3.694055788218975 7.410210428493364 0.927
      vertex 3.770947925746441 7.410210428493364 0.927
    endloop
  endfacet
  facet normal -0.1132394749262586 -0.9935677235691712 0
    outer loop
      vertex 3.893162466585636 7.396281322198255 1.127
      vertex 3.770947925746441 7.410210428493364 0.927
      vertex 3.893162466585636 7.396281322198255 0.927
    endloop
  endfacet
  facet normal -0.1495341543969678 -0.9887565608726872 0
    outer loop
      vertex 3.4076397866010666 7.439254713909967 1.127
      vertex 3.4076397866010666 7.439254713909967 0.927
      vertex 3.542608931660652 7.418842715876443 1.127
    endloop
  endfacet
  facet normal -1 0 0
    outer loop
      vertex 3.4076397866010666 7.439254713909967 1.127
      vertex 3.4076397866010666 7.4808424317411015 1.127
      vertex 3.4076397866010666 7.4808424317411015 0.927
    endloop
  endfacet
  facet normal 0 0 1
    outer loop
      vertex 3.4076397866010666 7.439254713909967 1.127
      vertex 3.542608931660652 7.418842715876443 1.127
      vertex 3.4076397866010666 7.4808424317411015 1.127
    endloop
  endfacet
  facet normal 0 0 1
    outer loop
      vertex 3.4076397866010666 7.4808424317411015 1.127
      vertex 3.542608931660652 7.418842715876443 1.127
      vertex 3.8046902120113373 7.4808424317411015 1.127
    endloop
  endfacet
  facet normal 0 -1 0
    outer loop
      vertex 3.694055788218975 7.410210428493364 1.127
      vertex 3.694055788218975 7.410210428493364 0.927
      vertex 3.770947925746441 7.410210428493364 1.127
    endloop
  endfacet
  facet normal 0 1 0
    outer loop
      vertex 3.4076397866010666 7.4808424317411015 1.127
      vertex 3.8046902120113373 7.4808424317411015 1.127
      vertex 3.8046902120113373 7.4808424317411015 0.927
    endloop
  endfacet
  facet normal -0.1132394749262586 -0.9935677235691712 0
    outer loop
      vertex 3.893162466585636 7.396281322198255 1.127
      vertex 3.770947925746441 7.410210428493364 1.127
      vertex 3.770947925746441 7.410210428493364 0.927
    endloop
  endfacet
  facet normal -0.45841250798900995 -0.8887395414401376 0
    outer loop
      vertex 3.893162466585636 7.396281322198255 1.127
      vertex 3.893162466585636 7.396281322198255 0.927
      vertex 3.9741769284009933 7.3544940033129285 1.127
    endloop
  endfacet
  facet normal 0.25851673889632076 0.9660067782942373 0
    outer loop
      vertex 3.8046902120113373 7.4808424317411015 1.127
      vertex 4.094242073595524 7.403354359524591 1.127
      vertex 3.8046902120113373 7.4808424317411015 0.927
    endloop
  endfacet
  facet normal 0 0 1
    outer loop
      vertex 3.542608931660652 7.418842715876443 1.127
      vertex 3.694055788218975 7.410210428493364 1.127
      vertex 3.8046902120113373 7.4808424317411015 1.127
    endloop
  endfacet
  facet normal 0 0 1
    outer loop
      vertex 3.694055788218975 7.410210428493364 1.127
      vertex 3.770947925746441 7.410210428493364 1.127
      vertex 3.8046902120113373 7.4808424317411015 1.127
    endloop
  endfacet
  facet normal 0 0 1
    outer loop
      vertex 3.893162466585636 7.396281322198255 1.127
      vertex 3.8046902120113373 7.4808424317411015 1.127
      vertex 3.770947925746441 7.410210428493364 1.127
    endloop
  endfacet
  facet normal 0 0 1
    outer loop
      vertex 3.893162466585636 7.396281322198255 1.127
      vertex 4.094242073595524 7.403354359524591 1.127
      vertex 3.8046902120113373 7.4808424317411015 1.127
    endloop
  endfacet
  facet normal -0.8588969479810367 0.5121484479609993 0
    outer loop
      vertex 3.971434496343136 6.97235914851938 1.127
      vertex 4.018810823559761 7.051811469452722 0.927
      vertex 3.971434496343136 6.97235914851938 0.927
    endloop
  endfacet
  facet normal 0.4678018599916217 -0.8838333665280912 0
    outer loop
      vertex 4.0930617824196815 6.925275003271444 1.127
      vertex 3.9740872532129288 6.862303284662111 0.927
      vertex 4.0930617824196815 6.925275003271444 0.927
    endloop
  endfacet
  facet normal 0.8158674014298934 -0.5782390364581357 0
    outer loop
      vertex 4.166334964334965 7.028659930186612 1.127
      vertex 4.0930617824196815 6.925275003271444 0.927
      vertex 4.166334964334965 7.028659930186612 0.927
    endloop
  endfacet
  facet normal -0.9910894930707143 0.13319766035796052 0
    outer loop
      vertex 4.018810823559761 7.051811469452722 1.127
      vertex 4.034602925181389 7.169316431241376 0.927
      vertex 4.018810823559761 7.051811469452722 0.927
    endloop
  endfacet
  facet normal -0.8532431700896885 -0.5215132718304482 0
    outer loop
      vertex 4.01949642598629 7.280347181218011 1.127
      vertex 3.9741769284009933 7.3544940033129285 0.927
      vertex 4.01949642598629 7.280347181218011 0.927
    endloop
  endfacet
  facet normal -0.990870812868369 -0.13481480707095048 0
    outer loop
      vertex 4.034602925181389 7.169316431241376 1.127
      vertex 4.01949642598629 7.280347181218011 0.927
      vertex 4.034602925181389 7.169316431241376 0.927
    endloop
  endfacet
  facet normal 0.985573660888827 -0.16924703531286847 0
    outer loop
      vertex 4.190759360790253 7.170890142875058 1.127
      vertex 4.166334964334965 7.028659930186612 0.927
      vertex 4.190759360790253 7.170890142875058 0.927
    endloop
  endfacet
  facet normal -1 0 0
    outer loop
      vertex 4.448188930749893 6.4913464316299985 1.127
      vertex 4.448188930749893 7.418842715876443 0.927
      vertex 4.448188930749893 6.4913464316299985 0.927
    endloop
  endfacet
  facet normal 0.4678018599916217 -0.8838333665280912 0
    outer loop
      vertex 3.9740872532129288 6.862303284662111 1.127
      vertex 3.9740872532129288 6.862303284662111 0.927
      vertex 4.0930617824196815 6.925275003271444 1.127
    endloop
  endfacet
  facet normal -0.49037276512471084 0.8715127946415618 0
    outer loop
      vertex 3.890906035900116 6.927048323409898 1.127
      vertex 3.971434496343136 6.97235914851938 1.127
      vertex 3.971434496343136 6.97235914851938 0.927
    endloop
  endfacet
  facet normal -0.8588969479810367 0.5121484479609993 0
    outer loop
      vertex 3.971434496343136 6.97235914851938 1.127
      vertex 4.018810823559761 7.051811469452722 1.127
      vertex 4.018810823559761 7.051811469452722 0.927
    endloop
  endfacet
  facet normal 0.8158674014298934 -0.5782390364581357 0
    outer loop
      vertex 4.0930617824196815 6.925275003271444 1.127
      vertex 4.0930617824196815 6.925275003271444 0.927
      vertex 4.166334964334965 7.028659930186612 1.127
    endloop
  endfacet
  facet normal 0 0 1
    outer loop
      vertex 3.890906035900116 6.927048323409898 1.127
      vertex 3.9740872532129288 6.862303284662111 1.127
      vertex 3.971434496343136 6.97235914851938 1.127
    endloop
  endfacet
  facet normal 0 0 1
    outer loop
      vertex 3.9740872532129288 6.862303284662111 1.127
      vertex 4.0930617824196815 6.925275003271444 1.127
      vertex 3.971434496343136 6.97235914851938 1.127
    endloop
  endfacet
  facet normal 0 0 1
    outer loop
      vertex 3.971434496343136 6.97235914851938 1.127
      vertex 4.0930617824196815 6.925275003271444 1.127
      vertex 4.018810823559761 7.051811469452722 1.127
    endloop
  endfacet
  facet normal 0 0 1
    outer loop
      vertex 4.0930617824196815 6.925275003271444 1.127
      vertex 4.166334964334965 7.028659930186612 1.127
      vertex 4.018810823559761 7.051811469452722 1.127
    endloop
  endfacet
  facet normal -0.9910894930707143 0.13319766035796052 0
    outer loop
      vertex 4.018810823559761 7.051811469452722 1.127
      vertex 4.034602925181389 7.169316431241376 1.127
      vertex 4.034602925181389 7.169316431241376 0.927
    endloop
  endfacet
  facet normal -0.990870812868369 -0.13481480707095048 0
    outer loop
      vertex 4.034602925181389 7.169316431241376 1.127
      vertex 4.01949642598629 7.280347181218011 1.127
      vertex 4.01949642598629 7.280347181218011 0.927
    endloop
  endfacet
  facet normal 0.985573660888827 -0.16924703531286847 0
    outer loop
      vertex 4.166334964334965 7.028659930186612 1.127
      vertex 4.166334964334965 7.028659930186612 0.927
      vertex 4.190759360790253 7.170890142875058 1.127
    endloop
  endfacet
  facet normal 0.923559717736515 0.38345462283619497 0
    outer loop
      vertex 4.190759360790253 7.170890142875058 1.127
      vertex 4.190759360790253 7.170890142875058 0.927
      vertex 4.094242073595524 7.403354359524591 1.127
    endloop
  endfacet
  facet normal 0 0 1
    outer loop
      vertex 4.018810823559761 7.051811469452722 1.127
      vertex 4.166334964334965 7.028659930186612 1.127
      vertex 4.034602925181389 7.169316431241376 1.127
    endloop
  endfacet
  facet normal 0 0 1
    outer loop
      vertex 4.034602925181389 7.169316431241376 1.127
      vertex 4.166334964334965 7.028659930186612 1.127
      vertex 4.190759360790253 7.170890142875058 1.127
    endloop
  endfacet
  facet normal 0 0 1
    outer loop
      vertex 4.034602925181389 7.169316431241376 1.127
      vertex 4.190759360790253 7.170890142875058 1.127
      vertex 4.01949642598629 7.280347181218011 1.127
    endloop
  endfacet
  facet normal 0 0 1
    outer loop
      vertex 4.190759360790253 7.170890142875058 1.127
      vertex 4.094242073595524 7.403354359524591 1.127
      vertex 4.01949642598629 7.280347181218011 1.127
    endloop
  endfacet
  facet normal 0 0 1
    outer loop
      vertex 4.448188930749893 6.4913464316299985 1.127
      vertex 4.598848931491375 6.4913464316299985 1.127
      vertex 4.448188930749893 7.418842715876443 1.127
    endloop
  endfacet
  facet normal -1 0 0
    outer loop
      vertex 4.448188930749893 6.4913464316299985 1.127
      vertex 4.448188930749893 7.418842715876443 1.127
      vertex 4.448188930749893 7.418842715876443 0.927
    endloop
  endfacet
  facet normal -0.45841250798900995 -0.8887395414401376 0
    outer loop
      vertex 3.9741769284009933 7.3544940033129285 1.127
      vertex 3.893162466585636 7.396281322198255 0.927
      vertex 3.9741769284009933 7.3544940033129285 0.927
    endloop
  endfacet
  facet normal 0.25851673889632076 0.9660067782942373 0
    outer loop
      vertex 4.094242073595524 7.403354359524591 1.127
      vertex 4.094242073595524 7.403354359524591 0.927
      vertex 3.8046902120113373 7.4808424317411015 0.927
    endloop
  endfacet
  facet normal 0.923559717736515 0.38345462283619497 0
    outer loop
      vertex 4.094242073595524 7.403354359524591 1.127
      vertex 4.190759360790253 7.170890142875058 0.927
      vertex 4.094242073595524 7.403354359524591 0.927
    endloop
  endfacet
  facet normal -1 0 0
    outer loop
      vertex 4.313219785690308 7.439254713909967 1.127
      vertex 4.313219785690308 7.4808424317411015 0.927
      vertex 4.313219785690308 7.439254713909967 0.927
    endloop
  endfacet
  facet normal -0.1495341543969678 -0.9887565608726872 0
    outer loop
      vertex 4.448188930749893 7.418842715876443 1.127
      vertex 4.313219785690308 7.439254713909967 0.927
      vertex 4.448188930749893 7.418842715876443 0.927
    endloop
  endfacet
  facet normal 0 1 0
    outer loop
      vertex 4.313219785690308 7.4808424317411015 1.127
      vertex 4.73381806910038 7.4808424317411015 0.927
      vertex 4.313219785690308 7.4808424317411015 0.927
    endloop
  endfacet
  facet normal -0.8532431700896885 -0.5215132718304482 0
    outer loop
      vertex 3.9741769284009933 7.3544940033129285 1.127
      vertex 3.9741769284009933 7.3544940033129285 0.927
      vertex 4.01949642598629 7.280347181218011 1.127
    endloop
  endfacet
  facet normal 0 0 1
    outer loop
      vertex 3.893162466585636 7.396281322198255 1.127
      vertex 3.9741769284009933 7.3544940033129285 1.127
      vertex 4.094242073595524 7.403354359524591 1.127
    endloop
  endfacet
  facet normal 0 0 1
    outer loop
      vertex 3.9741769284009933 7.3544940033129285 1.127
      vertex 4.01949642598629 7.280347181218011 1.127
      vertex 4.094242073595524 7.403354359524591 1.127
    endloop
  endfacet
  facet normal -0.1495341543969678 -0.9887565608726872 0
    outer loop
      vertex 4.313219785690308 7.439254713909967 1.127
      vertex 4.313219785690308 7.439254713909967 0.927
      vertex 4.448188930749893 7.418842715876443 1.127
    endloop
  endfacet
  facet normal -1 0 0
    outer loop
      vertex 4.313219785690308 7.439254713909967 1.127
      vertex 4.313219785690308 7.4808424317411015 1.127
      vertex 4.313219785690308 7.4808424317411015 0.927
    endloop
  endfacet
  facet normal 0 0 1
    outer loop
      vertex 4.313219785690308 7.439254713909967 1.127
      vertex 4.448188930749893 7.418842715876443 1.127
      vertex 4.313219785690308 7.4808424317411015 1.127
    endloop
  endfacet
  facet normal 0 0 1
    outer loop
      vertex 4.313219785690308 7.4808424317411015 1.127
      vertex 4.448188930749893 7.418842715876443 1.127
      vertex 4.73381806910038 7.4808424317411015 1.127
    endloop
  endfacet
  facet normal 0 -1 0
    outer loop
      vertex 4.776579640805721 1.272201431649072 1.127
      vertex 4.753475360572338 1.272201431649072 0.927
      vertex 4.776579640805721 1.272201431649072 0.927
    endloop
  endfacet
  facet normal 0.9327989304969755 -0.36039721872358943 0
    outer loop
      vertex 4.601773925125599 1.675009285765035 1.127
      vertex 4.446144640445709 1.272201431649072 0.927
      vertex 4.601773925125599 1.675009285765035 0.927
    endloop
  endfacet
  facet normal -0.9322305788112909 0.3618648199661935 0
    outer loop
      vertex 4.454861782491207 1.4239092894962857 1.127
      vertex 4.612233214080334 1.8293271490505765 0.927
      vertex 4.454861782491207 1.4239092894962857 0.927
    endloop
  endfacet
  facet normal -0.9358329187209075 -0.35244396467851097 0
    outer loop
      vertex 4.753475360572338 1.272201431649072 1.127
      vertex 4.601773925125599 1.675009285765035 0.927
      vertex 4.753475360572338 1.272201431649072 0.927
    endloop
  endfacet
  facet normal -1 0 0
    outer loop
      vertex 5.046046070754528 1.2857142889073918 1.127
      vertex 5.046046070754528 1.3088185765913556 0.927
      vertex 5.046046070754528 1.2857142889073918 0.927
    endloop
  endfacet
  facet normal -0.9519540355819549 0.3062409413178291 0
    outer loop
      vertex 4.783554643392563 1.4239092894962857 1.127
      vertex 4.916079640388489 1.8358650037220547 0.927
      vertex 4.783554643392563 1.4239092894962857 0.927
    endloop
  endfacet
  facet normal 0.9471327687022634 -0.3208418901116014 0
    outer loop
      vertex 4.967521071434021 1.8358650037220547 1.127
      vertex 4.776579640805721 1.272201431649072 0.927
      vertex 4.967521071434021 1.8358650037220547 0.927
    endloop
  endfacet
  facet normal 0 -1 0
    outer loop
      vertex 4.753475360572338 1.272201431649072 1.127
      vertex 4.753475360572338 1.272201431649072 0.927
      vertex 4.776579640805721 1.272201431649072 1.127
    endloop
  endfacet
  facet normal -0.9358329187209075 -0.35244396467851097 0
    outer loop
      vertex 4.601773925125599 1.675009285765035 1.127
      vertex 4.601773925125599 1.675009285765035 0.927
      vertex 4.753475360572338 1.272201431649072 1.127
    endloop
  endfacet
  facet normal 0.9365797796437549 0.3504544426347817 0
    outer loop
      vertex 4.783554643392563 1.4239092894962857 1.127
      vertex 4.783554643392563 1.4239092894962857 0.927
      vertex 4.631853215396404 1.8293271490505765 1.127
    endloop
  endfacet
  facet normal 0 0 1
    outer loop
      vertex 4.446144640445709 1.272201431649072 1.127
      vertex 4.601773925125599 1.675009285765035 1.127
      vertex 4.454861782491207 1.4239092894962857 1.127
    endloop
  endfacet
  facet normal 0 0 1
    outer loop
      vertex 4.454861782491207 1.4239092894962857 1.127
      vertex 4.601773925125599 1.675009285765035 1.127
      vertex 4.612233214080334 1.8293271490505765 1.127
    endloop
  endfacet
  facet normal 0 0 1
    outer loop
      vertex 4.601773925125599 1.675009285765035 1.127
      vertex 4.753475360572338 1.272201431649072 1.127
      vertex 4.783554643392563 1.4239092894962857 1.127
    endloop
  endfacet
  facet normal 0 0 1
    outer loop
      vertex 4.601773925125599 1.675009285765035 1.127
      vertex 4.783554643392563 1.4239092894962857 1.127
      vertex 4.612233214080334 1.8293271490505765 1.127
    endloop
  endfacet
  facet normal -1 0 0
    outer loop
      vertex 5.046046070754528 1.2857142889073918 1.127
      vertex 5.046046070754528 1.3088185765913556 1.127
      vertex 5.046046070754528 1.3088185765913556 0.927
    endloop
  endfacet
  facet normal 0.9471327687022634 -0.3208418901116014 0
    outer loop
      vertex 4.776579640805721 1.272201431649072 1.127
      vertex 4.776579640805721 1.272201431649072 0.927
      vertex 4.967521071434021 1.8358650037220547 1.127
    endloop
  endfacet
  facet normal 0 0 1
    outer loop
      vertex 4.753475360572338 1.272201431649072 1.127
      vertex 4.776579640805721 1.272201431649072 1.127
      vertex 4.967521071434021 1.8358650037220547 1.127
    endloop
  endfacet
  facet normal 0 0 1
    outer loop
      vertex 4.753475360572338 1.272201431649072 1.127
      vertex 4.967521071434021 1.8358650037220547 1.127
      vertex 4.783554643392563 1.4239092894962857 1.127
    endloop
  endfacet
  facet normal 0 1 0
    outer loop
      vertex 4.612233214080334 1.8293271490505765 1.127
      vertex 4.631853215396404 1.8293271490505765 0.927
      vertex 4.612233214080334 1.8293271490505765 0.927
    endloop
  endfacet
  facet normal 0.9365797796437549 0.3504544426347817 0
    outer loop
      vertex 4.631853215396404 1.8293271490505765 1.127
      vertex 4.783554643392563 1.4239092894962857 0.927
      vertex 4.631853215396404 1.8293271490505765 0.927
    endloop
  endfacet
  facet normal -1 0 0
    outer loop
      vertex 4.824973925948143 1.8472050034574101 1.127
      vertex 4.824973925948143 1.870309291141374 0.927
      vertex 4.824973925948143 1.8472050034574101 0.927
    endloop
  endfacet
  facet normal -0.12351763406657203 -0.9923423774457063 0
    outer loop
      vertex 4.916079640388489 1.8358650037220547 1.127
      vertex 4.824973925948143 1.8472050034574101 0.927
      vertex 4.916079640388489 1.8358650037220547 0.927
    endloop
  endfacet
  facet normal 0 1 0
    outer loop
      vertex 4.824973925948143 1.870309291141374 1.127
      vertex 5.01852535456419 1.870309291141374 0.927
      vertex 4.824973925948143 1.870309291141374 0.927
    endloop
  endfacet
  facet normal 0.21703468056530537 -0.9761638937350202 0
    outer loop
      vertex 5.01852535456419 1.8472050034574101 1.127
      vertex 4.967521071434021 1.8358650037220547 0.927
      vertex 5.01852535456419 1.8472050034574101 0.927
    endloop
  endfacet
  facet normal 1 0 0
    outer loop
      vertex 5.01852535456419 1.870309291141374 1.127
      vertex 5.01852535456419 1.8472050034574101 0.927
      vertex 5.01852535456419 1.870309291141374 0.927
    endloop
  endfacet
  facet normal -1 0 0
    outer loop
      vertex 5.046046070754528 1.8472050034574101 1.127
      vertex 5.046046070754528 1.870309291141374 0.927
      vertex 5.046046070754528 1.8472050034574101 0.927
    endloop
  endfacet
  facet normal -0.9322305788112909 0.3618648199661935 0
    outer loop
      vertex 4.454861782491207 1.4239092894962857 1.127
      vertex 4.612233214080334 1.8293271490505765 1.127
      vertex 4.612233214080334 1.8293271490505765 0.927
    endloop
  endfacet
  facet normal 0 1 0
    outer loop
      vertex 4.612233214080334 1.8293271490505765 1.127
      vertex 4.631853215396404 1.8293271490505765 1.127
      vertex 4.631853215396404 1.8293271490505765 0.927
    endloop
  endfacet
  facet normal 0 0 1
    outer loop
      vertex 4.783554643392563 1.4239092894962857 1.127
      vertex 4.631853215396404 1.8293271490505765 1.127
      vertex 4.612233214080334 1.8293271490505765 1.127
    endloop
  endfacet
  facet normal -0.9519540355819549 0.3062409413178291 0
    outer loop
      vertex 4.783554643392563 1.4239092894962857 1.127
      vertex 4.916079640388489 1.8358650037220547 1.127
      vertex 4.916079640388489 1.8358650037220547 0.927
    endloop
  endfacet
  facet normal -1 0 0
    outer loop
      vertex 4.824973925948143 1.8472050034574101 1.127
      vertex 4.824973925948143 1.870309291141374 1.127
      vertex 4.824973925948143 1.870309291141374 0.927
    endloop
  endfacet
  facet normal -0.12351763406657203 -0.9923423774457063 0
    outer loop
      vertex 4.824973925948143 1.8472050034574101 1.127
      vertex 4.824973925948143 1.8472050034574101 0.927
      vertex 4.916079640388489 1.8358650037220547 1.127
    endloop
  endfacet
  facet normal 0 1 0
    outer loop
      vertex 4.824973925948143 1.870309291141374 1.127
      vertex 5.01852535456419 1.870309291141374 1.127
      vertex 5.01852535456419 1.870309291141374 0.927
    endloop
  endfacet
  facet normal 0.21703468056530537 -0.9761638937350202 0
    outer loop
      vertex 4.967521071434021 1.8358650037220547 1.127
      vertex 4.967521071434021 1.8358650037220547 0.927
      vertex 5.01852535456419 1.8472050034574101 1.127
    endloop
  endfacet
  facet normal 1 0 0
    outer loop
      vertex 5.01852535456419 1.8472050034574101 1.127
      vertex 5.01852535456419 1.8472050034574101 0.927
      vertex 5.01852535456419 1.870309291141374 1.127
    endloop
  endfacet
  facet normal -1 0 0
    outer loop
      vertex 5.046046070754528 1.8472050034574101 1.127
      vertex 5.046046070754528 1.870309291141374 1.127
      vertex 5.046046070754528 1.870309291141374 0.927
    endloop
  endfacet
  facet normal 0 0 1
    outer loop
      vertex 4.783554643392563 1.4239092894962857 1.127
      vertex 4.967521071434021 1.8358650037220547 1.127
      vertex 4.916079640388489 1.8358650037220547 1.127
    endloop
  endfacet
  facet normal 0 0 1
    outer loop
      vertex 4.824973925948143 1.8472050034574101 1.127
      vertex 4.916079640388489 1.8358650037220547 1.127
      vertex 4.824973925948143 1.870309291141374 1.127
    endloop
  endfacet
  facet normal 0 0 1
    outer loop
      vertex 4.824973925948143 1.870309291141374 1.127
      vertex 4.916079640388489 1.8358650037220547 1.127
      vertex 4.967521071434021 1.8358650037220547 1.127
    endloop
  endfacet
  facet normal 0 0 1
    outer loop
      vertex 4.824973925948143 1.870309291141374 1.127
      vertex 4.967521071434021 1.8358650037220547 1.127
      vertex 5.01852535456419 1.870309291141374 1.127
    endloop
  endfacet
  facet normal 0 0 1
    outer loop
      vertex 4.967521071434021 1.8358650037220547 1.127
      vertex 5.01852535456419 1.8472050034574101 1.127
      vertex 5.01852535456419 1.870309291141374 1.127
    endloop
  endfacet
  facet normal -0.15507955083735936 0.9879019854783585 0
    outer loop
      vertex 5.046046070754528 1.3088185765913556 1.127
      vertex 5.121028929948807 1.3205892869404385 0.927
      vertex 5.046046070754528 1.3088185765913556 0.927
    endloop
  endfacet
  facet normal 0 -1 0
    outer loop
      vertex 5.245267502963543 1.2857142889073918 1.127
      vertex 5.046046070754528 1.2857142889073918 0.927
      vertex 5.245267502963543 1.2857142889073918 0.927
    endloop
  endfacet
  facet normal 0.14834832315856958 0.9889351723020274 0
    outer loop
      vertex 5.166800357401371 1.3205892869404385 1.127
      vertex 5.245267502963543 1.3088185765913556 0.927
      vertex 5.166800357401371 1.3205892869404385 0.927
    endloop
  endfacet
  facet normal 1 0 0
    outer loop
      vertex 5.245267502963543 1.3088185765913556 1.127
      vertex 5.245267502963543 1.2857142889073918 0.927
      vertex 5.245267502963543 1.3088185765913556 0.927
    endloop
  endfacet
  facet normal -1 0 0
    outer loop
      vertex 5.121028929948807 1.3205892869404385 1.127
      vertex 5.121028929948807 1.8358650037220547 0.927
      vertex 5.121028929948807 1.3205892869404385 0.927
    endloop
  endfacet
  facet normal 1 0 0
    outer loop
      vertex 5.166800357401371 1.8114557170442174 1.127
      vertex 5.166800357401371 1.3205892869404385 0.927
      vertex 5.166800357401371 1.8114557170442174 0.927
    endloop
  endfacet
  facet normal 0 -1 0
    outer loop
      vertex 5.569608211517334 1.2857142889073918 1.127
      vertex 5.527321070432663 1.2857142889073918 0.927
      vertex 5.569608211517334 1.2857142889073918 0.927
    endloop
  endfacet
  facet normal -0.8247198487404801 -0.5655414848563096 0
    outer loop
      vertex 5.527321070432663 1.2857142889073918 1.127
      vertex 5.166800357401371 1.8114557170442174 0.927
      vertex 5.527321070432663 1.2857142889073918 0.927
    endloop
  endfacet
  facet normal -1 0 0
    outer loop
      vertex 5.523830354213715 1.4374221467546056 1.127
      vertex 5.523830354213715 1.8358650037220547 0.927
      vertex 5.523830354213715 1.4374221467546056 0.927
    endloop
  endfacet
  facet normal 1 0 0
    outer loop
      vertex 5.569608211517334 1.8358650037220547 1.127
      vertex 5.569608211517334 1.2857142889073918 0.927
      vertex 5.569608211517334 1.8358650037220547 0.927
    endloop
  endfacet
  facet normal -0.15507955083735936 0.9879019854783585 0
    outer loop
      vertex 5.046046070754528 1.3088185765913556 1.127
      vertex 5.121028929948807 1.3205892869404385 1.127
      vertex 5.121028929948807 1.3205892869404385 0.927
    endloop
  endfacet
  facet normal 0 -1 0
    outer loop
      vertex 5.046046070754528 1.2857142889073918 1.127
      vertex 5.046046070754528 1.2857142889073918 0.927
      vertex 5.245267502963543 1.2857142889073918 1.127
    endloop
  endfacet
  facet normal 0.14834832315856958 0.9889351723020274 0
    outer loop
      vertex 5.166800357401371 1.3205892869404385 1.127
      vertex 5.245267502963543 1.3088185765913556 1.127
      vertex 5.245267502963543 1.3088185765913556 0.927
    endloop
  endfacet
  facet normal 1 0 0
    outer loop
      vertex 5.245267502963543 1.2857142889073918 1.127
      vertex 5.245267502963543 1.2857142889073918 0.927
      vertex 5.245267502963543 1.3088185765913556 1.127
    endloop
  endfacet
  facet normal 0 0 1
    outer loop
      vertex 5.046046070754528 1.2857142889073918 1.127
      vertex 5.121028929948807 1.3205892869404385 1.127
      vertex 5.046046070754528 1.3088185765913556 1.127
    endloop
  endfacet
  facet normal 0 0 1
    outer loop
      vertex 5.046046070754528 1.2857142889073918 1.127
      vertex 5.245267502963543 1.2857142889073918 1.127
      vertex 5.121028929948807 1.3205892869404385 1.127
    endloop
  endfacet
  facet normal 0 0 1
    outer loop
      vertex 5.121028929948807 1.3205892869404385 1.127
      vertex 5.245267502963543 1.2857142889073918 1.127
      vertex 5.166800357401371 1.3205892869404385 1.127
    endloop
  endfacet
  facet normal 0 0 1
    outer loop
      vertex 5.166800357401371 1.3205892869404385 1.127
      vertex 5.245267502963543 1.2857142889073918 1.127
      vertex 5.245267502963543 1.3088185765913556 1.127
    endloop
  endfacet
  facet normal 1 0 0
    outer loop
      vertex 5.166800357401371 1.3205892869404385 1.127
      vertex 5.166800357401371 1.3205892869404385 0.927
      vertex 5.166800357401371 1.8114557170442174 1.127
    endloop
  endfacet
  facet normal -1 0 0
    outer loop
      vertex 5.121028929948807 1.3205892869404385 1.127
      vertex 5.121028929948807 1.8358650037220547 1.127
      vertex 5.121028929948807 1.8358650037220547 0.927
    endloop
  endfacet
  facet normal -0.8247198487404801 -0.5655414848563096 0
    outer loop
      vertex 5.166800357401371 1.8114557170442174 1.127
      vertex 5.166800357401371 1.8114557170442174 0.927
      vertex 5.527321070432663 1.2857142889073918 1.127
    endloop
  endfacet
  facet normal 0 0 1
    outer loop
      vertex 5.121028929948807 1.3205892869404385 1.127
      vertex 5.166800357401371 1.3205892869404385 1.127
      vertex 5.166800357401371 1.8114557170442174 1.127
    endloop
  endfacet
  facet normal 0 0 1
    outer loop
      vertex 5.121028929948807 1.3205892869404385 1.127
      vertex 5.166800357401371 1.8114557170442174 1.127
      vertex 5.121028929948807 1.8358650037220547 1.127
    endloop
  endfacet
  facet normal 0 -1 0
    outer loop
      vertex 5.527321070432663 1.2857142889073918 1.127
      vertex 5.527321070432663 1.2857142889073918 0.927
      vertex 5.569608211517334 1.2857142889073918 1.127
    endloop
  endfacet
  facet normal 0.8212128170177433 0.570622037048853 0
    outer loop
      vertex 5.223037503659725 1.870309291141374 1.127
      vertex 5.523830354213715 1.4374221467546056 1.127
      vertex 5.523830354213715 1.4374221467546056 0.927
    endloop
  endfacet
  facet normal 1 0 0
    outer loop
      vertex 5.569608211517334 1.2857142889073918 1.127
      vertex 5.569608211517334 1.2857142889073918 0.927
      vertex 5.569608211517334 1.8358650037220547 1.127
    endloop
  endfacet
  facet normal 0 0 1
    outer loop
      vertex 5.166800357401371 1.8114557170442174 1.127
      vertex 5.527321070432663 1.2857142889073918 1.127
      vertex 5.569608211517334 1.2857142889073918 1.127
    endloop
  endfacet
  facet normal 0 0 1
    outer loop
      vertex 5.166800357401371 1.8114557170442174 1.127
      vertex 5.569608211517334 1.2857142889073918 1.127
      vertex 5.523830354213715 1.4374221467546056 1.127
    endloop
  endfacet
  facet normal 0 0 1
    outer loop
      vertex 5.569608211517334 1.2857142889073918 1.127
      vertex 5.569608211517334 1.8358650037220547 1.127
      vertex 5.523830354213715 1.4374221467546056 1.127
    endloop
  endfacet
  facet normal -0.149534163455158 -0.9887565595027757 0
    outer loop
      vertex 5.121028929948807 1.8358650037220547 1.127
      vertex 5.046046070754528 1.8472050034574101 0.927
      vertex 5.121028929948807 1.8358650037220547 0.927
    endloop
  endfacet
  facet normal 0 1 0
    outer loop
      vertex 5.046046070754528 1.870309291141374 1.127
      vertex 5.223037503659725 1.870309291141374 0.927
      vertex 5.046046070754528 1.870309291141374 0.927
    endloop
  endfacet
  facet normal 0.8212128170177433 0.570622037048853 0
    outer loop
      vertex 5.223037503659725 1.870309291141374 1.127
      vertex 5.523830354213715 1.4374221467546056 0.927
      vertex 5.223037503659725 1.870309291141374 0.927
    endloop
  endfacet
  facet normal -1 0 0
    outer loop
      vertex 5.445363216102123 1.8472050034574101 1.127
      vertex 5.445363216102123 1.870309291141374 0.927
      vertex 5.445363216102123 1.8472050034574101 0.927
    endloop
  endfacet
  facet normal -0.1430331346201861 -0.989717900414418 0
    outer loop
      vertex 5.523830354213715 1.8358650037220547 1.127
      vertex 5.445363216102123 1.8472050034574101 0.927
      vertex 5.523830354213715 1.8358650037220547 0.927
    endloop
  endfacet
  facet normal 0 1 0
    outer loop
      vertex 5.445363216102123 1.870309291141374 1.127
      vertex 5.644591070711613 1.870309291141374 0.927
      vertex 5.445363216102123 1.870309291141374 0.927
    endloop
  endfacet
  facet normal 0.149534163455158 -0.9887565595027757 0
    outer loop
      vertex 5.644591070711613 1.8472050034574101 1.127
      vertex 5.569608211517334 1.8358650037220547 0.927
      vertex 5.644591070711613 1.8472050034574101 0.927
    endloop
  endfacet
  facet normal -0.149534163455158 -0.9887565595027757 0
    outer loop
      vertex 5.046046070754528 1.8472050034574101 1.127
      vertex 5.046046070754528 1.8472050034574101 0.927
      vertex 5.121028929948807 1.8358650037220547 1.127
    endloop
  endfacet
  facet normal 0 1 0
    outer loop
      vertex 5.046046070754528 1.870309291141374 1.127
      vertex 5.223037503659725 1.870309291141374 1.127
      vertex 5.223037503659725 1.870309291141374 0.927
    endloop
  endfacet
  facet normal 0 0 1
    outer loop
      vertex 5.046046070754528 1.8472050034574101 1.127
      vertex 5.121028929948807 1.8358650037220547 1.127
      vertex 5.046046070754528 1.870309291141374 1.127
    endloop
  endfacet
  facet normal 0 0 1
    outer loop
      vertex 5.046046070754528 1.870309291141374 1.127
      vertex 5.121028929948807 1.8358650037220547 1.127
      vertex 5.223037503659725 1.870309291141374 1.127
    endloop
  endfacet
  facet normal 0 0 1
    outer loop
      vertex 5.166800357401371 1.8114557170442174 1.127
      vertex 5.223037503659725 1.870309291141374 1.127
      vertex 5.121028929948807 1.8358650037220547 1.127
    endloop
  endfacet
  facet normal 0 0 1
    outer loop
      vertex 5.166800357401371 1.8114557170442174 1.127
      vertex 5.523830354213715 1.4374221467546056 1.127
      vertex 5.223037503659725 1.870309291141374 1.127
    endloop
  endfacet
  facet normal -1 0 0
    outer loop
      vertex 5.445363216102123 1.8472050034574101 1.127
      vertex 5.445363216102123 1.870309291141374 1.127
      vertex 5.445363216102123 1.870309291141374 0.927
    endloop
  endfacet
  facet normal -0.1430331346201861 -0.989717900414418 0
    outer loop
      vertex 5.445363216102123 1.8472050034574101 1.127
      vertex 5.445363216102123 1.8472050034574101 0.927
      vertex 5.523830354213715 1.8358650037220547 1.127
    endloop
  endfacet
  facet normal -1 0 0
    outer loop
      vertex 5.523830354213715 1.4374221467546056 1.127
      vertex 5.523830354213715 1.8358650037220547 1.127
      vertex 5.523830354213715 1.8358650037220547 0.927
    endloop
  endfacet
  facet normal 0 1 0
    outer loop
      vertex 5.445363216102123 1.870309291141374 1.127
      vertex 5.644591070711613 1.870309291141374 1.127
      vertex 5.644591070711613 1.870309291141374 0.927
    endloop
  endfacet
  facet normal 0.149534163455158 -0.9887565595027757 0
    outer loop
      vertex 5.569608211517334 1.8358650037220547 1.127
      vertex 5.569608211517334 1.8358650037220547 0.927
      vertex 5.644591070711613 1.8472050034574101 1.127
    endloop
  endfacet
  facet normal 0 0 1
    outer loop
      vertex 5.445363216102123 1.8472050034574101 1.127
      vertex 5.523830354213715 1.8358650037220547 1.127
      vertex 5.445363216102123 1.870309291141374 1.127
    endloop
  endfacet
  facet normal 0 0 1
    outer loop
      vertex 5.523830354213715 1.4374221467546056 1.127
      vertex 5.569608211517334 1.8358650037220547 1.127
      vertex 5.523830354213715 1.8358650037220547 1.127
    endloop
  endfacet
  facet normal 0 0 1
    outer loop
      vertex 5.445363216102123 1.870309291141374 1.127
      vertex 5.523830354213715 1.8358650037220547 1.127
      vertex 5.569608211517334 1.8358650037220547 1.127
    endloop
  endfacet
  facet normal 0 0 1
    outer loop
      vertex 5.445363216102123 1.870309291141374 1.127
      vertex 5.569608211517334 1.8358650037220547 1.127
      vertex 5.644591070711613 1.870309291141374 1.127
    endloop
  endfacet
  facet normal 0 0 1
    outer loop
      vertex 5.569608211517334 1.8358650037220547 1.127
      vertex 5.644591070711613 1.8472050034574101 1.127
      vertex 5.644591070711613 1.870309291141374 1.127
    endloop
  endfacet
  facet normal -1 0 0
    outer loop
      vertex 5.6908382177352905 1.2857142889073918 1.127
      vertex 5.6908382177352905 1.3088185765913556 0.927
      vertex 5.6908382177352905 1.2857142889073918 0.927
    endloop
  endfacet
  facet normal -0.15507956587606342 0.9879019831176025 0
    outer loop
      vertex 5.6908382177352905 1.3088185765913556 1.127
      vertex 5.765821069478989 1.3205892869404385 0.927
      vertex 5.6908382177352905 1.3088185765913556 0.927
    endloop
  endfacet
  facet normal 0 -1 0
    outer loop
      vertex 5.890059642493725 1.2857142889073918 1.127
      vertex 5.6908382177352905 1.2857142889073918 0.927
      vertex 5.890059642493725 1.2857142889073918 0.927
    endloop
  endfacet
  facet normal 0.14834832315856958 0.9889351723020274 0
    outer loop
      vertex 5.811592496931553 1.3205892869404385 1.127
      vertex 5.890059642493725 1.3088185765913556 0.927
      vertex 5.811592496931553 1.3205892869404385 0.927
    endloop
  endfacet
  facet normal 1 0 0
    outer loop
      vertex 5.890059642493725 1.3088185765913556 1.127
      vertex 5.890059642493725 1.2857142889073918 0.927
      vertex 5.890059642493725 1.3088185765913556 0.927
    endloop
  endfacet
  facet normal -1 0 0
    outer loop
      vertex 5.765821069478989 1.3205892869404385 1.127
      vertex 5.765821069478989 1.8358650037220547 0.927
      vertex 5.765821069478989 1.3205892869404385 0.927
    endloop
  endfacet
  facet normal 1 0 0
    outer loop
      vertex 5.811592496931553 1.8114557170442174 1.127
      vertex 5.811592496931553 1.3205892869404385 0.927
      vertex 5.811592496931553 1.8114557170442174 0.927
    endloop
  endfacet
  facet normal -0.8247198432892404 -0.5655414928057628 0
    outer loop
      vertex 6.1721132174134254 1.2857142889073918 1.127
      vertex 5.811592496931553 1.8114557170442174 0.927
      vertex 6.1721132174134254 1.2857142889073918 0.927
    endloop
  endfacet
  facet normal -1 0 0
    outer loop
      vertex 6.168622501194477 1.4374221467546056 1.127
      vertex 6.168622501194477 1.8358650037220547 0.927
      vertex 6.168622501194477 1.4374221467546056 0.927
    endloop
  endfacet
  facet normal -1 0 0
    outer loop
      vertex 5.6908382177352905 1.2857142889073918 1.127
      vertex 5.6908382177352905 1.3088185765913556 1.127
      vertex 5.6908382177352905 1.3088185765913556 0.927
    endloop
  endfacet
  facet normal 0 -1 0
    outer loop
      vertex 5.6908382177352905 1.2857142889073918 1.127
      vertex 5.6908382177352905 1.2857142889073918 0.927
      vertex 5.890059642493725 1.2857142889073918 1.127
    endloop
  endfacet
  facet normal -0.15507956587606342 0.9879019831176025 0
    outer loop
      vertex 5.6908382177352905 1.3088185765913556 1.127
      vertex 5.765821069478989 1.3205892869404385 1.127
      vertex 5.765821069478989 1.3205892869404385 0.927
    endloop
  endfacet
  facet normal 0.14834832315856958 0.9889351723020274 0
    outer loop
      vertex 5.811592496931553 1.3205892869404385 1.127
      vertex 5.890059642493725 1.3088185765913556 1.127
      vertex 5.890059642493725 1.3088185765913556 0.927
    endloop
  endfacet
  facet normal 1 0 0
    outer loop
      vertex 5.890059642493725 1.2857142889073918 1.127
      vertex 5.890059642493725 1.2857142889073918 0.927
      vertex 5.890059642493725 1.3088185765913556 1.127
    endloop
  endfacet
  facet normal 0 0 1
    outer loop
      vertex 5.6908382177352905 1.2857142889073918 1.127
      vertex 5.765821069478989 1.3205892869404385 1.127
      vertex 5.6908382177352905 1.3088185765913556 1.127
    endloop
  endfacet
  facet normal 0 0 1
    outer loop
      vertex 5.6908382177352905 1.2857142889073918 1.127
      vertex 5.890059642493725 1.2857142889073918 1.127
      vertex 5.765821069478989 1.3205892869404385 1.127
    endloop
  endfacet
  facet normal 0 0 1
    outer loop
      vertex 5.765821069478989 1.3205892869404385 1.127
      vertex 5.890059642493725 1.2857142889073918 1.127
      vertex 5.811592496931553 1.3205892869404385 1.127
    endloop
  endfacet
  facet normal 0 0 1
    outer loop
      vertex 5.811592496931553 1.3205892869404385 1.127
      vertex 5.890059642493725 1.2857142889073918 1.127
      vertex 5.890059642493725 1.3088185765913556 1.127
    endloop
  endfacet
  facet normal 1 0 0
    outer loop
      vertex 5.811592496931553 1.3205892869404385 1.127
      vertex 5.811592496931553 1.3205892869404385 0.927
      vertex 5.811592496931553 1.8114557170442174 1.127
    endloop
  endfacet
  facet normal -1 0 0
    outer loop
      vertex 5.765821069478989 1.3205892869404385 1.127
      vertex 5.765821069478989 1.8358650037220547 1.127
      vertex 5.765821069478989 1.8358650037220547 0.927
    endloop
  endfacet
  facet normal 0 0 1
    outer loop
      vertex 5.765821069478989 1.3205892869404385 1.127
      vertex 5.811592496931553 1.3205892869404385 1.127
      vertex 5.811592496931553 1.8114557170442174 1.127
    endloop
  endfacet
  facet normal 0 0 1
    outer loop
      vertex 5.765821069478989 1.3205892869404385 1.127
      vertex 5.811592496931553 1.8114557170442174 1.127
      vertex 5.765821069478989 1.8358650037220547 1.127
    endloop
  endfacet
  facet normal 0 -1 0
    outer loop
      vertex 6.1721132174134254 1.2857142889073918 1.127
      vertex 6.1721132174134254 1.2857142889073918 0.927
      vertex 6.2144003584980965 1.2857142889073918 1.127
    endloop
  endfacet
  facet normal -0.8247198432892404 -0.5655414928057628 0
    outer loop
      vertex 5.811592496931553 1.8114557170442174 1.127
      vertex 5.811592496931553 1.8114557170442174 0.927
      vertex 6.1721132174134254 1.2857142889073918 1.127
    endloop
  endfacet
  facet normal 0.8212128103944284 0.5706220465808212 0
    outer loop
      vertex 5.867829643189907 1.870309291141374 1.127
      vertex 6.168622501194477 1.4374221467546056 1.127
      vertex 6.168622501194477 1.4374221467546056 0.927
    endloop
  endfacet
  facet normal 0 0 1
    outer loop
      vertex 5.811592496931553 1.8114557170442174 1.127
      vertex 6.1721132174134254 1.2857142889073918 1.127
      vertex 6.2144003584980965 1.2857142889073918 1.127
    endloop
  endfacet
  facet normal 0 0 1
    outer loop
      vertex 5.811592496931553 1.8114557170442174 1.127
      vertex 6.2144003584980965 1.2857142889073918 1.127
      vertex 6.168622501194477 1.4374221467546056 1.127
    endloop
  endfacet
  facet normal 1 0 0
    outer loop
      vertex 5.644591070711613 1.870309291141374 1.127
      vertex 5.644591070711613 1.8472050034574101 0.927
      vertex 5.644591070711613 1.870309291141374 0.927
    endloop
  endfacet
  facet normal -1 0 0
    outer loop
      vertex 5.6908382177352905 1.8472050034574101 1.127
      vertex 5.6908382177352905 1.870309291141374 0.927
      vertex 5.6908382177352905 1.8472050034574101 0.927
    endloop
  endfacet
  facet normal -0.14953417798120158 -0.9887565573059358 0
    outer loop
      vertex 5.765821069478989 1.8358650037220547 1.127
      vertex 5.6908382177352905 1.8472050034574101 0.927
      vertex 5.765821069478989 1.8358650037220547 0.927
    endloop
  endfacet
  facet normal 0 1 0
    outer loop
      vertex 5.6908382177352905 1.870309291141374 1.127
      vertex 5.867829643189907 1.870309291141374 0.927
      vertex 5.6908382177352905 1.870309291141374 0.927
    endloop
  endfacet
  facet normal 0.8212128103944284 0.5706220465808212 0
    outer loop
      vertex 5.867829643189907 1.870309291141374 1.127
      vertex 6.168622501194477 1.4374221467546056 0.927
      vertex 5.867829643189907 1.870309291141374 0.927
    endloop
  endfacet
  facet normal -1 0 0
    outer loop
      vertex 6.090155355632305 1.8472050034574101 1.127
      vertex 6.090155355632305 1.870309291141374 0.927
      vertex 6.090155355632305 1.8472050034574101 0.927
    endloop
  endfacet
  facet normal -0.143033121316813 -0.9897179023370092 0
    outer loop
      vertex 6.168622501194477 1.8358650037220547 1.127
      vertex 6.090155355632305 1.8472050034574101 0.927
      vertex 6.168622501194477 1.8358650037220547 0.927
    endloop
  endfacet
  facet normal 0 1 0
    outer loop
      vertex 6.090155355632305 1.870309291141374 1.127
      vertex 6.289383217692375 1.870309291141374 0.927
      vertex 6.090155355632305 1.870309291141374 0.927
    endloop
  endfacet
  facet normal 1 0 0
    outer loop
      vertex 5.644591070711613 1.8472050034574101 1.127
      vertex 5.644591070711613 1.8472050034574101 0.927
      vertex 5.644591070711613 1.870309291141374 1.127
    endloop
  endfacet
  facet normal -1 0 0
    outer loop
      vertex 5.6908382177352905 1.8472050034574101 1.127
      vertex 5.6908382177352905 1.870309291141374 1.127
      vertex 5.6908382177352905 1.870309291141374 0.927
    endloop
  endfacet
  facet normal -0.14953417798120158 -0.9887565573059358 0
    outer loop
      vertex 5.6908382177352905 1.8472050034574101 1.127
      vertex 5.6908382177352905 1.8472050034574101 0.927
      vertex 5.765821069478989 1.8358650037220547 1.127
    endloop
  endfacet
  facet normal 0 1 0
    outer loop
      vertex 5.6908382177352905 1.870309291141374 1.127
      vertex 5.867829643189907 1.870309291141374 1.127
      vertex 5.867829643189907 1.870309291141374 0.927
    endloop
  endfacet
  facet normal 0 0 1
    outer loop
      vertex 5.6908382177352905 1.8472050034574101 1.127
      vertex 5.765821069478989 1.8358650037220547 1.127
      vertex 5.6908382177352905 1.870309291141374 1.127
    endloop
  endfacet
  facet normal 0 0 1
    outer loop
      vertex 5.6908382177352905 1.870309291141374 1.127
      vertex 5.765821069478989 1.8358650037220547 1.127
      vertex 5.867829643189907 1.870309291141374 1.127
    endloop
  endfacet
  facet normal 0 0 1
    outer loop
      vertex 5.765821069478989 1.8358650037220547 1.127
      vertex 5.811592496931553 1.8114557170442174 1.127
      vertex 5.867829643189907 1.870309291141374 1.127
    endloop
  endfacet
  facet normal -1 0 0
    outer loop
      vertex 6.168622501194477 1.4374221467546056 1.127
      vertex 6.168622501194477 1.8358650037220547 1.127
      vertex 6.168622501194477 1.8358650037220547 0.927
    endloop
  endfacet
  facet normal -1 0 0
    outer loop
      vertex 6.090155355632305 1.8472050034574101 1.127
      vertex 6.090155355632305 1.870309291141374 1.127
      vertex 6.090155355632305 1.870309291141374 0.927
    endloop
  endfacet
  facet normal -0.143033121316813 -0.9897179023370092 0
    outer loop
      vertex 6.090155355632305 1.8472050034574101 1.127
      vertex 6.090155355632305 1.8472050034574101 0.927
      vertex 6.168622501194477 1.8358650037220547 1.127
    endloop
  endfacet
  facet normal 0 0 1
    outer loop
      vertex 5.811592496931553 1.8114557170442174 1.127
      vertex 6.168622501194477 1.4374221467546056 1.127
      vertex 5.867829643189907 1.870309291141374 1.127
    endloop
  endfacet
  facet normal 0 0 1
    outer loop
      vertex 6.168622501194477 1.4374221467546056 1.127
      vertex 6.2144003584980965 1.8358650037220547 1.127
      vertex 6.168622501194477 1.8358650037220547 1.127
    endloop
  endfacet
  facet normal 0 0 1
    outer loop
      vertex 6.090155355632305 1.8472050034574101 1.127
      vertex 6.168622501194477 1.8358650037220547 1.127
      vertex 6.090155355632305 1.870309291141374 1.127
    endloop
  endfacet
  facet normal 0 0 1
    outer loop
      vertex 6.090155355632305 1.870309291141374 1.127
      vertex 6.168622501194477 1.8358650037220547 1.127
      vertex 6.2144003584980965 1.8358650037220547 1.127
    endloop
  endfacet
  facet normal 0 -1 0
    outer loop
      vertex 6.2144003584980965 1.2857142889073918 1.127
      vertex 6.1721132174134254 1.2857142889073918 0.927
      vertex 6.2144003584980965 1.2857142889073918 0.927
    endloop
  endfacet
  facet normal -1 0 0
    outer loop
      vertex 6.335630357265472 1.2857142889073918 1.127
      vertex 6.335630357265472 1.3088185765913556 0.927
      vertex 6.335630357265472 1.2857142889073918 0.927
    endloop
  endfacet
  facet normal -0.15507955083735936 0.9879019854783585 0
    outer loop
      vertex 6.335630357265472 1.3088185765913556 1.127
      vertex 6.410613216459751 1.3205892869404385 0.927
      vertex 6.335630357265472 1.3088185765913556 0.927
    endloop
  endfacet
  facet normal 0 -1 0
    outer loop
      vertex 6.534851782023907 1.2857142889073918 1.127
      vertex 6.335630357265472 1.2857142889073918 0.927
      vertex 6.534851782023907 1.2857142889073918 0.927
    endloop
  endfacet
  facet normal 1 0 0
    outer loop
      vertex 6.2144003584980965 1.8358650037220547 1.127
      vertex 6.2144003584980965 1.2857142889073918 0.927
      vertex 6.2144003584980965 1.8358650037220547 0.927
    endloop
  endfacet
  facet normal -1 0 0
    outer loop
      vertex 6.410613216459751 1.3205892869404385 1.127
      vertex 6.410613216459751 1.8358650037220547 0.927
      vertex 6.410613216459751 1.3205892869404385 0.927
    endloop
  endfacet
  facet normal 1 0 0
    outer loop
      vertex 6.456384643912315 1.8114557170442174 1.127
      vertex 6.456384643912315 1.3205892869404385 0.927
      vertex 6.456384643912315 1.8114557170442174 0.927
    endloop
  endfacet
  facet normal 0.14834833693448887 0.9889351702355272 0
    outer loop
      vertex 6.456384643912315 1.3205892869404385 1.127
      vertex 6.534851782023907 1.3088185765913556 0.927
      vertex 6.456384643912315 1.3205892869404385 0.927
    endloop
  endfacet
  facet normal 1 0 0
    outer loop
      vertex 6.534851782023907 1.3088185765913556 1.127
      vertex 6.534851782023907 1.2857142889073918 0.927
      vertex 6.534851782023907 1.3088185765913556 0.927
    endloop
  endfacet
  facet normal -0.8247198487404801 -0.5655414848563096 0
    outer loop
      vertex 6.816905356943607 1.2857142889073918 1.127
      vertex 6.456384643912315 1.8114557170442174 0.927
      vertex 6.816905356943607 1.2857142889073918 0.927
    endloop
  endfacet
  facet normal -1 0 0
    outer loop
      vertex 6.335630357265472 1.2857142889073918 1.127
      vertex 6.335630357265472 1.3088185765913556 1.127
      vertex 6.335630357265472 1.3088185765913556 0.927
    endloop
  endfacet
  facet normal -0.15507955083735936 0.9879019854783585 0
    outer loop
      vertex 6.335630357265472 1.3088185765913556 1.127
      vertex 6.410613216459751 1.3205892869404385 1.127
      vertex 6.410613216459751 1.3205892869404385 0.927
    endloop
  endfacet
  facet normal 0 -1 0
    outer loop
      vertex 6.335630357265472 1.2857142889073918 1.127
      vertex 6.335630357265472 1.2857142889073918 0.927
      vertex 6.534851782023907 1.2857142889073918 1.127
    endloop
  endfacet
  facet normal 0 0 1
    outer loop
      vertex 6.335630357265472 1.2857142889073918 1.127
      vertex 6.410613216459751 1.3205892869404385 1.127
      vertex 6.335630357265472 1.3088185765913556 1.127
    endloop
  endfacet
  facet normal 0 0 1
    outer loop
      vertex 6.335630357265472 1.2857142889073918 1.127
      vertex 6.534851782023907 1.2857142889073918 1.127
      vertex 6.410613216459751 1.3205892869404385 1.127
    endloop
  endfacet
  facet normal 0 0 1
    outer loop
      vertex 6.410613216459751 1.3205892869404385 1.127
      vertex 6.534851782023907 1.2857142889073918 1.127
      vertex 6.456384643912315 1.3205892869404385 1.127
    endloop
  endfacet
  facet normal 1 0 0
    outer loop
      vertex 6.2144003584980965 1.2857142889073918 1.127
      vertex 6.2144003584980965 1.2857142889073918 0.927
      vertex 6.2144003584980965 1.8358650037220547 1.127
    endloop
  endfacet
  facet normal 1 0 0
    outer loop
      vertex 6.456384643912315 1.3205892869404385 1.127
      vertex 6.456384643912315 1.3205892869404385 0.927
      vertex 6.456384643912315 1.8114557170442174 1.127
    endloop
  endfacet
  facet normal -1 0 0
    outer loop
      vertex 6.410613216459751 1.3205892869404385 1.127
      vertex 6.410613216459751 1.8358650037220547 1.127
      vertex 6.410613216459751 1.8358650037220547 0.927
    endloop
  endfacet
  facet normal 0 0 1
    outer loop
      vertex 6.2144003584980965 1.2857142889073918 1.127
      vertex 6.2144003584980965 1.8358650037220547 1.127
      vertex 6.168622501194477 1.4374221467546056 1.127
    endloop
  endfacet
  facet normal 0 0 1
    outer loop
      vertex 6.410613216459751 1.3205892869404385 1.127
      vertex 6.456384643912315 1.3205892869404385 1.127
      vertex 6.456384643912315 1.8114557170442174 1.127
    endloop
  endfacet
  facet normal 0 0 1
    outer loop
      vertex 6.410613216459751 1.3205892869404385 1.127
      vertex 6.456384643912315 1.8114557170442174 1.127
      vertex 6.410613216459751 1.8358650037220547 1.127
    endloop
  endfacet
  facet normal 1 0 0
    outer loop
      vertex 6.534851782023907 1.2857142889073918 1.127
      vertex 6.534851782023907 1.2857142889073918 0.927
      vertex 6.534851782023907 1.3088185765913556 1.127
    endloop
  endfacet
  facet normal 0.14834833693448887 0.9889351702355272 0
    outer loop
      vertex 6.456384643912315 1.3205892869404385 1.127
      vertex 6.534851782023907 1.3088185765913556 1.127
      vertex 6.534851782023907 1.3088185765913556 0.927
    endloop
  endfacet
  facet normal 0 0 1
    outer loop
      vertex 6.456384643912315 1.3205892869404385 1.127
      vertex 6.534851782023907 1.2857142889073918 1.127
      vertex 6.534851782023907 1.3088185765913556 1.127
    endloop
  endfacet
  facet normal -0.8247198487404801 -0.5655414848563096 0
    outer loop
      vertex 6.456384643912315 1.8114557170442174 1.127
      vertex 6.456384643912315 1.8114557170442174 0.927
      vertex 6.816905356943607 1.2857142889073918 1.127
    endloop
  endfacet
  facet normal 0.8212128103944284 0.5706220465808212 0
    outer loop
      vertex 6.512621782720089 1.870309291141374 1.127
      vertex 6.813414640724659 1.4374221467546056 1.127
      vertex 6.813414640724659 1.4374221467546056 0.927
    endloop
  endfacet
  facet normal 0 0 1
    outer loop
      vertex 6.456384643912315 1.8114557170442174 1.127
      vertex 6.816905356943607 1.2857142889073918 1.127
      vertex 6.859192498028278 1.2857142889073918 1.127
    endloop
  endfacet
  facet normal 0 0 1
    outer loop
      vertex 6.456384643912315 1.8114557170442174 1.127
      vertex 6.859192498028278 1.2857142889073918 1.127
      vertex 6.813414640724659 1.4374221467546056 1.127
    endloop
  endfacet
  facet normal 0.149534163455158 -0.9887565595027757 0
    outer loop
      vertex 6.289383217692375 1.8472050034574101 1.127
      vertex 6.2144003584980965 1.8358650037220547 0.927
      vertex 6.289383217692375 1.8472050034574101 0.927
    endloop
  endfacet
  facet normal 1 0 0
    outer loop
      vertex 6.289383217692375 1.870309291141374 1.127
      vertex 6.289383217692375 1.8472050034574101 0.927
      vertex 6.289383217692375 1.870309291141374 0.927
    endloop
  endfacet
  facet normal -1 0 0
    outer loop
      vertex 6.335630357265472 1.8472050034574101 1.127
      vertex 6.335630357265472 1.870309291141374 0.927
      vertex 6.335630357265472 1.8472050034574101 0.927
    endloop
  endfacet
  facet normal -0.149534163455158 -0.9887565595027757 0
    outer loop
      vertex 6.410613216459751 1.8358650037220547 1.127
      vertex 6.335630357265472 1.8472050034574101 0.927
      vertex 6.410613216459751 1.8358650037220547 0.927
    endloop
  endfacet
  facet normal 0 1 0
    outer loop
      vertex 6.335630357265472 1.870309291141374 1.127
      vertex 6.512621782720089 1.870309291141374 0.927
      vertex 6.335630357265472 1.870309291141374 0.927
    endloop
  endfacet
  facet normal 0.8212128103944284 0.5706220465808212 0
    outer loop
      vertex 6.512621782720089 1.870309291141374 1.127
      vertex 6.813414640724659 1.4374221467546056 0.927
      vertex 6.512621782720089 1.870309291141374 0.927
    endloop
  endfacet
  facet normal -1 0 0
    outer loop
      vertex 6.734947502613068 1.8472050034574101 1.127
      vertex 6.734947502613068 1.870309291141374 0.927
      vertex 6.734947502613068 1.8472050034574101 0.927
    endloop
  endfacet
  facet normal 0.149534163455158 -0.9887565595027757 0
    outer loop
      vertex 6.2144003584980965 1.8358650037220547 1.127
      vertex 6.2144003584980965 1.8358650037220547 0.927
      vertex 6.289383217692375 1.8472050034574101 1.127
    endloop
  endfacet
  facet normal 0 1 0
    outer loop
      vertex 6.090155355632305 1.870309291141374 1.127
      vertex 6.289383217692375 1.870309291141374 1.127
      vertex 6.289383217692375 1.870309291141374 0.927
    endloop
  endfacet
  facet normal 1 0 0
    outer loop
      vertex 6.289383217692375 1.8472050034574101 1.127
      vertex 6.289383217692375 1.8472050034574101 0.927
      vertex 6.289383217692375 1.870309291141374 1.127
    endloop
  endfacet
  facet normal -1 0 0
    outer loop
      vertex 6.335630357265472 1.8472050034574101 1.127
      vertex 6.335630357265472 1.870309291141374 1.127
      vertex 6.335630357265472 1.870309291141374 0.927
    endloop
  endfacet
  facet normal -0.149534163455158 -0.9887565595027757 0
    outer loop
      vertex 6.335630357265472 1.8472050034574101 1.127
      vertex 6.335630357265472 1.8472050034574101 0.927
      vertex 6.410613216459751 1.8358650037220547 1.127
    endloop
  endfacet
  facet normal 0 1 0
    outer loop
      vertex 6.335630357265472 1.870309291141374 1.127
      vertex 6.512621782720089 1.870309291141374 1.127
      vertex 6.512621782720089 1.870309291141374 0.927
    endloop
  endfacet
  facet normal 0 0 1
    outer loop
      vertex 6.090155355632305 1.870309291141374 1.127
      vertex 6.2144003584980965 1.8358650037220547 1.127
      vertex 6.289383217692375 1.870309291141374 1.127
    endloop
  endfacet
  facet normal 0 0 1
    outer loop
      vertex 6.2144003584980965 1.8358650037220547 1.127
      vertex 6.289383217692375 1.8472050034574101 1.127
      vertex 6.289383217692375 1.870309291141374 1.127
    endloop
  endfacet
  facet normal 0 0 1
    outer loop
      vertex 6.335630357265472 1.8472050034574101 1.127
      vertex 6.410613216459751 1.8358650037220547 1.127
      vertex 6.335630357265472 1.870309291141374 1.127
    endloop
  endfacet
  facet normal 0 0 1
    outer loop
      vertex 6.335630357265472 1.870309291141374 1.127
      vertex 6.410613216459751 1.8358650037220547 1.127
      vertex 6.512621782720089 1.870309291141374 1.127
    endloop
  endfacet
  facet normal 0 0 1
    outer loop
      vertex 6.410613216459751 1.8358650037220547 1.127
      vertex 6.456384643912315 1.8114557170442174 1.127
      vertex 6.512621782720089 1.870309291141374 1.127
    endloop
  endfacet
  facet normal -1 0 0
    outer loop
      vertex 6.734947502613068 1.8472050034574101 1.127
      vertex 6.734947502613068 1.870309291141374 1.127
      vertex 6.734947502613068 1.870309291141374 0.927
    endloop
  endfacet
  facet normal 0 0 1
    outer loop
      vertex 6.456384643912315 1.8114557170442174 1.127
      vertex 6.813414640724659 1.4374221467546056 1.127
      vertex 6.512621782720089 1.870309291141374 1.127
    endloop
  endfacet
  facet normal -0.8418240454151271 -0.539752051002041 0
    outer loop
      vertex 4.5819321423769 2.57142857249294 1.127
      vertex 4.417579285800457 2.8277614318898747 0.927
      vertex 4.5819321423769 2.57142857249294 0.927
    endloop
  endfacet
  facet normal 0.8279910280887874 0.5607413462591045 0
    outer loop
      vertex 4.500411428511143 2.839969290154321 1.127
      vertex 4.658657141029835 2.606303570525987 0.927
      vertex 4.500411428511143 2.839969290154321 0.927
    endloop
  endfacet
  facet normal 0 -1 0
    outer loop
      vertex 4.721862860023975 2.57142857249294 1.127
      vertex 4.5819321423769 2.57142857249294 0.927
      vertex 4.721862860023975 2.57142857249294 0.927
    endloop
  endfacet
  facet normal 0.1830809019393119 0.9830978503409964 0
    outer loop
      vertex 4.658657141029835 2.606303570525987 1.127
      vertex 4.721862860023975 2.594532860176904 0.927
      vertex 4.658657141029835 2.606303570525987 0.927
    endloop
  endfacet
  facet normal 1 0 0
    outer loop
      vertex 4.721862860023975 2.594532860176904 1.127
      vertex 4.721862860023975 2.57142857249294 0.927
      vertex 4.721862860023975 2.594532860176904 0.927
    endloop
  endfacet
  facet normal -1 0 0
    outer loop
      vertex 4.74893356859684 2.57142857249294 1.127
      vertex 4.74893356859684 2.594532860176904 0.927
      vertex 4.74893356859684 2.57142857249294 0.927
    endloop
  endfacet
  facet normal -0.15507955083735936 0.9879019854783585 0
    outer loop
      vertex 4.74893356859684 2.594532860176904 1.127
      vertex 4.823916427791119 2.606303570525987 0.927
      vertex 4.74893356859684 2.594532860176904 0.927
    endloop
  endfacet
  facet normal 0 -1 0
    outer loop
      vertex 4.948155000805855 2.57142857249294 1.127
      vertex 4.74893356859684 2.57142857249294 0.927
      vertex 4.948155000805855 2.57142857249294 0.927
    endloop
  endfacet
  facet normal 0.14834832315856958 0.9889351723020274 0
    outer loop
      vertex 4.869687855243683 2.606303570525987 1.127
      vertex 4.948155000805855 2.594532860176904 0.927
      vertex 4.869687855243683 2.606303570525987 0.927
    endloop
  endfacet
  facet normal -1 0 0
    outer loop
      vertex 4.823916427791119 2.606303570525987 1.127
      vertex 4.823916427791119 3.121579287307603 0.927
      vertex 4.823916427791119 2.606303570525987 0.927
    endloop
  endfacet
  facet normal 1 0 0
    outer loop
      vertex 4.948155000805855 2.594532860176904 1.127
      vertex 4.948155000805855 2.57142857249294 0.927
      vertex 4.948155000805855 2.594532860176904 0.927
    endloop
  endfacet
  facet normal -0.9200506844601039 -0.39179935939775895 0
    outer loop
      vertex 5.083733573555946 2.57142857249294 1.127
      vertex 4.869687855243683 3.074065712945802 0.927
      vertex 5.083733573555946 2.57142857249294 0.927
    endloop
  endfacet
  facet normal 0 -1 0
    outer loop
      vertex 4.5819321423769 2.57142857249294 1.127
      vertex 4.5819321423769 2.57142857249294 0.927
      vertex 4.721862860023975 2.57142857249294 1.127
    endloop
  endfacet
  facet normal 0.8279910280887874 0.5607413462591045 0
    outer loop
      vertex 4.500411428511143 2.839969290154321 1.127
      vertex 4.658657141029835 2.606303570525987 1.127
      vertex 4.658657141029835 2.606303570525987 0.927
    endloop
  endfacet
  facet normal 0.1830809019393119 0.9830978503409964 0
    outer loop
      vertex 4.658657141029835 2.606303570525987 1.127
      vertex 4.721862860023975 2.594532860176904 1.127
      vertex 4.721862860023975 2.594532860176904 0.927
    endloop
  endfacet
  facet normal 1 0 0
    outer loop
      vertex 4.721862860023975 2.57142857249294 1.127
      vertex 4.721862860023975 2.57142857249294 0.927
      vertex 4.721862860023975 2.594532860176904 1.127
    endloop
  endfacet
  facet normal -1 0 0
    outer loop
      vertex 4.74893356859684 2.57142857249294 1.127
      vertex 4.74893356859684 2.594532860176904 1.127
      vertex 4.74893356859684 2.594532860176904 0.927
    endloop
  endfacet
  facet normal 0 0 1
    outer loop
      vertex 4.5819321423769 2.57142857249294 1.127
      vertex 4.658657141029835 2.606303570525987 1.127
      vertex 4.500411428511143 2.839969290154321 1.127
    endloop
  endfacet
  facet normal 0 0 1
    outer loop
      vertex 4.5819321423769 2.57142857249294 1.127
      vertex 4.721862860023975 2.57142857249294 1.127
      vertex 4.658657141029835 2.606303570525987 1.127
    endloop
  endfacet
  facet normal 0 0 1
    outer loop
      vertex 4.721862860023975 2.57142857249294 1.127
      vertex 4.721862860023975 2.594532860176904 1.127
      vertex 4.658657141029835 2.606303570525987 1.127
    endloop
  endfacet
  facet normal 0 0 1
    outer loop
      vertex 4.74893356859684 2.57142857249294 1.127
      vertex 4.823916427791119 2.606303570525987 1.127
      vertex 4.74893356859684 2.594532860176904 1.127
    endloop
  endfacet
  facet normal 0 -1 0
    outer loop
      vertex 4.74893356859684 2.57142857249294 1.127
      vertex 4.74893356859684 2.57142857249294 0.927
      vertex 4.948155000805855 2.57142857249294 1.127
    endloop
  endfacet
  facet normal -0.15507955083735936 0.9879019854783585 0
    outer loop
      vertex 4.74893356859684 2.594532860176904 1.127
      vertex 4.823916427791119 2.606303570525987 1.127
      vertex 4.823916427791119 2.606303570525987 0.927
    endloop
  endfacet
  facet normal 1 0 0
    outer loop
      vertex 4.869687855243683 2.606303570525987 1.127
      vertex 4.869687855243683 2.606303570525987 0.927
      vertex 4.869687855243683 3.074065712945802 1.127
    endloop
  endfacet
  facet normal 0.14834832315856958 0.9889351723020274 0
    outer loop
      vertex 4.869687855243683 2.606303570525987 1.127
      vertex 4.948155000805855 2.594532860176904 1.127
      vertex 4.948155000805855 2.594532860176904 0.927
    endloop
  endfacet
  facet normal 1 0 0
    outer loop
      vertex 4.948155000805855 2.57142857249294 1.127
      vertex 4.948155000805855 2.57142857249294 0.927
      vertex 4.948155000805855 2.594532860176904 1.127
    endloop
  endfacet
  facet normal 0 0 1
    outer loop
      vertex 4.74893356859684 2.57142857249294 1.127
      vertex 4.948155000805855 2.57142857249294 1.127
      vertex 4.823916427791119 2.606303570525987 1.127
    endloop
  endfacet
  facet normal 0 0 1
    outer loop
      vertex 4.823916427791119 2.606303570525987 1.127
      vertex 4.948155000805855 2.57142857249294 1.127
      vertex 4.869687855243683 2.606303570525987 1.127
    endloop
  endfacet
  facet normal 0 0 1
    outer loop
      vertex 4.823916427791119 2.606303570525987 1.127
      vertex 4.869687855243683 2.606303570525987 1.127
      vertex 4.869687855243683 3.074065712945802 1.127
    endloop
  endfacet
  facet normal 0 0 1
    outer loop
      vertex 4.948155000805855 2.57142857249294 1.127
      vertex 4.948155000805855 2.594532860176904 1.127
      vertex 4.869687855243683 2.606303570525987 1.127
    endloop
  endfacet
  facet normal 0 0 1
    outer loop
      vertex 5.083733573555946 2.57142857249294 1.127
      vertex 5.0989885702729225 2.57142857249294 1.127
      vertex 4.869687855243683 3.074065712945802 1.127
    endloop
  endfacet
  facet normal 0 0 1
    outer loop
      vertex 5.0989885702729225 2.57142857249294 1.127
      vertex 5.115992143750191 2.7113657125404904 1.127
      vertex 4.869687855243683 3.074065712945802 1.127
    endloop
  endfacet
  facet normal 0.41768343860907187 -0.9085926177950719 0
    outer loop
      vertex 4.5505446419119835 2.863015716629369 1.127
      vertex 4.500411428511143 2.839969290154321 0.927
      vertex 4.5505446419119835 2.863015716629369 0.927
    endloop
  endfacet
  facet normal -0.844732926681597 0.5351880815002737 0
    outer loop
      vertex 4.500623568892479 2.895981428878648 1.127
      vertex 4.525309287011623 2.934945000069482 0.927
      vertex 4.500623568892479 2.895981428878648 0.927
    endloop
  endfacet
  facet normal 0.688650977881346 -0.725092980701831 0
    outer loop
      vertex 4.588469997048378 2.8990350046328137 1.127
      vertex 4.5505446419119835 2.863015716629369 0.927
      vertex 4.588469997048378 2.8990350046328137 0.927
    endloop
  endfacet
  facet normal 0.8895963867074719 -0.45674748905386436 0
    outer loop
      vertex 4.612336069345474 2.945518394666059 1.127
      vertex 4.588469997048378 2.8990350046328137 0.927
      vertex 4.612336069345474 2.945518394666059 0.927
    endloop
  endfacet
  facet normal -0.9903835553861057 0.13834888225344155 0
    outer loop
      vertex 4.525309287011623 2.934945000069482 1.127
      vertex 4.533537857234478 2.9938499980739186 0.927
      vertex 4.525309287011623 2.934945000069482 0.927
    endloop
  endfacet
  facet normal -0.9900257631767518 -0.14088643741073884 0
    outer loop
      vertex 4.533537857234478 2.9938499980739186 1.127
      vertex 4.525418572127819 3.050905180828912 0.927
      vertex 4.533537857234478 2.9938499980739186 0.927
    endloop
  endfacet
  facet normal -0.8403302812682348 -0.5420747350538018 0
    outer loop
      vertex 4.525418572127819 3.050905180828912 1.127
      vertex 4.501060716807842 3.088664998965604 0.927
      vertex 4.525418572127819 3.050905180828912 0.927
    endloop
  endfacet
  facet normal 0.9894904409447306 -0.1445982962520741 0
    outer loop
      vertex 4.62029142677784 2.9999571421316693 1.127
      vertex 4.612336069345474 2.945518394666059 0.927
      vertex 4.62029142677784 2.9999571421316693 0.927
    endloop
  endfacet
  facet normal 0.9833285022575033 0.1818379956115201 0
    outer loop
      vertex 4.607212498784065 3.07068428929363 1.127
      vertex 4.62029142677784 2.9999571421316693 0.927
      vertex 4.607212498784065 3.07068428929363 0.927
    endloop
  endfacet
  facet normal 0.3846785034630647 0.9230506210243385 0
    outer loop
      vertex 4.501279287040234 3.1467583903244565 1.127
      vertex 4.567975714802742 3.118962859468801 0.927
      vertex 4.501279287040234 3.1467583903244565 0.927
    endloop
  endfacet
  facet normal 0.7760318189139698 0.6306937577248372 0
    outer loop
      vertex 4.567975714802742 3.118962859468801 1.127
      vertex 4.607212498784065 3.07068428929363 0.927
      vertex 4.567975714802742 3.118962859468801 0.927
    endloop
  endfacet
  facet normal -1 0 0
    outer loop
      vertex 4.74893356859684 3.1329192870429585 1.127
      vertex 4.74893356859684 3.1560235747269223 0.927
      vertex 4.74893356859684 3.1329192870429585 0.927
    endloop
  endfacet
  facet normal 1 0 0
    outer loop
      vertex 4.869687855243683 3.074065712945802 1.127
      vertex 4.869687855243683 2.606303570525987 0.927
      vertex 4.869687855243683 3.074065712945802 0.927
    endloop
  endfacet
  facet normal 0.9195193640023299 0.3930447038502753 0
    outer loop
      vertex 4.925925001502037 3.1560235747269223 1.127
      vertex 5.115992143750191 2.7113657125404904 0.927
      vertex 4.925925001502037 3.1560235747269223 0.927
    endloop
  endfacet
  facet normal -0.149534163455158 -0.9887565595027757 0
    outer loop
      vertex 4.823916427791119 3.121579287307603 1.127
      vertex 4.74893356859684 3.1329192870429585 0.927
      vertex 4.823916427791119 3.121579287307603 0.927
    endloop
  endfacet
  facet normal 0 1 0
    outer loop
      vertex 4.74893356859684 3.1560235747269223 1.127
      vertex 4.925925001502037 3.1560235747269223 0.927
      vertex 4.74893356859684 3.1560235747269223 0.927
    endloop
  endfacet
  facet normal 0.41768343860907187 -0.9085926177950719 0
    outer loop
      vertex 4.500411428511143 2.839969290154321 1.127
      vertex 4.500411428511143 2.839969290154321 0.927
      vertex 4.5505446419119835 2.863015716629369 1.127
    endloop
  endfacet
  facet normal 0.688650977881346 -0.725092980701831 0
    outer loop
      vertex 4.5505446419119835 2.863015716629369 1.127
      vertex 4.5505446419119835 2.863015716629369 0.927
      vertex 4.588469997048378 2.8990350046328137 1.127
    endloop
  endfacet
  facet normal -0.844732926681597 0.5351880815002737 0
    outer loop
      vertex 4.500623568892479 2.895981428878648 1.127
      vertex 4.525309287011623 2.934945000069482 1.127
      vertex 4.525309287011623 2.934945000069482 0.927
    endloop
  endfacet
  facet normal 0.8895963867074719 -0.45674748905386436 0
    outer loop
      vertex 4.588469997048378 2.8990350046328137 1.127
      vertex 4.588469997048378 2.8990350046328137 0.927
      vertex 4.612336069345474 2.945518394666059 1.127
    endloop
  endfacet
  facet normal -0.9903835553861057 0.13834888225344155 0
    outer loop
      vertex 4.525309287011623 2.934945000069482 1.127
      vertex 4.533537857234478 2.9938499980739186 1.127
      vertex 4.533537857234478 2.9938499980739186 0.927
    endloop
  endfacet
  facet normal -0.9900257631767518 -0.14088643741073884 0
    outer loop
      vertex 4.533537857234478 2.9938499980739186 1.127
      vertex 4.525418572127819 3.050905180828912 1.127
      vertex 4.525418572127819 3.050905180828912 0.927
    endloop
  endfacet
  facet normal -0.8403302812682348 -0.5420747350538018 0
    outer loop
      vertex 4.525418572127819 3.050905180828912 1.127
      vertex 4.501060716807842 3.088664998965604 1.127
      vertex 4.501060716807842 3.088664998965604 0.927
    endloop
  endfacet
  facet normal 0.9894904409447306 -0.1445982962520741 0
    outer loop
      vertex 4.612336069345474 2.945518394666059 1.127
      vertex 4.612336069345474 2.945518394666059 0.927
      vertex 4.62029142677784 2.9999571421316693 1.127
    endloop
  endfacet
  facet normal 0.7760318189139698 0.6306937577248372 0
    outer loop
      vertex 4.567975714802742 3.118962859468801 1.127
      vertex 4.607212498784065 3.07068428929363 1.127
      vertex 4.607212498784065 3.07068428929363 0.927
    endloop
  endfacet
  facet normal 0.9833285022575033 0.1818379956115201 0
    outer loop
      vertex 4.62029142677784 2.9999571421316693 1.127
      vertex 4.62029142677784 2.9999571421316693 0.927
      vertex 4.607212498784065 3.07068428929363 1.127
    endloop
  endfacet
  facet normal 0 0 1
    outer loop
      vertex 4.500411428511143 2.839969290154321 1.127
      vertex 4.5505446419119835 2.863015716629369 1.127
      vertex 4.500623568892479 2.895981428878648 1.127
    endloop
  endfacet
  facet normal 0 0 1
    outer loop
      vertex 4.500623568892479 2.895981428878648 1.127
      vertex 4.5505446419119835 2.863015716629369 1.127
      vertex 4.525309287011623 2.934945000069482 1.127
    endloop
  endfacet
  facet normal 0 0 1
    outer loop
      vertex 4.525309287011623 2.934945000069482 1.127
      vertex 4.5505446419119835 2.863015716629369 1.127
      vertex 4.588469997048378 2.8990350046328137 1.127
    endloop
  endfacet
  facet normal 0 0 1
    outer loop
      vertex 4.525309287011623 2.934945000069482 1.127
      vertex 4.588469997048378 2.8990350046328137 1.127
      vertex 4.612336069345474 2.945518394666059 1.127
    endloop
  endfacet
  facet normal 0 0 1
    outer loop
      vertex 4.525309287011623 2.934945000069482 1.127
      vertex 4.612336069345474 2.945518394666059 1.127
      vertex 4.533537857234478 2.9938499980739186 1.127
    endloop
  endfacet
  facet normal 0 0 1
    outer loop
      vertex 4.533537857234478 2.9938499980739186 1.127
      vertex 4.62029142677784 2.9999571421316693 1.127
      vertex 4.525418572127819 3.050905180828912 1.127
    endloop
  endfacet
  facet normal 0 0 1
    outer loop
      vertex 4.525418572127819 3.050905180828912 1.127
      vertex 4.567975714802742 3.118962859468801 1.127
      vertex 4.501060716807842 3.088664998965604 1.127
    endloop
  endfacet
  facet normal 0 0 1
    outer loop
      vertex 4.525418572127819 3.050905180828912 1.127
      vertex 4.607212498784065 3.07068428929363 1.127
      vertex 4.567975714802742 3.118962859468801 1.127
    endloop
  endfacet
  facet normal 0 0 1
    outer loop
      vertex 4.533537857234478 2.9938499980739186 1.127
      vertex 4.612336069345474 2.945518394666059 1.127
      vertex 4.62029142677784 2.9999571421316693 1.127
    endloop
  endfacet
  facet normal 0 0 1
    outer loop
      vertex 4.62029142677784 2.9999571421316693 1.127
      vertex 4.607212498784065 3.07068428929363 1.127
      vertex 4.525418572127819 3.050905180828912 1.127
    endloop
  endfacet
  facet normal 0.3846785034630647 0.9230506210243385 0
    outer loop
      vertex 4.501279287040234 3.1467583903244565 1.127
      vertex 4.567975714802742 3.118962859468801 1.127
      vertex 4.567975714802742 3.118962859468801 0.927
    endloop
  endfacet
  facet normal -1 0 0
    outer loop
      vertex 4.74893356859684 3.1329192870429585 1.127
      vertex 4.74893356859684 3.1560235747269223 1.127
      vertex 4.74893356859684 3.1560235747269223 0.927
    endloop
  endfacet
  facet normal -0.149534163455158 -0.9887565595027757 0
    outer loop
      vertex 4.74893356859684 3.1329192870429585 1.127
      vertex 4.74893356859684 3.1329192870429585 0.927
      vertex 4.823916427791119 3.121579287307603 1.127
    endloop
  endfacet
  facet normal 0 0 1
    outer loop
      vertex 4.501060716807842 3.088664998965604 1.127
      vertex 4.567975714802742 3.118962859468801 1.127
      vertex 4.501279287040234 3.1467583903244565 1.127
    endloop
  endfacet
  facet normal 0 0 1
    outer loop
      vertex 4.74893356859684 3.1329192870429585 1.127
      vertex 4.823916427791119 3.121579287307603 1.127
      vertex 4.74893356859684 3.1560235747269223 1.127
    endloop
  endfacet
  facet normal -1 0 0
    outer loop
      vertex 4.823916427791119 2.606303570525987 1.127
      vertex 4.823916427791119 3.121579287307603 1.127
      vertex 4.823916427791119 3.121579287307603 0.927
    endloop
  endfacet
  facet normal -0.9200506844601039 -0.39179935939775895 0
    outer loop
      vertex 5.083733573555946 2.57142857249294 1.127
      vertex 4.869687855243683 3.074065712945802 1.127
      vertex 4.869687855243683 3.074065712945802 0.927
    endloop
  endfacet
  facet normal 0.9195193640023299 0.3930447038502753 0
    outer loop
      vertex 5.115992143750191 2.7113657125404904 1.127
      vertex 5.115992143750191 2.7113657125404904 0.927
      vertex 4.925925001502037 3.1560235747269223 1.127
    endloop
  endfacet
  facet normal 0 0 1
    outer loop
      vertex 4.823916427791119 2.606303570525987 1.127
      vertex 4.869687855243683 3.074065712945802 1.127
      vertex 4.823916427791119 3.121579287307603 1.127
    endloop
  endfacet
  facet normal 0 0 1
    outer loop
      vertex 5.115992143750191 2.7113657125404904 1.127
      vertex 4.925925001502037 3.1560235747269223 1.127
      vertex 4.869687855243683 3.074065712945802 1.127
    endloop
  endfacet
  facet normal 0 1 0
    outer loop
      vertex 4.74893356859684 3.1560235747269223 1.127
      vertex 4.925925001502037 3.1560235747269223 1.127
      vertex 4.925925001502037 3.1560235747269223 0.927
    endloop
  endfacet
  facet normal 0 0 1
    outer loop
      vertex 4.74893356859684 3.1560235747269223 1.127
      vertex 4.823916427791119 3.121579287307603 1.127
      vertex 4.925925001502037 3.1560235747269223 1.127
    endloop
  endfacet
  facet normal 0 0 1
    outer loop
      vertex 4.823916427791119 3.121579287307603 1.127
      vertex 4.869687855243683 3.074065712945802 1.127
      vertex 4.925925001502037 3.1560235747269223 1.127
    endloop
  endfacet
  facet normal 0 -1 0
    outer loop
      vertex 5.0989885702729225 2.57142857249294 1.127
      vertex 5.083733573555946 2.57142857249294 0.927
      vertex 5.0989885702729225 2.57142857249294 0.927
    endloop
  endfacet
  facet normal -1 0 0
    outer loop
      vertex 5.253749996423721 2.57142857249294 1.127
      vertex 5.253749996423721 2.594532860176904 0.927
      vertex 5.253749996423721 2.57142857249294 0.927
    endloop
  endfacet
  facet normal -0.14834832315856958 0.9889351723020274 0
    outer loop
      vertex 5.253749996423721 2.594532860176904 1.127
      vertex 5.332217141985893 2.606303570525987 0.927
      vertex 5.253749996423721 2.594532860176904 0.927
    endloop
  endfacet
  facet normal -1 0 0
    outer loop
      vertex 5.332217141985893 2.606303570525987 1.127
      vertex 5.332217141985893 3.074065712945802 0.927
      vertex 5.332217141985893 2.606303570525987 0.927
    endloop
  endfacet
  facet normal 0 -1 0
    outer loop
      vertex 5.490900002419949 2.57142857249294 1.127
      vertex 5.253749996423721 2.57142857249294 0.927
      vertex 5.490900002419949 2.57142857249294 0.927
    endloop
  endfacet
  facet normal 0.15507955083735936 0.9879019854783585 0
    outer loop
      vertex 5.41591714322567 2.606303570525987 1.127
      vertex 5.490900002419949 2.594532860176904 0.927
      vertex 5.41591714322567 2.606303570525987 0.927
    endloop
  endfacet
  facet normal 1 0 0
    outer loop
      vertex 5.41591714322567 2.606303570525987 1.127
      vertex 5.41591714322567 2.606303570525987 0.927
      vertex 5.41591714322567 3.121579287307603 0.927
    endloop
  endfacet
  facet normal 1 0 0
    outer loop
      vertex 5.490900002419949 2.594532860176904 1.127
      vertex 5.490900002419949 2.57142857249294 0.927
      vertex 5.490900002419949 2.594532860176904 0.927
    endloop
  endfacet
  facet normal 0 -1 0
    outer loop
      vertex 5.083733573555946 2.57142857249294 1.127
      vertex 5.083733573555946 2.57142857249294 0.927
      vertex 5.0989885702729225 2.57142857249294 1.127
    endloop
  endfacet
  facet normal 0.9071045316918039 -0.42090541524693276 0
    outer loop
      vertex 5.0989885702729225 2.57142857249294 1.127
      vertex 5.0989885702729225 2.57142857249294 0.927
      vertex 5.332217141985893 3.074065712945802 1.127
    endloop
  endfacet
  facet normal -1 0 0
    outer loop
      vertex 5.253749996423721 2.57142857249294 1.127
      vertex 5.253749996423721 2.594532860176904 1.127
      vertex 5.253749996423721 2.594532860176904 0.927
    endloop
  endfacet
  facet normal 0 -1 0
    outer loop
      vertex 5.253749996423721 2.57142857249294 1.127
      vertex 5.253749996423721 2.57142857249294 0.927
      vertex 5.490900002419949 2.57142857249294 1.127
    endloop
  endfacet
  facet normal -0.14834832315856958 0.9889351723020274 0
    outer loop
      vertex 5.253749996423721 2.594532860176904 1.127
      vertex 5.332217141985893 2.606303570525987 1.127
      vertex 5.332217141985893 2.606303570525987 0.927
    endloop
  endfacet
  facet normal 0 0 1
    outer loop
      vertex 5.0989885702729225 2.57142857249294 1.127
      vertex 5.332217141985893 3.074065712945802 1.127
      vertex 5.115992143750191 2.7113657125404904 1.127
    endloop
  endfacet
  facet normal 0 0 1
    outer loop
      vertex 5.253749996423721 2.57142857249294 1.127
      vertex 5.332217141985893 2.606303570525987 1.127
      vertex 5.253749996423721 2.594532860176904 1.127
    endloop
  endfacet
  facet normal 0.15507955083735936 0.9879019854783585 0
    outer loop
      vertex 5.41591714322567 2.606303570525987 1.127
      vertex 5.490900002419949 2.594532860176904 1.127
      vertex 5.490900002419949 2.594532860176904 0.927
    endloop
  endfacet
  facet normal 1 0 0
    outer loop
      vertex 5.490900002419949 2.57142857249294 1.127
      vertex 5.490900002419949 2.57142857249294 0.927
      vertex 5.490900002419949 2.594532860176904 1.127
    endloop
  endfacet
  facet normal 0 0 1
    outer loop
      vertex 5.253749996423721 2.57142857249294 1.127
      vertex 5.490900002419949 2.57142857249294 1.127
      vertex 5.332217141985893 2.606303570525987 1.127
    endloop
  endfacet
  facet normal 0 0 1
    outer loop
      vertex 5.490900002419949 2.57142857249294 1.127
      vertex 5.41591714322567 2.606303570525987 1.127
      vertex 5.332217141985893 2.606303570525987 1.127
    endloop
  endfacet
  facet normal 0 0 1
    outer loop
      vertex 5.490900002419949 2.57142857249294 1.127
      vertex 5.490900002419949 2.594532860176904 1.127
      vertex 5.41591714322567 2.606303570525987 1.127
    endloop
  endfacet
  facet normal 0 0 1
    outer loop
      vertex 5.332217141985893 2.606303570525987 1.127
      vertex 5.41591714322567 2.606303570525987 1.127
      vertex 5.332217141985893 3.074065712945802 1.127
    endloop
  endfacet
  facet normal -0.9061824731825282 0.4228868942126214 0
    outer loop
      vertex 5.115992143750191 2.7113657125404904 1.127
      vertex 5.323499999940395 3.1560235747269223 0.927
      vertex 5.115992143750191 2.7113657125404904 0.927
    endloop
  endfacet
  facet normal 0.9071045316918039 -0.42090541524693276 0
    outer loop
      vertex 5.332217141985893 3.074065712945802 1.127
      vertex 5.0989885702729225 2.57142857249294 0.927
      vertex 5.332217141985893 3.074065712945802 0.927
    endloop
  endfacet
  facet normal 0 1 0
    outer loop
      vertex 5.323499999940395 3.1560235747269223 1.127
      vertex 5.490900002419949 3.1560235747269223 0.927
      vertex 5.323499999940395 3.1560235747269223 0.927
    endloop
  endfacet
  facet normal 0.149534163455158 -0.9887565595027757 0
    outer loop
      vertex 5.490900002419949 3.1329192870429585 1.127
      vertex 5.41591714322567 3.121579287307603 0.927
      vertex 5.490900002419949 3.1329192870429585 0.927
    endloop
  endfacet
  facet normal 1 0 0
    outer loop
      vertex 5.490900002419949 3.1560235747269223 1.127
      vertex 5.490900002419949 3.1329192870429585 0.927
      vertex 5.490900002419949 3.1560235747269223 0.927
    endloop
  endfacet
  facet normal -1 0 0
    outer loop
      vertex 5.332217141985893 2.606303570525987 1.127
      vertex 5.332217141985893 3.074065712945802 1.127
      vertex 5.332217141985893 3.074065712945802 0.927
    endloop
  endfacet
  facet normal -0.9061824731825282 0.4228868942126214 0
    outer loop
      vertex 5.115992143750191 2.7113657125404904 1.127
      vertex 5.323499999940395 3.1560235747269223 1.127
      vertex 5.323499999940395 3.1560235747269223 0.927
    endloop
  endfacet
  facet normal 0 0 1
    outer loop
      vertex 5.115992143750191 2.7113657125404904 1.127
      vertex 5.332217141985893 3.074065712945802 1.127
      vertex 5.323499999940395 3.1560235747269223 1.127
    endloop
  endfacet
  facet normal 1 0 0
    outer loop
      vertex 5.41591714322567 2.606303570525987 1.127
      vertex 5.41591714322567 3.121579287307603 0.927
      vertex 5.41591714322567 3.121579287307603 1.127
    endloop
  endfacet
  facet normal 0 0 1
    outer loop
      vertex 5.41591714322567 2.606303570525987 1.127
      vertex 5.323499999940395 3.1560235747269223 1.127
      vertex 5.332217141985893 3.074065712945802 1.127
    endloop
  endfacet
  facet normal 0 0 1
    outer loop
      vertex 5.41591714322567 2.606303570525987 1.127
      vertex 5.41591714322567 3.121579287307603 1.127
      vertex 5.323499999940395 3.1560235747269223 1.127
    endloop
  endfacet
  facet normal 0.149534163455158 -0.9887565595027757 0
    outer loop
      vertex 5.41591714322567 3.121579287307603 1.127
      vertex 5.41591714322567 3.121579287307603 0.927
      vertex 5.490900002419949 3.1329192870429585 1.127
    endloop
  endfacet
  facet normal 0 1 0
    outer loop
      vertex 5.323499999940395 3.1560235747269223 1.127
      vertex 5.490900002419949 3.1560235747269223 1.127
      vertex 5.490900002419949 3.1560235747269223 0.927
    endloop
  endfacet
  facet normal 1 0 0
    outer loop
      vertex 5.490900002419949 3.1329192870429585 1.127
      vertex 5.490900002419949 3.1329192870429585 0.927
      vertex 5.490900002419949 3.1560235747269223 1.127
    endloop
  endfacet
  facet normal 0 0 1
    outer loop
      vertex 5.323499999940395 3.1560235747269223 1.127
      vertex 5.41591714322567 3.121579287307603 1.127
      vertex 5.490900002419949 3.1560235747269223 1.127
    endloop
  endfacet
  facet normal 0 0 1
    outer loop
      vertex 5.41591714322567 3.121579287307603 1.127
      vertex 5.490900002419949 3.1329192870429585 1.127
      vertex 5.490900002419949 3.1560235747269223 1.127
    endloop
  endfacet
  facet normal -0.5211469914972107 -0.8534669374108209 0
    outer loop
      vertex 4.710993751883507 3.867769283907754 1.127
      vertex 4.615958571434021 3.9258000009826253 0.927
      vertex 4.710993751883507 3.867769283907754 0.927
    endloop
  endfacet
  facet normal 0.6059529009402413 0.7955005228421324 0
    outer loop
      vertex 4.681568570435047 3.9491228588989804 1.127
      vertex 4.7476687505841255 3.8987726771405766 0.927
      vertex 4.681568570435047 3.9491228588989804 0.927
    endloop
  endfacet
  facet normal 0.18210550894174996 0.9832789958160738 0
    outer loop
      vertex 4.7476687505841255 3.8987726771405766 1.127
      vertex 4.838290713727474 3.8819892832211087 0.927
      vertex 4.7476687505841255 3.8987726771405766 0.927
    endloop
  endfacet
  facet normal -0.1512469333962624 -0.98849601169566 0
    outer loop
      vertex 4.837416425347328 3.8484257140329907 1.127
      vertex 4.710993751883507 3.867769283907754 0.927
      vertex 4.837416425347328 3.8484257140329907 0.927
    endloop
  endfacet
  facet normal 0.06421708582586994 -0.9979359527985916 0
    outer loop
      vertex 4.944109819829464 3.855291424053056 1.127
      vertex 4.837416425347328 3.8484257140329907 0.927
      vertex 4.944109819829464 3.855291424053056 0.927
    endloop
  endfacet
  facet normal -0.06196668461271392 0.9980782183767505 0
    outer loop
      vertex 4.838290713727474 3.8819892832211087 1.127
      vertex 4.886567682027817 3.8849866070917676 0.927
      vertex 4.838290713727474 3.8819892832211087 0.927
    endloop
  endfacet
  facet normal -0.19410094129669758 0.9809815617980472 0
    outer loop
      vertex 4.886567682027817 3.8849866070917676 1.127
      vertex 4.932012856006622 3.8939785712531636 0.927
      vertex 4.886567682027817 3.8849866070917676 0.927
    endloop
  endfacet
  facet normal -0.33452637460859214 0.9423863882141081 0
    outer loop
      vertex 4.932012856006622 3.8939785712531636 1.127
      vertex 4.9714649990201 3.907983211534364 0.927
      vertex 4.932012856006622 3.8939785712531636 0.927
    endloop
  endfacet
  facet normal -0.5115031028034686 0.8592814299299295 0
    outer loop
      vertex 4.9714649990201 3.907983211534364 1.127
      vertex 5.001762859523296 3.9260185712150166 0.927
      vertex 4.9714649990201 3.907983211534364 0.927
    endloop
  endfacet
  facet normal 0.20270289283626064 -0.9792402857500355 0
    outer loop
      vertex 5.043612860143185 3.875888569014413 1.127
      vertex 4.944109819829464 3.855291424053056 0.927
      vertex 5.043612860143185 3.875888569014413 0.927
    endloop
  endfacet
  facet normal -0.5211469914972107 -0.8534669374108209 0
    outer loop
      vertex 4.710993751883507 3.867769283907754 1.127
      vertex 4.615958571434021 3.9258000009826253 1.127
      vertex 4.615958571434021 3.9258000009826253 0.927
    endloop
  endfacet
  facet normal -0.1512469333962624 -0.98849601169566 0
    outer loop
      vertex 4.710993751883507 3.867769283907754 1.127
      vertex 4.710993751883507 3.867769283907754 0.927
      vertex 4.837416425347328 3.8484257140329907 1.127
    endloop
  endfacet
  facet normal 0.6059529009402413 0.7955005228421324 0
    outer loop
      vertex 4.681568570435047 3.9491228588989804 1.127
      vertex 4.7476687505841255 3.8987726771405766 1.127
      vertex 4.7476687505841255 3.8987726771405766 0.927
    endloop
  endfacet
  facet normal 0 0 1
    outer loop
      vertex 4.710993751883507 3.867769283907754 1.127
      vertex 4.681568570435047 3.9491228588989804 1.127
      vertex 4.615958571434021 3.9258000009826253 1.127
    endloop
  endfacet
  facet normal 0 0 1
    outer loop
      vertex 4.710993751883507 3.867769283907754 1.127
      vertex 4.7476687505841255 3.8987726771405766 1.127
      vertex 4.681568570435047 3.9491228588989804 1.127
    endloop
  endfacet
  facet normal 0 0 1
    outer loop
      vertex 4.710993751883507 3.867769283907754 1.127
      vertex 4.837416425347328 3.8484257140329907 1.127
      vertex 4.7476687505841255 3.8987726771405766 1.127
    endloop
  endfacet
  facet normal 0.18210550894174996 0.9832789958160738 0
    outer loop
      vertex 4.838290713727474 3.8819892832211087 1.127
      vertex 4.838290713727474 3.8819892832211087 0.927
      vertex 4.7476687505841255 3.8987726771405766 1.127
    endloop
  endfacet
  facet normal 0.06421708582586994 -0.9979359527985916 0
    outer loop
      vertex 4.837416425347328 3.8484257140329907 1.127
      vertex 4.837416425347328 3.8484257140329907 0.927
      vertex 4.944109819829464 3.855291424053056 1.127
    endloop
  endfacet
  facet normal -0.06196668461271392 0.9980782183767505 0
    outer loop
      vertex 4.838290713727474 3.8819892832211087 1.127
      vertex 4.886567682027817 3.8849866070917676 1.127
      vertex 4.886567682027817 3.8849866070917676 0.927
    endloop
  endfacet
  facet normal -0.19410094129669758 0.9809815617980472 0
    outer loop
      vertex 4.886567682027817 3.8849866070917676 1.127
      vertex 4.932012856006622 3.8939785712531636 1.127
      vertex 4.932012856006622 3.8939785712531636 0.927
    endloop
  endfacet
  facet normal 0.20270289283626064 -0.9792402857500355 0
    outer loop
      vertex 4.944109819829464 3.855291424053056 1.127
      vertex 4.944109819829464 3.855291424053056 0.927
      vertex 5.043612860143185 3.875888569014413 1.127
    endloop
  endfacet
  facet normal -0.33452637460859214 0.9423863882141081 0
    outer loop
      vertex 4.932012856006622 3.8939785712531636 1.127
      vertex 4.9714649990201 3.907983211534364 1.127
      vertex 4.9714649990201 3.907983211534364 0.927
    endloop
  endfacet
  facet normal -0.5115031028034686 0.8592814299299295 0
    outer loop
      vertex 4.9714649990201 3.907983211534364 1.127
      vertex 5.001762859523296 3.9260185712150166 1.127
      vertex 5.001762859523296 3.9260185712150166 0.927
    endloop
  endfacet
  facet normal 0.9998185331898908 -0.01904995249377903 0
    outer loop
      vertex 5.043612860143185 3.875888569014413 1.127
      vertex 5.043612860143185 3.875888569014413 0.927
      vertex 5.046229287981987 4.013209281223161 1.127
    endloop
  endfacet
  facet normal 0 0 1
    outer loop
      vertex 4.837416425347328 3.8484257140329907 1.127
      vertex 4.838290713727474 3.8819892832211087 1.127
      vertex 4.7476687505841255 3.8987726771405766 1.127
    endloop
  endfacet
  facet normal 0 0 1
    outer loop
      vertex 4.837416425347328 3.8484257140329907 1.127
      vertex 4.944109819829464 3.855291424053056 1.127
      vertex 4.886567682027817 3.8849866070917676 1.127
    endloop
  endfacet
  facet normal 0 0 1
    outer loop
      vertex 4.837416425347328 3.8484257140329907 1.127
      vertex 4.886567682027817 3.8849866070917676 1.127
      vertex 4.838290713727474 3.8819892832211087 1.127
    endloop
  endfacet
  facet normal 0 0 1
    outer loop
      vertex 4.886567682027817 3.8849866070917676 1.127
      vertex 4.944109819829464 3.855291424053056 1.127
      vertex 4.932012856006622 3.8939785712531636 1.127
    endloop
  endfacet
  facet normal 0 0 1
    outer loop
      vertex 4.932012856006622 3.8939785712531636 1.127
      vertex 4.944109819829464 3.855291424053056 1.127
      vertex 4.9714649990201 3.907983211534364 1.127
    endloop
  endfacet
  facet normal 0 0 1
    outer loop
      vertex 4.944109819829464 3.855291424053056 1.127
      vertex 5.043612860143185 3.875888569014413 1.127
      vertex 4.9714649990201 3.907983211534364 1.127
    endloop
  endfacet
  facet normal 0 0 1
    outer loop
      vertex 5.043612860143185 3.875888569014413 1.127
      vertex 5.001762859523296 3.9260185712150166 1.127
      vertex 4.9714649990201 3.907983211534364 1.127
    endloop
  endfacet
  facet normal -0.9874404763787368 -0.1579914732159094 0
    outer loop
      vertex 4.556452497839928 4.018710536616189 1.127
      vertex 4.536617144942284 4.142680709915502 0.927
      vertex 4.556452497839928 4.018710536616189 0.927
    endloop
  endfacet
  facet normal -0.8420930445438382 -0.539332276366703 0
    outer loop
      vertex 4.615958571434021 3.9258000009826253 1.127
      vertex 4.556452497839928 4.018710536616189 0.927
      vertex 4.615958571434021 3.9258000009826253 0.927
    endloop
  endfacet
  facet normal -0.9897944833190285 0.1425022132853288 0
    outer loop
      vertex 4.536617144942284 4.142680709915502 1.127
      vertex 4.555689103901386 4.2751510718039105 0.927
      vertex 4.536617144942284 4.142680709915502 0.927
    endloop
  endfacet
  facet normal 0.9928880048669602 0.11905213056181346 0
    outer loop
      vertex 4.6277292892336845 4.143554998295648 1.127
      vertex 4.641189105808735 4.03130089278732 0.927
      vertex 4.6277292892336845 4.143554998295648 0.927
    endloop
  endfacet
  facet normal 0.8975054492123504 0.4410033657854973 0
    outer loop
      vertex 4.641189105808735 4.03130089278732 1.127
      vertex 4.681568570435047 3.9491228588989804 0.927
      vertex 4.641189105808735 4.03130089278732 0.927
    endloop
  endfacet
  facet normal 0.9943156009747917 -0.10647293392284661 0
    outer loop
      vertex 4.640589639544487 4.263653566794736 1.127
      vertex 4.6277292892336845 4.143554998295648 0.927
      vertex 4.640589639544487 4.263653566794736 0.927
    endloop
  endfacet
  facet normal -0.8584031273451729 0.5129757021185576 0
    outer loop
      vertex 4.555689103901386 4.2751510718039105 1.127
      vertex 4.612905003130436 4.370894996183259 0.927
      vertex 4.555689103901386 4.2751510718039105 0.927
    endloop
  endfacet
  facet normal 0.9085786848853257 -0.4177137457303172 0
    outer loop
      vertex 4.679170712828636 4.347572138266904 1.127
      vertex 4.640589639544487 4.263653566794736 0.927
      vertex 4.679170712828636 4.347572138266904 0.927
    endloop
  endfacet
  facet normal -0.52247792385894 0.852652812743881 0
    outer loop
      vertex 4.612905003130436 4.370894996183259 1.127
      vertex 4.707615539431572 4.4289305337837765 0.927
      vertex 4.612905003130436 4.370894996183259 0.927
    endloop
  endfacet
  facet normal 0.5955798437682703 -0.8032961158234011 0
    outer loop
      vertex 4.745761074125767 4.396943567054612 1.127
      vertex 4.679170712828636 4.347572138266904 0.927
      vertex 4.745761074125767 4.396943567054612 0.927
    endloop
  endfacet
  facet normal -0.14549852214686146 0.9893584689348341 0
    outer loop
      vertex 4.707615539431572 4.4289305337837765 1.127
      vertex 4.839158572256565 4.448275712983949 0.927
      vertex 4.707615539431572 4.4289305337837765 0.927
    endloop
  endfacet
  facet normal -0.9833166022190905 0.18190233588468 0
    outer loop
      vertex 5.001762859523296 3.9260185712150166 1.127
      vertex 5.0178921446204185 4.013209281223161 0.927
      vertex 5.001762859523296 3.9260185712150166 0.927
    endloop
  endfacet
  facet normal 0.9998185331898908 -0.01904995249377903 0
    outer loop
      vertex 5.046229287981987 4.013209281223161 1.127
      vertex 5.043612860143185 3.875888569014413 0.927
      vertex 5.046229287981987 4.013209281223161 0.927
    endloop
  endfacet
  facet normal 0 1 0
    outer loop
      vertex 5.0178921446204185 4.013209281223161 1.127
      vertex 5.046229287981987 4.013209281223161 0.927
      vertex 5.0178921446204185 4.013209281223161 0.927
    endloop
  endfacet
  facet normal 0.16745853550450565 -0.98587911981474 0
    outer loop
      vertex 4.8426492884755135 4.413400714950902 1.127
      vertex 4.745761074125767 4.396943567054612 0.927
      vertex 4.8426492884755135 4.413400714950902 0.927
    endloop
  endfacet
  facet normal -0.061660600307667804 -0.9980971748130029 0
    outer loop
      vertex 4.884116783738136 4.410838929670198 1.127
      vertex 4.8426492884755135 4.413400714950902 0.927
      vertex 4.884116783738136 4.410838929670198 0.927
    endloop
  endfacet
  facet normal -0.18553931322393338 -0.9826368419962641 0
    outer loop
      vertex 4.924819283187389 4.403153573828084 1.127
      vertex 4.884116783738136 4.410838929670198 0.927
      vertex 4.924819283187389 4.403153573828084 0.927
    endloop
  endfacet
  facet normal 0.058731001323502445 0.998273844936117 0
    outer loop
      vertex 4.839158572256565 4.448275712983949 1.127
      vertex 4.933648928999901 4.442716603832586 0.927
      vertex 4.839158572256565 4.448275712983949 0.927
    endloop
  endfacet
  facet normal -0.9854668752566242 -0.16986770667771167 0
    outer loop
      vertex 5.008737854659557 4.298310002045972 1.127
      vertex 4.995662145316601 4.374167142169816 0.927
      vertex 5.008737854659557 4.298310002045972 0.927
    endloop
  endfacet
  facet normal 0 -1 0
    outer loop
      vertex 5.037512145936489 4.298310002045972 1.127
      vertex 5.008737854659557 4.298310002045972 0.927
      vertex 5.037512145936489 4.298310002045972 0.927
    endloop
  endfacet
  facet normal -0.31040104369071764 -0.9506056974769893 0
    outer loop
      vertex 4.962693214416504 4.390786608414991 1.127
      vertex 4.924819283187389 4.403153573828084 0.927
      vertex 4.962693214416504 4.390786608414991 0.927
    endloop
  endfacet
  facet normal -0.4501363889999253 -0.8929598150522272 0
    outer loop
      vertex 4.995662145316601 4.374167142169816 1.127
      vertex 4.962693214416504 4.390786608414991 0.927
      vertex 4.995662145316601 4.374167142169816 0.927
    endloop
  endfacet
  facet normal 0.16252934905447064 0.9867037096798258 0
    outer loop
      vertex 4.933648928999901 4.442716603832586 1.127
      vertex 5.034895710647106 4.426039283829076 0.927
      vertex 4.933648928999901 4.442716603832586 0.927
    endloop
  endfacet
  facet normal 0.9997902642744051 0.020479928274168637 0
    outer loop
      vertex 5.034895710647106 4.426039283829076 1.127
      vertex 5.037512145936489 4.298310002045972 0.927
      vertex 5.034895710647106 4.426039283829076 0.927
    endloop
  endfacet
  facet normal -0.8420930445438382 -0.539332276366703 0
    outer loop
      vertex 4.615958571434021 3.9258000009826253 1.127
      vertex 4.556452497839928 4.018710536616189 1.127
      vertex 4.556452497839928 4.018710536616189 0.927
    endloop
  endfacet
  facet normal 0.9928880048669602 0.11905213056181346 0
    outer loop
      vertex 4.641189105808735 4.03130089278732 1.127
      vertex 4.641189105808735 4.03130089278732 0.927
      vertex 4.6277292892336845 4.143554998295648 1.127
    endloop
  endfacet
  facet normal -0.9874404763787368 -0.1579914732159094 0
    outer loop
      vertex 4.556452497839928 4.018710536616189 1.127
      vertex 4.536617144942284 4.142680709915502 1.127
      vertex 4.536617144942284 4.142680709915502 0.927
    endloop
  endfacet
  facet normal 0.9943156009747917 -0.10647293392284661 0
    outer loop
      vertex 4.6277292892336845 4.143554998295648 1.127
      vertex 4.6277292892336845 4.143554998295648 0.927
      vertex 4.640589639544487 4.263653566794736 1.127
    endloop
  endfacet
  facet normal 0.8975054492123504 0.4410033657854973 0
    outer loop
      vertex 4.641189105808735 4.03130089278732 1.127
      vertex 4.681568570435047 3.9491228588989804 1.127
      vertex 4.681568570435047 3.9491228588989804 0.927
    endloop
  endfacet
  facet normal 0 0 1
    outer loop
      vertex 4.615958571434021 3.9258000009826253 1.127
      vertex 4.641189105808735 4.03130089278732 1.127
      vertex 4.556452497839928 4.018710536616189 1.127
    endloop
  endfacet
  facet normal 0 0 1
    outer loop
      vertex 4.556452497839928 4.018710536616189 1.127
      vertex 4.641189105808735 4.03130089278732 1.127
      vertex 4.6277292892336845 4.143554998295648 1.127
    endloop
  endfacet
  facet normal 0 0 1
    outer loop
      vertex 4.556452497839928 4.018710536616189 1.127
      vertex 4.6277292892336845 4.143554998295648 1.127
      vertex 4.536617144942284 4.142680709915502 1.127
    endloop
  endfacet
  facet normal 0 0 1
    outer loop
      vertex 4.536617144942284 4.142680709915502 1.127
      vertex 4.6277292892336845 4.143554998295648 1.127
      vertex 4.555689103901386 4.2751510718039105 1.127
    endloop
  endfacet
  facet normal 0 0 1
    outer loop
      vertex 4.615958571434021 3.9258000009826253 1.127
      vertex 4.681568570435047 3.9491228588989804 1.127
      vertex 4.641189105808735 4.03130089278732 1.127
    endloop
  endfacet
  facet normal -0.9897944833190285 0.1425022132853288 0
    outer loop
      vertex 4.536617144942284 4.142680709915502 1.127
      vertex 4.555689103901386 4.2751510718039105 1.127
      vertex 4.555689103901386 4.2751510718039105 0.927
    endloop
  endfacet
  facet normal -0.8584031273451729 0.5129757021185576 0
    outer loop
      vertex 4.555689103901386 4.2751510718039105 1.127
      vertex 4.612905003130436 4.370894996183259 1.127
      vertex 4.612905003130436 4.370894996183259 0.927
    endloop
  endfacet
  facet normal 0.9085786848853257 -0.4177137457303172 0
    outer loop
      vertex 4.640589639544487 4.263653566794736 1.127
      vertex 4.640589639544487 4.263653566794736 0.927
      vertex 4.679170712828636 4.347572138266904 1.127
    endloop
  endfacet
  facet normal 0.5955798437682703 -0.8032961158234011 0
    outer loop
      vertex 4.679170712828636 4.347572138266904 1.127
      vertex 4.679170712828636 4.347572138266904 0.927
      vertex 4.745761074125767 4.396943567054612 1.127
    endloop
  endfacet
  facet normal -0.52247792385894 0.852652812743881 0
    outer loop
      vertex 4.612905003130436 4.370894996183259 1.127
      vertex 4.707615539431572 4.4289305337837765 1.127
      vertex 4.707615539431572 4.4289305337837765 0.927
    endloop
  endfacet
  facet normal 0.16745853550450565 -0.98587911981474 0
    outer loop
      vertex 4.745761074125767 4.396943567054612 1.127
      vertex 4.745761074125767 4.396943567054612 0.927
      vertex 4.8426492884755135 4.413400714950902 1.127
    endloop
  endfacet
  facet normal 0 0 1
    outer loop
      vertex 4.6277292892336845 4.143554998295648 1.127
      vertex 4.640589639544487 4.263653566794736 1.127
      vertex 4.555689103901386 4.2751510718039105 1.127
    endloop
  endfacet
  facet normal 0 0 1
    outer loop
      vertex 4.555689103901386 4.2751510718039105 1.127
      vertex 4.640589639544487 4.263653566794736 1.127
      vertex 4.612905003130436 4.370894996183259 1.127
    endloop
  endfacet
  facet normal 0 0 1
    outer loop
      vertex 4.640589639544487 4.263653566794736 1.127
      vertex 4.679170712828636 4.347572138266904 1.127
      vertex 4.612905003130436 4.370894996183259 1.127
    endloop
  endfacet
  facet normal 0 0 1
    outer loop
      vertex 4.612905003130436 4.370894996183259 1.127
      vertex 4.679170712828636 4.347572138266904 1.127
      vertex 4.707615539431572 4.4289305337837765 1.127
    endloop
  endfacet
  facet normal 0 0 1
    outer loop
      vertex 4.679170712828636 4.347572138266904 1.127
      vertex 4.745761074125767 4.396943567054612 1.127
      vertex 4.707615539431572 4.4289305337837765 1.127
    endloop
  endfacet
  facet normal 0 0 1
    outer loop
      vertex 4.707615539431572 4.4289305337837765 1.127
      vertex 4.745761074125767 4.396943567054612 1.127
      vertex 4.839158572256565 4.448275712983949 1.127
    endloop
  endfacet
  facet normal -0.9833166022190905 0.18190233588468 0
    outer loop
      vertex 5.001762859523296 3.9260185712150166 1.127
      vertex 5.0178921446204185 4.013209281223161 1.127
      vertex 5.0178921446204185 4.013209281223161 0.927
    endloop
  endfacet
  facet normal 0 1 0
    outer loop
      vertex 5.0178921446204185 4.013209281223161 1.127
      vertex 5.046229287981987 4.013209281223161 1.127
      vertex 5.046229287981987 4.013209281223161 0.927
    endloop
  endfacet
  facet normal 0 0 1
    outer loop
      vertex 5.001762859523296 3.9260185712150166 1.127
      vertex 5.046229287981987 4.013209281223161 1.127
      vertex 5.0178921446204185 4.013209281223161 1.127
    endloop
  endfacet
  facet normal 0 0 1
    outer loop
      vertex 5.043612860143185 3.875888569014413 1.127
      vertex 5.046229287981987 4.013209281223161 1.127
      vertex 5.001762859523296 3.9260185712150166 1.127
    endloop
  endfacet
  facet normal -0.14549852214686146 0.9893584689348341 0
    outer loop
      vertex 4.707615539431572 4.4289305337837765 1.127
      vertex 4.839158572256565 4.448275712983949 1.127
      vertex 4.839158572256565 4.448275712983949 0.927
    endloop
  endfacet
  facet normal -0.061660600307667804 -0.9980971748130029 0
    outer loop
      vertex 4.8426492884755135 4.413400714950902 1.127
      vertex 4.8426492884755135 4.413400714950902 0.927
      vertex 4.884116783738136 4.410838929670198 1.127
    endloop
  endfacet
  facet normal -0.18553931322393338 -0.9826368419962641 0
    outer loop
      vertex 4.884116783738136 4.410838929670198 1.127
      vertex 4.884116783738136 4.410838929670198 0.927
      vertex 4.924819283187389 4.403153573828084 1.127
    endloop
  endfacet
  facet normal 0.058731001323502445 0.998273844936117 0
    outer loop
      vertex 4.839158572256565 4.448275712983949 1.127
      vertex 4.933648928999901 4.442716603832586 1.127
      vertex 4.933648928999901 4.442716603832586 0.927
    endloop
  endfacet
  facet normal 0 -1 0
    outer loop
      vertex 5.008737854659557 4.298310002045972 1.127
      vertex 5.008737854659557 4.298310002045972 0.927
      vertex 5.037512145936489 4.298310002045972 1.127
    endloop
  endfacet
  facet normal -0.9854668752566242 -0.16986770667771167 0
    outer loop
      vertex 5.008737854659557 4.298310002045972 1.127
      vertex 4.995662145316601 4.374167142169816 1.127
      vertex 4.995662145316601 4.374167142169816 0.927
    endloop
  endfacet
  facet normal 0.9997902642744051 0.020479928274168637 0
    outer loop
      vertex 5.037512145936489 4.298310002045972 1.127
      vertex 5.037512145936489 4.298310002045972 0.927
      vertex 5.034895710647106 4.426039283829076 1.127
    endloop
  endfacet
  facet normal -0.31040104369071764 -0.9506056974769893 0
    outer loop
      vertex 4.924819283187389 4.403153573828084 1.127
      vertex 4.924819283187389 4.403153573828084 0.927
      vertex 4.962693214416504 4.390786608414991 1.127
    endloop
  endfacet
  facet normal -0.4501363889999253 -0.8929598150522272 0
    outer loop
      vertex 4.962693214416504 4.390786608414991 1.127
      vertex 4.962693214416504 4.390786608414991 0.927
      vertex 4.995662145316601 4.374167142169816 1.127
    endloop
  endfacet
  facet normal 0.16252934905447064 0.9867037096798258 0
    outer loop
      vertex 4.933648928999901 4.442716603832586 1.127
      vertex 5.034895710647106 4.426039283829076 1.127
      vertex 5.034895710647106 4.426039283829076 0.927
    endloop
  endfacet
  facet normal 0 0 1
    outer loop
      vertex 4.745761074125767 4.396943567054612 1.127
      vertex 4.8426492884755135 4.413400714950902 1.127
      vertex 4.839158572256565 4.448275712983949 1.127
    endloop
  endfacet
  facet normal 0 0 1
    outer loop
      vertex 4.8426492884755135 4.413400714950902 1.127
      vertex 4.884116783738136 4.410838929670198 1.127
      vertex 4.839158572256565 4.448275712983949 1.127
    endloop
  endfacet
  facet normal 0 0 1
    outer loop
      vertex 4.884116783738136 4.410838929670198 1.127
      vertex 4.924819283187389 4.403153573828084 1.127
      vertex 4.933648928999901 4.442716603832586 1.127
    endloop
  endfacet
  facet normal 0 0 1
    outer loop
      vertex 4.839158572256565 4.448275712983949 1.127
      vertex 4.884116783738136 4.410838929670198 1.127
      vertex 4.933648928999901 4.442716603832586 1.127
    endloop
  endfacet
  facet normal 0 0 1
    outer loop
      vertex 5.008737854659557 4.298310002045972 1.127
      vertex 5.037512145936489 4.298310002045972 1.127
      vertex 4.995662145316601 4.374167142169816 1.127
    endloop
  endfacet
  facet normal 0 0 1
    outer loop
      vertex 4.924819283187389 4.403153573828084 1.127
      vertex 4.962693214416504 4.390786608414991 1.127
      vertex 4.933648928999901 4.442716603832586 1.127
    endloop
  endfacet
  facet normal 0 0 1
    outer loop
      vertex 4.933648928999901 4.442716603832586 1.127
      vertex 4.962693214416504 4.390786608414991 1.127
      vertex 5.034895710647106 4.426039283829076 1.127
    endloop
  endfacet
  facet normal 0 0 1
    outer loop
      vertex 5.037512145936489 4.298310002045972 1.127
      vertex 5.034895710647106 4.426039283829076 1.127
      vertex 4.995662145316601 4.374167142169816 1.127
    endloop
  endfacet
  facet normal 0 0 1
    outer loop
      vertex 4.962693214416504 4.390786608414991 1.127
      vertex 4.995662145316601 4.374167142169816 1.127
      vertex 5.034895710647106 4.426039283829076 1.127
    endloop
  endfacet
  facet normal -1 0 0
    outer loop
      vertex 5.126920714974403 3.8571428560784886 1.127
      vertex 5.126920714974403 3.8802471437624524 0.927
      vertex 5.126920714974403 3.8571428560784886 0.927
    endloop
  endfacet
  facet normal -0.16742303330377203 0.9858851494567529 0
    outer loop
      vertex 5.126920714974403 3.8802471437624524 1.127
      vertex 5.196233570575714 3.8920178541115353 0.927
      vertex 5.126920714974403 3.8802471437624524 0.927
    endloop
  endfacet
  facet normal 0 -1 0
    outer loop
      vertex 5.373225003480911 3.8571428560784886 1.127
      vertex 5.126920714974403 3.8571428560784886 0.927
      vertex 5.373225003480911 3.8571428560784886 0.927
    endloop
  endfacet
  facet normal 0.12575897640192849 0.992060824674747 0
    outer loop
      vertex 5.280370712280273 3.8920178541115353 1.127
      vertex 5.373225003480911 3.8802471437624524 0.927
      vertex 5.280370712280273 3.8920178541115353 0.927
    endloop
  endfacet
  facet normal 1 0 0
    outer loop
      vertex 5.373225003480911 3.8802471437624524 1.127
      vertex 5.373225003480911 3.8571428560784886 0.927
      vertex 5.373225003480911 3.8802471437624524 0.927
    endloop
  endfacet
  facet normal -1 0 0
    outer loop
      vertex 5.617812857031822 3.8571428560784886 1.127
      vertex 5.617812857031822 3.8802471437624524 0.927
      vertex 5.617812857031822 3.8571428560784886 0.927
    endloop
  endfacet
  facet normal -1 0 0
    outer loop
      vertex 5.126920714974403 3.8571428560784886 1.127
      vertex 5.126920714974403 3.8802471437624524 1.127
      vertex 5.126920714974403 3.8802471437624524 0.927
    endloop
  endfacet
  facet normal -0.16742303330377203 0.9858851494567529 0
    outer loop
      vertex 5.126920714974403 3.8802471437624524 1.127
      vertex 5.196233570575714 3.8920178541115353 1.127
      vertex 5.196233570575714 3.8920178541115353 0.927
    endloop
  endfacet
  facet normal 0 -1 0
    outer loop
      vertex 5.126920714974403 3.8571428560784886 1.127
      vertex 5.126920714974403 3.8571428560784886 0.927
      vertex 5.373225003480911 3.8571428560784886 1.127
    endloop
  endfacet
  facet normal 0.12575897640192849 0.992060824674747 0
    outer loop
      vertex 5.280370712280273 3.8920178541115353 1.127
      vertex 5.373225003480911 3.8802471437624524 1.127
      vertex 5.373225003480911 3.8802471437624524 0.927
    endloop
  endfacet
  facet normal 0 0 1
    outer loop
      vertex 5.126920714974403 3.8571428560784886 1.127
      vertex 5.196233570575714 3.8920178541115353 1.127
      vertex 5.126920714974403 3.8802471437624524 1.127
    endloop
  endfacet
  facet normal 0 0 1
    outer loop
      vertex 5.126920714974403 3.8571428560784886 1.127
      vertex 5.280370712280273 3.8920178541115353 1.127
      vertex 5.196233570575714 3.8920178541115353 1.127
    endloop
  endfacet
  facet normal 0 0 1
    outer loop
      vertex 5.126920714974403 3.8571428560784886 1.127
      vertex 5.373225003480911 3.8571428560784886 1.127
      vertex 5.280370712280273 3.8920178541115353 1.127
    endloop
  endfacet
  facet normal 0 0 1
    outer loop
      vertex 5.280370712280273 3.8920178541115353 1.127
      vertex 5.373225003480911 3.8571428560784886 1.127
      vertex 5.373225003480911 3.8802471437624524 1.127
    endloop
  endfacet
  facet normal 1 0 0
    outer loop
      vertex 5.373225003480911 3.8571428560784886 1.127
      vertex 5.373225003480911 3.8571428560784886 0.927
      vertex 5.373225003480911 3.8802471437624524 1.127
    endloop
  endfacet
  facet normal -1 0 0
    outer loop
      vertex 5.617812857031822 3.8571428560784886 1.127
      vertex 5.617812857031822 3.8802471437624524 1.127
      vertex 5.617812857031822 3.8802471437624524 0.927
    endloop
  endfacet
  facet normal -1 0 0
    outer loop
      vertex 5.196233570575714 3.8920178541115353 1.127
      vertex 5.196233570575714 4.4072935708931515 0.927
      vertex 5.196233570575714 3.8920178541115353 0.927
    endloop
  endfacet
  facet normal 1 0 0
    outer loop
      vertex 5.280370712280273 4.086443571107728 1.127
      vertex 5.280370712280273 3.8920178541115353 0.927
      vertex 5.280370712280273 4.086443571107728 0.927
    endloop
  endfacet
  facet normal 0 1 0
    outer loop
      vertex 5.280370712280273 4.125683573739869 1.127
      vertex 5.325704999268055 4.125683573739869 0.927
      vertex 5.280370712280273 4.125683573739869 0.927
    endloop
  endfacet
  facet normal 0 -1 0
    outer loop
      vertex 5.346192859113216 4.086443571107728 1.127
      vertex 5.280370712280273 4.086443571107728 0.927
      vertex 5.346192859113216 4.086443571107728 0.927
    endloop
  endfacet
  facet normal -1 0 0
    outer loop
      vertex 5.121250711381435 4.418633570628507 1.127
      vertex 5.121250711381435 4.441737858312471 0.927
      vertex 5.121250711381435 4.418633570628507 0.927
    endloop
  endfacet
  facet normal -0.149534163455158 -0.9887565595027757 0
    outer loop
      vertex 5.196233570575714 4.4072935708931515 1.127
      vertex 5.121250711381435 4.418633570628507 0.927
      vertex 5.196233570575714 4.4072935708931515 0.927
    endloop
  endfacet
  facet normal 0 1 0
    outer loop
      vertex 5.121250711381435 4.441737858312471 1.127
      vertex 5.341834284365177 4.441737858312471 0.927
      vertex 5.121250711381435 4.441737858312471 0.927
    endloop
  endfacet
  facet normal 1 0 0
    outer loop
      vertex 5.280370712280273 4.40249785568033 1.127
      vertex 5.280370712280273 4.125683573739869 0.927
      vertex 5.280370712280273 4.40249785568033 0.927
    endloop
  endfacet
  facet normal 0 -1 0
    outer loop
      vertex 5.323088571429253 4.40249785568033 1.127
      vertex 5.280370712280273 4.40249785568033 0.927
      vertex 5.323088571429253 4.40249785568033 0.927
    endloop
  endfacet
  facet normal -0.12994131100753498 0.9915216869507408 0
    outer loop
      vertex 5.325704999268055 4.125683573739869 1.127
      vertex 5.389731965959072 4.134074462311609 0.927
      vertex 5.325704999268055 4.125683573739869 0.927
    endloop
  endfacet
  facet normal 0.1288479629310514 -0.9916643597752812 0
    outer loop
      vertex 5.435943752527237 4.0981049963406155 1.127
      vertex 5.346192859113216 4.086443571107728 0.927
      vertex 5.435943752527237 4.0981049963406155 0.927
    endloop
  endfacet
  facet normal -0.49037277890868974 0.8715127868857515 0
    outer loop
      vertex 5.389731965959072 4.134074462311609 1.127
      vertex 5.434469997882843 4.159247142927987 0.927
      vertex 5.389731965959072 4.134074462311609 0.927
    endloop
  endfacet
  facet normal 0.4678018813564553 -0.8838333552199538 0
    outer loop
      vertex 5.502040714025497 4.1330892869404385 1.127
      vertex 5.435943752527237 4.0981049963406155 0.927
      vertex 5.502040714025497 4.1330892869404385 0.927
    endloop
  endfacet
  facet normal -0.8588969310802729 0.5121484763043713 0
    outer loop
      vertex 5.434469997882843 4.159247142927987 1.127
      vertex 5.460790179669857 4.203387317912919 0.927
      vertex 5.434469997882843 4.159247142927987 0.927
    endloop
  endfacet
  facet normal 0.8158674275523666 -0.5782389996005836 0
    outer loop
      vertex 5.542748034000397 4.190525358276708 1.127
      vertex 5.502040714025497 4.1330892869404385 0.927
      vertex 5.542748034000397 4.190525358276708 0.927
    endloop
  endfacet
  facet normal -0.9910894867817913 0.1331977071522086 0
    outer loop
      vertex 5.460790179669857 4.203387317912919 1.127
      vertex 5.469563573598862 4.26866785969053 0.927
      vertex 5.460790179669857 4.203387317912919 0.927
    endloop
  endfacet
  facet normal -0.9908707987414703 -0.13481491090172681 0
    outer loop
      vertex 5.469563573598862 4.26866785969053 1.127
      vertex 5.461171068251133 4.3303516038826535 0.927
      vertex 5.469563573598862 4.26866785969053 0.927
    endloop
  endfacet
  facet normal -0.8532432251985761 -0.5215131816672824 0
    outer loop
      vertex 5.461171068251133 4.3303516038826535 1.127
      vertex 5.435993574559689 4.371544284479959 0.927
      vertex 5.461171068251133 4.3303516038826535 0.927
    endloop
  endfacet
  facet normal -0.11323943526871949 -0.9935677280890425 0
    outer loop
      vertex 5.390985533595085 4.394759466605527 1.127
      vertex 5.323088571429253 4.40249785568033 0.927
      vertex 5.390985533595085 4.394759466605527 0.927
    endloop
  endfacet
  facet normal 0.25851675836738297 0.9660067730835121 0
    outer loop
      vertex 5.341834284365177 4.441737858312471 1.127
      vertex 5.502696432173252 4.398688925164087 0.927
      vertex 5.341834284365177 4.441737858312471 0.927
    endloop
  endfacet
  facet normal -0.4584125321801598 -0.8887395289623242 0
    outer loop
      vertex 5.435993574559689 4.371544284479959 1.127
      vertex 5.390985533595085 4.394759466605527 0.927
      vertex 5.435993574559689 4.371544284479959 0.927
    endloop
  endfacet
  facet normal 0.9855736600015061 -0.1692470404799911 0
    outer loop
      vertex 5.556317143142223 4.2695421406200955 1.127
      vertex 5.542748034000397 4.190525358276708 0.927
      vertex 5.556317143142223 4.2695421406200955 0.927
    endloop
  endfacet
  facet normal 0.9235597256079019 0.3834546038777692 0
    outer loop
      vertex 5.502696432173252 4.398688925164087 1.127
      vertex 5.556317143142223 4.2695421406200955 0.927
      vertex 5.502696432173252 4.398688925164087 0.927
    endloop
  endfacet
  facet normal -1 0 0
    outer loop
      vertex 5.617812857031822 4.418633570628507 1.127
      vertex 5.617812857031822 4.441737858312471 0.927
      vertex 5.617812857031822 4.418633570628507 0.927
    endloop
  endfacet
  facet normal 1 0 0
    outer loop
      vertex 5.280370712280273 3.8920178541115353 1.127
      vertex 5.280370712280273 3.8920178541115353 0.927
      vertex 5.280370712280273 4.086443571107728 1.127
    endloop
  endfacet
  facet normal 0 -1 0
    outer loop
      vertex 5.280370712280273 4.086443571107728 1.127
      vertex 5.280370712280273 4.086443571107728 0.927
      vertex 5.346192859113216 4.086443571107728 1.127
    endloop
  endfacet
  facet normal 0 1 0
    outer loop
      vertex 5.280370712280273 4.125683573739869 1.127
      vertex 5.325704999268055 4.125683573739869 1.127
      vertex 5.325704999268055 4.125683573739869 0.927
    endloop
  endfacet
  facet normal 1 0 0
    outer loop
      vertex 5.280370712280273 4.125683573739869 1.127
      vertex 5.280370712280273 4.125683573739869 0.927
      vertex 5.280370712280273 4.40249785568033 1.127
    endloop
  endfacet
  facet normal 0 0 1
    outer loop
      vertex 5.196233570575714 3.8920178541115353 1.127
      vertex 5.280370712280273 3.8920178541115353 1.127
      vertex 5.280370712280273 4.086443571107728 1.127
    endloop
  endfacet
  facet normal 0 0 1
    outer loop
      vertex 5.196233570575714 3.8920178541115353 1.127
      vertex 5.280370712280273 4.086443571107728 1.127
      vertex 5.280370712280273 4.125683573739869 1.127
    endloop
  endfacet
  facet normal 0 0 1
    outer loop
      vertex 5.196233570575714 3.8920178541115353 1.127
      vertex 5.280370712280273 4.125683573739869 1.127
      vertex 5.196233570575714 4.4072935708931515 1.127
    endloop
  endfacet
  facet normal 0 0 1
    outer loop
      vertex 5.280370712280273 4.086443571107728 1.127
      vertex 5.325704999268055 4.125683573739869 1.127
      vertex 5.280370712280273 4.125683573739869 1.127
    endloop
  endfacet
  facet normal 0 0 1
    outer loop
      vertex 5.280370712280273 4.086443571107728 1.127
      vertex 5.346192859113216 4.086443571107728 1.127
      vertex 5.325704999268055 4.125683573739869 1.127
    endloop
  endfacet
  facet normal -1 0 0
    outer loop
      vertex 5.196233570575714 3.8920178541115353 1.127
      vertex 5.196233570575714 4.4072935708931515 1.127
      vertex 5.196233570575714 4.4072935708931515 0.927
    endloop
  endfacet
  facet normal -1 0 0
    outer loop
      vertex 5.121250711381435 4.418633570628507 1.127
      vertex 5.121250711381435 4.441737858312471 1.127
      vertex 5.121250711381435 4.441737858312471 0.927
    endloop
  endfacet
  facet normal -0.149534163455158 -0.9887565595027757 0
    outer loop
      vertex 5.121250711381435 4.418633570628507 1.127
      vertex 5.121250711381435 4.418633570628507 0.927
      vertex 5.196233570575714 4.4072935708931515 1.127
    endloop
  endfacet
  facet normal 0 1 0
    outer loop
      vertex 5.121250711381435 4.441737858312471 1.127
      vertex 5.341834284365177 4.441737858312471 1.127
      vertex 5.341834284365177 4.441737858312471 0.927
    endloop
  endfacet
  facet normal 0 -1 0
    outer loop
      vertex 5.280370712280273 4.40249785568033 1.127
      vertex 5.280370712280273 4.40249785568033 0.927
      vertex 5.323088571429253 4.40249785568033 1.127
    endloop
  endfacet
  facet normal 0 0 1
    outer loop
      vertex 5.121250711381435 4.418633570628507 1.127
      vertex 5.196233570575714 4.4072935708931515 1.127
      vertex 5.121250711381435 4.441737858312471 1.127
    endloop
  endfacet
  facet normal 0 0 1
    outer loop
      vertex 5.196233570575714 4.4072935708931515 1.127
      vertex 5.280370712280273 4.125683573739869 1.127
      vertex 5.280370712280273 4.40249785568033 1.127
    endloop
  endfacet
  facet normal 0 0 1
    outer loop
      vertex 5.196233570575714 4.4072935708931515 1.127
      vertex 5.280370712280273 4.40249785568033 1.127
      vertex 5.341834284365177 4.441737858312471 1.127
    endloop
  endfacet
  facet normal 0 0 1
    outer loop
      vertex 5.121250711381435 4.441737858312471 1.127
      vertex 5.196233570575714 4.4072935708931515 1.127
      vertex 5.341834284365177 4.441737858312471 1.127
    endloop
  endfacet
  facet normal 0 0 1
    outer loop
      vertex 5.280370712280273 4.40249785568033 1.127
      vertex 5.323088571429253 4.40249785568033 1.127
      vertex 5.341834284365177 4.441737858312471 1.127
    endloop
  endfacet
  facet normal 0.1288479629310514 -0.9916643597752812 0
    outer loop
      vertex 5.346192859113216 4.086443571107728 1.127
      vertex 5.346192859113216 4.086443571107728 0.927
      vertex 5.435943752527237 4.0981049963406155 1.127
    endloop
  endfacet
  facet normal -0.12994131100753498 0.9915216869507408 0
    outer loop
      vertex 5.325704999268055 4.125683573739869 1.127
      vertex 5.389731965959072 4.134074462311609 1.127
      vertex 5.389731965959072 4.134074462311609 0.927
    endloop
  endfacet
  facet normal 0.4678018813564553 -0.8838333552199538 0
    outer loop
      vertex 5.435943752527237 4.0981049963406155 1.127
      vertex 5.435943752527237 4.0981049963406155 0.927
      vertex 5.502040714025497 4.1330892869404385 1.127
    endloop
  endfacet
  facet normal -0.49037277890868974 0.8715127868857515 0
    outer loop
      vertex 5.389731965959072 4.134074462311609 1.127
      vertex 5.434469997882843 4.159247142927987 1.127
      vertex 5.434469997882843 4.159247142927987 0.927
    endloop
  endfacet
  facet normal -0.8588969310802729 0.5121484763043713 0
    outer loop
      vertex 5.434469997882843 4.159247142927987 1.127
      vertex 5.460790179669857 4.203387317912919 1.127
      vertex 5.460790179669857 4.203387317912919 0.927
    endloop
  endfacet
  facet normal 0.8158674275523666 -0.5782389996005836 0
    outer loop
      vertex 5.502040714025497 4.1330892869404385 1.127
      vertex 5.502040714025497 4.1330892869404385 0.927
      vertex 5.542748034000397 4.190525358276708 1.127
    endloop
  endfacet
  facet normal 0.9855736600015061 -0.1692470404799911 0
    outer loop
      vertex 5.542748034000397 4.190525358276708 1.127
      vertex 5.542748034000397 4.190525358276708 0.927
      vertex 5.556317143142223 4.2695421406200955 1.127
    endloop
  endfacet
  facet normal 0 0 1
    outer loop
      vertex 5.346192859113216 4.086443571107728 1.127
      vertex 5.389731965959072 4.134074462311609 1.127
      vertex 5.325704999268055 4.125683573739869 1.127
    endloop
  endfacet
  facet normal 0 0 1
    outer loop
      vertex 5.346192859113216 4.086443571107728 1.127
      vertex 5.435943752527237 4.0981049963406155 1.127
      vertex 5.389731965959072 4.134074462311609 1.127
    endloop
  endfacet
  facet normal 0 0 1
    outer loop
      vertex 5.435943752527237 4.0981049963406155 1.127
      vertex 5.434469997882843 4.159247142927987 1.127
      vertex 5.389731965959072 4.134074462311609 1.127
    endloop
  endfacet
  facet normal 0 0 1
    outer loop
      vertex 5.435943752527237 4.0981049963406155 1.127
      vertex 5.502040714025497 4.1330892869404385 1.127
      vertex 5.434469997882843 4.159247142927987 1.127
    endloop
  endfacet
  facet normal 0 0 1
    outer loop
      vertex 5.434469997882843 4.159247142927987 1.127
      vertex 5.502040714025497 4.1330892869404385 1.127
      vertex 5.460790179669857 4.203387317912919 1.127
    endloop
  endfacet
  facet normal 0 0 1
    outer loop
      vertex 5.460790179669857 4.203387317912919 1.127
      vertex 5.502040714025497 4.1330892869404385 1.127
      vertex 5.542748034000397 4.190525358276708 1.127
    endloop
  endfacet
  facet normal -0.9910894867817913 0.1331977071522086 0
    outer loop
      vertex 5.460790179669857 4.203387317912919 1.127
      vertex 5.469563573598862 4.26866785969053 1.127
      vertex 5.469563573598862 4.26866785969053 0.927
    endloop
  endfacet
  facet normal -0.8532432251985761 -0.5215131816672824 0
    outer loop
      vertex 5.461171068251133 4.3303516038826535 1.127
      vertex 5.435993574559689 4.371544284479959 1.127
      vertex 5.435993574559689 4.371544284479959 0.927
    endloop
  endfacet
  facet normal -0.9908707987414703 -0.13481491090172681 0
    outer loop
      vertex 5.469563573598862 4.26866785969053 1.127
      vertex 5.461171068251133 4.3303516038826535 1.127
      vertex 5.461171068251133 4.3303516038826535 0.927
    endloop
  endfacet
  facet normal -0.11323943526871949 -0.9935677280890425 0
    outer loop
      vertex 5.323088571429253 4.40249785568033 1.127
      vertex 5.323088571429253 4.40249785568033 0.927
      vertex 5.390985533595085 4.394759466605527 1.127
    endloop
  endfacet
  facet normal -0.4584125321801598 -0.8887395289623242 0
    outer loop
      vertex 5.435993574559689 4.371544284479959 1.127
      vertex 5.390985533595085 4.394759466605527 1.127
      vertex 5.390985533595085 4.394759466605527 0.927
    endloop
  endfacet
  facet normal 0.25851675836738297 0.9660067730835121 0
    outer loop
      vertex 5.341834284365177 4.441737858312471 1.127
      vertex 5.502696432173252 4.398688925164087 1.127
      vertex 5.502696432173252 4.398688925164087 0.927
    endloop
  endfacet
  facet normal 0.9235597256079019 0.3834546038777692 0
    outer loop
      vertex 5.556317143142223 4.2695421406200955 1.127
      vertex 5.556317143142223 4.2695421406200955 0.927
      vertex 5.502696432173252 4.398688925164087 1.127
    endloop
  endfacet
  facet normal -1 0 0
    outer loop
      vertex 5.617812857031822 4.418633570628507 1.127
      vertex 5.617812857031822 4.441737858312471 1.127
      vertex 5.617812857031822 4.441737858312471 0.927
    endloop
  endfacet
  facet normal 0 0 1
    outer loop
      vertex 5.323088571429253 4.40249785568033 1.127
      vertex 5.390985533595085 4.394759466605527 1.127
      vertex 5.341834284365177 4.441737858312471 1.127
    endloop
  endfacet
  facet normal 0 0 1
    outer loop
      vertex 5.341834284365177 4.441737858312471 1.127
      vertex 5.390985533595085 4.394759466605527 1.127
      vertex 5.502696432173252 4.398688925164087 1.127
    endloop
  endfacet
  facet normal 0 0 1
    outer loop
      vertex 5.435993574559689 4.371544284479959 1.127
      vertex 5.502696432173252 4.398688925164087 1.127
      vertex 5.390985533595085 4.394759466605527 1.127
    endloop
  endfacet
  facet normal 0 0 1
    outer loop
      vertex 5.461171068251133 4.3303516038826535 1.127
      vertex 5.502696432173252 4.398688925164087 1.127
      vertex 5.435993574559689 4.371544284479959 1.127
    endloop
  endfacet
  facet normal 0 0 1
    outer loop
      vertex 5.460790179669857 4.203387317912919 1.127
      vertex 5.542748034000397 4.190525358276708 1.127
      vertex 5.469563573598862 4.26866785969053 1.127
    endloop
  endfacet
  facet normal 0 0 1
    outer loop
      vertex 5.469563573598862 4.26866785969053 1.127
      vertex 5.542748034000397 4.190525358276708 1.127
      vertex 5.556317143142223 4.2695421406200955 1.127
    endloop
  endfacet
  facet normal 0 0 1
    outer loop
      vertex 5.469563573598862 4.26866785969053 1.127
      vertex 5.556317143142223 4.2695421406200955 1.127
      vertex 5.461171068251133 4.3303516038826535 1.127
    endloop
  endfacet
  facet normal 0 0 1
    outer loop
      vertex 5.461171068251133 4.3303516038826535 1.127
      vertex 5.556317143142223 4.2695421406200955 1.127
      vertex 5.502696432173252 4.398688925164087 1.127
    endloop
  endfacet
  facet normal -0.15507955083735936 0.9879019854783585 0
    outer loop
      vertex 5.617812857031822 3.8802471437624524 1.127
      vertex 5.692795716226101 3.8920178541115353 0.927
      vertex 5.617812857031822 3.8802471437624524 0.927
    endloop
  endfacet
  facet normal 0 -1 0
    outer loop
      vertex 5.817034289240837 3.8571428560784886 1.127
      vertex 5.617812857031822 3.8571428560784886 0.927
      vertex 5.817034289240837 3.8571428560784886 0.927
    endloop
  endfacet
  facet normal 0.14834832315856958 0.9889351723020274 0
    outer loop
      vertex 5.738567143678665 3.8920178541115353 1.127
      vertex 5.817034289240837 3.8802471437624524 0.927
      vertex 5.738567143678665 3.8920178541115353 0.927
    endloop
  endfacet
  facet normal 1 0 0
    outer loop
      vertex 5.817034289240837 3.8802471437624524 1.127
      vertex 5.817034289240837 3.8571428560784886 0.927
      vertex 5.817034289240837 3.8802471437624524 0.927
    endloop
  endfacet
  facet normal 0 -1 0
    outer loop
      vertex 6.141374997794628 3.8571428560784886 1.127
      vertex 6.099087856709957 3.8571428560784886 0.927
      vertex 6.141374997794628 3.8571428560784886 0.927
    endloop
  endfacet
  facet normal 0 -1 0
    outer loop
      vertex 5.617812857031822 3.8571428560784886 1.127
      vertex 5.617812857031822 3.8571428560784886 0.927
      vertex 5.817034289240837 3.8571428560784886 1.127
    endloop
  endfacet
  facet normal -0.15507955083735936 0.9879019854783585 0
    outer loop
      vertex 5.617812857031822 3.8802471437624524 1.127
      vertex 5.692795716226101 3.8920178541115353 1.127
      vertex 5.692795716226101 3.8920178541115353 0.927
    endloop
  endfacet
  facet normal 1 0 0
    outer loop
      vertex 5.817034289240837 3.8571428560784886 1.127
      vertex 5.817034289240837 3.8571428560784886 0.927
      vertex 5.817034289240837 3.8802471437624524 1.127
    endloop
  endfacet
  facet normal 0.14834832315856958 0.9889351723020274 0
    outer loop
      vertex 5.738567143678665 3.8920178541115353 1.127
      vertex 5.817034289240837 3.8802471437624524 1.127
      vertex 5.817034289240837 3.8802471437624524 0.927
    endloop
  endfacet
  facet normal 0 0 1
    outer loop
      vertex 5.617812857031822 3.8571428560784886 1.127
      vertex 5.692795716226101 3.8920178541115353 1.127
      vertex 5.617812857031822 3.8802471437624524 1.127
    endloop
  endfacet
  facet normal 0 0 1
    outer loop
      vertex 5.617812857031822 3.8571428560784886 1.127
      vertex 5.817034289240837 3.8571428560784886 1.127
      vertex 5.692795716226101 3.8920178541115353 1.127
    endloop
  endfacet
  facet normal 0 0 1
    outer loop
      vertex 5.692795716226101 3.8920178541115353 1.127
      vertex 5.817034289240837 3.8571428560784886 1.127
      vertex 5.738567143678665 3.8920178541115353 1.127
    endloop
  endfacet
  facet normal 0 0 1
    outer loop
      vertex 5.738567143678665 3.8920178541115353 1.127
      vertex 5.817034289240837 3.8571428560784886 1.127
      vertex 5.817034289240837 3.8802471437624524 1.127
    endloop
  endfacet
  facet normal 0 -1 0
    outer loop
      vertex 6.099087856709957 3.8571428560784886 1.127
      vertex 6.099087856709957 3.8571428560784886 0.927
      vertex 6.141374997794628 3.8571428560784886 1.127
    endloop
  endfacet
  facet normal -1 0 0
    outer loop
      vertex 5.692795716226101 4.4072935708931515 1.127
      vertex 5.692795716226101 4.4072935708931515 0.927
      vertex 5.692795716226101 3.8920178541115353 0.927
    endloop
  endfacet
  facet normal 1 0 0
    outer loop
      vertex 5.738567143678665 4.382884284215314 1.127
      vertex 5.738567143678665 3.8920178541115353 0.927
      vertex 5.738567143678665 4.382884284215314 0.927
    endloop
  endfacet
  facet normal -0.149534163455158 -0.9887565595027757 0
    outer loop
      vertex 5.692795716226101 4.4072935708931515 1.127
      vertex 5.617812857031822 4.418633570628507 0.927
      vertex 5.692795716226101 4.4072935708931515 0.927
    endloop
  endfacet
  facet normal 0 1 0
    outer loop
      vertex 5.617812857031822 4.441737858312471 1.127
      vertex 5.794804282486439 4.441737858312471 0.927
      vertex 5.617812857031822 4.441737858312471 0.927
    endloop
  endfacet
  facet normal 0.8212128103944284 0.5706220465808212 0
    outer loop
      vertex 5.794804282486439 4.441737858312471 1.127
      vertex 6.095597140491009 4.008850713925702 0.927
      vertex 5.794804282486439 4.441737858312471 0.927
    endloop
  endfacet
  facet normal -0.8247198487404801 -0.5655414848563096 0
    outer loop
      vertex 6.099087856709957 3.8571428560784886 1.127
      vertex 5.738567143678665 4.382884284215314 0.927
      vertex 6.099087856709957 3.8571428560784886 0.927
    endloop
  endfacet
  facet normal -1 0 0
    outer loop
      vertex 6.095597140491009 4.008850713925702 1.127
      vertex 6.095597140491009 4.4072935708931515 0.927
      vertex 6.095597140491009 4.008850713925702 0.927
    endloop
  endfacet
  facet normal -1 0 0
    outer loop
      vertex 6.017130002379417 4.418633570628507 1.127
      vertex 6.017130002379417 4.441737858312471 0.927
      vertex 6.017130002379417 4.418633570628507 0.927
    endloop
  endfacet
  facet normal 1 0 0
    outer loop
      vertex 6.141374997794628 4.4072935708931515 1.127
      vertex 6.141374997794628 3.8571428560784886 0.927
      vertex 6.141374997794628 4.4072935708931515 0.927
    endloop
  endfacet
  facet normal -0.1430331346201861 -0.989717900414418 0
    outer loop
      vertex 6.095597140491009 4.4072935708931515 1.127
      vertex 6.017130002379417 4.418633570628507 0.927
      vertex 6.095597140491009 4.4072935708931515 0.927
    endloop
  endfacet
  facet normal 0 1 0
    outer loop
      vertex 6.017130002379417 4.441737858312471 1.127
      vertex 6.216357856988907 4.441737858312471 0.927
      vertex 6.017130002379417 4.441737858312471 0.927
    endloop
  endfacet
  facet normal -1 0 0
    outer loop
      vertex 5.692795716226101 3.8920178541115353 1.127
      vertex 5.692795716226101 4.4072935708931515 1.127
      vertex 5.692795716226101 3.8920178541115353 0.927
    endloop
  endfacet
  facet normal 1 0 0
    outer loop
      vertex 5.738567143678665 3.8920178541115353 1.127
      vertex 5.738567143678665 3.8920178541115353 0.927
      vertex 5.738567143678665 4.382884284215314 1.127
    endloop
  endfacet
  facet normal -0.8247198487404801 -0.5655414848563096 0
    outer loop
      vertex 6.099087856709957 3.8571428560784886 1.127
      vertex 5.738567143678665 4.382884284215314 1.127
      vertex 5.738567143678665 4.382884284215314 0.927
    endloop
  endfacet
  facet normal 0 0 1
    outer loop
      vertex 5.692795716226101 3.8920178541115353 1.127
      vertex 5.738567143678665 3.8920178541115353 1.127
      vertex 5.738567143678665 4.382884284215314 1.127
    endloop
  endfacet
  facet normal -0.149534163455158 -0.9887565595027757 0
    outer loop
      vertex 5.617812857031822 4.418633570628507 1.127
      vertex 5.617812857031822 4.418633570628507 0.927
      vertex 5.692795716226101 4.4072935708931515 1.127
    endloop
  endfacet
  facet normal 0 1 0
    outer loop
      vertex 5.617812857031822 4.441737858312471 1.127
      vertex 5.794804282486439 4.441737858312471 1.127
      vertex 5.794804282486439 4.441737858312471 0.927
    endloop
  endfacet
  facet normal 0 0 1
    outer loop
      vertex 5.692795716226101 3.8920178541115353 1.127
      vertex 5.738567143678665 4.382884284215314 1.127
      vertex 5.692795716226101 4.4072935708931515 1.127
    endloop
  endfacet
  facet normal 0 0 1
    outer loop
      vertex 5.617812857031822 4.418633570628507 1.127
      vertex 5.692795716226101 4.4072935708931515 1.127
      vertex 5.617812857031822 4.441737858312471 1.127
    endloop
  endfacet
  facet normal 0 0 1
    outer loop
      vertex 5.692795716226101 4.4072935708931515 1.127
      vertex 5.738567143678665 4.382884284215314 1.127
      vertex 5.794804282486439 4.441737858312471 1.127
    endloop
  endfacet
  facet normal 0 0 1
    outer loop
      vertex 5.617812857031822 4.441737858312471 1.127
      vertex 5.692795716226101 4.4072935708931515 1.127
      vertex 5.794804282486439 4.441737858312471 1.127
    endloop
  endfacet
  facet normal 0 0 1
    outer loop
      vertex 6.095597140491009 4.008850713925702 1.127
      vertex 5.794804282486439 4.441737858312471 1.127
      vertex 5.738567143678665 4.382884284215314 1.127
    endloop
  endfacet
  facet normal 0.8212128103944284 0.5706220465808212 0
    outer loop
      vertex 6.095597140491009 4.008850713925702 1.127
      vertex 6.095597140491009 4.008850713925702 0.927
      vertex 5.794804282486439 4.441737858312471 1.127
    endloop
  endfacet
  facet normal 1 0 0
    outer loop
      vertex 6.141374997794628 3.8571428560784886 1.127
      vertex 6.141374997794628 3.8571428560784886 0.927
      vertex 6.141374997794628 4.4072935708931515 1.127
    endloop
  endfacet
  facet normal 0 0 1
    outer loop
      vertex 6.099087856709957 3.8571428560784886 1.127
      vertex 6.141374997794628 3.8571428560784886 1.127
      vertex 5.738567143678665 4.382884284215314 1.127
    endloop
  endfacet
  facet normal 0 0 1
    outer loop
      vertex 6.141374997794628 3.8571428560784886 1.127
      vertex 6.095597140491009 4.008850713925702 1.127
      vertex 5.738567143678665 4.382884284215314 1.127
    endloop
  endfacet
  facet normal 0 0 1
    outer loop
      vertex 6.141374997794628 3.8571428560784886 1.127
      vertex 6.141374997794628 4.4072935708931515 1.127
      vertex 6.095597140491009 4.008850713925702 1.127
    endloop
  endfacet
  facet normal -0.1430331346201861 -0.989717900414418 0
    outer loop
      vertex 6.017130002379417 4.418633570628507 1.127
      vertex 6.017130002379417 4.418633570628507 0.927
      vertex 6.095597140491009 4.4072935708931515 1.127
    endloop
  endfacet
  facet normal -1 0 0
    outer loop
      vertex 6.017130002379417 4.418633570628507 1.127
      vertex 6.017130002379417 4.441737858312471 1.127
      vertex 6.017130002379417 4.441737858312471 0.927
    endloop
  endfacet
  facet normal -1 0 0
    outer loop
      vertex 6.095597140491009 4.008850713925702 1.127
      vertex 6.095597140491009 4.4072935708931515 1.127
      vertex 6.095597140491009 4.4072935708931515 0.927
    endloop
  endfacet
  facet normal 0.149534163455158 -0.9887565595027757 0
    outer loop
      vertex 6.141374997794628 4.4072935708931515 1.127
      vertex 6.141374997794628 4.4072935708931515 0.927
      vertex 6.216357856988907 4.418633570628507 1.127
    endloop
  endfacet
  facet normal 0 1 0
    outer loop
      vertex 6.017130002379417 4.441737858312471 1.127
      vertex 6.216357856988907 4.441737858312471 1.127
      vertex 6.216357856988907 4.441737858312471 0.927
    endloop
  endfacet
  facet normal 0 0 1
    outer loop
      vertex 6.017130002379417 4.418633570628507 1.127
      vertex 6.095597140491009 4.4072935708931515 1.127
      vertex 6.017130002379417 4.441737858312471 1.127
    endloop
  endfacet
  facet normal 0 0 1
    outer loop
      vertex 6.095597140491009 4.008850713925702 1.127
      vertex 6.141374997794628 4.4072935708931515 1.127
      vertex 6.095597140491009 4.4072935708931515 1.127
    endloop
  endfacet
  facet normal 0 0 1
    outer loop
      vertex 6.017130002379417 4.441737858312471 1.127
      vertex 6.095597140491009 4.4072935708931515 1.127
      vertex 6.141374997794628 4.4072935708931515 1.127
    endloop
  endfacet
  facet normal 0 0 1
    outer loop
      vertex 6.017130002379417 4.441737858312471 1.127
      vertex 6.141374997794628 4.4072935708931515 1.127
      vertex 6.216357856988907 4.441737858312471 1.127
    endloop
  endfacet
  facet normal 0.149534163455158 -0.9887565595027757 0
    outer loop
      vertex 6.216357856988907 4.418633570628507 1.127
      vertex 6.141374997794628 4.4072935708931515 0.927
      vertex 6.216357856988907 4.418633570628507 0.927
    endloop
  endfacet
  facet normal 1 0 0
    outer loop
      vertex 6.216357856988907 4.441737858312471 1.127
      vertex 6.216357856988907 4.418633570628507 0.927
      vertex 6.216357856988907 4.441737858312471 0.927
    endloop
  endfacet
  facet normal 1 0 0
    outer loop
      vertex 6.216357856988907 4.418633570628507 1.127
      vertex 6.216357856988907 4.418633570628507 0.927
      vertex 6.216357856988907 4.441737858312471 1.127
    endloop
  endfacet
  facet normal 0 0 1
    outer loop
      vertex 6.141374997794628 4.4072935708931515 1.127
      vertex 6.216357856988907 4.418633570628507 1.127
      vertex 6.216357856988907 4.441737858312471 1.127
    endloop
  endfacet
  facet normal 0 -1 0
    outer loop
      vertex 6.859192498028278 1.2857142889073918 1.127
      vertex 6.816905356943607 1.2857142889073918 0.927
      vertex 6.859192498028278 1.2857142889073918 0.927
    endloop
  endfacet
  facet normal -1 0 0
    outer loop
      vertex 6.813414640724659 1.4374221467546056 1.127
      vertex 6.813414640724659 1.8358650037220547 0.927
      vertex 6.813414640724659 1.4374221467546056 0.927
    endloop
  endfacet
  facet normal 1 0 0
    outer loop
      vertex 6.859192498028278 1.8358650037220547 1.127
      vertex 6.859192498028278 1.2857142889073918 0.927
      vertex 6.859192498028278 1.8358650037220547 0.927
    endloop
  endfacet
  facet normal 0 -1 0
    outer loop
      vertex 6.816905356943607 1.2857142889073918 1.127
      vertex 6.816905356943607 1.2857142889073918 0.927
      vertex 6.859192498028278 1.2857142889073918 1.127
    endloop
  endfacet
  facet normal 1 0 0
    outer loop
      vertex 6.859192498028278 1.2857142889073918 1.127
      vertex 6.859192498028278 1.2857142889073918 0.927
      vertex 6.859192498028278 1.8358650037220547 1.127
    endloop
  endfacet
  facet normal 0 0 1
    outer loop
      vertex 6.813414640724659 1.4374221467546056 1.127
      vertex 6.859192498028278 1.2857142889073918 1.127
      vertex 6.859192498028278 1.8358650037220547 1.127
    endloop
  endfacet
  facet normal -0.1430331346201861 -0.989717900414418 0
    outer loop
      vertex 6.813414640724659 1.8358650037220547 1.127
      vertex 6.734947502613068 1.8472050034574101 0.927
      vertex 6.813414640724659 1.8358650037220547 0.927
    endloop
  endfacet
  facet normal 0 1 0
    outer loop
      vertex 6.734947502613068 1.870309291141374 1.127
      vertex 6.934175357222557 1.870309291141374 0.927
      vertex 6.734947502613068 1.870309291141374 0.927
    endloop
  endfacet
  facet normal 0.149534163455158 -0.9887565595027757 0
    outer loop
      vertex 6.934175357222557 1.8472050034574101 1.127
      vertex 6.859192498028278 1.8358650037220547 0.927
      vertex 6.934175357222557 1.8472050034574101 0.927
    endloop
  endfacet
  facet normal 1 0 0
    outer loop
      vertex 6.934175357222557 1.870309291141374 1.127
      vertex 6.934175357222557 1.8472050034574101 0.927
      vertex 6.934175357222557 1.870309291141374 0.927
    endloop
  endfacet
  facet normal -1 0 0
    outer loop
      vertex 6.813414640724659 1.4374221467546056 1.127
      vertex 6.813414640724659 1.8358650037220547 1.127
      vertex 6.813414640724659 1.8358650037220547 0.927
    endloop
  endfacet
  facet normal -0.1430331346201861 -0.989717900414418 0
    outer loop
      vertex 6.734947502613068 1.8472050034574101 1.127
      vertex 6.734947502613068 1.8472050034574101 0.927
      vertex 6.813414640724659 1.8358650037220547 1.127
    endloop
  endfacet
  facet normal 0.149534163455158 -0.9887565595027757 0
    outer loop
      vertex 6.859192498028278 1.8358650037220547 1.127
      vertex 6.859192498028278 1.8358650037220547 0.927
      vertex 6.934175357222557 1.8472050034574101 1.127
    endloop
  endfacet
  facet normal 0 1 0
    outer loop
      vertex 6.734947502613068 1.870309291141374 1.127
      vertex 6.934175357222557 1.870309291141374 1.127
      vertex 6.934175357222557 1.870309291141374 0.927
    endloop
  endfacet
  facet normal 1 0 0
    outer loop
      vertex 6.934175357222557 1.8472050034574101 1.127
      vertex 6.934175357222557 1.8472050034574101 0.927
      vertex 6.934175357222557 1.870309291141374 1.127
    endloop
  endfacet
  facet normal 0 0 1
    outer loop
      vertex 6.813414640724659 1.4374221467546056 1.127
      vertex 6.859192498028278 1.8358650037220547 1.127
      vertex 6.813414640724659 1.8358650037220547 1.127
    endloop
  endfacet
  facet normal 0 0 1
    outer loop
      vertex 6.734947502613068 1.8472050034574101 1.127
      vertex 6.813414640724659 1.8358650037220547 1.127
      vertex 6.734947502613068 1.870309291141374 1.127
    endloop
  endfacet
  facet normal 0 0 1
    outer loop
      vertex 6.734947502613068 1.870309291141374 1.127
      vertex 6.813414640724659 1.8358650037220547 1.127
      vertex 6.859192498028278 1.8358650037220547 1.127
    endloop
  endfacet
  facet normal 0 0 1
    outer loop
      vertex 6.734947502613068 1.870309291141374 1.127
      vertex 6.859192498028278 1.8358650037220547 1.127
      vertex 6.934175357222557 1.870309291141374 1.127
    endloop
  endfacet
  facet normal 0 0 1
    outer loop
      vertex 6.859192498028278 1.8358650037220547 1.127
      vertex 6.934175357222557 1.8472050034574101 1.127
      vertex 6.934175357222557 1.870309291141374 1.127
    endloop
  endfacet
  facet normal -0.8420930445438382 -0.539332276366703 0
    outer loop
      vertex 4.615958571434021 5.211514284568174 1.127
      vertex 4.556452497839928 5.304424820201738 0.927
      vertex 4.615958571434021 5.211514284568174 0.927
    endloop
  endfacet
  facet normal -0.5211469914972107 -0.8534669374108209 0
    outer loop
      vertex 4.710993751883507 5.153483567493303 1.127
      vertex 4.615958571434021 5.211514284568174 0.927
      vertex 4.710993751883507 5.153483567493303 0.927
    endloop
  endfacet
  facet normal 0.18210550894174996 0.9832789958160738 0
    outer loop
      vertex 4.7476687505841255 5.184486960726125 1.127
      vertex 4.838290713727474 5.167703566806657 0.927
      vertex 4.7476687505841255 5.184486960726125 0.927
    endloop
  endfacet
  facet normal 0.6059529009402413 0.7955005228421324 0
    outer loop
      vertex 4.681568570435047 5.234837142484529 1.127
      vertex 4.7476687505841255 5.184486960726125 0.927
      vertex 4.681568570435047 5.234837142484529 0.927
    endloop
  endfacet
  facet normal 0.8975054492123504 0.4410033657854973 0
    outer loop
      vertex 4.641189105808735 5.317015176372869 1.127
      vertex 4.681568570435047 5.234837142484529 0.927
      vertex 4.641189105808735 5.317015176372869 0.927
    endloop
  endfacet
  facet normal -0.9874404763787368 -0.1579914732159094 0
    outer loop
      vertex 4.556452497839928 5.304424820201738 1.127
      vertex 4.536617144942284 5.42839499350105 0.927
      vertex 4.556452497839928 5.304424820201738 0.927
    endloop
  endfacet
  facet normal -0.9897944833190285 0.1425022132853288 0
    outer loop
      vertex 4.536617144942284 5.42839499350105 1.127
      vertex 4.555689103901386 5.560865355389459 0.927
      vertex 4.536617144942284 5.42839499350105 0.927
    endloop
  endfacet
  facet normal 0.9928880048669602 0.11905213056181346 0
    outer loop
      vertex 4.6277292892336845 5.429269281881196 1.127
      vertex 4.641189105808735 5.317015176372869 0.927
      vertex 4.6277292892336845 5.429269281881196 0.927
    endloop
  endfacet
  facet normal 0.9943156009747917 -0.10647293392284661 0
    outer loop
      vertex 4.640589639544487 5.549367850380285 1.127
      vertex 4.6277292892336845 5.429269281881196 0.927
      vertex 4.640589639544487 5.549367850380285 0.927
    endloop
  endfacet
  facet normal -0.8584031273451729 0.5129757021185576 0
    outer loop
      vertex 4.555689103901386 5.560865355389459 1.127
      vertex 4.612905003130436 5.656609279768808 0.927
      vertex 4.555689103901386 5.560865355389459 0.927
    endloop
  endfacet
  facet normal 0.9085786848853257 -0.4177137457303172 0
    outer loop
      vertex 4.679170712828636 5.6332864218524525 1.127
      vertex 4.640589639544487 5.549367850380285 0.927
      vertex 4.679170712828636 5.6332864218524525 0.927
    endloop
  endfacet
  facet normal -0.1512469333962624 -0.98849601169566 0
    outer loop
      vertex 4.837416425347328 5.134139997618539 1.127
      vertex 4.710993751883507 5.153483567493303 0.927
      vertex 4.837416425347328 5.134139997618539 0.927
    endloop
  endfacet
  facet normal -0.06196668461271392 0.9980782183767505 0
    outer loop
      vertex 4.838290713727474 5.167703566806657 1.127
      vertex 4.886567682027817 5.170700890677316 0.927
      vertex 4.838290713727474 5.167703566806657 0.927
    endloop
  endfacet
  facet normal 0.06421708582586994 -0.9979359527985916 0
    outer loop
      vertex 4.944109819829464 5.141005707638604 1.127
      vertex 4.837416425347328 5.134139997618539 0.927
      vertex 4.944109819829464 5.141005707638604 0.927
    endloop
  endfacet
  facet normal -0.19410094129669758 0.9809815617980472 0
    outer loop
      vertex 4.886567682027817 5.170700890677316 1.127
      vertex 4.932012856006622 5.179692854838712 0.927
      vertex 4.886567682027817 5.170700890677316 0.927
    endloop
  endfacet
  facet normal -0.33452637460859214 0.9423863882141081 0
    outer loop
      vertex 4.932012856006622 5.179692854838712 1.127
      vertex 4.9714649990201 5.193697495119912 0.927
      vertex 4.932012856006622 5.179692854838712 0.927
    endloop
  endfacet
  facet normal -0.5115031028034686 0.8592814299299295 0
    outer loop
      vertex 4.9714649990201 5.193697495119912 1.127
      vertex 5.001762859523296 5.211732854800565 0.927
      vertex 4.9714649990201 5.193697495119912 0.927
    endloop
  endfacet
  facet normal 0.20270289283626064 -0.9792402857500355 0
    outer loop
      vertex 5.043612860143185 5.1616028525999615 1.127
      vertex 4.944109819829464 5.141005707638604 0.927
      vertex 5.043612860143185 5.1616028525999615 0.927
    endloop
  endfacet
  facet normal -0.9833166022190905 0.18190233588468 0
    outer loop
      vertex 5.001762859523296 5.211732854800565 1.127
      vertex 5.0178921446204185 5.298923564808709 0.927
      vertex 5.001762859523296 5.211732854800565 0.927
    endloop
  endfacet
  facet normal 0.9998185331898908 -0.01904995249377903 0
    outer loop
      vertex 5.046229287981987 5.298923564808709 1.127
      vertex 5.043612860143185 5.1616028525999615 0.927
      vertex 5.046229287981987 5.298923564808709 0.927
    endloop
  endfacet
  facet normal 0 1 0
    outer loop
      vertex 5.0178921446204185 5.298923564808709 1.127
      vertex 5.046229287981987 5.298923564808709 0.927
      vertex 5.0178921446204185 5.298923564808709 0.927
    endloop
  endfacet
  facet normal -0.9854668752566242 -0.16986770667771167 0
    outer loop
      vertex 5.008737854659557 5.5840242856315205 1.127
      vertex 4.995662145316601 5.659881425755365 0.927
      vertex 5.008737854659557 5.5840242856315205 0.927
    endloop
  endfacet
  facet normal 0 -1 0
    outer loop
      vertex 5.037512145936489 5.5840242856315205 1.127
      vertex 5.008737854659557 5.5840242856315205 0.927
      vertex 5.037512145936489 5.5840242856315205 0.927
    endloop
  endfacet
  facet normal -0.8420930445438382 -0.539332276366703 0
    outer loop
      vertex 4.556452497839928 5.304424820201738 1.127
      vertex 4.556452497839928 5.304424820201738 0.927
      vertex 4.615958571434021 5.211514284568174 1.127
    endloop
  endfacet
  facet normal -0.5211469914972107 -0.8534669374108209 0
    outer loop
      vertex 4.710993751883507 5.153483567493303 1.127
      vertex 4.615958571434021 5.211514284568174 1.127
      vertex 4.615958571434021 5.211514284568174 0.927
    endloop
  endfacet
  facet normal 0.6059529009402413 0.7955005228421324 0
    outer loop
      vertex 4.7476687505841255 5.184486960726125 1.127
      vertex 4.7476687505841255 5.184486960726125 0.927
      vertex 4.681568570435047 5.234837142484529 1.127
    endloop
  endfacet
  facet normal -0.1512469333962624 -0.98849601169566 0
    outer loop
      vertex 4.710993751883507 5.153483567493303 1.127
      vertex 4.710993751883507 5.153483567493303 0.927
      vertex 4.837416425347328 5.134139997618539 1.127
    endloop
  endfacet
  facet normal 0.8975054492123504 0.4410033657854973 0
    outer loop
      vertex 4.641189105808735 5.317015176372869 1.127
      vertex 4.681568570435047 5.234837142484529 1.127
      vertex 4.681568570435047 5.234837142484529 0.927
    endloop
  endfacet
  facet normal 0 0 1
    outer loop
      vertex 4.556452497839928 5.304424820201738 1.127
      vertex 4.615958571434021 5.211514284568174 1.127
      vertex 4.641189105808735 5.317015176372869 1.127
    endloop
  endfacet
  facet normal 0 0 1
    outer loop
      vertex 4.710993751883507 5.153483567493303 1.127
      vertex 4.681568570435047 5.234837142484529 1.127
      vertex 4.615958571434021 5.211514284568174 1.127
    endloop
  endfacet
  facet normal 0 0 1
    outer loop
      vertex 4.710993751883507 5.153483567493303 1.127
      vertex 4.7476687505841255 5.184486960726125 1.127
      vertex 4.681568570435047 5.234837142484529 1.127
    endloop
  endfacet
  facet normal 0 0 1
    outer loop
      vertex 4.710993751883507 5.153483567493303 1.127
      vertex 4.837416425347328 5.134139997618539 1.127
      vertex 4.7476687505841255 5.184486960726125 1.127
    endloop
  endfacet
  facet normal 0 0 1
    outer loop
      vertex 4.615958571434021 5.211514284568174 1.127
      vertex 4.681568570435047 5.234837142484529 1.127
      vertex 4.641189105808735 5.317015176372869 1.127
    endloop
  endfacet
  facet normal -0.9874404763787368 -0.1579914732159094 0
    outer loop
      vertex 4.556452497839928 5.304424820201738 1.127
      vertex 4.536617144942284 5.42839499350105 1.127
      vertex 4.536617144942284 5.42839499350105 0.927
    endloop
  endfacet
  facet normal 0.9928880048669602 0.11905213056181346 0
    outer loop
      vertex 4.641189105808735 5.317015176372869 1.127
      vertex 4.641189105808735 5.317015176372869 0.927
      vertex 4.6277292892336845 5.429269281881196 1.127
    endloop
  endfacet
  facet normal 0.9943156009747917 -0.10647293392284661 0
    outer loop
      vertex 4.6277292892336845 5.429269281881196 1.127
      vertex 4.6277292892336845 5.429269281881196 0.927
      vertex 4.640589639544487 5.549367850380285 1.127
    endloop
  endfacet
  facet normal -0.9897944833190285 0.1425022132853288 0
    outer loop
      vertex 4.536617144942284 5.42839499350105 1.127
      vertex 4.555689103901386 5.560865355389459 1.127
      vertex 4.555689103901386 5.560865355389459 0.927
    endloop
  endfacet
  facet normal -0.8584031273451729 0.5129757021185576 0
    outer loop
      vertex 4.555689103901386 5.560865355389459 1.127
      vertex 4.612905003130436 5.656609279768808 1.127
      vertex 4.612905003130436 5.656609279768808 0.927
    endloop
  endfacet
  facet normal 0.9085786848853257 -0.4177137457303172 0
    outer loop
      vertex 4.640589639544487 5.549367850380285 1.127
      vertex 4.640589639544487 5.549367850380285 0.927
      vertex 4.679170712828636 5.6332864218524525 1.127
    endloop
  endfacet
  facet normal 0 0 1
    outer loop
      vertex 4.556452497839928 5.304424820201738 1.127
      vertex 4.6277292892336845 5.429269281881196 1.127
      vertex 4.536617144942284 5.42839499350105 1.127
    endloop
  endfacet
  facet normal 0 0 1
    outer loop
      vertex 4.556452497839928 5.304424820201738 1.127
      vertex 4.641189105808735 5.317015176372869 1.127
      vertex 4.6277292892336845 5.429269281881196 1.127
    endloop
  endfacet
  facet normal 0 0 1
    outer loop
      vertex 4.536617144942284 5.42839499350105 1.127
      vertex 4.6277292892336845 5.429269281881196 1.127
      vertex 4.555689103901386 5.560865355389459 1.127
    endloop
  endfacet
  facet normal 0 0 1
    outer loop
      vertex 4.6277292892336845 5.429269281881196 1.127
      vertex 4.640589639544487 5.549367850380285 1.127
      vertex 4.555689103901386 5.560865355389459 1.127
    endloop
  endfacet
  facet normal 0 0 1
    outer loop
      vertex 4.555689103901386 5.560865355389459 1.127
      vertex 4.640589639544487 5.549367850380285 1.127
      vertex 4.612905003130436 5.656609279768808 1.127
    endloop
  endfacet
  facet normal 0 0 1
    outer loop
      vertex 4.640589639544487 5.549367850380285 1.127
      vertex 4.679170712828636 5.6332864218524525 1.127
      vertex 4.612905003130436 5.656609279768808 1.127
    endloop
  endfacet
  facet normal 0.18210550894174996 0.9832789958160738 0
    outer loop
      vertex 4.7476687505841255 5.184486960726125 1.127
      vertex 4.838290713727474 5.167703566806657 1.127
      vertex 4.838290713727474 5.167703566806657 0.927
    endloop
  endfacet
  facet normal 0.06421708582586994 -0.9979359527985916 0
    outer loop
      vertex 4.837416425347328 5.134139997618539 1.127
      vertex 4.837416425347328 5.134139997618539 0.927
      vertex 4.944109819829464 5.141005707638604 1.127
    endloop
  endfacet
  facet normal -0.06196668461271392 0.9980782183767505 0
    outer loop
      vertex 4.838290713727474 5.167703566806657 1.127
      vertex 4.886567682027817 5.170700890677316 1.127
      vertex 4.886567682027817 5.170700890677316 0.927
    endloop
  endfacet
  facet normal -0.19410094129669758 0.9809815617980472 0
    outer loop
      vertex 4.886567682027817 5.170700890677316 1.127
      vertex 4.932012856006622 5.179692854838712 1.127
      vertex 4.932012856006622 5.179692854838712 0.927
    endloop
  endfacet
  facet normal 0.20270289283626064 -0.9792402857500355 0
    outer loop
      vertex 4.944109819829464 5.141005707638604 1.127
      vertex 4.944109819829464 5.141005707638604 0.927
      vertex 5.043612860143185 5.1616028525999615 1.127
    endloop
  endfacet
  facet normal -0.33452637460859214 0.9423863882141081 0
    outer loop
      vertex 4.932012856006622 5.179692854838712 1.127
      vertex 4.9714649990201 5.193697495119912 1.127
      vertex 4.9714649990201 5.193697495119912 0.927
    endloop
  endfacet
  facet normal -0.5115031028034686 0.8592814299299295 0
    outer loop
      vertex 4.9714649990201 5.193697495119912 1.127
      vertex 5.001762859523296 5.211732854800565 1.127
      vertex 5.001762859523296 5.211732854800565 0.927
    endloop
  endfacet
  facet normal -0.9833166022190905 0.18190233588468 0
    outer loop
      vertex 5.001762859523296 5.211732854800565 1.127
      vertex 5.0178921446204185 5.298923564808709 1.127
      vertex 5.0178921446204185 5.298923564808709 0.927
    endloop
  endfacet
  facet normal 0.9998185331898908 -0.01904995249377903 0
    outer loop
      vertex 5.043612860143185 5.1616028525999615 1.127
      vertex 5.043612860143185 5.1616028525999615 0.927
      vertex 5.046229287981987 5.298923564808709 1.127
    endloop
  endfacet
  facet normal 0 1 0
    outer loop
      vertex 5.0178921446204185 5.298923564808709 1.127
      vertex 5.046229287981987 5.298923564808709 1.127
      vertex 5.046229287981987 5.298923564808709 0.927
    endloop
  endfacet
  facet normal 0 0 1
    outer loop
      vertex 4.7476687505841255 5.184486960726125 1.127
      vertex 4.837416425347328 5.134139997618539 1.127
      vertex 4.838290713727474 5.167703566806657 1.127
    endloop
  endfacet
  facet normal 0 0 1
    outer loop
      vertex 4.837416425347328 5.134139997618539 1.127
      vertex 4.886567682027817 5.170700890677316 1.127
      vertex 4.838290713727474 5.167703566806657 1.127
    endloop
  endfacet
  facet normal 0 0 1
    outer loop
      vertex 4.837416425347328 5.134139997618539 1.127
      vertex 4.944109819829464 5.141005707638604 1.127
      vertex 4.886567682027817 5.170700890677316 1.127
    endloop
  endfacet
  facet normal 0 0 1
    outer loop
      vertex 4.886567682027817 5.170700890677316 1.127
      vertex 4.944109819829464 5.141005707638604 1.127
      vertex 4.932012856006622 5.179692854838712 1.127
    endloop
  endfacet
  facet normal 0 0 1
    outer loop
      vertex 4.944109819829464 5.141005707638604 1.127
      vertex 4.9714649990201 5.193697495119912 1.127
      vertex 4.932012856006622 5.179692854838712 1.127
    endloop
  endfacet
  facet normal 0 0 1
    outer loop
      vertex 4.944109819829464 5.141005707638604 1.127
      vertex 5.043612860143185 5.1616028525999615 1.127
      vertex 4.9714649990201 5.193697495119912 1.127
    endloop
  endfacet
  facet normal 0 0 1
    outer loop
      vertex 4.9714649990201 5.193697495119912 1.127
      vertex 5.043612860143185 5.1616028525999615 1.127
      vertex 5.001762859523296 5.211732854800565 1.127
    endloop
  endfacet
  facet normal 0 0 1
    outer loop
      vertex 5.001762859523296 5.211732854800565 1.127
      vertex 5.046229287981987 5.298923564808709 1.127
      vertex 5.0178921446204185 5.298923564808709 1.127
    endloop
  endfacet
  facet normal 0 0 1
    outer loop
      vertex 5.043612860143185 5.1616028525999615 1.127
      vertex 5.046229287981987 5.298923564808709 1.127
      vertex 5.001762859523296 5.211732854800565 1.127
    endloop
  endfacet
  facet normal 0 -1 0
    outer loop
      vertex 5.008737854659557 5.5840242856315205 1.127
      vertex 5.008737854659557 5.5840242856315205 0.927
      vertex 5.037512145936489 5.5840242856315205 1.127
    endloop
  endfacet
  facet normal 0 0 1
    outer loop
      vertex 5.008737854659557 5.5840242856315205 1.127
      vertex 5.037512145936489 5.5840242856315205 1.127
      vertex 4.995662145316601 5.659881425755365 1.127
    endloop
  endfacet
  facet normal -1 0 0
    outer loop
      vertex 5.126920714974403 5.142857139664037 1.127
      vertex 5.126920714974403 5.165961427348001 0.927
      vertex 5.126920714974403 5.142857139664037 0.927
    endloop
  endfacet
  facet normal -0.16742303330377203 0.9858851494567529 0
    outer loop
      vertex 5.126920714974403 5.165961427348001 1.127
      vertex 5.196233570575714 5.177732137697084 0.927
      vertex 5.126920714974403 5.165961427348001 0.927
    endloop
  endfacet
  facet normal 0 -1 0
    outer loop
      vertex 5.373225003480911 5.142857139664037 1.127
      vertex 5.126920714974403 5.142857139664037 0.927
      vertex 5.373225003480911 5.142857139664037 0.927
    endloop
  endfacet
  facet normal 0.12575897640192849 0.992060824674747 0
    outer loop
      vertex 5.280370712280273 5.177732137697084 1.127
      vertex 5.373225003480911 5.165961427348001 0.927
      vertex 5.280370712280273 5.177732137697084 0.927
    endloop
  endfacet
  facet normal 1 0 0
    outer loop
      vertex 5.280370712280273 5.372157854693277 1.127
      vertex 5.280370712280273 5.177732137697084 0.927
      vertex 5.280370712280273 5.372157854693277 0.927
    endloop
  endfacet
  facet normal -1 0 0
    outer loop
      vertex 5.196233570575714 5.177732137697084 1.127
      vertex 5.196233570575714 5.6930078544787 0.927
      vertex 5.196233570575714 5.177732137697084 0.927
    endloop
  endfacet
  facet normal 0 1 0
    outer loop
      vertex 5.280370712280273 5.411397857325418 1.127
      vertex 5.325704999268055 5.411397857325418 0.927
      vertex 5.280370712280273 5.411397857325418 0.927
    endloop
  endfacet
  facet normal 0 -1 0
    outer loop
      vertex 5.346192859113216 5.372157854693277 1.127
      vertex 5.280370712280273 5.372157854693277 0.927
      vertex 5.346192859113216 5.372157854693277 0.927
    endloop
  endfacet
  facet normal 1 0 0
    outer loop
      vertex 5.280370712280273 5.688212139265878 1.127
      vertex 5.280370712280273 5.411397857325418 0.927
      vertex 5.280370712280273 5.688212139265878 0.927
    endloop
  endfacet
  facet normal 1 0 0
    outer loop
      vertex 5.373225003480911 5.165961427348001 1.127
      vertex 5.373225003480911 5.142857139664037 0.927
      vertex 5.373225003480911 5.165961427348001 0.927
    endloop
  endfacet
  facet normal -1 0 0
    outer loop
      vertex 5.617812857031822 5.142857139664037 1.127
      vertex 5.617812857031822 5.165961427348001 0.927
      vertex 5.617812857031822 5.142857139664037 0.927
    endloop
  endfacet
  facet normal 0.1288479629310514 -0.9916643597752812 0
    outer loop
      vertex 5.435943752527237 5.383819279926164 1.127
      vertex 5.346192859113216 5.372157854693277 0.927
      vertex 5.435943752527237 5.383819279926164 0.927
    endloop
  endfacet
  facet normal -0.12994131100753498 0.9915216869507408 0
    outer loop
      vertex 5.325704999268055 5.411397857325418 1.127
      vertex 5.389731965959072 5.419788745897157 0.927
      vertex 5.325704999268055 5.411397857325418 0.927
    endloop
  endfacet
  facet normal -0.49037277890868974 0.8715127868857515 0
    outer loop
      vertex 5.389731965959072 5.419788745897157 1.127
      vertex 5.434469997882843 5.444961426513536 0.927
      vertex 5.389731965959072 5.419788745897157 0.927
    endloop
  endfacet
  facet normal 0.4678018813564553 -0.8838333552199538 0
    outer loop
      vertex 5.502040714025497 5.418803570525987 1.127
      vertex 5.435943752527237 5.383819279926164 0.927
      vertex 5.502040714025497 5.418803570525987 0.927
    endloop
  endfacet
  facet normal -0.8588969310802729 0.5121484763043713 0
    outer loop
      vertex 5.434469997882843 5.444961426513536 1.127
      vertex 5.460790179669857 5.489101601498468 0.927
      vertex 5.434469997882843 5.444961426513536 0.927
    endloop
  endfacet
  facet normal -0.9910894867817913 0.1331977071522086 0
    outer loop
      vertex 5.460790179669857 5.489101601498468 1.127
      vertex 5.469563573598862 5.5543821432760785 0.927
      vertex 5.460790179669857 5.489101601498468 0.927
    endloop
  endfacet
  facet normal -0.9908707987414703 -0.13481491090172681 0
    outer loop
      vertex 5.469563573598862 5.5543821432760785 1.127
      vertex 5.461171068251133 5.616065887468202 0.927
      vertex 5.469563573598862 5.5543821432760785 0.927
    endloop
  endfacet
  facet normal 0.8158674275523666 -0.5782389996005836 0
    outer loop
      vertex 5.542748034000397 5.476239641862256 1.127
      vertex 5.502040714025497 5.418803570525987 0.927
      vertex 5.542748034000397 5.476239641862256 0.927
    endloop
  endfacet
  facet normal 0.9855736600015061 -0.1692470404799911 0
    outer loop
      vertex 5.556317143142223 5.555256424205644 1.127
      vertex 5.542748034000397 5.476239641862256 0.927
      vertex 5.556317143142223 5.555256424205644 0.927
    endloop
  endfacet
  facet normal -1 0 0
    outer loop
      vertex 5.126920714974403 5.142857139664037 1.127
      vertex 5.126920714974403 5.165961427348001 1.127
      vertex 5.126920714974403 5.165961427348001 0.927
    endloop
  endfacet
  facet normal -0.16742303330377203 0.9858851494567529 0
    outer loop
      vertex 5.126920714974403 5.165961427348001 1.127
      vertex 5.196233570575714 5.177732137697084 1.127
      vertex 5.196233570575714 5.177732137697084 0.927
    endloop
  endfacet
  facet normal 0 -1 0
    outer loop
      vertex 5.126920714974403 5.142857139664037 1.127
      vertex 5.126920714974403 5.142857139664037 0.927
      vertex 5.373225003480911 5.142857139664037 1.127
    endloop
  endfacet
  facet normal 0.12575897640192849 0.992060824674747 0
    outer loop
      vertex 5.280370712280273 5.177732137697084 1.127
      vertex 5.373225003480911 5.165961427348001 1.127
      vertex 5.373225003480911 5.165961427348001 0.927
    endloop
  endfacet
  facet normal 1 0 0
    outer loop
      vertex 5.280370712280273 5.177732137697084 1.127
      vertex 5.280370712280273 5.177732137697084 0.927
      vertex 5.280370712280273 5.372157854693277 1.127
    endloop
  endfacet
  facet normal 0 0 1
    outer loop
      vertex 5.126920714974403 5.142857139664037 1.127
      vertex 5.196233570575714 5.177732137697084 1.127
      vertex 5.126920714974403 5.165961427348001 1.127
    endloop
  endfacet
  facet normal 0 0 1
    outer loop
      vertex 5.126920714974403 5.142857139664037 1.127
      vertex 5.280370712280273 5.177732137697084 1.127
      vertex 5.196233570575714 5.177732137697084 1.127
    endloop
  endfacet
  facet normal 0 0 1
    outer loop
      vertex 5.126920714974403 5.142857139664037 1.127
      vertex 5.373225003480911 5.142857139664037 1.127
      vertex 5.280370712280273 5.177732137697084 1.127
    endloop
  endfacet
  facet normal 0 0 1
    outer loop
      vertex 5.280370712280273 5.177732137697084 1.127
      vertex 5.373225003480911 5.142857139664037 1.127
      vertex 5.373225003480911 5.165961427348001 1.127
    endloop
  endfacet
  facet normal 0 0 1
    outer loop
      vertex 5.196233570575714 5.177732137697084 1.127
      vertex 5.280370712280273 5.177732137697084 1.127
      vertex 5.280370712280273 5.372157854693277 1.127
    endloop
  endfacet
  facet normal 0 0 1
    outer loop
      vertex 5.196233570575714 5.177732137697084 1.127
      vertex 5.280370712280273 5.372157854693277 1.127
      vertex 5.280370712280273 5.411397857325418 1.127
    endloop
  endfacet
  facet normal -1 0 0
    outer loop
      vertex 5.196233570575714 5.177732137697084 1.127
      vertex 5.196233570575714 5.6930078544787 1.127
      vertex 5.196233570575714 5.6930078544787 0.927
    endloop
  endfacet
  facet normal 0 -1 0
    outer loop
      vertex 5.280370712280273 5.372157854693277 1.127
      vertex 5.280370712280273 5.372157854693277 0.927
      vertex 5.346192859113216 5.372157854693277 1.127
    endloop
  endfacet
  facet normal 0 1 0
    outer loop
      vertex 5.280370712280273 5.411397857325418 1.127
      vertex 5.325704999268055 5.411397857325418 1.127
      vertex 5.325704999268055 5.411397857325418 0.927
    endloop
  endfacet
  facet normal 1 0 0
    outer loop
      vertex 5.280370712280273 5.411397857325418 1.127
      vertex 5.280370712280273 5.411397857325418 0.927
      vertex 5.280370712280273 5.688212139265878 1.127
    endloop
  endfacet
  facet normal 0 0 1
    outer loop
      vertex 5.196233570575714 5.177732137697084 1.127
      vertex 5.280370712280273 5.411397857325418 1.127
      vertex 5.196233570575714 5.6930078544787 1.127
    endloop
  endfacet
  facet normal 0 0 1
    outer loop
      vertex 5.280370712280273 5.372157854693277 1.127
      vertex 5.325704999268055 5.411397857325418 1.127
      vertex 5.280370712280273 5.411397857325418 1.127
    endloop
  endfacet
  facet normal 0 0 1
    outer loop
      vertex 5.280370712280273 5.372157854693277 1.127
      vertex 5.346192859113216 5.372157854693277 1.127
      vertex 5.325704999268055 5.411397857325418 1.127
    endloop
  endfacet
  facet normal 0 0 1
    outer loop
      vertex 5.280370712280273 5.411397857325418 1.127
      vertex 5.280370712280273 5.688212139265878 1.127
      vertex 5.196233570575714 5.6930078544787 1.127
    endloop
  endfacet
  facet normal 1 0 0
    outer loop
      vertex 5.373225003480911 5.142857139664037 1.127
      vertex 5.373225003480911 5.142857139664037 0.927
      vertex 5.373225003480911 5.165961427348001 1.127
    endloop
  endfacet
  facet normal -1 0 0
    outer loop
      vertex 5.617812857031822 5.142857139664037 1.127
      vertex 5.617812857031822 5.165961427348001 1.127
      vertex 5.617812857031822 5.165961427348001 0.927
    endloop
  endfacet
  facet normal 0.1288479629310514 -0.9916643597752812 0
    outer loop
      vertex 5.346192859113216 5.372157854693277 1.127
      vertex 5.346192859113216 5.372157854693277 0.927
      vertex 5.435943752527237 5.383819279926164 1.127
    endloop
  endfacet
  facet normal -0.12994131100753498 0.9915216869507408 0
    outer loop
      vertex 5.325704999268055 5.411397857325418 1.127
      vertex 5.389731965959072 5.419788745897157 1.127
      vertex 5.389731965959072 5.419788745897157 0.927
    endloop
  endfacet
  facet normal 0.4678018813564553 -0.8838333552199538 0
    outer loop
      vertex 5.435943752527237 5.383819279926164 1.127
      vertex 5.435943752527237 5.383819279926164 0.927
      vertex 5.502040714025497 5.418803570525987 1.127
    endloop
  endfacet
  facet normal -0.49037277890868974 0.8715127868857515 0
    outer loop
      vertex 5.389731965959072 5.419788745897157 1.127
      vertex 5.434469997882843 5.444961426513536 1.127
      vertex 5.434469997882843 5.444961426513536 0.927
    endloop
  endfacet
  facet normal -0.8588969310802729 0.5121484763043713 0
    outer loop
      vertex 5.434469997882843 5.444961426513536 1.127
      vertex 5.460790179669857 5.489101601498468 1.127
      vertex 5.460790179669857 5.489101601498468 0.927
    endloop
  endfacet
  facet normal -0.9910894867817913 0.1331977071522086 0
    outer loop
      vertex 5.460790179669857 5.489101601498468 1.127
      vertex 5.469563573598862 5.5543821432760785 1.127
      vertex 5.469563573598862 5.5543821432760785 0.927
    endloop
  endfacet
  facet normal -0.9908707987414703 -0.13481491090172681 0
    outer loop
      vertex 5.469563573598862 5.5543821432760785 1.127
      vertex 5.461171068251133 5.616065887468202 1.127
      vertex 5.461171068251133 5.616065887468202 0.927
    endloop
  endfacet
  facet normal 0.8158674275523666 -0.5782389996005836 0
    outer loop
      vertex 5.502040714025497 5.418803570525987 1.127
      vertex 5.502040714025497 5.418803570525987 0.927
      vertex 5.542748034000397 5.476239641862256 1.127
    endloop
  endfacet
  facet normal 0.9855736600015061 -0.1692470404799911 0
    outer loop
      vertex 5.542748034000397 5.476239641862256 1.127
      vertex 5.542748034000397 5.476239641862256 0.927
      vertex 5.556317143142223 5.555256424205644 1.127
    endloop
  endfacet
  facet normal 0.9235597256079019 0.3834546038777692 0
    outer loop
      vertex 5.556317143142223 5.555256424205644 1.127
      vertex 5.556317143142223 5.555256424205644 0.927
      vertex 5.502696432173252 5.684403208749635 1.127
    endloop
  endfacet
  facet normal 0 0 1
    outer loop
      vertex 5.325704999268055 5.411397857325418 1.127
      vertex 5.346192859113216 5.372157854693277 1.127
      vertex 5.389731965959072 5.419788745897157 1.127
    endloop
  endfacet
  facet normal 0 0 1
    outer loop
      vertex 5.346192859113216 5.372157854693277 1.127
      vertex 5.435943752527237 5.383819279926164 1.127
      vertex 5.389731965959072 5.419788745897157 1.127
    endloop
  endfacet
  facet normal 0 0 1
    outer loop
      vertex 5.389731965959072 5.419788745897157 1.127
      vertex 5.435943752527237 5.383819279926164 1.127
      vertex 5.434469997882843 5.444961426513536 1.127
    endloop
  endfacet
  facet normal 0 0 1
    outer loop
      vertex 5.435943752527237 5.383819279926164 1.127
      vertex 5.502040714025497 5.418803570525987 1.127
      vertex 5.434469997882843 5.444961426513536 1.127
    endloop
  endfacet
  facet normal 0 0 1
    outer loop
      vertex 5.434469997882843 5.444961426513536 1.127
      vertex 5.502040714025497 5.418803570525987 1.127
      vertex 5.460790179669857 5.489101601498468 1.127
    endloop
  endfacet
  facet normal 0 0 1
    outer loop
      vertex 5.460790179669857 5.489101601498468 1.127
      vertex 5.502040714025497 5.418803570525987 1.127
      vertex 5.542748034000397 5.476239641862256 1.127
    endloop
  endfacet
  facet normal 0 0 1
    outer loop
      vertex 5.460790179669857 5.489101601498468 1.127
      vertex 5.542748034000397 5.476239641862256 1.127
      vertex 5.469563573598862 5.5543821432760785 1.127
    endloop
  endfacet
  facet normal 0 0 1
    outer loop
      vertex 5.469563573598862 5.5543821432760785 1.127
      vertex 5.542748034000397 5.476239641862256 1.127
      vertex 5.556317143142223 5.555256424205644 1.127
    endloop
  endfacet
  facet normal 0 0 1
    outer loop
      vertex 5.469563573598862 5.5543821432760785 1.127
      vertex 5.556317143142223 5.555256424205644 1.127
      vertex 5.461171068251133 5.616065887468202 1.127
    endloop
  endfacet
  facet normal 0 0 1
    outer loop
      vertex 5.461171068251133 5.616065887468202 1.127
      vertex 5.556317143142223 5.555256424205644 1.127
      vertex 5.502696432173252 5.684403208749635 1.127
    endloop
  endfacet
  facet normal -0.52247792385894 0.852652812743881 0
    outer loop
      vertex 4.612905003130436 5.656609279768808 1.127
      vertex 4.707615539431572 5.714644817369325 0.927
      vertex 4.612905003130436 5.656609279768808 0.927
    endloop
  endfacet
  facet normal 0.5955798437682703 -0.8032961158234011 0
    outer loop
      vertex 4.745761074125767 5.682657850640161 1.127
      vertex 4.679170712828636 5.6332864218524525 0.927
      vertex 4.745761074125767 5.682657850640161 0.927
    endloop
  endfacet
  facet normal -0.14549852214686146 0.9893584689348341 0
    outer loop
      vertex 4.707615539431572 5.714644817369325 1.127
      vertex 4.839158572256565 5.733989996569497 0.927
      vertex 4.707615539431572 5.714644817369325 0.927
    endloop
  endfacet
  facet normal 0.16745853550450565 -0.98587911981474 0
    outer loop
      vertex 4.8426492884755135 5.699114998536451 1.127
      vertex 4.745761074125767 5.682657850640161 0.927
      vertex 4.8426492884755135 5.699114998536451 0.927
    endloop
  endfacet
  facet normal -0.18553931322393338 -0.9826368419962641 0
    outer loop
      vertex 4.924819283187389 5.688867857413633 1.127
      vertex 4.884116783738136 5.696553213255746 0.927
      vertex 4.924819283187389 5.688867857413633 0.927
    endloop
  endfacet
  facet normal -0.061660600307667804 -0.9980971748130029 0
    outer loop
      vertex 4.884116783738136 5.696553213255746 1.127
      vertex 4.8426492884755135 5.699114998536451 0.927
      vertex 4.884116783738136 5.696553213255746 0.927
    endloop
  endfacet
  facet normal 0.058731001323502445 0.998273844936117 0
    outer loop
      vertex 4.839158572256565 5.733989996569497 1.127
      vertex 4.933648928999901 5.728430887418134 0.927
      vertex 4.839158572256565 5.733989996569497 0.927
    endloop
  endfacet
  facet normal -0.31040104369071764 -0.9506056974769893 0
    outer loop
      vertex 4.962693214416504 5.676500892000539 1.127
      vertex 4.924819283187389 5.688867857413633 0.927
      vertex 4.962693214416504 5.676500892000539 0.927
    endloop
  endfacet
  facet normal -0.4501363889999253 -0.8929598150522272 0
    outer loop
      vertex 4.995662145316601 5.659881425755365 1.127
      vertex 4.962693214416504 5.676500892000539 0.927
      vertex 4.995662145316601 5.659881425755365 0.927
    endloop
  endfacet
  facet normal 0.16252934905447064 0.9867037096798258 0
    outer loop
      vertex 4.933648928999901 5.728430887418134 1.127
      vertex 5.034895710647106 5.7117535674146245 0.927
      vertex 4.933648928999901 5.728430887418134 0.927
    endloop
  endfacet
  facet normal 0.9997902642744051 0.020479928274168637 0
    outer loop
      vertex 5.034895710647106 5.7117535674146245 1.127
      vertex 5.037512145936489 5.5840242856315205 0.927
      vertex 5.034895710647106 5.7117535674146245 0.927
    endloop
  endfacet
  facet normal 0.5955798437682703 -0.8032961158234011 0
    outer loop
      vertex 4.679170712828636 5.6332864218524525 1.127
      vertex 4.679170712828636 5.6332864218524525 0.927
      vertex 4.745761074125767 5.682657850640161 1.127
    endloop
  endfacet
  facet normal -0.52247792385894 0.852652812743881 0
    outer loop
      vertex 4.612905003130436 5.656609279768808 1.127
      vertex 4.707615539431572 5.714644817369325 1.127
      vertex 4.707615539431572 5.714644817369325 0.927
    endloop
  endfacet
  facet normal 0.16745853550450565 -0.98587911981474 0
    outer loop
      vertex 4.745761074125767 5.682657850640161 1.127
      vertex 4.745761074125767 5.682657850640161 0.927
      vertex 4.8426492884755135 5.699114998536451 1.127
    endloop
  endfacet
  facet normal 0 0 1
    outer loop
      vertex 4.679170712828636 5.6332864218524525 1.127
      vertex 4.707615539431572 5.714644817369325 1.127
      vertex 4.612905003130436 5.656609279768808 1.127
    endloop
  endfacet
  facet normal 0 0 1
    outer loop
      vertex 4.679170712828636 5.6332864218524525 1.127
      vertex 4.745761074125767 5.682657850640161 1.127
      vertex 4.707615539431572 5.714644817369325 1.127
    endloop
  endfacet
  facet normal 0 0 1
    outer loop
      vertex 4.745761074125767 5.682657850640161 1.127
      vertex 4.839158572256565 5.733989996569497 1.127
      vertex 4.707615539431572 5.714644817369325 1.127
    endloop
  endfacet
  facet normal -0.14549852214686146 0.9893584689348341 0
    outer loop
      vertex 4.707615539431572 5.714644817369325 1.127
      vertex 4.839158572256565 5.733989996569497 1.127
      vertex 4.839158572256565 5.733989996569497 0.927
    endloop
  endfacet
  facet normal -0.18553931322393338 -0.9826368419962641 0
    outer loop
      vertex 4.884116783738136 5.696553213255746 1.127
      vertex 4.884116783738136 5.696553213255746 0.927
      vertex 4.924819283187389 5.688867857413633 1.127
    endloop
  endfacet
  facet normal -0.061660600307667804 -0.9980971748130029 0
    outer loop
      vertex 4.8426492884755135 5.699114998536451 1.127
      vertex 4.8426492884755135 5.699114998536451 0.927
      vertex 4.884116783738136 5.696553213255746 1.127
    endloop
  endfacet
  facet normal 0.058731001323502445 0.998273844936117 0
    outer loop
      vertex 4.839158572256565 5.733989996569497 1.127
      vertex 4.933648928999901 5.728430887418134 1.127
      vertex 4.933648928999901 5.728430887418134 0.927
    endloop
  endfacet
  facet normal -0.31040104369071764 -0.9506056974769893 0
    outer loop
      vertex 4.924819283187389 5.688867857413633 1.127
      vertex 4.924819283187389 5.688867857413633 0.927
      vertex 4.962693214416504 5.676500892000539 1.127
    endloop
  endfacet
  facet normal -0.4501363889999253 -0.8929598150522272 0
    outer loop
      vertex 4.962693214416504 5.676500892000539 1.127
      vertex 4.962693214416504 5.676500892000539 0.927
      vertex 4.995662145316601 5.659881425755365 1.127
    endloop
  endfacet
  facet normal -0.9854668752566242 -0.16986770667771167 0
    outer loop
      vertex 5.008737854659557 5.5840242856315205 1.127
      vertex 4.995662145316601 5.659881425755365 1.127
      vertex 4.995662145316601 5.659881425755365 0.927
    endloop
  endfacet
  facet normal 0.9997902642744051 0.020479928274168637 0
    outer loop
      vertex 5.037512145936489 5.5840242856315205 1.127
      vertex 5.037512145936489 5.5840242856315205 0.927
      vertex 5.034895710647106 5.7117535674146245 1.127
    endloop
  endfacet
  facet normal 0.16252934905447064 0.9867037096798258 0
    outer loop
      vertex 4.933648928999901 5.728430887418134 1.127
      vertex 5.034895710647106 5.7117535674146245 1.127
      vertex 5.034895710647106 5.7117535674146245 0.927
    endloop
  endfacet
  facet normal 0 0 1
    outer loop
      vertex 4.745761074125767 5.682657850640161 1.127
      vertex 4.8426492884755135 5.699114998536451 1.127
      vertex 4.839158572256565 5.733989996569497 1.127
    endloop
  endfacet
  facet normal 0 0 1
    outer loop
      vertex 4.8426492884755135 5.699114998536451 1.127
      vertex 4.884116783738136 5.696553213255746 1.127
      vertex 4.839158572256565 5.733989996569497 1.127
    endloop
  endfacet
  facet normal 0 0 1
    outer loop
      vertex 4.839158572256565 5.733989996569497 1.127
      vertex 4.884116783738136 5.696553213255746 1.127
      vertex 4.933648928999901 5.728430887418134 1.127
    endloop
  endfacet
  facet normal 0 0 1
    outer loop
      vertex 4.884116783738136 5.696553213255746 1.127
      vertex 4.924819283187389 5.688867857413633 1.127
      vertex 4.933648928999901 5.728430887418134 1.127
    endloop
  endfacet
  facet normal 0 0 1
    outer loop
      vertex 4.924819283187389 5.688867857413633 1.127
      vertex 4.962693214416504 5.676500892000539 1.127
      vertex 4.933648928999901 5.728430887418134 1.127
    endloop
  endfacet
  facet normal 0 0 1
    outer loop
      vertex 4.962693214416504 5.676500892000539 1.127
      vertex 5.034895710647106 5.7117535674146245 1.127
      vertex 4.933648928999901 5.728430887418134 1.127
    endloop
  endfacet
  facet normal 0 0 1
    outer loop
      vertex 5.037512145936489 5.5840242856315205 1.127
      vertex 5.034895710647106 5.7117535674146245 1.127
      vertex 4.995662145316601 5.659881425755365 1.127
    endloop
  endfacet
  facet normal 0 0 1
    outer loop
      vertex 4.962693214416504 5.676500892000539 1.127
      vertex 4.995662145316601 5.659881425755365 1.127
      vertex 5.034895710647106 5.7117535674146245 1.127
    endloop
  endfacet
  facet normal 0 -1 0
    outer loop
      vertex 4.73381806910038 6.428571430700166 1.127
      vertex 4.313219785690308 6.428571430700166 0.927
      vertex 4.73381806910038 6.428571430700166 0.927
    endloop
  endfacet
  facet normal 1 0 0
    outer loop
      vertex 4.73381806910038 6.470159148531301 1.127
      vertex 4.73381806910038 6.428571430700166 0.927
      vertex 4.73381806910038 6.470159148531301 0.927
    endloop
  endfacet
  facet normal 0.1550795927968046 0.9879019788916192 0
    outer loop
      vertex 4.598848931491375 6.4913464316299985 1.127
      vertex 4.73381806910038 6.470159148531301 0.927
      vertex 4.598848931491375 6.4913464316299985 0.927
    endloop
  endfacet
  facet normal -0.8420930467263444 -0.5393322729590196 0
    outer loop
      vertex 4.999069929122925 6.5521542855671475 1.127
      vertex 4.891958996653557 6.719393251197679 0.927
      vertex 4.999069929122925 6.5521542855671475 0.927
    endloop
  endfacet
  facet normal 1 0 0
    outer loop
      vertex 4.73381806910038 6.428571430700166 1.127
      vertex 4.73381806910038 6.428571430700166 0.927
      vertex 4.73381806910038 6.470159148531301 1.127
    endloop
  endfacet
  facet normal 0 0 1
    outer loop
      vertex 4.598848931491375 6.4913464316299985 1.127
      vertex 4.73381806910038 6.428571430700166 1.127
      vertex 4.73381806910038 6.470159148531301 1.127
    endloop
  endfacet
  facet normal 0.1550795927968046 0.9879019788916192 0
    outer loop
      vertex 4.598848931491375 6.4913464316299985 1.127
      vertex 4.73381806910038 6.470159148531301 1.127
      vertex 4.73381806910038 6.470159148531301 0.927
    endloop
  endfacet
  facet normal 0 0 1
    outer loop
      vertex 4.448188930749893 6.4913464316299985 1.127
      vertex 4.73381806910038 6.428571430700166 1.127
      vertex 4.598848931491375 6.4913464316299985 1.127
    endloop
  endfacet
  facet normal -0.5211469830628332 -0.8534669425610502 0
    outer loop
      vertex 5.170133247971535 6.447699000792844 1.127
      vertex 4.999069929122925 6.5521542855671475 1.127
      vertex 4.999069929122925 6.5521542855671475 0.927
    endloop
  endfacet
  facet normal -0.8420930467263444 -0.5393322729590196 0
    outer loop
      vertex 4.891958996653557 6.719393251197679 1.127
      vertex 4.891958996653557 6.719393251197679 0.927
      vertex 4.999069929122925 6.5521542855671475 1.127
    endloop
  endfacet
  facet normal 0 0 1
    outer loop
      vertex 4.891958996653557 6.719393251197679 1.127
      vertex 4.999069929122925 6.5521542855671475 1.127
      vertex 5.04448489099741 6.742055898266179 1.127
    endloop
  endfacet
  facet normal 0 0 1
    outer loop
      vertex 4.999069929122925 6.5521542855671475 1.127
      vertex 5.117167927324772 6.594135431306703 1.127
      vertex 5.04448489099741 6.742055898266179 1.127
    endloop
  endfacet
  facet normal -1 0 0
    outer loop
      vertex 5.121250711381435 5.704347854214055 1.127
      vertex 5.121250711381435 5.727452141898019 0.927
      vertex 5.121250711381435 5.704347854214055 0.927
    endloop
  endfacet
  facet normal -0.149534163455158 -0.9887565595027757 0
    outer loop
      vertex 5.196233570575714 5.6930078544787 1.127
      vertex 5.121250711381435 5.704347854214055 0.927
      vertex 5.196233570575714 5.6930078544787 0.927
    endloop
  endfacet
  facet normal 0 1 0
    outer loop
      vertex 5.121250711381435 5.727452141898019 1.127
      vertex 5.341834284365177 5.727452141898019 0.927
      vertex 5.121250711381435 5.727452141898019 0.927
    endloop
  endfacet
  facet normal 0 -1 0
    outer loop
      vertex 5.323088571429253 5.688212139265878 1.127
      vertex 5.280370712280273 5.688212139265878 0.927
      vertex 5.323088571429253 5.688212139265878 0.927
    endloop
  endfacet
  facet normal -0.11323943526871949 -0.9935677280890425 0
    outer loop
      vertex 5.390985533595085 5.680473750191076 1.127
      vertex 5.323088571429253 5.688212139265878 0.927
      vertex 5.390985533595085 5.680473750191076 0.927
    endloop
  endfacet
  facet normal 0.25851675836738297 0.9660067730835121 0
    outer loop
      vertex 5.341834284365177 5.727452141898019 1.127
      vertex 5.502696432173252 5.684403208749635 0.927
      vertex 5.341834284365177 5.727452141898019 0.927
    endloop
  endfacet
  facet normal -0.4584125321801598 -0.8887395289623242 0
    outer loop
      vertex 5.435993574559689 5.657258568065507 1.127
      vertex 5.390985533595085 5.680473750191076 0.927
      vertex 5.435993574559689 5.657258568065507 0.927
    endloop
  endfacet
  facet normal -0.8532432251985761 -0.5215131816672824 0
    outer loop
      vertex 5.461171068251133 5.616065887468202 1.127
      vertex 5.435993574559689 5.657258568065507 0.927
      vertex 5.461171068251133 5.616065887468202 0.927
    endloop
  endfacet
  facet normal 0.9235597256079019 0.3834546038777692 0
    outer loop
      vertex 5.502696432173252 5.684403208749635 1.127
      vertex 5.556317143142223 5.555256424205644 0.927
      vertex 5.502696432173252 5.684403208749635 0.927
    endloop
  endfacet
  facet normal -1 0 0
    outer loop
      vertex 5.617812857031822 5.704347854214055 1.127
      vertex 5.617812857031822 5.727452141898019 0.927
      vertex 5.617812857031822 5.704347854214055 0.927
    endloop
  endfacet
  facet normal -1 0 0
    outer loop
      vertex 5.121250711381435 5.704347854214055 1.127
      vertex 5.121250711381435 5.727452141898019 1.127
      vertex 5.121250711381435 5.727452141898019 0.927
    endloop
  endfacet
  facet normal -0.149534163455158 -0.9887565595027757 0
    outer loop
      vertex 5.121250711381435 5.704347854214055 1.127
      vertex 5.121250711381435 5.704347854214055 0.927
      vertex 5.196233570575714 5.6930078544787 1.127
    endloop
  endfacet
  facet normal 0 1 0
    outer loop
      vertex 5.121250711381435 5.727452141898019 1.127
      vertex 5.341834284365177 5.727452141898019 1.127
      vertex 5.341834284365177 5.727452141898019 0.927
    endloop
  endfacet
  facet normal 0 -1 0
    outer loop
      vertex 5.280370712280273 5.688212139265878 1.127
      vertex 5.280370712280273 5.688212139265878 0.927
      vertex 5.323088571429253 5.688212139265878 1.127
    endloop
  endfacet
  facet normal 0 0 1
    outer loop
      vertex 5.121250711381435 5.704347854214055 1.127
      vertex 5.196233570575714 5.6930078544787 1.127
      vertex 5.121250711381435 5.727452141898019 1.127
    endloop
  endfacet
  facet normal 0 0 1
    outer loop
      vertex 5.121250711381435 5.727452141898019 1.127
      vertex 5.196233570575714 5.6930078544787 1.127
      vertex 5.341834284365177 5.727452141898019 1.127
    endloop
  endfacet
  facet normal 0 0 1
    outer loop
      vertex 5.196233570575714 5.6930078544787 1.127
      vertex 5.280370712280273 5.688212139265878 1.127
      vertex 5.341834284365177 5.727452141898019 1.127
    endloop
  endfacet
  facet normal 0 0 1
    outer loop
      vertex 5.280370712280273 5.688212139265878 1.127
      vertex 5.323088571429253 5.688212139265878 1.127
      vertex 5.341834284365177 5.727452141898019 1.127
    endloop
  endfacet
  facet normal -0.11323943526871949 -0.9935677280890425 0
    outer loop
      vertex 5.323088571429253 5.688212139265878 1.127
      vertex 5.323088571429253 5.688212139265878 0.927
      vertex 5.390985533595085 5.680473750191076 1.127
    endloop
  endfacet
  facet normal -0.4584125321801598 -0.8887395289623242 0
    outer loop
      vertex 5.390985533595085 5.680473750191076 1.127
      vertex 5.390985533595085 5.680473750191076 0.927
      vertex 5.435993574559689 5.657258568065507 1.127
    endloop
  endfacet
  facet normal -0.8532432251985761 -0.5215131816672824 0
    outer loop
      vertex 5.461171068251133 5.616065887468202 1.127
      vertex 5.435993574559689 5.657258568065507 1.127
      vertex 5.435993574559689 5.657258568065507 0.927
    endloop
  endfacet
  facet normal 0.25851675836738297 0.9660067730835121 0
    outer loop
      vertex 5.341834284365177 5.727452141898019 1.127
      vertex 5.502696432173252 5.684403208749635 1.127
      vertex 5.502696432173252 5.684403208749635 0.927
    endloop
  endfacet
  facet normal -1 0 0
    outer loop
      vertex 5.617812857031822 5.704347854214055 1.127
      vertex 5.617812857031822 5.727452141898019 1.127
      vertex 5.617812857031822 5.727452141898019 0.927
    endloop
  endfacet
  facet normal 0 0 1
    outer loop
      vertex 5.323088571429253 5.688212139265878 1.127
      vertex 5.390985533595085 5.680473750191076 1.127
      vertex 5.341834284365177 5.727452141898019 1.127
    endloop
  endfacet
  facet normal 0 0 1
    outer loop
      vertex 5.341834284365177 5.727452141898019 1.127
      vertex 5.390985533595085 5.680473750191076 1.127
      vertex 5.502696432173252 5.684403208749635 1.127
    endloop
  endfacet
  facet normal 0 0 1
    outer loop
      vertex 5.390985533595085 5.680473750191076 1.127
      vertex 5.435993574559689 5.657258568065507 1.127
      vertex 5.502696432173252 5.684403208749635 1.127
    endloop
  endfacet
  facet normal 0 0 1
    outer loop
      vertex 5.461171068251133 5.616065887468202 1.127
      vertex 5.502696432173252 5.684403208749635 1.127
      vertex 5.435993574559689 5.657258568065507 1.127
    endloop
  endfacet
  facet normal -0.15124692468659556 -0.9884960130283011 0
    outer loop
      vertex 5.397694073617458 6.41288057501827 1.127
      vertex 5.170133247971535 6.447699000792844 0.927
      vertex 5.397694073617458 6.41288057501827 0.927
    endloop
  endfacet
  facet normal -0.5211469830628332 -0.8534669425610502 0
    outer loop
      vertex 5.170133247971535 6.447699000792844 1.127
      vertex 4.999069929122925 6.5521542855671475 0.927
      vertex 5.170133247971535 6.447699000792844 0.927
    endloop
  endfacet
  facet normal 0.6059528772235849 0.7955005409077099 0
    outer loop
      vertex 5.117167927324772 6.594135431306703 1.127
      vertex 5.236148253083229 6.503505108611924 0.927
      vertex 5.117167927324772 6.594135431306703 0.927
    endloop
  endfacet
  facet normal 0.8975054562458704 0.4410033514712692 0
    outer loop
      vertex 5.04448489099741 6.742055898266179 1.127
      vertex 5.117167927324772 6.594135431306703 0.927
      vertex 5.04448489099741 6.742055898266179 0.927
    endloop
  endfacet
  facet normal 0.18210550186564545 0.9832789971265844 0
    outer loop
      vertex 5.236148253083229 6.503505108611924 1.127
      vertex 5.399267785251141 6.473295001046998 0.927
      vertex 5.236148253083229 6.503505108611924 0.927
    endloop
  endfacet
  facet normal 0.06421712686257935 -0.9979359501578824 0
    outer loop
      vertex 5.589742176234722 6.425238860504968 1.127
      vertex 5.397694073617458 6.41288057501827 0.927
      vertex 5.589742176234722 6.425238860504968 0.927
    endloop
  endfacet
  facet normal -0.06196667285616793 0.9980782191066674 0
    outer loop
      vertex 5.399267785251141 6.473295001046998 1.127
      vertex 5.486166320741177 6.478690182524068 0.927
      vertex 5.399267785251141 6.473295001046998 0.927
    endloop
  endfacet
  facet normal -0.19410093127259875 0.9809815637814555 0
    outer loop
      vertex 5.486166320741177 6.478690182524068 1.127
      vertex 5.5679676458239555 6.494875719504697 0.927
      vertex 5.486166320741177 6.478690182524068 0.927
    endloop
  endfacet
  facet normal -0.3345264108721303 0.9423863753413515 0
    outer loop
      vertex 5.5679676458239555 6.494875719504697 1.127
      vertex 5.638981498777866 6.520084073500974 0.927
      vertex 5.5679676458239555 6.494875719504697 0.927
    endloop
  endfacet
  facet normal -0.15124692468659556 -0.9884960130283011 0
    outer loop
      vertex 5.170133247971535 6.447699000792844 1.127
      vertex 5.170133247971535 6.447699000792844 0.927
      vertex 5.397694073617458 6.41288057501827 1.127
    endloop
  endfacet
  facet normal 0 0 1
    outer loop
      vertex 5.170133247971535 6.447699000792844 1.127
      vertex 5.397694073617458 6.41288057501827 1.127
      vertex 5.236148253083229 6.503505108611924 1.127
    endloop
  endfacet
  facet normal 0.6059528772235849 0.7955005409077099 0
    outer loop
      vertex 5.236148253083229 6.503505108611924 1.127
      vertex 5.236148253083229 6.503505108611924 0.927
      vertex 5.117167927324772 6.594135431306703 1.127
    endloop
  endfacet
  facet normal 0.8975054562458704 0.4410033514712692 0
    outer loop
      vertex 5.04448489099741 6.742055898266179 1.127
      vertex 5.117167927324772 6.594135431306703 1.127
      vertex 5.117167927324772 6.594135431306703 0.927
    endloop
  endfacet
  facet normal 0 0 1
    outer loop
      vertex 5.170133247971535 6.447699000792844 1.127
      vertex 5.117167927324772 6.594135431306703 1.127
      vertex 4.999069929122925 6.5521542855671475 1.127
    endloop
  endfacet
  facet normal 0 0 1
    outer loop
      vertex 5.170133247971535 6.447699000792844 1.127
      vertex 5.236148253083229 6.503505108611924 1.127
      vertex 5.117167927324772 6.594135431306703 1.127
    endloop
  endfacet
  facet normal 0.06421712686257935 -0.9979359501578824 0
    outer loop
      vertex 5.397694073617458 6.41288057501827 1.127
      vertex 5.397694073617458 6.41288057501827 0.927
      vertex 5.589742176234722 6.425238860504968 1.127
    endloop
  endfacet
  facet normal 0 0 1
    outer loop
      vertex 5.236148253083229 6.503505108611924 1.127
      vertex 5.397694073617458 6.41288057501827 1.127
      vertex 5.399267785251141 6.473295001046998 1.127
    endloop
  endfacet
  facet normal 0 0 1
    outer loop
      vertex 5.397694073617458 6.41288057501827 1.127
      vertex 5.486166320741177 6.478690182524068 1.127
      vertex 5.399267785251141 6.473295001046998 1.127
    endloop
  endfacet
  facet normal 0 0 1
    outer loop
      vertex 5.397694073617458 6.41288057501827 1.127
      vertex 5.589742176234722 6.425238860504968 1.127
      vertex 5.486166320741177 6.478690182524068 1.127
    endloop
  endfacet
  facet normal 0 0 1
    outer loop
      vertex 5.486166320741177 6.478690182524068 1.127
      vertex 5.589742176234722 6.425238860504968 1.127
      vertex 5.5679676458239555 6.494875719504697 1.127
    endloop
  endfacet
  facet normal 0.18210550186564545 0.9832789971265844 0
    outer loop
      vertex 5.236148253083229 6.503505108611924 1.127
      vertex 5.399267785251141 6.473295001046998 1.127
      vertex 5.399267785251141 6.473295001046998 0.927
    endloop
  endfacet
  facet normal -0.06196667285616793 0.9980782191066674 0
    outer loop
      vertex 5.399267785251141 6.473295001046998 1.127
      vertex 5.486166320741177 6.478690182524068 1.127
      vertex 5.486166320741177 6.478690182524068 0.927
    endloop
  endfacet
  facet normal -0.19410093127259875 0.9809815637814555 0
    outer loop
      vertex 5.486166320741177 6.478690182524068 1.127
      vertex 5.5679676458239555 6.494875719504697 1.127
      vertex 5.5679676458239555 6.494875719504697 0.927
    endloop
  endfacet
  facet normal -0.3345264108721303 0.9423863753413515 0
    outer loop
      vertex 5.5679676458239555 6.494875719504697 1.127
      vertex 5.638981498777866 6.520084073500974 1.127
      vertex 5.638981498777866 6.520084073500974 0.927
    endloop
  endfacet
  facet normal 0 0 1
    outer loop
      vertex 5.589742176234722 6.425238860504968 1.127
      vertex 5.638981498777866 6.520084073500974 1.127
      vertex 5.5679676458239555 6.494875719504697 1.127
    endloop
  endfacet
  facet normal -0.15507955083735936 0.9879019854783585 0
    outer loop
      vertex 5.617812857031822 5.165961427348001 1.127
      vertex 5.692795716226101 5.177732137697084 0.927
      vertex 5.617812857031822 5.165961427348001 0.927
    endloop
  endfacet
  facet normal 0 -1 0
    outer loop
      vertex 5.817034289240837 5.142857139664037 1.127
      vertex 5.617812857031822 5.142857139664037 0.927
      vertex 5.817034289240837 5.142857139664037 0.927
    endloop
  endfacet
  facet normal 0.14834832315856958 0.9889351723020274 0
    outer loop
      vertex 5.738567143678665 5.177732137697084 1.127
      vertex 5.817034289240837 5.165961427348001 0.927
      vertex 5.738567143678665 5.177732137697084 0.927
    endloop
  endfacet
  facet normal 1 0 0
    outer loop
      vertex 5.817034289240837 5.165961427348001 1.127
      vertex 5.817034289240837 5.142857139664037 0.927
      vertex 5.817034289240837 5.165961427348001 0.927
    endloop
  endfacet
  facet normal -1 0 0
    outer loop
      vertex 5.692795716226101 5.6930078544787 1.127
      vertex 5.692795716226101 5.6930078544787 0.927
      vertex 5.692795716226101 5.177732137697084 0.927
    endloop
  endfacet
  facet normal 1 0 0
    outer loop
      vertex 5.738567143678665 5.668598567800863 1.127
      vertex 5.738567143678665 5.177732137697084 0.927
      vertex 5.738567143678665 5.668598567800863 0.927
    endloop
  endfacet
  facet normal 0.8212128103944284 0.5706220465808212 0
    outer loop
      vertex 5.794804282486439 5.727452141898019 1.127
      vertex 6.095597140491009 5.294564997511251 0.927
      vertex 5.794804282486439 5.727452141898019 0.927
    endloop
  endfacet
  facet normal -0.8247198487404801 -0.5655414848563096 0
    outer loop
      vertex 6.099087856709957 5.142857139664037 1.127
      vertex 5.738567143678665 5.668598567800863 0.927
      vertex 6.099087856709957 5.142857139664037 0.927
    endloop
  endfacet
  facet normal 0 -1 0
    outer loop
      vertex 6.141374997794628 5.142857139664037 1.127
      vertex 6.099087856709957 5.142857139664037 0.927
      vertex 6.141374997794628 5.142857139664037 0.927
    endloop
  endfacet
  facet normal -1 0 0
    outer loop
      vertex 6.095597140491009 5.294564997511251 1.127
      vertex 6.095597140491009 5.6930078544787 0.927
      vertex 6.095597140491009 5.294564997511251 0.927
    endloop
  endfacet
  facet normal 1 0 0
    outer loop
      vertex 6.141374997794628 5.6930078544787 1.127
      vertex 6.141374997794628 5.142857139664037 0.927
      vertex 6.141374997794628 5.6930078544787 0.927
    endloop
  endfacet
  facet normal 0 -1 0
    outer loop
      vertex 5.617812857031822 5.142857139664037 1.127
      vertex 5.617812857031822 5.142857139664037 0.927
      vertex 5.817034289240837 5.142857139664037 1.127
    endloop
  endfacet
  facet normal -0.15507955083735936 0.9879019854783585 0
    outer loop
      vertex 5.617812857031822 5.165961427348001 1.127
      vertex 5.692795716226101 5.177732137697084 1.127
      vertex 5.692795716226101 5.177732137697084 0.927
    endloop
  endfacet
  facet normal 1 0 0
    outer loop
      vertex 5.738567143678665 5.177732137697084 1.127
      vertex 5.738567143678665 5.177732137697084 0.927
      vertex 5.738567143678665 5.668598567800863 1.127
    endloop
  endfacet
  facet normal 0.14834832315856958 0.9889351723020274 0
    outer loop
      vertex 5.738567143678665 5.177732137697084 1.127
      vertex 5.817034289240837 5.165961427348001 1.127
      vertex 5.817034289240837 5.165961427348001 0.927
    endloop
  endfacet
  facet normal 1 0 0
    outer loop
      vertex 5.817034289240837 5.142857139664037 1.127
      vertex 5.817034289240837 5.142857139664037 0.927
      vertex 5.817034289240837 5.165961427348001 1.127
    endloop
  endfacet
  facet normal 0 0 1
    outer loop
      vertex 5.617812857031822 5.142857139664037 1.127
      vertex 5.692795716226101 5.177732137697084 1.127
      vertex 5.617812857031822 5.165961427348001 1.127
    endloop
  endfacet
  facet normal 0 0 1
    outer loop
      vertex 5.617812857031822 5.142857139664037 1.127
      vertex 5.817034289240837 5.142857139664037 1.127
      vertex 5.692795716226101 5.177732137697084 1.127
    endloop
  endfacet
  facet normal 0 0 1
    outer loop
      vertex 5.692795716226101 5.177732137697084 1.127
      vertex 5.817034289240837 5.142857139664037 1.127
      vertex 5.738567143678665 5.177732137697084 1.127
    endloop
  endfacet
  facet normal 0 0 1
    outer loop
      vertex 5.692795716226101 5.177732137697084 1.127
      vertex 5.738567143678665 5.177732137697084 1.127
      vertex 5.738567143678665 5.668598567800863 1.127
    endloop
  endfacet
  facet normal 0 0 1
    outer loop
      vertex 5.738567143678665 5.177732137697084 1.127
      vertex 5.817034289240837 5.142857139664037 1.127
      vertex 5.817034289240837 5.165961427348001 1.127
    endloop
  endfacet
  facet normal -1 0 0
    outer loop
      vertex 5.692795716226101 5.177732137697084 1.127
      vertex 5.692795716226101 5.6930078544787 1.127
      vertex 5.692795716226101 5.177732137697084 0.927
    endloop
  endfacet
  facet normal -0.8247198487404801 -0.5655414848563096 0
    outer loop
      vertex 6.099087856709957 5.142857139664037 1.127
      vertex 5.738567143678665 5.668598567800863 1.127
      vertex 5.738567143678665 5.668598567800863 0.927
    endloop
  endfacet
  facet normal 0 0 1
    outer loop
      vertex 5.692795716226101 5.177732137697084 1.127
      vertex 5.738567143678665 5.668598567800863 1.127
      vertex 5.692795716226101 5.6930078544787 1.127
    endloop
  endfacet
  facet normal 0 0 1
    outer loop
      vertex 6.095597140491009 5.294564997511251 1.127
      vertex 5.794804282486439 5.727452141898019 1.127
      vertex 5.738567143678665 5.668598567800863 1.127
    endloop
  endfacet
  facet normal 0 -1 0
    outer loop
      vertex 6.099087856709957 5.142857139664037 1.127
      vertex 6.099087856709957 5.142857139664037 0.927
      vertex 6.141374997794628 5.142857139664037 1.127
    endloop
  endfacet
  facet normal 1 0 0
    outer loop
      vertex 6.141374997794628 5.142857139664037 1.127
      vertex 6.141374997794628 5.142857139664037 0.927
      vertex 6.141374997794628 5.6930078544787 1.127
    endloop
  endfacet
  facet normal 0 0 1
    outer loop
      vertex 6.099087856709957 5.142857139664037 1.127
      vertex 6.141374997794628 5.142857139664037 1.127
      vertex 5.738567143678665 5.668598567800863 1.127
    endloop
  endfacet
  facet normal 0.8212128103944284 0.5706220465808212 0
    outer loop
      vertex 6.095597140491009 5.294564997511251 1.127
      vertex 6.095597140491009 5.294564997511251 0.927
      vertex 5.794804282486439 5.727452141898019 1.127
    endloop
  endfacet
  facet normal -1 0 0
    outer loop
      vertex 6.095597140491009 5.294564997511251 1.127
      vertex 6.095597140491009 5.6930078544787 1.127
      vertex 6.095597140491009 5.6930078544787 0.927
    endloop
  endfacet
  facet normal 0 0 1
    outer loop
      vertex 6.095597140491009 5.294564997511251 1.127
      vertex 5.738567143678665 5.668598567800863 1.127
      vertex 6.141374997794628 5.142857139664037 1.127
    endloop
  endfacet
  facet normal 0 0 1
    outer loop
      vertex 6.095597140491009 5.294564997511251 1.127
      vertex 6.141374997794628 5.142857139664037 1.127
      vertex 6.141374997794628 5.6930078544787 1.127
    endloop
  endfacet
  facet normal 0 0 1
    outer loop
      vertex 6.095597140491009 5.294564997511251 1.127
      vertex 6.141374997794628 5.6930078544787 1.127
      vertex 6.095597140491009 5.6930078544787 1.127
    endloop
  endfacet
  facet normal -0.149534163455158 -0.9887565595027757 0
    outer loop
      vertex 5.692795716226101 5.6930078544787 1.127
      vertex 5.617812857031822 5.704347854214055 0.927
      vertex 5.692795716226101 5.6930078544787 0.927
    endloop
  endfacet
  facet normal 0 1 0
    outer loop
      vertex 5.617812857031822 5.727452141898019 1.127
      vertex 5.794804282486439 5.727452141898019 0.927
      vertex 5.617812857031822 5.727452141898019 0.927
    endloop
  endfacet
  facet normal -1 0 0
    outer loop
      vertex 6.017130002379417 5.704347854214055 1.127
      vertex 6.017130002379417 5.727452141898019 0.927
      vertex 6.017130002379417 5.704347854214055 0.927
    endloop
  endfacet
  facet normal -0.1430331346201861 -0.989717900414418 0
    outer loop
      vertex 6.095597140491009 5.6930078544787 1.127
      vertex 6.017130002379417 5.704347854214055 0.927
      vertex 6.095597140491009 5.6930078544787 0.927
    endloop
  endfacet
  facet normal 0 1 0
    outer loop
      vertex 6.017130002379417 5.727452141898019 1.127
      vertex 6.216357856988907 5.727452141898019 0.927
      vertex 6.017130002379417 5.727452141898019 0.927
    endloop
  endfacet
  facet normal -0.149534163455158 -0.9887565595027757 0
    outer loop
      vertex 5.617812857031822 5.704347854214055 1.127
      vertex 5.617812857031822 5.704347854214055 0.927
      vertex 5.692795716226101 5.6930078544787 1.127
    endloop
  endfacet
  facet normal 0 1 0
    outer loop
      vertex 5.617812857031822 5.727452141898019 1.127
      vertex 5.794804282486439 5.727452141898019 1.127
      vertex 5.794804282486439 5.727452141898019 0.927
    endloop
  endfacet
  facet normal 0 0 1
    outer loop
      vertex 5.617812857031822 5.704347854214055 1.127
      vertex 5.692795716226101 5.6930078544787 1.127
      vertex 5.617812857031822 5.727452141898019 1.127
    endloop
  endfacet
  facet normal 0 0 1
    outer loop
      vertex 5.617812857031822 5.727452141898019 1.127
      vertex 5.692795716226101 5.6930078544787 1.127
      vertex 5.794804282486439 5.727452141898019 1.127
    endloop
  endfacet
  facet normal 0 0 1
    outer loop
      vertex 5.692795716226101 5.6930078544787 1.127
      vertex 5.738567143678665 5.668598567800863 1.127
      vertex 5.794804282486439 5.727452141898019 1.127
    endloop
  endfacet
  facet normal -1 0 0
    outer loop
      vertex 6.017130002379417 5.704347854214055 1.127
      vertex 6.017130002379417 5.727452141898019 1.127
      vertex 6.017130002379417 5.727452141898019 0.927
    endloop
  endfacet
  facet normal -0.1430331346201861 -0.989717900414418 0
    outer loop
      vertex 6.017130002379417 5.704347854214055 1.127
      vertex 6.017130002379417 5.704347854214055 0.927
      vertex 6.095597140491009 5.6930078544787 1.127
    endloop
  endfacet
  facet normal 0 1 0
    outer loop
      vertex 6.017130002379417 5.727452141898019 1.127
      vertex 6.216357856988907 5.727452141898019 1.127
      vertex 6.216357856988907 5.727452141898019 0.927
    endloop
  endfacet
  facet normal 0.149534163455158 -0.9887565595027757 0
    outer loop
      vertex 6.141374997794628 5.6930078544787 1.127
      vertex 6.141374997794628 5.6930078544787 0.927
      vertex 6.216357856988907 5.704347854214055 1.127
    endloop
  endfacet
  facet normal 0 0 1
    outer loop
      vertex 6.017130002379417 5.704347854214055 1.127
      vertex 6.095597140491009 5.6930078544787 1.127
      vertex 6.017130002379417 5.727452141898019 1.127
    endloop
  endfacet
  facet normal 0 0 1
    outer loop
      vertex 6.017130002379417 5.727452141898019 1.127
      vertex 6.095597140491009 5.6930078544787 1.127
      vertex 6.141374997794628 5.6930078544787 1.127
    endloop
  endfacet
  facet normal 0 0 1
    outer loop
      vertex 6.017130002379417 5.727452141898019 1.127
      vertex 6.141374997794628 5.6930078544787 1.127
      vertex 6.216357856988907 5.727452141898019 1.127
    endloop
  endfacet
  facet normal 0.20270287425079517 -0.9792402895972298 0
    outer loop
      vertex 5.768847644329071 6.462313716965062 1.127
      vertex 5.589742176234722 6.425238860504968 0.927
      vertex 5.768847644329071 6.462313716965062 0.927
    endloop
  endfacet
  facet normal -0.5115030677218928 0.8592814508128828 0
    outer loop
      vertex 5.638981498777866 6.520084073500974 1.127
      vertex 5.69351764023304 6.552547713475568 0.927
      vertex 5.638981498777866 6.520084073500974 0.927
    endloop
  endfacet
  facet normal -0.9833166033294328 0.18190232988245938 0
    outer loop
      vertex 5.69351764023304 6.552547713475568 1.127
      vertex 5.722550354897976 6.709491004901273 0.927
      vertex 5.69351764023304 6.552547713475568 0.927
    endloop
  endfacet
  facet normal 0 1 0
    outer loop
      vertex 5.722550354897976 6.709491004901273 1.127
      vertex 5.773557215929031 6.709491004901273 0.927
      vertex 5.722550354897976 6.709491004901273 0.927
    endloop
  endfacet
  facet normal 0.9998185330838386 -0.019049958059823142 0
    outer loop
      vertex 5.773557215929031 6.709491004901273 1.127
      vertex 5.768847644329071 6.462313716965062 0.927
      vertex 5.773557215929031 6.709491004901273 0.927
    endloop
  endfacet
  facet normal -0.18124048870401477 -0.9834388060547183 0
    outer loop
      vertex 6.085152640938759 6.421316144721849 1.127
      vertex 5.947834499180317 6.446622861283166 0.927
      vertex 6.085152640938759 6.421316144721849 0.927
    endloop
  endfacet
  facet normal -0.058012920163016304 -0.9983158323367208 0
    outer loop
      vertex 6.230316214263439 6.41288057501827 1.127
      vertex 6.085152640938759 6.421316144721849 0.927
      vertex 6.230316214263439 6.41288057501827 0.927
    endloop
  endfacet
  facet normal -0.9992399530123123 -0.038980973614725425 0
    outer loop
      vertex 5.939202211797237 6.667903287070138 1.127
      vertex 5.939202211797237 6.667903287070138 0.927
      vertex 5.947834499180317 6.446622861283166 0.927
    endloop
  endfacet
  facet normal 0.39891766069718765 0.9169867501681164 0
    outer loop
      vertex 6.026300355792046 6.5203791462949345 1.127
      vertex 6.063279747962952 6.504291964428766 0.927
      vertex 6.026300355792046 6.5203791462949345 0.927
    endloop
  endfacet
  facet normal 0 1 0
    outer loop
      vertex 5.939202211797237 6.667903287070138 1.127
      vertex 5.990984357893467 6.667903287070138 0.927
      vertex 5.939202211797237 6.667903287070138 0.927
    endloop
  endfacet
  facet normal 0.9725214737770752 0.23281319344587362 0
    outer loop
      vertex 5.990984357893467 6.667903287070138 1.127
      vertex 6.026300355792046 6.5203791462949345 0.927
      vertex 5.990984357893467 6.667903287070138 0.927
    endloop
  endfacet
  facet normal 0.26620024001386644 0.9639177517903484 0
    outer loop
      vertex 6.063279747962952 6.504291964428766 1.127
      vertex 6.113005071878433 6.490559575813157 0.927
      vertex 6.063279747962952 6.504291964428766 0.927
    endloop
  endfacet
  facet normal 0.1710329701304596 0.9852653059599498 0
    outer loop
      vertex 6.113005071878433 6.490559575813157 1.127
      vertex 6.167249038815498 6.481143323438508 0.927
      vertex 6.113005071878433 6.490559575813157 0.927
    endloop
  endfacet
  facet normal 0.06201888534308292 0.9980749760718387 0
    outer loop
      vertex 6.167249038815498 6.481143323438508 1.127
      vertex 6.2177612110972404 6.478004572646959 0.927
      vertex 6.167249038815498 6.481143323438508 0.927
    endloop
  endfacet
  facet normal 0.20270287425079517 -0.9792402895972298 0
    outer loop
      vertex 5.589742176234722 6.425238860504968 1.127
      vertex 5.589742176234722 6.425238860504968 0.927
      vertex 5.768847644329071 6.462313716965062 1.127
    endloop
  endfacet
  facet normal -0.5115030677218928 0.8592814508128828 0
    outer loop
      vertex 5.638981498777866 6.520084073500974 1.127
      vertex 5.69351764023304 6.552547713475568 1.127
      vertex 5.69351764023304 6.552547713475568 0.927
    endloop
  endfacet
  facet normal -0.9833166033294328 0.18190232988245938 0
    outer loop
      vertex 5.69351764023304 6.552547713475568 1.127
      vertex 5.722550354897976 6.709491004901273 1.127
      vertex 5.722550354897976 6.709491004901273 0.927
    endloop
  endfacet
  facet normal 0 1 0
    outer loop
      vertex 5.722550354897976 6.709491004901273 1.127
      vertex 5.773557215929031 6.709491004901273 1.127
      vertex 5.773557215929031 6.709491004901273 0.927
    endloop
  endfacet
  facet normal 0.9998185330838386 -0.019049958059823142 0
    outer loop
      vertex 5.768847644329071 6.462313716965062 1.127
      vertex 5.768847644329071 6.462313716965062 0.927
      vertex 5.773557215929031 6.709491004901273 1.127
    endloop
  endfacet
  facet normal 0 0 1
    outer loop
      vertex 5.589742176234722 6.425238860504968 1.127
      vertex 5.768847644329071 6.462313716965062 1.127
      vertex 5.638981498777866 6.520084073500974 1.127
    endloop
  endfacet
  facet normal 0 0 1
    outer loop
      vertex 5.638981498777866 6.520084073500974 1.127
      vertex 5.768847644329071 6.462313716965062 1.127
      vertex 5.69351764023304 6.552547713475568 1.127
    endloop
  endfacet
  facet normal 0 0 1
    outer loop
      vertex 5.69351764023304 6.552547713475568 1.127
      vertex 5.768847644329071 6.462313716965062 1.127
      vertex 5.773557215929031 6.709491004901273 1.127
    endloop
  endfacet
  facet normal 0 0 1
    outer loop
      vertex 5.69351764023304 6.552547713475568 1.127
      vertex 5.773557215929031 6.709491004901273 1.127
      vertex 5.722550354897976 6.709491004901273 1.127
    endloop
  endfacet
  facet normal -0.18124048870401477 -0.9834388060547183 0
    outer loop
      vertex 5.947834499180317 6.446622861283166 1.127
      vertex 5.947834499180317 6.446622861283166 0.927
      vertex 6.085152640938759 6.421316144721849 1.127
    endloop
  endfacet
  facet normal -0.058012920163016304 -0.9983158323367208 0
    outer loop
      vertex 6.085152640938759 6.421316144721849 1.127
      vertex 6.085152640938759 6.421316144721849 0.927
      vertex 6.230316214263439 6.41288057501827 1.127
    endloop
  endfacet
  facet normal 0 0 1
    outer loop
      vertex 5.947834499180317 6.446622861283166 1.127
      vertex 6.085152640938759 6.421316144721849 1.127
      vertex 6.063279747962952 6.504291964428766 1.127
    endloop
  endfacet
  facet normal 0 0 1
    outer loop
      vertex 6.085152640938759 6.421316144721849 1.127
      vertex 6.167249038815498 6.481143323438508 1.127
      vertex 6.113005071878433 6.490559575813157 1.127
    endloop
  endfacet
  facet normal 0 0 1
    outer loop
      vertex 6.085152640938759 6.421316144721849 1.127
      vertex 6.230316214263439 6.41288057501827 1.127
      vertex 6.167249038815498 6.481143323438508 1.127
    endloop
  endfacet
  facet normal -0.9992399530123123 -0.038980973614725425 0
    outer loop
      vertex 5.947834499180317 6.446622861283166 1.127
      vertex 5.939202211797237 6.667903287070138 1.127
      vertex 5.947834499180317 6.446622861283166 0.927
    endloop
  endfacet
  facet normal 0.9725214737770752 0.23281319344587362 0
    outer loop
      vertex 6.026300355792046 6.5203791462949345 1.127
      vertex 6.026300355792046 6.5203791462949345 0.927
      vertex 5.990984357893467 6.667903287070138 1.127
    endloop
  endfacet
  facet normal 0 1 0
    outer loop
      vertex 5.939202211797237 6.667903287070138 1.127
      vertex 5.990984357893467 6.667903287070138 1.127
      vertex 5.990984357893467 6.667903287070138 0.927
    endloop
  endfacet
  facet normal 0.39891766069718765 0.9169867501681164 0
    outer loop
      vertex 6.026300355792046 6.5203791462949345 1.127
      vertex 6.063279747962952 6.504291964428766 1.127
      vertex 6.063279747962952 6.504291964428766 0.927
    endloop
  endfacet
  facet normal 0.26620024001386644 0.9639177517903484 0
    outer loop
      vertex 6.063279747962952 6.504291964428766 1.127
      vertex 6.113005071878433 6.490559575813157 1.127
      vertex 6.113005071878433 6.490559575813157 0.927
    endloop
  endfacet
  facet normal 0.1710329701304596 0.9852653059599498 0
    outer loop
      vertex 6.113005071878433 6.490559575813157 1.127
      vertex 6.167249038815498 6.481143323438508 1.127
      vertex 6.167249038815498 6.481143323438508 0.927
    endloop
  endfacet
  facet normal 0 0 1
    outer loop
      vertex 5.947834499180317 6.446622861283166 1.127
      vertex 6.026300355792046 6.5203791462949345 1.127
      vertex 5.939202211797237 6.667903287070138 1.127
    endloop
  endfacet
  facet normal 0 0 1
    outer loop
      vertex 5.947834499180317 6.446622861283166 1.127
      vertex 6.063279747962952 6.504291964428766 1.127
      vertex 6.026300355792046 6.5203791462949345 1.127
    endloop
  endfacet
  facet normal 0 0 1
    outer loop
      vertex 6.026300355792046 6.5203791462949345 1.127
      vertex 5.990984357893467 6.667903287070138 1.127
      vertex 5.939202211797237 6.667903287070138 1.127
    endloop
  endfacet
  facet normal 0 0 1
    outer loop
      vertex 6.063279747962952 6.504291964428766 1.127
      vertex 6.085152640938759 6.421316144721849 1.127
      vertex 6.113005071878433 6.490559575813157 1.127
    endloop
  endfacet
  facet normal 0.149534163455158 -0.9887565595027757 0
    outer loop
      vertex 6.216357856988907 5.704347854214055 1.127
      vertex 6.141374997794628 5.6930078544787 0.927
      vertex 6.216357856988907 5.704347854214055 0.927
    endloop
  endfacet
  facet normal 1 0 0
    outer loop
      vertex 6.216357856988907 5.727452141898019 1.127
      vertex 6.216357856988907 5.704347854214055 0.927
      vertex 6.216357856988907 5.727452141898019 0.927
    endloop
  endfacet
  facet normal 1 0 0
    outer loop
      vertex 6.216357856988907 5.704347854214055 1.127
      vertex 6.216357856988907 5.704347854214055 0.927
      vertex 6.216357856988907 5.727452141898019 1.127
    endloop
  endfacet
  facet normal 0 0 1
    outer loop
      vertex 6.141374997794628 5.6930078544787 1.127
      vertex 6.216357856988907 5.704347854214055 1.127
      vertex 6.216357856988907 5.727452141898019 1.127
    endloop
  endfacet
  facet normal 0.12570311261809328 -0.9920679046709066 0
    outer loop
      vertex 6.388237282633781 6.432890465216977 1.127
      vertex 6.230316214263439 6.41288057501827 0.927
      vertex 6.388237282633781 6.432890465216977 0.927
    endloop
  endfacet
  facet normal -0.13071843905563568 0.991419532635331 0
    outer loop
      vertex 6.2177612110972404 6.478004572646959 1.127
      vertex 6.32487503439188 6.492127505796296 0.927
      vertex 6.2177612110972404 6.478004572646959 0.927
    endloop
  endfacet
  facet normal -0.4921602069968277 0.8705046413712219 0
    outer loop
      vertex 6.32487503439188 6.492127505796296 1.127
      vertex 6.399814501404762 6.5344962903431485 0.927
      vertex 6.32487503439188 6.492127505796296 0.927
    endloop
  endfacet
  facet normal 0.45494919427976493 -0.8905173949026446 0
    outer loop
      vertex 6.505739353597164 6.492920143263681 1.127
      vertex 6.388237282633781 6.432890465216977 0.927
      vertex 6.505739353597164 6.492920143263681 0.927
    endloop
  endfacet
  facet normal -0.862813587906683 0.5055222176359774 0
    outer loop
      vertex 6.399814501404762 6.5344962903431485 1.127
      vertex 6.443953715264797 6.609832076089723 0.927
      vertex 6.399814501404762 6.5344962903431485 0.927
    endloop
  endfacet
  facet normal -0.9916298289069384 0.12911344787432585 0
    outer loop
      vertex 6.443953715264797 6.609832076089723 1.127
      vertex 6.4586667865514755 6.722832856433732 0.927
      vertex 6.443953715264797 6.609832076089723 0.927
    endloop
  endfacet
  facet normal -1 0 0
    outer loop
      vertex 6.736496783792973 6.428571430700166 1.127
      vertex 6.736496783792973 6.543915433543069 0.927
      vertex 6.736496783792973 6.428571430700166 0.927
    endloop
  endfacet
  facet normal 0.7946760120639008 -0.6070338012419201 0
    outer loop
      vertex 6.578717462718487 6.58845675523792 1.127
      vertex 6.505739353597164 6.492920143263681 0.927
      vertex 6.578717462718487 6.58845675523792 0.927
    endloop
  endfacet
  facet normal 0.9820162164632925 -0.18879658525280513 0
    outer loop
      vertex 6.603043496608734 6.7149874323180745 1.127
      vertex 6.578717462718487 6.58845675523792 0.927
      vertex 6.603043496608734 6.7149874323180745 0.927
    endloop
  endfacet
  facet normal 0.12570311261809328 -0.9920679046709066 0
    outer loop
      vertex 6.230316214263439 6.41288057501827 1.127
      vertex 6.230316214263439 6.41288057501827 0.927
      vertex 6.388237282633781 6.432890465216977 1.127
    endloop
  endfacet
  facet normal 0.45494919427976493 -0.8905173949026446 0
    outer loop
      vertex 6.388237282633781 6.432890465216977 1.127
      vertex 6.388237282633781 6.432890465216977 0.927
      vertex 6.505739353597164 6.492920143263681 1.127
    endloop
  endfacet
  facet normal 0 0 1
    outer loop
      vertex 6.167249038815498 6.481143323438508 1.127
      vertex 6.230316214263439 6.41288057501827 1.127
      vertex 6.2177612110972404 6.478004572646959 1.127
    endloop
  endfacet
  facet normal 0 0 1
    outer loop
      vertex 6.2177612110972404 6.478004572646959 1.127
      vertex 6.230316214263439 6.41288057501827 1.127
      vertex 6.32487503439188 6.492127505796296 1.127
    endloop
  endfacet
  facet normal 0 0 1
    outer loop
      vertex 6.230316214263439 6.41288057501827 1.127
      vertex 6.388237282633781 6.432890465216977 1.127
      vertex 6.32487503439188 6.492127505796296 1.127
    endloop
  endfacet
  facet normal 0.06201888534308292 0.9980749760718387 0
    outer loop
      vertex 6.167249038815498 6.481143323438508 1.127
      vertex 6.2177612110972404 6.478004572646959 1.127
      vertex 6.2177612110972404 6.478004572646959 0.927
    endloop
  endfacet
  facet normal -0.13071843905563568 0.991419532635331 0
    outer loop
      vertex 6.2177612110972404 6.478004572646959 1.127
      vertex 6.32487503439188 6.492127505796296 1.127
      vertex 6.32487503439188 6.492127505796296 0.927
    endloop
  endfacet
  facet normal -0.4921602069968277 0.8705046413712219 0
    outer loop
      vertex 6.32487503439188 6.492127505796296 1.127
      vertex 6.399814501404762 6.5344962903431485 1.127
      vertex 6.399814501404762 6.5344962903431485 0.927
    endloop
  endfacet
  facet normal -0.862813587906683 0.5055222176359774 0
    outer loop
      vertex 6.399814501404762 6.5344962903431485 1.127
      vertex 6.443953715264797 6.609832076089723 1.127
      vertex 6.443953715264797 6.609832076089723 0.927
    endloop
  endfacet
  facet normal -0.9916298289069384 0.12911344787432585 0
    outer loop
      vertex 6.443953715264797 6.609832076089723 1.127
      vertex 6.4586667865514755 6.722832856433732 1.127
      vertex 6.4586667865514755 6.722832856433732 0.927
    endloop
  endfacet
  facet normal 0 0 1
    outer loop
      vertex 6.32487503439188 6.492127505796296 1.127
      vertex 6.388237282633781 6.432890465216977 1.127
      vertex 6.399814501404762 6.5344962903431485 1.127
    endloop
  endfacet
  facet normal 0 0 1
    outer loop
      vertex 6.388237282633781 6.432890465216977 1.127
      vertex 6.505739353597164 6.492920143263681 1.127
      vertex 6.399814501404762 6.5344962903431485 1.127
    endloop
  endfacet
  facet normal 0 0 1
    outer loop
      vertex 6.505739353597164 6.492920143263681 1.127
      vertex 6.443953715264797 6.609832076089723 1.127
      vertex 6.399814501404762 6.5344962903431485 1.127
    endloop
  endfacet
  facet normal 0.7946760120639008 -0.6070338012419201 0
    outer loop
      vertex 6.505739353597164 6.492920143263681 1.127
      vertex 6.505739353597164 6.492920143263681 0.927
      vertex 6.578717462718487 6.58845675523792 1.127
    endloop
  endfacet
  facet normal 0.9820162164632925 -0.18879658525280513 0
    outer loop
      vertex 6.578717462718487 6.58845675523792 1.127
      vertex 6.578717462718487 6.58845675523792 0.927
      vertex 6.603043496608734 6.7149874323180745 1.127
    endloop
  endfacet
  facet normal 0.9871125116998901 0.16002777648125452 0
    outer loop
      vertex 6.603043496608734 6.7149874323180745 1.127
      vertex 6.603043496608734 6.7149874323180745 0.927
      vertex 6.586172357201576 6.819055070834501 1.127
    endloop
  endfacet
  facet normal -1 0 0
    outer loop
      vertex 6.736496783792973 6.428571430700166 1.127
      vertex 6.736496783792973 6.543915433543069 1.127
      vertex 6.736496783792973 6.543915433543069 0.927
    endloop
  endfacet
  facet normal 0 0 1
    outer loop
      vertex 6.505739353597164 6.492920143263681 1.127
      vertex 6.578717462718487 6.58845675523792 1.127
      vertex 6.443953715264797 6.609832076089723 1.127
    endloop
  endfacet
  facet normal 0 0 1
    outer loop
      vertex 6.443953715264797 6.609832076089723 1.127
      vertex 6.578717462718487 6.58845675523792 1.127
      vertex 6.4586667865514755 6.722832856433732 1.127
    endloop
  endfacet
  facet normal 0 0 1
    outer loop
      vertex 6.4586667865514755 6.722832856433732 1.127
      vertex 6.578717462718487 6.58845675523792 1.127
      vertex 6.603043496608734 6.7149874323180745 1.127
    endloop
  endfacet
  facet normal 1 0 0
    outer loop
      vertex 4.598848931491375 7.418842715876443 1.127
      vertex 4.598848931491375 6.4913464316299985 0.927
      vertex 4.598848931491375 7.418842715876443 0.927
    endloop
  endfacet
  facet normal -0.9874404761730033 -0.15799147450173537 0
    outer loop
      vertex 4.891958996653557 6.719393251197679 1.127
      vertex 4.856255359947681 6.942539570587022 0.927
      vertex 4.891958996653557 6.719393251197679 0.927
    endloop
  endfacet
  facet normal -0.989794478454346 0.1425022470745258 0
    outer loop
      vertex 4.856255359947681 6.942539570587022 1.127
      vertex 4.890584893524647 7.180986216025693 0.927
      vertex 4.856255359947681 6.942539570587022 0.927
    endloop
  endfacet
  facet normal 0.9928879997775497 0.11905217300720168 0
    outer loop
      vertex 5.0202572122216225 6.944113289671285 1.127
      vertex 5.04448489099741 6.742055898266179 0.927
      vertex 5.0202572122216225 6.944113289671285 0.927
    endloop
  endfacet
  facet normal 0.994315592422981 -0.10647301378535504 0
    outer loop
      vertex 5.04340586066246 7.160290715949876 1.127
      vertex 5.0202572122216225 6.944113289671285 0.927
      vertex 5.04340586066246 7.160290715949876 0.927
    endloop
  endfacet
  facet normal -0.8584031638945445 0.5129756409575759 0
    outer loop
      vertex 4.890584893524647 7.180986216025693 1.127
      vertex 4.993573501706123 7.353325290339334 0.927
      vertex 4.890584893524647 7.180986216025693 0.927
    endloop
  endfacet
  facet normal 1 0 0
    outer loop
      vertex 4.598848931491375 6.4913464316299985 1.127
      vertex 4.598848931491375 6.4913464316299985 0.927
      vertex 4.598848931491375 7.418842715876443 1.127
    endloop
  endfacet
  facet normal 0 0 1
    outer loop
      vertex 4.598848931491375 6.4913464316299985 1.127
      vertex 4.598848931491375 7.418842715876443 1.127
      vertex 4.448188930749893 7.418842715876443 1.127
    endloop
  endfacet
  facet normal -0.9874404761730033 -0.15799147450173537 0
    outer loop
      vertex 4.856255359947681 6.942539570587022 1.127
      vertex 4.856255359947681 6.942539570587022 0.927
      vertex 4.891958996653557 6.719393251197679 1.127
    endloop
  endfacet
  facet normal 0.9928879997775497 0.11905217300720168 0
    outer loop
      vertex 5.04448489099741 6.742055898266179 1.127
      vertex 5.04448489099741 6.742055898266179 0.927
      vertex 5.0202572122216225 6.944113289671285 1.127
    endloop
  endfacet
  facet normal 0.994315592422981 -0.10647301378535504 0
    outer loop
      vertex 5.0202572122216225 6.944113289671285 1.127
      vertex 5.0202572122216225 6.944113289671285 0.927
      vertex 5.04340586066246 7.160290715949876 1.127
    endloop
  endfacet
  facet normal 0 0 1
    outer loop
      vertex 4.891958996653557 6.719393251197679 1.127
      vertex 5.04448489099741 6.742055898266179 1.127
      vertex 5.0202572122216225 6.944113289671285 1.127
    endloop
  endfacet
  facet normal 0 0 1
    outer loop
      vertex 4.856255359947681 6.942539570587022 1.127
      vertex 4.891958996653557 6.719393251197679 1.127
      vertex 5.0202572122216225 6.944113289671285 1.127
    endloop
  endfacet
  facet normal 0 0 1
    outer loop
      vertex 4.856255359947681 6.942539570587022 1.127
      vertex 5.0202572122216225 6.944113289671285 1.127
      vertex 4.890584893524647 7.180986216025693 1.127
    endloop
  endfacet
  facet normal -0.989794478454346 0.1425022470745258 0
    outer loop
      vertex 4.856255359947681 6.942539570587022 1.127
      vertex 4.890584893524647 7.180986216025693 1.127
      vertex 4.890584893524647 7.180986216025693 0.927
    endloop
  endfacet
  facet normal -0.8584031638945445 0.5129756409575759 0
    outer loop
      vertex 4.890584893524647 7.180986216025693 1.127
      vertex 4.993573501706123 7.353325290339334 1.127
      vertex 4.993573501706123 7.353325290339334 0.927
    endloop
  endfacet
  facet normal 0 0 1
    outer loop
      vertex 5.0202572122216225 6.944113289671285 1.127
      vertex 5.04340586066246 7.160290715949876 1.127
      vertex 4.890584893524647 7.180986216025693 1.127
    endloop
  endfacet
  facet normal 0 0 1
    outer loop
      vertex 5.04340586066246 7.160290715949876 1.127
      vertex 4.993573501706123 7.353325290339334 1.127
      vertex 4.890584893524647 7.180986216025693 1.127
    endloop
  endfacet
  facet normal 0 0 1
    outer loop
      vertex 5.04340586066246 7.160290715949876 1.127
      vertex 5.112851783633232 7.311344144599778 1.127
      vertex 4.993573501706123 7.353325290339334 1.127
    endloop
  endfacet
  facet normal 0.14953416246699125 -0.9887565596522206 0
    outer loop
      vertex 4.73381806910038 7.439254713909967 1.127
      vertex 4.598848931491375 7.418842715876443 0.927
      vertex 4.73381806910038 7.439254713909967 0.927
    endloop
  endfacet
  facet normal 1 0 0
    outer loop
      vertex 4.73381806910038 7.4808424317411015 1.127
      vertex 4.73381806910038 7.439254713909967 0.927
      vertex 4.73381806910038 7.4808424317411015 0.927
    endloop
  endfacet
  facet normal -0.5224779196626276 0.8526528153152448 0
    outer loop
      vertex 4.993573501706123 7.353325290339334 1.127
      vertex 5.164052464067936 7.457789255040033 0.927
      vertex 4.993573501706123 7.353325290339334 0.927
    endloop
  endfacet
  facet normal 0 1 0
    outer loop
      vertex 4.313219785690308 7.4808424317411015 1.127
      vertex 4.73381806910038 7.4808424317411015 1.127
      vertex 4.73381806910038 7.4808424317411015 0.927
    endloop
  endfacet
  facet normal 0.14953416246699125 -0.9887565596522206 0
    outer loop
      vertex 4.598848931491375 7.418842715876443 1.127
      vertex 4.598848931491375 7.418842715876443 0.927
      vertex 4.73381806910038 7.439254713909967 1.127
    endloop
  endfacet
  facet normal 1 0 0
    outer loop
      vertex 4.73381806910038 7.439254713909967 1.127
      vertex 4.73381806910038 7.439254713909967 0.927
      vertex 4.73381806910038 7.4808424317411015 1.127
    endloop
  endfacet
  facet normal 0 0 1
    outer loop
      vertex 4.448188930749893 7.418842715876443 1.127
      vertex 4.598848931491375 7.418842715876443 1.127
      vertex 4.73381806910038 7.4808424317411015 1.127
    endloop
  endfacet
  facet normal 0 0 1
    outer loop
      vertex 4.598848931491375 7.418842715876443 1.127
      vertex 4.73381806910038 7.439254713909967 1.127
      vertex 4.73381806910038 7.4808424317411015 1.127
    endloop
  endfacet
  facet normal 0.9085787052954014 -0.41771370133589353 0
    outer loop
      vertex 5.112851783633232 7.311344144599778 1.127
      vertex 5.04340586066246 7.160290715949876 0.927
      vertex 5.112851783633232 7.311344144599778 0.927
    endloop
  endfacet
  facet normal 0.9085787052954014 -0.41771370133589353 0
    outer loop
      vertex 5.04340586066246 7.160290715949876 1.127
      vertex 5.04340586066246 7.160290715949876 0.927
      vertex 5.112851783633232 7.311344144599778 1.127
    endloop
  endfacet
  facet normal 0.5955798645457714 -0.8032961004185446 0
    outer loop
      vertex 5.232714429497719 7.4002127179077695 1.127
      vertex 5.112851783633232 7.311344144599778 0.927
      vertex 5.232714429497719 7.4002127179077695 0.927
    endloop
  endfacet
  facet normal -0.14549849597614173 0.9893584727835915 0
    outer loop
      vertex 5.164052464067936 7.457789255040033 1.127
      vertex 5.400829926133156 7.4926105716398785 0.927
      vertex 5.164052464067936 7.457789255040033 0.927
    endloop
  endfacet
  facet normal 0.1674584604269313 -0.9858791325671935 0
    outer loop
      vertex 5.407113216817379 7.429835570710046 1.127
      vertex 5.232714429497719 7.4002127179077695 0.927
      vertex 5.407113216817379 7.429835570710046 0.927
    endloop
  endfacet
  facet normal -0.061660537079106625 -0.9980971787191446 0
    outer loop
      vertex 5.4817547127604485 7.425224361675126 1.127
      vertex 5.407113216817379 7.429835570710046 0.927
      vertex 5.4817547127604485 7.425224361675126 0.927
    endloop
  endfacet
  facet normal 0.05873096594737176 0.9982738470173845 0
    outer loop
      vertex 5.400829926133156 7.4926105716398785 1.127
      vertex 5.570912569761276 7.482604181127889 0.927
      vertex 5.400829926133156 7.4926105716398785 0.927
    endloop
  endfacet
  facet normal -0.18553932523413785 -0.9826368397285239 0
    outer loop
      vertex 5.555019214749336 7.411390719669206 1.127
      vertex 5.4817547127604485 7.425224361675126 0.927
      vertex 5.555019214749336 7.411390719669206 0.927
    endloop
  endfacet
  facet normal -0.31040107472894846 -0.9506056873420828 0
    outer loop
      vertex 5.62319228798151 7.389130180435521 1.127
      vertex 5.555019214749336 7.411390719669206 0.927
      vertex 5.62319228798151 7.389130180435521 0.927
    endloop
  endfacet
  facet normal -0.5224779196626276 0.8526528153152448 0
    outer loop
      vertex 4.993573501706123 7.353325290339334 1.127
      vertex 5.164052464067936 7.457789255040033 1.127
      vertex 5.164052464067936 7.457789255040033 0.927
    endloop
  endfacet
  facet normal 0.5955798645457714 -0.8032961004185446 0
    outer loop
      vertex 5.112851783633232 7.311344144599778 1.127
      vertex 5.112851783633232 7.311344144599778 0.927
      vertex 5.232714429497719 7.4002127179077695 1.127
    endloop
  endfacet
  facet normal 0.1674584604269313 -0.9858791325671935 0
    outer loop
      vertex 5.232714429497719 7.4002127179077695 1.127
      vertex 5.232714429497719 7.4002127179077695 0.927
      vertex 5.407113216817379 7.429835570710046 1.127
    endloop
  endfacet
  facet normal -0.14549849597614173 0.9893584727835915 0
    outer loop
      vertex 5.164052464067936 7.457789255040033 1.127
      vertex 5.400829926133156 7.4926105716398785 1.127
      vertex 5.400829926133156 7.4926105716398785 0.927
    endloop
  endfacet
  facet normal 0 0 1
    outer loop
      vertex 4.993573501706123 7.353325290339334 1.127
      vertex 5.112851783633232 7.311344144599778 1.127
      vertex 5.164052464067936 7.457789255040033 1.127
    endloop
  endfacet
  facet normal 0 0 1
    outer loop
      vertex 5.112851783633232 7.311344144599778 1.127
      vertex 5.232714429497719 7.4002127179077695 1.127
      vertex 5.164052464067936 7.457789255040033 1.127
    endloop
  endfacet
  facet normal 0 0 1
    outer loop
      vertex 5.164052464067936 7.457789255040033 1.127
      vertex 5.232714429497719 7.4002127179077695 1.127
      vertex 5.400829926133156 7.4926105716398785 1.127
    endloop
  endfacet
  facet normal -0.061660537079106625 -0.9980971787191446 0
    outer loop
      vertex 5.407113216817379 7.429835570710046 1.127
      vertex 5.407113216817379 7.429835570710046 0.927
      vertex 5.4817547127604485 7.425224361675126 1.127
    endloop
  endfacet
  facet normal -0.18553932523413785 -0.9826368397285239 0
    outer loop
      vertex 5.4817547127604485 7.425224361675126 1.127
      vertex 5.4817547127604485 7.425224361675126 0.927
      vertex 5.555019214749336 7.411390719669206 1.127
    endloop
  endfacet
  facet normal -0.31040107472894846 -0.9506056873420828 0
    outer loop
      vertex 5.62319228798151 7.389130180435521 1.127
      vertex 5.555019214749336 7.411390719669206 1.127
      vertex 5.555019214749336 7.411390719669206 0.927
    endloop
  endfacet
  facet normal 0.05873096594737176 0.9982738470173845 0
    outer loop
      vertex 5.400829926133156 7.4926105716398785 1.127
      vertex 5.570912569761276 7.482604181127889 1.127
      vertex 5.570912569761276 7.482604181127889 0.927
    endloop
  endfacet
  facet normal 0 0 1
    outer loop
      vertex 5.232714429497719 7.4002127179077695 1.127
      vertex 5.407113216817379 7.429835570710046 1.127
      vertex 5.400829926133156 7.4926105716398785 1.127
    endloop
  endfacet
  facet normal 0 0 1
    outer loop
      vertex 5.407113216817379 7.429835570710046 1.127
      vertex 5.4817547127604485 7.425224361675126 1.127
      vertex 5.400829926133156 7.4926105716398785 1.127
    endloop
  endfacet
  facet normal 0 0 1
    outer loop
      vertex 5.4817547127604485 7.425224361675126 1.127
      vertex 5.555019214749336 7.411390719669206 1.127
      vertex 5.570912569761276 7.482604181127889 1.127
    endloop
  endfacet
  facet normal 0 0 1
    outer loop
      vertex 5.62319228798151 7.389130180435521 1.127
      vertex 5.570912569761276 7.482604181127889 1.127
      vertex 5.555019214749336 7.411390719669206 1.127
    endloop
  endfacet
  facet normal 0 0 1
    outer loop
      vertex 5.400829926133156 7.4926105716398785 1.127
      vertex 5.4817547127604485 7.425224361675126 1.127
      vertex 5.570912569761276 7.482604181127889 1.127
    endloop
  endfacet
  facet normal 0 -1 0
    outer loop
      vertex 5.757866360247135 7.222672288971288 1.127
      vertex 5.706072643399239 7.222672288971288 0.927
      vertex 5.757866360247135 7.222672288971288 0.927
    endloop
  endfacet
  facet normal -0.98546686358546 -0.16986777438653997 0
    outer loop
      vertex 5.706072643399239 7.222672288971288 1.127
      vertex 5.682536356151104 7.359215145664556 0.927
      vertex 5.706072643399239 7.222672288971288 0.927
    endloop
  endfacet
  facet normal -1 0 0
    outer loop
      vertex 6.12437978386879 6.9456754305533 1.127
      vertex 6.12437978386879 7.010024143116815 0.927
      vertex 6.12437978386879 6.9456754305533 0.927
    endloop
  endfacet
  facet normal -0.06277554703247357 0.9980276703051743 0
    outer loop
      vertex 6.12437978386879 7.010024143116815 1.127
      vertex 6.236599497497082 7.017082718866212 0.927
      vertex 6.12437978386879 7.010024143116815 0.927
    endloop
  endfacet
  facet normal 0 -1 0
    outer loop
      vertex 6.023164503276348 7.256414575236184 1.127
      vertex 5.9713707864284515 7.256414575236184 0.927
      vertex 6.023164503276348 7.256414575236184 0.927
    endloop
  endfacet
  facet normal 0 -1 0
    outer loop
      vertex 5.706072643399239 7.222672288971288 1.127
      vertex 5.706072643399239 7.222672288971288 0.927
      vertex 5.757866360247135 7.222672288971288 1.127
    endloop
  endfacet
  facet normal 0.9997902653467099 0.02047987592626524 0
    outer loop
      vertex 5.757866360247135 7.222672288971288 1.127
      vertex 5.757866360247135 7.222672288971288 0.927
      vertex 5.753156788647175 7.45258500214134 1.127
    endloop
  endfacet
  facet normal 0 0 1
    outer loop
      vertex 5.682536356151104 7.359215145664556 1.127
      vertex 5.706072643399239 7.222672288971288 1.127
      vertex 5.757866360247135 7.222672288971288 1.127
    endloop
  endfacet
  facet normal -0.05580071885702924 -0.9984419260903653 0
    outer loop
      vertex 6.12437978386879 6.9456754305533 1.127
      vertex 6.12437978386879 6.9456754305533 0.927
      vertex 6.236599497497082 6.939403718071325 1.127
    endloop
  endfacet
  facet normal -1 0 0
    outer loop
      vertex 6.12437978386879 6.9456754305533 1.127
      vertex 6.12437978386879 7.010024143116815 1.127
      vertex 6.12437978386879 7.010024143116815 0.927
    endloop
  endfacet
  facet normal 0 0 1
    outer loop
      vertex 6.12437978386879 6.9456754305533 1.127
      vertex 6.236599497497082 6.939403718071325 1.127
      vertex 6.12437978386879 7.010024143116815 1.127
    endloop
  endfacet
  facet normal 0 -1 0
    outer loop
      vertex 5.9713707864284515 7.256414575236184 1.127
      vertex 5.9713707864284515 7.256414575236184 0.927
      vertex 6.023164503276348 7.256414575236184 1.127
    endloop
  endfacet
  facet normal 0.9779835105371428 -0.20868218207946337 0
    outer loop
      vertex 6.023164503276348 7.256414575236184 1.127
      vertex 6.023164503276348 7.256414575236184 0.927
      vertex 6.050623498857021 7.385100429611547 1.127
    endloop
  endfacet
  facet normal 0 0 1
    outer loop
      vertex 5.9713707864284515 7.256414575236184 1.127
      vertex 6.023164503276348 7.256414575236184 1.127
      vertex 6.050623498857021 7.385100429611547 1.127
    endloop
  endfacet
  facet normal -0.4501363804265713 -0.8929598193740103 0
    outer loop
      vertex 5.682536356151104 7.359215145664556 1.127
      vertex 5.62319228798151 7.389130180435521 0.927
      vertex 5.682536356151104 7.359215145664556 0.927
    endloop
  endfacet
  facet normal 0.9997902653467099 0.02047987592626524 0
    outer loop
      vertex 5.753156788647175 7.45258500214134 1.127
      vertex 5.757866360247135 7.222672288971288 0.927
      vertex 5.753156788647175 7.45258500214134 0.927
    endloop
  endfacet
  facet normal 0.1625293544132555 0.9867037087971294 0
    outer loop
      vertex 5.570912569761276 7.482604181127889 1.127
      vertex 5.753156788647175 7.45258500214134 0.927
      vertex 5.570912569761276 7.482604181127889 0.927
    endloop
  endfacet
  facet normal -1 0 0
    outer loop
      vertex 5.9713707864284515 7.256414575236184 1.127
      vertex 5.9713707864284515 7.458868285374982 0.927
      vertex 5.9713707864284515 7.256414575236184 0.927
    endloop
  endfacet
  facet normal 0.9779835105371428 -0.20868218207946337 0
    outer loop
      vertex 6.050623498857021 7.385100429611547 1.127
      vertex 6.023164503276348 7.256414575236184 0.927
      vertex 6.050623498857021 7.385100429611547 0.927
    endloop
  endfacet
  facet normal -0.22821732127810906 0.9736102168058037 0
    outer loop
      vertex 5.9713707864284515 7.458868285374982 1.127
      vertex 6.043752960860729 7.475834896521909 0.927
      vertex 5.9713707864284515 7.458868285374982 0.927
    endloop
  endfacet
  facet normal 0.41439886746675514 -0.9100953678830975 0
    outer loop
      vertex 6.087897963821888 7.402072822409017 1.127
      vertex 6.050623498857021 7.385100429611547 0.927
      vertex 6.087897963821888 7.402072822409017 0.927
    endloop
  endfacet
  facet normal 0.2957608946846147 -0.9552620023717872 0
    outer loop
      vertex 6.130663074553013 7.4153134280017445 1.127
      vertex 6.087897963821888 7.402072822409017 0.927
      vertex 6.130663074553013 7.4153134280017445 0.927
    endloop
  endfacet
  facet normal 0.18834334310264778 -0.9821032456462601 0
    outer loop
      vertex 6.175192818045616 7.423853141920907 1.127
      vertex 6.130663074553013 7.4153134280017445 0.927
      vertex 6.175192818045616 7.423853141920907 0.927
    endloop
  endfacet
  facet normal -0.16130364663569452 0.986904824986699 0
    outer loop
      vertex 6.043752960860729 7.475834896521909 1.127
      vertex 6.105541497468948 7.485933860497815 0.927
      vertex 6.043752960860729 7.475834896521909 0.927
    endloop
  endfacet
  facet normal -0.08858378645427545 0.9960687289426484 0
    outer loop
      vertex 6.105541497468948 7.485933860497815 1.127
      vertex 6.161848068237305 7.490941395717008 0.927
      vertex 6.105541497468948 7.485933860497815 0.927
    endloop
  endfacet
  facet normal -0.029839721886519 0.9995546963511976 0
    outer loop
      vertex 6.161848068237305 7.490941395717008 1.127
      vertex 6.2177612110972404 7.4926105716398785 0.927
      vertex 6.161848068237305 7.490941395717008 0.927
    endloop
  endfacet
  facet normal -0.4501363804265713 -0.8929598193740103 0
    outer loop
      vertex 5.62319228798151 7.389130180435521 1.127
      vertex 5.62319228798151 7.389130180435521 0.927
      vertex 5.682536356151104 7.359215145664556 1.127
    endloop
  endfacet
  facet normal -0.98546686358546 -0.16986777438653997 0
    outer loop
      vertex 5.682536356151104 7.359215145664556 1.127
      vertex 5.682536356151104 7.359215145664556 0.927
      vertex 5.706072643399239 7.222672288971288 1.127
    endloop
  endfacet
  facet normal 0.1625293544132555 0.9867037087971294 0
    outer loop
      vertex 5.570912569761276 7.482604181127889 1.127
      vertex 5.753156788647175 7.45258500214134 1.127
      vertex 5.753156788647175 7.45258500214134 0.927
    endloop
  endfacet
  facet normal 0 0 1
    outer loop
      vertex 5.62319228798151 7.389130180435521 1.127
      vertex 5.753156788647175 7.45258500214134 1.127
      vertex 5.570912569761276 7.482604181127889 1.127
    endloop
  endfacet
  facet normal 0 0 1
    outer loop
      vertex 5.62319228798151 7.389130180435521 1.127
      vertex 5.682536356151104 7.359215145664556 1.127
      vertex 5.753156788647175 7.45258500214134 1.127
    endloop
  endfacet
  facet normal 0 0 1
    outer loop
      vertex 5.682536356151104 7.359215145664556 1.127
      vertex 5.757866360247135 7.222672288971288 1.127
      vertex 5.753156788647175 7.45258500214134 1.127
    endloop
  endfacet
  facet normal -1 0 0
    outer loop
      vertex 5.9713707864284515 7.256414575236184 1.127
      vertex 5.9713707864284515 7.458868285374982 1.127
      vertex 5.9713707864284515 7.458868285374982 0.927
    endloop
  endfacet
  facet normal -0.22821732127810906 0.9736102168058037 0
    outer loop
      vertex 5.9713707864284515 7.458868285374982 1.127
      vertex 6.043752960860729 7.475834896521909 1.127
      vertex 6.043752960860729 7.475834896521909 0.927
    endloop
  endfacet
  facet normal 0.41439886746675514 -0.9100953678830975 0
    outer loop
      vertex 6.050623498857021 7.385100429611547 1.127
      vertex 6.050623498857021 7.385100429611547 0.927
      vertex 6.087897963821888 7.402072822409017 1.127
    endloop
  endfacet
  facet normal 0.2957608946846147 -0.9552620023717872 0
    outer loop
      vertex 6.087897963821888 7.402072822409017 1.127
      vertex 6.087897963821888 7.402072822409017 0.927
      vertex 6.130663074553013 7.4153134280017445 1.127
    endloop
  endfacet
  facet normal 0.18834334310264778 -0.9821032456462601 0
    outer loop
      vertex 6.130663074553013 7.4153134280017445 1.127
      vertex 6.130663074553013 7.4153134280017445 0.927
      vertex 6.175192818045616 7.423853141920907 1.127
    endloop
  endfacet
  facet normal -0.16130364663569452 0.986904824986699 0
    outer loop
      vertex 6.043752960860729 7.475834896521909 1.127
      vertex 6.105541497468948 7.485933860497815 1.127
      vertex 6.105541497468948 7.485933860497815 0.927
    endloop
  endfacet
  facet normal -0.08858378645427545 0.9960687289426484 0
    outer loop
      vertex 6.105541497468948 7.485933860497815 1.127
      vertex 6.161848068237305 7.490941395717008 1.127
      vertex 6.161848068237305 7.490941395717008 0.927
    endloop
  endfacet
  facet normal 0 0 1
    outer loop
      vertex 5.9713707864284515 7.256414575236184 1.127
      vertex 6.050623498857021 7.385100429611547 1.127
      vertex 5.9713707864284515 7.458868285374982 1.127
    endloop
  endfacet
  facet normal 0 0 1
    outer loop
      vertex 6.050623498857021 7.385100429611547 1.127
      vertex 6.043752960860729 7.475834896521909 1.127
      vertex 5.9713707864284515 7.458868285374982 1.127
    endloop
  endfacet
  facet normal 0 0 1
    outer loop
      vertex 6.050623498857021 7.385100429611547 1.127
      vertex 6.087897963821888 7.402072822409017 1.127
      vertex 6.043752960860729 7.475834896521909 1.127
    endloop
  endfacet
  facet normal 0 0 1
    outer loop
      vertex 6.087897963821888 7.402072822409017 1.127
      vertex 6.130663074553013 7.4153134280017445 1.127
      vertex 6.105541497468948 7.485933860497815 1.127
    endloop
  endfacet
  facet normal 0 0 1
    outer loop
      vertex 6.130663074553013 7.4153134280017445 1.127
      vertex 6.175192818045616 7.423853141920907 1.127
      vertex 6.161848068237305 7.490941395717008 1.127
    endloop
  endfacet
  facet normal 0 0 1
    outer loop
      vertex 6.043752960860729 7.475834896521909 1.127
      vertex 6.087897963821888 7.402072822409017 1.127
      vertex 6.105541497468948 7.485933860497815 1.127
    endloop
  endfacet
  facet normal 0 0 1
    outer loop
      vertex 6.105541497468948 7.485933860497815 1.127
      vertex 6.130663074553013 7.4153134280017445 1.127
      vertex 6.161848068237305 7.490941395717008 1.127
    endloop
  endfacet
  facet normal 0 0 1
    outer loop
      vertex 6.161848068237305 7.490941395717008 1.127
      vertex 6.175192818045616 7.423853141920907 1.127
      vertex 6.2177612110972404 7.4926105716398785 1.127
    endloop
  endfacet
  facet normal -0.05580071885702924 -0.9984419260903653 0
    outer loop
      vertex 6.236599497497082 6.939403718071325 1.127
      vertex 6.12437978386879 6.9456754305533 0.927
      vertex 6.236599497497082 6.939403718071325 0.927
    endloop
  endfacet
  facet normal -0.17487822428805405 -0.9845900703693172 0
    outer loop
      vertex 6.335462890565395 6.921844070511205 1.127
      vertex 6.236599497497082 6.939403718071325 0.927
      vertex 6.335462890565395 6.921844070511205 0.927
    endloop
  endfacet
  facet normal -0.20428277518868335 0.978911920328489 0
    outer loop
      vertex 6.236599497497082 7.017082718866212 1.127
      vertex 6.313688360154629 7.0331698932818005 0.927
      vertex 6.236599497497082 7.017082718866212 0.927
    endloop
  endfacet
  facet normal -0.989141329456427 -0.14696744660356606 0
    outer loop
      vertex 6.4586667865514755 6.722832856433732 1.127
      vertex 6.445128217339516 6.81395207132612 0.927
      vertex 6.4586667865514755 6.722832856433732 0.927
    endloop
  endfacet
  facet normal -0.8523838651949482 -0.522916576860325 0
    outer loop
      vertex 6.445128217339516 6.81395207132612 1.127
      vertex 6.404512502253056 6.880158005016191 0.927
      vertex 6.445128217339516 6.81395207132612 0.927
    endloop
  endfacet
  facet normal -0.5168303370533064 -0.8560878475374858 0
    outer loop
      vertex 6.404512502253056 6.880158005016191 1.127
      vertex 6.335462890565395 6.921844070511205 0.927
      vertex 6.404512502253056 6.880158005016191 0.927
    endloop
  endfacet
  facet normal 0.22580231565149067 0.9741731438745499 0
    outer loop
      vertex 6.325259782373905 6.979417716818197 1.127
      vertex 6.449241854250431 6.950680074947221 0.927
      vertex 6.325259782373905 6.979417716818197 0.927
    endloop
  endfacet
  facet normal 0.2759161750654855 -0.9611817020403751 0
    outer loop
      vertex 6.4226593896746635 7.007377182798726 1.127
      vertex 6.325259782373905 6.979417716818197 0.927
      vertex 6.4226593896746635 7.007377182798726 0.927
    endloop
  endfacet
  facet normal -0.5843173865841972 0.8115252255693681 0
    outer loop
      vertex 6.313688360154629 7.0331698932818005 1.127
      vertex 6.367634356021881 7.072012288229806 0.927
      vertex 6.313688360154629 7.0331698932818005 0.927
    endloop
  endfacet
  facet normal -0.893311671007048 0.4494377136407174 0
    outer loop
      vertex 6.367634356021881 7.072012288229806 1.127
      vertex 6.399415284395218 7.135180717068059 0.927
      vertex 6.367634356021881 7.072012288229806 0.927
    endloop
  endfacet
  facet normal -0.9930005246808848 0.118109940239962 0
    outer loop
      vertex 6.399415284395218 7.135180717068059 1.127
      vertex 6.410008929669857 7.22424600060497 0.927
      vertex 6.399415284395218 7.135180717068059 0.927
    endloop
  endfacet
  facet normal -0.9922290620474341 -0.12442462950906871 0
    outer loop
      vertex 6.410008929669857 7.22424600060497 1.127
      vertex 6.398532964289188 7.31576153423105 0.927
      vertex 6.410008929669857 7.22424600060497 0.927
    endloop
  endfacet
  facet normal 0.9871125116998901 0.16002777648125452 0
    outer loop
      vertex 6.586172357201576 6.819055070834501 1.127
      vertex 6.603043496608734 6.7149874323180745 0.927
      vertex 6.586172357201576 6.819055070834501 0.927
    endloop
  endfacet
  facet normal 0.8400340970678181 0.5425336079575676 0
    outer loop
      vertex 6.535558931529522 6.897422572331769 1.127
      vertex 6.586172357201576 6.819055070834501 0.927
      vertex 6.535558931529522 6.897422572331769 0.927
    endloop
  endfacet
  facet normal 0.5250932551686485 0.8510446952871469 0
    outer loop
      vertex 6.449241854250431 6.950680074947221 1.127
      vertex 6.535558931529522 6.897422572331769 0.927
      vertex 6.449241854250431 6.950680074947221 0.927
    endloop
  endfacet
  facet normal 0.5864190779184059 -0.8100078178964243 0
    outer loop
      vertex 6.495139926671982 7.059850712972028 1.127
      vertex 6.4226593896746635 7.007377182798726 0.927
      vertex 6.495139926671982 7.059850712972028 0.927
    endloop
  endfacet
  facet normal 0.8598371942624183 -0.5105683101828121 0
    outer loop
      vertex 6.5401643589138985 7.135675398366792 1.127
      vertex 6.495139926671982 7.059850712972028 0.927
      vertex 6.5401643589138985 7.135675398366792 0.927
    endloop
  endfacet
  facet normal 0.9884733559859649 -0.15139492893041062 0
    outer loop
      vertex 6.555172502994537 7.233665143804891 1.127
      vertex 6.5401643589138985 7.135675398366792 0.927
      vertex 6.555172502994537 7.233665143804891 0.927
    endloop
  endfacet
  facet normal -0.06277554703247357 0.9980276703051743 0
    outer loop
      vertex 6.12437978386879 7.010024143116815 1.127
      vertex 6.236599497497082 7.017082718866212 1.127
      vertex 6.236599497497082 7.017082718866212 0.927
    endloop
  endfacet
  facet normal -0.17487822428805405 -0.9845900703693172 0
    outer loop
      vertex 6.236599497497082 6.939403718071325 1.127
      vertex 6.236599497497082 6.939403718071325 0.927
      vertex 6.335462890565395 6.921844070511205 1.127
    endloop
  endfacet
  facet normal -0.20428277518868335 0.978911920328489 0
    outer loop
      vertex 6.236599497497082 7.017082718866212 1.127
      vertex 6.313688360154629 7.0331698932818005 1.127
      vertex 6.313688360154629 7.0331698932818005 0.927
    endloop
  endfacet
  facet normal -0.989141329456427 -0.14696744660356606 0
    outer loop
      vertex 6.4586667865514755 6.722832856433732 1.127
      vertex 6.445128217339516 6.81395207132612 1.127
      vertex 6.445128217339516 6.81395207132612 0.927
    endloop
  endfacet
  facet normal -0.8523838651949482 -0.522916576860325 0
    outer loop
      vertex 6.404512502253056 6.880158005016191 1.127
      vertex 6.404512502253056 6.880158005016191 0.927
      vertex 6.445128217339516 6.81395207132612 1.127
    endloop
  endfacet
  facet normal -0.5168303370533064 -0.8560878475374858 0
    outer loop
      vertex 6.335462890565395 6.921844070511205 1.127
      vertex 6.335462890565395 6.921844070511205 0.927
      vertex 6.404512502253056 6.880158005016191 1.127
    endloop
  endfacet
  facet normal 0.2759161750654855 -0.9611817020403751 0
    outer loop
      vertex 6.325259782373905 6.979417716818197 1.127
      vertex 6.325259782373905 6.979417716818197 0.927
      vertex 6.4226593896746635 7.007377182798726 1.127
    endloop
  endfacet
  facet normal 0.22580231565149067 0.9741731438745499 0
    outer loop
      vertex 6.449241854250431 6.950680074947221 1.127
      vertex 6.449241854250431 6.950680074947221 0.927
      vertex 6.325259782373905 6.979417716818197 1.127
    endloop
  endfacet
  facet normal 0.5864190779184059 -0.8100078178964243 0
    outer loop
      vertex 6.4226593896746635 7.007377182798726 1.127
      vertex 6.4226593896746635 7.007377182798726 0.927
      vertex 6.495139926671982 7.059850712972028 1.127
    endloop
  endfacet
  facet normal 0 0 1
    outer loop
      vertex 6.236599497497082 6.939403718071325 1.127
      vertex 6.236599497497082 7.017082718866212 1.127
      vertex 6.12437978386879 7.010024143116815 1.127
    endloop
  endfacet
  facet normal 0 0 1
    outer loop
      vertex 6.236599497497082 6.939403718071325 1.127
      vertex 6.335462890565395 6.921844070511205 1.127
      vertex 6.325259782373905 6.979417716818197 1.127
    endloop
  endfacet
  facet normal 0 0 1
    outer loop
      vertex 6.236599497497082 6.939403718071325 1.127
      vertex 6.325259782373905 6.979417716818197 1.127
      vertex 6.313688360154629 7.0331698932818005 1.127
    endloop
  endfacet
  facet normal 0 0 1
    outer loop
      vertex 6.236599497497082 6.939403718071325 1.127
      vertex 6.313688360154629 7.0331698932818005 1.127
      vertex 6.236599497497082 7.017082718866212 1.127
    endloop
  endfacet
  facet normal 0 0 1
    outer loop
      vertex 6.404512502253056 6.880158005016191 1.127
      vertex 6.445128217339516 6.81395207132612 1.127
      vertex 6.535558931529522 6.897422572331769 1.127
    endloop
  endfacet
  facet normal 0 0 1
    outer loop
      vertex 6.335462890565395 6.921844070511205 1.127
      vertex 6.404512502253056 6.880158005016191 1.127
      vertex 6.449241854250431 6.950680074947221 1.127
    endloop
  endfacet
  facet normal 0 0 1
    outer loop
      vertex 6.335462890565395 6.921844070511205 1.127
      vertex 6.449241854250431 6.950680074947221 1.127
      vertex 6.325259782373905 6.979417716818197 1.127
    endloop
  endfacet
  facet normal 0 0 1
    outer loop
      vertex 6.325259782373905 6.979417716818197 1.127
      vertex 6.4226593896746635 7.007377182798726 1.127
      vertex 6.313688360154629 7.0331698932818005 1.127
    endloop
  endfacet
  facet normal 0 0 1
    outer loop
      vertex 6.404512502253056 6.880158005016191 1.127
      vertex 6.535558931529522 6.897422572331769 1.127
      vertex 6.449241854250431 6.950680074947221 1.127
    endloop
  endfacet
  facet normal -0.5843173865841972 0.8115252255693681 0
    outer loop
      vertex 6.313688360154629 7.0331698932818005 1.127
      vertex 6.367634356021881 7.072012288229806 1.127
      vertex 6.367634356021881 7.072012288229806 0.927
    endloop
  endfacet
  facet normal -0.893311671007048 0.4494377136407174 0
    outer loop
      vertex 6.367634356021881 7.072012288229806 1.127
      vertex 6.399415284395218 7.135180717068059 1.127
      vertex 6.399415284395218 7.135180717068059 0.927
    endloop
  endfacet
  facet normal -0.9930005246808848 0.118109940239962 0
    outer loop
      vertex 6.399415284395218 7.135180717068059 1.127
      vertex 6.410008929669857 7.22424600060497 1.127
      vertex 6.410008929669857 7.22424600060497 0.927
    endloop
  endfacet
  facet normal -0.9922290620474341 -0.12442462950906871 0
    outer loop
      vertex 6.410008929669857 7.22424600060497 1.127
      vertex 6.398532964289188 7.31576153423105 1.127
      vertex 6.398532964289188 7.31576153423105 0.927
    endloop
  endfacet
  facet normal 0 0 1
    outer loop
      vertex 6.313688360154629 7.0331698932818005 1.127
      vertex 6.4226593896746635 7.007377182798726 1.127
      vertex 6.367634356021881 7.072012288229806 1.127
    endloop
  endfacet
  facet normal 0 0 1
    outer loop
      vertex 6.4226593896746635 7.007377182798726 1.127
      vertex 6.495139926671982 7.059850712972028 1.127
      vertex 6.367634356021881 7.072012288229806 1.127
    endloop
  endfacet
  facet normal 0 0 1
    outer loop
      vertex 6.367634356021881 7.072012288229806 1.127
      vertex 6.495139926671982 7.059850712972028 1.127
      vertex 6.399415284395218 7.135180717068059 1.127
    endloop
  endfacet
  facet normal 0 0 1
    outer loop
      vertex 6.399415284395218 7.135180717068059 1.127
      vertex 6.5401643589138985 7.135675398366792 1.127
      vertex 6.410008929669857 7.22424600060497 1.127
    endloop
  endfacet
  facet normal 0 0 1
    outer loop
      vertex 6.410008929669857 7.22424600060497 1.127
      vertex 6.555172502994537 7.233665143804891 1.127
      vertex 6.398532964289188 7.31576153423105 1.127
    endloop
  endfacet
  facet normal 0.8400340970678181 0.5425336079575676 0
    outer loop
      vertex 6.535558931529522 6.897422572331769 1.127
      vertex 6.586172357201576 6.819055070834501 1.127
      vertex 6.586172357201576 6.819055070834501 0.927
    endloop
  endfacet
  facet normal 0.5250932551686485 0.8510446952871469 0
    outer loop
      vertex 6.449241854250431 6.950680074947221 1.127
      vertex 6.535558931529522 6.897422572331769 1.127
      vertex 6.535558931529522 6.897422572331769 0.927
    endloop
  endfacet
  facet normal 0 0 1
    outer loop
      vertex 6.4586667865514755 6.722832856433732 1.127
      vertex 6.586172357201576 6.819055070834501 1.127
      vertex 6.445128217339516 6.81395207132612 1.127
    endloop
  endfacet
  facet normal 0 0 1
    outer loop
      vertex 6.445128217339516 6.81395207132612 1.127
      vertex 6.586172357201576 6.819055070834501 1.127
      vertex 6.535558931529522 6.897422572331769 1.127
    endloop
  endfacet
  facet normal 0 0 1
    outer loop
      vertex 6.4586667865514755 6.722832856433732 1.127
      vertex 6.603043496608734 6.7149874323180745 1.127
      vertex 6.586172357201576 6.819055070834501 1.127
    endloop
  endfacet
  facet normal 0.8598371942624183 -0.5105683101828121 0
    outer loop
      vertex 6.495139926671982 7.059850712972028 1.127
      vertex 6.495139926671982 7.059850712972028 0.927
      vertex 6.5401643589138985 7.135675398366792 1.127
    endloop
  endfacet
  facet normal 0.9884733559859649 -0.15139492893041062 0
    outer loop
      vertex 6.5401643589138985 7.135675398366792 1.127
      vertex 6.5401643589138985 7.135675398366792 0.927
      vertex 6.555172502994537 7.233665143804891 1.127
    endloop
  endfacet
  facet normal 0.9172183458558019 0.3983848717327838 0
    outer loop
      vertex 6.470819681882858 7.4278742128184865 1.127
      vertex 6.555172502994537 7.233665143804891 1.127
      vertex 6.555172502994537 7.233665143804891 0.927
    endloop
  endfacet
  facet normal 0 0 1
    outer loop
      vertex 6.399415284395218 7.135180717068059 1.127
      vertex 6.495139926671982 7.059850712972028 1.127
      vertex 6.5401643589138985 7.135675398366792 1.127
    endloop
  endfacet
  facet normal 0 0 1
    outer loop
      vertex 6.410008929669857 7.22424600060497 1.127
      vertex 6.5401643589138985 7.135675398366792 1.127
      vertex 6.555172502994537 7.233665143804891 1.127
    endloop
  endfacet
  facet normal 0.06672164111316957 -0.9977716284837757 0
    outer loop
      vertex 6.2177612110972404 7.426699718194349 1.127
      vertex 6.175192818045616 7.423853141920907 0.927
      vertex 6.2177612110972404 7.426699718194349 0.927
    endloop
  endfacet
  facet normal -0.13767724980428445 -0.9904771450600607 0
    outer loop
      vertex 6.30456718057394 7.414633607225759 1.127
      vertex 6.2177612110972404 7.426699718194349 0.927
      vertex 6.30456718057394 7.414633607225759 0.927
    endloop
  endfacet
  facet normal 0.24783494219931104 0.9688022715833526 0
    outer loop
      vertex 6.2177612110972404 7.4926105716398785 1.127
      vertex 6.470819681882858 7.4278742128184865 0.927
      vertex 6.2177612110972404 7.4926105716398785 0.927
    endloop
  endfacet
  facet normal -0.876467758829937 -0.48146055677659344 0
    outer loop
      vertex 6.398532964289188 7.31576153423105 1.127
      vertex 6.3641050681471825 7.378435289221151 0.927
      vertex 6.398532964289188 7.31576153423105 0.927
    endloop
  endfacet
  facet normal -0.5195056469076547 -0.8544670168187062 0
    outer loop
      vertex 6.3641050681471825 7.378435289221151 1.127
      vertex 6.30456718057394 7.414633607225759 0.927
      vertex 6.3641050681471825 7.378435289221151 0.927
    endloop
  endfacet
  facet normal 0.9172183458558019 0.3983848717327838 0
    outer loop
      vertex 6.470819681882858 7.4278742128184865 1.127
      vertex 6.555172502994537 7.233665143804891 0.927
      vertex 6.470819681882858 7.4278742128184865 0.927
    endloop
  endfacet
  facet normal 0.06672164111316957 -0.9977716284837757 0
    outer loop
      vertex 6.175192818045616 7.423853141920907 1.127
      vertex 6.175192818045616 7.423853141920907 0.927
      vertex 6.2177612110972404 7.426699718194349 1.127
    endloop
  endfacet
  facet normal -0.13767724980428445 -0.9904771450600607 0
    outer loop
      vertex 6.2177612110972404 7.426699718194349 1.127
      vertex 6.2177612110972404 7.426699718194349 0.927
      vertex 6.30456718057394 7.414633607225759 1.127
    endloop
  endfacet
  facet normal -0.5195056469076547 -0.8544670168187062 0
    outer loop
      vertex 6.3641050681471825 7.378435289221151 1.127
      vertex 6.30456718057394 7.414633607225759 1.127
      vertex 6.30456718057394 7.414633607225759 0.927
    endloop
  endfacet
  facet normal -0.029839721886519 0.9995546963511976 0
    outer loop
      vertex 6.161848068237305 7.490941395717008 1.127
      vertex 6.2177612110972404 7.4926105716398785 1.127
      vertex 6.2177612110972404 7.4926105716398785 0.927
    endloop
  endfacet
  facet normal -0.876467758829937 -0.48146055677659344 0
    outer loop
      vertex 6.3641050681471825 7.378435289221151 1.127
      vertex 6.3641050681471825 7.378435289221151 0.927
      vertex 6.398532964289188 7.31576153423105 1.127
    endloop
  endfacet
  facet normal 0.24783494219931104 0.9688022715833526 0
    outer loop
      vertex 6.2177612110972404 7.4926105716398785 1.127
      vertex 6.470819681882858 7.4278742128184865 1.127
      vertex 6.470819681882858 7.4278742128184865 0.927
    endloop
  endfacet
  facet normal 0 0 1
    outer loop
      vertex 6.175192818045616 7.423853141920907 1.127
      vertex 6.2177612110972404 7.426699718194349 1.127
      vertex 6.2177612110972404 7.4926105716398785 1.127
    endloop
  endfacet
  facet normal 0 0 1
    outer loop
      vertex 6.2177612110972404 7.426699718194349 1.127
      vertex 6.30456718057394 7.414633607225759 1.127
      vertex 6.2177612110972404 7.4926105716398785 1.127
    endloop
  endfacet
  facet normal 0 0 1
    outer loop
      vertex 6.2177612110972404 7.4926105716398785 1.127
      vertex 6.30456718057394 7.414633607225759 1.127
      vertex 6.470819681882858 7.4278742128184865 1.127
    endloop
  endfacet
  facet normal 0 0 1
    outer loop
      vertex 6.3641050681471825 7.378435289221151 1.127
      vertex 6.470819681882858 7.4278742128184865 1.127
      vertex 6.30456718057394 7.414633607225759 1.127
    endloop
  endfacet
  facet normal 0 0 1
    outer loop
      vertex 6.3641050681471825 7.378435289221151 1.127
      vertex 6.398532964289188 7.31576153423105 1.127
      vertex 6.470819681882858 7.4278742128184865 1.127
    endloop
  endfacet
  facet normal 0 0 1
    outer loop
      vertex 6.398532964289188 7.31576153423105 1.127
      vertex 6.555172502994537 7.233665143804891 1.127
      vertex 6.470819681882858 7.4278742128184865 1.127
    endloop
  endfacet
  facet normal -0.6725004541426591 0.7400967093413653 0
    outer loop
      vertex 6.736496783792973 6.543915433543069 1.127
      vertex 6.882447212934494 6.676535574453218 0.927
      vertex 6.736496783792973 6.543915433543069 0.927
    endloop
  endfacet
  facet normal 0.6678227471324787 -0.7443203466333764 0
    outer loop
      vertex 6.915605142712593 6.617877108710153 1.127
      vertex 6.839297354221344 6.549411860959871 0.927
      vertex 6.915605142712593 6.617877108710153 0.927
    endloop
  endfacet
  facet normal 0 1 0
    outer loop
      vertex 6.839297354221344 6.549411860959871 1.127
      vertex 7.380724497139454 6.549411860959871 0.927
      vertex 6.839297354221344 6.549411860959871 0.927
    endloop
  endfacet
  facet normal -0.6748902644416123 0.7379181058640115 0
    outer loop
      vertex 6.882447212934494 6.676535574453218 1.127
      vertex 7.004274107515812 6.787956861513002 0.927
      vertex 6.882447212934494 6.676535574453218 0.927
    endloop
  endfacet
  facet normal 0.6560578315840401 -0.7547106211106661 0
    outer loop
      vertex 6.987596787512302 6.680458290236337 1.127
      vertex 6.915605142712593 6.617877108710153 0.927
      vertex 6.987596787512302 6.680458290236337 0.927
    endloop
  endfacet
  facet normal 0 -1 0
    outer loop
      vertex 7.380724497139454 6.428571430700166 1.127
      vertex 6.736496783792973 6.428571430700166 0.927
      vertex 7.380724497139454 6.428571430700166 0.927
    endloop
  endfacet
  facet normal 0 -1 0
    outer loop
      vertex 6.736496783792973 6.428571430700166 1.127
      vertex 6.736496783792973 6.428571430700166 0.927
      vertex 7.380724497139454 6.428571430700166 1.127
    endloop
  endfacet
  facet normal 0.6678227471324787 -0.7443203466333764 0
    outer loop
      vertex 6.839297354221344 6.549411860959871 1.127
      vertex 6.839297354221344 6.549411860959871 0.927
      vertex 6.915605142712593 6.617877108710153 1.127
    endloop
  endfacet
  facet normal -0.6725004541426591 0.7400967093413653 0
    outer loop
      vertex 6.736496783792973 6.543915433543069 1.127
      vertex 6.882447212934494 6.676535574453218 1.127
      vertex 6.882447212934494 6.676535574453218 0.927
    endloop
  endfacet
  facet normal 0.6560578315840401 -0.7547106211106661 0
    outer loop
      vertex 6.915605142712593 6.617877108710153 1.127
      vertex 6.915605142712593 6.617877108710153 0.927
      vertex 6.987596787512302 6.680458290236337 1.127
    endloop
  endfacet
  facet normal 0 0 1
    outer loop
      vertex 6.736496783792973 6.428571430700166 1.127
      vertex 6.839297354221344 6.549411860959871 1.127
      vertex 6.736496783792973 6.543915433543069 1.127
    endloop
  endfacet
  facet normal 0 0 1
    outer loop
      vertex 6.736496783792973 6.543915433543069 1.127
      vertex 6.839297354221344 6.549411860959871 1.127
      vertex 6.882447212934494 6.676535574453218 1.127
    endloop
  endfacet
  facet normal 0 0 1
    outer loop
      vertex 6.839297354221344 6.549411860959871 1.127
      vertex 6.915605142712593 6.617877108710153 1.127
      vertex 6.882447212934494 6.676535574453218 1.127
    endloop
  endfacet
  facet normal 0 0 1
    outer loop
      vertex 6.736496783792973 6.428571430700166 1.127
      vertex 7.380724497139454 6.428571430700166 1.127
      vertex 6.839297354221344 6.549411860959871 1.127
    endloop
  endfacet
  facet normal 0 0 1
    outer loop
      vertex 6.915605142712593 6.617877108710153 1.127
      vertex 6.987596787512302 6.680458290236337 1.127
      vertex 6.882447212934494 6.676535574453218 1.127
    endloop
  endfacet
  facet normal 0 0 1
    outer loop
      vertex 6.882447212934494 6.676535574453218 1.127
      vertex 6.987596787512302 6.680458290236337 1.127
      vertex 7.004274107515812 6.787956861513002 1.127
    endloop
  endfacet
  facet normal 0.6613274685609093 -0.7500973132379687 0
    outer loop
      vertex 6.987596787512302 6.680458290236337 1.127
      vertex 6.987596787512302 6.680458290236337 0.927
      vertex 7.127663142979145 6.803948571639402 1.127
    endloop
  endfacet
  facet normal 0 1 0
    outer loop
      vertex 6.839297354221344 6.549411860959871 1.127
      vertex 7.380724497139454 6.549411860959871 1.127
      vertex 7.380724497139454 6.549411860959871 0.927
    endloop
  endfacet
  facet normal 0 0 1
    outer loop
      vertex 7.380724497139454 6.428571430700166 1.127
      vertex 7.380724497139454 6.549411860959871 1.127
      vertex 6.839297354221344 6.549411860959871 1.127
    endloop
  endfacet
  facet normal 1 0 0
    outer loop
      vertex 7.380724497139454 6.549411860959871 1.127
      vertex 7.380724497139454 6.428571430700166 0.927
      vertex 7.380724497139454 6.549411860959871 0.927
    endloop
  endfacet
  facet normal 1 0 0
    outer loop
      vertex 7.380724497139454 6.428571430700166 1.127
      vertex 7.380724497139454 6.428571430700166 0.927
      vertex 7.380724497139454 6.549411860959871 1.127
    endloop
  endfacet
  facet normal 0 -1 0
    outer loop
      vertex 6.823594927787781 7.256414575236184 1.127
      vertex 6.771812789142132 7.256414575236184 0.927
      vertex 6.823594927787781 7.256414575236184 0.927
    endloop
  endfacet
  facet normal -0.7206497842605136 0.6932992776898553 0
    outer loop
      vertex 7.004274107515812 6.787956861513002 1.127
      vertex 7.088823646306992 6.875841861324651 0.927
      vertex 7.004274107515812 6.787956861513002 0.927
    endloop
  endfacet
  facet normal 0.6613274685609093 -0.7500973132379687 0
    outer loop
      vertex 7.127663142979145 6.803948571639402 1.127
      vertex 6.987596787512302 6.680458290236337 0.927
      vertex 7.127663142979145 6.803948571639402 0.927
    endloop
  endfacet
  facet normal -0.8068396802172682 0.5907704549373609 0
    outer loop
      vertex 7.088823646306992 6.875841861324651 1.127
      vertex 7.145416609942913 6.953133215861661 0.927
      vertex 7.088823646306992 6.875841861324651 0.927
    endloop
  endfacet
  facet normal -0.9027144078041001 0.4302402793124943 0
    outer loop
      vertex 7.145416609942913 6.953133215861661 1.127
      vertex 7.183373786509037 7.032773574548108 0.927
      vertex 7.145416609942913 6.953133215861661 0.927
    endloop
  endfacet
  facet normal 0.7029918971014264 -0.7111978575682982 0
    outer loop
      vertex 7.221432216465473 6.896635716514928 1.127
      vertex 7.127663142979145 6.803948571639402 0.927
      vertex 7.221432216465473 6.896635716514928 0.927
    endloop
  endfacet
  facet normal 0.7832963789117422 -0.6216484398627189 0
    outer loop
      vertex 7.282931461930275 6.9741266795567105 1.127
      vertex 7.221432216465473 6.896635716514928 0.927
      vertex 7.282931461930275 6.9741266795567105 0.927
    endloop
  endfacet
  facet normal 0.8742001627469198 -0.4855657272226481 0
    outer loop
      vertex 7.32618835568428 7.05200528885637 1.127
      vertex 7.282931461930275 6.9741266795567105 0.927
      vertex 7.32618835568428 7.05200528885637 0.927
    endloop
  endfacet
  facet normal -0.9706395139580153 0.24053884082066182 0
    outer loop
      vertex 7.183373786509037 7.032773574548108 1.127
      vertex 7.204861931502819 7.119484072285039 0.927
      vertex 7.183373786509037 7.032773574548108 0.927
    endloop
  endfacet
  facet normal -0.9973653559060643 0.0725420349753829 0
    outer loop
      vertex 7.204861931502819 7.119484072285039 1.127
      vertex 7.2120246440172195 7.217962717371328 0.927
      vertex 7.204861931502819 7.119484072285039 0.927
    endloop
  endfacet
  facet normal -0.9918046473532558 -0.12776361566770186 0
    outer loop
      vertex 7.2120246440172195 7.217962717371328 1.127
      vertex 7.200450323522091 7.307811965899808 0.927
      vertex 7.2120246440172195 7.217962717371328 0.927
    endloop
  endfacet
  facet normal -0.6748902644416123 0.7379181058640115 0
    outer loop
      vertex 6.882447212934494 6.676535574453218 1.127
      vertex 7.004274107515812 6.787956861513002 1.127
      vertex 7.004274107515812 6.787956861513002 0.927
    endloop
  endfacet
  facet normal 0 -1 0
    outer loop
      vertex 6.771812789142132 7.256414575236184 1.127
      vertex 6.771812789142132 7.256414575236184 0.927
      vertex 6.823594927787781 7.256414575236184 1.127
    endloop
  endfacet
  facet normal 0.9779655492133383 -0.20876633960448115 0
    outer loop
      vertex 6.823594927787781 7.256414575236184 1.127
      vertex 6.823594927787781 7.256414575236184 0.927
      vertex 6.851065501570702 7.385100429611547 1.127
    endloop
  endfacet
  facet normal 0 0 1
    outer loop
      vertex 6.771812789142132 7.256414575236184 1.127
      vertex 6.823594927787781 7.256414575236184 1.127
      vertex 6.851065501570702 7.385100429611547 1.127
    endloop
  endfacet
  facet normal -0.7206497842605136 0.6932992776898553 0
    outer loop
      vertex 7.004274107515812 6.787956861513002 1.127
      vertex 7.088823646306992 6.875841861324651 1.127
      vertex 7.088823646306992 6.875841861324651 0.927
    endloop
  endfacet
  facet normal 0.7029918971014264 -0.7111978575682982 0
    outer loop
      vertex 7.127663142979145 6.803948571639402 1.127
      vertex 7.127663142979145 6.803948571639402 0.927
      vertex 7.221432216465473 6.896635716514928 1.127
    endloop
  endfacet
  facet normal -0.8068396802172682 0.5907704549373609 0
    outer loop
      vertex 7.088823646306992 6.875841861324651 1.127
      vertex 7.145416609942913 6.953133215861661 1.127
      vertex 7.145416609942913 6.953133215861661 0.927
    endloop
  endfacet
  facet normal -0.9027144078041001 0.4302402793124943 0
    outer loop
      vertex 7.145416609942913 6.953133215861661 1.127
      vertex 7.183373786509037 7.032773574548108 1.127
      vertex 7.183373786509037 7.032773574548108 0.927
    endloop
  endfacet
  facet normal 0.7832963789117422 -0.6216484398627189 0
    outer loop
      vertex 7.221432216465473 6.896635716514928 1.127
      vertex 7.221432216465473 6.896635716514928 0.927
      vertex 7.282931461930275 6.9741266795567105 1.127
    endloop
  endfacet
  facet normal 0.8742001627469198 -0.4855657272226481 0
    outer loop
      vertex 7.282931461930275 6.9741266795567105 1.127
      vertex 7.282931461930275 6.9741266795567105 0.927
      vertex 7.32618835568428 7.05200528885637 1.127
    endloop
  endfacet
  facet normal 0 0 1
    outer loop
      vertex 6.987596787512302 6.680458290236337 1.127
      vertex 7.127663142979145 6.803948571639402 1.127
      vertex 7.004274107515812 6.787956861513002 1.127
    endloop
  endfacet
  facet normal 0 0 1
    outer loop
      vertex 7.004274107515812 6.787956861513002 1.127
      vertex 7.127663142979145 6.803948571639402 1.127
      vertex 7.088823646306992 6.875841861324651 1.127
    endloop
  endfacet
  facet normal 0 0 1
    outer loop
      vertex 7.127663142979145 6.803948571639402 1.127
      vertex 7.221432216465473 6.896635716514928 1.127
      vertex 7.088823646306992 6.875841861324651 1.127
    endloop
  endfacet
  facet normal 0 0 1
    outer loop
      vertex 7.088823646306992 6.875841861324651 1.127
      vertex 7.221432216465473 6.896635716514928 1.127
      vertex 7.145416609942913 6.953133215861661 1.127
    endloop
  endfacet
  facet normal 0 0 1
    outer loop
      vertex 7.145416609942913 6.953133215861661 1.127
      vertex 7.221432216465473 6.896635716514928 1.127
      vertex 7.282931461930275 6.9741266795567105 1.127
    endloop
  endfacet
  facet normal 0 0 1
    outer loop
      vertex 7.145416609942913 6.953133215861661 1.127
      vertex 7.282931461930275 6.9741266795567105 1.127
      vertex 7.183373786509037 7.032773574548108 1.127
    endloop
  endfacet
  facet normal 0 0 1
    outer loop
      vertex 7.183373786509037 7.032773574548108 1.127
      vertex 7.282931461930275 6.9741266795567105 1.127
      vertex 7.32618835568428 7.05200528885637 1.127
    endloop
  endfacet
  facet normal -0.9706395139580153 0.24053884082066182 0
    outer loop
      vertex 7.183373786509037 7.032773574548108 1.127
      vertex 7.204861931502819 7.119484072285039 1.127
      vertex 7.204861931502819 7.119484072285039 0.927
    endloop
  endfacet
  facet normal -0.9973653559060643 0.0725420349753829 0
    outer loop
      vertex 7.204861931502819 7.119484072285039 1.127
      vertex 7.2120246440172195 7.217962717371328 1.127
      vertex 7.2120246440172195 7.217962717371328 0.927
    endloop
  endfacet
  facet normal -0.9918046473532558 -0.12776361566770186 0
    outer loop
      vertex 7.2120246440172195 7.217962717371328 1.127
      vertex 7.200450323522091 7.307811965899808 1.127
      vertex 7.200450323522091 7.307811965899808 0.927
    endloop
  endfacet
  facet normal 0 0 1
    outer loop
      vertex 7.183373786509037 7.032773574548108 1.127
      vertex 7.32618835568428 7.05200528885637 1.127
      vertex 7.204861931502819 7.119484072285039 1.127
    endloop
  endfacet
  facet normal 0 0 1
    outer loop
      vertex 7.204861931502819 7.119484072285039 1.127
      vertex 7.32618835568428 7.05200528885637 1.127
      vertex 7.351790145039558 7.1325308584741185 1.127
    endloop
  endfacet
  facet normal 0 0 1
    outer loop
      vertex 7.204861931502819 7.119484072285039 1.127
      vertex 7.351790145039558 7.1325308584741185 1.127
      vertex 7.2120246440172195 7.217962717371328 1.127
    endloop
  endfacet
  facet normal 0 0 1
    outer loop
      vertex 7.351790145039558 7.1325308584741185 1.127
      vertex 7.360324069857597 7.217962717371328 1.127
      vertex 7.2120246440172195 7.217962717371328 1.127
    endloop
  endfacet
  facet normal 0 0 1
    outer loop
      vertex 7.2120246440172195 7.217962717371328 1.127
      vertex 7.338647894561291 7.334197712796075 1.127
      vertex 7.200450323522091 7.307811965899808 1.127
    endloop
  endfacet
  facet normal 0 0 1
    outer loop
      vertex 7.2120246440172195 7.217962717371328 1.127
      vertex 7.360324069857597 7.217962717371328 1.127
      vertex 7.338647894561291 7.334197712796075 1.127
    endloop
  endfacet
  facet normal -1 0 0
    outer loop
      vertex 6.771812789142132 7.256414575236184 1.127
      vertex 6.771812789142132 7.458868285374982 0.927
      vertex 6.771812789142132 7.256414575236184 0.927
    endloop
  endfacet
  facet normal 0.9779655492133383 -0.20876633960448115 0
    outer loop
      vertex 6.851065501570702 7.385100429611547 1.127
      vertex 6.823594927787781 7.256414575236184 0.927
      vertex 6.851065501570702 7.385100429611547 0.927
    endloop
  endfacet
  facet normal 0.42363638666233816 -0.9058323310059527 0
    outer loop
      vertex 6.8873563930392265 7.402072822409017 1.127
      vertex 6.851065501570702 7.385100429611547 0.927
      vertex 6.8873563930392265 7.402072822409017 0.927
    endloop
  endfacet
  facet normal -0.18825513713224504 0.9821201572838832 0
    outer loop
      vertex 6.771812789142132 7.458868285374982 1.127
      vertex 6.903837002813816 7.4841750019363 0.927
      vertex 6.771812789142132 7.458868285374982 0.927
    endloop
  endfacet
  facet normal 0.3047007975995322 -0.9524481213915058 0
    outer loop
      vertex 6.928744502365589 7.4153134280017445 1.127
      vertex 6.8873563930392265 7.402072822409017 0.927
      vertex 6.928744502365589 7.4153134280017445 0.927
    endloop
  endfacet
  facet normal 0.19324502586950576 -0.981150528704283 0
    outer loop
      vertex 6.972102642059326 7.423853141920907 1.127
      vertex 6.928744502365589 7.4153134280017445 0.927
      vertex 6.972102642059326 7.423853141920907 0.927
    endloop
  endfacet
  facet normal 0.06733664783930451 -0.9977303121874995 0
    outer loop
      vertex 7.0142804980278015 7.426699718194349 1.127
      vertex 6.972102642059326 7.423853141920907 0.927
      vertex 7.0142804980278015 7.426699718194349 0.927
    endloop
  endfacet
  facet normal -0.076157235693192 0.9970958205967827 0
    outer loop
      vertex 6.903837002813816 7.4841750019363 1.127
      vertex 7.0142804980278015 7.4926105716398785 0.927
      vertex 6.903837002813816 7.4841750019363 0.927
    endloop
  endfacet
  facet normal -0.14594768704395739 -0.9892923089999835 0
    outer loop
      vertex 7.104717001318932 7.413357859211309 1.127
      vertex 7.0142804980278015 7.426699718194349 0.927
      vertex 7.104717001318932 7.413357859211309 0.927
    endloop
  endfacet
  facet normal -0.5485369365630594 -0.836126323725078 0
    outer loop
      vertex 7.165727354586124 7.37333228971277 1.127
      vertex 7.104717001318932 7.413357859211309 0.927
      vertex 7.165727354586124 7.37333228971277 0.927
    endloop
  endfacet
  facet normal 0.11792731553006093 0.9930222294852586 0
    outer loop
      vertex 7.0142804980278015 7.4926105716398785 1.127
      vertex 7.1654322892427444 7.4746603944471905 0.927
      vertex 7.0142804980278015 7.4926105716398785 0.927
    endloop
  endfacet
  facet normal -0.8835885384759368 -0.4682641291770683 0
    outer loop
      vertex 7.200450323522091 7.307811965899808 1.127
      vertex 7.165727354586124 7.37333228971277 0.927
      vertex 7.200450323522091 7.307811965899808 0.927
    endloop
  endfacet
  facet normal 0.7996921991202145 0.6004101820141589 0
    outer loop
      vertex 7.27361935377121 7.420809862869127 1.127
      vertex 7.338647894561291 7.334197712796075 0.927
      vertex 7.27361935377121 7.420809862869127 0.927
    endloop
  endfacet
  facet normal 0.4456042398347356 0.8952300606220209 0
    outer loop
      vertex 7.1654322892427444 7.4746603944471905 1.127
      vertex 7.27361935377121 7.420809862869127 0.927
      vertex 7.1654322892427444 7.4746603944471905 0.927
    endloop
  endfacet
  facet normal -1 0 0
    outer loop
      vertex 6.771812789142132 7.256414575236184 1.127
      vertex 6.771812789142132 7.458868285374982 1.127
      vertex 6.771812789142132 7.458868285374982 0.927
    endloop
  endfacet
  facet normal 0.42363638666233816 -0.9058323310059527 0
    outer loop
      vertex 6.851065501570702 7.385100429611547 1.127
      vertex 6.851065501570702 7.385100429611547 0.927
      vertex 6.8873563930392265 7.402072822409017 1.127
    endloop
  endfacet
  facet normal -0.18825513713224504 0.9821201572838832 0
    outer loop
      vertex 6.771812789142132 7.458868285374982 1.127
      vertex 6.903837002813816 7.4841750019363 1.127
      vertex 6.903837002813816 7.4841750019363 0.927
    endloop
  endfacet
  facet normal 0.3047007975995322 -0.9524481213915058 0
    outer loop
      vertex 6.8873563930392265 7.402072822409017 1.127
      vertex 6.8873563930392265 7.402072822409017 0.927
      vertex 6.928744502365589 7.4153134280017445 1.127
    endloop
  endfacet
  facet normal 0.19324502586950576 -0.981150528704283 0
    outer loop
      vertex 6.928744502365589 7.4153134280017445 1.127
      vertex 6.928744502365589 7.4153134280017445 0.927
      vertex 6.972102642059326 7.423853141920907 1.127
    endloop
  endfacet
  facet normal 0.06733664783930451 -0.9977303121874995 0
    outer loop
      vertex 6.972102642059326 7.423853141920907 1.127
      vertex 6.972102642059326 7.423853141920907 0.927
      vertex 7.0142804980278015 7.426699718194349 1.127
    endloop
  endfacet
  facet normal -0.076157235693192 0.9970958205967827 0
    outer loop
      vertex 6.903837002813816 7.4841750019363 1.127
      vertex 7.0142804980278015 7.4926105716398785 1.127
      vertex 7.0142804980278015 7.4926105716398785 0.927
    endloop
  endfacet
  facet normal 0 0 1
    outer loop
      vertex 6.771812789142132 7.256414575236184 1.127
      vertex 6.851065501570702 7.385100429611547 1.127
      vertex 6.771812789142132 7.458868285374982 1.127
    endloop
  endfacet
  facet normal 0 0 1
    outer loop
      vertex 6.851065501570702 7.385100429611547 1.127
      vertex 6.8873563930392265 7.402072822409017 1.127
      vertex 6.771812789142132 7.458868285374982 1.127
    endloop
  endfacet
  facet normal 0 0 1
    outer loop
      vertex 6.771812789142132 7.458868285374982 1.127
      vertex 6.8873563930392265 7.402072822409017 1.127
      vertex 6.903837002813816 7.4841750019363 1.127
    endloop
  endfacet
  facet normal 0 0 1
    outer loop
      vertex 6.8873563930392265 7.402072822409017 1.127
      vertex 6.928744502365589 7.4153134280017445 1.127
      vertex 6.903837002813816 7.4841750019363 1.127
    endloop
  endfacet
  facet normal 0 0 1
    outer loop
      vertex 6.903837002813816 7.4841750019363 1.127
      vertex 6.928744502365589 7.4153134280017445 1.127
      vertex 6.972102642059326 7.423853141920907 1.127
    endloop
  endfacet
  facet normal 0 0 1
    outer loop
      vertex 6.972102642059326 7.423853141920907 1.127
      vertex 7.0142804980278015 7.426699718194349 1.127
      vertex 7.0142804980278015 7.4926105716398785 1.127
    endloop
  endfacet
  facet normal 0 0 1
    outer loop
      vertex 6.903837002813816 7.4841750019363 1.127
      vertex 6.972102642059326 7.423853141920907 1.127
      vertex 7.0142804980278015 7.4926105716398785 1.127
    endloop
  endfacet
  facet normal -0.14594768704395739 -0.9892923089999835 0
    outer loop
      vertex 7.0142804980278015 7.426699718194349 1.127
      vertex 7.0142804980278015 7.426699718194349 0.927
      vertex 7.104717001318932 7.413357859211309 1.127
    endloop
  endfacet
  facet normal -0.5485369365630594 -0.836126323725078 0
    outer loop
      vertex 7.165727354586124 7.37333228971277 1.127
      vertex 7.104717001318932 7.413357859211309 1.127
      vertex 7.104717001318932 7.413357859211309 0.927
    endloop
  endfacet
  facet normal 0.11792731553006093 0.9930222294852586 0
    outer loop
      vertex 7.0142804980278015 7.4926105716398785 1.127
      vertex 7.1654322892427444 7.4746603944471905 1.127
      vertex 7.1654322892427444 7.4746603944471905 0.927
    endloop
  endfacet
  facet normal -0.8835885384759368 -0.4682641291770683 0
    outer loop
      vertex 7.165727354586124 7.37333228971277 1.127
      vertex 7.165727354586124 7.37333228971277 0.927
      vertex 7.200450323522091 7.307811965899808 1.127
    endloop
  endfacet
  facet normal 0.4456042398347356 0.8952300606220209 0
    outer loop
      vertex 7.1654322892427444 7.4746603944471905 1.127
      vertex 7.27361935377121 7.420809862869127 1.127
      vertex 7.27361935377121 7.420809862869127 0.927
    endloop
  endfacet
  facet normal 0 0 1
    outer loop
      vertex 7.0142804980278015 7.426699718194349 1.127
      vertex 7.104717001318932 7.413357859211309 1.127
      vertex 7.0142804980278015 7.4926105716398785 1.127
    endloop
  endfacet
  facet normal 0 0 1
    outer loop
      vertex 7.165727354586124 7.37333228971277 1.127
      vertex 7.1654322892427444 7.4746603944471905 1.127
      vertex 7.104717001318932 7.413357859211309 1.127
    endloop
  endfacet
  facet normal 0 0 1
    outer loop
      vertex 7.0142804980278015 7.4926105716398785 1.127
      vertex 7.104717001318932 7.413357859211309 1.127
      vertex 7.1654322892427444 7.4746603944471905 1.127
    endloop
  endfacet
  facet normal 0 0 1
    outer loop
      vertex 7.165727354586124 7.37333228971277 1.127
      vertex 7.200450323522091 7.307811965899808 1.127
      vertex 7.27361935377121 7.420809862869127 1.127
    endloop
  endfacet
  facet normal 0 0 1
    outer loop
      vertex 7.165727354586124 7.37333228971277 1.127
      vertex 7.27361935377121 7.420809862869127 1.127
      vertex 7.1654322892427444 7.4746603944471905 1.127
    endloop
  endfacet
  facet normal 0 0 1
    outer loop
      vertex 7.200450323522091 7.307811965899808 1.127
      vertex 7.338647894561291 7.334197712796075 1.127
      vertex 7.27361935377121 7.420809862869127 1.127
    endloop
  endfacet
  facet normal 0.952994084988308 -0.3029889007493472 0
    outer loop
      vertex 7.351790145039558 7.1325308584741185 1.127
      vertex 7.32618835568428 7.05200528885637 0.927
      vertex 7.351790145039558 7.1325308584741185 0.927
    endloop
  endfacet
  facet normal 0.9950478642999582 -0.09939692023444263 0
    outer loop
      vertex 7.360324069857597 7.217962717371328 1.127
      vertex 7.351790145039558 7.1325308584741185 0.927
      vertex 7.360324069857597 7.217962717371328 0.927
    endloop
  endfacet
  facet normal 0.9830523070506321 0.18332528904226458 0
    outer loop
      vertex 7.338647894561291 7.334197712796075 1.127
      vertex 7.360324069857597 7.217962717371328 0.927
      vertex 7.338647894561291 7.334197712796075 0.927
    endloop
  endfacet
  facet normal 0.952994084988308 -0.3029889007493472 0
    outer loop
      vertex 7.32618835568428 7.05200528885637 1.127
      vertex 7.32618835568428 7.05200528885637 0.927
      vertex 7.351790145039558 7.1325308584741185 1.127
    endloop
  endfacet
  facet normal 0.9950478642999582 -0.09939692023444263 0
    outer loop
      vertex 7.351790145039558 7.1325308584741185 1.127
      vertex 7.351790145039558 7.1325308584741185 0.927
      vertex 7.360324069857597 7.217962717371328 1.127
    endloop
  endfacet
  facet normal 0.9830523070506321 0.18332528904226458 0
    outer loop
      vertex 7.360324069857597 7.217962717371328 1.127
      vertex 7.360324069857597 7.217962717371328 0.927
      vertex 7.338647894561291 7.334197712796075 1.127
    endloop
  endfacet
  facet normal 0.7996921991202145 0.6004101820141589 0
    outer loop
      vertex 7.338647894561291 7.334197712796075 1.127
      vertex 7.338647894561291 7.334197712796075 0.927
      vertex 7.27361935377121 7.420809862869127 1.127
    endloop
  endfacet
endsolid OpenSCAD_Model
