solid OpenSCAD_Model
  facet normal 0 0 1
    outer loop
      vertex 0 0 3.8
      vertex 3.9454107135534286 4.3627285712531645 3.8
      vertex 3.351089283823967 6.1573500015905935 3.8
    endloop
  endfacet
  facet normal 0 0 1
    outer loop
      vertex 0 0 3.8
      vertex 3.9454107135534286 4.285714288907393 3.8
      vertex 3.9454107135534286 4.3627285712531645 3.8
    endloop
  endfacet
  facet normal 0 0 1
    outer loop
      vertex 0 0 3.8
      vertex 3.351089283823967 6.1573500015905935 3.8
      vertex 3.351089283823967 6.234364291386946 3.8
    endloop
  endfacet
  facet normal 0 0 1
    outer loop
      vertex 0 0 3.8
      vertex 4.844896428287029 4.285714288907393 3.8
      vertex 3.9454107135534286 4.285714288907393 3.8
    endloop
  endfacet
  facet normal 0 0 1
    outer loop
      vertex 0 0 3.8
      vertex 6.094717860221863 4.285714288907393 3.8
      vertex 4.844896428287029 4.285714288907393 3.8
    endloop
  endfacet
  facet normal 0 0 1
    outer loop
      vertex 0 0 3.8
      vertex 6.994203574955463 4.285714288907393 3.8
      vertex 6.094717860221863 4.285714288907393 3.8
    endloop
  endfacet
  facet normal 0 0 1
    outer loop
      vertex 0 0 3.8
      vertex 8.434375002980232 4.24067143137966 3.8
      vertex 6.994203574955463 4.285714288907393 3.8
    endloop
  endfacet
  facet normal 0 0 1
    outer loop
      vertex 0 0 3.8
      vertex 8.5114107131958 4.24067143137966 3.8
      vertex 8.434375002980232 4.24067143137966 3.8
    endloop
  endfacet
  facet normal 0 0 1
    outer loop
      vertex 4.25492499768734 4.401964289801462 3.8
      vertex 4.25492499768734 5.0442428567579825 3.8
      vertex 3.9454107135534286 4.3627285712531645 3.8
    endloop
  endfacet
  facet normal 0 0 1
    outer loop
      vertex 3.5704964250326157 6.119550002472742 3.8
      vertex 3.351089283823967 6.1573500015905935 3.8
      vertex 3.9454107135534286 4.3627285712531645 3.8
    endloop
  endfacet
  facet normal 0 0 1
    outer loop
      vertex 3.5704964250326157 6.119550002472742 3.8
      vertex 3.9454107135534286 4.3627285712531645 3.8
      vertex 4.25492499768734 5.0442428567579825 3.8
    endloop
  endfacet
  facet normal 0 0 1
    outer loop
      vertex 4.472896426916122 5.220064287739142 3.8
      vertex 4.174996428191662 6.1573500015905935 3.8
      vertex 3.9134392887353897 6.119550002472742 3.8
    endloop
  endfacet
  facet normal 0 0 1
    outer loop
      vertex 4.535382144153118 4.401964289801462 3.8
      vertex 5.71980357170105 6.119550002472742 3.8
      vertex 4.535382144153118 5.052964290337904 3.8
    endloop
  endfacet
  facet normal 0 0 1
    outer loop
      vertex 4.844896428287029 4.285714288907393 3.8
      vertex 6.404232144355774 5.0442428567579825 3.8
      vertex 4.844896428287029 4.3627285712531645 3.8
    endloop
  endfacet
  facet normal 0 0 1
    outer loop
      vertex 6.094717860221863 4.3627285712531645 3.8
      vertex 4.844896428287029 4.285714288907393 3.8
      vertex 6.094717860221863 4.285714288907393 3.8
    endloop
  endfacet
  facet normal 0 0 1
    outer loop
      vertex 4.535382144153118 4.401964289801462 3.8
      vertex 4.844896428287029 4.3627285712531645 3.8
      vertex 5.71980357170105 6.119550002472742 3.8
    endloop
  endfacet
  facet normal 0 0 1
    outer loop
      vertex 5.71980357170105 6.119550002472742 3.8
      vertex 4.844896428287029 4.3627285712531645 3.8
      vertex 6.404232144355774 5.0442428567579825 3.8
    endloop
  endfacet
  facet normal 0 0 1
    outer loop
      vertex 4.472896426916122 5.220064287739142 3.8
      vertex 5.004732139408588 6.119550002472742 3.8
      vertex 4.174996428191662 6.1573500015905935 3.8
    endloop
  endfacet
  facet normal 0 0 1
    outer loop
      vertex 4.174996428191662 6.1573500015905935 3.8
      vertex 4.757703572511673 6.234364291386946 3.8
      vertex 4.174996428191662 6.234364291386946 3.8
    endloop
  endfacet
  facet normal 0 0 1
    outer loop
      vertex 4.757703572511673 6.234364291386946 3.8
      vertex 4.174996428191662 6.1573500015905935 3.8
      vertex 4.757703572511673 6.1573500015905935 3.8
    endloop
  endfacet
  facet normal 0 0 1
    outer loop
      vertex 5.004732139408588 6.119550002472742 3.8
      vertex 4.757703572511673 6.1573500015905935 3.8
      vertex 4.174996428191662 6.1573500015905935 3.8
    endloop
  endfacet
  facet normal 0 0 1
    outer loop
      vertex 4.535382144153118 5.052964290337904 3.8
      vertex 5.71980357170105 6.119550002472742 3.8
      vertex 5.177660711109638 6.119550002472742 3.8
    endloop
  endfacet
  facet normal 0 0 1
    outer loop
      vertex 5.177660711109638 6.119550002472742 3.8
      vertex 5.71980357170105 6.119550002472742 3.8
      vertex 5.391260713338852 6.1573500015905935 3.8
    endloop
  endfacet
  facet normal 0 0 1
    outer loop
      vertex 5.391260713338852 6.1573500015905935 3.8
      vertex 5.500396430492401 6.234364291386946 3.8
      vertex 5.391260713338852 6.234364291386946 3.8
    endloop
  endfacet
  facet normal 0 0 1
    outer loop
      vertex 5.500396430492401 6.234364291386946 3.8
      vertex 5.391260713338852 6.1573500015905935 3.8
      vertex 5.500396430492401 6.1573500015905935 3.8
    endloop
  endfacet
  facet normal 0 0 1
    outer loop
      vertex 5.71980357170105 6.119550002472742 3.8
      vertex 5.500396430492401 6.1573500015905935 3.8
      vertex 5.391260713338852 6.1573500015905935 3.8
    endloop
  endfacet
  facet normal -1 0 0
    outer loop
      vertex 0 0 0
      vertex 0 0 3.8
      vertex 0 30 3.8
    endloop
  endfacet
  facet normal 0 0 1
    outer loop
      vertex 0 0 3.8
      vertex 3.351089283823967 6.234364291386946 3.8
      vertex 1.2168313339352608 26.170924020665034 3.8
    endloop
  endfacet
  facet normal 0 0 1
    outer loop
      vertex 4.174996428191662 6.234364291386946 3.8
      vertex 8.63425000011921 10.520078574972494 3.8
      vertex 3.351089283823967 6.234364291386946 3.8
    endloop
  endfacet
  facet normal 0 0 1
    outer loop
      vertex 6.096914283931255 13.086000000791891 3.8
      vertex 3.351089283823967 6.234364291386946 3.8
      vertex 6.413698211312294 12.892564287143095 3.8
    endloop
  endfacet
  facet normal 0 0 1
    outer loop
      vertex 5.898560717701912 13.395701786237105 3.8
      vertex 3.351089283823967 6.234364291386946 3.8
      vertex 6.096914283931255 13.086000000791891 3.8
    endloop
  endfacet
  facet normal 0 0 1
    outer loop
      vertex 6.413698211312294 12.892564287143095 3.8
      vertex 3.351089283823967 6.234364291386946 3.8
      vertex 6.835107140243053 12.828085710959776 3.8
    endloop
  endfacet
  facet normal 0 0 1
    outer loop
      vertex 3.351089283823967 6.234364291386946 3.8
      vertex 5.898560717701912 13.395701786237105 3.8
      vertex 1.756143569946289 21.428571430700167 3.8
    endloop
  endfacet
  facet normal 0 -1 0
    outer loop
      vertex 0 0 0
      vertex 23 0 3.8
      vertex 0 0 3.8
    endloop
  endfacet
  facet normal 0 0 1
    outer loop
      vertex 0 0 3.8
      vertex 9.535846427083015 4.24067143137966 3.8
      vertex 8.5114107131958 4.24067143137966 3.8
    endloop
  endfacet
  facet normal 0 0 1
    outer loop
      vertex 0 0 3.8
      vertex 9.612860716879368 4.24067143137966 3.8
      vertex 9.535846427083015 4.24067143137966 3.8
    endloop
  endfacet
  facet normal 0 0 1
    outer loop
      vertex 0 0 3.8
      vertex 11.243446432054043 4.24067143137966 3.8
      vertex 9.612860716879368 4.24067143137966 3.8
    endloop
  endfacet
  facet normal 0 0 1
    outer loop
      vertex 0 0 3.8
      vertex 11.320482142269611 4.24067143137966 3.8
      vertex 11.243446432054043 4.24067143137966 3.8
    endloop
  endfacet
  facet normal 0 0 1
    outer loop
      vertex 0 0 3.8
      vertex 12.344917856156826 4.24067143137966 3.8
      vertex 11.320482142269611 4.24067143137966 3.8
    endloop
  endfacet
  facet normal 0 0 1
    outer loop
      vertex 0 0 3.8
      vertex 12.421932145953178 4.24067143137966 3.8
      vertex 12.344917856156826 4.24067143137966 3.8
    endloop
  endfacet
  facet normal 0 0 1
    outer loop
      vertex 6.404232144355774 4.401964289801462 3.8
      vertex 4.844896428287029 4.285714288907393 3.8
      vertex 6.094717860221863 4.3627285712531645 3.8
    endloop
  endfacet
  facet normal 0 0 1
    outer loop
      vertex 6.404232144355774 4.401964289801462 3.8
      vertex 6.404232144355774 5.0442428567579825 3.8
      vertex 4.844896428287029 4.285714288907393 3.8
    endloop
  endfacet
  facet normal 0 0 1
    outer loop
      vertex 6.684689283370972 4.401964289801462 3.8
      vertex 6.994203574955463 4.3627285712531645 3.8
      vertex 7.789203569293022 6.119550002472742 3.8
    endloop
  endfacet
  facet normal 0 0 1
    outer loop
      vertex 6.684689283370972 4.401964289801462 3.8
      vertex 7.789203569293022 6.119550002472742 3.8
      vertex 6.684689283370972 5.052964290337904 3.8
    endloop
  endfacet
  facet normal 0 0 1
    outer loop
      vertex 6.062746427953243 6.119550002472742 3.8
      vertex 6.622203573584557 5.220064287739142 3.8
      vertex 6.324303574860096 6.1573500015905935 3.8
    endloop
  endfacet
  facet normal 0 0 1
    outer loop
      vertex 6.622203573584557 5.220064287739142 3.8
      vertex 7.1540392860770226 6.119550002472742 3.8
      vertex 6.324303574860096 6.1573500015905935 3.8
    endloop
  endfacet
  facet normal 0 0 1
    outer loop
      vertex 6.324303574860096 6.1573500015905935 3.8
      vertex 6.9070107117295265 6.234364291386946 3.8
      vertex 6.324303574860096 6.234364291386946 3.8
    endloop
  endfacet
  facet normal 0 0 1
    outer loop
      vertex 6.9070107117295265 6.234364291386946 3.8
      vertex 6.324303574860096 6.1573500015905935 3.8
      vertex 6.9070107117295265 6.1573500015905935 3.8
    endloop
  endfacet
  facet normal 0 0 1
    outer loop
      vertex 7.1540392860770226 6.119550002472742 3.8
      vertex 6.9070107117295265 6.1573500015905935 3.8
      vertex 6.324303574860096 6.1573500015905935 3.8
    endloop
  endfacet
  facet normal 0 0 1
    outer loop
      vertex 6.684689283370972 5.052964290337904 3.8
      vertex 7.540567860007286 6.1573500015905935 3.8
      vertex 7.326967857778072 6.119550002472742 3.8
    endloop
  endfacet
  facet normal 0 0 1
    outer loop
      vertex 5.391260713338852 6.234364291386946 3.8
      vertex 5.500396430492401 6.234364291386946 3.8
      vertex 8.63425000011921 8.648442854838713 3.8
    endloop
  endfacet
  facet normal 0 0 1
    outer loop
      vertex 6.324303574860096 6.234364291386946 3.8
      vertex 8.63425000011921 8.648442854838713 3.8
      vertex 5.500396430492401 6.234364291386946 3.8
    endloop
  endfacet
  facet normal 0 0 1
    outer loop
      vertex 6.994203574955463 4.285714288907393 3.8
      vertex 8.434375002980232 4.24067143137966 3.8
      vertex 6.994203574955463 4.3627285712531645 3.8
    endloop
  endfacet
  facet normal 0 0 1
    outer loop
      vertex 7.789203569293022 6.119550002472742 3.8
      vertex 6.994203574955463 4.3627285712531645 3.8
      vertex 8.434375002980232 4.24067143137966 3.8
    endloop
  endfacet
  facet normal 0 0 1
    outer loop
      vertex 6.684689283370972 5.052964290337904 3.8
      vertex 7.6191892847418785 6.1573500015905935 3.8
      vertex 7.540567860007286 6.1573500015905935 3.8
    endloop
  endfacet
  facet normal 0 0 1
    outer loop
      vertex 6.684689283370972 5.052964290337904 3.8
      vertex 7.789203569293022 6.119550002472742 3.8
      vertex 7.6191892847418785 6.1573500015905935 3.8
    endloop
  endfacet
  facet normal 0 0 1
    outer loop
      vertex 7.540567860007286 6.1573500015905935 3.8
      vertex 7.6191892847418785 6.234364291386946 3.8
      vertex 7.540567860007286 6.234364291386946 3.8
    endloop
  endfacet
  facet normal 0 0 1
    outer loop
      vertex 7.6191892847418785 6.234364291386946 3.8
      vertex 7.540567860007286 6.1573500015905935 3.8
      vertex 7.6191892847418785 6.1573500015905935 3.8
    endloop
  endfacet
  facet normal 0 0 1
    outer loop
      vertex 6.324303574860096 6.234364291386946 3.8
      vertex 6.9070107117295265 6.234364291386946 3.8
      vertex 8.63425000011921 8.571428572492941 3.8
    endloop
  endfacet
  facet normal 0 0 1
    outer loop
      vertex 7.540567860007286 6.234364291386946 3.8
      vertex 8.63425000011921 8.571428572492941 3.8
      vertex 6.9070107117295265 6.234364291386946 3.8
    endloop
  endfacet
  facet normal 0 0 1
    outer loop
      vertex 8.540467858314514 4.746364285903319 3.8
      vertex 8.363189287483692 6.1573500015905935 3.8
      vertex 8.076925002038479 6.119550002472742 3.8
    endloop
  endfacet
  facet normal 0 0 1
    outer loop
      vertex 8.363189287483692 6.1573500015905935 3.8
      vertex 9.065039284527302 6.097757143633707 3.8
      vertex 8.363189287483692 6.234364291386946 3.8
    endloop
  endfacet
  facet normal 0 0 1
    outer loop
      vertex 7.540567860007286 6.234364291386946 3.8
      vertex 7.6191892847418785 6.234364291386946 3.8
      vertex 8.63425000011921 8.571428572492941 3.8
    endloop
  endfacet
  facet normal 0 0 1
    outer loop
      vertex 8.363189287483692 6.234364291386946 3.8
      vertex 8.63425000011921 8.571428572492941 3.8
      vertex 7.6191892847418785 6.234364291386946 3.8
    endloop
  endfacet
  facet normal 0 0 1
    outer loop
      vertex 9.030175000429153 5.583364290850504 3.8
      vertex 8.5114107131958 4.24067143137966 3.8
      vertex 9.535846427083015 4.24067143137966 3.8
    endloop
  endfacet
  facet normal 0 0 1
    outer loop
      vertex 8.540467858314514 4.746364285903319 3.8
      vertex 9.065039284527302 6.097757143633707 3.8
      vertex 8.363189287483692 6.1573500015905935 3.8
    endloop
  endfacet
  facet normal 0 0 1
    outer loop
      vertex 9.636110715568066 4.746364285903319 3.8
      vertex 9.774175003170967 6.1573500015905935 3.8
      vertex 9.130439288914204 6.097757143633707 3.8
    endloop
  endfacet
  facet normal 0 0 1
    outer loop
      vertex 9.774175003170967 6.234364291386946 3.8
      vertex 9.130439288914204 6.097757143633707 3.8
      vertex 9.774175003170967 6.1573500015905935 3.8
    endloop
  endfacet
  facet normal 0 0 1
    outer loop
      vertex 9.636110715568066 4.746364285903319 3.8
      vertex 10.077860713005066 6.119550002472742 3.8
      vertex 9.774175003170967 6.1573500015905935 3.8
    endloop
  endfacet
  facet normal 0 0 1
    outer loop
      vertex 8.363189287483692 6.234364291386946 3.8
      vertex 9.065039284527302 6.097757143633707 3.8
      vertex 10.616435714066029 8.571428572492941 3.8
    endloop
  endfacet
  facet normal 0 0 1
    outer loop
      vertex 9.130439288914204 6.097757143633707 3.8
      vertex 10.616435714066029 8.571428572492941 3.8
      vertex 9.065039284527302 6.097757143633707 3.8
    endloop
  endfacet
  facet normal 0 0 1
    outer loop
      vertex 9.130439288914204 6.097757143633707 3.8
      vertex 9.774175003170967 6.234364291386946 3.8
      vertex 10.616435714066029 8.571428572492941 3.8
    endloop
  endfacet
  facet normal 0 0 1
    outer loop
      vertex 9.612860716879368 4.24067143137966 3.8
      vertex 10.419346429407597 6.1573500015905935 3.8
      vertex 10.249332144856453 6.119550002472742 3.8
    endloop
  endfacet
  facet normal 0 0 1
    outer loop
      vertex 9.612860716879368 4.24067143137966 3.8
      vertex 10.598274998366833 6.119550002472742 3.8
      vertex 10.428260713815689 6.1573500015905935 3.8
    endloop
  endfacet
  facet normal 0 0 1
    outer loop
      vertex 9.612860716879368 4.24067143137966 3.8
      vertex 10.428260713815689 6.1573500015905935 3.8
      vertex 10.419346429407597 6.1573500015905935 3.8
    endloop
  endfacet
  facet normal 0 0 1
    outer loop
      vertex 9.612860716879368 4.24067143137966 3.8
      vertex 11.243446432054043 4.24067143137966 3.8
      vertex 10.598274998366833 6.119550002472742 3.8
    endloop
  endfacet
  facet normal 0 0 1
    outer loop
      vertex 10.419346429407597 6.1573500015905935 3.8
      vertex 10.428260713815689 6.234364291386946 3.8
      vertex 10.419346429407597 6.234364291386946 3.8
    endloop
  endfacet
  facet normal 0 0 1
    outer loop
      vertex 10.428260713815689 6.234364291386946 3.8
      vertex 10.419346429407597 6.1573500015905935 3.8
      vertex 10.428260713815689 6.1573500015905935 3.8
    endloop
  endfacet
  facet normal 0 0 1
    outer loop
      vertex 10.419346429407597 6.234364291386946 3.8
      vertex 10.616435714066029 8.571428572492941 3.8
      vertex 9.774175003170967 6.234364291386946 3.8
    endloop
  endfacet
  facet normal 0 0 1
    outer loop
      vertex 11.172260716557503 6.1573500015905935 3.8
      vertex 10.88599643111229 6.119550002472742 3.8
      vertex 11.349539287388325 4.746364285903319 3.8
    endloop
  endfacet
  facet normal 0 0 1
    outer loop
      vertex 11.172260716557503 6.1573500015905935 3.8
      vertex 11.349539287388325 4.746364285903319 3.8
      vertex 11.874110713601112 6.097757143633707 3.8
    endloop
  endfacet
  facet normal 0 0 1
    outer loop
      vertex 11.172260716557503 6.1573500015905935 3.8
      vertex 11.874110713601112 6.097757143633707 3.8
      vertex 11.172260716557503 6.234364291386946 3.8
    endloop
  endfacet
  facet normal 0 0 1
    outer loop
      vertex 10.419346429407597 6.234364291386946 3.8
      vertex 10.428260713815689 6.234364291386946 3.8
      vertex 12.598621428012848 8.571428572492941 3.8
    endloop
  endfacet
  facet normal 0 0 1
    outer loop
      vertex 11.172260716557503 6.234364291386946 3.8
      vertex 12.598621428012848 8.571428572492941 3.8
      vertex 10.428260713815689 6.234364291386946 3.8
    endloop
  endfacet
  facet normal 0 0 1
    outer loop
      vertex 4.174996428191662 6.234364291386946 3.8
      vertex 4.757703572511673 6.234364291386946 3.8
      vertex 8.63425000011921 10.443064285176142 3.8
    endloop
  endfacet
  facet normal 0 0 1
    outer loop
      vertex 5.391260713338852 6.234364291386946 3.8
      vertex 8.63425000011921 10.443064285176142 3.8
      vertex 4.757703572511673 6.234364291386946 3.8
    endloop
  endfacet
  facet normal 0 0 1
    outer loop
      vertex 8.63425000011921 10.520078574972494 3.8
      vertex 4.174996428191662 6.234364291386946 3.8
      vertex 8.63425000011921 10.443064285176142 3.8
    endloop
  endfacet
  facet normal 0 0 1
    outer loop
      vertex 3.351089283823967 6.234364291386946 3.8
      vertex 8.63425000011921 10.520078574972494 3.8
      vertex 6.835107140243053 12.828085710959776 3.8
    endloop
  endfacet
  facet normal 0 0 1
    outer loop
      vertex 6.324303574860096 6.234364291386946 3.8
      vertex 8.63425000011921 8.571428572492941 3.8
      vertex 8.63425000011921 8.648442854838713 3.8
    endloop
  endfacet
  facet normal 0 0 1
    outer loop
      vertex 5.391260713338852 6.234364291386946 3.8
      vertex 8.63425000011921 8.648442854838713 3.8
      vertex 8.88419285416603 10.40526428605829 3.8
    endloop
  endfacet
  facet normal 0 0 1
    outer loop
      vertex 5.391260713338852 6.234364291386946 3.8
      vertex 8.88419285416603 10.40526428605829 3.8
      vertex 8.63425000011921 10.443064285176142 3.8
    endloop
  endfacet
  facet normal 0 0 1
    outer loop
      vertex 6.535948216915131 12.995908928768976 3.8
      vertex 7.406178571283817 14.327700001852854 3.8
      vertex 6.315614283084869 13.163742853062494 3.8
    endloop
  endfacet
  facet normal 0 0 1
    outer loop
      vertex 6.315614283084869 13.163742853062494 3.8
      vertex 7.406178571283817 14.327700001852854 3.8
      vertex 6.181016072630882 13.437669640140875 3.8
    endloop
  endfacet
  facet normal 0 0 1
    outer loop
      vertex 6.181016072630882 13.437669640140875 3.8
      vertex 7.406178571283817 14.327700001852854 3.8
      vertex 6.136150002479553 13.811850001769407 3.8
    endloop
  endfacet
  facet normal 0 0 1
    outer loop
      vertex 6.83802142739296 12.939964284854277 3.8
      vertex 7.406178571283817 14.327700001852854 3.8
      vertex 6.535948216915131 12.995908928768976 3.8
    endloop
  endfacet
  facet normal 0 0 1
    outer loop
      vertex 6.998944640159607 12.94995535697256 3.8
      vertex 7.502092860639095 14.327700001852854 3.8
      vertex 6.83802142739296 12.939964284854277 3.8
    endloop
  endfacet
  facet normal 0 0 1
    outer loop
      vertex 6.136150002479553 13.811850001769407 3.8
      vertex 7.406178571283817 14.327700001852854 3.8
      vertex 6.17901785671711 14.212178570883616 3.8
    endloop
  endfacet
  facet normal 0 0 1
    outer loop
      vertex 6.17901785671711 14.212178570883616 3.8
      vertex 7.406178571283817 14.327700001852854 3.8
      vertex 6.30762142688036 14.491907139973982 3.8
    endloop
  endfacet
  facet normal 0 0 1
    outer loop
      vertex 6.30762142688036 14.491907139973982 3.8
      vertex 7.406178571283817 14.327700001852854 3.8
      vertex 6.5295892879366875 14.656478566782816 3.8
    endloop
  endfacet
  facet normal 0 0 1
    outer loop
      vertex 6.5295892879366875 14.656478566782816 3.8
      vertex 7.406178571283817 14.327700001852854 3.8
      vertex 6.852549999952316 14.711335716503008 3.8
    endloop
  endfacet
  facet normal 0 0 1
    outer loop
      vertex 6.852549999952316 14.711335716503008 3.8
      vertex 7.406178571283817 14.327700001852854 3.8
      vertex 6.990774996578693 14.70279642726694 3.8
    endloop
  endfacet
  facet normal 0 0 1
    outer loop
      vertex 6.990774996578693 14.70279642726694 3.8
      vertex 7.406178571283817 14.327700001852854 3.8
      vertex 7.126450002193451 14.677178567009314 3.8
    endloop
  endfacet
  facet normal 0 0 1
    outer loop
      vertex 6.835107140243053 12.828085710959776 3.8
      vertex 8.63425000011921 10.520078574972494 3.8
      vertex 7.190751783549786 12.850971428411349 3.8
    endloop
  endfacet
  facet normal 0 0 1
    outer loop
      vertex 7.190751783549786 12.850971428411349 3.8
      vertex 8.63425000011921 10.520078574972494 3.8
      vertex 7.800121426582336 12.85714285607849 3.8
    endloop
  endfacet
  facet normal 0 0 1
    outer loop
      vertex 7.190751783549786 12.850971428411349 3.8
      vertex 7.800121426582336 12.85714285607849 3.8
      vertex 7.522428572177887 12.919628573315485 3.8
    endloop
  endfacet
  facet normal 0 0 1
    outer loop
      vertex 7.800121426582336 12.934157138424261 3.8
      vertex 7.522428572177887 12.919628573315485 3.8
      vertex 7.800121426582336 12.85714285607849 3.8
    endloop
  endfacet
  facet normal 0 0 1
    outer loop
      vertex 7.522428572177887 12.919628573315485 3.8
      vertex 7.800121426582336 12.934157138424261 3.8
      vertex 8.031164288520813 12.97339285697256 3.8
    endloop
  endfacet
  facet normal 0 0 1
    outer loop
      vertex 7.800121426582336 12.85714285607849 3.8
      vertex 8.63425000011921 10.520078574972494 3.8
      vertex 8.621135711669922 12.85714285607849 3.8
    endloop
  endfacet
  facet normal 0 0 1
    outer loop
      vertex 7.15042857080698 12.979928573327406 3.8
      vertex 7.502092860639095 14.327700001852854 3.8
      vertex 6.998944640159607 12.94995535697256 3.8
    endloop
  endfacet
  facet normal 0 0 1
    outer loop
      vertex 7.281935714185238 13.026610715048655 3.8
      vertex 7.502092860639095 14.327700001852854 3.8
      vertex 7.15042857080698 12.979928573327406 3.8
    endloop
  endfacet
  facet normal 0 0 1
    outer loop
      vertex 7.3829285725951195 13.086728570716723 3.8
      vertex 7.502092860639095 14.327700001852854 3.8
      vertex 7.281935714185238 13.026610715048655 3.8
    endloop
  endfacet
  facet normal 0 0 1
    outer loop
      vertex 6.83802142739296 12.939964284854277 3.8
      vertex 7.502092860639095 14.327700001852854 3.8
      vertex 7.406178571283817 14.327700001852854 3.8
    endloop
  endfacet
  facet normal 0 0 1
    outer loop
      vertex 7.3829285725951195 13.086728570716723 3.8
      vertex 7.4366928562521935 13.377364283161505 3.8
      vertex 7.502092860639095 14.327700001852854 3.8
    endloop
  endfacet
  facet normal 0 0 1
    outer loop
      vertex 7.522428572177887 12.919628573315485 3.8
      vertex 8.031164288520813 12.97339285697256 3.8
      vertex 8.031164288520813 14.690978569643839 3.8
    endloop
  endfacet
  facet normal 0 0 1
    outer loop
      vertex 7.531149998307228 13.377364283161505 3.8
      vertex 7.781221427023411 14.72877856876169 3.8
      vertex 7.4366928562521935 13.377364283161505 3.8
    endloop
  endfacet
  facet normal 0 0 1
    outer loop
      vertex 7.522428572177887 12.919628573315485 3.8
      vertex 8.031164288520813 14.690978569643839 3.8
      vertex 7.531149998307228 13.377364283161505 3.8
    endloop
  endfacet
  facet normal 0 0 1
    outer loop
      vertex 7.362592853605747 14.580557143049582 3.8
      vertex 7.126450002193451 14.677178567009314 3.8
      vertex 7.406178571283817 14.327700001852854 3.8
    endloop
  endfacet
  facet normal 0 0 1
    outer loop
      vertex 7.362592853605747 14.580557143049582 3.8
      vertex 7.252696432173252 14.635955353932722 3.8
      vertex 7.126450002193451 14.677178567009314 3.8
    endloop
  endfacet
  facet normal 0 0 1
    outer loop
      vertex 7.4366928562521935 13.377364283161505 3.8
      vertex 7.781221427023411 14.72877856876169 3.8
      vertex 7.502092860639095 14.327700001852854 3.8
    endloop
  endfacet
  facet normal 0 0 1
    outer loop
      vertex 8.031164288520813 14.690978569643839 3.8
      vertex 7.781221427023411 14.72877856876169 3.8
      vertex 7.531149998307228 13.377364283161505 3.8
    endloop
  endfacet
  facet normal 0 0 1
    outer loop
      vertex 7.502092860639095 14.327700001852854 3.8
      vertex 7.781221427023411 14.72877856876169 3.8
      vertex 7.493371427059174 14.753464286880835 3.8
    endloop
  endfacet
  facet normal 0 0 1
    outer loop
      vertex 7.781221427023411 14.805792858558043 3.8
      vertex 7.493371427059174 14.753464286880835 3.8
      vertex 7.781221427023411 14.72877856876169 3.8
    endloop
  endfacet
  facet normal 0 0 1
    outer loop
      vertex 8.31162142753601 12.97339285697256 3.8
      vertex 8.621135711669922 12.934157138424261 3.8
      vertex 8.31162142753601 13.621478570359095 3.8
    endloop
  endfacet
  facet normal 0 0 1
    outer loop
      vertex 8.31162142753601 13.621478570359095 3.8
      vertex 8.621135711669922 12.934157138424261 3.8
      vertex 8.53102856874466 13.621478570359095 3.8
    endloop
  endfacet
  facet normal 0 0 1
    outer loop
      vertex 8.462735712528229 13.752278571682318 3.8
      vertex 8.676158927381039 13.780248215155943 3.8
      vertex 8.31162142753601 13.752278571682318 3.8
    endloop
  endfacet
  facet normal 0 0 1
    outer loop
      vertex 8.676158927381039 13.780248215155943 3.8
      vertex 8.825285717844963 13.864157138126238 3.8
      vertex 8.31162142753601 13.752278571682318 3.8
    endloop
  endfacet
  facet normal 0 0 1
    outer loop
      vertex 8.454014286398888 14.67499285723482 3.8
      vertex 8.31162142753601 14.67499285723482 3.8
      vertex 8.31162142753601 13.752278571682318 3.8
    endloop
  endfacet
  facet normal 0 0 1
    outer loop
      vertex 8.680337503552437 14.64919820960079 3.8
      vertex 8.454014286398888 14.67499285723482 3.8
      vertex 8.31162142753601 13.752278571682318 3.8
    endloop
  endfacet
  facet normal 0 0 1
    outer loop
      vertex 8.830364286899567 14.571814281599863 3.8
      vertex 8.680337503552437 14.64919820960079 3.8
      vertex 8.31162142753601 13.752278571682318 3.8
    endloop
  endfacet
  facet normal 0 0 1
    outer loop
      vertex 8.363189287483692 6.234364291386946 3.8
      vertex 9.413135714828968 8.571428572492941 3.8
      vertex 8.63425000011921 8.571428572492941 3.8
    endloop
  endfacet
  facet normal 0 0 1
    outer loop
      vertex 8.363189287483692 6.234364291386946 3.8
      vertex 9.62534286081791 8.571428572492941 3.8
      vertex 9.413135714828968 8.571428572492941 3.8
    endloop
  endfacet
  facet normal 0 0 1
    outer loop
      vertex 8.88419285416603 8.68767857338701 3.8
      vertex 8.88419285416603 10.40526428605829 3.8
      vertex 8.63425000011921 8.648442854838713 3.8
    endloop
  endfacet
  facet normal 0 0 1
    outer loop
      vertex 8.363189287483692 6.234364291386946 3.8
      vertex 10.404228568077087 8.571428572492941 3.8
      vertex 9.62534286081791 8.571428572492941 3.8
    endloop
  endfacet
  facet normal 0 0 1
    outer loop
      vertex 8.363189287483692 6.234364291386946 3.8
      vertex 10.616435714066029 8.648442854838713 3.8
      vertex 10.404228568077087 8.571428572492941 3.8
    endloop
  endfacet
  facet normal 0 0 1
    outer loop
      vertex 8.363189287483692 6.234364291386946 3.8
      vertex 10.616435714066029 8.571428572492941 3.8
      vertex 10.616435714066029 8.648442854838713 3.8
    endloop
  endfacet
  facet normal 0 0 1
    outer loop
      vertex 9.163192860782146 8.68767857338701 3.8
      vertex 9.413135714828968 8.648442854838713 3.8
      vertex 9.62534286081791 8.648442854838713 3.8
    endloop
  endfacet
  facet normal 0 0 1
    outer loop
      vertex 9.413135714828968 8.571428572492941 3.8
      vertex 9.62534286081791 8.648442854838713 3.8
      vertex 9.413135714828968 8.648442854838713 3.8
    endloop
  endfacet
  facet normal 0 0 1
    outer loop
      vertex 9.62534286081791 8.648442854838713 3.8
      vertex 9.413135714828968 8.571428572492941 3.8
      vertex 9.62534286081791 8.571428572492941 3.8
    endloop
  endfacet
  facet normal 0 0 1
    outer loop
      vertex 9.163192860782146 8.68767857338701 3.8
      vertex 9.62534286081791 8.648442854838713 3.8
      vertex 9.87528571486473 10.40526428605829 3.8
    endloop
  endfacet
  facet normal 0 0 1
    outer loop
      vertex 9.87528571486473 8.68767857338701 3.8
      vertex 9.87528571486473 10.40526428605829 3.8
      vertex 9.62534286081791 8.648442854838713 3.8
    endloop
  endfacet
  facet normal 0 0 1
    outer loop
      vertex 9.163192860782146 8.68767857338701 3.8
      vertex 9.413135714828968 10.443064285176142 3.8
      vertex 9.163192860782146 10.40526428605829 3.8
    endloop
  endfacet
  facet normal 0 0 1
    outer loop
      vertex 9.163192860782146 8.68767857338701 3.8
      vertex 9.62534286081791 10.443064285176142 3.8
      vertex 9.413135714828968 10.443064285176142 3.8
    endloop
  endfacet
  facet normal 0 0 1
    outer loop
      vertex 9.163192860782146 8.68767857338701 3.8
      vertex 9.87528571486473 10.40526428605829 3.8
      vertex 9.62534286081791 10.443064285176142 3.8
    endloop
  endfacet
  facet normal 0 0 1
    outer loop
      vertex 9.413135714828968 10.443064285176142 3.8
      vertex 9.62534286081791 10.520078574972494 3.8
      vertex 9.413135714828968 10.520078574972494 3.8
    endloop
  endfacet
  facet normal 0 0 1
    outer loop
      vertex 9.62534286081791 10.520078574972494 3.8
      vertex 9.413135714828968 10.443064285176142 3.8
      vertex 9.62534286081791 10.443064285176142 3.8
    endloop
  endfacet
  facet normal 0 0 1
    outer loop
      vertex 10.154285714030266 8.68767857338701 3.8
      vertex 10.404228568077087 8.648442854838713 3.8
      vertex 10.616435714066029 8.648442854838713 3.8
    endloop
  endfacet
  facet normal 0 0 1
    outer loop
      vertex 10.404228568077087 8.571428572492941 3.8
      vertex 10.616435714066029 8.648442854838713 3.8
      vertex 10.404228568077087 8.648442854838713 3.8
    endloop
  endfacet
  facet normal 0 0 1
    outer loop
      vertex 10.154285714030266 8.68767857338701 3.8
      vertex 10.616435714066029 8.648442854838713 3.8
      vertex 10.86637856811285 10.40526428605829 3.8
    endloop
  endfacet
  facet normal 0 0 1
    outer loop
      vertex 10.419346429407597 6.234364291386946 3.8
      vertex 11.395321428775787 8.571428572492941 3.8
      vertex 10.616435714066029 8.571428572492941 3.8
    endloop
  endfacet
  facet normal 0 0 1
    outer loop
      vertex 10.419346429407597 6.234364291386946 3.8
      vertex 11.607528574764729 8.571428572492941 3.8
      vertex 11.395321428775787 8.571428572492941 3.8
    endloop
  endfacet
  facet normal 0 0 1
    outer loop
      vertex 10.419346429407597 6.234364291386946 3.8
      vertex 12.386414282023907 8.571428572492941 3.8
      vertex 11.607528574764729 8.571428572492941 3.8
    endloop
  endfacet
  facet normal 0 0 1
    outer loop
      vertex 10.86637856811285 8.68767857338701 3.8
      vertex 10.86637856811285 10.40526428605829 3.8
      vertex 10.616435714066029 8.648442854838713 3.8
    endloop
  endfacet
  facet normal 0 0 1
    outer loop
      vertex 11.145378574728966 8.68767857338701 3.8
      vertex 11.395321428775787 8.648442854838713 3.8
      vertex 11.607528574764729 8.648442854838713 3.8
    endloop
  endfacet
  facet normal 0 0 1
    outer loop
      vertex 11.395321428775787 8.571428572492941 3.8
      vertex 11.607528574764729 8.648442854838713 3.8
      vertex 11.395321428775787 8.648442854838713 3.8
    endloop
  endfacet
  facet normal 0 0 1
    outer loop
      vertex 10.154285714030266 8.68767857338701 3.8
      vertex 10.404228568077087 10.443064285176142 3.8
      vertex 10.154285714030266 10.40526428605829 3.8
    endloop
  endfacet
  facet normal 0 0 1
    outer loop
      vertex 10.154285714030266 8.68767857338701 3.8
      vertex 10.616435714066029 10.443064285176142 3.8
      vertex 10.404228568077087 10.443064285176142 3.8
    endloop
  endfacet
  facet normal 0 0 1
    outer loop
      vertex 10.154285714030266 8.68767857338701 3.8
      vertex 10.86637856811285 10.40526428605829 3.8
      vertex 10.616435714066029 10.443064285176142 3.8
    endloop
  endfacet
  facet normal 0 0 1
    outer loop
      vertex 10.404228568077087 10.443064285176142 3.8
      vertex 10.616435714066029 10.520078574972494 3.8
      vertex 10.404228568077087 10.520078574972494 3.8
    endloop
  endfacet
  facet normal 0 0 1
    outer loop
      vertex 10.616435714066029 10.520078574972494 3.8
      vertex 10.404228568077087 10.443064285176142 3.8
      vertex 10.616435714066029 10.443064285176142 3.8
    endloop
  endfacet
  facet normal 0 0 1
    outer loop
      vertex 11.145378574728966 8.68767857338701 3.8
      vertex 11.395321428775787 10.443064285176142 3.8
      vertex 11.145378574728966 10.40526428605829 3.8
    endloop
  endfacet
  facet normal 0 0 1
    outer loop
      vertex 11.145378574728966 8.68767857338701 3.8
      vertex 11.607528574764729 10.443064285176142 3.8
      vertex 11.395321428775787 10.443064285176142 3.8
    endloop
  endfacet
  facet normal 0 0 1
    outer loop
      vertex 11.395321428775787 10.443064285176142 3.8
      vertex 11.607528574764729 10.520078574972494 3.8
      vertex 11.395321428775787 10.520078574972494 3.8
    endloop
  endfacet
  facet normal 0 0 1
    outer loop
      vertex 9.413135714828968 10.520078574972494 3.8
      vertex 8.621135711669922 12.85714285607849 3.8
      vertex 8.63425000011921 10.520078574972494 3.8
    endloop
  endfacet
  facet normal 0 0 1
    outer loop
      vertex 9.413135714828968 10.520078574972494 3.8
      vertex 9.43642856925726 12.85714285607849 3.8
      vertex 8.621135711669922 12.85714285607849 3.8
    endloop
  endfacet
  facet normal 0 0 1
    outer loop
      vertex 8.621135711669922 12.85714285607849 3.8
      vertex 9.43642856925726 12.934157138424261 3.8
      vertex 8.621135711669922 12.934157138424261 3.8
    endloop
  endfacet
  facet normal 0 0 1
    outer loop
      vertex 9.43642856925726 12.934157138424261 3.8
      vertex 8.621135711669922 12.85714285607849 3.8
      vertex 9.43642856925726 12.85714285607849 3.8
    endloop
  endfacet
  facet normal 0 0 1
    outer loop
      vertex 9.413135714828968 10.520078574972494 3.8
      vertex 9.62534286081791 10.520078574972494 3.8
      vertex 9.43642856925726 12.85714285607849 3.8
    endloop
  endfacet
  facet normal 0 0 1
    outer loop
      vertex 10.404228568077087 10.520078574972494 3.8
      vertex 9.43642856925726 12.85714285607849 3.8
      vertex 9.62534286081791 10.520078574972494 3.8
    endloop
  endfacet
  facet normal 0 0 1
    outer loop
      vertex 10.404228568077087 10.520078574972494 3.8
      vertex 10.100500002503395 12.85714285607849 3.8
      vertex 9.43642856925726 12.85714285607849 3.8
    endloop
  endfacet
  facet normal 0 0 1
    outer loop
      vertex 8.53102856874466 13.621478570359095 3.8
      vertex 8.621135711669922 12.934157138424261 3.8
      vertex 8.830198213458061 13.660350000219687 3.8
    endloop
  endfacet
  facet normal 0 0 1
    outer loop
      vertex 8.621135711669922 12.934157138424261 3.8
      vertex 9.43642856925726 12.934157138424261 3.8
      vertex 8.830198213458061 13.660350000219687 3.8
    endloop
  endfacet
  facet normal 0 0 1
    outer loop
      vertex 8.825285717844963 13.864157138126238 3.8
      vertex 8.913019642233849 14.011291069643839 3.8
      vertex 8.31162142753601 13.752278571682318 3.8
    endloop
  endfacet
  facet normal 0 0 1
    outer loop
      vertex 8.913019642233849 14.011291069643839 3.8
      vertex 8.942264288663864 14.228892853217467 3.8
      vertex 8.31162142753601 13.752278571682318 3.8
    endloop
  endfacet
  facet normal 0 0 1
    outer loop
      vertex 8.830198213458061 13.660350000219687 3.8
      vertex 9.43642856925726 12.934157138424261 3.8
      vertex 9.050521425902843 13.776964282350882 3.8
    endloop
  endfacet
  facet normal 0 0 1
    outer loop
      vertex 9.050521425902843 13.776964282350882 3.8
      vertex 9.686371430754662 12.97339285697256 3.8
      vertex 9.186212502419949 13.968417858438833 3.8
    endloop
  endfacet
  facet normal 0 0 1
    outer loop
      vertex 8.91428928822279 14.43450535620962 3.8
      vertex 8.830364286899567 14.571814281599863 3.8
      vertex 8.31162142753601 13.752278571682318 3.8
    endloop
  endfacet
  facet normal 0 0 1
    outer loop
      vertex 8.942264288663864 14.228892853217467 3.8
      vertex 8.91428928822279 14.43450535620962 3.8
      vertex 8.31162142753601 13.752278571682318 3.8
    endloop
  endfacet
  facet normal 0 0 1
    outer loop
      vertex 9.231442853808403 14.231807140367373 3.8
      vertex 9.43642856925726 14.72877856876169 3.8
      vertex 9.052707143127918 14.66229642714773 3.8
    endloop
  endfacet
  facet normal 0 0 1
    outer loop
      vertex 9.43642856925726 14.805792858558043 3.8
      vertex 9.052707143127918 14.66229642714773 3.8
      vertex 9.43642856925726 14.72877856876169 3.8
    endloop
  endfacet
  facet normal 0 0 1
    outer loop
      vertex 9.686371430754662 12.97339285697256 3.8
      vertex 9.050521425902843 13.776964282350882 3.8
      vertex 9.43642856925726 12.934157138424261 3.8
    endloop
  endfacet
  facet normal 0 0 1
    outer loop
      vertex 9.186212502419949 13.968417858438833 3.8
      vertex 9.686371430754662 12.97339285697256 3.8
      vertex 9.231442853808403 14.231807140367373 3.8
    endloop
  endfacet
  facet normal 0 0 1
    outer loop
      vertex 9.686371430754662 12.97339285697256 3.8
      vertex 9.686371430754662 14.690978569643839 3.8
      vertex 9.231442853808403 14.231807140367373 3.8
    endloop
  endfacet
  facet normal 0 0 1
    outer loop
      vertex 10.100500002503395 12.934157138424261 3.8
      vertex 9.838942855596542 14.609614288168295 3.8
      vertex 9.838942855596542 12.97339285697256 3.8
    endloop
  endfacet
  facet normal 0 0 1
    outer loop
      vertex 9.43642856925726 14.72877856876169 3.8
      vertex 9.231442853808403 14.231807140367373 3.8
      vertex 9.686371430754662 14.690978569643839 3.8
    endloop
  endfacet
  facet normal 0 0 1
    outer loop
      vertex 10.404228568077087 10.520078574972494 3.8
      vertex 10.616435714066029 10.520078574972494 3.8
      vertex 11.040678568184376 12.85714285607849 3.8
    endloop
  endfacet
  facet normal 0 0 1
    outer loop
      vertex 10.404228568077087 10.520078574972494 3.8
      vertex 11.040678568184376 12.85714285607849 3.8
      vertex 10.100500002503395 12.85714285607849 3.8
    endloop
  endfacet
  facet normal 0 0 1
    outer loop
      vertex 10.100500002503395 12.85714285607849 3.8
      vertex 11.040678568184376 12.85714285607849 3.8
      vertex 10.100500002503395 12.934157138424261 3.8
    endloop
  endfacet
  facet normal 0 0 1
    outer loop
      vertex 11.395321428775787 10.520078574972494 3.8
      vertex 11.040678568184376 12.85714285607849 3.8
      vertex 10.616435714066029 10.520078574972494 3.8
    endloop
  endfacet
  facet normal 0 0 1
    outer loop
      vertex 11.181635715067387 12.85714285607849 3.8
      vertex 11.395321428775787 10.520078574972494 3.8
      vertex 11.607528574764729 10.520078574972494 3.8
    endloop
  endfacet
  facet normal 0 0 1
    outer loop
      vertex 11.181635715067387 12.85714285607849 3.8
      vertex 11.040678568184376 12.85714285607849 3.8
      vertex 11.395321428775787 10.520078574972494 3.8
    endloop
  endfacet
  facet normal 0 0 1
    outer loop
      vertex 9.838942855596542 14.609614288168295 3.8
      vertex 10.100500002503395 12.934157138424261 3.8
      vertex 11.040678568184376 12.85714285607849 3.8
    endloop
  endfacet
  facet normal 0 0 1
    outer loop
      vertex 11.029042854905128 13.362835710602148 3.8
      vertex 10.767485715448856 14.72877856876169 3.8
      vertex 10.026399999856949 14.805792858558043 3.8
    endloop
  endfacet
  facet normal 0 0 1
    outer loop
      vertex 10.767485715448856 14.805792858558043 3.8
      vertex 10.026399999856949 14.805792858558043 3.8
      vertex 10.767485715448856 14.72877856876169 3.8
    endloop
  endfacet
  facet normal 0 0 1
    outer loop
      vertex 11.181635715067387 12.85714285607849 3.8
      vertex 11.68817500025034 13.395701786237105 3.8
      vertex 11.622057139873505 13.808935714619501 3.8
    endloop
  endfacet
  facet normal 0 0 1
    outer loop
      vertex 11.181635715067387 12.85714285607849 3.8
      vertex 11.622057139873505 13.808935714619501 3.8
      vertex 11.685630358755589 14.250503567712649 3.8
    endloop
  endfacet
  facet normal 0 0 1
    outer loop
      vertex 11.181635715067387 12.85714285607849 3.8
      vertex 11.685630358755589 14.250503567712649 3.8
      vertex 11.181635715067387 14.690978569643839 3.8
    endloop
  endfacet
  facet normal 0 0 1
    outer loop
      vertex 11.029042854905128 13.362835710602148 3.8
      vertex 11.029042854905128 14.690978569643839 3.8
      vertex 10.767485715448856 14.72877856876169 3.8
    endloop
  endfacet
  facet normal 0 0 1
    outer loop
      vertex 11.181635715067387 14.690978569643839 3.8
      vertex 11.685630358755589 14.250503567712649 3.8
      vertex 11.431578569114208 14.72877856876169 3.8
    endloop
  endfacet
  facet normal -1 0 0
    outer loop
      vertex 0 0 0
      vertex 0 30 3.8
      vertex 0 30 0
    endloop
  endfacet
  facet normal 0 0 -1
    outer loop
      vertex 0 0 0
      vertex 0 30 0
      vertex 23 30 0
    endloop
  endfacet
  facet normal 0 1 0
    outer loop
      vertex 0 30 0
      vertex 0 30 3.8
      vertex 23 30 0
    endloop
  endfacet
  facet normal 0 0 1
    outer loop
      vertex 0 0 3.8
      vertex 1.2168313339352608 26.170924020665034 3.8
      vertex 1.2024214267730713 26.329272856669768 3.8
    endloop
  endfacet
  facet normal 0 0 1
    outer loop
      vertex 3.351089283823967 6.234364291386946 3.8
      vertex 1.756143569946289 21.428571430700167 3.8
      vertex 1.2600610703229904 26.023430360215052 3.8
    endloop
  endfacet
  facet normal 0 0 1
    outer loop
      vertex 0 0 3.8
      vertex 1.2024214267730713 26.329272856669768 3.8
      vertex 0 30 3.8
    endloop
  endfacet
  facet normal 0 0 1
    outer loop
      vertex 3.351089283823967 6.234364291386946 3.8
      vertex 1.2600610703229904 26.023430360215052 3.8
      vertex 1.2168313339352608 26.170924020665034 3.8
    endloop
  endfacet
  facet normal 0 0 1
    outer loop
      vertex 5.832442857325077 13.808935714619501 3.8
      vertex 1.756143569946289 21.428571430700167 3.8
      vertex 5.898560717701912 13.395701786237105 3.8
    endloop
  endfacet
  facet normal 0 0 1
    outer loop
      vertex 5.89601606875658 14.250503567712649 3.8
      vertex 1.756143569946289 21.428571430700167 3.8
      vertex 5.832442857325077 13.808935714619501 3.8
    endloop
  endfacet
  facet normal 0 0 1
    outer loop
      vertex 6.086735717952251 14.569649999695166 3.8
      vertex 1.756143569946289 21.428571430700167 3.8
      vertex 5.89601606875658 14.250503567712649 3.8
    endloop
  endfacet
  facet normal 0 0 1
    outer loop
      vertex 6.086735717952251 14.569649999695166 3.8
      vertex 5.898560717701912 17.681416069822653 3.8
      vertex 1.756143569946289 21.428571430700167 3.8
    endloop
  endfacet
  facet normal 0 0 1
    outer loop
      vertex 1.756143569946289 21.428571430700167 3.8
      vertex 5.832442857325077 18.09464999820505 3.8
      vertex 2.9514721408486366 21.428571430700167 3.8
    endloop
  endfacet
  facet normal 0 0 1
    outer loop
      vertex 5.89601606875658 18.536217851298197 3.8
      vertex 3.7649435698986053 21.428571430700167 3.8
      vertex 2.9514721408486366 21.428571430700167 3.8
    endloop
  endfacet
  facet normal 0 0 1
    outer loop
      vertex 2.9514721408486366 21.428571430700167 3.8
      vertex 3.7649435698986053 21.428571430700167 3.8
      vertex 2.9514721408486366 21.56719714190279 3.8
    endloop
  endfacet
  facet normal 0 0 1
    outer loop
      vertex 2.480669282376766 24.4443942883185 3.8
      vertex 2.9514721408486366 21.56719714190279 3.8
      vertex 3.7649435698986053 21.428571430700167 3.8
    endloop
  endfacet
  facet normal 0 0 1
    outer loop
      vertex 5.832442857325077 18.09464999820505 3.8
      vertex 1.756143569946289 21.428571430700167 3.8
      vertex 5.898560717701912 17.681416069822653 3.8
    endloop
  endfacet
  facet normal 0 0 1
    outer loop
      vertex 5.89601606875658 18.536217851298197 3.8
      vertex 2.9514721408486366 21.428571430700167 3.8
      vertex 5.832442857325077 18.09464999820505 3.8
    endloop
  endfacet
  facet normal 0 0 1
    outer loop
      vertex 3.7649435698986053 21.428571430700167 3.8
      vertex 5.89601606875658 18.536217851298197 3.8
      vertex 3.856473572552204 21.428571430700167 3.8
    endloop
  endfacet
  facet normal 0 0 1
    outer loop
      vertex 6.086735717952251 18.855364283280714 3.8
      vertex 3.856473572552204 21.428571430700167 3.8
      vertex 5.89601606875658 18.536217851298197 3.8
    endloop
  endfacet
  facet normal 0 0 1
    outer loop
      vertex 6.402437500655651 19.048816067831858 3.8
      vertex 3.856473572552204 21.428571430700167 3.8
      vertex 6.086735717952251 18.855364283280714 3.8
    endloop
  endfacet
  facet normal 0 0 1
    outer loop
      vertex 6.840914286673069 19.113299993532046 3.8
      vertex 3.856473572552204 21.428571430700167 3.8
      vertex 6.402437500655651 19.048816067831858 3.8
    endloop
  endfacet
  facet normal 0 0 1
    outer loop
      vertex 3.856473572552204 21.428571430700167 3.8
      vertex 7.781221427023411 19.01449285234724 3.8
      vertex 4.785042144358158 21.428571430700167 3.8
    endloop
  endfacet
  facet normal 0 0 1
    outer loop
      vertex 4.785042144358158 21.56719714190279 3.8
      vertex 3.856473572552204 21.428571430700167 3.8
      vertex 4.785042144358158 21.428571430700167 3.8
    endloop
  endfacet
  facet normal 0 0 1
    outer loop
      vertex 3.856473572552204 21.428571430700167 3.8
      vertex 4.785042144358158 21.56719714190279 3.8
      vertex 5.2558450028300285 24.4443942883185 3.8
    endloop
  endfacet
  facet normal 0 0 1
    outer loop
      vertex 1.756143569946289 21.56719714190279 3.8
      vertex 1.2600610703229904 26.023430360215052 3.8
      vertex 1.756143569946289 21.428571430700167 3.8
    endloop
  endfacet
  facet normal 0 0 1
    outer loop
      vertex 2.2060407176613808 21.63782143379961 3.8
      vertex 2.2060407176613808 24.729475719588144 3.8
      vertex 1.756143569946289 21.56719714190279 3.8
    endloop
  endfacet
  facet normal 0 0 1
    outer loop
      vertex 1.332110621035099 25.886791875319823 3.8
      vertex 1.756143569946289 21.56719714190279 3.8
      vertex 1.756143569946289 24.797515718000277 3.8
    endloop
  endfacet
  facet normal 0 0 1
    outer loop
      vertex 2.2060407176613808 24.729475719588144 3.8
      vertex 1.756143569946289 24.797515718000277 3.8
      vertex 1.756143569946289 21.56719714190279 3.8
    endloop
  endfacet
  facet normal 0 0 1
    outer loop
      vertex 2.9514721408486366 21.56719714190279 3.8
      vertex 2.480669282376766 24.4443942883185 3.8
      vertex 2.480669282376766 21.63782143379961 3.8
    endloop
  endfacet
  facet normal 0 0 1
    outer loop
      vertex 1.2600610703229904 26.023430360215052 3.8
      vertex 1.756143569946289 21.56719714190279 3.8
      vertex 1.332110621035099 25.886791875319823 3.8
    endloop
  endfacet
  facet normal 0 0 1
    outer loop
      vertex 1.756143569946289 24.936141429202898 3.8
      vertex 1.4329799935221672 25.761008573429926 3.8
      vertex 1.756143569946289 24.797515718000277 3.8
    endloop
  endfacet
  facet normal 0 0 1
    outer loop
      vertex 1.332110621035099 25.886791875319823 3.8
      vertex 1.756143569946289 24.797515718000277 3.8
      vertex 1.4329799935221672 25.761008573429926 3.8
    endloop
  endfacet
  facet normal 0 0 1
    outer loop
      vertex 1.4329799935221672 25.761008573429926 3.8
      vertex 1.756143569946289 24.936141429202898 3.8
      vertex 1.5556151792407036 25.65574044521366 3.8
    endloop
  endfacet
  facet normal 0 0 1
    outer loop
      vertex 1.5556151792407036 25.65574044521366 3.8
      vertex 1.756143569946289 24.936141429202898 3.8
      vertex 1.692863568663597 25.580548925059183 3.8
    endloop
  endfacet
  facet normal 0 0 1
    outer loop
      vertex 1.692863568663597 25.580548925059183 3.8
      vertex 1.756143569946289 24.936141429202898 3.8
      vertex 1.844725176692009 25.535434020417078 3.8
    endloop
  endfacet
  facet normal 0 0 1
    outer loop
      vertex 1.844725176692009 25.535434020417078 3.8
      vertex 1.756143569946289 24.936141429202898 3.8
      vertex 2.0111999958753586 25.520395716386183 3.8
    endloop
  endfacet
  facet normal 0 0 1
    outer loop
      vertex 2.81809214502573 24.936141429202898 3.8
      vertex 2.0111999958753586 25.520395716386183 3.8
      vertex 1.756143569946289 24.936141429202898 3.8
    endloop
  endfacet
  facet normal 0 0 1
    outer loop
      vertex 2.0111999958753586 25.520395716386183 3.8
      vertex 2.81809214502573 24.936141429202898 3.8
      vertex 2.177668660879135 25.535434020417078 3.8
    endloop
  endfacet
  facet normal 0 0 1
    outer loop
      vertex 2.177668660879135 25.535434020417078 3.8
      vertex 2.81809214502573 24.936141429202898 3.8
      vertex 2.329511784017086 25.580548925059183 3.8
    endloop
  endfacet
  facet normal 0 0 1
    outer loop
      vertex 2.329511784017086 25.580548925059183 3.8
      vertex 2.81809214502573 24.936141429202898 3.8
      vertex 2.466729372739792 25.65574044521366 3.8
    endloop
  endfacet
  facet normal 0 0 1
    outer loop
      vertex 2.466729372739792 25.65574044521366 3.8
      vertex 2.81809214502573 24.936141429202898 3.8
      vertex 2.5893214270472527 25.761008573429926 3.8
    endloop
  endfacet
  facet normal 0 0 1
    outer loop
      vertex 2.5893214270472527 25.761008573429926 3.8
      vertex 2.81809214502573 24.936141429202898 3.8
      vertex 2.690233923494816 25.886791875319823 3.8
    endloop
  endfacet
  facet normal 0 0 1
    outer loop
      vertex 2.690233923494816 25.886791875319823 3.8
      vertex 2.81809214502573 24.936141429202898 3.8
      vertex 2.7623142823576927 26.023430360215052 3.8
    endloop
  endfacet
  facet normal 0 0 1
    outer loop
      vertex 0 30 3.8
      vertex 1.2024214267730713 26.329272856669768 3.8
      vertex 1.2170407995581627 26.49301848347698 3.8
    endloop
  endfacet
  facet normal 0 0 1
    outer loop
      vertex 0 30 3.8
      vertex 1.2170407995581627 26.49301848347698 3.8
      vertex 1.2608989253640175 26.6433953547052 3.8
    endloop
  endfacet
  facet normal 0 0 1
    outer loop
      vertex 0 30 3.8
      vertex 1.2608989253640175 26.6433953547052 3.8
      vertex 1.3339958041906357 26.780403485255583 3.8
    endloop
  endfacet
  facet normal 0 0 1
    outer loop
      vertex 0 30 3.8
      vertex 1.3339958041906357 26.780403485255583 3.8
      vertex 1.4363314285874367 26.904042860226973 3.8
    endloop
  endfacet
  facet normal 0 0 1
    outer loop
      vertex 0 30 3.8
      vertex 1.4363314285874367 26.904042860226973 3.8
      vertex 1.5600139275193214 27.00642160858427 3.8
    endloop
  endfacet
  facet normal 0 0 1
    outer loop
      vertex 0 30 3.8
      vertex 1.5600139275193214 27.00642160858427 3.8
      vertex 1.697052851319313 27.079549288111075 3.8
    endloop
  endfacet
  facet normal 0 0 1
    outer loop
      vertex 0 30 3.8
      vertex 1.697052851319313 27.079549288111075 3.8
      vertex 1.8474482148885727 27.12342589135681 3.8
    endloop
  endfacet
  facet normal 0 0 1
    outer loop
      vertex 0 30 3.8
      vertex 1.8474482148885727 27.12342589135681 3.8
      vertex 2.0111999958753586 27.138051425772055 3.8
    endloop
  endfacet
  facet normal 0 0 1
    outer loop
      vertex 0 30 3.8
      vertex 2.0111999958753586 27.138051425772055 3.8
      vertex 2.1749456226825714 27.12342589135681 3.8
    endloop
  endfacet
  facet normal 0 0 1
    outer loop
      vertex 0 30 3.8
      vertex 2.1749456226825714 27.12342589135681 3.8
      vertex 2.3253224939107895 27.079549288111075 3.8
    endloop
  endfacet
  facet normal 0 0 1
    outer loop
      vertex 5.203542143106461 24.936141429202898 3.8
      vertex 2.81809214502573 24.936141429202898 3.8
      vertex 3.9584949985146523 22.26819428588663 3.8
    endloop
  endfacet
  facet normal 0 0 1
    outer loop
      vertex 5.203542143106461 24.936141429202898 3.8
      vertex 2.8055624961853027 26.170924020665034 3.8
      vertex 2.7623142823576927 26.023430360215052 3.8
    endloop
  endfacet
  facet normal 0 0 1
    outer loop
      vertex 2.805353030562401 26.49301848347698 3.8
      vertex 5.203542143106461 24.936141429202898 3.8
      vertex 2.7614764273166656 26.6433953547052 3.8
    endloop
  endfacet
  facet normal 0 0 1
    outer loop
      vertex 5.203542143106461 24.936141429202898 3.8
      vertex 2.7623142823576927 26.023430360215052 3.8
      vertex 2.81809214502573 24.936141429202898 3.8
    endloop
  endfacet
  facet normal 0 0 1
    outer loop
      vertex 2.8055624961853027 26.170924020665034 3.8
      vertex 5.203542143106461 24.936141429202898 3.8
      vertex 2.819978564977646 26.329272856669768 3.8
    endloop
  endfacet
  facet normal 0 0 1
    outer loop
      vertex 2.819978564977646 26.329272856669768 3.8
      vertex 5.203542143106461 24.936141429202898 3.8
      vertex 2.805353030562401 26.49301848347698 3.8
    endloop
  endfacet
  facet normal 0 0 1
    outer loop
      vertex 2.7614764273166656 26.6433953547052 3.8
      vertex 6.207942143082619 24.936141429202898 3.8
      vertex 2.6883487477898598 26.780403485255583 3.8
    endloop
  endfacet
  facet normal 0 0 1
    outer loop
      vertex 5.2558450028300285 21.63782143379961 3.8
      vertex 5.2558450028300285 24.4443942883185 3.8
      vertex 4.785042144358158 21.56719714190279 3.8
    endloop
  endfacet
  facet normal 0 0 1
    outer loop
      vertex 6.207942143082619 24.936141429202898 3.8
      vertex 2.7614764273166656 26.6433953547052 3.8
      vertex 5.203542143106461 24.936141429202898 3.8
    endloop
  endfacet
  facet normal 0 0 1
    outer loop
      vertex 2.6883487477898598 26.780403485255583 3.8
      vertex 6.207942143082619 24.936141429202898 3.8
      vertex 7.858799286186695 24.936141429202898 3.8
    endloop
  endfacet
  facet normal 0 0 1
    outer loop
      vertex 6.402437500655651 14.76310178424631 3.8
      vertex 6.096914283931255 17.37171428437744 3.8
      vertex 6.086735717952251 14.569649999695166 3.8
    endloop
  endfacet
  facet normal 0 0 1
    outer loop
      vertex 6.086735717952251 14.569649999695166 3.8
      vertex 6.096914283931255 17.37171428437744 3.8
      vertex 5.898560717701912 17.681416069822653 3.8
    endloop
  endfacet
  facet normal 0 0 1
    outer loop
      vertex 6.402437500655651 14.76310178424631 3.8
      vertex 6.413698211312294 17.178278570728644 3.8
      vertex 6.096914283931255 17.37171428437744 3.8
    endloop
  endfacet
  facet normal 0 0 1
    outer loop
      vertex 6.840914286673069 14.827585709946497 3.8
      vertex 6.413698211312294 17.178278570728644 3.8
      vertex 6.402437500655651 14.76310178424631 3.8
    endloop
  endfacet
  facet normal 0 0 1
    outer loop
      vertex 7.155882142484188 14.809055356042727 3.8
      vertex 6.413698211312294 17.178278570728644 3.8
      vertex 6.840914286673069 14.827585709946497 3.8
    endloop
  endfacet
  facet normal 0 0 1
    outer loop
      vertex 7.493371427059174 14.753464286880835 3.8
      vertex 6.413698211312294 17.178278570728644 3.8
      vertex 7.155882142484188 14.809055356042727 3.8
    endloop
  endfacet
  facet normal 0 0 1
    outer loop
      vertex 7.781221427023411 14.805792858558043 3.8
      vertex 6.835107140243053 17.113799994545325 3.8
      vertex 6.413698211312294 17.178278570728644 3.8
    endloop
  endfacet
  facet normal 0 0 1
    outer loop
      vertex 6.535948216915131 17.281623212354525 3.8
      vertex 7.406178571283817 18.613414285438402 3.8
      vertex 6.315614283084869 17.449457136648043 3.8
    endloop
  endfacet
  facet normal 0 0 1
    outer loop
      vertex 6.83802142739296 17.225678568439825 3.8
      vertex 7.406178571283817 18.613414285438402 3.8
      vertex 6.535948216915131 17.281623212354525 3.8
    endloop
  endfacet
  facet normal 0 0 1
    outer loop
      vertex 6.998944640159607 17.235669640558108 3.8
      vertex 7.502092860639095 18.613414285438402 3.8
      vertex 6.83802142739296 17.225678568439825 3.8
    endloop
  endfacet
  facet normal 0 0 1
    outer loop
      vertex 6.315614283084869 17.449457136648043 3.8
      vertex 7.406178571283817 18.613414285438402 3.8
      vertex 6.181016072630882 17.723383923726423 3.8
    endloop
  endfacet
  facet normal 0 0 1
    outer loop
      vertex 6.181016072630882 17.723383923726423 3.8
      vertex 7.406178571283817 18.613414285438402 3.8
      vertex 6.136150002479553 18.097564285354956 3.8
    endloop
  endfacet
  facet normal 0 0 1
    outer loop
      vertex 6.136150002479553 18.097564285354956 3.8
      vertex 7.406178571283817 18.613414285438402 3.8
      vertex 6.17901785671711 18.497892854469164 3.8
    endloop
  endfacet
  facet normal 0 0 1
    outer loop
      vertex 6.17901785671711 18.497892854469164 3.8
      vertex 7.406178571283817 18.613414285438402 3.8
      vertex 6.30762142688036 18.77762142355953 3.8
    endloop
  endfacet
  facet normal 0 0 1
    outer loop
      vertex 7.493371427059174 14.753464286880835 3.8
      vertex 7.781221427023411 14.805792858558043 3.8
      vertex 6.413698211312294 17.178278570728644 3.8
    endloop
  endfacet
  facet normal 0 0 1
    outer loop
      vertex 7.781221427023411 14.805792858558043 3.8
      vertex 7.190751783549786 17.136685711996897 3.8
      vertex 6.835107140243053 17.113799994545325 3.8
    endloop
  endfacet
  facet normal 0 0 1
    outer loop
      vertex 7.781221427023411 14.805792858558043 3.8
      vertex 7.522428572177887 17.205342856901034 3.8
      vertex 7.190751783549786 17.136685711996897 3.8
    endloop
  endfacet
  facet normal 0 0 1
    outer loop
      vertex 7.781221427023411 14.805792858558043 3.8
      vertex 7.800121426582336 17.142857139664038 3.8
      vertex 7.522428572177887 17.205342856901034 3.8
    endloop
  endfacet
  facet normal 0 0 1
    outer loop
      vertex 8.516500003635883 14.805792858558043 3.8
      vertex 7.800121426582336 17.142857139664038 3.8
      vertex 7.781221427023411 14.805792858558043 3.8
    endloop
  endfacet
  facet normal 0 0 1
    outer loop
      vertex 8.516500003635883 14.805792858558043 3.8
      vertex 8.621135711669922 17.142857139664038 3.8
      vertex 7.800121426582336 17.142857139664038 3.8
    endloop
  endfacet
  facet normal 0 0 1
    outer loop
      vertex 7.15042857080698 17.265642856912955 3.8
      vertex 7.502092860639095 18.613414285438402 3.8
      vertex 6.998944640159607 17.235669640558108 3.8
    endloop
  endfacet
  facet normal 0 0 1
    outer loop
      vertex 7.281935714185238 17.312324998634203 3.8
      vertex 7.502092860639095 18.613414285438402 3.8
      vertex 7.15042857080698 17.265642856912955 3.8
    endloop
  endfacet
  facet normal 0 0 1
    outer loop
      vertex 7.3829285725951195 17.37244285430227 3.8
      vertex 7.502092860639095 18.613414285438402 3.8
      vertex 7.281935714185238 17.312324998634203 3.8
    endloop
  endfacet
  facet normal 0 0 1
    outer loop
      vertex 7.800121426582336 17.21987142200981 3.8
      vertex 7.522428572177887 17.205342856901034 3.8
      vertex 7.800121426582336 17.142857139664038 3.8
    endloop
  endfacet
  facet normal 0 0 1
    outer loop
      vertex 7.522428572177887 17.205342856901034 3.8
      vertex 7.800121426582336 17.21987142200981 3.8
      vertex 8.031164288520813 17.259107140558108 3.8
    endloop
  endfacet
  facet normal 0 0 1
    outer loop
      vertex 6.83802142739296 17.225678568439825 3.8
      vertex 7.502092860639095 18.613414285438402 3.8
      vertex 7.406178571283817 18.613414285438402 3.8
    endloop
  endfacet
  facet normal 0 0 1
    outer loop
      vertex 7.3829285725951195 17.37244285430227 3.8
      vertex 7.4366928562521935 17.663078566747053 3.8
      vertex 7.502092860639095 18.613414285438402 3.8
    endloop
  endfacet
  facet normal 0 0 1
    outer loop
      vertex 7.522428572177887 17.205342856901034 3.8
      vertex 8.031164288520813 18.976692853229387 3.8
      vertex 7.531149998307228 17.663078566747053 3.8
    endloop
  endfacet
  facet normal 0 0 1
    outer loop
      vertex 7.531149998307228 17.663078566747053 3.8
      vertex 7.781221427023411 19.01449285234724 3.8
      vertex 7.4366928562521935 17.663078566747053 3.8
    endloop
  endfacet
  facet normal 0 0 1
    outer loop
      vertex 7.522428572177887 17.205342856901034 3.8
      vertex 8.031164288520813 17.259107140558108 3.8
      vertex 8.031164288520813 18.976692853229387 3.8
    endloop
  endfacet
  facet normal 0 0 1
    outer loop
      vertex 7.4366928562521935 17.663078566747053 3.8
      vertex 7.781221427023411 19.01449285234724 3.8
      vertex 7.502092860639095 18.613414285438402 3.8
    endloop
  endfacet
  facet normal 0 0 1
    outer loop
      vertex 8.031164288520813 18.976692853229387 3.8
      vertex 7.781221427023411 19.01449285234724 3.8
      vertex 7.531149998307228 17.663078566747053 3.8
    endloop
  endfacet
  facet normal 0 0 1
    outer loop
      vertex 8.31162142753601 17.259107140558108 3.8
      vertex 8.621135711669922 17.21987142200981 3.8
      vertex 8.31162142753601 17.907192853944643 3.8
    endloop
  endfacet
  facet normal 0 0 1
    outer loop
      vertex 8.31162142753601 17.907192853944643 3.8
      vertex 8.621135711669922 17.21987142200981 3.8
      vertex 8.53102856874466 17.907192853944643 3.8
    endloop
  endfacet
  facet normal 0 0 1
    outer loop
      vertex 8.462735712528229 18.037992855267866 3.8
      vertex 8.676158927381039 18.06596249874149 3.8
      vertex 8.31162142753601 18.037992855267866 3.8
    endloop
  endfacet
  facet normal 0 0 1
    outer loop
      vertex 8.676158927381039 18.06596249874149 3.8
      vertex 8.825285717844963 18.149871421711786 3.8
      vertex 8.31162142753601 18.037992855267866 3.8
    endloop
  endfacet
  facet normal 0 0 1
    outer loop
      vertex 8.454014286398888 18.960707140820368 3.8
      vertex 8.31162142753601 18.960707140820368 3.8
      vertex 8.31162142753601 18.037992855267866 3.8
    endloop
  endfacet
  facet normal 0 0 1
    outer loop
      vertex 8.942264288663864 18.514607136803015 3.8
      vertex 8.454014286398888 18.960707140820368 3.8
      vertex 8.31162142753601 18.037992855267866 3.8
    endloop
  endfacet
  facet normal 0 0 1
    outer loop
      vertex 7.155882142484188 19.094769639628275 3.8
      vertex 3.856473572552204 21.428571430700167 3.8
      vertex 6.840914286673069 19.113299993532046 3.8
    endloop
  endfacet
  facet normal 0 0 1
    outer loop
      vertex 7.493371427059174 19.039178570466383 3.8
      vertex 3.856473572552204 21.428571430700167 3.8
      vertex 7.155882142484188 19.094769639628275 3.8
    endloop
  endfacet
  facet normal 0 0 1
    outer loop
      vertex 3.856473572552204 21.428571430700167 3.8
      vertex 7.493371427059174 19.039178570466383 3.8
      vertex 7.781221427023411 19.01449285234724 3.8
    endloop
  endfacet
  facet normal 0 0 1
    outer loop
      vertex 6.30762142688036 18.77762142355953 3.8
      vertex 7.406178571283817 18.613414285438402 3.8
      vertex 6.5295892879366875 18.942192850368365 3.8
    endloop
  endfacet
  facet normal 0 0 1
    outer loop
      vertex 6.5295892879366875 18.942192850368365 3.8
      vertex 7.406178571283817 18.613414285438402 3.8
      vertex 6.852549999952316 18.997050000088556 3.8
    endloop
  endfacet
  facet normal 0 0 1
    outer loop
      vertex 6.852549999952316 18.997050000088556 3.8
      vertex 7.406178571283817 18.613414285438402 3.8
      vertex 6.990774996578693 18.988510710852488 3.8
    endloop
  endfacet
  facet normal 0 0 1
    outer loop
      vertex 6.990774996578693 18.988510710852488 3.8
      vertex 7.406178571283817 18.613414285438402 3.8
      vertex 7.126450002193451 18.962892850594862 3.8
    endloop
  endfacet
  facet normal 0 0 1
    outer loop
      vertex 7.781221427023411 19.09150714214359 3.8
      vertex 4.785042144358158 21.428571430700167 3.8
      vertex 7.781221427023411 19.01449285234724 3.8
    endloop
  endfacet
  facet normal 0 0 1
    outer loop
      vertex 4.785042144358158 21.428571430700167 3.8
      vertex 7.781221427023411 19.09150714214359 3.8
      vertex 6.207942143082619 21.428571430700167 3.8
    endloop
  endfacet
  facet normal 0 0 1
    outer loop
      vertex 6.207942143082619 21.428571430700167 3.8
      vertex 7.781221427023411 19.09150714214359 3.8
      vertex 6.207942143082619 21.56719714190279 3.8
    endloop
  endfacet
  facet normal 0 0 1
    outer loop
      vertex 5.758045002818108 24.729475719588144 3.8
      vertex 6.207942143082619 21.56719714190279 3.8
      vertex 8.516500003635883 19.09150714214359 3.8
    endloop
  endfacet
  facet normal 0 0 1
    outer loop
      vertex 7.362592853605747 18.86627142663513 3.8
      vertex 7.252696432173252 18.92166963751827 3.8
      vertex 7.126450002193451 18.962892850594862 3.8
    endloop
  endfacet
  facet normal 0 0 1
    outer loop
      vertex 7.362592853605747 18.86627142663513 3.8
      vertex 7.126450002193451 18.962892850594862 3.8
      vertex 7.406178571283817 18.613414285438402 3.8
    endloop
  endfacet
  facet normal 0 0 1
    outer loop
      vertex 7.502092860639095 18.613414285438402 3.8
      vertex 7.781221427023411 19.01449285234724 3.8
      vertex 7.493371427059174 19.039178570466383 3.8
    endloop
  endfacet
  facet normal 0 0 1
    outer loop
      vertex 8.516500003635883 19.09150714214359 3.8
      vertex 6.207942143082619 21.56719714190279 3.8
      vertex 7.781221427023411 19.09150714214359 3.8
    endloop
  endfacet
  facet normal 0 0 1
    outer loop
      vertex 5.758045002818108 24.729475719588144 3.8
      vertex 8.516500003635883 19.09150714214359 3.8
      vertex 9.052707143127918 18.94801071073328 3.8
    endloop
  endfacet
  facet normal 0 0 1
    outer loop
      vertex 5.758045002818108 24.729475719588144 3.8
      vertex 9.052707143127918 18.94801071073328 3.8
      vertex 7.892819285392761 21.428571430700167 3.8
    endloop
  endfacet
  facet normal 0 0 1
    outer loop
      vertex 9.052707143127918 14.66229642714773 3.8
      vertex 8.621135711669922 17.142857139664038 3.8
      vertex 8.516500003635883 14.805792858558043 3.8
    endloop
  endfacet
  facet normal 0 0 1
    outer loop
      vertex 9.052707143127918 14.66229642714773 3.8
      vertex 9.43642856925726 14.805792858558043 3.8
      vertex 8.621135711669922 17.142857139664038 3.8
    endloop
  endfacet
  facet normal 0 0 1
    outer loop
      vertex 10.026399999856949 14.805792858558043 3.8
      vertex 8.621135711669922 17.142857139664038 3.8
      vertex 9.43642856925726 14.805792858558043 3.8
    endloop
  endfacet
  facet normal 0 0 1
    outer loop
      vertex 10.026399999856949 14.805792858558043 3.8
      vertex 10.767485715448856 14.805792858558043 3.8
      vertex 8.621135711669922 17.142857139664038 3.8
    endloop
  endfacet
  facet normal 0 0 1
    outer loop
      vertex 10.767485715448856 14.805792858558043 3.8
      vertex 9.43642856925726 17.142857139664038 3.8
      vertex 8.621135711669922 17.142857139664038 3.8
    endloop
  endfacet
  facet normal 0 0 1
    outer loop
      vertex 8.621135711669922 17.142857139664038 3.8
      vertex 9.43642856925726 17.21987142200981 3.8
      vertex 8.621135711669922 17.21987142200981 3.8
    endloop
  endfacet
  facet normal 0 0 1
    outer loop
      vertex 8.53102856874466 17.907192853944643 3.8
      vertex 8.621135711669922 17.21987142200981 3.8
      vertex 8.830198213458061 17.946064283805235 3.8
    endloop
  endfacet
  facet normal 0 0 1
    outer loop
      vertex 8.621135711669922 17.21987142200981 3.8
      vertex 9.43642856925726 17.21987142200981 3.8
      vertex 8.830198213458061 17.946064283805235 3.8
    endloop
  endfacet
  facet normal 0 0 1
    outer loop
      vertex 9.43642856925726 17.21987142200981 3.8
      vertex 8.621135711669922 17.142857139664038 3.8
      vertex 9.43642856925726 17.142857139664038 3.8
    endloop
  endfacet
  facet normal 0 0 1
    outer loop
      vertex 8.830198213458061 17.946064283805235 3.8
      vertex 9.43642856925726 17.21987142200981 3.8
      vertex 9.050521425902843 18.06267856593643 3.8
    endloop
  endfacet
  facet normal 0 0 1
    outer loop
      vertex 8.825285717844963 18.149871421711786 3.8
      vertex 8.913019642233849 18.297005353229387 3.8
      vertex 8.31162142753601 18.037992855267866 3.8
    endloop
  endfacet
  facet normal 0 0 1
    outer loop
      vertex 8.942264288663864 18.514607136803015 3.8
      vertex 8.31162142753601 18.037992855267866 3.8
      vertex 8.913019642233849 18.297005353229387 3.8
    endloop
  endfacet
  facet normal 0 0 1
    outer loop
      vertex 8.942264288663864 18.514607136803015 3.8
      vertex 8.91428928822279 18.720219639795168 3.8
      vertex 8.454014286398888 18.960707140820368 3.8
    endloop
  endfacet
  facet normal 0 0 1
    outer loop
      vertex 9.050521425902843 18.06267856593643 3.8
      vertex 9.686371430754662 17.259107140558108 3.8
      vertex 9.186212502419949 18.254132142024382 3.8
    endloop
  endfacet
  facet normal 0 0 1
    outer loop
      vertex 9.686371430754662 17.259107140558108 3.8
      vertex 9.050521425902843 18.06267856593643 3.8
      vertex 9.43642856925726 17.21987142200981 3.8
    endloop
  endfacet
  facet normal 0 0 1
    outer loop
      vertex 10.100500002503395 17.21987142200981 3.8
      vertex 9.838942855596542 18.895328571753844 3.8
      vertex 9.838942855596542 17.259107140558108 3.8
    endloop
  endfacet
  facet normal 0 0 1
    outer loop
      vertex 9.186212502419949 18.254132142024382 3.8
      vertex 9.686371430754662 17.259107140558108 3.8
      vertex 9.686371430754662 18.976692853229387 3.8
    endloop
  endfacet
  facet normal 0 0 1
    outer loop
      vertex 9.186212502419949 18.254132142024382 3.8
      vertex 9.686371430754662 18.976692853229387 3.8
      vertex 9.231442853808403 18.51752142395292 3.8
    endloop
  endfacet
  facet normal 0 0 1
    outer loop
      vertex 9.43642856925726 17.142857139664038 3.8
      vertex 10.767485715448856 14.805792858558043 3.8
      vertex 11.431578569114208 14.805792858558043 3.8
    endloop
  endfacet
  facet normal 0 0 1
    outer loop
      vertex 11.876350000500679 14.569649999695166 3.8
      vertex 10.100500002503395 17.142857139664038 3.8
      vertex 9.43642856925726 17.142857139664038 3.8
    endloop
  endfacet
  facet normal 0 0 1
    outer loop
      vertex 9.43642856925726 17.142857139664038 3.8
      vertex 11.431578569114208 14.805792858558043 3.8
      vertex 11.876350000500679 14.569649999695166 3.8
    endloop
  endfacet
  facet normal 0 0 1
    outer loop
      vertex 10.100500002503395 17.142857139664038 3.8
      vertex 11.876350000500679 14.569649999695166 3.8
      vertex 12.192051783204079 14.76310178424631 3.8
    endloop
  endfacet
  facet normal 0 0 1
    outer loop
      vertex 10.100500002503395 17.142857139664038 3.8
      vertex 12.630528569221497 14.827585709946497 3.8
      vertex 11.040678568184376 17.142857139664038 3.8
    endloop
  endfacet
  facet normal 0 0 1
    outer loop
      vertex 10.100500002503395 17.142857139664038 3.8
      vertex 11.040678568184376 17.142857139664038 3.8
      vertex 10.100500002503395 17.21987142200981 3.8
    endloop
  endfacet
  facet normal 0 0 1
    outer loop
      vertex 9.838942855596542 18.895328571753844 3.8
      vertex 10.100500002503395 17.21987142200981 3.8
      vertex 11.040678568184376 17.142857139664038 3.8
    endloop
  endfacet
  facet normal 0 0 1
    outer loop
      vertex 11.029042854905128 17.648549994187697 3.8
      vertex 10.767485715448856 19.01449285234724 3.8
      vertex 10.026399999856949 19.09150714214359 3.8
    endloop
  endfacet
  facet normal 0 0 1
    outer loop
      vertex 11.181635715067387 17.142857139664038 3.8
      vertex 11.68817500025034 17.681416069822653 3.8
      vertex 11.622057139873505 18.09464999820505 3.8
    endloop
  endfacet
  facet normal 0 0 1
    outer loop
      vertex 11.029042854905128 17.648549994187697 3.8
      vertex 11.029042854905128 18.976692853229387 3.8
      vertex 10.767485715448856 19.01449285234724 3.8
    endloop
  endfacet
  facet normal 0 0 1
    outer loop
      vertex 11.181635715067387 17.142857139664038 3.8
      vertex 11.622057139873505 18.09464999820505 3.8
      vertex 11.685630358755589 18.536217851298197 3.8
    endloop
  endfacet
  facet normal 0 0 1
    outer loop
      vertex 11.181635715067387 17.142857139664038 3.8
      vertex 11.685630358755589 18.536217851298197 3.8
      vertex 11.431578569114208 19.01449285234724 3.8
    endloop
  endfacet
  facet normal 0 0 1
    outer loop
      vertex 11.181635715067387 17.142857139664038 3.8
      vertex 11.431578569114208 19.01449285234724 3.8
      vertex 11.181635715067387 18.976692853229387 3.8
    endloop
  endfacet
  facet normal 0 0 1
    outer loop
      vertex 8.680337503552437 18.93491249318634 3.8
      vertex 8.454014286398888 18.960707140820368 3.8
      vertex 8.91428928822279 18.720219639795168 3.8
    endloop
  endfacet
  facet normal 0 0 1
    outer loop
      vertex 8.680337503552437 18.93491249318634 3.8
      vertex 8.91428928822279 18.720219639795168 3.8
      vertex 8.830364286899567 18.85752856518541 3.8
    endloop
  endfacet
  facet normal 0 0 1
    outer loop
      vertex 9.231442853808403 18.51752142395292 3.8
      vertex 9.43642856925726 19.01449285234724 3.8
      vertex 9.052707143127918 18.94801071073328 3.8
    endloop
  endfacet
  facet normal 0 0 1
    outer loop
      vertex 9.43642856925726 19.09150714214359 3.8
      vertex 9.052707143127918 18.94801071073328 3.8
      vertex 9.43642856925726 19.01449285234724 3.8
    endloop
  endfacet
  facet normal 0 0 1
    outer loop
      vertex 9.052707143127918 18.94801071073328 3.8
      vertex 9.43642856925726 19.09150714214359 3.8
      vertex 7.892819285392761 21.428571430700167 3.8
    endloop
  endfacet
  facet normal 0 0 1
    outer loop
      vertex 10.026399999856949 19.09150714214359 3.8
      vertex 7.892819285392761 21.428571430700167 3.8
      vertex 9.43642856925726 19.09150714214359 3.8
    endloop
  endfacet
  facet normal 0 0 1
    outer loop
      vertex 9.43642856925726 19.01449285234724 3.8
      vertex 9.231442853808403 18.51752142395292 3.8
      vertex 9.686371430754662 18.976692853229387 3.8
    endloop
  endfacet
  facet normal 0 0 1
    outer loop
      vertex 10.026399999856949 19.09150714214359 3.8
      vertex 10.767485715448856 19.09150714214359 3.8
      vertex 7.892819285392761 21.428571430700167 3.8
    endloop
  endfacet
  facet normal 0 0 1
    outer loop
      vertex 10.767485715448856 19.09150714214359 3.8
      vertex 11.431578569114208 19.09150714214359 3.8
      vertex 7.892819285392761 21.428571430700167 3.8
    endloop
  endfacet
  facet normal 0 0 1
    outer loop
      vertex 7.892819285392761 21.428571430700167 3.8
      vertex 11.876350000500679 18.855364283280714 3.8
      vertex 9.370645001530647 21.428571430700167 3.8
    endloop
  endfacet
  facet normal 0 0 1
    outer loop
      vertex 8.813519284129143 21.63782143379961 3.8
      vertex 9.370645001530647 21.56719714190279 3.8
      vertex 8.813519284129143 22.804375713425024 3.8
    endloop
  endfacet
  facet normal 0 0 1
    outer loop
      vertex 8.813519284129143 22.804375713425024 3.8
      vertex 9.370645001530647 21.56719714190279 3.8
      vertex 9.208452142775059 22.804375713425024 3.8
    endloop
  endfacet
  facet normal 0 0 1
    outer loop
      vertex 9.370645001530647 21.428571430700167 3.8
      vertex 10.877399288117886 21.56719714190279 3.8
      vertex 9.370645001530647 21.56719714190279 3.8
    endloop
  endfacet
  facet normal 0 0 1
    outer loop
      vertex 9.208452142775059 22.804375713425024 3.8
      vertex 9.370645001530647 21.56719714190279 3.8
      vertex 9.746957503259182 22.87434428717409 3.8
    endloop
  endfacet
  facet normal 0 0 1
    outer loop
      vertex 9.370645001530647 21.56719714190279 3.8
      vertex 10.877399288117886 21.56719714190279 3.8
      vertex 9.746957503259182 22.87434428717409 3.8
    endloop
  endfacet
  facet normal 0 0 1
    outer loop
      vertex 10.767485715448856 19.09150714214359 3.8
      vertex 10.026399999856949 19.09150714214359 3.8
      vertex 10.767485715448856 19.01449285234724 3.8
    endloop
  endfacet
  facet normal 0 0 1
    outer loop
      vertex 7.892819285392761 21.428571430700167 3.8
      vertex 11.431578569114208 19.09150714214359 3.8
      vertex 11.876350000500679 18.855364283280714 3.8
    endloop
  endfacet
  facet normal 0 0 1
    outer loop
      vertex 9.370645001530647 21.428571430700167 3.8
      vertex 11.876350000500679 18.855364283280714 3.8
      vertex 12.192051783204079 19.048816067831858 3.8
    endloop
  endfacet
  facet normal 0 0 1
    outer loop
      vertex 9.370645001530647 21.428571430700167 3.8
      vertex 12.192051783204079 19.048816067831858 3.8
      vertex 12.630528569221497 19.113299993532046 3.8
    endloop
  endfacet
  facet normal 0 0 1
    outer loop
      vertex 9.370645001530647 21.428571430700167 3.8
      vertex 13.570835717022419 19.01449285234724 3.8
      vertex 10.877399288117886 21.428571430700167 3.8
    endloop
  endfacet
  facet normal 0 0 1
    outer loop
      vertex 10.877399288117886 21.56719714190279 3.8
      vertex 9.370645001530647 21.428571430700167 3.8
      vertex 10.877399288117886 21.428571430700167 3.8
    endloop
  endfacet
  facet normal 0 0 1
    outer loop
      vertex 5.758045002818108 24.729475719588144 3.8
      vertex 5.758045002818108 21.63782143379961 3.8
      vertex 6.207942143082619 21.56719714190279 3.8
    endloop
  endfacet
  facet normal 0 0 1
    outer loop
      vertex 5.758045002818108 24.729475719588144 3.8
      vertex 7.892819285392761 21.428571430700167 3.8
      vertex 7.892819285392761 21.56719714190279 3.8
    endloop
  endfacet
  facet normal 0 0 1
    outer loop
      vertex 5.758045002818108 24.729475719588144 3.8
      vertex 7.892819285392761 21.56719714190279 3.8
      vertex 6.207942143082619 24.797515718000277 3.8
    endloop
  endfacet
  facet normal 0 0 1
    outer loop
      vertex 6.207942143082619 24.797515718000277 3.8
      vertex 7.858799286186695 24.936141429202898 3.8
      vertex 6.207942143082619 24.936141429202898 3.8
    endloop
  endfacet
  facet normal 0 0 1
    outer loop
      vertex 6.207942143082619 24.797515718000277 3.8
      vertex 7.892819285392761 21.56719714190279 3.8
      vertex 7.858799286186695 24.797515718000277 3.8
    endloop
  endfacet
  facet normal 0 0 1
    outer loop
      vertex 8.308696426451206 21.63782143379961 3.8
      vertex 8.308696426451206 24.729475719588144 3.8
      vertex 7.892819285392761 21.56719714190279 3.8
    endloop
  endfacet
  facet normal 0 0 1
    outer loop
      vertex 8.308696426451206 24.729475719588144 3.8
      vertex 7.858799286186695 24.797515718000277 3.8
      vertex 7.892819285392761 21.56719714190279 3.8
    endloop
  endfacet
  facet normal 0 0 1
    outer loop
      vertex 7.858799286186695 24.936141429202898 3.8
      vertex 6.207942143082619 24.797515718000277 3.8
      vertex 7.858799286186695 24.797515718000277 3.8
    endloop
  endfacet
  facet normal 0 0 1
    outer loop
      vertex 0 30 3.8
      vertex 2.3253224939107895 27.079549288111075 3.8
      vertex 23 30 3.8
    endloop
  endfacet
  facet normal 0 0 1
    outer loop
      vertex 9.085524998605251 23.03981571431671 3.8
      vertex 9.469686783850193 23.090161075549467 3.8
      vertex 8.813519284129143 23.03981571431671 3.8
    endloop
  endfacet
  facet normal 0 0 1
    outer loop
      vertex 9.469686783850193 23.090161075549467 3.8
      vertex 9.73811499774456 23.24119714434658 3.8
      vertex 8.813519284129143 23.03981571431671 3.8
    endloop
  endfacet
  facet normal 0 0 1
    outer loop
      vertex 9.069826431572437 24.700701428311213 3.8
      vertex 8.813519284129143 24.700701428311213 3.8
      vertex 8.813519284129143 23.03981571431671 3.8
    endloop
  endfacet
  facet normal 0 0 1
    outer loop
      vertex 9.477208212018013 24.654271071510657 3.8
      vertex 9.069826431572437 24.700701428311213 3.8
      vertex 8.813519284129143 23.03981571431671 3.8
    endloop
  endfacet
  facet normal 0 0 1
    outer loop
      vertex 9.73811499774456 23.24119714434658 3.8
      vertex 9.896036073565483 23.506038216607912 3.8
      vertex 8.813519284129143 23.03981571431671 3.8
    endloop
  endfacet
  facet normal 0 0 1
    outer loop
      vertex 9.896036073565483 23.506038216607912 3.8
      vertex 9.94867642968893 23.897721430020674 3.8
      vertex 8.813519284129143 23.03981571431671 3.8
    endloop
  endfacet
  facet normal 0 0 1
    outer loop
      vertex 9.94867642968893 23.897721430020674 3.8
      vertex 9.89832142740488 24.267823932426317 3.8
      vertex 8.813519284129143 23.03981571431671 3.8
    endloop
  endfacet
  facet normal 0 0 1
    outer loop
      vertex 9.747256428003311 24.514980001108988 3.8
      vertex 9.477208212018013 24.654271071510657 3.8
      vertex 8.813519284129143 23.03981571431671 3.8
    endloop
  endfacet
  facet normal 0 0 1
    outer loop
      vertex 9.89832142740488 24.267823932426317 3.8
      vertex 9.747256428003311 24.514980001108988 3.8
      vertex 8.813519284129143 23.03981571431671 3.8
    endloop
  endfacet
  facet normal 0 0 1
    outer loop
      vertex 9.746957503259182 22.87434428717409 3.8
      vertex 10.877399288117886 21.56719714190279 3.8
      vertex 10.143539287149906 23.084250000970705 3.8
    endloop
  endfacet
  facet normal 0 0 1
    outer loop
      vertex 10.143539287149906 23.084250000970705 3.8
      vertex 11.327296428382397 24.729475719588144 3.8
      vertex 10.387783214449883 23.42886642898832 3.8
    endloop
  endfacet
  facet normal 0 0 1
    outer loop
      vertex 10.387783214449883 23.42886642898832 3.8
      vertex 11.327296428382397 24.729475719588144 3.8
      vertex 10.469197854399681 23.90296714540039 3.8
    endloop
  endfacet
  facet normal 0 0 1
    outer loop
      vertex 10.877399288117886 21.56719714190279 3.8
      vertex 11.327296428382397 24.729475719588144 3.8
      vertex 10.143539287149906 23.084250000970705 3.8
    endloop
  endfacet
  facet normal 0 0 1
    outer loop
      vertex 10.877399288117886 21.56719714190279 3.8
      vertex 11.327296428382397 21.63782143379961 3.8
      vertex 11.327296428382397 24.729475719588144 3.8
    endloop
  endfacet
  facet normal 0 0 1
    outer loop
      vertex 10.469197854399681 23.90296714540039 3.8
      vertex 10.877399288117886 24.797515718000277 3.8
      vertex 10.147473573684692 24.677847860114916 3.8
    endloop
  endfacet
  facet normal 0 0 1
    outer loop
      vertex 10.877399288117886 24.936141429202898 3.8
      vertex 10.147473573684692 24.677847860114916 3.8
      vertex 10.877399288117886 24.797515718000277 3.8
    endloop
  endfacet
  facet normal 0 0 1
    outer loop
      vertex 10.469197854399681 23.90296714540039 3.8
      vertex 11.327296428382397 24.729475719588144 3.8
      vertex 10.877399288117886 24.797515718000277 3.8
    endloop
  endfacet
  facet normal 0 0 1
    outer loop
      vertex 23 30 3.8
      vertex 2.3253224939107895 27.079549288111075 3.8
      vertex 2.462330624461174 27.00642160858427 3.8
    endloop
  endfacet
  facet normal 0 0 1
    outer loop
      vertex 23 30 3.8
      vertex 2.462330624461174 27.00642160858427 3.8
      vertex 2.585969999432564 26.904042860226973 3.8
    endloop
  endfacet
  facet normal 0 0 1
    outer loop
      vertex 23 30 3.8
      vertex 2.585969999432564 26.904042860226973 3.8
      vertex 2.6883487477898598 26.780403485255583 3.8
    endloop
  endfacet
  facet normal 0 0 1
    outer loop
      vertex 23 30 3.8
      vertex 2.6883487477898598 26.780403485255583 3.8
      vertex 7.858799286186695 24.936141429202898 3.8
    endloop
  endfacet
  facet normal 0 -1 0
    outer loop
      vertex 0 0 0
      vertex 23 0 0
      vertex 23 0 3.8
    endloop
  endfacet
  facet normal 0 0 -1
    outer loop
      vertex 0 0 0
      vertex 23 30 0
      vertex 23 0 0
    endloop
  endfacet
  facet normal 1 0 0
    outer loop
      vertex 23 0 0
      vertex 23 30 0
      vertex 23 0 3.8
    endloop
  endfacet
  facet normal 0 0 1
    outer loop
      vertex 0 0 3.8
      vertex 23 0 3.8
      vertex 12.421932145953178 4.24067143137966 3.8
    endloop
  endfacet
  facet normal 0 0 1
    outer loop
      vertex 11.839246429502964 5.583364290850504 3.8
      vertex 11.320482142269611 4.24067143137966 3.8
      vertex 12.344917856156826 4.24067143137966 3.8
    endloop
  endfacet
  facet normal 0 0 1
    outer loop
      vertex 12.421932145953178 4.24067143137966 3.8
      vertex 13.228417858481407 6.1573500015905935 3.8
      vertex 13.058403573930264 6.119550002472742 3.8
    endloop
  endfacet
  facet normal 0 0 1
    outer loop
      vertex 11.172260716557503 6.234364291386946 3.8
      vertex 11.874110713601112 6.097757143633707 3.8
      vertex 12.598621428012848 8.571428572492941 3.8
    endloop
  endfacet
  facet normal 0 0 1
    outer loop
      vertex 11.939510717988014 6.097757143633707 3.8
      vertex 12.598621428012848 8.571428572492941 3.8
      vertex 11.874110713601112 6.097757143633707 3.8
    endloop
  endfacet
  facet normal 0 0 1
    outer loop
      vertex 12.445182144641876 4.746364285903319 3.8
      vertex 12.583246432244778 6.1573500015905935 3.8
      vertex 11.939510717988014 6.097757143633707 3.8
    endloop
  endfacet
  facet normal 0 0 1
    outer loop
      vertex 12.583246432244778 6.234364291386946 3.8
      vertex 11.939510717988014 6.097757143633707 3.8
      vertex 12.583246432244778 6.1573500015905935 3.8
    endloop
  endfacet
  facet normal 0 0 1
    outer loop
      vertex 12.445182144641876 4.746364285903319 3.8
      vertex 12.886932142078876 6.119550002472742 3.8
      vertex 12.583246432244778 6.1573500015905935 3.8
    endloop
  endfacet
  facet normal 0 0 1
    outer loop
      vertex 11.939510717988014 6.097757143633707 3.8
      vertex 12.583246432244778 6.234364291386946 3.8
      vertex 12.598621428012848 8.571428572492941 3.8
    endloop
  endfacet
  facet normal 0 0 1
    outer loop
      vertex 13.228417858481407 6.234364291386946 3.8
      vertex 12.598621428012848 8.571428572492941 3.8
      vertex 12.583246432244778 6.234364291386946 3.8
    endloop
  endfacet
  facet normal 0 0 1
    outer loop
      vertex 13.320153571665287 4.3627285712531645 3.8
      vertex 12.421932145953178 4.24067143137966 3.8
      vertex 13.320153571665287 4.285714288907393 3.8
    endloop
  endfacet
  facet normal 0 0 1
    outer loop
      vertex 12.421932145953178 4.24067143137966 3.8
      vertex 13.320153571665287 4.3627285712531645 3.8
      vertex 13.570096425712109 6.119550002472742 3.8
    endloop
  endfacet
  facet normal 0 0 1
    outer loop
      vertex 12.421932145953178 4.24067143137966 3.8
      vertex 13.320153571665287 6.1573500015905935 3.8
      vertex 13.228417858481407 6.1573500015905935 3.8
    endloop
  endfacet
  facet normal 0 0 1
    outer loop
      vertex 12.421932145953178 4.24067143137966 3.8
      vertex 13.570096425712109 6.119550002472742 3.8
      vertex 13.320153571665287 6.1573500015905935 3.8
    endloop
  endfacet
  facet normal 0 0 1
    outer loop
      vertex 13.570096425712109 4.401964289801462 3.8
      vertex 13.570096425712109 6.119550002472742 3.8
      vertex 13.320153571665287 4.3627285712531645 3.8
    endloop
  endfacet
  facet normal 0 0 1
    outer loop
      vertex 13.984224997460842 4.285714288907393 3.8
      vertex 14.924403570592403 4.285714288907393 3.8
      vertex 13.984224997460842 4.3627285712531645 3.8
    endloop
  endfacet
  facet normal 0 0 1
    outer loop
      vertex 13.984224997460842 4.3627285712531645 3.8
      vertex 13.72266785800457 6.038185720997198 3.8
      vertex 13.72266785800457 4.401964289801462 3.8
    endloop
  endfacet
  facet normal 0 0 1
    outer loop
      vertex 13.72266785800457 6.038185720997198 3.8
      vertex 13.984224997460842 4.3627285712531645 3.8
      vertex 14.924403570592403 4.285714288907393 3.8
    endloop
  endfacet
  facet normal 0 0 1
    outer loop
      vertex 13.228417858481407 6.1573500015905935 3.8
      vertex 13.320153571665287 6.234364291386946 3.8
      vertex 13.228417858481407 6.234364291386946 3.8
    endloop
  endfacet
  facet normal 0 0 1
    outer loop
      vertex 13.320153571665287 6.234364291386946 3.8
      vertex 13.228417858481407 6.1573500015905935 3.8
      vertex 13.320153571665287 6.1573500015905935 3.8
    endloop
  endfacet
  facet normal 0 0 1
    outer loop
      vertex 12.598621428012848 8.571428572492941 3.8
      vertex 13.228417858481407 6.234364291386946 3.8
      vertex 13.320153571665287 6.234364291386946 3.8
    endloop
  endfacet
  facet normal 0 0 1
    outer loop
      vertex 13.910125002264977 6.234364291386946 3.8
      vertex 13.377507142722607 8.571428572492941 3.8
      vertex 13.320153571665287 6.234364291386946 3.8
    endloop
  endfacet
  facet normal 0 0 1
    outer loop
      vertex 13.910125002264977 6.234364291386946 3.8
      vertex 14.651210717856884 6.234364291386946 3.8
      vertex 14.368600003421307 8.571428572492941 3.8
    endloop
  endfacet
  facet normal 0 0 1
    outer loop
      vertex 23 0 3.8
      vertex 13.320153571665287 4.285714288907393 3.8
      vertex 12.421932145953178 4.24067143137966 3.8
    endloop
  endfacet
  facet normal 0 0 1
    outer loop
      vertex 23 0 3.8
      vertex 13.984224997460842 4.285714288907393 3.8
      vertex 13.320153571665287 4.285714288907393 3.8
    endloop
  endfacet
  facet normal 0 0 1
    outer loop
      vertex 15.46946071088314 4.3627285712531645 3.8
      vertex 15.065360717475414 4.285714288907393 3.8
      vertex 15.46946071088314 4.285714288907393 3.8
    endloop
  endfacet
  facet normal 0 0 1
    outer loop
      vertex 15.065360717475414 4.285714288907393 3.8
      vertex 15.46946071088314 4.3627285712531645 3.8
      vertex 15.719403572380543 6.119550002472742 3.8
    endloop
  endfacet
  facet normal 0 0 1
    outer loop
      vertex 15.065360717475414 4.285714288907393 3.8
      vertex 15.315303571522236 6.1573500015905935 3.8
      vertex 15.065360717475414 6.119550002472742 3.8
    endloop
  endfacet
  facet normal 0 0 1
    outer loop
      vertex 15.065360717475414 4.285714288907393 3.8
      vertex 15.46946071088314 6.1573500015905935 3.8
      vertex 15.315303571522236 6.1573500015905935 3.8
    endloop
  endfacet
  facet normal 0 0 1
    outer loop
      vertex 15.065360717475414 4.285714288907393 3.8
      vertex 15.719403572380543 6.119550002472742 3.8
      vertex 15.46946071088314 6.1573500015905935 3.8
    endloop
  endfacet
  facet normal 0 0 1
    outer loop
      vertex 15.719403572380543 4.401964289801462 3.8
      vertex 15.719403572380543 6.119550002472742 3.8
      vertex 15.46946071088314 4.3627285712531645 3.8
    endloop
  endfacet
  facet normal 0 0 1
    outer loop
      vertex 14.912767857313156 4.7914071434310515 3.8
      vertex 14.651210717856884 6.1573500015905935 3.8
      vertex 13.910125002264977 6.234364291386946 3.8
    endloop
  endfacet
  facet normal 0 0 1
    outer loop
      vertex 14.651210717856884 6.234364291386946 3.8
      vertex 13.910125002264977 6.234364291386946 3.8
      vertex 14.651210717856884 6.1573500015905935 3.8
    endloop
  endfacet
  facet normal 0 0 1
    outer loop
      vertex 14.912767857313156 4.7914071434310515 3.8
      vertex 14.912767857313156 6.119550002472742 3.8
      vertex 14.651210717856884 6.1573500015905935 3.8
    endloop
  endfacet
  facet normal 0 0 1
    outer loop
      vertex 15.315303571522236 6.234364291386946 3.8
      vertex 14.368600003421307 8.571428572492941 3.8
      vertex 14.651210717856884 6.234364291386946 3.8
    endloop
  endfacet
  facet normal 0 0 1
    outer loop
      vertex 15.315303571522236 6.234364291386946 3.8
      vertex 15.46946071088314 6.234364291386946 3.8
      vertex 14.368600003421307 8.648442854838713 3.8
    endloop
  endfacet
  facet normal 0 0 1
    outer loop
      vertex 15.315303571522236 6.1573500015905935 3.8
      vertex 15.46946071088314 6.234364291386946 3.8
      vertex 15.315303571522236 6.234364291386946 3.8
    endloop
  endfacet
  facet normal 0 0 1
    outer loop
      vertex 15.46946071088314 6.234364291386946 3.8
      vertex 15.315303571522236 6.1573500015905935 3.8
      vertex 15.46946071088314 6.1573500015905935 3.8
    endloop
  endfacet
  facet normal 0 0 1
    outer loop
      vertex 16.05943214148283 6.234364291386946 3.8
      vertex 14.368600003421307 8.648442854838713 3.8
      vertex 15.46946071088314 6.234364291386946 3.8
    endloop
  endfacet
  facet normal 0 0 1
    outer loop
      vertex 14.368600003421307 8.648442854838713 3.8
      vertex 16.05943214148283 6.234364291386946 3.8
      vertex 16.800517857074738 6.234364291386946 3.8
    endloop
  endfacet
  facet normal 0 0 1
    outer loop
      vertex 16.133532144129276 4.285714288907393 3.8
      vertex 17.073710717260838 4.285714288907393 3.8
      vertex 16.133532144129276 4.3627285712531645 3.8
    endloop
  endfacet
  facet normal 0 0 1
    outer loop
      vertex 16.133532144129276 4.3627285712531645 3.8
      vertex 15.871974997222424 6.038185720997198 3.8
      vertex 15.871974997222424 4.401964289801462 3.8
    endloop
  endfacet
  facet normal 0 0 1
    outer loop
      vertex 15.871974997222424 6.038185720997198 3.8
      vertex 16.133532144129276 4.3627285712531645 3.8
      vertex 17.073710717260838 4.285714288907393 3.8
    endloop
  endfacet
  facet normal 0 0 1
    outer loop
      vertex 17.46461071074009 6.234364291386946 3.8
      vertex 14.368600003421307 8.648442854838713 3.8
      vertex 16.800517857074738 6.234364291386946 3.8
    endloop
  endfacet
  facet normal 0 0 1
    outer loop
      vertex 17.06207499653101 4.7914071434310515 3.8
      vertex 16.800517857074738 6.1573500015905935 3.8
      vertex 16.05943214148283 6.234364291386946 3.8
    endloop
  endfacet
  facet normal 0 0 1
    outer loop
      vertex 16.800517857074738 6.234364291386946 3.8
      vertex 16.05943214148283 6.234364291386946 3.8
      vertex 16.800517857074738 6.1573500015905935 3.8
    endloop
  endfacet
  facet normal 0 0 1
    outer loop
      vertex 17.06207499653101 4.7914071434310515 3.8
      vertex 17.06207499653101 6.119550002472742 3.8
      vertex 16.800517857074738 6.1573500015905935 3.8
    endloop
  endfacet
  facet normal 0 0 1
    outer loop
      vertex 10.419346429407597 6.234364291386946 3.8
      vertex 12.598621428012848 8.648442854838713 3.8
      vertex 12.386414282023907 8.571428572492941 3.8
    endloop
  endfacet
  facet normal 0 0 1
    outer loop
      vertex 10.419346429407597 6.234364291386946 3.8
      vertex 12.598621428012848 8.571428572492941 3.8
      vertex 12.598621428012848 8.648442854838713 3.8
    endloop
  endfacet
  facet normal 0 0 1
    outer loop
      vertex 11.395321428775787 8.571428572492941 3.8
      vertex 11.607528574764729 8.571428572492941 3.8
      vertex 11.607528574764729 8.648442854838713 3.8
    endloop
  endfacet
  facet normal 0 0 1
    outer loop
      vertex 11.145378574728966 8.68767857338701 3.8
      vertex 11.607528574764729 8.648442854838713 3.8
      vertex 11.85747142881155 10.40526428605829 3.8
    endloop
  endfacet
  facet normal 0 0 1
    outer loop
      vertex 11.85747142881155 8.68767857338701 3.8
      vertex 11.85747142881155 10.40526428605829 3.8
      vertex 11.607528574764729 8.648442854838713 3.8
    endloop
  endfacet
  facet normal 0 0 1
    outer loop
      vertex 12.136471427977085 8.68767857338701 3.8
      vertex 12.386414282023907 8.648442854838713 3.8
      vertex 12.598621428012848 8.648442854838713 3.8
    endloop
  endfacet
  facet normal 0 0 1
    outer loop
      vertex 12.386414282023907 8.571428572492941 3.8
      vertex 12.598621428012848 8.648442854838713 3.8
      vertex 12.386414282023907 8.648442854838713 3.8
    endloop
  endfacet
  facet normal 0 0 1
    outer loop
      vertex 12.136471427977085 8.68767857338701 3.8
      vertex 12.598621428012848 8.648442854838713 3.8
      vertex 12.84856428205967 10.40526428605829 3.8
    endloop
  endfacet
  facet normal 0 0 1
    outer loop
      vertex 12.84856428205967 8.68767857338701 3.8
      vertex 12.84856428205967 10.40526428605829 3.8
      vertex 12.598621428012848 8.648442854838713 3.8
    endloop
  endfacet
  facet normal 0 0 1
    outer loop
      vertex 11.145378574728966 8.68767857338701 3.8
      vertex 11.85747142881155 10.40526428605829 3.8
      vertex 11.607528574764729 10.443064285176142 3.8
    endloop
  endfacet
  facet normal 0 0 1
    outer loop
      vertex 11.607528574764729 10.520078574972494 3.8
      vertex 11.395321428775787 10.443064285176142 3.8
      vertex 11.607528574764729 10.443064285176142 3.8
    endloop
  endfacet
  facet normal 0 0 1
    outer loop
      vertex 12.136471427977085 8.68767857338701 3.8
      vertex 12.386414282023907 10.443064285176142 3.8
      vertex 12.136471427977085 10.40526428605829 3.8
    endloop
  endfacet
  facet normal 0 0 1
    outer loop
      vertex 12.136471427977085 8.68767857338701 3.8
      vertex 12.598621428012848 10.443064285176142 3.8
      vertex 12.386414282023907 10.443064285176142 3.8
    endloop
  endfacet
  facet normal 0 0 1
    outer loop
      vertex 12.136471427977085 8.68767857338701 3.8
      vertex 12.84856428205967 10.40526428605829 3.8
      vertex 12.598621428012848 10.443064285176142 3.8
    endloop
  endfacet
  facet normal 0 0 1
    outer loop
      vertex 12.386414282023907 10.443064285176142 3.8
      vertex 12.598621428012848 10.520078574972494 3.8
      vertex 12.386414282023907 10.520078574972494 3.8
    endloop
  endfacet
  facet normal 0 0 1
    outer loop
      vertex 12.598621428012848 10.520078574972494 3.8
      vertex 12.386414282023907 10.443064285176142 3.8
      vertex 12.598621428012848 10.443064285176142 3.8
    endloop
  endfacet
  facet normal 0 0 1
    outer loop
      vertex 12.598621428012848 8.571428572492941 3.8
      vertex 13.320153571665287 6.234364291386946 3.8
      vertex 13.377507142722607 8.571428572492941 3.8
    endloop
  endfacet
  facet normal 0 0 1
    outer loop
      vertex 13.910125002264977 6.234364291386946 3.8
      vertex 13.589714288711548 8.571428572492941 3.8
      vertex 13.377507142722607 8.571428572492941 3.8
    endloop
  endfacet
  facet normal 0 0 1
    outer loop
      vertex 13.127564288675785 8.68767857338701 3.8
      vertex 13.377507142722607 8.648442854838713 3.8
      vertex 13.589714288711548 8.648442854838713 3.8
    endloop
  endfacet
  facet normal 0 0 1
    outer loop
      vertex 13.377507142722607 8.571428572492941 3.8
      vertex 13.589714288711548 8.648442854838713 3.8
      vertex 13.377507142722607 8.648442854838713 3.8
    endloop
  endfacet
  facet normal 0 0 1
    outer loop
      vertex 13.589714288711548 8.648442854838713 3.8
      vertex 13.377507142722607 8.571428572492941 3.8
      vertex 13.589714288711548 8.571428572492941 3.8
    endloop
  endfacet
  facet normal 0 0 1
    outer loop
      vertex 13.127564288675785 8.68767857338701 3.8
      vertex 13.589714288711548 8.648442854838713 3.8
      vertex 13.83965714275837 10.40526428605829 3.8
    endloop
  endfacet
  facet normal 0 0 1
    outer loop
      vertex 13.589714288711548 8.571428572492941 3.8
      vertex 13.910125002264977 6.234364291386946 3.8
      vertex 14.368600003421307 8.571428572492941 3.8
    endloop
  endfacet
  facet normal 0 0 1
    outer loop
      vertex 13.83965714275837 8.68767857338701 3.8
      vertex 13.83965714275837 10.40526428605829 3.8
      vertex 13.589714288711548 8.648442854838713 3.8
    endloop
  endfacet
  facet normal 0 0 1
    outer loop
      vertex 14.118657141923904 10.40526428605829 3.8
      vertex 14.118657141923904 8.68767857338701 3.8
      vertex 14.368600003421307 8.648442854838713 3.8
    endloop
  endfacet
  facet normal 0 0 1
    outer loop
      vertex 13.127564288675785 8.68767857338701 3.8
      vertex 13.377507142722607 10.443064285176142 3.8
      vertex 13.127564288675785 10.40526428605829 3.8
    endloop
  endfacet
  facet normal 0 0 1
    outer loop
      vertex 13.127564288675785 8.68767857338701 3.8
      vertex 13.589714288711548 10.443064285176142 3.8
      vertex 13.377507142722607 10.443064285176142 3.8
    endloop
  endfacet
  facet normal 0 0 1
    outer loop
      vertex 13.127564288675785 8.68767857338701 3.8
      vertex 13.83965714275837 10.40526428605829 3.8
      vertex 13.589714288711548 10.443064285176142 3.8
    endloop
  endfacet
  facet normal 0 0 1
    outer loop
      vertex 13.377507142722607 10.443064285176142 3.8
      vertex 13.589714288711548 10.520078574972494 3.8
      vertex 13.377507142722607 10.520078574972494 3.8
    endloop
  endfacet
  facet normal 0 0 1
    outer loop
      vertex 13.589714288711548 10.520078574972494 3.8
      vertex 13.377507142722607 10.443064285176142 3.8
      vertex 13.589714288711548 10.443064285176142 3.8
    endloop
  endfacet
  facet normal 0 0 1
    outer loop
      vertex 11.181635715067387 12.85714285607849 3.8
      vertex 11.607528574764729 10.520078574972494 3.8
      vertex 12.624721430242062 12.828085710959776 3.8
    endloop
  endfacet
  facet normal 0 0 1
    outer loop
      vertex 12.386414282023907 10.520078574972494 3.8
      vertex 12.624721430242062 12.828085710959776 3.8
      vertex 11.607528574764729 10.520078574972494 3.8
    endloop
  endfacet
  facet normal 0 0 1
    outer loop
      vertex 11.181635715067387 12.85714285607849 3.8
      vertex 11.886528573930264 13.086000000791891 3.8
      vertex 11.68817500025034 13.395701786237105 3.8
    endloop
  endfacet
  facet normal 0 0 1
    outer loop
      vertex 11.181635715067387 12.85714285607849 3.8
      vertex 12.203312501311302 12.892564287143095 3.8
      vertex 11.886528573930264 13.086000000791891 3.8
    endloop
  endfacet
  facet normal 0 0 1
    outer loop
      vertex 11.181635715067387 12.85714285607849 3.8
      vertex 12.624721430242062 12.828085710959776 3.8
      vertex 12.203312501311302 12.892564287143095 3.8
    endloop
  endfacet
  facet normal 0 0 1
    outer loop
      vertex 12.386414282023907 10.520078574972494 3.8
      vertex 12.598621428012848 10.520078574972494 3.8
      vertex 12.624721430242062 12.828085710959776 3.8
    endloop
  endfacet
  facet normal 0 0 1
    outer loop
      vertex 13.377507142722607 10.520078574972494 3.8
      vertex 12.624721430242062 12.828085710959776 3.8
      vertex 12.598621428012848 10.520078574972494 3.8
    endloop
  endfacet
  facet normal 0 0 1
    outer loop
      vertex 12.105228573083878 13.163742853062494 3.8
      vertex 12.325562499463558 12.995908928768976 3.8
      vertex 12.627635717391968 12.939964284854277 3.8
    endloop
  endfacet
  facet normal 0 0 1
    outer loop
      vertex 11.97063035517931 13.437669640140875 3.8
      vertex 12.627635717391968 12.939964284854277 3.8
      vertex 11.92576428502798 13.811850001769407 3.8
    endloop
  endfacet
  facet normal 0 0 1
    outer loop
      vertex 11.876350000500679 14.569649999695166 3.8
      vertex 11.431578569114208 14.72877856876169 3.8
      vertex 11.685630358755589 14.250503567712649 3.8
    endloop
  endfacet
  facet normal 0 0 1
    outer loop
      vertex 11.876350000500679 14.569649999695166 3.8
      vertex 11.431578569114208 14.805792858558043 3.8
      vertex 11.431578569114208 14.72877856876169 3.8
    endloop
  endfacet
  facet normal 0 0 1
    outer loop
      vertex 12.105228573083878 13.163742853062494 3.8
      vertex 12.627635717391968 12.939964284854277 3.8
      vertex 11.97063035517931 13.437669640140875 3.8
    endloop
  endfacet
  facet normal 0 0 1
    outer loop
      vertex 12.788558930158615 12.94995535697256 3.8
      vertex 11.92576428502798 13.811850001769407 3.8
      vertex 12.627635717391968 12.939964284854277 3.8
    endloop
  endfacet
  facet normal 0 0 1
    outer loop
      vertex 11.92576428502798 13.811850001769407 3.8
      vertex 12.788558930158615 12.94995535697256 3.8
      vertex 12.940042860805988 12.979928573327406 3.8
    endloop
  endfacet
  facet normal 0 0 1
    outer loop
      vertex 13.071549996733665 13.026610715048655 3.8
      vertex 11.968632139265537 14.212178570883616 3.8
      vertex 11.92576428502798 13.811850001769407 3.8
    endloop
  endfacet
  facet normal 0 0 1
    outer loop
      vertex 11.968632139265537 14.212178570883616 3.8
      vertex 13.226307146251202 13.377364283161505 3.8
      vertex 12.097235716879368 14.491907139973982 3.8
    endloop
  endfacet
  facet normal 0 0 1
    outer loop
      vertex 11.92576428502798 13.811850001769407 3.8
      vertex 12.940042860805988 12.979928573327406 3.8
      vertex 13.071549996733665 13.026610715048655 3.8
    endloop
  endfacet
  facet normal 0 0 1
    outer loop
      vertex 11.968632139265537 14.212178570883616 3.8
      vertex 13.071549996733665 13.026610715048655 3.8
      vertex 13.172542855143547 13.086728570716723 3.8
    endloop
  endfacet
  facet normal 0 0 1
    outer loop
      vertex 11.968632139265537 14.212178570883616 3.8
      vertex 13.172542855143547 13.086728570716723 3.8
      vertex 13.226307146251202 13.377364283161505 3.8
    endloop
  endfacet
  facet normal 0 0 1
    outer loop
      vertex 12.097235716879368 14.491907139973982 3.8
      vertex 13.226307146251202 13.377364283161505 3.8
      vertex 12.319203570485115 14.656478566782816 3.8
    endloop
  endfacet
  facet normal 0 0 1
    outer loop
      vertex 12.319203570485115 14.656478566782816 3.8
      vertex 13.320764288306236 13.377364283161505 3.8
      vertex 12.642164282500744 14.711335716503008 3.8
    endloop
  endfacet
  facet normal 0 0 1
    outer loop
      vertex 12.642164282500744 14.711335716503008 3.8
      vertex 13.320764288306236 13.377364283161505 3.8
      vertex 12.780389286577702 14.70279642726694 3.8
    endloop
  endfacet
  facet normal 0 0 1
    outer loop
      vertex 12.624721430242062 12.828085710959776 3.8
      vertex 13.377507142722607 10.520078574972494 3.8
      vertex 12.980366073548794 12.850971428411349 3.8
    endloop
  endfacet
  facet normal 0 0 1
    outer loop
      vertex 13.312042854726315 12.919628573315485 3.8
      vertex 12.980366073548794 12.850971428411349 3.8
      vertex 13.377507142722607 10.520078574972494 3.8
    endloop
  endfacet
  facet normal 0 0 1
    outer loop
      vertex 13.312042854726315 12.919628573315485 3.8
      vertex 13.377507142722607 10.520078574972494 3.8
      vertex 13.589714288711548 10.520078574972494 3.8
    endloop
  endfacet
  facet normal 0 0 1
    outer loop
      vertex 13.312042854726315 12.919628573315485 3.8
      vertex 13.589735716581345 12.934157138424261 3.8
      vertex 13.320764288306236 13.377364283161505 3.8
    endloop
  endfacet
  facet normal 0 0 1
    outer loop
      vertex 13.589735716581345 12.934157138424261 3.8
      vertex 13.312042854726315 12.919628573315485 3.8
      vertex 13.589735716581345 12.85714285607849 3.8
    endloop
  endfacet
  facet normal 0 0 1
    outer loop
      vertex 13.312042854726315 12.919628573315485 3.8
      vertex 13.589714288711548 10.520078574972494 3.8
      vertex 14.368600003421307 10.520078574972494 3.8
    endloop
  endfacet
  facet normal 0 0 1
    outer loop
      vertex 13.320764288306236 13.377364283161505 3.8
      vertex 12.319203570485115 14.656478566782816 3.8
      vertex 13.226307146251202 13.377364283161505 3.8
    endloop
  endfacet
  facet normal 0 0 1
    outer loop
      vertex 13.195792853832245 14.327700001852854 3.8
      vertex 13.320764288306236 13.377364283161505 3.8
      vertex 13.291707143187523 14.327700001852854 3.8
    endloop
  endfacet
  facet normal 0 0 1
    outer loop
      vertex 13.320764288306236 13.377364283161505 3.8
      vertex 13.589735716581345 12.934157138424261 3.8
      vertex 13.570835717022419 14.72877856876169 3.8
    endloop
  endfacet
  facet normal 0 0 1
    outer loop
      vertex 12.780389286577702 14.70279642726694 3.8
      vertex 13.320764288306236 13.377364283161505 3.8
      vertex 12.916064284741879 14.677178567009314 3.8
    endloop
  endfacet
  facet normal 0 0 1
    outer loop
      vertex 12.916064284741879 14.677178567009314 3.8
      vertex 13.320764288306236 13.377364283161505 3.8
      vertex 13.152207143604755 14.580557143049582 3.8
    endloop
  endfacet
  facet normal 0 0 1
    outer loop
      vertex 13.152207143604755 14.580557143049582 3.8
      vertex 13.320764288306236 13.377364283161505 3.8
      vertex 13.195792853832245 14.327700001852854 3.8
    endloop
  endfacet
  facet normal 0 0 1
    outer loop
      vertex 12.916064284741879 14.677178567009314 3.8
      vertex 13.152207143604755 14.580557143049582 3.8
      vertex 13.04231071472168 14.635955353932722 3.8
    endloop
  endfacet
  facet normal 0 0 1
    outer loop
      vertex 13.320764288306236 13.377364283161505 3.8
      vertex 13.570835717022419 14.72877856876169 3.8
      vertex 13.291707143187523 14.327700001852854 3.8
    endloop
  endfacet
  facet normal 0 0 1
    outer loop
      vertex 13.291707143187523 14.327700001852854 3.8
      vertex 13.570835717022419 14.72877856876169 3.8
      vertex 13.282985717058182 14.753464286880835 3.8
    endloop
  endfacet
  facet normal 0 0 1
    outer loop
      vertex 13.82077857106924 12.97339285697256 3.8
      vertex 13.82077857106924 14.690978569643839 3.8
      vertex 13.589735716581345 12.934157138424261 3.8
    endloop
  endfacet
  facet normal 0 0 1
    outer loop
      vertex 14.101235717535019 12.97339285697256 3.8
      vertex 14.41075000166893 12.934157138424261 3.8
      vertex 14.101235717535019 13.621478570359095 3.8
    endloop
  endfacet
  facet normal 0 0 1
    outer loop
      vertex 14.101235717535019 13.621478570359095 3.8
      vertex 14.41075000166893 12.934157138424261 3.8
      vertex 14.320642858743668 13.621478570359095 3.8
    endloop
  endfacet
  facet normal 0 0 1
    outer loop
      vertex 14.252350002527237 13.752278571682318 3.8
      vertex 14.465773217380047 13.780248215155943 3.8
      vertex 14.101235717535019 13.752278571682318 3.8
    endloop
  endfacet
  facet normal 0 0 1
    outer loop
      vertex 13.82077857106924 14.690978569643839 3.8
      vertex 13.570835717022419 14.72877856876169 3.8
      vertex 13.589735716581345 12.934157138424261 3.8
    endloop
  endfacet
  facet normal 0 0 1
    outer loop
      vertex 14.243628568947315 14.67499285723482 3.8
      vertex 14.101235717535019 14.67499285723482 3.8
      vertex 14.101235717535019 13.752278571682318 3.8
    endloop
  endfacet
  facet normal 0 0 1
    outer loop
      vertex 14.469951786100864 14.64919820960079 3.8
      vertex 14.243628568947315 14.67499285723482 3.8
      vertex 14.101235717535019 13.752278571682318 3.8
    endloop
  endfacet
  facet normal 0 0 1
    outer loop
      vertex 15.315303571522236 6.234364291386946 3.8
      vertex 14.368600003421307 8.648442854838713 3.8
      vertex 14.368600003421307 8.571428572492941 3.8
    endloop
  endfacet
  facet normal 0 0 1
    outer loop
      vertex 14.118657141923904 10.40526428605829 3.8
      vertex 14.368600003421307 8.648442854838713 3.8
      vertex 17.46461071074009 6.234364291386946 3.8
    endloop
  endfacet
  facet normal 0 0 1
    outer loop
      vertex 14.118657141923904 10.40526428605829 3.8
      vertex 18.208739288151264 6.234364291386946 3.8
      vertex 14.368600003421307 10.443064285176142 3.8
    endloop
  endfacet
  facet normal 0 0 1
    outer loop
      vertex 14.368600003421307 10.443064285176142 3.8
      vertex 18.208739288151264 6.234364291386946 3.8
      vertex 14.368600003421307 10.520078574972494 3.8
    endloop
  endfacet
  facet normal 0 0 1
    outer loop
      vertex 13.312042854726315 12.919628573315485 3.8
      vertex 14.368600003421307 10.520078574972494 3.8
      vertex 18.208739288151264 6.234364291386946 3.8
    endloop
  endfacet
  facet normal 0 0 1
    outer loop
      vertex 13.312042854726315 12.919628573315485 3.8
      vertex 19.613917857408524 6.234364291386946 3.8
      vertex 13.589735716581345 12.85714285607849 3.8
    endloop
  endfacet
  facet normal 0 0 1
    outer loop
      vertex 14.118657141923904 10.40526428605829 3.8
      vertex 17.46461071074009 6.234364291386946 3.8
      vertex 17.618767857551575 6.234364291386946 3.8
    endloop
  endfacet
  facet normal 0 0 1
    outer loop
      vertex 14.118657141923904 10.40526428605829 3.8
      vertex 17.618767857551575 6.234364291386946 3.8
      vertex 18.208739288151264 6.234364291386946 3.8
    endloop
  endfacet
  facet normal 0 0 1
    outer loop
      vertex 13.312042854726315 12.919628573315485 3.8
      vertex 18.208739288151264 6.234364291386946 3.8
      vertex 19.211382143199444 5.23412142977828 3.8
    endloop
  endfacet
  facet normal 0 0 1
    outer loop
      vertex 19.211382143199444 5.23412142977828 3.8
      vertex 18.94982499629259 6.1573500015905935 3.8
      vertex 13.312042854726315 12.919628573315485 3.8
    endloop
  endfacet
  facet normal 0 0 1
    outer loop
      vertex 18.94982499629259 6.234364291386946 3.8
      vertex 13.312042854726315 12.919628573315485 3.8
      vertex 18.94982499629259 6.1573500015905935 3.8
    endloop
  endfacet
  facet normal 0 0 1
    outer loop
      vertex 13.589735716581345 12.85714285607849 3.8
      vertex 19.613917857408524 6.234364291386946 3.8
      vertex 14.41075000166893 12.85714285607849 3.8
    endloop
  endfacet
  facet normal 0 0 1
    outer loop
      vertex 14.41075000166893 12.85714285607849 3.8
      vertex 19.613917857408524 6.234364291386946 3.8
      vertex 15.226042859256268 12.85714285607849 3.8
    endloop
  endfacet
  facet normal 0 0 1
    outer loop
      vertex 15.226042859256268 12.85714285607849 3.8
      vertex 19.613917857408524 6.234364291386946 3.8
      vertex 15.890114285051823 12.85714285607849 3.8
    endloop
  endfacet
  facet normal 0 0 1
    outer loop
      vertex 14.41075000166893 12.85714285607849 3.8
      vertex 15.226042859256268 12.934157138424261 3.8
      vertex 14.41075000166893 12.934157138424261 3.8
    endloop
  endfacet
  facet normal 0 0 1
    outer loop
      vertex 15.226042859256268 12.934157138424261 3.8
      vertex 14.41075000166893 12.85714285607849 3.8
      vertex 15.226042859256268 12.85714285607849 3.8
    endloop
  endfacet
  facet normal 0 0 1
    outer loop
      vertex 14.320642858743668 13.621478570359095 3.8
      vertex 14.41075000166893 12.934157138424261 3.8
      vertex 14.61981250345707 13.660350000219687 3.8
    endloop
  endfacet
  facet normal 0 0 1
    outer loop
      vertex 14.465773217380047 13.780248215155943 3.8
      vertex 14.61490000039339 13.864157138126238 3.8
      vertex 14.101235717535019 13.752278571682318 3.8
    endloop
  endfacet
  facet normal 0 0 1
    outer loop
      vertex 14.61490000039339 13.864157138126238 3.8
      vertex 14.702633932232857 14.011291069643839 3.8
      vertex 14.101235717535019 13.752278571682318 3.8
    endloop
  endfacet
  facet normal 0 0 1
    outer loop
      vertex 14.702633932232857 14.011291069643839 3.8
      vertex 14.731878571212292 14.228892853217467 3.8
      vertex 14.101235717535019 13.752278571682318 3.8
    endloop
  endfacet
  facet normal 0 0 1
    outer loop
      vertex 14.41075000166893 12.934157138424261 3.8
      vertex 15.226042859256268 12.934157138424261 3.8
      vertex 14.61981250345707 13.660350000219687 3.8
    endloop
  endfacet
  facet normal 0 0 1
    outer loop
      vertex 14.61981250345707 13.660350000219687 3.8
      vertex 15.226042859256268 12.934157138424261 3.8
      vertex 14.840135715901852 13.776964282350882 3.8
    endloop
  endfacet
  facet normal 0 0 1
    outer loop
      vertex 14.731878571212292 14.228892853217467 3.8
      vertex 14.703903570771217 14.43450535620962 3.8
      vertex 14.101235717535019 13.752278571682318 3.8
    endloop
  endfacet
  facet normal 0 0 1
    outer loop
      vertex 14.703903570771217 14.43450535620962 3.8
      vertex 14.619978569447994 14.571814281599863 3.8
      vertex 14.101235717535019 13.752278571682318 3.8
    endloop
  endfacet
  facet normal 0 0 1
    outer loop
      vertex 14.619978569447994 14.571814281599863 3.8
      vertex 14.469951786100864 14.64919820960079 3.8
      vertex 14.101235717535019 13.752278571682318 3.8
    endloop
  endfacet
  facet normal 0 0 1
    outer loop
      vertex 15.021057143807411 14.231807140367373 3.8
      vertex 15.226042859256268 14.72877856876169 3.8
      vertex 14.842321425676346 14.66229642714773 3.8
    endloop
  endfacet
  facet normal 0 0 1
    outer loop
      vertex 15.47598571330309 12.97339285697256 3.8
      vertex 14.840135715901852 13.776964282350882 3.8
      vertex 15.226042859256268 12.934157138424261 3.8
    endloop
  endfacet
  facet normal 0 0 1
    outer loop
      vertex 14.840135715901852 13.776964282350882 3.8
      vertex 15.47598571330309 12.97339285697256 3.8
      vertex 14.975826784968376 13.968417858438833 3.8
    endloop
  endfacet
  facet normal 0 0 1
    outer loop
      vertex 14.975826784968376 13.968417858438833 3.8
      vertex 15.47598571330309 12.97339285697256 3.8
      vertex 15.021057143807411 14.231807140367373 3.8
    endloop
  endfacet
  facet normal 0 0 1
    outer loop
      vertex 15.47598571330309 12.97339285697256 3.8
      vertex 15.47598571330309 14.690978569643839 3.8
      vertex 15.021057143807411 14.231807140367373 3.8
    endloop
  endfacet
  facet normal 0 0 1
    outer loop
      vertex 15.890114285051823 12.934157138424261 3.8
      vertex 15.62855714559555 14.609614288168295 3.8
      vertex 15.62855714559555 12.97339285697256 3.8
    endloop
  endfacet
  facet normal 0 0 1
    outer loop
      vertex 15.226042859256268 14.805792858558043 3.8
      vertex 14.842321425676346 14.66229642714773 3.8
      vertex 15.226042859256268 14.72877856876169 3.8
    endloop
  endfacet
  facet normal 0 0 1
    outer loop
      vertex 15.226042859256268 14.72877856876169 3.8
      vertex 15.021057143807411 14.231807140367373 3.8
      vertex 15.47598571330309 14.690978569643839 3.8
    endloop
  endfacet
  facet normal 0 0 1
    outer loop
      vertex 15.890114285051823 12.85714285607849 3.8
      vertex 16.830292858183384 12.85714285607849 3.8
      vertex 15.890114285051823 12.934157138424261 3.8
    endloop
  endfacet
  facet normal 0 0 1
    outer loop
      vertex 15.62855714559555 14.609614288168295 3.8
      vertex 15.890114285051823 12.934157138424261 3.8
      vertex 16.830292858183384 12.85714285607849 3.8
    endloop
  endfacet
  facet normal 0 0 1
    outer loop
      vertex 16.818657144904137 13.362835710602148 3.8
      vertex 16.557099997997284 14.72877856876169 3.8
      vertex 15.816014282405376 14.805792858558043 3.8
    endloop
  endfacet
  facet normal 0 0 1
    outer loop
      vertex 16.557099997997284 14.805792858558043 3.8
      vertex 15.816014282405376 14.805792858558043 3.8
      vertex 16.557099997997284 14.72877856876169 3.8
    endloop
  endfacet
  facet normal 0 0 1
    outer loop
      vertex 16.818657144904137 13.362835710602148 3.8
      vertex 16.818657144904137 14.690978569643839 3.8
      vertex 16.557099997997284 14.72877856876169 3.8
    endloop
  endfacet
  facet normal 0 0 1
    outer loop
      vertex 16.971249997615814 12.85714285607849 3.8
      vertex 17.221192859113216 14.72877856876169 3.8
      vertex 16.971249997615814 14.690978569643839 3.8
    endloop
  endfacet
  facet normal 0 0 1
    outer loop
      vertex 23 0 3.8
      vertex 14.924403570592403 4.285714288907393 3.8
      vertex 13.984224997460842 4.285714288907393 3.8
    endloop
  endfacet
  facet normal 0 0 1
    outer loop
      vertex 23 0 3.8
      vertex 15.065360717475414 4.285714288907393 3.8
      vertex 14.924403570592403 4.285714288907393 3.8
    endloop
  endfacet
  facet normal 0 0 1
    outer loop
      vertex 23 0 3.8
      vertex 15.46946071088314 4.285714288907393 3.8
      vertex 15.065360717475414 4.285714288907393 3.8
    endloop
  endfacet
  facet normal 0 0 1
    outer loop
      vertex 23 0 3.8
      vertex 16.133532144129276 4.285714288907393 3.8
      vertex 15.46946071088314 4.285714288907393 3.8
    endloop
  endfacet
  facet normal 0 0 1
    outer loop
      vertex 23 0 3.8
      vertex 17.073710717260838 4.285714288907393 3.8
      vertex 16.133532144129276 4.285714288907393 3.8
    endloop
  endfacet
  facet normal 0 0 1
    outer loop
      vertex 23 0 3.8
      vertex 17.214667856693268 4.285714288907393 3.8
      vertex 17.073710717260838 4.285714288907393 3.8
    endloop
  endfacet
  facet normal 0 0 1
    outer loop
      vertex 23 0 3.8
      vertex 17.618767857551575 4.285714288907393 3.8
      vertex 17.214667856693268 4.285714288907393 3.8
    endloop
  endfacet
  facet normal 0 0 1
    outer loop
      vertex 23 0 3.8
      vertex 18.28283928334713 4.285714288907393 3.8
      vertex 17.618767857551575 4.285714288907393 3.8
    endloop
  endfacet
  facet normal 0 0 1
    outer loop
      vertex 17.618767857551575 4.3627285712531645 3.8
      vertex 17.214667856693268 4.285714288907393 3.8
      vertex 17.618767857551575 4.285714288907393 3.8
    endloop
  endfacet
  facet normal 0 0 1
    outer loop
      vertex 17.214667856693268 4.285714288907393 3.8
      vertex 17.618767857551575 4.3627285712531645 3.8
      vertex 17.868710711598396 6.119550002472742 3.8
    endloop
  endfacet
  facet normal 0 0 1
    outer loop
      vertex 17.214667856693268 4.285714288907393 3.8
      vertex 17.46461071074009 6.1573500015905935 3.8
      vertex 17.214667856693268 6.119550002472742 3.8
    endloop
  endfacet
  facet normal 0 0 1
    outer loop
      vertex 17.214667856693268 4.285714288907393 3.8
      vertex 17.618767857551575 6.1573500015905935 3.8
      vertex 17.46461071074009 6.1573500015905935 3.8
    endloop
  endfacet
  facet normal 0 0 1
    outer loop
      vertex 17.214667856693268 4.285714288907393 3.8
      vertex 17.868710711598396 6.119550002472742 3.8
      vertex 17.618767857551575 6.1573500015905935 3.8
    endloop
  endfacet
  facet normal 0 0 1
    outer loop
      vertex 17.868710711598396 4.401964289801462 3.8
      vertex 17.868710711598396 6.119550002472742 3.8
      vertex 17.618767857551575 4.3627285712531645 3.8
    endloop
  endfacet
  facet normal 0 0 1
    outer loop
      vertex 18.28283928334713 4.285714288907393 3.8
      vertex 19.22301785647869 4.285714288907393 3.8
      vertex 18.28283928334713 4.3627285712531645 3.8
    endloop
  endfacet
  facet normal 0 0 1
    outer loop
      vertex 18.28283928334713 4.3627285712531645 3.8
      vertex 18.021282143890858 6.038185720997198 3.8
      vertex 18.021282143890858 4.401964289801462 3.8
    endloop
  endfacet
  facet normal 0 0 1
    outer loop
      vertex 18.021282143890858 6.038185720997198 3.8
      vertex 18.28283928334713 4.3627285712531645 3.8
      vertex 19.22301785647869 4.285714288907393 3.8
    endloop
  endfacet
  facet normal 0 0 1
    outer loop
      vertex 17.46461071074009 6.1573500015905935 3.8
      vertex 17.618767857551575 6.234364291386946 3.8
      vertex 17.46461071074009 6.234364291386946 3.8
    endloop
  endfacet
  facet normal 0 0 1
    outer loop
      vertex 17.618767857551575 6.234364291386946 3.8
      vertex 17.46461071074009 6.1573500015905935 3.8
      vertex 17.618767857551575 6.1573500015905935 3.8
    endloop
  endfacet
  facet normal 0 0 1
    outer loop
      vertex 19.211382143199444 5.23412142977828 3.8
      vertex 18.208739288151264 6.234364291386946 3.8
      vertex 19.211382143199444 4.7914071434310515 3.8
    endloop
  endfacet
  facet normal 0 0 1
    outer loop
      vertex 19.363975003361702 4.285714288907393 3.8
      vertex 19.613917857408524 6.1573500015905935 3.8
      vertex 19.363975003361702 6.119550002472742 3.8
    endloop
  endfacet
  facet normal 0 0 1
    outer loop
      vertex 19.211382143199444 5.23412142977828 3.8
      vertex 19.211382143199444 6.119550002472742 3.8
      vertex 18.94982499629259 6.1573500015905935 3.8
    endloop
  endfacet
  facet normal 0 0 1
    outer loop
      vertex 23 0 3.8
      vertex 17.221192859113216 14.805792858558043 3.8
      vertex 19.613917857408524 6.234364291386946 3.8
    endloop
  endfacet
  facet normal 0 0 1
    outer loop
      vertex 23 0 3.8
      vertex 19.22301785647869 4.285714288907393 3.8
      vertex 18.28283928334713 4.285714288907393 3.8
    endloop
  endfacet
  facet normal 0 0 1
    outer loop
      vertex 23 0 3.8
      vertex 19.363975003361702 4.285714288907393 3.8
      vertex 19.22301785647869 4.285714288907393 3.8
    endloop
  endfacet
  facet normal 0 0 1
    outer loop
      vertex 23 0 3.8
      vertex 19.613917857408524 6.1573500015905935 3.8
      vertex 19.363975003361702 4.285714288907393 3.8
    endloop
  endfacet
  facet normal 0 0 1
    outer loop
      vertex 23 0 3.8
      vertex 19.613917857408524 6.234364291386946 3.8
      vertex 19.613917857408524 6.1573500015905935 3.8
    endloop
  endfacet
  facet normal 0 0 1
    outer loop
      vertex 19.613917857408524 6.234364291386946 3.8
      vertex 13.312042854726315 12.919628573315485 3.8
      vertex 18.94982499629259 6.234364291386946 3.8
    endloop
  endfacet
  facet normal 0 0 1
    outer loop
      vertex 15.890114285051823 12.85714285607849 3.8
      vertex 19.613917857408524 6.234364291386946 3.8
      vertex 16.830292858183384 12.85714285607849 3.8
    endloop
  endfacet
  facet normal 0 0 1
    outer loop
      vertex 16.830292858183384 12.85714285607849 3.8
      vertex 19.613917857408524 6.234364291386946 3.8
      vertex 16.971249997615814 12.85714285607849 3.8
    endloop
  endfacet
  facet normal 0 0 1
    outer loop
      vertex 16.971249997615814 12.85714285607849 3.8
      vertex 19.613917857408524 6.234364291386946 3.8
      vertex 17.221192859113216 14.72877856876169 3.8
    endloop
  endfacet
  facet normal 0 0 1
    outer loop
      vertex 17.221192859113216 14.72877856876169 3.8
      vertex 19.613917857408524 6.234364291386946 3.8
      vertex 17.221192859113216 14.805792858558043 3.8
    endloop
  endfacet
  facet normal 0 0 1
    outer loop
      vertex 23 0 3.8
      vertex 21.10241500288248 21.428571430700167 3.8
      vertex 17.221192859113216 14.805792858558043 3.8
    endloop
  endfacet
  facet normal 0 0 1
    outer loop
      vertex 23 0 3.8
      vertex 21.10241500288248 21.831372862415655 3.8
      vertex 21.10241500288248 21.428571430700167 3.8
    endloop
  endfacet
  facet normal 0 0 1
    outer loop
      vertex 10.100500002503395 17.142857139664038 3.8
      vertex 12.192051783204079 14.76310178424631 3.8
      vertex 12.630528569221497 14.827585709946497 3.8
    endloop
  endfacet
  facet normal 0 0 1
    outer loop
      vertex 11.181635715067387 17.142857139664038 3.8
      vertex 11.040678568184376 17.142857139664038 3.8
      vertex 12.630528569221497 14.827585709946497 3.8
    endloop
  endfacet
  facet normal 0 0 1
    outer loop
      vertex 11.181635715067387 17.142857139664038 3.8
      vertex 13.282985717058182 14.753464286880835 3.8
      vertex 11.886528573930264 17.37171428437744 3.8
    endloop
  endfacet
  facet normal 0 0 1
    outer loop
      vertex 11.181635715067387 17.142857139664038 3.8
      vertex 12.630528569221497 14.827585709946497 3.8
      vertex 12.945496425032616 14.809055356042727 3.8
    endloop
  endfacet
  facet normal 0 0 1
    outer loop
      vertex 11.181635715067387 17.142857139664038 3.8
      vertex 12.945496425032616 14.809055356042727 3.8
      vertex 13.282985717058182 14.753464286880835 3.8
    endloop
  endfacet
  facet normal 0 0 1
    outer loop
      vertex 13.282985717058182 14.753464286880835 3.8
      vertex 13.570835717022419 14.72877856876169 3.8
      vertex 11.886528573930264 17.37171428437744 3.8
    endloop
  endfacet
  facet normal 0 0 1
    outer loop
      vertex 13.570835717022419 14.72877856876169 3.8
      vertex 12.203312501311302 17.178278570728644 3.8
      vertex 11.886528573930264 17.37171428437744 3.8
    endloop
  endfacet
  facet normal 0 0 1
    outer loop
      vertex 13.570835717022419 14.805792858558043 3.8
      vertex 12.624721430242062 17.113799994545325 3.8
      vertex 12.203312501311302 17.178278570728644 3.8
    endloop
  endfacet
  facet normal 0 0 1
    outer loop
      vertex 11.181635715067387 17.142857139664038 3.8
      vertex 11.886528573930264 17.37171428437744 3.8
      vertex 11.68817500025034 17.681416069822653 3.8
    endloop
  endfacet
  facet normal 0 0 1
    outer loop
      vertex 12.325562499463558 17.281623212354525 3.8
      vertex 13.195792853832245 18.613414285438402 3.8
      vertex 12.105228573083878 17.449457136648043 3.8
    endloop
  endfacet
  facet normal 0 0 1
    outer loop
      vertex 12.627635717391968 17.225678568439825 3.8
      vertex 13.195792853832245 18.613414285438402 3.8
      vertex 12.325562499463558 17.281623212354525 3.8
    endloop
  endfacet
  facet normal 0 0 1
    outer loop
      vertex 12.788558930158615 17.235669640558108 3.8
      vertex 13.291707143187523 18.613414285438402 3.8
      vertex 12.627635717391968 17.225678568439825 3.8
    endloop
  endfacet
  facet normal 0 0 1
    outer loop
      vertex 11.97063035517931 17.723383923726423 3.8
      vertex 13.195792853832245 18.613414285438402 3.8
      vertex 11.92576428502798 18.097564285354956 3.8
    endloop
  endfacet
  facet normal 0 0 1
    outer loop
      vertex 12.105228573083878 17.449457136648043 3.8
      vertex 13.195792853832245 18.613414285438402 3.8
      vertex 11.97063035517931 17.723383923726423 3.8
    endloop
  endfacet
  facet normal 0 0 1
    outer loop
      vertex 11.92576428502798 18.097564285354956 3.8
      vertex 13.195792853832245 18.613414285438402 3.8
      vertex 11.968632139265537 18.497892854469164 3.8
    endloop
  endfacet
  facet normal 0 0 1
    outer loop
      vertex 11.968632139265537 18.497892854469164 3.8
      vertex 13.195792853832245 18.613414285438402 3.8
      vertex 12.097235716879368 18.77762142355953 3.8
    endloop
  endfacet
  facet normal 0 0 1
    outer loop
      vertex 13.570835717022419 14.805792858558043 3.8
      vertex 12.203312501311302 17.178278570728644 3.8
      vertex 13.570835717022419 14.72877856876169 3.8
    endloop
  endfacet
  facet normal 0 0 1
    outer loop
      vertex 13.570835717022419 14.805792858558043 3.8
      vertex 12.980366073548794 17.136685711996897 3.8
      vertex 12.624721430242062 17.113799994545325 3.8
    endloop
  endfacet
  facet normal 0 0 1
    outer loop
      vertex 13.570835717022419 14.805792858558043 3.8
      vertex 13.312042854726315 17.205342856901034 3.8
      vertex 12.980366073548794 17.136685711996897 3.8
    endloop
  endfacet
  facet normal 0 0 1
    outer loop
      vertex 13.570835717022419 14.805792858558043 3.8
      vertex 13.589735716581345 17.142857139664038 3.8
      vertex 13.312042854726315 17.205342856901034 3.8
    endloop
  endfacet
  facet normal 0 0 1
    outer loop
      vertex 14.306114286184311 14.805792858558043 3.8
      vertex 13.589735716581345 17.142857139664038 3.8
      vertex 13.570835717022419 14.805792858558043 3.8
    endloop
  endfacet
  facet normal 0 0 1
    outer loop
      vertex 14.306114286184311 14.805792858558043 3.8
      vertex 14.41075000166893 17.142857139664038 3.8
      vertex 13.589735716581345 17.142857139664038 3.8
    endloop
  endfacet
  facet normal 0 0 1
    outer loop
      vertex 12.940042860805988 17.265642856912955 3.8
      vertex 13.291707143187523 18.613414285438402 3.8
      vertex 12.788558930158615 17.235669640558108 3.8
    endloop
  endfacet
  facet normal 0 0 1
    outer loop
      vertex 13.071549996733665 17.312324998634203 3.8
      vertex 13.291707143187523 18.613414285438402 3.8
      vertex 12.940042860805988 17.265642856912955 3.8
    endloop
  endfacet
  facet normal 0 0 1
    outer loop
      vertex 13.172542855143547 17.37244285430227 3.8
      vertex 13.291707143187523 18.613414285438402 3.8
      vertex 13.071549996733665 17.312324998634203 3.8
    endloop
  endfacet
  facet normal 0 0 1
    outer loop
      vertex 13.589735716581345 17.21987142200981 3.8
      vertex 13.312042854726315 17.205342856901034 3.8
      vertex 13.589735716581345 17.142857139664038 3.8
    endloop
  endfacet
  facet normal 0 0 1
    outer loop
      vertex 13.312042854726315 17.205342856901034 3.8
      vertex 13.589735716581345 17.21987142200981 3.8
      vertex 13.82077857106924 17.259107140558108 3.8
    endloop
  endfacet
  facet normal 0 0 1
    outer loop
      vertex 12.627635717391968 17.225678568439825 3.8
      vertex 13.291707143187523 18.613414285438402 3.8
      vertex 13.195792853832245 18.613414285438402 3.8
    endloop
  endfacet
  facet normal 0 0 1
    outer loop
      vertex 13.172542855143547 17.37244285430227 3.8
      vertex 13.226307146251202 17.663078566747053 3.8
      vertex 13.291707143187523 18.613414285438402 3.8
    endloop
  endfacet
  facet normal 0 0 1
    outer loop
      vertex 13.320764288306236 17.663078566747053 3.8
      vertex 13.570835717022419 19.01449285234724 3.8
      vertex 13.226307146251202 17.663078566747053 3.8
    endloop
  endfacet
  facet normal 0 0 1
    outer loop
      vertex 13.312042854726315 17.205342856901034 3.8
      vertex 13.82077857106924 18.976692853229387 3.8
      vertex 13.320764288306236 17.663078566747053 3.8
    endloop
  endfacet
  facet normal 0 0 1
    outer loop
      vertex 13.312042854726315 17.205342856901034 3.8
      vertex 13.82077857106924 17.259107140558108 3.8
      vertex 13.82077857106924 18.976692853229387 3.8
    endloop
  endfacet
  facet normal 0 0 1
    outer loop
      vertex 13.226307146251202 17.663078566747053 3.8
      vertex 13.570835717022419 19.01449285234724 3.8
      vertex 13.291707143187523 18.613414285438402 3.8
    endloop
  endfacet
  facet normal 0 0 1
    outer loop
      vertex 13.82077857106924 18.976692853229387 3.8
      vertex 13.570835717022419 19.01449285234724 3.8
      vertex 13.320764288306236 17.663078566747053 3.8
    endloop
  endfacet
  facet normal 0 0 1
    outer loop
      vertex 14.101235717535019 17.259107140558108 3.8
      vertex 14.41075000166893 17.21987142200981 3.8
      vertex 14.101235717535019 17.907192853944643 3.8
    endloop
  endfacet
  facet normal 0 0 1
    outer loop
      vertex 14.101235717535019 17.907192853944643 3.8
      vertex 14.41075000166893 17.21987142200981 3.8
      vertex 14.320642858743668 17.907192853944643 3.8
    endloop
  endfacet
  facet normal 0 0 1
    outer loop
      vertex 14.252350002527237 18.037992855267866 3.8
      vertex 14.465773217380047 18.06596249874149 3.8
      vertex 14.101235717535019 18.037992855267866 3.8
    endloop
  endfacet
  facet normal 0 0 1
    outer loop
      vertex 14.243628568947315 18.960707140820368 3.8
      vertex 14.101235717535019 18.960707140820368 3.8
      vertex 14.101235717535019 18.037992855267866 3.8
    endloop
  endfacet
  facet normal 0 0 1
    outer loop
      vertex 14.469951786100864 18.93491249318634 3.8
      vertex 14.243628568947315 18.960707140820368 3.8
      vertex 14.101235717535019 18.037992855267866 3.8
    endloop
  endfacet
  facet normal 0 0 1
    outer loop
      vertex 11.876350000500679 18.855364283280714 3.8
      vertex 11.431578569114208 19.01449285234724 3.8
      vertex 11.685630358755589 18.536217851298197 3.8
    endloop
  endfacet
  facet normal 0 0 1
    outer loop
      vertex 11.431578569114208 19.01449285234724 3.8
      vertex 11.876350000500679 18.855364283280714 3.8
      vertex 11.431578569114208 19.09150714214359 3.8
    endloop
  endfacet
  facet normal 0 0 1
    outer loop
      vertex 9.370645001530647 21.428571430700167 3.8
      vertex 12.630528569221497 19.113299993532046 3.8
      vertex 12.945496425032616 19.094769639628275 3.8
    endloop
  endfacet
  facet normal 0 0 1
    outer loop
      vertex 9.370645001530647 21.428571430700167 3.8
      vertex 12.945496425032616 19.094769639628275 3.8
      vertex 13.282985717058182 19.039178570466383 3.8
    endloop
  endfacet
  facet normal 0 0 1
    outer loop
      vertex 9.370645001530647 21.428571430700167 3.8
      vertex 13.282985717058182 19.039178570466383 3.8
      vertex 13.570835717022419 19.01449285234724 3.8
    endloop
  endfacet
  facet normal 0 0 1
    outer loop
      vertex 12.097235716879368 18.77762142355953 3.8
      vertex 13.195792853832245 18.613414285438402 3.8
      vertex 12.319203570485115 18.942192850368365 3.8
    endloop
  endfacet
  facet normal 0 0 1
    outer loop
      vertex 12.319203570485115 18.942192850368365 3.8
      vertex 13.195792853832245 18.613414285438402 3.8
      vertex 12.642164282500744 18.997050000088556 3.8
    endloop
  endfacet
  facet normal 0 0 1
    outer loop
      vertex 12.642164282500744 18.997050000088556 3.8
      vertex 13.195792853832245 18.613414285438402 3.8
      vertex 12.780389286577702 18.988510710852488 3.8
    endloop
  endfacet
  facet normal 0 0 1
    outer loop
      vertex 10.877399288117886 21.428571430700167 3.8
      vertex 13.570835717022419 19.01449285234724 3.8
      vertex 13.570835717022419 19.09150714214359 3.8
    endloop
  endfacet
  facet normal 0 0 1
    outer loop
      vertex 13.570835717022419 19.09150714214359 3.8
      vertex 12.279393568634987 21.428571430700167 3.8
      vertex 10.877399288117886 21.428571430700167 3.8
    endloop
  endfacet
  facet normal 0 0 1
    outer loop
      vertex 12.279393568634987 21.428571430700167 3.8
      vertex 13.163566425442696 21.840514285223826 3.8
      vertex 12.279393568634987 21.56719714190279 3.8
    endloop
  endfacet
  facet normal 0 0 1
    outer loop
      vertex 12.279393568634987 21.56719714190279 3.8
      vertex 12.68751785904169 23.141798576073988 3.8
      vertex 11.829496428370476 21.63782143379961 3.8
    endloop
  endfacet
  facet normal 0 0 1
    outer loop
      vertex 12.806529998779297 22.39797749902521 3.8
      vertex 12.279393568634987 21.56719714190279 3.8
      vertex 13.163566425442696 21.840514285223826 3.8
    endloop
  endfacet
  facet normal 0 0 1
    outer loop
      vertex 12.279393568634987 21.56719714190279 3.8
      vertex 12.806529998779297 22.39797749902521 3.8
      vertex 12.68751785904169 23.141798576073988 3.8
    endloop
  endfacet
  facet normal 0 0 1
    outer loop
      vertex 12.780389286577702 18.988510710852488 3.8
      vertex 13.195792853832245 18.613414285438402 3.8
      vertex 12.916064284741879 18.962892850594862 3.8
    endloop
  endfacet
  facet normal 0 0 1
    outer loop
      vertex 13.152207143604755 18.86627142663513 3.8
      vertex 12.916064284741879 18.962892850594862 3.8
      vertex 13.195792853832245 18.613414285438402 3.8
    endloop
  endfacet
  facet normal 0 0 1
    outer loop
      vertex 12.916064284741879 18.962892850594862 3.8
      vertex 13.152207143604755 18.86627142663513 3.8
      vertex 13.04231071472168 18.92166963751827 3.8
    endloop
  endfacet
  facet normal 0 0 1
    outer loop
      vertex 13.291707143187523 18.613414285438402 3.8
      vertex 13.570835717022419 19.01449285234724 3.8
      vertex 13.282985717058182 19.039178570466383 3.8
    endloop
  endfacet
  facet normal 0 0 1
    outer loop
      vertex 13.570835717022419 19.09150714214359 3.8
      vertex 13.73377750068903 21.49233000512634 3.8
      vertex 12.279393568634987 21.428571430700167 3.8
    endloop
  endfacet
  facet normal 0 0 1
    outer loop
      vertex 13.163566425442696 21.840514285223826 3.8
      vertex 12.279393568634987 21.428571430700167 3.8
      vertex 13.73377750068903 21.49233000512634 3.8
    endloop
  endfacet
  facet normal 0 0 1
    outer loop
      vertex 13.73377750068903 21.49233000512634 3.8
      vertex 13.570835717022419 19.09150714214359 3.8
      vertex 14.49231357127428 21.3762685709766 3.8
    endloop
  endfacet
  facet normal 0 0 1
    outer loop
      vertex 14.842321425676346 14.66229642714773 3.8
      vertex 14.41075000166893 17.142857139664038 3.8
      vertex 14.306114286184311 14.805792858558043 3.8
    endloop
  endfacet
  facet normal 0 0 1
    outer loop
      vertex 14.842321425676346 14.66229642714773 3.8
      vertex 15.226042859256268 14.805792858558043 3.8
      vertex 14.41075000166893 17.142857139664038 3.8
    endloop
  endfacet
  facet normal 0 0 1
    outer loop
      vertex 15.226042859256268 14.805792858558043 3.8
      vertex 15.226042859256268 17.142857139664038 3.8
      vertex 14.41075000166893 17.142857139664038 3.8
    endloop
  endfacet
  facet normal 0 0 1
    outer loop
      vertex 15.816014282405376 14.805792858558043 3.8
      vertex 15.226042859256268 17.142857139664038 3.8
      vertex 15.226042859256268 14.805792858558043 3.8
    endloop
  endfacet
  facet normal 0 0 1
    outer loop
      vertex 15.816014282405376 14.805792858558043 3.8
      vertex 15.890114285051823 17.142857139664038 3.8
      vertex 15.226042859256268 17.142857139664038 3.8
    endloop
  endfacet
  facet normal 0 0 1
    outer loop
      vertex 14.41075000166893 17.142857139664038 3.8
      vertex 15.226042859256268 17.21987142200981 3.8
      vertex 14.41075000166893 17.21987142200981 3.8
    endloop
  endfacet
  facet normal 0 0 1
    outer loop
      vertex 14.320642858743668 17.907192853944643 3.8
      vertex 14.41075000166893 17.21987142200981 3.8
      vertex 14.61981250345707 17.946064283805235 3.8
    endloop
  endfacet
  facet normal 0 0 1
    outer loop
      vertex 15.226042859256268 17.21987142200981 3.8
      vertex 14.41075000166893 17.142857139664038 3.8
      vertex 15.226042859256268 17.142857139664038 3.8
    endloop
  endfacet
  facet normal 0 0 1
    outer loop
      vertex 14.41075000166893 17.21987142200981 3.8
      vertex 15.226042859256268 17.21987142200981 3.8
      vertex 14.61981250345707 17.946064283805235 3.8
    endloop
  endfacet
  facet normal 0 0 1
    outer loop
      vertex 14.61981250345707 17.946064283805235 3.8
      vertex 15.226042859256268 17.21987142200981 3.8
      vertex 14.840135715901852 18.06267856593643 3.8
    endloop
  endfacet
  facet normal 0 0 1
    outer loop
      vertex 14.465773217380047 18.06596249874149 3.8
      vertex 14.61490000039339 18.149871421711786 3.8
      vertex 14.101235717535019 18.037992855267866 3.8
    endloop
  endfacet
  facet normal 0 0 1
    outer loop
      vertex 14.61490000039339 18.149871421711786 3.8
      vertex 14.702633932232857 18.297005353229387 3.8
      vertex 14.101235717535019 18.037992855267866 3.8
    endloop
  endfacet
  facet normal 0 0 1
    outer loop
      vertex 14.702633932232857 18.297005353229387 3.8
      vertex 14.731878571212292 18.514607136803015 3.8
      vertex 14.101235717535019 18.037992855267866 3.8
    endloop
  endfacet
  facet normal 0 0 1
    outer loop
      vertex 14.731878571212292 18.514607136803015 3.8
      vertex 14.703903570771217 18.720219639795168 3.8
      vertex 14.101235717535019 18.037992855267866 3.8
    endloop
  endfacet
  facet normal 0 0 1
    outer loop
      vertex 14.619978569447994 18.85752856518541 3.8
      vertex 14.469951786100864 18.93491249318634 3.8
      vertex 14.101235717535019 18.037992855267866 3.8
    endloop
  endfacet
  facet normal 0 0 1
    outer loop
      vertex 14.703903570771217 18.720219639795168 3.8
      vertex 14.619978569447994 18.85752856518541 3.8
      vertex 14.101235717535019 18.037992855267866 3.8
    endloop
  endfacet
  facet normal 0 0 1
    outer loop
      vertex 15.47598571330309 17.259107140558108 3.8
      vertex 14.840135715901852 18.06267856593643 3.8
      vertex 15.226042859256268 17.21987142200981 3.8
    endloop
  endfacet
  facet normal 0 0 1
    outer loop
      vertex 15.890114285051823 17.21987142200981 3.8
      vertex 15.62855714559555 18.895328571753844 3.8
      vertex 15.62855714559555 17.259107140558108 3.8
    endloop
  endfacet
  facet normal 0 0 1
    outer loop
      vertex 14.840135715901852 18.06267856593643 3.8
      vertex 15.47598571330309 17.259107140558108 3.8
      vertex 14.975826784968376 18.254132142024382 3.8
    endloop
  endfacet
  facet normal 0 0 1
    outer loop
      vertex 14.975826784968376 18.254132142024382 3.8
      vertex 15.47598571330309 17.259107140558108 3.8
      vertex 15.021057143807411 18.51752142395292 3.8
    endloop
  endfacet
  facet normal 0 0 1
    outer loop
      vertex 15.47598571330309 17.259107140558108 3.8
      vertex 15.47598571330309 18.976692853229387 3.8
      vertex 15.021057143807411 18.51752142395292 3.8
    endloop
  endfacet
  facet normal 0 0 1
    outer loop
      vertex 15.816014282405376 14.805792858558043 3.8
      vertex 16.557099997997284 14.805792858558043 3.8
      vertex 15.890114285051823 17.142857139664038 3.8
    endloop
  endfacet
  facet normal 0 0 1
    outer loop
      vertex 16.557099997997284 14.805792858558043 3.8
      vertex 16.830292858183384 17.142857139664038 3.8
      vertex 15.890114285051823 17.142857139664038 3.8
    endloop
  endfacet
  facet normal 0 0 1
    outer loop
      vertex 16.557099997997284 14.805792858558043 3.8
      vertex 16.971249997615814 17.142857139664038 3.8
      vertex 16.830292858183384 17.142857139664038 3.8
    endloop
  endfacet
  facet normal 0 0 1
    outer loop
      vertex 15.62855714559555 18.895328571753844 3.8
      vertex 15.890114285051823 17.21987142200981 3.8
      vertex 16.830292858183384 17.142857139664038 3.8
    endloop
  endfacet
  facet normal 0 0 1
    outer loop
      vertex 15.890114285051823 17.142857139664038 3.8
      vertex 16.830292858183384 17.142857139664038 3.8
      vertex 15.890114285051823 17.21987142200981 3.8
    endloop
  endfacet
  facet normal 0 0 1
    outer loop
      vertex 16.818657144904137 17.648549994187697 3.8
      vertex 16.557099997997284 19.01449285234724 3.8
      vertex 15.816014282405376 19.09150714214359 3.8
    endloop
  endfacet
  facet normal 0 0 1
    outer loop
      vertex 16.818657144904137 17.648549994187697 3.8
      vertex 16.818657144904137 18.976692853229387 3.8
      vertex 16.557099997997284 19.01449285234724 3.8
    endloop
  endfacet
  facet normal 0 0 1
    outer loop
      vertex 16.971249997615814 17.142857139664038 3.8
      vertex 17.221192859113216 19.01449285234724 3.8
      vertex 16.971249997615814 18.976692853229387 3.8
    endloop
  endfacet
  facet normal 0 0 1
    outer loop
      vertex 15.021057143807411 18.51752142395292 3.8
      vertex 15.226042859256268 19.01449285234724 3.8
      vertex 14.842321425676346 18.94801071073328 3.8
    endloop
  endfacet
  facet normal 0 0 1
    outer loop
      vertex 14.306114286184311 19.09150714214359 3.8
      vertex 16.326114997267723 21.488742856042727 3.8
      vertex 13.570835717022419 19.09150714214359 3.8
    endloop
  endfacet
  facet normal 0 0 1
    outer loop
      vertex 15.226042859256268 19.01449285234724 3.8
      vertex 15.021057143807411 18.51752142395292 3.8
      vertex 15.47598571330309 18.976692853229387 3.8
    endloop
  endfacet
  facet normal 0 0 1
    outer loop
      vertex 15.226042859256268 19.09150714214359 3.8
      vertex 14.842321425676346 18.94801071073328 3.8
      vertex 15.226042859256268 19.01449285234724 3.8
    endloop
  endfacet
  facet normal 0 0 1
    outer loop
      vertex 14.842321425676346 18.94801071073328 3.8
      vertex 16.326114997267723 21.488742856042727 3.8
      vertex 14.306114286184311 19.09150714214359 3.8
    endloop
  endfacet
  facet normal 0 0 1
    outer loop
      vertex 14.842321425676346 18.94801071073328 3.8
      vertex 15.226042859256268 19.09150714214359 3.8
      vertex 16.326114997267723 21.488742856042727 3.8
    endloop
  endfacet
  facet normal 0 0 1
    outer loop
      vertex 15.816014282405376 19.09150714214359 3.8
      vertex 16.326114997267723 21.488742856042727 3.8
      vertex 15.226042859256268 19.09150714214359 3.8
    endloop
  endfacet
  facet normal 0 0 1
    outer loop
      vertex 14.49231357127428 21.3762685709766 3.8
      vertex 13.570835717022419 19.09150714214359 3.8
      vertex 15.132473930716515 21.417462860899313 3.8
    endloop
  endfacet
  facet normal 0 0 1
    outer loop
      vertex 15.132473930716515 21.417462860899313 3.8
      vertex 13.570835717022419 19.09150714214359 3.8
      vertex 15.729492142796516 21.541045715766295 3.8
    endloop
  endfacet
  facet normal 0 0 1
    outer loop
      vertex 14.497559286653996 21.577650001006468 3.8
      vertex 15.520242139697075 24.075574284153326 3.8
      vertex 13.953827500343323 21.678350357072695 3.8
    endloop
  endfacet
  facet normal 0 0 1
    outer loop
      vertex 14.787221074104309 21.59563392932926 3.8
      vertex 15.692887857556343 24.075574284153326 3.8
      vertex 14.497559286653996 21.577650001006468 3.8
    endloop
  endfacet
  facet normal 0 0 1
    outer loop
      vertex 16.326114997267723 21.488742856042727 3.8
      vertex 15.729492142796516 21.541045715766295 3.8
      vertex 13.570835717022419 19.09150714214359 3.8
    endloop
  endfacet
  facet normal 0 0 1
    outer loop
      vertex 15.059892140328884 21.649585714297636 3.8
      vertex 15.692887857556343 24.075574284153326 3.8
      vertex 14.787221074104309 21.59563392932926 3.8
    endloop
  endfacet
  facet normal 0 0 1
    outer loop
      vertex 15.296604998409748 21.733613570886 3.8
      vertex 15.692887857556343 24.075574284153326 3.8
      vertex 15.059892140328884 21.649585714297636 3.8
    endloop
  endfacet
  facet normal 0 0 1
    outer loop
      vertex 16.557099997997284 19.09150714214359 3.8
      vertex 15.816014282405376 19.09150714214359 3.8
      vertex 16.557099997997284 19.01449285234724 3.8
    endloop
  endfacet
  facet normal 0 0 1
    outer loop
      vertex 16.326114997267723 21.488742856042727 3.8
      vertex 15.816014282405376 19.09150714214359 3.8
      vertex 16.557099997997284 19.09150714214359 3.8
    endloop
  endfacet
  facet normal 0 0 1
    outer loop
      vertex 17.221192859113216 19.09150714214359 3.8
      vertex 16.783842146396637 21.404387144105776 3.8
      vertex 16.557099997997284 19.09150714214359 3.8
    endloop
  endfacet
  facet normal 0 0 1
    outer loop
      vertex 17.221192859113216 19.09150714214359 3.8
      vertex 17.267720714211464 21.3762685709766 3.8
      vertex 16.783842146396637 21.404387144105776 3.8
    endloop
  endfacet
  facet normal 0 0 1
    outer loop
      vertex 15.729492142796516 21.541045715766295 3.8
      vertex 16.326114997267723 21.488742856042727 3.8
      vertex 16.297340713441372 22.22634428526674 3.8
    endloop
  endfacet
  facet normal 0 0 1
    outer loop
      vertex 15.729492142796516 21.541045715766295 3.8
      vertex 16.297340713441372 22.22634428526674 3.8
      vertex 15.745190717279911 22.364970003919943 3.8
    endloop
  endfacet
  facet normal 0 0 1
    outer loop
      vertex 16.46994785964489 22.22634428526674 3.8
      vertex 15.745190717279911 22.364970003919943 3.8
      vertex 16.297340713441372 22.22634428526674 3.8
    endloop
  endfacet
  facet normal 0 0 1
    outer loop
      vertex 16.326114997267723 21.488742856042727 3.8
      vertex 16.557099997997284 19.09150714214359 3.8
      vertex 16.783842146396637 21.404387144105776 3.8
    endloop
  endfacet
  facet normal 0 0 1
    outer loop
      vertex 16.587667860090733 21.73459714438234 3.8
      vertex 17.057496786117554 21.603811075644835 3.8
      vertex 16.46994785964489 22.22634428526674 3.8
    endloop
  endfacet
  facet normal 0 0 1
    outer loop
      vertex 16.587667860090733 21.73459714438234 3.8
      vertex 16.71093250066042 21.680973214762552 3.8
      vertex 16.876683570444584 21.63519857610975 3.8
    endloop
  endfacet
  facet normal 0 0 1
    outer loop
      vertex 16.587667860090733 21.73459714438234 3.8
      vertex 16.876683570444584 21.63519857610975 3.8
      vertex 17.057496786117554 21.603811075644835 3.8
    endloop
  endfacet
  facet normal 0 0 1
    outer loop
      vertex 15.745190717279911 22.364970003919943 3.8
      vertex 16.46994785964489 22.22634428526674 3.8
      vertex 18.028889283537865 22.40944286222969 3.8
    endloop
  endfacet
  facet normal 0 0 1
    outer loop
      vertex 17.225870713591576 21.593348575489863 3.8
      vertex 16.46994785964489 22.22634428526674 3.8
      vertex 17.057496786117554 21.603811075644835 3.8
    endloop
  endfacet
  facet normal 0 0 1
    outer loop
      vertex 17.582916788756847 21.6404250019363 3.8
      vertex 16.46994785964489 22.22634428526674 3.8
      vertex 17.225870713591576 21.593348575489863 3.8
    endloop
  endfacet
  facet normal 0 1 0
    outer loop
      vertex 0 30 3.8
      vertex 23 30 3.8
      vertex 23 30 0
    endloop
  endfacet
  facet normal 0 0 1
    outer loop
      vertex 11.829496428370476 21.63782143379961 3.8
      vertex 12.279393568634987 24.797515718000277 3.8
      vertex 11.829496428370476 24.729475719588144 3.8
    endloop
  endfacet
  facet normal 0 0 1
    outer loop
      vertex 11.829496428370476 21.63782143379961 3.8
      vertex 12.68751785904169 23.141798576073988 3.8
      vertex 12.801949642598629 23.936620717602118 3.8
    endloop
  endfacet
  facet normal 0 0 1
    outer loop
      vertex 11.829496428370476 21.63782143379961 3.8
      vertex 12.801949642598629 23.936620717602118 3.8
      vertex 12.279393568634987 24.797515718000277 3.8
    endloop
  endfacet
  facet normal 0 0 1
    outer loop
      vertex 12.279393568634987 24.797515718000277 3.8
      vertex 13.145245000720024 24.511084286229952 3.8
      vertex 12.279393568634987 24.936141429202898 3.8
    endloop
  endfacet
  facet normal 0 0 1
    outer loop
      vertex 13.145245000720024 24.511084286229952 3.8
      vertex 12.279393568634987 24.797515718000277 3.8
      vertex 12.801949642598629 23.936620717602118 3.8
    endloop
  endfacet
  facet normal 0 0 1
    outer loop
      vertex 13.557226426899433 21.980451432721956 3.8
      vertex 15.520242139697075 24.075574284153326 3.8
      vertex 13.31494963914156 22.473519643502577 3.8
    endloop
  endfacet
  facet normal 0 0 1
    outer loop
      vertex 13.953827500343323 21.678350357072695 3.8
      vertex 15.520242139697075 24.075574284153326 3.8
      vertex 13.557226426899433 21.980451432721956 3.8
    endloop
  endfacet
  facet normal 0 0 1
    outer loop
      vertex 13.31494963914156 22.473519643502577 3.8
      vertex 15.520242139697075 24.075574284153326 3.8
      vertex 13.234190717339516 23.147044291453703 3.8
    endloop
  endfacet
  facet normal 0 0 1
    outer loop
      vertex 13.234190717339516 23.147044291453703 3.8
      vertex 15.520242139697075 24.075574284153326 3.8
      vertex 13.311352856457233 23.867635717349394 3.8
    endloop
  endfacet
  facet normal 0 0 1
    outer loop
      vertex 13.311352856457233 23.867635717349394 3.8
      vertex 15.520242139697075 24.075574284153326 3.8
      vertex 13.542839288711548 24.371147146182402 3.8
    endloop
  endfacet
  facet normal 0 0 1
    outer loop
      vertex 13.542839288711548 24.371147146182402 3.8
      vertex 15.520242139697075 24.075574284153326 3.8
      vertex 13.942381426692009 24.66737571890865 3.8
    endloop
  endfacet
  facet normal 0 0 1
    outer loop
      vertex 13.71350821107626 24.859297504382475 3.8
      vertex 12.279393568634987 24.936141429202898 3.8
      vertex 13.145245000720024 24.511084286229952 3.8
    endloop
  endfacet
  facet normal 0 0 1
    outer loop
      vertex 14.50276643037796 24.97536857213293 3.8
      vertex 12.279393568634987 24.936141429202898 3.8
      vertex 13.71350821107626 24.859297504382475 3.8
    endloop
  endfacet
  facet normal 0 0 1
    outer loop
      vertex 23 30 3.8
      vertex 7.858799286186695 24.936141429202898 3.8
      vertex 9.182300716638565 24.936141429202898 3.8
    endloop
  endfacet
  facet normal 0 0 1
    outer loop
      vertex 23 30 3.8
      vertex 9.182300716638565 24.936141429202898 3.8
      vertex 10.147473573684692 24.677847860114916 3.8
    endloop
  endfacet
  facet normal 0 0 1
    outer loop
      vertex 14.497559286653996 21.577650001006468 3.8
      vertex 15.692887857556343 24.075574284153326 3.8
      vertex 15.520242139697075 24.075574284153326 3.8
    endloop
  endfacet
  facet normal 0 0 1
    outer loop
      vertex 15.478392146527767 21.841825714068754 3.8
      vertex 15.692887857556343 24.075574284153326 3.8
      vertex 15.296604998409748 21.733613570886 3.8
    endloop
  endfacet
  facet normal 0 0 1
    outer loop
      vertex 15.478392146527767 21.841825714068754 3.8
      vertex 15.5751678571105 22.364970003919943 3.8
      vertex 15.692887857556343 24.075574284153326 3.8
    endloop
  endfacet
  facet normal 0 0 1
    outer loop
      vertex 15.745190717279911 22.364970003919943 3.8
      vertex 15.692887857556343 24.075574284153326 3.8
      vertex 15.5751678571105 22.364970003919943 3.8
    endloop
  endfacet
  facet normal 0 0 1
    outer loop
      vertex 13.942381426692009 24.66737571890865 3.8
      vertex 15.520242139697075 24.075574284153326 3.8
      vertex 14.52371071279049 24.766118576484068 3.8
    endloop
  endfacet
  facet normal 0 0 1
    outer loop
      vertex 14.52371071279049 24.766118576484068 3.8
      vertex 15.520242139697075 24.075574284153326 3.8
      vertex 14.772515714168549 24.75074785734926 3.8
    endloop
  endfacet
  facet normal 0 0 1
    outer loop
      vertex 14.772515714168549 24.75074785734926 3.8
      vertex 15.520242139697075 24.075574284153326 3.8
      vertex 15.016730710864067 24.704635714846 3.8
    endloop
  endfacet
  facet normal 0 0 1
    outer loop
      vertex 15.016730710864067 24.704635714846 3.8
      vertex 15.441787853837013 24.530717147248133 3.8
      vertex 15.243974283337593 24.630433929818018 3.8
    endloop
  endfacet
  facet normal 0 0 1
    outer loop
      vertex 15.441787853837013 24.530717147248133 3.8
      vertex 15.016730710864067 24.704635714846 3.8
      vertex 15.520242139697075 24.075574284153326 3.8
    endloop
  endfacet
  facet normal 0 0 1
    outer loop
      vertex 15.745190717279911 22.364970003919943 3.8
      vertex 16.914599284529686 23.152251427727087 3.8
      vertex 15.692887857556343 24.075574284153326 3.8
    endloop
  endfacet
  facet normal 0 0 1
    outer loop
      vertex 15.692887857556343 24.075574284153326 3.8
      vertex 16.914599284529686 23.366747146206244 3.8
      vertex 16.404569283127785 24.188048576670035 3.8
    endloop
  endfacet
  facet normal 0 0 1
    outer loop
      vertex 16.914599284529686 23.366747146206244 3.8
      vertex 15.692887857556343 24.075574284153326 3.8
      vertex 16.914599284529686 23.152251427727087 3.8
    endloop
  endfacet
  facet normal 0 0 1
    outer loop
      vertex 16.914599284529686 23.152251427727087 3.8
      vertex 15.745190717279911 22.364970003919943 3.8
      vertex 17.288664996623993 23.13134571697031 3.8
    endloop
  endfacet
  facet normal 0 0 1
    outer loop
      vertex 17.288664996623993 23.13134571697031 3.8
      vertex 15.745190717279911 22.364970003919943 3.8
      vertex 17.618209645152092 23.072813575821264 3.8
    endloop
  endfacet
  facet normal 0 0 1
    outer loop
      vertex 17.848375000059605 22.933860001819475 3.8
      vertex 15.745190717279911 22.364970003919943 3.8
      vertex 17.983760714530945 22.713173573570593 3.8
    endloop
  endfacet
  facet normal 0 0 1
    outer loop
      vertex 17.618209645152092 23.072813575821264 3.8
      vertex 15.745190717279911 22.364970003919943 3.8
      vertex 17.848375000059605 22.933860001819475 3.8
    endloop
  endfacet
  facet normal 0 0 1
    outer loop
      vertex 16.404569283127785 24.188048576670035 3.8
      vertex 16.914599284529686 23.366747146206244 3.8
      vertex 16.577215000987053 24.188048576670035 3.8
    endloop
  endfacet
  facet normal 0 0 1
    outer loop
      vertex 17.288664996623993 23.39027571465288 3.8
      vertex 16.577215000987053 24.188048576670035 3.8
      vertex 16.914599284529686 23.366747146206244 3.8
    endloop
  endfacet
  facet normal 0 0 1
    outer loop
      vertex 17.54562785476446 23.44389964427267 3.8
      vertex 16.577215000987053 24.188048576670035 3.8
      vertex 17.288664996623993 23.39027571465288 3.8
    endloop
  endfacet
  facet normal 0 0 1
    outer loop
      vertex 15.692887857556343 24.075574284153326 3.8
      vertex 16.404569283127785 24.8628942870668 3.8
      vertex 15.677189283072948 24.841950004654272 3.8
    endloop
  endfacet
  facet normal 0 0 1
    outer loop
      vertex 16.404569283127785 24.8628942870668 3.8
      vertex 15.692887857556343 24.075574284153326 3.8
      vertex 16.404569283127785 24.188048576670035 3.8
    endloop
  endfacet
  facet normal 0 0 1
    outer loop
      vertex 16.577215000987053 24.188048576670035 3.8
      vertex 16.79299321770668 24.67357607718025 3.8
      vertex 16.66874500364065 24.617001427071436 3.8
    endloop
  endfacet
  facet normal 0 0 1
    outer loop
      vertex 16.79299321770668 24.67357607718025 3.8
      vertex 16.577215000987053 24.188048576670035 3.8
      vertex 16.935543574392796 24.717711431639536 3.8
    endloop
  endfacet
  facet normal 0 0 1
    outer loop
      vertex 16.935543574392796 24.717711431639536 3.8
      vertex 16.577215000987053 24.188048576670035 3.8
      vertex 17.083976075053215 24.746177142219885 3.8
    endloop
  endfacet
  facet normal 0 0 1
    outer loop
      vertex 17.083976075053215 24.746177142219885 3.8
      vertex 16.577215000987053 24.188048576670035 3.8
      vertex 17.225870713591576 24.75566571738039 3.8
    endloop
  endfacet
  facet normal 0 0 1
    outer loop
      vertex 17.225870713591576 24.75566571738039 3.8
      vertex 16.577215000987053 24.188048576670035 3.8
      vertex 17.515223927795887 24.715445359902724 3.8
    endloop
  endfacet
  facet normal 0 0 1
    outer loop
      vertex 23 30 3.8
      vertex 10.147473573684692 24.677847860114916 3.8
      vertex 10.877399288117886 24.936141429202898 3.8
    endloop
  endfacet
  facet normal 0 0 1
    outer loop
      vertex 23 30 3.8
      vertex 10.877399288117886 24.936141429202898 3.8
      vertex 12.279393568634987 24.936141429202898 3.8
    endloop
  endfacet
  facet normal 0 0 1
    outer loop
      vertex 23 30 3.8
      vertex 12.279393568634987 24.936141429202898 3.8
      vertex 14.50276643037796 24.97536857213293 3.8
    endloop
  endfacet
  facet normal 1 0 0
    outer loop
      vertex 23 0 3.8
      vertex 23 30 0
      vertex 23 30 3.8
    endloop
  endfacet
  facet normal 0 0 1
    outer loop
      vertex 17.221192859113216 14.805792858558043 3.8
      vertex 21.10241500288248 21.428571430700167 3.8
      vertex 16.557099997997284 14.805792858558043 3.8
    endloop
  endfacet
  facet normal 0 0 1
    outer loop
      vertex 16.557099997997284 14.805792858558043 3.8
      vertex 21.10241500288248 21.428571430700167 3.8
      vertex 16.971249997615814 17.142857139664038 3.8
    endloop
  endfacet
  facet normal 0 0 1
    outer loop
      vertex 16.971249997615814 17.142857139664038 3.8
      vertex 21.10241500288248 21.428571430700167 3.8
      vertex 17.221192859113216 19.01449285234724 3.8
    endloop
  endfacet
  facet normal 0 0 1
    outer loop
      vertex 17.221192859113216 19.01449285234724 3.8
      vertex 21.10241500288248 21.428571430700167 3.8
      vertex 17.221192859113216 19.09150714214359 3.8
    endloop
  endfacet
  facet normal 0 0 1
    outer loop
      vertex 17.267720714211464 21.3762685709766 3.8
      vertex 17.221192859113216 19.09150714214359 3.8
      vertex 17.79412428289652 21.442968217389925 3.8
    endloop
  endfacet
  facet normal 0 0 1
    outer loop
      vertex 17.79412428289652 21.442968217389925 3.8
      vertex 17.221192859113216 19.09150714214359 3.8
      vertex 18.185797855257988 21.643067141728743 3.8
    endloop
  endfacet
  facet normal 0 0 1
    outer loop
      vertex 17.83271499723196 21.781654288726195 3.8
      vertex 16.46994785964489 22.22634428526674 3.8
      vertex 17.582916788756847 21.6404250019363 3.8
    endloop
  endfacet
  facet normal 0 0 1
    outer loop
      vertex 17.979845717549324 22.03277357454811 3.8
      vertex 16.46994785964489 22.22634428526674 3.8
      vertex 17.83271499723196 21.781654288726195 3.8
    endloop
  endfacet
  facet normal 0 0 1
    outer loop
      vertex 17.983760714530945 22.713173573570593 3.8
      vertex 15.745190717279911 22.364970003919943 3.8
      vertex 18.028889283537865 22.40944286222969 3.8
    endloop
  endfacet
  facet normal 0 0 1
    outer loop
      vertex 18.028889283537865 22.40944286222969 3.8
      vertex 16.46994785964489 22.22634428526674 3.8
      vertex 17.979845717549324 22.03277357454811 3.8
    endloop
  endfacet
  facet normal 0 0 1
    outer loop
      vertex 17.221192859113216 19.09150714214359 3.8
      vertex 18.954989284276962 21.428571430700167 3.8
      vertex 18.185797855257988 21.643067141728743 3.8
    endloop
  endfacet
  facet normal 0 0 1
    outer loop
      vertex 18.185797855257988 21.643067141728743 3.8
      vertex 18.954989284276962 21.813051430242403 3.8
      vertex 18.429058216512203 21.961522502558573 3.8
    endloop
  endfacet
  facet normal 0 0 1
    outer loop
      vertex 18.954989284276962 21.428571430700167 3.8
      vertex 17.221192859113216 19.09150714214359 3.8
      vertex 21.10241500288248 21.428571430700167 3.8
    endloop
  endfacet
  facet normal 0 0 1
    outer loop
      vertex 18.954989284276962 21.813051430242403 3.8
      vertex 18.185797855257988 21.643067141728743 3.8
      vertex 18.954989284276962 21.428571430700167 3.8
    endloop
  endfacet
  facet normal 0 0 1
    outer loop
      vertex 18.429058216512203 21.961522502558573 3.8
      vertex 18.954989284276962 21.813051430242403 3.8
      vertex 19.441490717232227 22.255118576543673 3.8
    endloop
  endfacet
  facet normal 0 0 1
    outer loop
      vertex 18.429058216512203 21.961522502558573 3.8
      vertex 19.441490717232227 22.255118576543673 3.8
      vertex 18.510145001113415 22.383291428642615 3.8
    endloop
  endfacet
  facet normal 0 0 1
    outer loop
      vertex 19.84758035838604 22.626522859292372 3.8
      vertex 18.510145001113415 22.383291428642615 3.8
      vertex 19.441490717232227 22.255118576543673 3.8
    endloop
  endfacet
  facet normal 0 0 1
    outer loop
      vertex 19.29765785485506 21.831372862415655 3.8
      vertex 21.10241500288248 21.831372862415655 3.8
      vertex 19.552017144858837 22.05959035988365 3.8
    endloop
  endfacet
  facet normal 0 0 1
    outer loop
      vertex 23 0 3.8
      vertex 23 30 3.8
      vertex 21.10241500288248 21.831372862415655 3.8
    endloop
  endfacet
  facet normal 0 0 1
    outer loop
      vertex 19.552017144858837 22.05959035988365 3.8
      vertex 21.10241500288248 21.831372862415655 3.8
      vertex 19.791989289224148 22.26819428588663 3.8
    endloop
  endfacet
  facet normal 0 0 1
    outer loop
      vertex 19.791989289224148 22.26819428588663 3.8
      vertex 21.10241500288248 21.831372862415655 3.8
      vertex 20.258877143263817 22.679828574614866 3.8
    endloop
  endfacet
  facet normal 0 0 1
    outer loop
      vertex 20.258877143263817 22.679828574614866 3.8
      vertex 21.10241500288248 21.831372862415655 3.8
      vertex 20.57144071161747 22.9887857192329 3.8
    endloop
  endfacet
  facet normal 0 0 1
    outer loop
      vertex 17.58419928699732 23.264725712793215 3.8
      vertex 17.99747285991907 23.168933575706824 3.8
      vertex 17.90886463969946 23.357923930244787 3.8
    endloop
  endfacet
  facet normal 0 0 1
    outer loop
      vertex 17.725447855889797 23.573374284165247 3.8
      vertex 16.577215000987053 24.188048576670035 3.8
      vertex 17.54562785476446 23.44389964427267 3.8
    endloop
  endfacet
  facet normal 0 0 1
    outer loop
      vertex 17.831384286284447 23.783935716109617 3.8
      vertex 16.577215000987053 24.188048576670035 3.8
      vertex 17.725447855889797 23.573374284165247 3.8
    endloop
  endfacet
  facet normal 0 0 1
    outer loop
      vertex 17.866696432232857 24.08081999953304 3.8
      vertex 16.577215000987053 24.188048576670035 3.8
      vertex 17.831384286284447 23.783935716109617 3.8
    endloop
  endfacet
  facet normal 0 0 1
    outer loop
      vertex 17.828443214297295 24.385871788220747 3.8
      vertex 16.577215000987053 24.188048576670035 3.8
      vertex 17.866696432232857 24.08081999953304 3.8
    endloop
  endfacet
  facet normal 0 0 1
    outer loop
      vertex 17.90886463969946 23.357923930244787 3.8
      vertex 17.99747285991907 23.168933575706824 3.8
      vertex 18.28519643098116 22.99140857692276 3.8
    endloop
  endfacet
  facet normal 0 0 1
    outer loop
      vertex 17.90886463969946 23.357923930244787 3.8
      vertex 18.28519643098116 22.99140857692276 3.8
      vertex 18.150466427206993 23.532835719840868 3.8
    endloop
  endfacet
  facet normal 0 0 1
    outer loop
      vertex 18.3005478605628 23.785584641354426 3.8
      vertex 19.072709284722805 24.188048576670035 3.8
      vertex 18.350575000047684 24.11221714849983 3.8
    endloop
  endfacet
  facet normal 0 0 1
    outer loop
      vertex 17.515223927795887 24.715445359902724 3.8
      vertex 16.577215000987053 24.188048576670035 3.8
      vertex 17.71368356794119 24.59478428746973 3.8
    endloop
  endfacet
  facet normal 0 0 1
    outer loop
      vertex 17.71368356794119 24.59478428746973 3.8
      vertex 16.577215000987053 24.188048576670035 3.8
      vertex 17.828443214297295 24.385871788220747 3.8
    endloop
  endfacet
  facet normal 0 0 1
    outer loop
      vertex 18.350575000047684 24.11221714849983 3.8
      vertex 19.072709284722805 24.8628942870668 3.8
      vertex 18.069398932158947 24.75958071436201 3.8
    endloop
  endfacet
  facet normal 0 0 1
    outer loop
      vertex 18.510145001113415 22.383291428642615 3.8
      vertex 19.84758035838604 22.626522859292372 3.8
      vertex 18.45390785485506 22.730183576898916 3.8
    endloop
  endfacet
  facet normal 0 0 1
    outer loop
      vertex 18.45390785485506 22.730183576898916 3.8
      vertex 20.12941214442253 22.91947285618101 3.8
      vertex 18.28519643098116 22.99140857692276 3.8
    endloop
  endfacet
  facet normal 0 0 1
    outer loop
      vertex 18.150466427206993 23.532835719840868 3.8
      vertex 18.28519643098116 22.99140857692276 3.8
      vertex 20.12941214442253 22.91947285618101 3.8
    endloop
  endfacet
  facet normal 0 0 1
    outer loop
      vertex 18.150466427206993 23.532835719840868 3.8
      vertex 20.12941214442253 22.91947285618101 3.8
      vertex 18.3005478605628 23.785584641354426 3.8
    endloop
  endfacet
  facet normal 0 0 1
    outer loop
      vertex 19.072709284722805 24.188048576670035 3.8
      vertex 18.3005478605628 23.785584641354426 3.8
      vertex 19.245316430926323 24.188048576670035 3.8
    endloop
  endfacet
  facet normal 0 0 1
    outer loop
      vertex 18.3005478605628 23.785584641354426 3.8
      vertex 20.516206428408623 23.731613574283465 3.8
      vertex 19.245316430926323 24.188048576670035 3.8
    endloop
  endfacet
  facet normal 0 0 1
    outer loop
      vertex 18.45390785485506 22.730183576898916 3.8
      vertex 19.84758035838604 22.626522859292372 3.8
      vertex 20.12941214442253 22.91947285618101 3.8
    endloop
  endfacet
  facet normal 0 0 1
    outer loop
      vertex 20.318055354058743 23.177110714571818 3.8
      vertex 18.3005478605628 23.785584641354426 3.8
      vertex 20.12941214442253 22.91947285618101 3.8
    endloop
  endfacet
  facet normal 0 0 1
    outer loop
      vertex 20.444579288363457 23.442578574376448 3.8
      vertex 18.3005478605628 23.785584641354426 3.8
      vertex 20.318055354058743 23.177110714571818 3.8
    endloop
  endfacet
  facet normal 0 0 1
    outer loop
      vertex 20.516206428408623 23.731613574283465 3.8
      vertex 18.3005478605628 23.785584641354426 3.8
      vertex 20.444579288363457 23.442578574376448 3.8
    endloop
  endfacet
  facet normal 0 0 1
    outer loop
      vertex 20.54008214175701 24.059875717120512 3.8
      vertex 19.245316430926323 24.188048576670035 3.8
      vertex 20.516206428408623 23.731613574283465 3.8
    endloop
  endfacet
  facet normal 0 0 1
    outer loop
      vertex 20.501501068472862 24.3593732171825 3.8
      vertex 19.245316430926323 24.188048576670035 3.8
      vertex 20.54008214175701 24.059875717120512 3.8
    endloop
  endfacet
  facet normal 0 0 1
    outer loop
      vertex 19.072709284722805 24.8628942870668 3.8
      vertex 18.350575000047684 24.11221714849983 3.8
      vertex 19.072709284722805 24.188048576670035 3.8
    endloop
  endfacet
  facet normal 0 0 1
    outer loop
      vertex 19.245316430926323 24.188048576670035 3.8
      vertex 19.45785464346409 24.67357607718025 3.8
      vertex 19.33688499778509 24.617001427071436 3.8
    endloop
  endfacet
  facet normal 0 0 1
    outer loop
      vertex 19.45785464346409 24.67357607718025 3.8
      vertex 19.245316430926323 24.188048576670035 3.8
      vertex 19.595815002918243 24.717711431639536 3.8
    endloop
  endfacet
  facet normal 0 0 1
    outer loop
      vertex 19.595815002918243 24.717711431639536 3.8
      vertex 19.245316430926323 24.188048576670035 3.8
      vertex 19.740342140197754 24.746177142219885 3.8
    endloop
  endfacet
  facet normal 0 0 1
    outer loop
      vertex 19.740342140197754 24.746177142219885 3.8
      vertex 19.245316430926323 24.188048576670035 3.8
      vertex 19.88093499839306 24.75566571738039 3.8
    endloop
  endfacet
  facet normal 0 0 1
    outer loop
      vertex 19.88093499839306 24.75566571738039 3.8
      vertex 19.245316430926323 24.188048576670035 3.8
      vertex 20.182389996945858 24.711192859070643 3.8
    endloop
  endfacet
  facet normal 0 0 1
    outer loop
      vertex 20.182389996945858 24.711192859070643 3.8
      vertex 19.245316430926323 24.188048576670035 3.8
      vertex 20.385757856070995 24.577774284141405 3.8
    endloop
  endfacet
  facet normal 0 0 1
    outer loop
      vertex 20.385757856070995 24.577774284141405 3.8
      vertex 19.245316430926323 24.188048576670035 3.8
      vertex 20.501501068472862 24.3593732171825 3.8
    endloop
  endfacet
  facet normal 0 0 1
    outer loop
      vertex 23 30 3.8
      vertex 14.50276643037796 24.97536857213293 3.8
      vertex 15.069708570837975 24.94201393212591 3.8
    endloop
  endfacet
  facet normal 0 0 1
    outer loop
      vertex 23 30 3.8
      vertex 15.069708570837975 24.94201393212591 3.8
      vertex 15.677189283072948 24.841950004654272 3.8
    endloop
  endfacet
  facet normal 0 0 1
    outer loop
      vertex 23 30 3.8
      vertex 15.677189283072948 24.841950004654272 3.8
      vertex 16.404569283127785 24.8628942870668 3.8
    endloop
  endfacet
  facet normal 0 0 1
    outer loop
      vertex 23 30 3.8
      vertex 16.404569283127785 24.8628942870668 3.8
      vertex 16.64584321528673 24.91944964762245 3.8
    endloop
  endfacet
  facet normal 0 0 1
    outer loop
      vertex 23 30 3.8
      vertex 16.64584321528673 24.91944964762245 3.8
      vertex 16.85180500149727 24.95311286087547 3.8
    endloop
  endfacet
  facet normal 0 0 1
    outer loop
      vertex 23 30 3.8
      vertex 16.85180500149727 24.95311286087547 3.8
      vertex 17.039493568241596 24.96980464245592 3.8
    endloop
  endfacet
  facet normal 0 0 1
    outer loop
      vertex 23 30 3.8
      vertex 17.039493568241596 24.96980464245592 3.8
      vertex 17.225870713591576 24.97536857213293 3.8
    endloop
  endfacet
  facet normal 0 0 1
    outer loop
      vertex 23 30 3.8
      vertex 17.225870713591576 24.97536857213293 3.8
      vertex 18.069398932158947 24.75958071436201 3.8
    endloop
  endfacet
  facet normal 0 0 1
    outer loop
      vertex 23 30 3.8
      vertex 18.069398932158947 24.75958071436201 3.8
      vertex 19.072709284722805 24.8628942870668 3.8
    endloop
  endfacet
  facet normal 0 0 1
    outer loop
      vertex 20.57144071161747 22.9887857192329 3.8
      vertex 21.10241500288248 21.831372862415655 3.8
      vertex 20.77643821388483 23.247088929372175 3.8
    endloop
  endfacet
  facet normal 0 0 1
    outer loop
      vertex 20.77643821388483 23.247088929372175 3.8
      vertex 21.10241500288248 21.831372862415655 3.8
      vertex 20.92062785476446 23.506684286253794 3.8
    endloop
  endfacet
  facet normal 0 0 1
    outer loop
      vertex 23 30 3.8
      vertex 20.92062785476446 23.506684286253794 3.8
      vertex 21.10241500288248 21.831372862415655 3.8
    endloop
  endfacet
  facet normal 0 0 1
    outer loop
      vertex 23 30 3.8
      vertex 21.005967140197754 23.77510285909687 3.8
      vertex 20.92062785476446 23.506684286253794 3.8
    endloop
  endfacet
  facet normal 0 0 1
    outer loop
      vertex 23 30 3.8
      vertex 21.034413568675518 24.059875717120512 3.8
      vertex 21.005967140197754 23.77510285909687 3.8
    endloop
  endfacet
  facet normal 0 0 1
    outer loop
      vertex 23 30 3.8
      vertex 20.962159641087055 24.44732571925436 3.8
      vertex 21.034413568675518 24.059875717120512 3.8
    endloop
  endfacet
  facet normal 0 0 1
    outer loop
      vertex 23 30 3.8
      vertex 19.072709284722805 24.8628942870668 3.8
      vertex 19.512790001928806 24.947249999003752 3.8
    endloop
  endfacet
  facet normal 0 0 1
    outer loop
      vertex 23 30 3.8
      vertex 19.512790001928806 24.947249999003752 3.8
      vertex 19.88093499839306 24.97536857213293 3.8
    endloop
  endfacet
  facet normal 0 0 1
    outer loop
      vertex 23 30 3.8
      vertex 19.88093499839306 24.97536857213293 3.8
      vertex 20.384774282574654 24.91553464319025 3.8
    endloop
  endfacet
  facet normal 0 0 1
    outer loop
      vertex 23 30 3.8
      vertex 20.384774282574654 24.91553464319025 3.8
      vertex 20.745397858321667 24.736032856362208 3.8
    endloop
  endfacet
  facet normal 0 0 1
    outer loop
      vertex 23 30 3.8
      vertex 20.745397858321667 24.736032856362208 3.8
      vertex 20.962159641087055 24.44732571925436 3.8
    endloop
  endfacet
  facet normal -1 0 0
    outer loop
      vertex 3.9454107135534286 4.285714288907393 4
      vertex 3.9454107135534286 4.3627285712531645 3.8
      vertex 3.9454107135534286 4.285714288907393 3.8
    endloop
  endfacet
  facet normal -0.12575903918738712 0.992060816715722 0
    outer loop
      vertex 3.9454107135534286 4.3627285712531645 4
      vertex 4.25492499768734 4.401964289801462 3.8
      vertex 3.9454107135534286 4.3627285712531645 3.8
    endloop
  endfacet
  facet normal -1 0 0
    outer loop
      vertex 4.25492499768734 4.401964289801462 4
      vertex 4.25492499768734 5.0442428567579825 3.8
      vertex 4.25492499768734 4.401964289801462 3.8
    endloop
  endfacet
  facet normal -1 0 0
    outer loop
      vertex 3.9454107135534286 4.285714288907393 4
      vertex 3.9454107135534286 4.3627285712531645 4
      vertex 3.9454107135534286 4.3627285712531645 3.8
    endloop
  endfacet
  facet normal -0.12575903918738712 0.992060816715722 0
    outer loop
      vertex 3.9454107135534286 4.3627285712531645 4
      vertex 4.25492499768734 4.401964289801462 4
      vertex 4.25492499768734 4.401964289801462 3.8
    endloop
  endfacet
  facet normal 0 -1 0
    outer loop
      vertex 3.9454107135534286 4.285714288907393 4
      vertex 3.9454107135534286 4.285714288907393 3.8
      vertex 4.844896428287029 4.285714288907393 4
    endloop
  endfacet
  facet normal 0 0 1
    outer loop
      vertex 3.9454107135534286 4.285714288907393 4
      vertex 4.25492499768734 4.401964289801462 4
      vertex 3.9454107135534286 4.3627285712531645 4
    endloop
  endfacet
  facet normal -0.8436109512295551 -0.5369548984463827 0
    outer loop
      vertex 4.25492499768734 5.0442428567579825 4
      vertex 3.5704964250326157 6.119550002472742 3.8
      vertex 4.25492499768734 5.0442428567579825 3.8
    endloop
  endfacet
  facet normal -1 0 0
    outer loop
      vertex 4.25492499768734 4.401964289801462 4
      vertex 4.25492499768734 5.0442428567579825 4
      vertex 4.25492499768734 5.0442428567579825 3.8
    endloop
  endfacet
  facet normal 0.849150962769543 0.5281502082055426 0
    outer loop
      vertex 4.472896426916122 5.220064287739142 4
      vertex 4.472896426916122 5.220064287739142 3.8
      vertex 3.9134392887353897 6.119550002472742 4
    endloop
  endfacet
  facet normal 0 0 1
    outer loop
      vertex 4.25492499768734 5.0442428567579825 4
      vertex 4.472896426916122 5.220064287739142 4
      vertex 3.9134392887353897 6.119550002472742 4
    endloop
  endfacet
  facet normal -1 0 0
    outer loop
      vertex 3.351089283823967 6.1573500015905935 4
      vertex 3.351089283823967 6.234364291386946 3.8
      vertex 3.351089283823967 6.1573500015905935 3.8
    endloop
  endfacet
  facet normal -0.16978121237400529 -0.9854817806153562 0
    outer loop
      vertex 3.5704964250326157 6.119550002472742 4
      vertex 3.351089283823967 6.1573500015905935 3.8
      vertex 3.5704964250326157 6.119550002472742 3.8
    endloop
  endfacet
  facet normal -1 0 0
    outer loop
      vertex 3.351089283823967 6.1573500015905935 4
      vertex 3.351089283823967 6.234364291386946 4
      vertex 3.351089283823967 6.234364291386946 3.8
    endloop
  endfacet
  facet normal -0.16978121237400529 -0.9854817806153562 0
    outer loop
      vertex 3.351089283823967 6.1573500015905935 4
      vertex 3.351089283823967 6.1573500015905935 3.8
      vertex 3.5704964250326157 6.119550002472742 4
    endloop
  endfacet
  facet normal 0 0 1
    outer loop
      vertex 3.351089283823967 6.1573500015905935 4
      vertex 3.5704964250326157 6.119550002472742 4
      vertex 3.351089283823967 6.234364291386946 4
    endloop
  endfacet
  facet normal 0 1 0
    outer loop
      vertex 3.351089283823967 6.234364291386946 4
      vertex 4.174996428191662 6.234364291386946 3.8
      vertex 3.351089283823967 6.234364291386946 3.8
    endloop
  endfacet
  facet normal 0.849150962769543 0.5281502082055426 0
    outer loop
      vertex 3.9134392887353897 6.119550002472742 4
      vertex 4.472896426916122 5.220064287739142 3.8
      vertex 3.9134392887353897 6.119550002472742 3.8
    endloop
  endfacet
  facet normal 0.14303312796849924 -0.9897179013757136 0
    outer loop
      vertex 4.174996428191662 6.1573500015905935 4
      vertex 3.9134392887353897 6.119550002472742 3.8
      vertex 4.174996428191662 6.1573500015905935 3.8
    endloop
  endfacet
  facet normal 1 0 0
    outer loop
      vertex 4.174996428191662 6.234364291386946 4
      vertex 4.174996428191662 6.1573500015905935 3.8
      vertex 4.174996428191662 6.234364291386946 3.8
    endloop
  endfacet
  facet normal -0.8436109512295551 -0.5369548984463827 0
    outer loop
      vertex 3.5704964250326157 6.119550002472742 4
      vertex 3.5704964250326157 6.119550002472742 3.8
      vertex 4.25492499768734 5.0442428567579825 4
    endloop
  endfacet
  facet normal 0 0 1
    outer loop
      vertex 3.5704964250326157 6.119550002472742 4
      vertex 4.25492499768734 5.0442428567579825 4
      vertex 3.9134392887353897 6.119550002472742 4
    endloop
  endfacet
  facet normal 0 1 0
    outer loop
      vertex 3.351089283823967 6.234364291386946 4
      vertex 4.174996428191662 6.234364291386946 4
      vertex 4.174996428191662 6.234364291386946 3.8
    endloop
  endfacet
  facet normal 0 0 1
    outer loop
      vertex 3.351089283823967 6.234364291386946 4
      vertex 3.5704964250326157 6.119550002472742 4
      vertex 3.9134392887353897 6.119550002472742 4
    endloop
  endfacet
  facet normal 0 0 1
    outer loop
      vertex 3.351089283823967 6.234364291386946 4
      vertex 3.9134392887353897 6.119550002472742 4
      vertex 4.174996428191662 6.234364291386946 4
    endloop
  endfacet
  facet normal 0.14303312796849924 -0.9897179013757136 0
    outer loop
      vertex 3.9134392887353897 6.119550002472742 4
      vertex 3.9134392887353897 6.119550002472742 3.8
      vertex 4.174996428191662 6.1573500015905935 4
    endloop
  endfacet
  facet normal 1 0 0
    outer loop
      vertex 4.174996428191662 6.1573500015905935 4
      vertex 4.174996428191662 6.1573500015905935 3.8
      vertex 4.174996428191662 6.234364291386946 4
    endloop
  endfacet
  facet normal 0 0 1
    outer loop
      vertex 3.9134392887353897 6.119550002472742 4
      vertex 4.174996428191662 6.1573500015905935 4
      vertex 4.174996428191662 6.234364291386946 4
    endloop
  endfacet
  facet normal 0 -1 0
    outer loop
      vertex 4.844896428287029 4.285714288907393 4
      vertex 3.9454107135534286 4.285714288907393 3.8
      vertex 4.844896428287029 4.285714288907393 3.8
    endloop
  endfacet
  facet normal 0.12575903918738712 0.992060816715722 0
    outer loop
      vertex 4.535382144153118 4.401964289801462 4
      vertex 4.844896428287029 4.3627285712531645 3.8
      vertex 4.535382144153118 4.401964289801462 3.8
    endloop
  endfacet
  facet normal 1 0 0
    outer loop
      vertex 4.844896428287029 4.3627285712531645 4
      vertex 4.844896428287029 4.285714288907393 3.8
      vertex 4.844896428287029 4.3627285712531645 3.8
    endloop
  endfacet
  facet normal 1 0 0
    outer loop
      vertex 4.535382144153118 4.401964289801462 4
      vertex 4.535382144153118 4.401964289801462 3.8
      vertex 4.535382144153118 5.052964290337904 4
    endloop
  endfacet
  facet normal 0 0 1
    outer loop
      vertex 3.9454107135534286 4.285714288907393 4
      vertex 4.844896428287029 4.285714288907393 4
      vertex 4.25492499768734 4.401964289801462 4
    endloop
  endfacet
  facet normal 0 0 1
    outer loop
      vertex 4.25492499768734 4.401964289801462 4
      vertex 4.535382144153118 4.401964289801462 4
      vertex 4.25492499768734 5.0442428567579825 4
    endloop
  endfacet
  facet normal 0 0 1
    outer loop
      vertex 4.25492499768734 4.401964289801462 4
      vertex 4.844896428287029 4.285714288907393 4
      vertex 4.535382144153118 4.401964289801462 4
    endloop
  endfacet
  facet normal 0.12575903918738712 0.992060816715722 0
    outer loop
      vertex 4.535382144153118 4.401964289801462 4
      vertex 4.844896428287029 4.3627285712531645 4
      vertex 4.844896428287029 4.3627285712531645 3.8
    endloop
  endfacet
  facet normal 1 0 0
    outer loop
      vertex 4.844896428287029 4.285714288907393 4
      vertex 4.844896428287029 4.285714288907393 3.8
      vertex 4.844896428287029 4.3627285712531645 4
    endloop
  endfacet
  facet normal 0 0 1
    outer loop
      vertex 4.535382144153118 4.401964289801462 4
      vertex 4.844896428287029 4.285714288907393 4
      vertex 4.844896428287029 4.3627285712531645 4
    endloop
  endfacet
  facet normal 1 0 0
    outer loop
      vertex 4.535382144153118 5.052964290337904 4
      vertex 4.535382144153118 4.401964289801462 3.8
      vertex 4.535382144153118 5.052964290337904 3.8
    endloop
  endfacet
  facet normal -0.8607917760673391 0.5089572852949803 0
    outer loop
      vertex 4.472896426916122 5.220064287739142 4
      vertex 5.004732139408588 6.119550002472742 3.8
      vertex 4.472896426916122 5.220064287739142 3.8
    endloop
  endfacet
  facet normal 0 0 1
    outer loop
      vertex 4.25492499768734 5.0442428567579825 4
      vertex 4.535382144153118 4.401964289801462 4
      vertex 4.535382144153118 5.052964290337904 4
    endloop
  endfacet
  facet normal 0 0 1
    outer loop
      vertex 4.25492499768734 5.0442428567579825 4
      vertex 4.535382144153118 5.052964290337904 4
      vertex 4.472896426916122 5.220064287739142 4
    endloop
  endfacet
  facet normal 0 0 1
    outer loop
      vertex 4.535382144153118 5.052964290337904 4
      vertex 5.004732139408588 6.119550002472742 4
      vertex 4.472896426916122 5.220064287739142 4
    endloop
  endfacet
  facet normal 0.8566672094323573 -0.5158694527527073 0
    outer loop
      vertex 4.535382144153118 5.052964290337904 4
      vertex 4.535382144153118 5.052964290337904 3.8
      vertex 5.177660711109638 6.119550002472742 4
    endloop
  endfacet
  facet normal 0.8566672094323573 -0.5158694527527073 0
    outer loop
      vertex 5.177660711109638 6.119550002472742 4
      vertex 4.535382144153118 5.052964290337904 3.8
      vertex 5.177660711109638 6.119550002472742 3.8
    endloop
  endfacet
  facet normal -1 0 0
    outer loop
      vertex 4.757703572511673 6.1573500015905935 4
      vertex 4.757703572511673 6.234364291386946 3.8
      vertex 4.757703572511673 6.1573500015905935 3.8
    endloop
  endfacet
  facet normal -0.15125814789776848 -0.988494295731916 0
    outer loop
      vertex 5.004732139408588 6.119550002472742 4
      vertex 4.757703572511673 6.1573500015905935 3.8
      vertex 5.004732139408588 6.119550002472742 3.8
    endloop
  endfacet
  facet normal 0 1 0
    outer loop
      vertex 4.757703572511673 6.234364291386946 4
      vertex 5.391260713338852 6.234364291386946 3.8
      vertex 4.757703572511673 6.234364291386946 3.8
    endloop
  endfacet
  facet normal -0.8607917760673391 0.5089572852949803 0
    outer loop
      vertex 4.472896426916122 5.220064287739142 4
      vertex 5.004732139408588 6.119550002472742 4
      vertex 5.004732139408588 6.119550002472742 3.8
    endloop
  endfacet
  facet normal 0 0 1
    outer loop
      vertex 4.535382144153118 5.052964290337904 4
      vertex 5.177660711109638 6.119550002472742 4
      vertex 5.004732139408588 6.119550002472742 4
    endloop
  endfacet
  facet normal -1 0 0
    outer loop
      vertex 4.757703572511673 6.1573500015905935 4
      vertex 4.757703572511673 6.234364291386946 4
      vertex 4.757703572511673 6.234364291386946 3.8
    endloop
  endfacet
  facet normal -0.15125814789776848 -0.988494295731916 0
    outer loop
      vertex 4.757703572511673 6.1573500015905935 4
      vertex 4.757703572511673 6.1573500015905935 3.8
      vertex 5.004732139408588 6.119550002472742 4
    endloop
  endfacet
  facet normal 0 0 1
    outer loop
      vertex 4.757703572511673 6.1573500015905935 4
      vertex 5.004732139408588 6.119550002472742 4
      vertex 4.757703572511673 6.234364291386946 4
    endloop
  endfacet
  facet normal 0 0 1
    outer loop
      vertex 4.757703572511673 6.234364291386946 4
      vertex 5.004732139408588 6.119550002472742 4
      vertex 5.177660711109638 6.119550002472742 4
    endloop
  endfacet
  facet normal 0.1742586858420933 -0.9846999088090679 0
    outer loop
      vertex 5.391260713338852 6.1573500015905935 4
      vertex 5.177660711109638 6.119550002472742 3.8
      vertex 5.391260713338852 6.1573500015905935 3.8
    endloop
  endfacet
  facet normal 1 0 0
    outer loop
      vertex 5.391260713338852 6.234364291386946 4
      vertex 5.391260713338852 6.1573500015905935 3.8
      vertex 5.391260713338852 6.234364291386946 3.8
    endloop
  endfacet
  facet normal -1 0 0
    outer loop
      vertex 5.500396430492401 6.1573500015905935 4
      vertex 5.500396430492401 6.234364291386946 3.8
      vertex 5.500396430492401 6.1573500015905935 3.8
    endloop
  endfacet
  facet normal -0.16978121237400529 -0.9854817806153562 0
    outer loop
      vertex 5.71980357170105 6.119550002472742 4
      vertex 5.500396430492401 6.1573500015905935 3.8
      vertex 5.71980357170105 6.119550002472742 3.8
    endloop
  endfacet
  facet normal 0 1 0
    outer loop
      vertex 4.757703572511673 6.234364291386946 4
      vertex 5.391260713338852 6.234364291386946 4
      vertex 5.391260713338852 6.234364291386946 3.8
    endloop
  endfacet
  facet normal 0.1742586858420933 -0.9846999088090679 0
    outer loop
      vertex 5.177660711109638 6.119550002472742 4
      vertex 5.177660711109638 6.119550002472742 3.8
      vertex 5.391260713338852 6.1573500015905935 4
    endloop
  endfacet
  facet normal 0 0 1
    outer loop
      vertex 4.757703572511673 6.234364291386946 4
      vertex 5.177660711109638 6.119550002472742 4
      vertex 5.391260713338852 6.234364291386946 4
    endloop
  endfacet
  facet normal 0 0 1
    outer loop
      vertex 5.177660711109638 6.119550002472742 4
      vertex 5.391260713338852 6.1573500015905935 4
      vertex 5.391260713338852 6.234364291386946 4
    endloop
  endfacet
  facet normal 1 0 0
    outer loop
      vertex 5.391260713338852 6.1573500015905935 4
      vertex 5.391260713338852 6.1573500015905935 3.8
      vertex 5.391260713338852 6.234364291386946 4
    endloop
  endfacet
  facet normal -1 0 0
    outer loop
      vertex 5.500396430492401 6.1573500015905935 4
      vertex 5.500396430492401 6.234364291386946 4
      vertex 5.500396430492401 6.234364291386946 3.8
    endloop
  endfacet
  facet normal -0.16978121237400529 -0.9854817806153562 0
    outer loop
      vertex 5.500396430492401 6.1573500015905935 4
      vertex 5.500396430492401 6.1573500015905935 3.8
      vertex 5.71980357170105 6.119550002472742 4
    endloop
  endfacet
  facet normal 0 0 1
    outer loop
      vertex 5.500396430492401 6.1573500015905935 4
      vertex 5.71980357170105 6.119550002472742 4
      vertex 5.500396430492401 6.234364291386946 4
    endloop
  endfacet
  facet normal -1 0 0
    outer loop
      vertex 6.094717860221863 4.285714288907393 4
      vertex 6.094717860221863 4.3627285712531645 3.8
      vertex 6.094717860221863 4.285714288907393 3.8
    endloop
  endfacet
  facet normal -0.12575903918738712 0.992060816715722 0
    outer loop
      vertex 6.094717860221863 4.3627285712531645 4
      vertex 6.404232144355774 4.401964289801462 3.8
      vertex 6.094717860221863 4.3627285712531645 3.8
    endloop
  endfacet
  facet normal -1 0 0
    outer loop
      vertex 6.404232144355774 4.401964289801462 4
      vertex 6.404232144355774 5.0442428567579825 3.8
      vertex 6.404232144355774 4.401964289801462 3.8
    endloop
  endfacet
  facet normal -1 0 0
    outer loop
      vertex 6.094717860221863 4.285714288907393 4
      vertex 6.094717860221863 4.3627285712531645 4
      vertex 6.094717860221863 4.3627285712531645 3.8
    endloop
  endfacet
  facet normal -0.12575903918738712 0.992060816715722 0
    outer loop
      vertex 6.094717860221863 4.3627285712531645 4
      vertex 6.404232144355774 4.401964289801462 4
      vertex 6.404232144355774 4.401964289801462 3.8
    endloop
  endfacet
  facet normal 0 -1 0
    outer loop
      vertex 6.094717860221863 4.285714288907393 4
      vertex 6.094717860221863 4.285714288907393 3.8
      vertex 6.994203574955463 4.285714288907393 4
    endloop
  endfacet
  facet normal 0 0 1
    outer loop
      vertex 6.094717860221863 4.285714288907393 4
      vertex 6.404232144355774 4.401964289801462 4
      vertex 6.094717860221863 4.3627285712531645 4
    endloop
  endfacet
  facet normal 0 0 1
    outer loop
      vertex 6.094717860221863 4.285714288907393 4
      vertex 6.684689283370972 4.401964289801462 4
      vertex 6.404232144355774 4.401964289801462 4
    endloop
  endfacet
  facet normal -0.8436109512295551 -0.5369548984463827 0
    outer loop
      vertex 6.404232144355774 5.0442428567579825 4
      vertex 5.71980357170105 6.119550002472742 3.8
      vertex 6.404232144355774 5.0442428567579825 3.8
    endloop
  endfacet
  facet normal -1 0 0
    outer loop
      vertex 6.404232144355774 4.401964289801462 4
      vertex 6.404232144355774 5.0442428567579825 4
      vertex 6.404232144355774 5.0442428567579825 3.8
    endloop
  endfacet
  facet normal 0.849150959615097 0.5281502132772077 0
    outer loop
      vertex 6.062746427953243 6.119550002472742 4
      vertex 6.622203573584557 5.220064287739142 4
      vertex 6.622203573584557 5.220064287739142 3.8
    endloop
  endfacet
  facet normal 0 0 1
    outer loop
      vertex 6.062746427953243 6.119550002472742 4
      vertex 6.404232144355774 5.0442428567579825 4
      vertex 6.622203573584557 5.220064287739142 4
    endloop
  endfacet
  facet normal 0 -1 0
    outer loop
      vertex 6.994203574955463 4.285714288907393 4
      vertex 6.094717860221863 4.285714288907393 3.8
      vertex 6.994203574955463 4.285714288907393 3.8
    endloop
  endfacet
  facet normal 0.1257590362080118 0.9920608170934038 0
    outer loop
      vertex 6.684689283370972 4.401964289801462 4
      vertex 6.994203574955463 4.3627285712531645 3.8
      vertex 6.684689283370972 4.401964289801462 3.8
    endloop
  endfacet
  facet normal 1 0 0
    outer loop
      vertex 6.994203574955463 4.3627285712531645 4
      vertex 6.994203574955463 4.285714288907393 3.8
      vertex 6.994203574955463 4.3627285712531645 3.8
    endloop
  endfacet
  facet normal 1 0 0
    outer loop
      vertex 6.684689283370972 4.401964289801462 4
      vertex 6.684689283370972 4.401964289801462 3.8
      vertex 6.684689283370972 5.052964290337904 4
    endloop
  endfacet
  facet normal 0 0 1
    outer loop
      vertex 6.094717860221863 4.285714288907393 4
      vertex 6.994203574955463 4.285714288907393 4
      vertex 6.684689283370972 4.401964289801462 4
    endloop
  endfacet
  facet normal 0 0 1
    outer loop
      vertex 6.404232144355774 4.401964289801462 4
      vertex 6.684689283370972 4.401964289801462 4
      vertex 6.404232144355774 5.0442428567579825 4
    endloop
  endfacet
  facet normal 0.1257590362080118 0.9920608170934038 0
    outer loop
      vertex 6.684689283370972 4.401964289801462 4
      vertex 6.994203574955463 4.3627285712531645 4
      vertex 6.994203574955463 4.3627285712531645 3.8
    endloop
  endfacet
  facet normal 1 0 0
    outer loop
      vertex 6.994203574955463 4.285714288907393 4
      vertex 6.994203574955463 4.285714288907393 3.8
      vertex 6.994203574955463 4.3627285712531645 4
    endloop
  endfacet
  facet normal 0 0 1
    outer loop
      vertex 6.684689283370972 4.401964289801462 4
      vertex 6.994203574955463 4.285714288907393 4
      vertex 6.994203574955463 4.3627285712531645 4
    endloop
  endfacet
  facet normal 1 0 0
    outer loop
      vertex 6.684689283370972 5.052964290337904 4
      vertex 6.684689283370972 4.401964289801462 3.8
      vertex 6.684689283370972 5.052964290337904 3.8
    endloop
  endfacet
  facet normal -0.8607917760673391 0.5089572852949803 0
    outer loop
      vertex 6.622203573584557 5.220064287739142 4
      vertex 7.1540392860770226 6.119550002472742 3.8
      vertex 6.622203573584557 5.220064287739142 3.8
    endloop
  endfacet
  facet normal 0 0 1
    outer loop
      vertex 6.684689283370972 4.401964289801462 4
      vertex 6.684689283370972 5.052964290337904 4
      vertex 6.404232144355774 5.0442428567579825 4
    endloop
  endfacet
  facet normal 0 0 1
    outer loop
      vertex 6.404232144355774 5.0442428567579825 4
      vertex 6.684689283370972 5.052964290337904 4
      vertex 6.622203573584557 5.220064287739142 4
    endloop
  endfacet
  facet normal 0 0 1
    outer loop
      vertex 6.622203573584557 5.220064287739142 4
      vertex 6.684689283370972 5.052964290337904 4
      vertex 7.1540392860770226 6.119550002472742 4
    endloop
  endfacet
  facet normal 0.8566672067877666 -0.5158694571443883 0
    outer loop
      vertex 6.684689283370972 5.052964290337904 4
      vertex 6.684689283370972 5.052964290337904 3.8
      vertex 7.326967857778072 6.119550002472742 4
    endloop
  endfacet
  facet normal 0 1 0
    outer loop
      vertex 5.500396430492401 6.234364291386946 4
      vertex 6.324303574860096 6.234364291386946 3.8
      vertex 5.500396430492401 6.234364291386946 3.8
    endloop
  endfacet
  facet normal 0.849150959615097 0.5281502132772077 0
    outer loop
      vertex 6.062746427953243 6.119550002472742 4
      vertex 6.622203573584557 5.220064287739142 3.8
      vertex 6.062746427953243 6.119550002472742 3.8
    endloop
  endfacet
  facet normal 0.14303312397748744 -0.989717901952491 0
    outer loop
      vertex 6.324303574860096 6.1573500015905935 4
      vertex 6.062746427953243 6.119550002472742 3.8
      vertex 6.324303574860096 6.1573500015905935 3.8
    endloop
  endfacet
  facet normal 1 0 0
    outer loop
      vertex 6.324303574860096 6.234364291386946 4
      vertex 6.324303574860096 6.1573500015905935 3.8
      vertex 6.324303574860096 6.234364291386946 3.8
    endloop
  endfacet
  facet normal -0.8436109512295551 -0.5369548984463827 0
    outer loop
      vertex 5.71980357170105 6.119550002472742 4
      vertex 5.71980357170105 6.119550002472742 3.8
      vertex 6.404232144355774 5.0442428567579825 4
    endloop
  endfacet
  facet normal 0 0 1
    outer loop
      vertex 5.71980357170105 6.119550002472742 4
      vertex 6.404232144355774 5.0442428567579825 4
      vertex 6.062746427953243 6.119550002472742 4
    endloop
  endfacet
  facet normal 0 1 0
    outer loop
      vertex 5.500396430492401 6.234364291386946 4
      vertex 6.324303574860096 6.234364291386946 4
      vertex 6.324303574860096 6.234364291386946 3.8
    endloop
  endfacet
  facet normal 0 0 1
    outer loop
      vertex 5.500396430492401 6.234364291386946 4
      vertex 5.71980357170105 6.119550002472742 4
      vertex 6.062746427953243 6.119550002472742 4
    endloop
  endfacet
  facet normal 0 0 1
    outer loop
      vertex 5.500396430492401 6.234364291386946 4
      vertex 6.062746427953243 6.119550002472742 4
      vertex 6.324303574860096 6.234364291386946 4
    endloop
  endfacet
  facet normal 0.14303312397748744 -0.989717901952491 0
    outer loop
      vertex 6.062746427953243 6.119550002472742 4
      vertex 6.062746427953243 6.119550002472742 3.8
      vertex 6.324303574860096 6.1573500015905935 4
    endloop
  endfacet
  facet normal 1 0 0
    outer loop
      vertex 6.324303574860096 6.1573500015905935 4
      vertex 6.324303574860096 6.1573500015905935 3.8
      vertex 6.324303574860096 6.234364291386946 4
    endloop
  endfacet
  facet normal 0 0 1
    outer loop
      vertex 6.062746427953243 6.119550002472742 4
      vertex 6.324303574860096 6.1573500015905935 4
      vertex 6.324303574860096 6.234364291386946 4
    endloop
  endfacet
  facet normal 0.8566672067877666 -0.5158694571443883 0
    outer loop
      vertex 7.326967857778072 6.119550002472742 4
      vertex 6.684689283370972 5.052964290337904 3.8
      vertex 7.326967857778072 6.119550002472742 3.8
    endloop
  endfacet
  facet normal -1 0 0
    outer loop
      vertex 6.9070107117295265 6.1573500015905935 4
      vertex 6.9070107117295265 6.234364291386946 3.8
      vertex 6.9070107117295265 6.1573500015905935 3.8
    endloop
  endfacet
  facet normal -0.15125814344007665 -0.9884942964140264 0
    outer loop
      vertex 7.1540392860770226 6.119550002472742 4
      vertex 6.9070107117295265 6.1573500015905935 3.8
      vertex 7.1540392860770226 6.119550002472742 3.8
    endloop
  endfacet
  facet normal 0 1 0
    outer loop
      vertex 6.9070107117295265 6.234364291386946 4
      vertex 7.540567860007286 6.234364291386946 3.8
      vertex 6.9070107117295265 6.234364291386946 3.8
    endloop
  endfacet
  facet normal -0.8607917760673391 0.5089572852949803 0
    outer loop
      vertex 6.622203573584557 5.220064287739142 4
      vertex 7.1540392860770226 6.119550002472742 4
      vertex 7.1540392860770226 6.119550002472742 3.8
    endloop
  endfacet
  facet normal 0 0 1
    outer loop
      vertex 6.684689283370972 5.052964290337904 4
      vertex 7.326967857778072 6.119550002472742 4
      vertex 7.1540392860770226 6.119550002472742 4
    endloop
  endfacet
  facet normal -1 0 0
    outer loop
      vertex 6.9070107117295265 6.1573500015905935 4
      vertex 6.9070107117295265 6.234364291386946 4
      vertex 6.9070107117295265 6.234364291386946 3.8
    endloop
  endfacet
  facet normal -0.15125814344007665 -0.9884942964140264 0
    outer loop
      vertex 6.9070107117295265 6.1573500015905935 4
      vertex 6.9070107117295265 6.1573500015905935 3.8
      vertex 7.1540392860770226 6.119550002472742 4
    endloop
  endfacet
  facet normal 0 0 1
    outer loop
      vertex 6.9070107117295265 6.1573500015905935 4
      vertex 7.1540392860770226 6.119550002472742 4
      vertex 6.9070107117295265 6.234364291386946 4
    endloop
  endfacet
  facet normal 0 0 1
    outer loop
      vertex 6.9070107117295265 6.234364291386946 4
      vertex 7.1540392860770226 6.119550002472742 4
      vertex 7.326967857778072 6.119550002472742 4
    endloop
  endfacet
  facet normal 0 -1 0
    outer loop
      vertex 8.5114107131958 4.24067143137966 4
      vertex 8.434375002980232 4.24067143137966 3.8
      vertex 8.5114107131958 4.24067143137966 3.8
    endloop
  endfacet
  facet normal 0 -1 0
    outer loop
      vertex 8.434375002980232 4.24067143137966 4
      vertex 8.434375002980232 4.24067143137966 3.8
      vertex 8.5114107131958 4.24067143137966 4
    endloop
  endfacet
  facet normal -0.9457938022634348 -0.32476773792985464 0
    outer loop
      vertex 8.434375002980232 4.24067143137966 4
      vertex 7.789203569293022 6.119550002472742 3.8
      vertex 8.434375002980232 4.24067143137966 3.8
    endloop
  endfacet
  facet normal 0 0 1
    outer loop
      vertex 8.434375002980232 4.24067143137966 4
      vertex 8.5114107131958 4.24067143137966 4
      vertex 7.789203569293022 6.119550002472742 4
    endloop
  endfacet
  facet normal -0.9457938022634348 -0.32476773792985464 0
    outer loop
      vertex 8.434375002980232 4.24067143137966 4
      vertex 7.789203569293022 6.119550002472742 4
      vertex 7.789203569293022 6.119550002472742 3.8
    endloop
  endfacet
  facet normal 0 0 1
    outer loop
      vertex 8.5114107131958 4.24067143137966 4
      vertex 8.540467858314514 4.746364285903319 4
      vertex 7.789203569293022 6.119550002472742 4
    endloop
  endfacet
  facet normal 0.9474729025781294 0.31983605000089416 0
    outer loop
      vertex 8.540467858314514 4.746364285903319 4
      vertex 8.540467858314514 4.746364285903319 3.8
      vertex 8.076925002038479 6.119550002472742 4
    endloop
  endfacet
  facet normal 0.1742586858420933 -0.9846999088090679 0
    outer loop
      vertex 7.540567860007286 6.1573500015905935 4
      vertex 7.326967857778072 6.119550002472742 3.8
      vertex 7.540567860007286 6.1573500015905935 3.8
    endloop
  endfacet
  facet normal 1 0 0
    outer loop
      vertex 7.540567860007286 6.234364291386946 4
      vertex 7.540567860007286 6.1573500015905935 3.8
      vertex 7.540567860007286 6.234364291386946 3.8
    endloop
  endfacet
  facet normal -1 0 0
    outer loop
      vertex 7.6191892847418785 6.1573500015905935 4
      vertex 7.6191892847418785 6.234364291386946 3.8
      vertex 7.6191892847418785 6.1573500015905935 3.8
    endloop
  endfacet
  facet normal -0.21703467150215217 -0.9761638957500698 0
    outer loop
      vertex 7.789203569293022 6.119550002472742 4
      vertex 7.6191892847418785 6.1573500015905935 3.8
      vertex 7.789203569293022 6.119550002472742 3.8
    endloop
  endfacet
  facet normal 0 1 0
    outer loop
      vertex 7.6191892847418785 6.234364291386946 4
      vertex 8.363189287483692 6.234364291386946 3.8
      vertex 7.6191892847418785 6.234364291386946 3.8
    endloop
  endfacet
  facet normal 0 1 0
    outer loop
      vertex 6.9070107117295265 6.234364291386946 4
      vertex 7.540567860007286 6.234364291386946 4
      vertex 7.540567860007286 6.234364291386946 3.8
    endloop
  endfacet
  facet normal 0.1742586858420933 -0.9846999088090679 0
    outer loop
      vertex 7.326967857778072 6.119550002472742 4
      vertex 7.326967857778072 6.119550002472742 3.8
      vertex 7.540567860007286 6.1573500015905935 4
    endloop
  endfacet
  facet normal 1 0 0
    outer loop
      vertex 7.540567860007286 6.1573500015905935 4
      vertex 7.540567860007286 6.1573500015905935 3.8
      vertex 7.540567860007286 6.234364291386946 4
    endloop
  endfacet
  facet normal 0 0 1
    outer loop
      vertex 6.9070107117295265 6.234364291386946 4
      vertex 7.326967857778072 6.119550002472742 4
      vertex 7.540567860007286 6.234364291386946 4
    endloop
  endfacet
  facet normal 0 0 1
    outer loop
      vertex 7.326967857778072 6.119550002472742 4
      vertex 7.540567860007286 6.1573500015905935 4
      vertex 7.540567860007286 6.234364291386946 4
    endloop
  endfacet
  facet normal -1 0 0
    outer loop
      vertex 7.6191892847418785 6.1573500015905935 4
      vertex 7.6191892847418785 6.234364291386946 4
      vertex 7.6191892847418785 6.234364291386946 3.8
    endloop
  endfacet
  facet normal -0.21703467150215217 -0.9761638957500698 0
    outer loop
      vertex 7.6191892847418785 6.1573500015905935 4
      vertex 7.6191892847418785 6.1573500015905935 3.8
      vertex 7.789203569293022 6.119550002472742 4
    endloop
  endfacet
  facet normal 0 0 1
    outer loop
      vertex 7.6191892847418785 6.1573500015905935 4
      vertex 7.789203569293022 6.119550002472742 4
      vertex 7.6191892847418785 6.234364291386946 4
    endloop
  endfacet
  facet normal 0 0 1
    outer loop
      vertex 7.6191892847418785 6.234364291386946 4
      vertex 7.789203569293022 6.119550002472742 4
      vertex 8.076925002038479 6.119550002472742 4
    endloop
  endfacet
  facet normal 0.9474729025781294 0.31983605000089416 0
    outer loop
      vertex 8.076925002038479 6.119550002472742 4
      vertex 8.540467858314514 4.746364285903319 3.8
      vertex 8.076925002038479 6.119550002472742 3.8
    endloop
  endfacet
  facet normal 0.1309094658129388 -0.9913943270770572 0
    outer loop
      vertex 8.363189287483692 6.1573500015905935 4
      vertex 8.076925002038479 6.119550002472742 3.8
      vertex 8.363189287483692 6.1573500015905935 3.8
    endloop
  endfacet
  facet normal 1 0 0
    outer loop
      vertex 8.363189287483692 6.234364291386946 4
      vertex 8.363189287483692 6.1573500015905935 3.8
      vertex 8.363189287483692 6.234364291386946 3.8
    endloop
  endfacet
  facet normal 0 0 1
    outer loop
      vertex 8.540467858314514 4.746364285903319 4
      vertex 8.076925002038479 6.119550002472742 4
      vertex 7.789203569293022 6.119550002472742 4
    endloop
  endfacet
  facet normal 0.1309094658129388 -0.9913943270770572 0
    outer loop
      vertex 8.076925002038479 6.119550002472742 4
      vertex 8.076925002038479 6.119550002472742 3.8
      vertex 8.363189287483692 6.1573500015905935 4
    endloop
  endfacet
  facet normal 0 1 0
    outer loop
      vertex 7.6191892847418785 6.234364291386946 4
      vertex 8.363189287483692 6.234364291386946 4
      vertex 8.363189287483692 6.234364291386946 3.8
    endloop
  endfacet
  facet normal 0 0 1
    outer loop
      vertex 7.6191892847418785 6.234364291386946 4
      vertex 8.076925002038479 6.119550002472742 4
      vertex 8.363189287483692 6.234364291386946 4
    endloop
  endfacet
  facet normal 1 0 0
    outer loop
      vertex 8.363189287483692 6.1573500015905935 4
      vertex 8.363189287483692 6.1573500015905935 3.8
      vertex 8.363189287483692 6.234364291386946 4
    endloop
  endfacet
  facet normal 0 0 1
    outer loop
      vertex 8.076925002038479 6.119550002472742 4
      vertex 8.363189287483692 6.1573500015905935 4
      vertex 8.363189287483692 6.234364291386946 4
    endloop
  endfacet
  facet normal 0.9327989304574206 -0.3603972188259672 0
    outer loop
      vertex 9.030175000429153 5.583364290850504 4
      vertex 8.5114107131958 4.24067143137966 3.8
      vertex 9.030175000429153 5.583364290850504 3.8
    endloop
  endfacet
  facet normal -0.9322305810279597 0.3618648142556451 0
    outer loop
      vertex 8.540467858314514 4.746364285903319 4
      vertex 9.065039284527302 6.097757143633707 3.8
      vertex 8.540467858314514 4.746364285903319 3.8
    endloop
  endfacet
  facet normal 0.9327989304574206 -0.3603972188259672 0
    outer loop
      vertex 8.5114107131958 4.24067143137966 4
      vertex 8.5114107131958 4.24067143137966 3.8
      vertex 9.030175000429153 5.583364290850504 4
    endloop
  endfacet
  facet normal 0 0 1
    outer loop
      vertex 8.5114107131958 4.24067143137966 4
      vertex 9.030175000429153 5.583364290850504 4
      vertex 8.540467858314514 4.746364285903319 4
    endloop
  endfacet
  facet normal 0 0 1
    outer loop
      vertex 8.540467858314514 4.746364285903319 4
      vertex 9.030175000429153 5.583364290850504 4
      vertex 9.065039284527302 6.097757143633707 4
    endloop
  endfacet
  facet normal -0.9358329255052348 -0.352443946664308 0
    outer loop
      vertex 9.030175000429153 5.583364290850504 4
      vertex 9.030175000429153 5.583364290850504 3.8
      vertex 9.535846427083015 4.24067143137966 4
    endloop
  endfacet
  facet normal 0 0 1
    outer loop
      vertex 9.030175000429153 5.583364290850504 4
      vertex 9.636110715568066 4.746364285903319 4
      vertex 9.065039284527302 6.097757143633707 4
    endloop
  endfacet
  facet normal 0 -1 0
    outer loop
      vertex 9.612860716879368 4.24067143137966 4
      vertex 9.535846427083015 4.24067143137966 3.8
      vertex 9.612860716879368 4.24067143137966 3.8
    endloop
  endfacet
  facet normal 0 -1 0
    outer loop
      vertex 9.535846427083015 4.24067143137966 4
      vertex 9.535846427083015 4.24067143137966 3.8
      vertex 9.612860716879368 4.24067143137966 4
    endloop
  endfacet
  facet normal -0.9358329255052348 -0.352443946664308 0
    outer loop
      vertex 9.535846427083015 4.24067143137966 4
      vertex 9.030175000429153 5.583364290850504 3.8
      vertex 9.535846427083015 4.24067143137966 3.8
    endloop
  endfacet
  facet normal -0.9519540342376602 0.30624094549658687 0
    outer loop
      vertex 9.636110715568066 4.746364285903319 4
      vertex 10.077860713005066 6.119550002472742 3.8
      vertex 9.636110715568066 4.746364285903319 3.8
    endloop
  endfacet
  facet normal 0.9471327697147015 -0.32084188712286027 0
    outer loop
      vertex 10.249332144856453 6.119550002472742 4
      vertex 9.612860716879368 4.24067143137966 3.8
      vertex 10.249332144856453 6.119550002472742 3.8
    endloop
  endfacet
  facet normal 0 0 1
    outer loop
      vertex 9.030175000429153 5.583364290850504 4
      vertex 9.535846427083015 4.24067143137966 4
      vertex 9.636110715568066 4.746364285903319 4
    endloop
  endfacet
  facet normal 0.9365797790095693 0.35045444432962525 0
    outer loop
      vertex 9.636110715568066 4.746364285903319 4
      vertex 9.636110715568066 4.746364285903319 3.8
      vertex 9.130439288914204 6.097757143633707 4
    endloop
  endfacet
  facet normal 0.9471327697147015 -0.32084188712286027 0
    outer loop
      vertex 9.612860716879368 4.24067143137966 4
      vertex 9.612860716879368 4.24067143137966 3.8
      vertex 10.249332144856453 6.119550002472742 4
    endloop
  endfacet
  facet normal 0 0 1
    outer loop
      vertex 9.535846427083015 4.24067143137966 4
      vertex 9.612860716879368 4.24067143137966 4
      vertex 10.249332144856453 6.119550002472742 4
    endloop
  endfacet
  facet normal 0 0 1
    outer loop
      vertex 9.535846427083015 4.24067143137966 4
      vertex 10.249332144856453 6.119550002472742 4
      vertex 9.636110715568066 4.746364285903319 4
    endloop
  endfacet
  facet normal 0.9365797790095693 0.35045444432962525 0
    outer loop
      vertex 9.130439288914204 6.097757143633707 4
      vertex 9.636110715568066 4.746364285903319 3.8
      vertex 9.130439288914204 6.097757143633707 3.8
    endloop
  endfacet
  facet normal 0 1 0
    outer loop
      vertex 9.065039284527302 6.097757143633707 4
      vertex 9.130439288914204 6.097757143633707 3.8
      vertex 9.065039284527302 6.097757143633707 3.8
    endloop
  endfacet
  facet normal -0.9322305810279597 0.3618648142556451 0
    outer loop
      vertex 8.540467858314514 4.746364285903319 4
      vertex 9.065039284527302 6.097757143633707 4
      vertex 9.065039284527302 6.097757143633707 3.8
    endloop
  endfacet
  facet normal 0 0 1
    outer loop
      vertex 9.636110715568066 4.746364285903319 4
      vertex 9.130439288914204 6.097757143633707 4
      vertex 9.065039284527302 6.097757143633707 4
    endloop
  endfacet
  facet normal 0 1 0
    outer loop
      vertex 9.065039284527302 6.097757143633707 4
      vertex 9.130439288914204 6.097757143633707 4
      vertex 9.130439288914204 6.097757143633707 3.8
    endloop
  endfacet
  facet normal -1 0 0
    outer loop
      vertex 9.774175003170967 6.1573500015905935 4
      vertex 9.774175003170967 6.234364291386946 3.8
      vertex 9.774175003170967 6.1573500015905935 3.8
    endloop
  endfacet
  facet normal -0.12351763605599231 -0.9923423771980815 0
    outer loop
      vertex 10.077860713005066 6.119550002472742 4
      vertex 9.774175003170967 6.1573500015905935 3.8
      vertex 10.077860713005066 6.119550002472742 3.8
    endloop
  endfacet
  facet normal 0 1 0
    outer loop
      vertex 9.774175003170967 6.234364291386946 4
      vertex 10.419346429407597 6.234364291386946 3.8
      vertex 9.774175003170967 6.234364291386946 3.8
    endloop
  endfacet
  facet normal -0.9519540342376602 0.30624094549658687 0
    outer loop
      vertex 9.636110715568066 4.746364285903319 4
      vertex 10.077860713005066 6.119550002472742 4
      vertex 10.077860713005066 6.119550002472742 3.8
    endloop
  endfacet
  facet normal 0 0 1
    outer loop
      vertex 9.636110715568066 4.746364285903319 4
      vertex 10.249332144856453 6.119550002472742 4
      vertex 10.077860713005066 6.119550002472742 4
    endloop
  endfacet
  facet normal -1 0 0
    outer loop
      vertex 9.774175003170967 6.1573500015905935 4
      vertex 9.774175003170967 6.234364291386946 4
      vertex 9.774175003170967 6.234364291386946 3.8
    endloop
  endfacet
  facet normal -0.12351763605599231 -0.9923423771980815 0
    outer loop
      vertex 9.774175003170967 6.1573500015905935 4
      vertex 9.774175003170967 6.1573500015905935 3.8
      vertex 10.077860713005066 6.119550002472742 4
    endloop
  endfacet
  facet normal 0 0 1
    outer loop
      vertex 9.774175003170967 6.1573500015905935 4
      vertex 10.077860713005066 6.119550002472742 4
      vertex 9.774175003170967 6.234364291386946 4
    endloop
  endfacet
  facet normal 0 0 1
    outer loop
      vertex 9.774175003170967 6.234364291386946 4
      vertex 10.077860713005066 6.119550002472742 4
      vertex 10.249332144856453 6.119550002472742 4
    endloop
  endfacet
  facet normal 0 -1 0
    outer loop
      vertex 11.320482142269611 4.24067143137966 4
      vertex 11.243446432054043 4.24067143137966 3.8
      vertex 11.320482142269611 4.24067143137966 3.8
    endloop
  endfacet
  facet normal 0 -1 0
    outer loop
      vertex 11.243446432054043 4.24067143137966 4
      vertex 11.243446432054043 4.24067143137966 3.8
      vertex 11.320482142269611 4.24067143137966 4
    endloop
  endfacet
  facet normal -0.9457938022634348 -0.32476773792985464 0
    outer loop
      vertex 11.243446432054043 4.24067143137966 4
      vertex 10.598274998366833 6.119550002472742 3.8
      vertex 11.243446432054043 4.24067143137966 3.8
    endloop
  endfacet
  facet normal 0 0 1
    outer loop
      vertex 10.598274998366833 6.119550002472742 4
      vertex 11.243446432054043 4.24067143137966 4
      vertex 11.320482142269611 4.24067143137966 4
    endloop
  endfacet
  facet normal 0 0 1
    outer loop
      vertex 10.598274998366833 6.119550002472742 4
      vertex 11.320482142269611 4.24067143137966 4
      vertex 11.349539287388325 4.746364285903319 4
    endloop
  endfacet
  facet normal -0.9457938022634348 -0.32476773792985464 0
    outer loop
      vertex 10.598274998366833 6.119550002472742 4
      vertex 10.598274998366833 6.119550002472742 3.8
      vertex 11.243446432054043 4.24067143137966 4
    endloop
  endfacet
  facet normal 0.9327989304574206 -0.3603972188259672 0
    outer loop
      vertex 11.320482142269611 4.24067143137966 4
      vertex 11.320482142269611 4.24067143137966 3.8
      vertex 11.839246429502964 5.583364290850504 4
    endloop
  endfacet
  facet normal 0.9474729025781294 0.31983605000089416 0
    outer loop
      vertex 10.88599643111229 6.119550002472742 4
      vertex 11.349539287388325 4.746364285903319 4
      vertex 11.349539287388325 4.746364285903319 3.8
    endloop
  endfacet
  facet normal 0.21703467150215217 -0.9761638957500698 0
    outer loop
      vertex 10.419346429407597 6.1573500015905935 4
      vertex 10.249332144856453 6.119550002472742 3.8
      vertex 10.419346429407597 6.1573500015905935 3.8
    endloop
  endfacet
  facet normal 1 0 0
    outer loop
      vertex 10.419346429407597 6.234364291386946 4
      vertex 10.419346429407597 6.1573500015905935 3.8
      vertex 10.419346429407597 6.234364291386946 3.8
    endloop
  endfacet
  facet normal -1 0 0
    outer loop
      vertex 10.428260713815689 6.1573500015905935 4
      vertex 10.428260713815689 6.234364291386946 3.8
      vertex 10.428260713815689 6.1573500015905935 3.8
    endloop
  endfacet
  facet normal -0.21703467150215217 -0.9761638957500698 0
    outer loop
      vertex 10.598274998366833 6.119550002472742 4
      vertex 10.428260713815689 6.1573500015905935 3.8
      vertex 10.598274998366833 6.119550002472742 3.8
    endloop
  endfacet
  facet normal 0 1 0
    outer loop
      vertex 10.428260713815689 6.234364291386946 4
      vertex 11.172260716557503 6.234364291386946 3.8
      vertex 10.428260713815689 6.234364291386946 3.8
    endloop
  endfacet
  facet normal 0 1 0
    outer loop
      vertex 9.774175003170967 6.234364291386946 4
      vertex 10.419346429407597 6.234364291386946 4
      vertex 10.419346429407597 6.234364291386946 3.8
    endloop
  endfacet
  facet normal 0.21703467150215217 -0.9761638957500698 0
    outer loop
      vertex 10.249332144856453 6.119550002472742 4
      vertex 10.249332144856453 6.119550002472742 3.8
      vertex 10.419346429407597 6.1573500015905935 4
    endloop
  endfacet
  facet normal 1 0 0
    outer loop
      vertex 10.419346429407597 6.1573500015905935 4
      vertex 10.419346429407597 6.1573500015905935 3.8
      vertex 10.419346429407597 6.234364291386946 4
    endloop
  endfacet
  facet normal 0 0 1
    outer loop
      vertex 9.774175003170967 6.234364291386946 4
      vertex 10.249332144856453 6.119550002472742 4
      vertex 10.419346429407597 6.234364291386946 4
    endloop
  endfacet
  facet normal 0 0 1
    outer loop
      vertex 10.249332144856453 6.119550002472742 4
      vertex 10.419346429407597 6.1573500015905935 4
      vertex 10.419346429407597 6.234364291386946 4
    endloop
  endfacet
  facet normal -1 0 0
    outer loop
      vertex 10.428260713815689 6.1573500015905935 4
      vertex 10.428260713815689 6.234364291386946 4
      vertex 10.428260713815689 6.234364291386946 3.8
    endloop
  endfacet
  facet normal -0.21703467150215217 -0.9761638957500698 0
    outer loop
      vertex 10.428260713815689 6.1573500015905935 4
      vertex 10.428260713815689 6.1573500015905935 3.8
      vertex 10.598274998366833 6.119550002472742 4
    endloop
  endfacet
  facet normal 0 0 1
    outer loop
      vertex 10.428260713815689 6.1573500015905935 4
      vertex 10.598274998366833 6.119550002472742 4
      vertex 10.428260713815689 6.234364291386946 4
    endloop
  endfacet
  facet normal 0 0 1
    outer loop
      vertex 10.428260713815689 6.234364291386946 4
      vertex 10.598274998366833 6.119550002472742 4
      vertex 10.88599643111229 6.119550002472742 4
    endloop
  endfacet
  facet normal 0.9474729025781294 0.31983605000089416 0
    outer loop
      vertex 10.88599643111229 6.119550002472742 4
      vertex 11.349539287388325 4.746364285903319 3.8
      vertex 10.88599643111229 6.119550002472742 3.8
    endloop
  endfacet
  facet normal 0.1309094658129388 -0.9913943270770572 0
    outer loop
      vertex 11.172260716557503 6.1573500015905935 4
      vertex 10.88599643111229 6.119550002472742 3.8
      vertex 11.172260716557503 6.1573500015905935 3.8
    endloop
  endfacet
  facet normal 1 0 0
    outer loop
      vertex 11.172260716557503 6.234364291386946 4
      vertex 11.172260716557503 6.1573500015905935 3.8
      vertex 11.172260716557503 6.234364291386946 3.8
    endloop
  endfacet
  facet normal 0 0 1
    outer loop
      vertex 10.598274998366833 6.119550002472742 4
      vertex 11.349539287388325 4.746364285903319 4
      vertex 10.88599643111229 6.119550002472742 4
    endloop
  endfacet
  facet normal 0 1 0
    outer loop
      vertex 10.428260713815689 6.234364291386946 4
      vertex 11.172260716557503 6.234364291386946 4
      vertex 11.172260716557503 6.234364291386946 3.8
    endloop
  endfacet
  facet normal 0.1309094658129388 -0.9913943270770572 0
    outer loop
      vertex 10.88599643111229 6.119550002472742 4
      vertex 10.88599643111229 6.119550002472742 3.8
      vertex 11.172260716557503 6.1573500015905935 4
    endloop
  endfacet
  facet normal 0 0 1
    outer loop
      vertex 10.428260713815689 6.234364291386946 4
      vertex 10.88599643111229 6.119550002472742 4
      vertex 11.172260716557503 6.234364291386946 4
    endloop
  endfacet
  facet normal 0 0 1
    outer loop
      vertex 10.88599643111229 6.119550002472742 4
      vertex 11.172260716557503 6.1573500015905935 4
      vertex 11.172260716557503 6.234364291386946 4
    endloop
  endfacet
  facet normal 1 0 0
    outer loop
      vertex 11.172260716557503 6.1573500015905935 4
      vertex 11.172260716557503 6.1573500015905935 3.8
      vertex 11.172260716557503 6.234364291386946 4
    endloop
  endfacet
  facet normal -0.5211469809302269 -0.8534669438632697 0
    outer loop
      vertex 6.413698211312294 12.892564287143095 4
      vertex 6.096914283931255 13.086000000791891 3.8
      vertex 6.413698211312294 12.892564287143095 3.8
    endloop
  endfacet
  facet normal 0.6059528668947072 0.7955005487754772 0
    outer loop
      vertex 6.315614283084869 13.163742853062494 4
      vertex 6.535948216915131 12.995908928768976 3.8
      vertex 6.315614283084869 13.163742853062494 3.8
    endloop
  endfacet
  facet normal -0.5211469809302269 -0.8534669438632697 0
    outer loop
      vertex 6.096914283931255 13.086000000791891 4
      vertex 6.096914283931255 13.086000000791891 3.8
      vertex 6.413698211312294 12.892564287143095 4
    endloop
  endfacet
  facet normal 0.6059528668947072 0.7955005487754772 0
    outer loop
      vertex 6.315614283084869 13.163742853062494 4
      vertex 6.535948216915131 12.995908928768976 4
      vertex 6.535948216915131 12.995908928768976 3.8
    endloop
  endfacet
  facet normal 0 0 1
    outer loop
      vertex 6.096914283931255 13.086000000791891 4
      vertex 6.413698211312294 12.892564287143095 4
      vertex 6.315614283084869 13.163742853062494 4
    endloop
  endfacet
  facet normal 0 0 1
    outer loop
      vertex 6.315614283084869 13.163742853062494 4
      vertex 6.413698211312294 12.892564287143095 4
      vertex 6.535948216915131 12.995908928768976 4
    endloop
  endfacet
  facet normal 0.18210550112570695 0.9832789972636226 0
    outer loop
      vertex 6.535948216915131 12.995908928768976 4
      vertex 6.83802142739296 12.939964284854277 3.8
      vertex 6.535948216915131 12.995908928768976 3.8
    endloop
  endfacet
  facet normal -0.15124695006880623 -0.988496009144642 0
    outer loop
      vertex 6.835107140243053 12.828085710959776 4
      vertex 6.413698211312294 12.892564287143095 3.8
      vertex 6.835107140243053 12.828085710959776 3.8
    endloop
  endfacet
  facet normal -0.06196664429610621 0.9980782208798465 0
    outer loop
      vertex 6.83802142739296 12.939964284854277 4
      vertex 6.998944640159607 12.94995535697256 3.8
      vertex 6.83802142739296 12.939964284854277 3.8
    endloop
  endfacet
  facet normal 0.0642171352991749 -0.9979359496149878 0
    outer loop
      vertex 7.190751783549786 12.850971428411349 4
      vertex 6.835107140243053 12.828085710959776 3.8
      vertex 7.190751783549786 12.850971428411349 3.8
    endloop
  endfacet
  facet normal -0.19410093533733586 0.9809815629771904 0
    outer loop
      vertex 6.998944640159607 12.94995535697256 4
      vertex 7.15042857080698 12.979928573327406 3.8
      vertex 6.998944640159607 12.94995535697256 3.8
    endloop
  endfacet
  facet normal -0.15124695006880623 -0.988496009144642 0
    outer loop
      vertex 6.413698211312294 12.892564287143095 4
      vertex 6.413698211312294 12.892564287143095 3.8
      vertex 6.835107140243053 12.828085710959776 4
    endloop
  endfacet
  facet normal 0.18210550112570695 0.9832789972636226 0
    outer loop
      vertex 6.535948216915131 12.995908928768976 4
      vertex 6.83802142739296 12.939964284854277 4
      vertex 6.83802142739296 12.939964284854277 3.8
    endloop
  endfacet
  facet normal 0 0 1
    outer loop
      vertex 6.413698211312294 12.892564287143095 4
      vertex 6.835107140243053 12.828085710959776 4
      vertex 6.535948216915131 12.995908928768976 4
    endloop
  endfacet
  facet normal 0 0 1
    outer loop
      vertex 6.535948216915131 12.995908928768976 4
      vertex 6.835107140243053 12.828085710959776 4
      vertex 6.83802142739296 12.939964284854277 4
    endloop
  endfacet
  facet normal 0.0642171352991749 -0.9979359496149878 0
    outer loop
      vertex 6.835107140243053 12.828085710959776 4
      vertex 6.835107140243053 12.828085710959776 3.8
      vertex 7.190751783549786 12.850971428411349 4
    endloop
  endfacet
  facet normal -0.06196664429610621 0.9980782208798465 0
    outer loop
      vertex 6.83802142739296 12.939964284854277 4
      vertex 6.998944640159607 12.94995535697256 4
      vertex 6.998944640159607 12.94995535697256 3.8
    endloop
  endfacet
  facet normal -0.19410093533733586 0.9809815629771904 0
    outer loop
      vertex 6.998944640159607 12.94995535697256 4
      vertex 7.15042857080698 12.979928573327406 4
      vertex 7.15042857080698 12.979928573327406 3.8
    endloop
  endfacet
  facet normal 0 0 1
    outer loop
      vertex 6.835107140243053 12.828085710959776 4
      vertex 6.998944640159607 12.94995535697256 4
      vertex 6.83802142739296 12.939964284854277 4
    endloop
  endfacet
  facet normal 0 0 1
    outer loop
      vertex 6.835107140243053 12.828085710959776 4
      vertex 7.190751783549786 12.850971428411349 4
      vertex 6.998944640159607 12.94995535697256 4
    endloop
  endfacet
  facet normal 0 0 1
    outer loop
      vertex 6.998944640159607 12.94995535697256 4
      vertex 7.190751783549786 12.850971428411349 4
      vertex 7.15042857080698 12.979928573327406 4
    endloop
  endfacet
  facet normal -0.9874404709348983 -0.15799150723968203 0
    outer loop
      vertex 5.898560717701912 13.395701786237105 4
      vertex 5.832442857325077 13.808935714619501 3.8
      vertex 5.898560717701912 13.395701786237105 3.8
    endloop
  endfacet
  facet normal -0.8420930598784124 -0.5393322524238768 0
    outer loop
      vertex 6.096914283931255 13.086000000791891 4
      vertex 5.898560717701912 13.395701786237105 3.8
      vertex 6.096914283931255 13.086000000791891 3.8
    endloop
  endfacet
  facet normal -0.9897944777034202 0.14250225229031838 0
    outer loop
      vertex 5.832442857325077 13.808935714619501 4
      vertex 5.89601606875658 14.250503567712649 3.8
      vertex 5.832442857325077 13.808935714619501 3.8
    endloop
  endfacet
  facet normal 0.897505460401379 0.4410033430142095 0
    outer loop
      vertex 6.181016072630882 13.437669640140875 4
      vertex 6.315614283084869 13.163742853062494 3.8
      vertex 6.181016072630882 13.437669640140875 3.8
    endloop
  endfacet
  facet normal 0.992888000566701 0.11905216642572615 0
    outer loop
      vertex 6.136150002479553 13.811850001769407 4
      vertex 6.181016072630882 13.437669640140875 3.8
      vertex 6.136150002479553 13.811850001769407 3.8
    endloop
  endfacet
  facet normal -0.8420930598784124 -0.5393322524238768 0
    outer loop
      vertex 6.096914283931255 13.086000000791891 4
      vertex 5.898560717701912 13.395701786237105 4
      vertex 5.898560717701912 13.395701786237105 3.8
    endloop
  endfacet
  facet normal 0 0 1
    outer loop
      vertex 6.096914283931255 13.086000000791891 4
      vertex 6.181016072630882 13.437669640140875 4
      vertex 5.898560717701912 13.395701786237105 4
    endloop
  endfacet
  facet normal 0 0 1
    outer loop
      vertex 5.898560717701912 13.395701786237105 4
      vertex 6.181016072630882 13.437669640140875 4
      vertex 6.136150002479553 13.811850001769407 4
    endloop
  endfacet
  facet normal -0.9874404709348983 -0.15799150723968203 0
    outer loop
      vertex 5.898560717701912 13.395701786237105 4
      vertex 5.832442857325077 13.808935714619501 4
      vertex 5.832442857325077 13.808935714619501 3.8
    endloop
  endfacet
  facet normal 0 0 1
    outer loop
      vertex 5.898560717701912 13.395701786237105 4
      vertex 6.136150002479553 13.811850001769407 4
      vertex 5.832442857325077 13.808935714619501 4
    endloop
  endfacet
  facet normal 0 0 1
    outer loop
      vertex 5.832442857325077 13.808935714619501 4
      vertex 6.136150002479553 13.811850001769407 4
      vertex 5.89601606875658 14.250503567712649 4
    endloop
  endfacet
  facet normal 0.897505460401379 0.4410033430142095 0
    outer loop
      vertex 6.315614283084869 13.163742853062494 4
      vertex 6.315614283084869 13.163742853062494 3.8
      vertex 6.181016072630882 13.437669640140875 4
    endloop
  endfacet
  facet normal 0.992888000566701 0.11905216642572615 0
    outer loop
      vertex 6.136150002479553 13.811850001769407 4
      vertex 6.181016072630882 13.437669640140875 4
      vertex 6.181016072630882 13.437669640140875 3.8
    endloop
  endfacet
  facet normal 0 0 1
    outer loop
      vertex 6.096914283931255 13.086000000791891 4
      vertex 6.315614283084869 13.163742853062494 4
      vertex 6.181016072630882 13.437669640140875 4
    endloop
  endfacet
  facet normal 0.9943155959602539 -0.10647298075195116 0
    outer loop
      vertex 6.136150002479553 13.811850001769407 4
      vertex 6.136150002479553 13.811850001769407 3.8
      vertex 6.17901785671711 14.212178570883616 4
    endloop
  endfacet
  facet normal -0.8584031572981795 0.5129756519958006 0
    outer loop
      vertex 5.89601606875658 14.250503567712649 4
      vertex 6.086735717952251 14.569649999695166 3.8
      vertex 5.89601606875658 14.250503567712649 3.8
    endloop
  endfacet
  facet normal 0.9943155959602539 -0.10647298075195116 0
    outer loop
      vertex 6.17901785671711 14.212178570883616 4
      vertex 6.136150002479553 13.811850001769407 3.8
      vertex 6.17901785671711 14.212178570883616 3.8
    endloop
  endfacet
  facet normal 0.908578692662348 -0.4177137288143383 0
    outer loop
      vertex 6.30762142688036 14.491907139973982 4
      vertex 6.17901785671711 14.212178570883616 3.8
      vertex 6.30762142688036 14.491907139973982 3.8
    endloop
  endfacet
  facet normal -0.5224779152057556 0.852652818046271 0
    outer loop
      vertex 6.086735717952251 14.569649999695166 4
      vertex 6.402437500655651 14.76310178424631 3.8
      vertex 6.086735717952251 14.569649999695166 3.8
    endloop
  endfacet
  facet normal 0.5955798551686317 -0.8032961073709443 0
    outer loop
      vertex 6.5295892879366875 14.656478566782816 4
      vertex 6.30762142688036 14.491907139973982 3.8
      vertex 6.5295892879366875 14.656478566782816 3.8
    endloop
  endfacet
  facet normal -0.9897944777034202 0.14250225229031838 0
    outer loop
      vertex 5.832442857325077 13.808935714619501 4
      vertex 5.89601606875658 14.250503567712649 4
      vertex 5.89601606875658 14.250503567712649 3.8
    endloop
  endfacet
  facet normal -0.8584031572981795 0.5129756519958006 0
    outer loop
      vertex 5.89601606875658 14.250503567712649 4
      vertex 6.086735717952251 14.569649999695166 4
      vertex 6.086735717952251 14.569649999695166 3.8
    endloop
  endfacet
  facet normal 0 0 1
    outer loop
      vertex 6.136150002479553 13.811850001769407 4
      vertex 6.17901785671711 14.212178570883616 4
      vertex 5.89601606875658 14.250503567712649 4
    endloop
  endfacet
  facet normal 0 0 1
    outer loop
      vertex 5.89601606875658 14.250503567712649 4
      vertex 6.17901785671711 14.212178570883616 4
      vertex 6.086735717952251 14.569649999695166 4
    endloop
  endfacet
  facet normal 0.908578692662348 -0.4177137288143383 0
    outer loop
      vertex 6.17901785671711 14.212178570883616 4
      vertex 6.17901785671711 14.212178570883616 3.8
      vertex 6.30762142688036 14.491907139973982 4
    endloop
  endfacet
  facet normal 0 0 1
    outer loop
      vertex 6.086735717952251 14.569649999695166 4
      vertex 6.17901785671711 14.212178570883616 4
      vertex 6.30762142688036 14.491907139973982 4
    endloop
  endfacet
  facet normal -0.5224779152057556 0.852652818046271 0
    outer loop
      vertex 6.086735717952251 14.569649999695166 4
      vertex 6.402437500655651 14.76310178424631 4
      vertex 6.402437500655651 14.76310178424631 3.8
    endloop
  endfacet
  facet normal 0.5955798551686317 -0.8032961073709443 0
    outer loop
      vertex 6.30762142688036 14.491907139973982 4
      vertex 6.30762142688036 14.491907139973982 3.8
      vertex 6.5295892879366875 14.656478566782816 4
    endloop
  endfacet
  facet normal 0 0 1
    outer loop
      vertex 6.086735717952251 14.569649999695166 4
      vertex 6.30762142688036 14.491907139973982 4
      vertex 6.402437500655651 14.76310178424631 4
    endloop
  endfacet
  facet normal 0 0 1
    outer loop
      vertex 6.30762142688036 14.491907139973982 4
      vertex 6.5295892879366875 14.656478566782816 4
      vertex 6.402437500655651 14.76310178424631 4
    endloop
  endfacet
  facet normal -0.14549850795007074 0.9893584710226639 0
    outer loop
      vertex 6.402437500655651 14.76310178424631 4
      vertex 6.840914286673069 14.827585709946497 3.8
      vertex 6.402437500655651 14.76310178424631 3.8
    endloop
  endfacet
  facet normal 0.1674585072813768 -0.9858791246086375 0
    outer loop
      vertex 6.852549999952316 14.711335716503008 4
      vertex 6.5295892879366875 14.656478566782816 3.8
      vertex 6.852549999952316 14.711335716503008 3.8
    endloop
  endfacet
  facet normal -0.06166063051917646 -0.9980971729465912 0
    outer loop
      vertex 6.990774996578693 14.70279642726694 4
      vertex 6.852549999952316 14.711335716503008 3.8
      vertex 6.990774996578693 14.70279642726694 3.8
    endloop
  endfacet
  facet normal 0.058730969946482144 0.9982738467821068 0
    outer loop
      vertex 6.840914286673069 14.827585709946497 4
      vertex 7.155882142484188 14.809055356042727 3.8
      vertex 6.840914286673069 14.827585709946497 3.8
    endloop
  endfacet
  facet normal -0.1855393554896087 -0.982636834015752 0
    outer loop
      vertex 7.126450002193451 14.677178567009314 4
      vertex 6.990774996578693 14.70279642726694 3.8
      vertex 7.126450002193451 14.677178567009314 3.8
    endloop
  endfacet
  facet normal 0.1674585072813768 -0.9858791246086375 0
    outer loop
      vertex 6.5295892879366875 14.656478566782816 4
      vertex 6.5295892879366875 14.656478566782816 3.8
      vertex 6.852549999952316 14.711335716503008 4
    endloop
  endfacet
  facet normal -0.14549850795007074 0.9893584710226639 0
    outer loop
      vertex 6.402437500655651 14.76310178424631 4
      vertex 6.840914286673069 14.827585709946497 4
      vertex 6.840914286673069 14.827585709946497 3.8
    endloop
  endfacet
  facet normal 0 0 1
    outer loop
      vertex 6.402437500655651 14.76310178424631 4
      vertex 6.5295892879366875 14.656478566782816 4
      vertex 6.840914286673069 14.827585709946497 4
    endloop
  endfacet
  facet normal 0 0 1
    outer loop
      vertex 6.5295892879366875 14.656478566782816 4
      vertex 6.852549999952316 14.711335716503008 4
      vertex 6.840914286673069 14.827585709946497 4
    endloop
  endfacet
  facet normal -0.06166063051917646 -0.9980971729465912 0
    outer loop
      vertex 6.852549999952316 14.711335716503008 4
      vertex 6.852549999952316 14.711335716503008 3.8
      vertex 6.990774996578693 14.70279642726694 4
    endloop
  endfacet
  facet normal -0.1855393554896087 -0.982636834015752 0
    outer loop
      vertex 6.990774996578693 14.70279642726694 4
      vertex 6.990774996578693 14.70279642726694 3.8
      vertex 7.126450002193451 14.677178567009314 4
    endloop
  endfacet
  facet normal -0.31040102644719375 -0.9506057031075127 0
    outer loop
      vertex 7.126450002193451 14.677178567009314 4
      vertex 7.126450002193451 14.677178567009314 3.8
      vertex 7.252696432173252 14.635955353932722 4
    endloop
  endfacet
  facet normal 0.058730969946482144 0.9982738467821068 0
    outer loop
      vertex 6.840914286673069 14.827585709946497 4
      vertex 7.155882142484188 14.809055356042727 4
      vertex 7.155882142484188 14.809055356042727 3.8
    endloop
  endfacet
  facet normal 0 0 1
    outer loop
      vertex 6.852549999952316 14.711335716503008 4
      vertex 6.990774996578693 14.70279642726694 4
      vertex 6.840914286673069 14.827585709946497 4
    endloop
  endfacet
  facet normal 0 0 1
    outer loop
      vertex 6.840914286673069 14.827585709946497 4
      vertex 6.990774996578693 14.70279642726694 4
      vertex 7.155882142484188 14.809055356042727 4
    endloop
  endfacet
  facet normal 0 0 1
    outer loop
      vertex 6.990774996578693 14.70279642726694 4
      vertex 7.126450002193451 14.677178567009314 4
      vertex 7.155882142484188 14.809055356042727 4
    endloop
  endfacet
  facet normal 0 0 1
    outer loop
      vertex 7.126450002193451 14.677178567009314 4
      vertex 7.252696432173252 14.635955353932722 4
      vertex 7.155882142484188 14.809055356042727 4
    endloop
  endfacet
  facet normal -0.33452642202490446 0.9423863713823621 0
    outer loop
      vertex 7.15042857080698 12.979928573327406 4
      vertex 7.281935714185238 13.026610715048655 3.8
      vertex 7.15042857080698 12.979928573327406 3.8
    endloop
  endfacet
  facet normal -0.5115030775447352 0.8592814449656554 0
    outer loop
      vertex 7.281935714185238 13.026610715048655 4
      vertex 7.3829285725951195 13.086728570716723 3.8
      vertex 7.281935714185238 13.026610715048655 3.8
    endloop
  endfacet
  facet normal 0.20270288605128084 -0.9792402871545275 0
    outer loop
      vertex 7.522428572177887 12.919628573315485 4
      vertex 7.190751783549786 12.850971428411349 3.8
      vertex 7.522428572177887 12.919628573315485 3.8
    endloop
  endfacet
  facet normal -1 0 0
    outer loop
      vertex 7.800121426582336 12.85714285607849 4
      vertex 7.800121426582336 12.934157138424261 3.8
      vertex 7.800121426582336 12.85714285607849 3.8
    endloop
  endfacet
  facet normal -0.16742309840989308 0.9858851384004281 0
    outer loop
      vertex 7.800121426582336 12.934157138424261 4
      vertex 8.031164288520813 12.97339285697256 3.8
      vertex 7.800121426582336 12.934157138424261 3.8
    endloop
  endfacet
  facet normal 0.20270288605128084 -0.9792402871545275 0
    outer loop
      vertex 7.190751783549786 12.850971428411349 4
      vertex 7.190751783549786 12.850971428411349 3.8
      vertex 7.522428572177887 12.919628573315485 4
    endloop
  endfacet
  facet normal -0.33452642202490446 0.9423863713823621 0
    outer loop
      vertex 7.15042857080698 12.979928573327406 4
      vertex 7.281935714185238 13.026610715048655 4
      vertex 7.281935714185238 13.026610715048655 3.8
    endloop
  endfacet
  facet normal -0.5115030775447352 0.8592814449656554 0
    outer loop
      vertex 7.281935714185238 13.026610715048655 4
      vertex 7.3829285725951195 13.086728570716723 4
      vertex 7.3829285725951195 13.086728570716723 3.8
    endloop
  endfacet
  facet normal 0.9998185331918593 -0.01904995239045762 0
    outer loop
      vertex 7.522428572177887 12.919628573315485 4
      vertex 7.522428572177887 12.919628573315485 3.8
      vertex 7.531149998307228 13.377364283161505 4
    endloop
  endfacet
  facet normal 0 0 1
    outer loop
      vertex 7.15042857080698 12.979928573327406 4
      vertex 7.190751783549786 12.850971428411349 4
      vertex 7.281935714185238 13.026610715048655 4
    endloop
  endfacet
  facet normal 0 0 1
    outer loop
      vertex 7.190751783549786 12.850971428411349 4
      vertex 7.522428572177887 12.919628573315485 4
      vertex 7.281935714185238 13.026610715048655 4
    endloop
  endfacet
  facet normal 0 0 1
    outer loop
      vertex 7.281935714185238 13.026610715048655 4
      vertex 7.522428572177887 12.919628573315485 4
      vertex 7.3829285725951195 13.086728570716723 4
    endloop
  endfacet
  facet normal -1 0 0
    outer loop
      vertex 7.800121426582336 12.85714285607849 4
      vertex 7.800121426582336 12.934157138424261 4
      vertex 7.800121426582336 12.934157138424261 3.8
    endloop
  endfacet
  facet normal 0 0 1
    outer loop
      vertex 7.800121426582336 12.85714285607849 4
      vertex 8.031164288520813 12.97339285697256 4
      vertex 7.800121426582336 12.934157138424261 4
    endloop
  endfacet
  facet normal 0 -1 0
    outer loop
      vertex 8.621135711669922 12.85714285607849 4
      vertex 7.800121426582336 12.85714285607849 3.8
      vertex 8.621135711669922 12.85714285607849 3.8
    endloop
  endfacet
  facet normal 0.12575903918738712 0.992060816715722 0
    outer loop
      vertex 8.31162142753601 12.97339285697256 4
      vertex 8.621135711669922 12.934157138424261 3.8
      vertex 8.31162142753601 12.97339285697256 3.8
    endloop
  endfacet
  facet normal 1 0 0
    outer loop
      vertex 8.621135711669922 12.934157138424261 4
      vertex 8.621135711669922 12.85714285607849 3.8
      vertex 8.621135711669922 12.934157138424261 3.8
    endloop
  endfacet
  facet normal 0 -1 0
    outer loop
      vertex 7.800121426582336 12.85714285607849 4
      vertex 7.800121426582336 12.85714285607849 3.8
      vertex 8.621135711669922 12.85714285607849 4
    endloop
  endfacet
  facet normal -0.16742309840989308 0.9858851384004281 0
    outer loop
      vertex 7.800121426582336 12.934157138424261 4
      vertex 8.031164288520813 12.97339285697256 4
      vertex 8.031164288520813 12.97339285697256 3.8
    endloop
  endfacet
  facet normal 0 0 1
    outer loop
      vertex 7.800121426582336 12.85714285607849 4
      vertex 8.31162142753601 12.97339285697256 4
      vertex 8.031164288520813 12.97339285697256 4
    endloop
  endfacet
  facet normal 0 0 1
    outer loop
      vertex 7.800121426582336 12.85714285607849 4
      vertex 8.621135711669922 12.85714285607849 4
      vertex 8.31162142753601 12.97339285697256 4
    endloop
  endfacet
  facet normal 1 0 0
    outer loop
      vertex 8.621135711669922 12.85714285607849 4
      vertex 8.621135711669922 12.85714285607849 3.8
      vertex 8.621135711669922 12.934157138424261 4
    endloop
  endfacet
  facet normal 0.12575903918738712 0.992060816715722 0
    outer loop
      vertex 8.31162142753601 12.97339285697256 4
      vertex 8.621135711669922 12.934157138424261 4
      vertex 8.621135711669922 12.934157138424261 3.8
    endloop
  endfacet
  facet normal 0 0 1
    outer loop
      vertex 8.31162142753601 12.97339285697256 4
      vertex 8.621135711669922 12.85714285607849 4
      vertex 8.621135711669922 12.934157138424261 4
    endloop
  endfacet
  facet normal -0.9833166036092346 0.18190232836992357 0
    outer loop
      vertex 7.3829285725951195 13.086728570716723 4
      vertex 7.4366928562521935 13.377364283161505 3.8
      vertex 7.3829285725951195 13.086728570716723 3.8
    endloop
  endfacet
  facet normal 0.9998185331918593 -0.01904995239045762 0
    outer loop
      vertex 7.531149998307228 13.377364283161505 4
      vertex 7.522428572177887 12.919628573315485 3.8
      vertex 7.531149998307228 13.377364283161505 3.8
    endloop
  endfacet
  facet normal 0 1 0
    outer loop
      vertex 7.4366928562521935 13.377364283161505 4
      vertex 7.531149998307228 13.377364283161505 3.8
      vertex 7.4366928562521935 13.377364283161505 3.8
    endloop
  endfacet
  facet normal -0.9833166036092346 0.18190232836992357 0
    outer loop
      vertex 7.3829285725951195 13.086728570716723 4
      vertex 7.4366928562521935 13.377364283161505 4
      vertex 7.4366928562521935 13.377364283161505 3.8
    endloop
  endfacet
  facet normal 0 1 0
    outer loop
      vertex 7.4366928562521935 13.377364283161505 4
      vertex 7.531149998307228 13.377364283161505 4
      vertex 7.531149998307228 13.377364283161505 3.8
    endloop
  endfacet
  facet normal 0 0 1
    outer loop
      vertex 7.3829285725951195 13.086728570716723 4
      vertex 7.531149998307228 13.377364283161505 4
      vertex 7.4366928562521935 13.377364283161505 4
    endloop
  endfacet
  facet normal 0 0 1
    outer loop
      vertex 7.3829285725951195 13.086728570716723 4
      vertex 7.522428572177887 12.919628573315485 4
      vertex 7.531149998307228 13.377364283161505 4
    endloop
  endfacet
  facet normal -0.9854668631323017 -0.1698677770154813 0
    outer loop
      vertex 7.406178571283817 14.327700001852854 4
      vertex 7.362592853605747 14.580557143049582 3.8
      vertex 7.406178571283817 14.327700001852854 3.8
    endloop
  endfacet
  facet normal 0 -1 0
    outer loop
      vertex 7.502092860639095 14.327700001852854 4
      vertex 7.406178571283817 14.327700001852854 3.8
      vertex 7.502092860639095 14.327700001852854 3.8
    endloop
  endfacet
  facet normal -0.31040102644719375 -0.9506057031075127 0
    outer loop
      vertex 7.252696432173252 14.635955353932722 4
      vertex 7.126450002193451 14.677178567009314 3.8
      vertex 7.252696432173252 14.635955353932722 3.8
    endloop
  endfacet
  facet normal -0.45013637330433204 -0.8929598229642939 0
    outer loop
      vertex 7.362592853605747 14.580557143049582 4
      vertex 7.252696432173252 14.635955353932722 3.8
      vertex 7.362592853605747 14.580557143049582 3.8
    endloop
  endfacet
  facet normal 0.16252935030149174 0.9867037094744171 0
    outer loop
      vertex 7.155882142484188 14.809055356042727 4
      vertex 7.493371427059174 14.753464286880835 3.8
      vertex 7.155882142484188 14.809055356042727 3.8
    endloop
  endfacet
  facet normal 0.9997902651225145 0.02047988687107773 0
    outer loop
      vertex 7.493371427059174 14.753464286880835 4
      vertex 7.502092860639095 14.327700001852854 3.8
      vertex 7.493371427059174 14.753464286880835 3.8
    endloop
  endfacet
  facet normal -1 0 0
    outer loop
      vertex 7.781221427023411 14.72877856876169 4
      vertex 7.781221427023411 14.805792858558043 3.8
      vertex 7.781221427023411 14.72877856876169 3.8
    endloop
  endfacet
  facet normal 0 -1 0
    outer loop
      vertex 7.406178571283817 14.327700001852854 4
      vertex 7.406178571283817 14.327700001852854 3.8
      vertex 7.502092860639095 14.327700001852854 4
    endloop
  endfacet
  facet normal -0.9854668631323017 -0.1698677770154813 0
    outer loop
      vertex 7.406178571283817 14.327700001852854 4
      vertex 7.362592853605747 14.580557143049582 4
      vertex 7.362592853605747 14.580557143049582 3.8
    endloop
  endfacet
  facet normal 0.9997902651225145 0.02047988687107773 0
    outer loop
      vertex 7.502092860639095 14.327700001852854 4
      vertex 7.502092860639095 14.327700001852854 3.8
      vertex 7.493371427059174 14.753464286880835 4
    endloop
  endfacet
  facet normal 0 0 1
    outer loop
      vertex 7.406178571283817 14.327700001852854 4
      vertex 7.502092860639095 14.327700001852854 4
      vertex 7.362592853605747 14.580557143049582 4
    endloop
  endfacet
  facet normal -0.45013637330433204 -0.8929598229642939 0
    outer loop
      vertex 7.362592853605747 14.580557143049582 4
      vertex 7.252696432173252 14.635955353932722 4
      vertex 7.252696432173252 14.635955353932722 3.8
    endloop
  endfacet
  facet normal 0.16252935030149174 0.9867037094744171 0
    outer loop
      vertex 7.155882142484188 14.809055356042727 4
      vertex 7.493371427059174 14.753464286880835 4
      vertex 7.493371427059174 14.753464286880835 3.8
    endloop
  endfacet
  facet normal 0 0 1
    outer loop
      vertex 7.252696432173252 14.635955353932722 4
      vertex 7.493371427059174 14.753464286880835 4
      vertex 7.155882142484188 14.809055356042727 4
    endloop
  endfacet
  facet normal 0 0 1
    outer loop
      vertex 7.362592853605747 14.580557143049582 4
      vertex 7.502092860639095 14.327700001852854 4
      vertex 7.493371427059174 14.753464286880835 4
    endloop
  endfacet
  facet normal 0 0 1
    outer loop
      vertex 7.362592853605747 14.580557143049582 4
      vertex 7.493371427059174 14.753464286880835 4
      vertex 7.252696432173252 14.635955353932722 4
    endloop
  endfacet
  facet normal -0.14953416490776222 -0.9887565592830917 0
    outer loop
      vertex 7.781221427023411 14.72877856876169 4
      vertex 7.781221427023411 14.72877856876169 3.8
      vertex 8.031164288520813 14.690978569643839 4
    endloop
  endfacet
  facet normal -1 0 0
    outer loop
      vertex 7.781221427023411 14.72877856876169 4
      vertex 7.781221427023411 14.805792858558043 4
      vertex 7.781221427023411 14.805792858558043 3.8
    endloop
  endfacet
  facet normal 0 0 1
    outer loop
      vertex 7.781221427023411 14.72877856876169 4
      vertex 8.031164288520813 14.690978569643839 4
      vertex 7.781221427023411 14.805792858558043 4
    endloop
  endfacet
  facet normal -1 0 0
    outer loop
      vertex 8.031164288520813 12.97339285697256 4
      vertex 8.031164288520813 14.690978569643839 3.8
      vertex 8.031164288520813 12.97339285697256 3.8
    endloop
  endfacet
  facet normal 1 0 0
    outer loop
      vertex 8.31162142753601 13.621478570359095 4
      vertex 8.31162142753601 12.97339285697256 3.8
      vertex 8.31162142753601 13.621478570359095 3.8
    endloop
  endfacet
  facet normal 0 1 0
    outer loop
      vertex 8.31162142753601 13.752278571682318 4
      vertex 8.462735712528229 13.752278571682318 3.8
      vertex 8.31162142753601 13.752278571682318 3.8
    endloop
  endfacet
  facet normal 0 -1 0
    outer loop
      vertex 8.53102856874466 13.621478570359095 4
      vertex 8.31162142753601 13.621478570359095 3.8
      vertex 8.53102856874466 13.621478570359095 3.8
    endloop
  endfacet
  facet normal -0.12994138352610604 0.9915216774470044 0
    outer loop
      vertex 8.462735712528229 13.752278571682318 4
      vertex 8.676158927381039 13.780248215155943 3.8
      vertex 8.462735712528229 13.752278571682318 3.8
    endloop
  endfacet
  facet normal 0 0 1
    outer loop
      vertex 8.031164288520813 12.97339285697256 4
      vertex 8.31162142753601 12.97339285697256 4
      vertex 8.31162142753601 13.621478570359095 4
    endloop
  endfacet
  facet normal 0 0 1
    outer loop
      vertex 8.031164288520813 12.97339285697256 4
      vertex 8.31162142753601 13.621478570359095 4
      vertex 8.31162142753601 13.752278571682318 4
    endloop
  endfacet
  facet normal 0 0 1
    outer loop
      vertex 8.031164288520813 12.97339285697256 4
      vertex 8.31162142753601 13.752278571682318 4
      vertex 8.031164288520813 14.690978569643839 4
    endloop
  endfacet
  facet normal 1 0 0
    outer loop
      vertex 8.31162142753601 12.97339285697256 4
      vertex 8.31162142753601 12.97339285697256 3.8
      vertex 8.31162142753601 13.621478570359095 4
    endloop
  endfacet
  facet normal 0 -1 0
    outer loop
      vertex 8.31162142753601 13.621478570359095 4
      vertex 8.31162142753601 13.621478570359095 3.8
      vertex 8.53102856874466 13.621478570359095 4
    endloop
  endfacet
  facet normal 0 1 0
    outer loop
      vertex 8.31162142753601 13.752278571682318 4
      vertex 8.462735712528229 13.752278571682318 4
      vertex 8.462735712528229 13.752278571682318 3.8
    endloop
  endfacet
  facet normal 1 0 0
    outer loop
      vertex 8.31162142753601 13.752278571682318 4
      vertex 8.31162142753601 13.752278571682318 3.8
      vertex 8.31162142753601 14.67499285723482 4
    endloop
  endfacet
  facet normal -0.12994138352610604 0.9915216774470044 0
    outer loop
      vertex 8.462735712528229 13.752278571682318 4
      vertex 8.676158927381039 13.780248215155943 4
      vertex 8.676158927381039 13.780248215155943 3.8
    endloop
  endfacet
  facet normal 0 0 1
    outer loop
      vertex 8.31162142753601 13.621478570359095 4
      vertex 8.462735712528229 13.752278571682318 4
      vertex 8.31162142753601 13.752278571682318 4
    endloop
  endfacet
  facet normal 0 0 1
    outer loop
      vertex 8.31162142753601 13.621478570359095 4
      vertex 8.53102856874466 13.621478570359095 4
      vertex 8.462735712528229 13.752278571682318 4
    endloop
  endfacet
  facet normal 0 0 1
    outer loop
      vertex 8.462735712528229 13.752278571682318 4
      vertex 8.53102856874466 13.621478570359095 4
      vertex 8.676158927381039 13.780248215155943 4
    endloop
  endfacet
  facet normal -0.14953416490776222 -0.9887565592830917 0
    outer loop
      vertex 8.031164288520813 14.690978569643839 4
      vertex 7.781221427023411 14.72877856876169 3.8
      vertex 8.031164288520813 14.690978569643839 3.8
    endloop
  endfacet
  facet normal 0 1 0
    outer loop
      vertex 7.781221427023411 14.805792858558043 4
      vertex 8.516500003635883 14.805792858558043 3.8
      vertex 7.781221427023411 14.805792858558043 3.8
    endloop
  endfacet
  facet normal 1 0 0
    outer loop
      vertex 8.31162142753601 14.67499285723482 4
      vertex 8.31162142753601 13.752278571682318 3.8
      vertex 8.31162142753601 14.67499285723482 3.8
    endloop
  endfacet
  facet normal 0 -1 0
    outer loop
      vertex 8.454014286398888 14.67499285723482 4
      vertex 8.31162142753601 14.67499285723482 3.8
      vertex 8.454014286398888 14.67499285723482 3.8
    endloop
  endfacet
  facet normal -0.11323950570278556 -0.9935677200614907 0
    outer loop
      vertex 8.680337503552437 14.64919820960079 4
      vertex 8.454014286398888 14.67499285723482 3.8
      vertex 8.680337503552437 14.64919820960079 3.8
    endloop
  endfacet
  facet normal -1 0 0
    outer loop
      vertex 8.031164288520813 12.97339285697256 4
      vertex 8.031164288520813 14.690978569643839 4
      vertex 8.031164288520813 14.690978569643839 3.8
    endloop
  endfacet
  facet normal 0 0 1
    outer loop
      vertex 8.31162142753601 13.752278571682318 4
      vertex 8.31162142753601 14.67499285723482 4
      vertex 8.031164288520813 14.690978569643839 4
    endloop
  endfacet
  facet normal 0 0 1
    outer loop
      vertex 7.781221427023411 14.805792858558043 4
      vertex 8.031164288520813 14.690978569643839 4
      vertex 8.516500003635883 14.805792858558043 4
    endloop
  endfacet
  facet normal 0 -1 0
    outer loop
      vertex 8.31162142753601 14.67499285723482 4
      vertex 8.31162142753601 14.67499285723482 3.8
      vertex 8.454014286398888 14.67499285723482 4
    endloop
  endfacet
  facet normal 0 1 0
    outer loop
      vertex 7.781221427023411 14.805792858558043 4
      vertex 8.516500003635883 14.805792858558043 4
      vertex 8.516500003635883 14.805792858558043 3.8
    endloop
  endfacet
  facet normal -0.11323950570278556 -0.9935677200614907 0
    outer loop
      vertex 8.454014286398888 14.67499285723482 4
      vertex 8.454014286398888 14.67499285723482 3.8
      vertex 8.680337503552437 14.64919820960079 4
    endloop
  endfacet
  facet normal 0 0 1
    outer loop
      vertex 8.031164288520813 14.690978569643839 4
      vertex 8.31162142753601 14.67499285723482 4
      vertex 8.516500003635883 14.805792858558043 4
    endloop
  endfacet
  facet normal 0 0 1
    outer loop
      vertex 8.31162142753601 14.67499285723482 4
      vertex 8.454014286398888 14.67499285723482 4
      vertex 8.516500003635883 14.805792858558043 4
    endloop
  endfacet
  facet normal 0 0 1
    outer loop
      vertex 8.454014286398888 14.67499285723482 4
      vertex 8.680337503552437 14.64919820960079 4
      vertex 8.516500003635883 14.805792858558043 4
    endloop
  endfacet
  facet normal -1 0 0
    outer loop
      vertex 8.63425000011921 8.571428572492941 4
      vertex 8.63425000011921 8.648442854838713 3.8
      vertex 8.63425000011921 8.571428572492941 3.8
    endloop
  endfacet
  facet normal -0.15507962391348845 0.9879019740069613 0
    outer loop
      vertex 8.63425000011921 8.648442854838713 4
      vertex 8.88419285416603 8.68767857338701 3.8
      vertex 8.63425000011921 8.648442854838713 3.8
    endloop
  endfacet
  facet normal -1 0 0
    outer loop
      vertex 8.88419285416603 8.68767857338701 4
      vertex 8.88419285416603 10.40526428605829 3.8
      vertex 8.88419285416603 8.68767857338701 3.8
    endloop
  endfacet
  facet normal 0 -1 0
    outer loop
      vertex 9.413135714828968 8.571428572492941 4
      vertex 8.63425000011921 8.571428572492941 3.8
      vertex 9.413135714828968 8.571428572492941 3.8
    endloop
  endfacet
  facet normal 0.15507962391348845 0.9879019740069613 0
    outer loop
      vertex 9.163192860782146 8.68767857338701 4
      vertex 9.413135714828968 8.648442854838713 3.8
      vertex 9.163192860782146 8.68767857338701 3.8
    endloop
  endfacet
  facet normal -1 0 0
    outer loop
      vertex 8.63425000011921 8.571428572492941 4
      vertex 8.63425000011921 8.648442854838713 4
      vertex 8.63425000011921 8.648442854838713 3.8
    endloop
  endfacet
  facet normal -0.15507962391348845 0.9879019740069613 0
    outer loop
      vertex 8.63425000011921 8.648442854838713 4
      vertex 8.88419285416603 8.68767857338701 4
      vertex 8.88419285416603 8.68767857338701 3.8
    endloop
  endfacet
  facet normal 0 -1 0
    outer loop
      vertex 8.63425000011921 8.571428572492941 4
      vertex 8.63425000011921 8.571428572492941 3.8
      vertex 9.413135714828968 8.571428572492941 4
    endloop
  endfacet
  facet normal 0 0 1
    outer loop
      vertex 8.63425000011921 8.571428572492941 4
      vertex 8.88419285416603 8.68767857338701 4
      vertex 8.63425000011921 8.648442854838713 4
    endloop
  endfacet
  facet normal 0 0 1
    outer loop
      vertex 8.63425000011921 8.571428572492941 4
      vertex 9.413135714828968 8.571428572492941 4
      vertex 8.88419285416603 8.68767857338701 4
    endloop
  endfacet
  facet normal 0 0 1
    outer loop
      vertex 8.88419285416603 8.68767857338701 4
      vertex 9.163192860782146 8.68767857338701 4
      vertex 8.88419285416603 10.40526428605829 4
    endloop
  endfacet
  facet normal 0.15507962391348845 0.9879019740069613 0
    outer loop
      vertex 9.163192860782146 8.68767857338701 4
      vertex 9.413135714828968 8.648442854838713 4
      vertex 9.413135714828968 8.648442854838713 3.8
    endloop
  endfacet
  facet normal 0 0 1
    outer loop
      vertex 8.88419285416603 8.68767857338701 4
      vertex 9.413135714828968 8.571428572492941 4
      vertex 9.163192860782146 8.68767857338701 4
    endloop
  endfacet
  facet normal 0 0 1
    outer loop
      vertex 9.163192860782146 8.68767857338701 4
      vertex 9.413135714828968 8.571428572492941 4
      vertex 9.413135714828968 8.648442854838713 4
    endloop
  endfacet
  facet normal 1 0 0
    outer loop
      vertex 9.163192860782146 8.68767857338701 4
      vertex 9.163192860782146 8.68767857338701 3.8
      vertex 9.163192860782146 10.40526428605829 4
    endloop
  endfacet
  facet normal 1 0 0
    outer loop
      vertex 9.413135714828968 8.648442854838713 4
      vertex 9.413135714828968 8.571428572492941 3.8
      vertex 9.413135714828968 8.648442854838713 3.8
    endloop
  endfacet
  facet normal -1 0 0
    outer loop
      vertex 9.62534286081791 8.571428572492941 4
      vertex 9.62534286081791 8.648442854838713 3.8
      vertex 9.62534286081791 8.571428572492941 3.8
    endloop
  endfacet
  facet normal -0.15507962391348845 0.9879019740069613 0
    outer loop
      vertex 9.62534286081791 8.648442854838713 4
      vertex 9.87528571486473 8.68767857338701 3.8
      vertex 9.62534286081791 8.648442854838713 3.8
    endloop
  endfacet
  facet normal -1 0 0
    outer loop
      vertex 9.87528571486473 8.68767857338701 4
      vertex 9.87528571486473 10.40526428605829 3.8
      vertex 9.87528571486473 8.68767857338701 3.8
    endloop
  endfacet
  facet normal 1 0 0
    outer loop
      vertex 9.413135714828968 8.571428572492941 4
      vertex 9.413135714828968 8.571428572492941 3.8
      vertex 9.413135714828968 8.648442854838713 4
    endloop
  endfacet
  facet normal -1 0 0
    outer loop
      vertex 9.62534286081791 8.571428572492941 4
      vertex 9.62534286081791 8.648442854838713 4
      vertex 9.62534286081791 8.648442854838713 3.8
    endloop
  endfacet
  facet normal -0.15507962391348845 0.9879019740069613 0
    outer loop
      vertex 9.62534286081791 8.648442854838713 4
      vertex 9.87528571486473 8.68767857338701 4
      vertex 9.87528571486473 8.68767857338701 3.8
    endloop
  endfacet
  facet normal 0 -1 0
    outer loop
      vertex 9.62534286081791 8.571428572492941 4
      vertex 9.62534286081791 8.571428572492941 3.8
      vertex 10.404228568077087 8.571428572492941 4
    endloop
  endfacet
  facet normal 0 0 1
    outer loop
      vertex 9.62534286081791 8.571428572492941 4
      vertex 9.87528571486473 8.68767857338701 4
      vertex 9.62534286081791 8.648442854838713 4
    endloop
  endfacet
  facet normal 0 0 1
    outer loop
      vertex 9.62534286081791 8.571428572492941 4
      vertex 10.404228568077087 8.571428572492941 4
      vertex 9.87528571486473 8.68767857338701 4
    endloop
  endfacet
  facet normal 0 0 1
    outer loop
      vertex 9.87528571486473 8.68767857338701 4
      vertex 10.154285714030266 8.68767857338701 4
      vertex 9.87528571486473 10.40526428605829 4
    endloop
  endfacet
  facet normal 1 0 0
    outer loop
      vertex 9.163192860782146 10.40526428605829 4
      vertex 9.163192860782146 8.68767857338701 3.8
      vertex 9.163192860782146 10.40526428605829 3.8
    endloop
  endfacet
  facet normal -1 0 0
    outer loop
      vertex 8.88419285416603 8.68767857338701 4
      vertex 8.88419285416603 10.40526428605829 4
      vertex 8.88419285416603 10.40526428605829 3.8
    endloop
  endfacet
  facet normal 0 0 1
    outer loop
      vertex 9.163192860782146 8.68767857338701 4
      vertex 9.163192860782146 10.40526428605829 4
      vertex 8.88419285416603 10.40526428605829 4
    endloop
  endfacet
  facet normal -1 0 0
    outer loop
      vertex 8.63425000011921 10.443064285176142 4
      vertex 8.63425000011921 10.520078574972494 3.8
      vertex 8.63425000011921 10.443064285176142 3.8
    endloop
  endfacet
  facet normal -0.1495341692655751 -0.9887565586240399 0
    outer loop
      vertex 8.88419285416603 10.40526428605829 4
      vertex 8.63425000011921 10.443064285176142 3.8
      vertex 8.88419285416603 10.40526428605829 3.8
    endloop
  endfacet
  facet normal 0 1 0
    outer loop
      vertex 8.63425000011921 10.520078574972494 4
      vertex 9.413135714828968 10.520078574972494 3.8
      vertex 8.63425000011921 10.520078574972494 3.8
    endloop
  endfacet
  facet normal 0.1495341692655751 -0.9887565586240399 0
    outer loop
      vertex 9.413135714828968 10.443064285176142 4
      vertex 9.163192860782146 10.40526428605829 3.8
      vertex 9.413135714828968 10.443064285176142 3.8
    endloop
  endfacet
  facet normal -1 0 0
    outer loop
      vertex 8.63425000011921 10.443064285176142 4
      vertex 8.63425000011921 10.520078574972494 4
      vertex 8.63425000011921 10.520078574972494 3.8
    endloop
  endfacet
  facet normal -0.1495341692655751 -0.9887565586240399 0
    outer loop
      vertex 8.63425000011921 10.443064285176142 4
      vertex 8.63425000011921 10.443064285176142 3.8
      vertex 8.88419285416603 10.40526428605829 4
    endloop
  endfacet
  facet normal 0 0 1
    outer loop
      vertex 8.63425000011921 10.443064285176142 4
      vertex 8.88419285416603 10.40526428605829 4
      vertex 8.63425000011921 10.520078574972494 4
    endloop
  endfacet
  facet normal 0 0 1
    outer loop
      vertex 8.63425000011921 10.520078574972494 4
      vertex 8.88419285416603 10.40526428605829 4
      vertex 9.163192860782146 10.40526428605829 4
    endloop
  endfacet
  facet normal 0 1 0
    outer loop
      vertex 8.63425000011921 10.520078574972494 4
      vertex 9.413135714828968 10.520078574972494 4
      vertex 9.413135714828968 10.520078574972494 3.8
    endloop
  endfacet
  facet normal 0.1495341692655751 -0.9887565586240399 0
    outer loop
      vertex 9.163192860782146 10.40526428605829 4
      vertex 9.163192860782146 10.40526428605829 3.8
      vertex 9.413135714828968 10.443064285176142 4
    endloop
  endfacet
  facet normal 0 0 1
    outer loop
      vertex 8.63425000011921 10.520078574972494 4
      vertex 9.163192860782146 10.40526428605829 4
      vertex 9.413135714828968 10.520078574972494 4
    endloop
  endfacet
  facet normal 0 0 1
    outer loop
      vertex 9.163192860782146 10.40526428605829 4
      vertex 9.413135714828968 10.443064285176142 4
      vertex 9.413135714828968 10.520078574972494 4
    endloop
  endfacet
  facet normal -1 0 0
    outer loop
      vertex 9.87528571486473 8.68767857338701 4
      vertex 9.87528571486473 10.40526428605829 4
      vertex 9.87528571486473 10.40526428605829 3.8
    endloop
  endfacet
  facet normal 0 0 1
    outer loop
      vertex 10.154285714030266 8.68767857338701 4
      vertex 10.154285714030266 10.40526428605829 4
      vertex 9.87528571486473 10.40526428605829 4
    endloop
  endfacet
  facet normal 1 0 0
    outer loop
      vertex 9.413135714828968 10.520078574972494 4
      vertex 9.413135714828968 10.443064285176142 3.8
      vertex 9.413135714828968 10.520078574972494 3.8
    endloop
  endfacet
  facet normal -1 0 0
    outer loop
      vertex 9.62534286081791 10.443064285176142 4
      vertex 9.62534286081791 10.520078574972494 3.8
      vertex 9.62534286081791 10.443064285176142 3.8
    endloop
  endfacet
  facet normal -0.1495341692655751 -0.9887565586240399 0
    outer loop
      vertex 9.87528571486473 10.40526428605829 4
      vertex 9.62534286081791 10.443064285176142 3.8
      vertex 9.87528571486473 10.40526428605829 3.8
    endloop
  endfacet
  facet normal 0 1 0
    outer loop
      vertex 9.62534286081791 10.520078574972494 4
      vertex 10.404228568077087 10.520078574972494 3.8
      vertex 9.62534286081791 10.520078574972494 3.8
    endloop
  endfacet
  facet normal 1 0 0
    outer loop
      vertex 9.413135714828968 10.443064285176142 4
      vertex 9.413135714828968 10.443064285176142 3.8
      vertex 9.413135714828968 10.520078574972494 4
    endloop
  endfacet
  facet normal -1 0 0
    outer loop
      vertex 9.62534286081791 10.443064285176142 4
      vertex 9.62534286081791 10.520078574972494 4
      vertex 9.62534286081791 10.520078574972494 3.8
    endloop
  endfacet
  facet normal -0.1495341692655751 -0.9887565586240399 0
    outer loop
      vertex 9.62534286081791 10.443064285176142 4
      vertex 9.62534286081791 10.443064285176142 3.8
      vertex 9.87528571486473 10.40526428605829 4
    endloop
  endfacet
  facet normal 0 0 1
    outer loop
      vertex 9.62534286081791 10.443064285176142 4
      vertex 9.87528571486473 10.40526428605829 4
      vertex 9.62534286081791 10.520078574972494 4
    endloop
  endfacet
  facet normal 0 0 1
    outer loop
      vertex 9.62534286081791 10.520078574972494 4
      vertex 9.87528571486473 10.40526428605829 4
      vertex 10.154285714030266 10.40526428605829 4
    endloop
  endfacet
  facet normal 0 0 1
    outer loop
      vertex 9.62534286081791 10.520078574972494 4
      vertex 10.154285714030266 10.40526428605829 4
      vertex 10.404228568077087 10.520078574972494 4
    endloop
  endfacet
  facet normal 0 -1 0
    outer loop
      vertex 10.404228568077087 8.571428572492941 4
      vertex 9.62534286081791 8.571428572492941 3.8
      vertex 10.404228568077087 8.571428572492941 3.8
    endloop
  endfacet
  facet normal 0.15507962391348845 0.9879019740069613 0
    outer loop
      vertex 10.154285714030266 8.68767857338701 4
      vertex 10.404228568077087 8.648442854838713 3.8
      vertex 10.154285714030266 8.68767857338701 3.8
    endloop
  endfacet
  facet normal 1 0 0
    outer loop
      vertex 10.404228568077087 8.648442854838713 4
      vertex 10.404228568077087 8.571428572492941 3.8
      vertex 10.404228568077087 8.648442854838713 3.8
    endloop
  endfacet
  facet normal -1 0 0
    outer loop
      vertex 10.616435714066029 8.571428572492941 4
      vertex 10.616435714066029 8.648442854838713 3.8
      vertex 10.616435714066029 8.571428572492941 3.8
    endloop
  endfacet
  facet normal -0.15507962391348845 0.9879019740069613 0
    outer loop
      vertex 10.616435714066029 8.648442854838713 4
      vertex 10.86637856811285 8.68767857338701 3.8
      vertex 10.616435714066029 8.648442854838713 3.8
    endloop
  endfacet
  facet normal 0.15507962391348845 0.9879019740069613 0
    outer loop
      vertex 10.154285714030266 8.68767857338701 4
      vertex 10.404228568077087 8.648442854838713 4
      vertex 10.404228568077087 8.648442854838713 3.8
    endloop
  endfacet
  facet normal 1 0 0
    outer loop
      vertex 10.404228568077087 8.571428572492941 4
      vertex 10.404228568077087 8.571428572492941 3.8
      vertex 10.404228568077087 8.648442854838713 4
    endloop
  endfacet
  facet normal 0 0 1
    outer loop
      vertex 9.87528571486473 8.68767857338701 4
      vertex 10.404228568077087 8.571428572492941 4
      vertex 10.154285714030266 8.68767857338701 4
    endloop
  endfacet
  facet normal 0 0 1
    outer loop
      vertex 10.154285714030266 8.68767857338701 4
      vertex 10.404228568077087 8.571428572492941 4
      vertex 10.404228568077087 8.648442854838713 4
    endloop
  endfacet
  facet normal 1 0 0
    outer loop
      vertex 10.154285714030266 8.68767857338701 4
      vertex 10.154285714030266 8.68767857338701 3.8
      vertex 10.154285714030266 10.40526428605829 4
    endloop
  endfacet
  facet normal -1 0 0
    outer loop
      vertex 10.616435714066029 8.571428572492941 4
      vertex 10.616435714066029 8.648442854838713 4
      vertex 10.616435714066029 8.648442854838713 3.8
    endloop
  endfacet
  facet normal 0 0 1
    outer loop
      vertex 10.616435714066029 8.571428572492941 4
      vertex 10.86637856811285 8.68767857338701 4
      vertex 10.616435714066029 8.648442854838713 4
    endloop
  endfacet
  facet normal 0 -1 0
    outer loop
      vertex 11.395321428775787 8.571428572492941 4
      vertex 10.616435714066029 8.571428572492941 3.8
      vertex 11.395321428775787 8.571428572492941 3.8
    endloop
  endfacet
  facet normal -1 0 0
    outer loop
      vertex 10.86637856811285 8.68767857338701 4
      vertex 10.86637856811285 10.40526428605829 3.8
      vertex 10.86637856811285 8.68767857338701 3.8
    endloop
  endfacet
  facet normal 0.15507962391348845 0.9879019740069613 0
    outer loop
      vertex 11.145378574728966 8.68767857338701 4
      vertex 11.395321428775787 8.648442854838713 3.8
      vertex 11.145378574728966 8.68767857338701 3.8
    endloop
  endfacet
  facet normal 1 0 0
    outer loop
      vertex 11.395321428775787 8.648442854838713 4
      vertex 11.395321428775787 8.571428572492941 3.8
      vertex 11.395321428775787 8.648442854838713 3.8
    endloop
  endfacet
  facet normal 0 -1 0
    outer loop
      vertex 10.616435714066029 8.571428572492941 4
      vertex 10.616435714066029 8.571428572492941 3.8
      vertex 11.395321428775787 8.571428572492941 4
    endloop
  endfacet
  facet normal -0.15507962391348845 0.9879019740069613 0
    outer loop
      vertex 10.616435714066029 8.648442854838713 4
      vertex 10.86637856811285 8.68767857338701 4
      vertex 10.86637856811285 8.68767857338701 3.8
    endloop
  endfacet
  facet normal 0 0 1
    outer loop
      vertex 10.616435714066029 8.571428572492941 4
      vertex 11.395321428775787 8.571428572492941 4
      vertex 10.86637856811285 8.68767857338701 4
    endloop
  endfacet
  facet normal 0 0 1
    outer loop
      vertex 10.86637856811285 8.68767857338701 4
      vertex 11.395321428775787 8.571428572492941 4
      vertex 11.145378574728966 8.68767857338701 4
    endloop
  endfacet
  facet normal 0 0 1
    outer loop
      vertex 10.86637856811285 8.68767857338701 4
      vertex 11.145378574728966 8.68767857338701 4
      vertex 10.86637856811285 10.40526428605829 4
    endloop
  endfacet
  facet normal 0.15507962391348845 0.9879019740069613 0
    outer loop
      vertex 11.145378574728966 8.68767857338701 4
      vertex 11.395321428775787 8.648442854838713 4
      vertex 11.395321428775787 8.648442854838713 3.8
    endloop
  endfacet
  facet normal 1 0 0
    outer loop
      vertex 11.395321428775787 8.571428572492941 4
      vertex 11.395321428775787 8.571428572492941 3.8
      vertex 11.395321428775787 8.648442854838713 4
    endloop
  endfacet
  facet normal 0 0 1
    outer loop
      vertex 11.145378574728966 8.68767857338701 4
      vertex 11.395321428775787 8.571428572492941 4
      vertex 11.395321428775787 8.648442854838713 4
    endloop
  endfacet
  facet normal 1 0 0
    outer loop
      vertex 11.145378574728966 8.68767857338701 4
      vertex 11.145378574728966 8.68767857338701 3.8
      vertex 11.145378574728966 10.40526428605829 4
    endloop
  endfacet
  facet normal 1 0 0
    outer loop
      vertex 10.154285714030266 10.40526428605829 4
      vertex 10.154285714030266 8.68767857338701 3.8
      vertex 10.154285714030266 10.40526428605829 3.8
    endloop
  endfacet
  facet normal 0.1495341692655751 -0.9887565586240399 0
    outer loop
      vertex 10.404228568077087 10.443064285176142 4
      vertex 10.154285714030266 10.40526428605829 3.8
      vertex 10.404228568077087 10.443064285176142 3.8
    endloop
  endfacet
  facet normal 1 0 0
    outer loop
      vertex 10.404228568077087 10.520078574972494 4
      vertex 10.404228568077087 10.443064285176142 3.8
      vertex 10.404228568077087 10.520078574972494 3.8
    endloop
  endfacet
  facet normal -1 0 0
    outer loop
      vertex 10.616435714066029 10.443064285176142 4
      vertex 10.616435714066029 10.520078574972494 3.8
      vertex 10.616435714066029 10.443064285176142 3.8
    endloop
  endfacet
  facet normal 0 1 0
    outer loop
      vertex 9.62534286081791 10.520078574972494 4
      vertex 10.404228568077087 10.520078574972494 4
      vertex 10.404228568077087 10.520078574972494 3.8
    endloop
  endfacet
  facet normal 0.1495341692655751 -0.9887565586240399 0
    outer loop
      vertex 10.154285714030266 10.40526428605829 4
      vertex 10.154285714030266 10.40526428605829 3.8
      vertex 10.404228568077087 10.443064285176142 4
    endloop
  endfacet
  facet normal 1 0 0
    outer loop
      vertex 10.404228568077087 10.443064285176142 4
      vertex 10.404228568077087 10.443064285176142 3.8
      vertex 10.404228568077087 10.520078574972494 4
    endloop
  endfacet
  facet normal 0 0 1
    outer loop
      vertex 10.154285714030266 10.40526428605829 4
      vertex 10.404228568077087 10.443064285176142 4
      vertex 10.404228568077087 10.520078574972494 4
    endloop
  endfacet
  facet normal -1 0 0
    outer loop
      vertex 10.616435714066029 10.443064285176142 4
      vertex 10.616435714066029 10.520078574972494 4
      vertex 10.616435714066029 10.520078574972494 3.8
    endloop
  endfacet
  facet normal -0.1495341692655751 -0.9887565586240399 0
    outer loop
      vertex 10.616435714066029 10.443064285176142 4
      vertex 10.616435714066029 10.443064285176142 3.8
      vertex 10.86637856811285 10.40526428605829 4
    endloop
  endfacet
  facet normal 0 0 1
    outer loop
      vertex 10.616435714066029 10.443064285176142 4
      vertex 10.86637856811285 10.40526428605829 4
      vertex 10.616435714066029 10.520078574972494 4
    endloop
  endfacet
  facet normal 1 0 0
    outer loop
      vertex 11.145378574728966 10.40526428605829 4
      vertex 11.145378574728966 8.68767857338701 3.8
      vertex 11.145378574728966 10.40526428605829 3.8
    endloop
  endfacet
  facet normal -1 0 0
    outer loop
      vertex 10.86637856811285 8.68767857338701 4
      vertex 10.86637856811285 10.40526428605829 4
      vertex 10.86637856811285 10.40526428605829 3.8
    endloop
  endfacet
  facet normal 0 0 1
    outer loop
      vertex 11.145378574728966 8.68767857338701 4
      vertex 11.145378574728966 10.40526428605829 4
      vertex 10.86637856811285 10.40526428605829 4
    endloop
  endfacet
  facet normal -0.1495341692655751 -0.9887565586240399 0
    outer loop
      vertex 10.86637856811285 10.40526428605829 4
      vertex 10.616435714066029 10.443064285176142 3.8
      vertex 10.86637856811285 10.40526428605829 3.8
    endloop
  endfacet
  facet normal 0 1 0
    outer loop
      vertex 10.616435714066029 10.520078574972494 4
      vertex 11.395321428775787 10.520078574972494 3.8
      vertex 10.616435714066029 10.520078574972494 3.8
    endloop
  endfacet
  facet normal 0.1495341692655751 -0.9887565586240399 0
    outer loop
      vertex 11.395321428775787 10.443064285176142 4
      vertex 11.145378574728966 10.40526428605829 3.8
      vertex 11.395321428775787 10.443064285176142 3.8
    endloop
  endfacet
  facet normal 1 0 0
    outer loop
      vertex 11.395321428775787 10.520078574972494 4
      vertex 11.395321428775787 10.443064285176142 3.8
      vertex 11.395321428775787 10.520078574972494 3.8
    endloop
  endfacet
  facet normal 0 1 0
    outer loop
      vertex 10.616435714066029 10.520078574972494 4
      vertex 11.395321428775787 10.520078574972494 4
      vertex 11.395321428775787 10.520078574972494 3.8
    endloop
  endfacet
  facet normal 0 0 1
    outer loop
      vertex 10.616435714066029 10.520078574972494 4
      vertex 10.86637856811285 10.40526428605829 4
      vertex 11.145378574728966 10.40526428605829 4
    endloop
  endfacet
  facet normal 0 0 1
    outer loop
      vertex 10.616435714066029 10.520078574972494 4
      vertex 11.145378574728966 10.40526428605829 4
      vertex 11.395321428775787 10.520078574972494 4
    endloop
  endfacet
  facet normal 0.1495341692655751 -0.9887565586240399 0
    outer loop
      vertex 11.145378574728966 10.40526428605829 4
      vertex 11.145378574728966 10.40526428605829 3.8
      vertex 11.395321428775787 10.443064285176142 4
    endloop
  endfacet
  facet normal 1 0 0
    outer loop
      vertex 11.395321428775787 10.443064285176142 4
      vertex 11.395321428775787 10.443064285176142 3.8
      vertex 11.395321428775787 10.520078574972494 4
    endloop
  endfacet
  facet normal 0 0 1
    outer loop
      vertex 11.145378574728966 10.40526428605829 4
      vertex 11.395321428775787 10.443064285176142 4
      vertex 11.395321428775787 10.520078574972494 4
    endloop
  endfacet
  facet normal -1 0 0
    outer loop
      vertex 9.43642856925726 12.85714285607849 4
      vertex 9.43642856925726 12.934157138424261 3.8
      vertex 9.43642856925726 12.85714285607849 3.8
    endloop
  endfacet
  facet normal -0.1550796194018756 0.9879019747151888 0
    outer loop
      vertex 9.43642856925726 12.934157138424261 4
      vertex 9.686371430754662 12.97339285697256 3.8
      vertex 9.43642856925726 12.934157138424261 3.8
    endloop
  endfacet
  facet normal 0 -1 0
    outer loop
      vertex 10.100500002503395 12.85714285607849 4
      vertex 9.43642856925726 12.85714285607849 3.8
      vertex 10.100500002503395 12.85714285607849 3.8
    endloop
  endfacet
  facet normal 0.1483483901978837 0.9889351622455824 0
    outer loop
      vertex 9.838942855596542 12.97339285697256 4
      vertex 10.100500002503395 12.934157138424261 3.8
      vertex 9.838942855596542 12.97339285697256 3.8
    endloop
  endfacet
  facet normal -1 0 0
    outer loop
      vertex 9.43642856925726 12.85714285607849 4
      vertex 9.43642856925726 12.934157138424261 4
      vertex 9.43642856925726 12.934157138424261 3.8
    endloop
  endfacet
  facet normal 0 -1 0
    outer loop
      vertex 9.43642856925726 12.85714285607849 4
      vertex 9.43642856925726 12.85714285607849 3.8
      vertex 10.100500002503395 12.85714285607849 4
    endloop
  endfacet
  facet normal -0.1550796194018756 0.9879019747151888 0
    outer loop
      vertex 9.43642856925726 12.934157138424261 4
      vertex 9.686371430754662 12.97339285697256 4
      vertex 9.686371430754662 12.97339285697256 3.8
    endloop
  endfacet
  facet normal 0 0 1
    outer loop
      vertex 9.43642856925726 12.85714285607849 4
      vertex 9.686371430754662 12.97339285697256 4
      vertex 9.43642856925726 12.934157138424261 4
    endloop
  endfacet
  facet normal 0.1483483901978837 0.9889351622455824 0
    outer loop
      vertex 9.838942855596542 12.97339285697256 4
      vertex 10.100500002503395 12.934157138424261 4
      vertex 10.100500002503395 12.934157138424261 3.8
    endloop
  endfacet
  facet normal 0 0 1
    outer loop
      vertex 9.43642856925726 12.85714285607849 4
      vertex 10.100500002503395 12.85714285607849 4
      vertex 9.686371430754662 12.97339285697256 4
    endloop
  endfacet
  facet normal 0 0 1
    outer loop
      vertex 9.686371430754662 12.97339285697256 4
      vertex 10.100500002503395 12.85714285607849 4
      vertex 9.838942855596542 12.97339285697256 4
    endloop
  endfacet
  facet normal 0 0 1
    outer loop
      vertex 9.838942855596542 12.97339285697256 4
      vertex 10.100500002503395 12.85714285607849 4
      vertex 10.100500002503395 12.934157138424261 4
    endloop
  endfacet
  facet normal 0.12884800340871647 -0.991664354515976 0
    outer loop
      vertex 8.830198213458061 13.660350000219687 4
      vertex 8.53102856874466 13.621478570359095 3.8
      vertex 8.830198213458061 13.660350000219687 3.8
    endloop
  endfacet
  facet normal -0.4903726803697502 0.8715128423304997 0
    outer loop
      vertex 8.676158927381039 13.780248215155943 4
      vertex 8.825285717844963 13.864157138126238 3.8
      vertex 8.676158927381039 13.780248215155943 3.8
    endloop
  endfacet
  facet normal 0.46780180673880206 -0.8838333947141352 0
    outer loop
      vertex 9.050521425902843 13.776964282350882 4
      vertex 8.830198213458061 13.660350000219687 3.8
      vertex 9.050521425902843 13.776964282350882 3.8
    endloop
  endfacet
  facet normal -0.8588969921598518 0.5121483738710487 0
    outer loop
      vertex 8.825285717844963 13.864157138126238 4
      vertex 8.913019642233849 14.011291069643839 3.8
      vertex 8.825285717844963 13.864157138126238 3.8
    endloop
  endfacet
  facet normal 0.8158674146581435 -0.578239017793712 0
    outer loop
      vertex 9.186212502419949 13.968417858438833 4
      vertex 9.050521425902843 13.776964282350882 3.8
      vertex 9.186212502419949 13.968417858438833 3.8
    endloop
  endfacet
  facet normal 0.12884800340871647 -0.991664354515976 0
    outer loop
      vertex 8.53102856874466 13.621478570359095 4
      vertex 8.53102856874466 13.621478570359095 3.8
      vertex 8.830198213458061 13.660350000219687 4
    endloop
  endfacet
  facet normal -0.4903726803697502 0.8715128423304997 0
    outer loop
      vertex 8.676158927381039 13.780248215155943 4
      vertex 8.825285717844963 13.864157138126238 4
      vertex 8.825285717844963 13.864157138126238 3.8
    endloop
  endfacet
  facet normal 0.46780180673880206 -0.8838333947141352 0
    outer loop
      vertex 8.830198213458061 13.660350000219687 4
      vertex 8.830198213458061 13.660350000219687 3.8
      vertex 9.050521425902843 13.776964282350882 4
    endloop
  endfacet
  facet normal -0.8588969921598518 0.5121483738710487 0
    outer loop
      vertex 8.825285717844963 13.864157138126238 4
      vertex 8.913019642233849 14.011291069643839 4
      vertex 8.913019642233849 14.011291069643839 3.8
    endloop
  endfacet
  facet normal 0 0 1
    outer loop
      vertex 8.53102856874466 13.621478570359095 4
      vertex 8.830198213458061 13.660350000219687 4
      vertex 8.676158927381039 13.780248215155943 4
    endloop
  endfacet
  facet normal 0 0 1
    outer loop
      vertex 8.676158927381039 13.780248215155943 4
      vertex 8.830198213458061 13.660350000219687 4
      vertex 8.825285717844963 13.864157138126238 4
    endloop
  endfacet
  facet normal 0 0 1
    outer loop
      vertex 8.830198213458061 13.660350000219687 4
      vertex 9.050521425902843 13.776964282350882 4
      vertex 8.825285717844963 13.864157138126238 4
    endloop
  endfacet
  facet normal 0 0 1
    outer loop
      vertex 8.825285717844963 13.864157138126238 4
      vertex 9.050521425902843 13.776964282350882 4
      vertex 8.913019642233849 14.011291069643839 4
    endloop
  endfacet
  facet normal 0.8158674146581435 -0.578239017793712 0
    outer loop
      vertex 9.050521425902843 13.776964282350882 4
      vertex 9.050521425902843 13.776964282350882 3.8
      vertex 9.186212502419949 13.968417858438833 4
    endloop
  endfacet
  facet normal 0.9855736685507777 -0.16924699069514268 0
    outer loop
      vertex 9.186212502419949 13.968417858438833 4
      vertex 9.186212502419949 13.968417858438833 3.8
      vertex 9.231442853808403 14.231807140367373 4
    endloop
  endfacet
  facet normal 0 0 1
    outer loop
      vertex 8.913019642233849 14.011291069643839 4
      vertex 9.050521425902843 13.776964282350882 4
      vertex 9.186212502419949 13.968417858438833 4
    endloop
  endfacet
  facet normal -0.9910894849756351 0.13319772059134644 0
    outer loop
      vertex 8.913019642233849 14.011291069643839 4
      vertex 8.942264288663864 14.228892853217467 3.8
      vertex 8.913019642233849 14.011291069643839 3.8
    endloop
  endfacet
  facet normal -0.8532431466042406 -0.5215133102547759 0
    outer loop
      vertex 8.91428928822279 14.43450535620962 4
      vertex 8.830364286899567 14.571814281599863 3.8
      vertex 8.91428928822279 14.43450535620962 3.8
    endloop
  endfacet
  facet normal -0.9908708118907322 -0.13481481425645025 0
    outer loop
      vertex 8.942264288663864 14.228892853217467 4
      vertex 8.91428928822279 14.43450535620962 3.8
      vertex 8.942264288663864 14.228892853217467 3.8
    endloop
  endfacet
  facet normal 0.2585167464301263 0.9660067762780868 0
    outer loop
      vertex 8.516500003635883 14.805792858558043 4
      vertex 9.052707143127918 14.66229642714773 3.8
      vertex 8.516500003635883 14.805792858558043 3.8
    endloop
  endfacet
  facet normal -0.45841252202859184 -0.8887395341985107 0
    outer loop
      vertex 8.830364286899567 14.571814281599863 4
      vertex 8.680337503552437 14.64919820960079 3.8
      vertex 8.830364286899567 14.571814281599863 3.8
    endloop
  endfacet
  facet normal 0.9235597215140388 0.38345461373793793 0
    outer loop
      vertex 9.052707143127918 14.66229642714773 4
      vertex 9.231442853808403 14.231807140367373 3.8
      vertex 9.052707143127918 14.66229642714773 3.8
    endloop
  endfacet
  facet normal 0.9855736685507777 -0.16924699069514268 0
    outer loop
      vertex 9.231442853808403 14.231807140367373 4
      vertex 9.186212502419949 13.968417858438833 3.8
      vertex 9.231442853808403 14.231807140367373 3.8
    endloop
  endfacet
  facet normal -0.9910894849756351 0.13319772059134644 0
    outer loop
      vertex 8.913019642233849 14.011291069643839 4
      vertex 8.942264288663864 14.228892853217467 4
      vertex 8.942264288663864 14.228892853217467 3.8
    endloop
  endfacet
  facet normal -0.8532431466042406 -0.5215133102547759 0
    outer loop
      vertex 8.91428928822279 14.43450535620962 4
      vertex 8.830364286899567 14.571814281599863 4
      vertex 8.830364286899567 14.571814281599863 3.8
    endloop
  endfacet
  facet normal -0.9908708118907322 -0.13481481425645025 0
    outer loop
      vertex 8.942264288663864 14.228892853217467 4
      vertex 8.91428928822279 14.43450535620962 4
      vertex 8.91428928822279 14.43450535620962 3.8
    endloop
  endfacet
  facet normal -0.45841252202859184 -0.8887395341985107 0
    outer loop
      vertex 8.830364286899567 14.571814281599863 4
      vertex 8.680337503552437 14.64919820960079 4
      vertex 8.680337503552437 14.64919820960079 3.8
    endloop
  endfacet
  facet normal 0.2585167464301263 0.9660067762780868 0
    outer loop
      vertex 8.516500003635883 14.805792858558043 4
      vertex 9.052707143127918 14.66229642714773 4
      vertex 9.052707143127918 14.66229642714773 3.8
    endloop
  endfacet
  facet normal 0 0 1
    outer loop
      vertex 8.516500003635883 14.805792858558043 4
      vertex 8.680337503552437 14.64919820960079 4
      vertex 9.052707143127918 14.66229642714773 4
    endloop
  endfacet
  facet normal 0 0 1
    outer loop
      vertex 8.830364286899567 14.571814281599863 4
      vertex 9.052707143127918 14.66229642714773 4
      vertex 8.680337503552437 14.64919820960079 4
    endloop
  endfacet
  facet normal 0 0 1
    outer loop
      vertex 8.91428928822279 14.43450535620962 4
      vertex 9.052707143127918 14.66229642714773 4
      vertex 8.830364286899567 14.571814281599863 4
    endloop
  endfacet
  facet normal 0.9235597215140388 0.38345461373793793 0
    outer loop
      vertex 9.231442853808403 14.231807140367373 4
      vertex 9.231442853808403 14.231807140367373 3.8
      vertex 9.052707143127918 14.66229642714773 4
    endloop
  endfacet
  facet normal 0 0 1
    outer loop
      vertex 8.913019642233849 14.011291069643839 4
      vertex 9.186212502419949 13.968417858438833 4
      vertex 8.942264288663864 14.228892853217467 4
    endloop
  endfacet
  facet normal 0 0 1
    outer loop
      vertex 8.942264288663864 14.228892853217467 4
      vertex 9.186212502419949 13.968417858438833 4
      vertex 9.231442853808403 14.231807140367373 4
    endloop
  endfacet
  facet normal 0 0 1
    outer loop
      vertex 8.942264288663864 14.228892853217467 4
      vertex 9.231442853808403 14.231807140367373 4
      vertex 8.91428928822279 14.43450535620962 4
    endloop
  endfacet
  facet normal 0 0 1
    outer loop
      vertex 9.231442853808403 14.231807140367373 4
      vertex 9.052707143127918 14.66229642714773 4
      vertex 8.91428928822279 14.43450535620962 4
    endloop
  endfacet
  facet normal -1 0 0
    outer loop
      vertex 9.686371430754662 12.97339285697256 4
      vertex 9.686371430754662 14.690978569643839 4
      vertex 9.686371430754662 12.97339285697256 3.8
    endloop
  endfacet
  facet normal 1 0 0
    outer loop
      vertex 9.838942855596542 12.97339285697256 4
      vertex 9.838942855596542 12.97339285697256 3.8
      vertex 9.838942855596542 14.609614288168295 4
    endloop
  endfacet
  facet normal 0 0 1
    outer loop
      vertex 9.686371430754662 12.97339285697256 4
      vertex 9.838942855596542 12.97339285697256 4
      vertex 9.838942855596542 14.609614288168295 4
    endloop
  endfacet
  facet normal -1 0 0
    outer loop
      vertex 9.686371430754662 14.690978569643839 4
      vertex 9.686371430754662 14.690978569643839 3.8
      vertex 9.686371430754662 12.97339285697256 3.8
    endloop
  endfacet
  facet normal -1 0 0
    outer loop
      vertex 9.43642856925726 14.72877856876169 4
      vertex 9.43642856925726 14.805792858558043 3.8
      vertex 9.43642856925726 14.72877856876169 3.8
    endloop
  endfacet
  facet normal -0.14953416490776222 -0.9887565592830917 0
    outer loop
      vertex 9.686371430754662 14.690978569643839 4
      vertex 9.43642856925726 14.72877856876169 3.8
      vertex 9.686371430754662 14.690978569643839 3.8
    endloop
  endfacet
  facet normal 0 1 0
    outer loop
      vertex 9.43642856925726 14.805792858558043 4
      vertex 10.026399999856949 14.805792858558043 3.8
      vertex 9.43642856925726 14.805792858558043 3.8
    endloop
  endfacet
  facet normal 1 0 0
    outer loop
      vertex 9.838942855596542 14.609614288168295 4
      vertex 9.838942855596542 12.97339285697256 3.8
      vertex 9.838942855596542 14.609614288168295 3.8
    endloop
  endfacet
  facet normal -0.14953416490776222 -0.9887565592830917 0
    outer loop
      vertex 9.43642856925726 14.72877856876169 4
      vertex 9.43642856925726 14.72877856876169 3.8
      vertex 9.686371430754662 14.690978569643839 4
    endloop
  endfacet
  facet normal -1 0 0
    outer loop
      vertex 9.43642856925726 14.72877856876169 4
      vertex 9.43642856925726 14.805792858558043 4
      vertex 9.43642856925726 14.805792858558043 3.8
    endloop
  endfacet
  facet normal 0 0 1
    outer loop
      vertex 9.43642856925726 14.72877856876169 4
      vertex 9.686371430754662 14.690978569643839 4
      vertex 9.43642856925726 14.805792858558043 4
    endloop
  endfacet
  facet normal 0 0 1
    outer loop
      vertex 9.686371430754662 12.97339285697256 4
      vertex 9.838942855596542 14.609614288168295 4
      vertex 9.686371430754662 14.690978569643839 4
    endloop
  endfacet
  facet normal 0 1 0
    outer loop
      vertex 9.43642856925726 14.805792858558043 4
      vertex 10.026399999856949 14.805792858558043 4
      vertex 10.026399999856949 14.805792858558043 3.8
    endloop
  endfacet
  facet normal 0 0 1
    outer loop
      vertex 9.838942855596542 14.609614288168295 4
      vertex 10.026399999856949 14.805792858558043 4
      vertex 9.686371430754662 14.690978569643839 4
    endloop
  endfacet
  facet normal 0 0 1
    outer loop
      vertex 9.43642856925726 14.805792858558043 4
      vertex 9.686371430754662 14.690978569643839 4
      vertex 10.026399999856949 14.805792858558043 4
    endloop
  endfacet
  facet normal 1 0 0
    outer loop
      vertex 10.100500002503395 12.934157138424261 4
      vertex 10.100500002503395 12.85714285607849 3.8
      vertex 10.100500002503395 12.934157138424261 3.8
    endloop
  endfacet
  facet normal 1 0 0
    outer loop
      vertex 10.100500002503395 12.85714285607849 4
      vertex 10.100500002503395 12.85714285607849 3.8
      vertex 10.100500002503395 12.934157138424261 4
    endloop
  endfacet
  facet normal 0 -1 0
    outer loop
      vertex 11.181635715067387 12.85714285607849 4
      vertex 11.040678568184376 12.85714285607849 3.8
      vertex 11.181635715067387 12.85714285607849 3.8
    endloop
  endfacet
  facet normal 0 -1 0
    outer loop
      vertex 11.040678568184376 12.85714285607849 4
      vertex 11.040678568184376 12.85714285607849 3.8
      vertex 11.181635715067387 12.85714285607849 4
    endloop
  endfacet
  facet normal -0.8247198489429802 -0.5655414845610071 0
    outer loop
      vertex 11.040678568184376 12.85714285607849 4
      vertex 9.838942855596542 14.609614288168295 3.8
      vertex 11.040678568184376 12.85714285607849 3.8
    endloop
  endfacet
  facet normal -0.8247198489429802 -0.5655414845610071 0
    outer loop
      vertex 9.838942855596542 14.609614288168295 4
      vertex 9.838942855596542 14.609614288168295 3.8
      vertex 11.040678568184376 12.85714285607849 4
    endloop
  endfacet
  facet normal 0 0 1
    outer loop
      vertex 9.838942855596542 14.609614288168295 4
      vertex 11.040678568184376 12.85714285607849 4
      vertex 11.181635715067387 12.85714285607849 4
    endloop
  endfacet
  facet normal 0.8212128117190913 0.5706220446744275 0
    outer loop
      vertex 11.029042854905128 13.362835710602148 4
      vertex 11.029042854905128 13.362835710602148 3.8
      vertex 10.026399999856949 14.805792858558043 4
    endloop
  endfacet
  facet normal 0 0 1
    outer loop
      vertex 9.838942855596542 14.609614288168295 4
      vertex 11.181635715067387 12.85714285607849 4
      vertex 11.029042854905128 13.362835710602148 4
    endloop
  endfacet
  facet normal 0.8212128117190913 0.5706220446744275 0
    outer loop
      vertex 10.026399999856949 14.805792858558043 4
      vertex 11.029042854905128 13.362835710602148 3.8
      vertex 10.026399999856949 14.805792858558043 3.8
    endloop
  endfacet
  facet normal -1 0 0
    outer loop
      vertex 10.767485715448856 14.72877856876169 4
      vertex 10.767485715448856 14.805792858558043 3.8
      vertex 10.767485715448856 14.72877856876169 3.8
    endloop
  endfacet
  facet normal 0 0 1
    outer loop
      vertex 9.838942855596542 14.609614288168295 4
      vertex 11.029042854905128 13.362835710602148 4
      vertex 10.026399999856949 14.805792858558043 4
    endloop
  endfacet
  facet normal -1 0 0
    outer loop
      vertex 10.767485715448856 14.72877856876169 4
      vertex 10.767485715448856 14.805792858558043 4
      vertex 10.767485715448856 14.805792858558043 3.8
    endloop
  endfacet
  facet normal -1 0 0
    outer loop
      vertex 11.029042854905128 13.362835710602148 4
      vertex 11.029042854905128 14.690978569643839 3.8
      vertex 11.029042854905128 13.362835710602148 3.8
    endloop
  endfacet
  facet normal 0 0 1
    outer loop
      vertex 11.029042854905128 13.362835710602148 4
      vertex 11.181635715067387 12.85714285607849 4
      vertex 11.181635715067387 14.690978569643839 4
    endloop
  endfacet
  facet normal 1 0 0
    outer loop
      vertex 11.181635715067387 12.85714285607849 4
      vertex 11.181635715067387 12.85714285607849 3.8
      vertex 11.181635715067387 14.690978569643839 4
    endloop
  endfacet
  facet normal -0.14303312796849924 -0.9897179013757136 0
    outer loop
      vertex 11.029042854905128 14.690978569643839 4
      vertex 10.767485715448856 14.72877856876169 3.8
      vertex 11.029042854905128 14.690978569643839 3.8
    endloop
  endfacet
  facet normal 0 1 0
    outer loop
      vertex 10.767485715448856 14.805792858558043 4
      vertex 11.431578569114208 14.805792858558043 3.8
      vertex 10.767485715448856 14.805792858558043 3.8
    endloop
  endfacet
  facet normal 1 0 0
    outer loop
      vertex 11.181635715067387 14.690978569643839 4
      vertex 11.181635715067387 12.85714285607849 3.8
      vertex 11.181635715067387 14.690978569643839 3.8
    endloop
  endfacet
  facet normal 0.1495341692655751 -0.9887565586240399 0
    outer loop
      vertex 11.431578569114208 14.72877856876169 4
      vertex 11.181635715067387 14.690978569643839 3.8
      vertex 11.431578569114208 14.72877856876169 3.8
    endloop
  endfacet
  facet normal 1 0 0
    outer loop
      vertex 11.431578569114208 14.805792858558043 4
      vertex 11.431578569114208 14.72877856876169 3.8
      vertex 11.431578569114208 14.805792858558043 3.8
    endloop
  endfacet
  facet normal -1 0 0
    outer loop
      vertex 11.029042854905128 13.362835710602148 4
      vertex 11.029042854905128 14.690978569643839 4
      vertex 11.029042854905128 14.690978569643839 3.8
    endloop
  endfacet
  facet normal 0 0 1
    outer loop
      vertex 11.029042854905128 13.362835710602148 4
      vertex 11.181635715067387 14.690978569643839 4
      vertex 11.029042854905128 14.690978569643839 4
    endloop
  endfacet
  facet normal -0.14303312796849924 -0.9897179013757136 0
    outer loop
      vertex 10.767485715448856 14.72877856876169 4
      vertex 10.767485715448856 14.72877856876169 3.8
      vertex 11.029042854905128 14.690978569643839 4
    endloop
  endfacet
  facet normal 0 0 1
    outer loop
      vertex 10.767485715448856 14.72877856876169 4
      vertex 11.029042854905128 14.690978569643839 4
      vertex 10.767485715448856 14.805792858558043 4
    endloop
  endfacet
  facet normal 0 0 1
    outer loop
      vertex 10.767485715448856 14.805792858558043 4
      vertex 11.029042854905128 14.690978569643839 4
      vertex 11.181635715067387 14.690978569643839 4
    endloop
  endfacet
  facet normal 0 0 1
    outer loop
      vertex 10.767485715448856 14.805792858558043 4
      vertex 11.181635715067387 14.690978569643839 4
      vertex 11.431578569114208 14.805792858558043 4
    endloop
  endfacet
  facet normal 0.1495341692655751 -0.9887565586240399 0
    outer loop
      vertex 11.181635715067387 14.690978569643839 4
      vertex 11.181635715067387 14.690978569643839 3.8
      vertex 11.431578569114208 14.72877856876169 4
    endloop
  endfacet
  facet normal 0 1 0
    outer loop
      vertex 10.767485715448856 14.805792858558043 4
      vertex 11.431578569114208 14.805792858558043 4
      vertex 11.431578569114208 14.805792858558043 3.8
    endloop
  endfacet
  facet normal 1 0 0
    outer loop
      vertex 11.431578569114208 14.72877856876169 4
      vertex 11.431578569114208 14.72877856876169 3.8
      vertex 11.431578569114208 14.805792858558043 4
    endloop
  endfacet
  facet normal 0 0 1
    outer loop
      vertex 11.181635715067387 14.690978569643839 4
      vertex 11.431578569114208 14.72877856876169 4
      vertex 11.431578569114208 14.805792858558043 4
    endloop
  endfacet
  facet normal -1 0 0
    outer loop
      vertex 1.756143569946289 21.428571430700167 4
      vertex 1.756143569946289 21.56719714190279 3.8
      vertex 1.756143569946289 21.428571430700167 3.8
    endloop
  endfacet
  facet normal -1 0 0
    outer loop
      vertex 1.756143569946289 21.428571430700167 4
      vertex 1.756143569946289 21.56719714190279 4
      vertex 1.756143569946289 21.56719714190279 3.8
    endloop
  endfacet
  facet normal 0 -1 0
    outer loop
      vertex 1.756143569946289 21.428571430700167 4
      vertex 1.756143569946289 21.428571430700167 3.8
      vertex 2.9514721408486366 21.428571430700167 4
    endloop
  endfacet
  facet normal 0 0 1
    outer loop
      vertex 1.756143569946289 21.428571430700167 4
      vertex 2.2060407176613808 21.63782143379961 4
      vertex 1.756143569946289 21.56719714190279 4
    endloop
  endfacet
  facet normal -0.15507961721109215 0.9879019750590952 0
    outer loop
      vertex 1.756143569946289 21.56719714190279 4
      vertex 2.2060407176613808 21.63782143379961 3.8
      vertex 1.756143569946289 21.56719714190279 3.8
    endloop
  endfacet
  facet normal -0.15507961721109215 0.9879019750590952 0
    outer loop
      vertex 1.756143569946289 21.56719714190279 4
      vertex 2.2060407176613808 21.63782143379961 4
      vertex 2.2060407176613808 21.63782143379961 3.8
    endloop
  endfacet
  facet normal 0 -1 0
    outer loop
      vertex 2.9514721408486366 21.428571430700167 4
      vertex 1.756143569946289 21.428571430700167 3.8
      vertex 2.9514721408486366 21.428571430700167 3.8
    endloop
  endfacet
  facet normal 0 0 1
    outer loop
      vertex 1.756143569946289 21.428571430700167 4
      vertex 2.9514721408486366 21.428571430700167 4
      vertex 2.2060407176613808 21.63782143379961 4
    endloop
  endfacet
  facet normal 0 0 1
    outer loop
      vertex 2.480669282376766 21.63782143379961 4
      vertex 2.9514721408486366 21.428571430700167 4
      vertex 2.9514721408486366 21.56719714190279 4
    endloop
  endfacet
  facet normal 0.14834838897352456 0.9889351624292464 0
    outer loop
      vertex 2.480669282376766 21.63782143379961 4
      vertex 2.9514721408486366 21.56719714190279 3.8
      vertex 2.480669282376766 21.63782143379961 3.8
    endloop
  endfacet
  facet normal 0.14834838897352456 0.9889351624292464 0
    outer loop
      vertex 2.480669282376766 21.63782143379961 4
      vertex 2.9514721408486366 21.56719714190279 4
      vertex 2.9514721408486366 21.56719714190279 3.8
    endloop
  endfacet
  facet normal 0 0 1
    outer loop
      vertex 2.2060407176613808 21.63782143379961 4
      vertex 2.9514721408486366 21.428571430700167 4
      vertex 2.480669282376766 21.63782143379961 4
    endloop
  endfacet
  facet normal 1 0 0
    outer loop
      vertex 2.9514721408486366 21.56719714190279 4
      vertex 2.9514721408486366 21.428571430700167 3.8
      vertex 2.9514721408486366 21.56719714190279 3.8
    endloop
  endfacet
  facet normal 1 0 0
    outer loop
      vertex 2.9514721408486366 21.428571430700167 4
      vertex 2.9514721408486366 21.428571430700167 3.8
      vertex 2.9514721408486366 21.56719714190279 4
    endloop
  endfacet
  facet normal -0.9200506876160017 -0.39179935198685867 0
    outer loop
      vertex 3.7649435698986053 21.428571430700167 4
      vertex 2.480669282376766 24.4443942883185 3.8
      vertex 3.7649435698986053 21.428571430700167 3.8
    endloop
  endfacet
  facet normal 0 0 1
    outer loop
      vertex 2.480669282376766 24.4443942883185 4
      vertex 3.7649435698986053 21.428571430700167 4
      vertex 3.856473572552204 21.428571430700167 4
    endloop
  endfacet
  facet normal 0 -1 0
    outer loop
      vertex 3.856473572552204 21.428571430700167 4
      vertex 3.7649435698986053 21.428571430700167 3.8
      vertex 3.856473572552204 21.428571430700167 3.8
    endloop
  endfacet
  facet normal 0 -1 0
    outer loop
      vertex 3.7649435698986053 21.428571430700167 4
      vertex 3.7649435698986053 21.428571430700167 3.8
      vertex 3.856473572552204 21.428571430700167 4
    endloop
  endfacet
  facet normal -1 0 0
    outer loop
      vertex 4.785042144358158 21.428571430700167 4
      vertex 4.785042144358158 21.56719714190279 3.8
      vertex 4.785042144358158 21.428571430700167 3.8
    endloop
  endfacet
  facet normal -1 0 0
    outer loop
      vertex 4.785042144358158 21.428571430700167 4
      vertex 4.785042144358158 21.56719714190279 4
      vertex 4.785042144358158 21.56719714190279 3.8
    endloop
  endfacet
  facet normal 0 0 1
    outer loop
      vertex 4.785042144358158 21.428571430700167 4
      vertex 5.2558450028300285 21.63782143379961 4
      vertex 4.785042144358158 21.56719714190279 4
    endloop
  endfacet
  facet normal -0.14834838897352456 0.9889351624292464 0
    outer loop
      vertex 4.785042144358158 21.56719714190279 4
      vertex 5.2558450028300285 21.63782143379961 3.8
      vertex 4.785042144358158 21.56719714190279 3.8
    endloop
  endfacet
  facet normal 0.9071045324858409 -0.4209054135356828 0
    outer loop
      vertex 3.856473572552204 21.428571430700167 4
      vertex 3.856473572552204 21.428571430700167 3.8
      vertex 5.2558450028300285 24.4443942883185 4
    endloop
  endfacet
  facet normal 0 -1 0
    outer loop
      vertex 6.207942143082619 21.428571430700167 4
      vertex 4.785042144358158 21.428571430700167 3.8
      vertex 6.207942143082619 21.428571430700167 3.8
    endloop
  endfacet
  facet normal 0 -1 0
    outer loop
      vertex 4.785042144358158 21.428571430700167 4
      vertex 4.785042144358158 21.428571430700167 3.8
      vertex 6.207942143082619 21.428571430700167 4
    endloop
  endfacet
  facet normal 0 0 1
    outer loop
      vertex 4.785042144358158 21.428571430700167 4
      vertex 6.207942143082619 21.428571430700167 4
      vertex 5.2558450028300285 21.63782143379961 4
    endloop
  endfacet
  facet normal -0.14834838897352456 0.9889351624292464 0
    outer loop
      vertex 4.785042144358158 21.56719714190279 4
      vertex 5.2558450028300285 21.63782143379961 4
      vertex 5.2558450028300285 21.63782143379961 3.8
    endloop
  endfacet
  facet normal 0 0 1
    outer loop
      vertex 5.2558450028300285 21.63782143379961 4
      vertex 6.207942143082619 21.428571430700167 4
      vertex 5.758045002818108 21.63782143379961 4
    endloop
  endfacet
  facet normal -0.9596305881576274 -0.28126346060632557 0
    outer loop
      vertex 1.2600610703229904 26.023430360215052 4
      vertex 1.2168313339352608 26.170924020665034 3.8
      vertex 1.2600610703229904 26.023430360215052 3.8
    endloop
  endfacet
  facet normal -0.9958849468570763 -0.09062655584031858 0
    outer loop
      vertex 1.2168313339352608 26.170924020665034 4
      vertex 1.2024214267730713 26.329272856669768 3.8
      vertex 1.2168313339352608 26.170924020665034 3.8
    endloop
  endfacet
  facet normal -0.8845589399401486 -0.46642843156475855 0
    outer loop
      vertex 1.332110621035099 25.886791875319823 4
      vertex 1.2600610703229904 26.023430360215052 3.8
      vertex 1.332110621035099 25.886791875319823 3.8
    endloop
  endfacet
  facet normal -0.780133895529523 -0.6256125838295864 0
    outer loop
      vertex 1.4329799935221672 25.761008573429926 4
      vertex 1.332110621035099 25.886791875319823 3.8
      vertex 1.4329799935221672 25.761008573429926 3.8
    endloop
  endfacet
  facet normal -0.9596305881576274 -0.28126346060632557 0
    outer loop
      vertex 1.2600610703229904 26.023430360215052 4
      vertex 1.2168313339352608 26.170924020665034 4
      vertex 1.2168313339352608 26.170924020665034 3.8
    endloop
  endfacet
  facet normal -0.8845589399401486 -0.46642843156475855 0
    outer loop
      vertex 1.2600610703229904 26.023430360215052 4
      vertex 1.2600610703229904 26.023430360215052 3.8
      vertex 1.332110621035099 25.886791875319823 4
    endloop
  endfacet
  facet normal -0.780133895529523 -0.6256125838295864 0
    outer loop
      vertex 1.332110621035099 25.886791875319823 4
      vertex 1.332110621035099 25.886791875319823 3.8
      vertex 1.4329799935221672 25.761008573429926 4
    endloop
  endfacet
  facet normal -1 0 0
    outer loop
      vertex 2.2060407176613808 21.63782143379961 4
      vertex 2.2060407176613808 24.729475719588144 3.8
      vertex 2.2060407176613808 21.63782143379961 3.8
    endloop
  endfacet
  facet normal 1 0 0
    outer loop
      vertex 2.480669282376766 21.63782143379961 4
      vertex 2.480669282376766 21.63782143379961 3.8
      vertex 2.480669282376766 24.4443942883185 4
    endloop
  endfacet
  facet normal 0 0 1
    outer loop
      vertex 2.2060407176613808 21.63782143379961 4
      vertex 2.480669282376766 21.63782143379961 4
      vertex 2.480669282376766 24.4443942883185 4
    endloop
  endfacet
  facet normal 1 0 0
    outer loop
      vertex 2.480669282376766 24.4443942883185 4
      vertex 2.480669282376766 21.63782143379961 3.8
      vertex 2.480669282376766 24.4443942883185 3.8
    endloop
  endfacet
  facet normal -1 0 0
    outer loop
      vertex 2.2060407176613808 21.63782143379961 4
      vertex 2.2060407176613808 24.729475719588144 4
      vertex 2.2060407176613808 24.729475719588144 3.8
    endloop
  endfacet
  facet normal 0 0 1
    outer loop
      vertex 2.2060407176613808 21.63782143379961 4
      vertex 2.480669282376766 24.4443942883185 4
      vertex 2.2060407176613808 24.729475719588144 4
    endloop
  endfacet
  facet normal -1 0 0
    outer loop
      vertex 1.756143569946289 24.797515718000277 4
      vertex 1.756143569946289 24.936141429202898 3.8
      vertex 1.756143569946289 24.797515718000277 3.8
    endloop
  endfacet
  facet normal -0.14953416587616508 -0.9887565591366358 0
    outer loop
      vertex 2.2060407176613808 24.729475719588144 4
      vertex 1.756143569946289 24.797515718000277 3.8
      vertex 2.2060407176613808 24.729475719588144 3.8
    endloop
  endfacet
  facet normal 0 1 0
    outer loop
      vertex 1.756143569946289 24.936141429202898 4
      vertex 2.81809214502573 24.936141429202898 3.8
      vertex 1.756143569946289 24.936141429202898 3.8
    endloop
  endfacet
  facet normal -1 0 0
    outer loop
      vertex 1.756143569946289 24.797515718000277 4
      vertex 1.756143569946289 24.936141429202898 4
      vertex 1.756143569946289 24.936141429202898 3.8
    endloop
  endfacet
  facet normal -0.14953416587616508 -0.9887565591366358 0
    outer loop
      vertex 1.756143569946289 24.797515718000277 4
      vertex 1.756143569946289 24.797515718000277 3.8
      vertex 2.2060407176613808 24.729475719588144 4
    endloop
  endfacet
  facet normal 0 0 1
    outer loop
      vertex 1.756143569946289 24.797515718000277 4
      vertex 2.2060407176613808 24.729475719588144 4
      vertex 1.756143569946289 24.936141429202898 4
    endloop
  endfacet
  facet normal -0.6513342759892324 -0.7587909204264257 0
    outer loop
      vertex 1.5556151792407036 25.65574044521366 4
      vertex 1.4329799935221672 25.761008573429926 3.8
      vertex 1.5556151792407036 25.65574044521366 3.8
    endloop
  endfacet
  facet normal -0.48047038574248874 -0.8770109511428372 0
    outer loop
      vertex 1.692863568663597 25.580548925059183 4
      vertex 1.5556151792407036 25.65574044521366 3.8
      vertex 1.692863568663597 25.580548925059183 3.8
    endloop
  endfacet
  facet normal -0.28477805539502665 -0.9585934796176255 0
    outer loop
      vertex 1.844725176692009 25.535434020417078 4
      vertex 1.692863568663597 25.580548925059183 3.8
      vertex 1.844725176692009 25.535434020417078 3.8
    endloop
  endfacet
  facet normal -0.08996747573780853 -0.9959447039416229 0
    outer loop
      vertex 2.0111999958753586 25.520395716386183 4
      vertex 1.844725176692009 25.535434020417078 3.8
      vertex 2.0111999958753586 25.520395716386183 3.8
    endloop
  endfacet
  facet normal 0.08997077482247488 -0.9959444059172397 0
    outer loop
      vertex 2.177668660879135 25.535434020417078 4
      vertex 2.0111999958753586 25.520395716386183 3.8
      vertex 2.177668660879135 25.535434020417078 3.8
    endloop
  endfacet
  facet normal -0.6513342759892324 -0.7587909204264257 0
    outer loop
      vertex 1.5556151792407036 25.65574044521366 4
      vertex 1.4329799935221672 25.761008573429926 4
      vertex 1.4329799935221672 25.761008573429926 3.8
    endloop
  endfacet
  facet normal -0.48047038574248874 -0.8770109511428372 0
    outer loop
      vertex 1.5556151792407036 25.65574044521366 4
      vertex 1.5556151792407036 25.65574044521366 3.8
      vertex 1.692863568663597 25.580548925059183 4
    endloop
  endfacet
  facet normal -0.28477805539502665 -0.9585934796176255 0
    outer loop
      vertex 1.692863568663597 25.580548925059183 4
      vertex 1.692863568663597 25.580548925059183 3.8
      vertex 1.844725176692009 25.535434020417078 4
    endloop
  endfacet
  facet normal 0 0 1
    outer loop
      vertex 1.2600610703229904 26.023430360215052 4
      vertex 2.805353030562401 26.49301848347698 4
      vertex 1.2168313339352608 26.170924020665034 4
    endloop
  endfacet
  facet normal -0.08996747573780853 -0.9959447039416229 0
    outer loop
      vertex 1.844725176692009 25.535434020417078 4
      vertex 1.844725176692009 25.535434020417078 3.8
      vertex 2.0111999958753586 25.520395716386183 4
    endloop
  endfacet
  facet normal 0.08997077482247488 -0.9959444059172397 0
    outer loop
      vertex 2.0111999958753586 25.520395716386183 4
      vertex 2.0111999958753586 25.520395716386183 3.8
      vertex 2.177668660879135 25.535434020417078 4
    endloop
  endfacet
  facet normal 0 0 1
    outer loop
      vertex 1.5556151792407036 25.65574044521366 4
      vertex 2.805353030562401 26.49301848347698 4
      vertex 1.4329799935221672 25.761008573429926 4
    endloop
  endfacet
  facet normal 0 0 1
    outer loop
      vertex 1.332110621035099 25.886791875319823 4
      vertex 1.4329799935221672 25.761008573429926 4
      vertex 2.805353030562401 26.49301848347698 4
    endloop
  endfacet
  facet normal 0 0 1
    outer loop
      vertex 1.2600610703229904 26.023430360215052 4
      vertex 1.332110621035099 25.886791875319823 4
      vertex 2.805353030562401 26.49301848347698 4
    endloop
  endfacet
  facet normal 0 0 1
    outer loop
      vertex 1.5556151792407036 25.65574044521366 4
      vertex 1.692863568663597 25.580548925059183 4
      vertex 2.805353030562401 26.49301848347698 4
    endloop
  endfacet
  facet normal 0 0 1
    outer loop
      vertex 1.692863568663597 25.580548925059183 4
      vertex 1.844725176692009 25.535434020417078 4
      vertex 2.805353030562401 26.49301848347698 4
    endloop
  endfacet
  facet normal 0 0 1
    outer loop
      vertex 2.2060407176613808 24.729475719588144 4
      vertex 2.480669282376766 24.4443942883185 4
      vertex 2.81809214502573 24.936141429202898 4
    endloop
  endfacet
  facet normal 0 1 0
    outer loop
      vertex 1.756143569946289 24.936141429202898 4
      vertex 2.81809214502573 24.936141429202898 4
      vertex 2.81809214502573 24.936141429202898 3.8
    endloop
  endfacet
  facet normal 0 0 1
    outer loop
      vertex 1.756143569946289 24.936141429202898 4
      vertex 2.2060407176613808 24.729475719588144 4
      vertex 2.81809214502573 24.936141429202898 4
    endloop
  endfacet
  facet normal 0.28480991136131767 -0.9585840153008802 0
    outer loop
      vertex 2.329511784017086 25.580548925059183 4
      vertex 2.177668660879135 25.535434020417078 3.8
      vertex 2.329511784017086 25.580548925059183 3.8
    endloop
  endfacet
  facet normal 0.48055333140987627 -0.8769655042650594 0
    outer loop
      vertex 2.466729372739792 25.65574044521366 4
      vertex 2.329511784017086 25.580548925059183 3.8
      vertex 2.466729372739792 25.65574044521366 3.8
    endloop
  endfacet
  facet normal 0.6514661873792978 -0.7586776698318473 0
    outer loop
      vertex 2.5893214270472527 25.761008573429926 4
      vertex 2.466729372739792 25.65574044521366 3.8
      vertex 2.5893214270472527 25.761008573429926 3.8
    endloop
  endfacet
  facet normal 0.7800033616536062 -0.6257753237457305 0
    outer loop
      vertex 2.690233923494816 25.886791875319823 4
      vertex 2.5893214270472527 25.761008573429926 3.8
      vertex 2.690233923494816 25.886791875319823 3.8
    endloop
  endfacet
  facet normal 0.8844766468456529 -0.46658446307680485 0
    outer loop
      vertex 2.7623142823576927 26.023430360215052 4
      vertex 2.690233923494816 25.886791875319823 3.8
      vertex 2.7623142823576927 26.023430360215052 3.8
    endloop
  endfacet
  facet normal 0.959598134720619 -0.2813741634207181 0
    outer loop
      vertex 2.8055624961853027 26.170924020665034 4
      vertex 2.7623142823576927 26.023430360215052 3.8
      vertex 2.8055624961853027 26.170924020665034 3.8
    endloop
  endfacet
  facet normal 0.28480991136131767 -0.9585840153008802 0
    outer loop
      vertex 2.177668660879135 25.535434020417078 4
      vertex 2.177668660879135 25.535434020417078 3.8
      vertex 2.329511784017086 25.580548925059183 4
    endloop
  endfacet
  facet normal 0.48055333140987627 -0.8769655042650594 0
    outer loop
      vertex 2.329511784017086 25.580548925059183 4
      vertex 2.329511784017086 25.580548925059183 3.8
      vertex 2.466729372739792 25.65574044521366 4
    endloop
  endfacet
  facet normal 0.6514661873792978 -0.7586776698318473 0
    outer loop
      vertex 2.466729372739792 25.65574044521366 4
      vertex 2.466729372739792 25.65574044521366 3.8
      vertex 2.5893214270472527 25.761008573429926 4
    endloop
  endfacet
  facet normal 0 0 1
    outer loop
      vertex 2.0111999958753586 25.520395716386183 4
      vertex 2.177668660879135 25.535434020417078 4
      vertex 2.5893214270472527 25.761008573429926 4
    endloop
  endfacet
  facet normal 0 0 1
    outer loop
      vertex 2.177668660879135 25.535434020417078 4
      vertex 2.329511784017086 25.580548925059183 4
      vertex 2.466729372739792 25.65574044521366 4
    endloop
  endfacet
  facet normal 0 0 1
    outer loop
      vertex 2.177668660879135 25.535434020417078 4
      vertex 2.466729372739792 25.65574044521366 4
      vertex 2.5893214270472527 25.761008573429926 4
    endloop
  endfacet
  facet normal 0 0 1
    outer loop
      vertex 2.0111999958753586 25.520395716386183 4
      vertex 2.5893214270472527 25.761008573429926 4
      vertex 2.690233923494816 25.886791875319823 4
    endloop
  endfacet
  facet normal 0 0 1
    outer loop
      vertex 1.844725176692009 25.535434020417078 4
      vertex 2.0111999958753586 25.520395716386183 4
      vertex 2.819978564977646 26.329272856669768 4
    endloop
  endfacet
  facet normal 0 0 1
    outer loop
      vertex 2.0111999958753586 25.520395716386183 4
      vertex 2.690233923494816 25.886791875319823 4
      vertex 2.7623142823576927 26.023430360215052 4
    endloop
  endfacet
  facet normal 0 0 1
    outer loop
      vertex 1.844725176692009 25.535434020417078 4
      vertex 2.819978564977646 26.329272856669768 4
      vertex 2.805353030562401 26.49301848347698 4
    endloop
  endfacet
  facet normal 0.7800033616536062 -0.6257753237457305 0
    outer loop
      vertex 2.5893214270472527 25.761008573429926 4
      vertex 2.5893214270472527 25.761008573429926 3.8
      vertex 2.690233923494816 25.886791875319823 4
    endloop
  endfacet
  facet normal 0.8844766468456529 -0.46658446307680485 0
    outer loop
      vertex 2.690233923494816 25.886791875319823 4
      vertex 2.690233923494816 25.886791875319823 3.8
      vertex 2.7623142823576927 26.023430360215052 4
    endloop
  endfacet
  facet normal 0.959598134720619 -0.2813741634207181 0
    outer loop
      vertex 2.7623142823576927 26.023430360215052 4
      vertex 2.7623142823576927 26.023430360215052 3.8
      vertex 2.8055624961853027 26.170924020665034 4
    endloop
  endfacet
  facet normal 0.995881448653207 -0.09066498898908082 0
    outer loop
      vertex 2.8055624961853027 26.170924020665034 4
      vertex 2.8055624961853027 26.170924020665034 3.8
      vertex 2.819978564977646 26.329272856669768 4
    endloop
  endfacet
  facet normal 0 0 1
    outer loop
      vertex 2.0111999958753586 25.520395716386183 4
      vertex 2.7623142823576927 26.023430360215052 4
      vertex 2.8055624961853027 26.170924020665034 4
    endloop
  endfacet
  facet normal 0 0 1
    outer loop
      vertex 2.0111999958753586 25.520395716386183 4
      vertex 2.8055624961853027 26.170924020665034 4
      vertex 2.819978564977646 26.329272856669768 4
    endloop
  endfacet
  facet normal -0.9960381215196841 0.08892727635286693 0
    outer loop
      vertex 1.2024214267730713 26.329272856669768 4
      vertex 1.2170407995581627 26.49301848347698 3.8
      vertex 1.2024214267730713 26.329272856669768 3.8
    endloop
  endfacet
  facet normal -0.9600030801340577 0.27998943932427584 0
    outer loop
      vertex 1.2170407995581627 26.49301848347698 4
      vertex 1.2608989253640175 26.6433953547052 3.8
      vertex 1.2170407995581627 26.49301848347698 3.8
    endloop
  endfacet
  facet normal -0.8822837421319202 0.47071796053443216 0
    outer loop
      vertex 1.2608989253640175 26.6433953547052 4
      vertex 1.3339958041906357 26.780403485255583 3.8
      vertex 1.2608989253640175 26.6433953547052 3.8
    endloop
  endfacet
  facet normal -0.7703533626061281 0.6376172023412099 0
    outer loop
      vertex 1.3339958041906357 26.780403485255583 4
      vertex 1.4363314285874367 26.904042860226973 3.8
      vertex 1.3339958041906357 26.780403485255583 3.8
    endloop
  endfacet
  facet normal -0.9958849468570763 -0.09062655584031858 0
    outer loop
      vertex 1.2168313339352608 26.170924020665034 4
      vertex 1.2024214267730713 26.329272856669768 4
      vertex 1.2024214267730713 26.329272856669768 3.8
    endloop
  endfacet
  facet normal -0.9960381215196841 0.08892727635286693 0
    outer loop
      vertex 1.2024214267730713 26.329272856669768 4
      vertex 1.2170407995581627 26.49301848347698 4
      vertex 1.2170407995581627 26.49301848347698 3.8
    endloop
  endfacet
  facet normal -0.9600030801340577 0.27998943932427584 0
    outer loop
      vertex 1.2170407995581627 26.49301848347698 4
      vertex 1.2608989253640175 26.6433953547052 4
      vertex 1.2608989253640175 26.6433953547052 3.8
    endloop
  endfacet
  facet normal 0 0 1
    outer loop
      vertex 1.2024214267730713 26.329272856669768 4
      vertex 1.4363314285874367 26.904042860226973 4
      vertex 1.2170407995581627 26.49301848347698 4
    endloop
  endfacet
  facet normal 0 0 1
    outer loop
      vertex 1.2170407995581627 26.49301848347698 4
      vertex 1.3339958041906357 26.780403485255583 4
      vertex 1.2608989253640175 26.6433953547052 4
    endloop
  endfacet
  facet normal -0.8822837421319202 0.47071796053443216 0
    outer loop
      vertex 1.2608989253640175 26.6433953547052 4
      vertex 1.3339958041906357 26.780403485255583 4
      vertex 1.3339958041906357 26.780403485255583 3.8
    endloop
  endfacet
  facet normal -0.7703533626061281 0.6376172023412099 0
    outer loop
      vertex 1.3339958041906357 26.780403485255583 4
      vertex 1.4363314285874367 26.904042860226973 4
      vertex 1.4363314285874367 26.904042860226973 3.8
    endloop
  endfacet
  facet normal 0 0 1
    outer loop
      vertex 1.2170407995581627 26.49301848347698 4
      vertex 1.4363314285874367 26.904042860226973 4
      vertex 1.3339958041906357 26.780403485255583 4
    endloop
  endfacet
  facet normal 0 0 1
    outer loop
      vertex 1.2024214267730713 26.329272856669768 4
      vertex 1.5600139275193214 27.00642160858427 4
      vertex 1.4363314285874367 26.904042860226973 4
    endloop
  endfacet
  facet normal -0.6376446661255578 0.7703306301593011 0
    outer loop
      vertex 1.4363314285874367 26.904042860226973 4
      vertex 1.5600139275193214 27.00642160858427 3.8
      vertex 1.4363314285874367 26.904042860226973 3.8
    endloop
  endfacet
  facet normal -0.470789982376509 0.8822453131039724 0
    outer loop
      vertex 1.5600139275193214 27.00642160858427 4
      vertex 1.697052851319313 27.079549288111075 3.8
      vertex 1.5600139275193214 27.00642160858427 3.8
    endloop
  endfacet
  facet normal -0.28006640742355104 0.9599806286758424 0
    outer loop
      vertex 1.697052851319313 27.079549288111075 4
      vertex 1.8474482148885727 27.12342589135681 3.8
      vertex 1.697052851319313 27.079549288111075 3.8
    endloop
  endfacet
  facet normal -0.0889611429355139 0.9960350972970816 0
    outer loop
      vertex 1.8474482148885727 27.12342589135681 4
      vertex 2.0111999958753586 27.138051425772055 3.8
      vertex 1.8474482148885727 27.12342589135681 3.8
    endloop
  endfacet
  facet normal 0.088964459969325 0.9960348010297463 0
    outer loop
      vertex 2.0111999958753586 27.138051425772055 4
      vertex 2.1749456226825714 27.12342589135681 3.8
      vertex 2.0111999958753586 27.138051425772055 3.8
    endloop
  endfacet
  facet normal 0 0 1
    outer loop
      vertex 1.2168313339352608 26.170924020665034 4
      vertex 2.585969999432564 26.904042860226973 4
      vertex 1.2024214267730713 26.329272856669768 4
    endloop
  endfacet
  facet normal -0.6376446661255578 0.7703306301593011 0
    outer loop
      vertex 1.4363314285874367 26.904042860226973 4
      vertex 1.5600139275193214 27.00642160858427 4
      vertex 1.5600139275193214 27.00642160858427 3.8
    endloop
  endfacet
  facet normal -0.470789982376509 0.8822453131039724 0
    outer loop
      vertex 1.5600139275193214 27.00642160858427 4
      vertex 1.697052851319313 27.079549288111075 4
      vertex 1.697052851319313 27.079549288111075 3.8
    endloop
  endfacet
  facet normal 0 0 1
    outer loop
      vertex 1.2024214267730713 26.329272856669768 4
      vertex 1.697052851319313 27.079549288111075 4
      vertex 1.5600139275193214 27.00642160858427 4
    endloop
  endfacet
  facet normal 0 0 1
    outer loop
      vertex 1.2024214267730713 26.329272856669768 4
      vertex 1.8474482148885727 27.12342589135681 4
      vertex 1.697052851319313 27.079549288111075 4
    endloop
  endfacet
  facet normal 0 0 1
    outer loop
      vertex 1.2024214267730713 26.329272856669768 4
      vertex 2.0111999958753586 27.138051425772055 4
      vertex 1.8474482148885727 27.12342589135681 4
    endloop
  endfacet
  facet normal 0 0 1
    outer loop
      vertex 1.2024214267730713 26.329272856669768 4
      vertex 2.1749456226825714 27.12342589135681 4
      vertex 2.0111999958753586 27.138051425772055 4
    endloop
  endfacet
  facet normal -0.28006640742355104 0.9599806286758424 0
    outer loop
      vertex 1.697052851319313 27.079549288111075 4
      vertex 1.8474482148885727 27.12342589135681 4
      vertex 1.8474482148885727 27.12342589135681 3.8
    endloop
  endfacet
  facet normal -0.0889611429355139 0.9960350972970816 0
    outer loop
      vertex 1.8474482148885727 27.12342589135681 4
      vertex 2.0111999958753586 27.138051425772055 4
      vertex 2.0111999958753586 27.138051425772055 3.8
    endloop
  endfacet
  facet normal 0.088964459969325 0.9960348010297463 0
    outer loop
      vertex 2.0111999958753586 27.138051425772055 4
      vertex 2.1749456226825714 27.12342589135681 4
      vertex 2.1749456226825714 27.12342589135681 3.8
    endloop
  endfacet
  facet normal 0 0 1
    outer loop
      vertex 1.2024214267730713 26.329272856669768 4
      vertex 2.3253224939107895 27.079549288111075 4
      vertex 2.1749456226825714 27.12342589135681 4
    endloop
  endfacet
  facet normal 0 0 1
    outer loop
      vertex 1.2024214267730713 26.329272856669768 4
      vertex 2.462330624461174 27.00642160858427 4
      vertex 2.3253224939107895 27.079549288111075 4
    endloop
  endfacet
  facet normal 0 0 1
    outer loop
      vertex 1.2024214267730713 26.329272856669768 4
      vertex 2.585969999432564 26.904042860226973 4
      vertex 2.462330624461174 27.00642160858427 4
    endloop
  endfacet
  facet normal 0.2800981462252175 0.9599713685736657 0
    outer loop
      vertex 2.1749456226825714 27.12342589135681 4
      vertex 2.3253224939107895 27.079549288111075 3.8
      vertex 2.1749456226825714 27.12342589135681 3.8
    endloop
  endfacet
  facet normal 0.47087233599042194 0.8822013620477601 0
    outer loop
      vertex 2.3253224939107895 27.079549288111075 4
      vertex 2.462330624461174 27.00642160858427 3.8
      vertex 2.3253224939107895 27.079549288111075 3.8
    endloop
  endfacet
  facet normal 0.6377766140372074 0.7702213906320929 0
    outer loop
      vertex 2.462330624461174 27.00642160858427 4
      vertex 2.585969999432564 26.904042860226973 3.8
      vertex 2.462330624461174 27.00642160858427 3.8
    endloop
  endfacet
  facet normal 0.995881448653207 -0.09066498898908082 0
    outer loop
      vertex 2.819978564977646 26.329272856669768 4
      vertex 2.8055624961853027 26.170924020665034 3.8
      vertex 2.819978564977646 26.329272856669768 3.8
    endloop
  endfacet
  facet normal 0.9960348010297463 0.088964459969325 0
    outer loop
      vertex 2.805353030562401 26.49301848347698 4
      vertex 2.819978564977646 26.329272856669768 3.8
      vertex 2.805353030562401 26.49301848347698 3.8
    endloop
  endfacet
  facet normal 0.9599713685736657 0.2800981462252175 0
    outer loop
      vertex 2.7614764273166656 26.6433953547052 4
      vertex 2.805353030562401 26.49301848347698 3.8
      vertex 2.7614764273166656 26.6433953547052 3.8
    endloop
  endfacet
  facet normal 0.7702213906320929 0.6377766140372074 0
    outer loop
      vertex 2.585969999432564 26.904042860226973 4
      vertex 2.6883487477898598 26.780403485255583 3.8
      vertex 2.585969999432564 26.904042860226973 3.8
    endloop
  endfacet
  facet normal 0.8822013620477601 0.47087233599042194 0
    outer loop
      vertex 2.6883487477898598 26.780403485255583 4
      vertex 2.7614764273166656 26.6433953547052 3.8
      vertex 2.6883487477898598 26.780403485255583 3.8
    endloop
  endfacet
  facet normal 0 0 1
    outer loop
      vertex 1.2168313339352608 26.170924020665034 4
      vertex 2.805353030562401 26.49301848347698 4
      vertex 2.7614764273166656 26.6433953547052 4
    endloop
  endfacet
  facet normal 0 0 1
    outer loop
      vertex 1.2168313339352608 26.170924020665034 4
      vertex 2.7614764273166656 26.6433953547052 4
      vertex 2.6883487477898598 26.780403485255583 4
    endloop
  endfacet
  facet normal 0 0 1
    outer loop
      vertex 1.2168313339352608 26.170924020665034 4
      vertex 2.6883487477898598 26.780403485255583 4
      vertex 2.585969999432564 26.904042860226973 4
    endloop
  endfacet
  facet normal 0.2800981462252175 0.9599713685736657 0
    outer loop
      vertex 2.1749456226825714 27.12342589135681 4
      vertex 2.3253224939107895 27.079549288111075 4
      vertex 2.3253224939107895 27.079549288111075 3.8
    endloop
  endfacet
  facet normal 0.47087233599042194 0.8822013620477601 0
    outer loop
      vertex 2.3253224939107895 27.079549288111075 4
      vertex 2.462330624461174 27.00642160858427 4
      vertex 2.462330624461174 27.00642160858427 3.8
    endloop
  endfacet
  facet normal 0.9960348010297463 0.088964459969325 0
    outer loop
      vertex 2.819978564977646 26.329272856669768 4
      vertex 2.819978564977646 26.329272856669768 3.8
      vertex 2.805353030562401 26.49301848347698 4
    endloop
  endfacet
  facet normal 0.8822013620477601 0.47087233599042194 0
    outer loop
      vertex 2.6883487477898598 26.780403485255583 4
      vertex 2.7614764273166656 26.6433953547052 4
      vertex 2.7614764273166656 26.6433953547052 3.8
    endloop
  endfacet
  facet normal 0.9599713685736657 0.2800981462252175 0
    outer loop
      vertex 2.805353030562401 26.49301848347698 4
      vertex 2.805353030562401 26.49301848347698 3.8
      vertex 2.7614764273166656 26.6433953547052 4
    endloop
  endfacet
  facet normal 0.6377766140372074 0.7702213906320929 0
    outer loop
      vertex 2.585969999432564 26.904042860226973 4
      vertex 2.585969999432564 26.904042860226973 3.8
      vertex 2.462330624461174 27.00642160858427 4
    endloop
  endfacet
  facet normal 0.7702213906320929 0.6377766140372074 0
    outer loop
      vertex 2.585969999432564 26.904042860226973 4
      vertex 2.6883487477898598 26.780403485255583 4
      vertex 2.6883487477898598 26.780403485255583 3.8
    endloop
  endfacet
  facet normal 0 0 1
    outer loop
      vertex 2.480669282376766 24.4443942883185 4
      vertex 3.856473572552204 21.428571430700167 4
      vertex 3.9584949985146523 22.26819428588663 4
    endloop
  endfacet
  facet normal 0.9195193624155465 0.39304470756252 0
    outer loop
      vertex 2.81809214502573 24.936141429202898 4
      vertex 3.9584949985146523 22.26819428588663 4
      vertex 3.9584949985146523 22.26819428588663 3.8
    endloop
  endfacet
  facet normal 0.9195193624155465 0.39304470756252 0
    outer loop
      vertex 2.81809214502573 24.936141429202898 4
      vertex 3.9584949985146523 22.26819428588663 3.8
      vertex 2.81809214502573 24.936141429202898 3.8
    endloop
  endfacet
  facet normal -0.9200506876160017 -0.39179935198685867 0
    outer loop
      vertex 2.480669282376766 24.4443942883185 4
      vertex 2.480669282376766 24.4443942883185 3.8
      vertex 3.7649435698986053 21.428571430700167 4
    endloop
  endfacet
  facet normal 0 0 1
    outer loop
      vertex 2.480669282376766 24.4443942883185 4
      vertex 3.9584949985146523 22.26819428588663 4
      vertex 2.81809214502573 24.936141429202898 4
    endloop
  endfacet
  facet normal -0.9061824704025152 0.42288690016976715 0
    outer loop
      vertex 3.9584949985146523 22.26819428588663 4
      vertex 5.203542143106461 24.936141429202898 3.8
      vertex 3.9584949985146523 22.26819428588663 3.8
    endloop
  endfacet
  facet normal 0 0 1
    outer loop
      vertex 3.856473572552204 21.428571430700167 4
      vertex 5.2558450028300285 24.4443942883185 4
      vertex 3.9584949985146523 22.26819428588663 4
    endloop
  endfacet
  facet normal 0.9071045324858409 -0.4209054135356828 0
    outer loop
      vertex 5.2558450028300285 24.4443942883185 4
      vertex 3.856473572552204 21.428571430700167 3.8
      vertex 5.2558450028300285 24.4443942883185 3.8
    endloop
  endfacet
  facet normal 0 0 1
    outer loop
      vertex 3.9584949985146523 22.26819428588663 4
      vertex 5.2558450028300285 24.4443942883185 4
      vertex 5.203542143106461 24.936141429202898 4
    endloop
  endfacet
  facet normal -0.9061824704025152 0.42288690016976715 0
    outer loop
      vertex 3.9584949985146523 22.26819428588663 4
      vertex 5.203542143106461 24.936141429202898 4
      vertex 5.203542143106461 24.936141429202898 3.8
    endloop
  endfacet
  facet normal -1 0 0
    outer loop
      vertex 5.2558450028300285 21.63782143379961 4
      vertex 5.2558450028300285 24.4443942883185 3.8
      vertex 5.2558450028300285 21.63782143379961 3.8
    endloop
  endfacet
  facet normal 0 0 1
    outer loop
      vertex 5.2558450028300285 21.63782143379961 4
      vertex 5.758045002818108 21.63782143379961 4
      vertex 5.2558450028300285 24.4443942883185 4
    endloop
  endfacet
  facet normal -1 0 0
    outer loop
      vertex 5.2558450028300285 21.63782143379961 4
      vertex 5.2558450028300285 24.4443942883185 4
      vertex 5.2558450028300285 24.4443942883185 3.8
    endloop
  endfacet
  facet normal 0 0 1
    outer loop
      vertex 5.758045002818108 21.63782143379961 4
      vertex 5.203542143106461 24.936141429202898 4
      vertex 5.2558450028300285 24.4443942883185 4
    endloop
  endfacet
  facet normal 0 0 1
    outer loop
      vertex 5.758045002818108 21.63782143379961 4
      vertex 5.758045002818108 24.729475719588144 4
      vertex 5.203542143106461 24.936141429202898 4
    endloop
  endfacet
  facet normal 0 1 0
    outer loop
      vertex 5.203542143106461 24.936141429202898 4
      vertex 6.207942143082619 24.936141429202898 3.8
      vertex 5.203542143106461 24.936141429202898 3.8
    endloop
  endfacet
  facet normal 0 0 1
    outer loop
      vertex 5.203542143106461 24.936141429202898 4
      vertex 5.758045002818108 24.729475719588144 4
      vertex 6.207942143082619 24.936141429202898 4
    endloop
  endfacet
  facet normal -0.8420930598784124 -0.5393322524238768 0
    outer loop
      vertex 6.096914283931255 17.37171428437744 4
      vertex 5.898560717701912 17.681416069822653 3.8
      vertex 6.096914283931255 17.37171428437744 3.8
    endloop
  endfacet
  facet normal -0.5211469809302269 -0.8534669438632697 0
    outer loop
      vertex 6.413698211312294 17.178278570728644 4
      vertex 6.096914283931255 17.37171428437744 3.8
      vertex 6.413698211312294 17.178278570728644 3.8
    endloop
  endfacet
  facet normal 0.897505460401379 0.4410033430142095 0
    outer loop
      vertex 6.181016072630882 17.723383923726423 4
      vertex 6.315614283084869 17.449457136648043 3.8
      vertex 6.181016072630882 17.723383923726423 3.8
    endloop
  endfacet
  facet normal 0.6059528668947072 0.7955005487754772 0
    outer loop
      vertex 6.315614283084869 17.449457136648043 4
      vertex 6.535948216915131 17.281623212354525 3.8
      vertex 6.315614283084869 17.449457136648043 3.8
    endloop
  endfacet
  facet normal -0.8420930598784124 -0.5393322524238768 0
    outer loop
      vertex 6.096914283931255 17.37171428437744 4
      vertex 5.898560717701912 17.681416069822653 4
      vertex 5.898560717701912 17.681416069822653 3.8
    endloop
  endfacet
  facet normal 0 0 1
    outer loop
      vertex 6.096914283931255 17.37171428437744 4
      vertex 6.181016072630882 17.723383923726423 4
      vertex 5.898560717701912 17.681416069822653 4
    endloop
  endfacet
  facet normal -0.5211469809302269 -0.8534669438632697 0
    outer loop
      vertex 6.096914283931255 17.37171428437744 4
      vertex 6.096914283931255 17.37171428437744 3.8
      vertex 6.413698211312294 17.178278570728644 4
    endloop
  endfacet
  facet normal 0.6059528668947072 0.7955005487754772 0
    outer loop
      vertex 6.315614283084869 17.449457136648043 4
      vertex 6.535948216915131 17.281623212354525 4
      vertex 6.535948216915131 17.281623212354525 3.8
    endloop
  endfacet
  facet normal 0 0 1
    outer loop
      vertex 6.096914283931255 17.37171428437744 4
      vertex 6.413698211312294 17.178278570728644 4
      vertex 6.315614283084869 17.449457136648043 4
    endloop
  endfacet
  facet normal 0 0 1
    outer loop
      vertex 6.315614283084869 17.449457136648043 4
      vertex 6.413698211312294 17.178278570728644 4
      vertex 6.535948216915131 17.281623212354525 4
    endloop
  endfacet
  facet normal 0.897505460401379 0.4410033430142095 0
    outer loop
      vertex 6.315614283084869 17.449457136648043 4
      vertex 6.315614283084869 17.449457136648043 3.8
      vertex 6.181016072630882 17.723383923726423 4
    endloop
  endfacet
  facet normal 0 0 1
    outer loop
      vertex 6.096914283931255 17.37171428437744 4
      vertex 6.315614283084869 17.449457136648043 4
      vertex 6.181016072630882 17.723383923726423 4
    endloop
  endfacet
  facet normal -0.9874404709348983 -0.15799150723968203 0
    outer loop
      vertex 5.898560717701912 17.681416069822653 4
      vertex 5.832442857325077 18.09464999820505 3.8
      vertex 5.898560717701912 17.681416069822653 3.8
    endloop
  endfacet
  facet normal -0.9897944777034202 0.14250225229031838 0
    outer loop
      vertex 5.832442857325077 18.09464999820505 4
      vertex 5.89601606875658 18.536217851298197 3.8
      vertex 5.832442857325077 18.09464999820505 3.8
    endloop
  endfacet
  facet normal -0.8584031572981795 0.5129756519958006 0
    outer loop
      vertex 5.89601606875658 18.536217851298197 4
      vertex 6.086735717952251 18.855364283280714 3.8
      vertex 5.89601606875658 18.536217851298197 3.8
    endloop
  endfacet
  facet normal 0.992888000566701 0.11905216642572615 0
    outer loop
      vertex 6.136150002479553 18.097564285354956 4
      vertex 6.181016072630882 17.723383923726423 3.8
      vertex 6.136150002479553 18.097564285354956 3.8
    endloop
  endfacet
  facet normal 0.9943155959602539 -0.10647298075195116 0
    outer loop
      vertex 6.17901785671711 18.497892854469164 4
      vertex 6.136150002479553 18.097564285354956 3.8
      vertex 6.17901785671711 18.497892854469164 3.8
    endloop
  endfacet
  facet normal 0.908578692662348 -0.4177137288143383 0
    outer loop
      vertex 6.30762142688036 18.77762142355953 4
      vertex 6.17901785671711 18.497892854469164 3.8
      vertex 6.30762142688036 18.77762142355953 3.8
    endloop
  endfacet
  facet normal -0.9874404709348983 -0.15799150723968203 0
    outer loop
      vertex 5.898560717701912 17.681416069822653 4
      vertex 5.832442857325077 18.09464999820505 4
      vertex 5.832442857325077 18.09464999820505 3.8
    endloop
  endfacet
  facet normal 0 0 1
    outer loop
      vertex 5.898560717701912 17.681416069822653 4
      vertex 6.136150002479553 18.097564285354956 4
      vertex 5.832442857325077 18.09464999820505 4
    endloop
  endfacet
  facet normal 0 0 1
    outer loop
      vertex 5.898560717701912 17.681416069822653 4
      vertex 6.181016072630882 17.723383923726423 4
      vertex 6.136150002479553 18.097564285354956 4
    endloop
  endfacet
  facet normal 0 0 1
    outer loop
      vertex 5.832442857325077 18.09464999820505 4
      vertex 6.136150002479553 18.097564285354956 4
      vertex 5.89601606875658 18.536217851298197 4
    endloop
  endfacet
  facet normal -0.9897944777034202 0.14250225229031838 0
    outer loop
      vertex 5.832442857325077 18.09464999820505 4
      vertex 5.89601606875658 18.536217851298197 4
      vertex 5.89601606875658 18.536217851298197 3.8
    endloop
  endfacet
  facet normal -0.8584031572981795 0.5129756519958006 0
    outer loop
      vertex 5.89601606875658 18.536217851298197 4
      vertex 6.086735717952251 18.855364283280714 4
      vertex 6.086735717952251 18.855364283280714 3.8
    endloop
  endfacet
  facet normal 0 0 1
    outer loop
      vertex 6.136150002479553 18.097564285354956 4
      vertex 6.17901785671711 18.497892854469164 4
      vertex 5.89601606875658 18.536217851298197 4
    endloop
  endfacet
  facet normal 0 0 1
    outer loop
      vertex 5.89601606875658 18.536217851298197 4
      vertex 6.17901785671711 18.497892854469164 4
      vertex 6.086735717952251 18.855364283280714 4
    endloop
  endfacet
  facet normal 0.992888000566701 0.11905216642572615 0
    outer loop
      vertex 6.136150002479553 18.097564285354956 4
      vertex 6.181016072630882 17.723383923726423 4
      vertex 6.181016072630882 17.723383923726423 3.8
    endloop
  endfacet
  facet normal 0.9943155959602539 -0.10647298075195116 0
    outer loop
      vertex 6.136150002479553 18.097564285354956 4
      vertex 6.136150002479553 18.097564285354956 3.8
      vertex 6.17901785671711 18.497892854469164 4
    endloop
  endfacet
  facet normal 0.908578692662348 -0.4177137288143383 0
    outer loop
      vertex 6.17901785671711 18.497892854469164 4
      vertex 6.17901785671711 18.497892854469164 3.8
      vertex 6.30762142688036 18.77762142355953 4
    endloop
  endfacet
  facet normal 0 0 1
    outer loop
      vertex 6.086735717952251 18.855364283280714 4
      vertex 6.17901785671711 18.497892854469164 4
      vertex 6.30762142688036 18.77762142355953 4
    endloop
  endfacet
  facet normal 0.18210550112570695 0.9832789972636226 0
    outer loop
      vertex 6.535948216915131 17.281623212354525 4
      vertex 6.83802142739296 17.225678568439825 3.8
      vertex 6.535948216915131 17.281623212354525 3.8
    endloop
  endfacet
  facet normal -0.15124695006880623 -0.988496009144642 0
    outer loop
      vertex 6.835107140243053 17.113799994545325 4
      vertex 6.413698211312294 17.178278570728644 3.8
      vertex 6.835107140243053 17.113799994545325 3.8
    endloop
  endfacet
  facet normal -0.06196664429610621 0.9980782208798465 0
    outer loop
      vertex 6.83802142739296 17.225678568439825 4
      vertex 6.998944640159607 17.235669640558108 3.8
      vertex 6.83802142739296 17.225678568439825 3.8
    endloop
  endfacet
  facet normal 0.0642171352991749 -0.9979359496149878 0
    outer loop
      vertex 7.190751783549786 17.136685711996897 4
      vertex 6.835107140243053 17.113799994545325 3.8
      vertex 7.190751783549786 17.136685711996897 3.8
    endloop
  endfacet
  facet normal -0.19410093533733586 0.9809815629771904 0
    outer loop
      vertex 6.998944640159607 17.235669640558108 4
      vertex 7.15042857080698 17.265642856912955 3.8
      vertex 6.998944640159607 17.235669640558108 3.8
    endloop
  endfacet
  facet normal -0.15124695006880623 -0.988496009144642 0
    outer loop
      vertex 6.835107140243053 17.113799994545325 4
      vertex 6.413698211312294 17.178278570728644 4
      vertex 6.413698211312294 17.178278570728644 3.8
    endloop
  endfacet
  facet normal 0.18210550112570695 0.9832789972636226 0
    outer loop
      vertex 6.535948216915131 17.281623212354525 4
      vertex 6.83802142739296 17.225678568439825 4
      vertex 6.83802142739296 17.225678568439825 3.8
    endloop
  endfacet
  facet normal 0 0 1
    outer loop
      vertex 6.835107140243053 17.113799994545325 4
      vertex 6.535948216915131 17.281623212354525 4
      vertex 6.413698211312294 17.178278570728644 4
    endloop
  endfacet
  facet normal 0 0 1
    outer loop
      vertex 6.835107140243053 17.113799994545325 4
      vertex 6.83802142739296 17.225678568439825 4
      vertex 6.535948216915131 17.281623212354525 4
    endloop
  endfacet
  facet normal 0.0642171352991749 -0.9979359496149878 0
    outer loop
      vertex 6.835107140243053 17.113799994545325 4
      vertex 6.835107140243053 17.113799994545325 3.8
      vertex 7.190751783549786 17.136685711996897 4
    endloop
  endfacet
  facet normal -0.06196664429610621 0.9980782208798465 0
    outer loop
      vertex 6.83802142739296 17.225678568439825 4
      vertex 6.998944640159607 17.235669640558108 4
      vertex 6.998944640159607 17.235669640558108 3.8
    endloop
  endfacet
  facet normal -0.19410093533733586 0.9809815629771904 0
    outer loop
      vertex 6.998944640159607 17.235669640558108 4
      vertex 7.15042857080698 17.265642856912955 4
      vertex 7.15042857080698 17.265642856912955 3.8
    endloop
  endfacet
  facet normal 0 0 1
    outer loop
      vertex 6.835107140243053 17.113799994545325 4
      vertex 6.998944640159607 17.235669640558108 4
      vertex 6.83802142739296 17.225678568439825 4
    endloop
  endfacet
  facet normal 0 0 1
    outer loop
      vertex 6.835107140243053 17.113799994545325 4
      vertex 7.190751783549786 17.136685711996897 4
      vertex 6.998944640159607 17.235669640558108 4
    endloop
  endfacet
  facet normal 0 0 1
    outer loop
      vertex 6.998944640159607 17.235669640558108 4
      vertex 7.190751783549786 17.136685711996897 4
      vertex 7.15042857080698 17.265642856912955 4
    endloop
  endfacet
  facet normal -0.33452642202490446 0.9423863713823621 0
    outer loop
      vertex 7.15042857080698 17.265642856912955 4
      vertex 7.281935714185238 17.312324998634203 3.8
      vertex 7.15042857080698 17.265642856912955 3.8
    endloop
  endfacet
  facet normal -0.5115030775447352 0.8592814449656554 0
    outer loop
      vertex 7.281935714185238 17.312324998634203 4
      vertex 7.3829285725951195 17.37244285430227 3.8
      vertex 7.281935714185238 17.312324998634203 3.8
    endloop
  endfacet
  facet normal 0.20270288605128084 -0.9792402871545275 0
    outer loop
      vertex 7.522428572177887 17.205342856901034 4
      vertex 7.190751783549786 17.136685711996897 3.8
      vertex 7.522428572177887 17.205342856901034 3.8
    endloop
  endfacet
  facet normal -0.9833166036092346 0.18190232836992357 0
    outer loop
      vertex 7.3829285725951195 17.37244285430227 4
      vertex 7.4366928562521935 17.663078566747053 3.8
      vertex 7.3829285725951195 17.37244285430227 3.8
    endloop
  endfacet
  facet normal 0.9998185331918593 -0.01904995239045762 0
    outer loop
      vertex 7.531149998307228 17.663078566747053 4
      vertex 7.522428572177887 17.205342856901034 3.8
      vertex 7.531149998307228 17.663078566747053 3.8
    endloop
  endfacet
  facet normal 0 1 0
    outer loop
      vertex 7.4366928562521935 17.663078566747053 4
      vertex 7.531149998307228 17.663078566747053 3.8
      vertex 7.4366928562521935 17.663078566747053 3.8
    endloop
  endfacet
  facet normal -1 0 0
    outer loop
      vertex 7.800121426582336 17.142857139664038 4
      vertex 7.800121426582336 17.21987142200981 3.8
      vertex 7.800121426582336 17.142857139664038 3.8
    endloop
  endfacet
  facet normal -0.16742309840989308 0.9858851384004281 0
    outer loop
      vertex 7.800121426582336 17.21987142200981 4
      vertex 8.031164288520813 17.259107140558108 3.8
      vertex 7.800121426582336 17.21987142200981 3.8
    endloop
  endfacet
  facet normal -0.33452642202490446 0.9423863713823621 0
    outer loop
      vertex 7.15042857080698 17.265642856912955 4
      vertex 7.281935714185238 17.312324998634203 4
      vertex 7.281935714185238 17.312324998634203 3.8
    endloop
  endfacet
  facet normal 0.20270288605128084 -0.9792402871545275 0
    outer loop
      vertex 7.190751783549786 17.136685711996897 4
      vertex 7.190751783549786 17.136685711996897 3.8
      vertex 7.522428572177887 17.205342856901034 4
    endloop
  endfacet
  facet normal 0 0 1
    outer loop
      vertex 7.15042857080698 17.265642856912955 4
      vertex 7.190751783549786 17.136685711996897 4
      vertex 7.281935714185238 17.312324998634203 4
    endloop
  endfacet
  facet normal 0 0 1
    outer loop
      vertex 7.190751783549786 17.136685711996897 4
      vertex 7.522428572177887 17.205342856901034 4
      vertex 7.281935714185238 17.312324998634203 4
    endloop
  endfacet
  facet normal 0 0 1
    outer loop
      vertex 7.281935714185238 17.312324998634203 4
      vertex 7.522428572177887 17.205342856901034 4
      vertex 7.3829285725951195 17.37244285430227 4
    endloop
  endfacet
  facet normal -0.5115030775447352 0.8592814449656554 0
    outer loop
      vertex 7.281935714185238 17.312324998634203 4
      vertex 7.3829285725951195 17.37244285430227 4
      vertex 7.3829285725951195 17.37244285430227 3.8
    endloop
  endfacet
  facet normal -0.9833166036092346 0.18190232836992357 0
    outer loop
      vertex 7.3829285725951195 17.37244285430227 4
      vertex 7.4366928562521935 17.663078566747053 4
      vertex 7.4366928562521935 17.663078566747053 3.8
    endloop
  endfacet
  facet normal 0.9998185331918593 -0.01904995239045762 0
    outer loop
      vertex 7.522428572177887 17.205342856901034 4
      vertex 7.522428572177887 17.205342856901034 3.8
      vertex 7.531149998307228 17.663078566747053 4
    endloop
  endfacet
  facet normal 0 1 0
    outer loop
      vertex 7.4366928562521935 17.663078566747053 4
      vertex 7.531149998307228 17.663078566747053 4
      vertex 7.531149998307228 17.663078566747053 3.8
    endloop
  endfacet
  facet normal 0 0 1
    outer loop
      vertex 7.3829285725951195 17.37244285430227 4
      vertex 7.531149998307228 17.663078566747053 4
      vertex 7.4366928562521935 17.663078566747053 4
    endloop
  endfacet
  facet normal 0 0 1
    outer loop
      vertex 7.3829285725951195 17.37244285430227 4
      vertex 7.522428572177887 17.205342856901034 4
      vertex 7.531149998307228 17.663078566747053 4
    endloop
  endfacet
  facet normal -1 0 0
    outer loop
      vertex 7.800121426582336 17.142857139664038 4
      vertex 7.800121426582336 17.21987142200981 4
      vertex 7.800121426582336 17.21987142200981 3.8
    endloop
  endfacet
  facet normal 0 0 1
    outer loop
      vertex 7.800121426582336 17.142857139664038 4
      vertex 8.031164288520813 17.259107140558108 4
      vertex 7.800121426582336 17.21987142200981 4
    endloop
  endfacet
  facet normal -0.9854668631323017 -0.1698677770154813 0
    outer loop
      vertex 7.406178571283817 18.613414285438402 4
      vertex 7.362592853605747 18.86627142663513 3.8
      vertex 7.406178571283817 18.613414285438402 3.8
    endloop
  endfacet
  facet normal 0 -1 0
    outer loop
      vertex 7.502092860639095 18.613414285438402 4
      vertex 7.406178571283817 18.613414285438402 3.8
      vertex 7.502092860639095 18.613414285438402 3.8
    endloop
  endfacet
  facet normal 0 -1 0
    outer loop
      vertex 7.406178571283817 18.613414285438402 4
      vertex 7.406178571283817 18.613414285438402 3.8
      vertex 7.502092860639095 18.613414285438402 4
    endloop
  endfacet
  facet normal 0 0 1
    outer loop
      vertex 7.406178571283817 18.613414285438402 4
      vertex 7.502092860639095 18.613414285438402 4
      vertex 7.362592853605747 18.86627142663513 4
    endloop
  endfacet
  facet normal 0 -1 0
    outer loop
      vertex 8.621135711669922 17.142857139664038 4
      vertex 7.800121426582336 17.142857139664038 3.8
      vertex 8.621135711669922 17.142857139664038 3.8
    endloop
  endfacet
  facet normal 0.12575903918738712 0.992060816715722 0
    outer loop
      vertex 8.31162142753601 17.259107140558108 4
      vertex 8.621135711669922 17.21987142200981 3.8
      vertex 8.31162142753601 17.259107140558108 3.8
    endloop
  endfacet
  facet normal 1 0 0
    outer loop
      vertex 8.621135711669922 17.21987142200981 4
      vertex 8.621135711669922 17.142857139664038 3.8
      vertex 8.621135711669922 17.21987142200981 3.8
    endloop
  endfacet
  facet normal 1 0 0
    outer loop
      vertex 8.31162142753601 17.907192853944643 4
      vertex 8.31162142753601 17.259107140558108 3.8
      vertex 8.31162142753601 17.907192853944643 3.8
    endloop
  endfacet
  facet normal -0.16742309840989308 0.9858851384004281 0
    outer loop
      vertex 7.800121426582336 17.21987142200981 4
      vertex 8.031164288520813 17.259107140558108 4
      vertex 8.031164288520813 17.259107140558108 3.8
    endloop
  endfacet
  facet normal 0 -1 0
    outer loop
      vertex 7.800121426582336 17.142857139664038 4
      vertex 7.800121426582336 17.142857139664038 3.8
      vertex 8.621135711669922 17.142857139664038 4
    endloop
  endfacet
  facet normal 0 0 1
    outer loop
      vertex 7.800121426582336 17.142857139664038 4
      vertex 8.31162142753601 17.259107140558108 4
      vertex 8.031164288520813 17.259107140558108 4
    endloop
  endfacet
  facet normal 0 0 1
    outer loop
      vertex 7.800121426582336 17.142857139664038 4
      vertex 8.621135711669922 17.142857139664038 4
      vertex 8.31162142753601 17.259107140558108 4
    endloop
  endfacet
  facet normal 0 0 1
    outer loop
      vertex 8.031164288520813 17.259107140558108 4
      vertex 8.31162142753601 17.259107140558108 4
      vertex 8.31162142753601 17.907192853944643 4
    endloop
  endfacet
  facet normal 0 0 1
    outer loop
      vertex 8.031164288520813 17.259107140558108 4
      vertex 8.31162142753601 17.907192853944643 4
      vertex 8.31162142753601 18.037992855267866 4
    endloop
  endfacet
  facet normal 0.12575903918738712 0.992060816715722 0
    outer loop
      vertex 8.31162142753601 17.259107140558108 4
      vertex 8.621135711669922 17.21987142200981 4
      vertex 8.621135711669922 17.21987142200981 3.8
    endloop
  endfacet
  facet normal 1 0 0
    outer loop
      vertex 8.621135711669922 17.142857139664038 4
      vertex 8.621135711669922 17.142857139664038 3.8
      vertex 8.621135711669922 17.21987142200981 4
    endloop
  endfacet
  facet normal 0 0 1
    outer loop
      vertex 8.31162142753601 17.259107140558108 4
      vertex 8.621135711669922 17.142857139664038 4
      vertex 8.621135711669922 17.21987142200981 4
    endloop
  endfacet
  facet normal 1 0 0
    outer loop
      vertex 8.31162142753601 17.259107140558108 4
      vertex 8.31162142753601 17.259107140558108 3.8
      vertex 8.31162142753601 17.907192853944643 4
    endloop
  endfacet
  facet normal -1 0 0
    outer loop
      vertex 8.031164288520813 17.259107140558108 4
      vertex 8.031164288520813 18.976692853229387 3.8
      vertex 8.031164288520813 17.259107140558108 3.8
    endloop
  endfacet
  facet normal 0 1 0
    outer loop
      vertex 8.31162142753601 18.037992855267866 4
      vertex 8.462735712528229 18.037992855267866 3.8
      vertex 8.31162142753601 18.037992855267866 3.8
    endloop
  endfacet
  facet normal 0 -1 0
    outer loop
      vertex 8.53102856874466 17.907192853944643 4
      vertex 8.31162142753601 17.907192853944643 3.8
      vertex 8.53102856874466 17.907192853944643 3.8
    endloop
  endfacet
  facet normal -0.12994138352610604 0.9915216774470044 0
    outer loop
      vertex 8.462735712528229 18.037992855267866 4
      vertex 8.676158927381039 18.06596249874149 3.8
      vertex 8.462735712528229 18.037992855267866 3.8
    endloop
  endfacet
  facet normal 1 0 0
    outer loop
      vertex 8.31162142753601 18.960707140820368 4
      vertex 8.31162142753601 18.037992855267866 3.8
      vertex 8.31162142753601 18.960707140820368 3.8
    endloop
  endfacet
  facet normal 0 0 1
    outer loop
      vertex 8.031164288520813 17.259107140558108 4
      vertex 8.31162142753601 18.037992855267866 4
      vertex 8.031164288520813 18.976692853229387 4
    endloop
  endfacet
  facet normal -1 0 0
    outer loop
      vertex 8.031164288520813 17.259107140558108 4
      vertex 8.031164288520813 18.976692853229387 4
      vertex 8.031164288520813 18.976692853229387 3.8
    endloop
  endfacet
  facet normal 0 0 1
    outer loop
      vertex 8.31162142753601 18.037992855267866 4
      vertex 8.31162142753601 18.960707140820368 4
      vertex 8.031164288520813 18.976692853229387 4
    endloop
  endfacet
  facet normal 0 -1 0
    outer loop
      vertex 8.31162142753601 17.907192853944643 4
      vertex 8.31162142753601 17.907192853944643 3.8
      vertex 8.53102856874466 17.907192853944643 4
    endloop
  endfacet
  facet normal 0 1 0
    outer loop
      vertex 8.31162142753601 18.037992855267866 4
      vertex 8.462735712528229 18.037992855267866 4
      vertex 8.462735712528229 18.037992855267866 3.8
    endloop
  endfacet
  facet normal -0.12994138352610604 0.9915216774470044 0
    outer loop
      vertex 8.462735712528229 18.037992855267866 4
      vertex 8.676158927381039 18.06596249874149 4
      vertex 8.676158927381039 18.06596249874149 3.8
    endloop
  endfacet
  facet normal 0 0 1
    outer loop
      vertex 8.31162142753601 17.907192853944643 4
      vertex 8.462735712528229 18.037992855267866 4
      vertex 8.31162142753601 18.037992855267866 4
    endloop
  endfacet
  facet normal 0 0 1
    outer loop
      vertex 8.31162142753601 17.907192853944643 4
      vertex 8.53102856874466 17.907192853944643 4
      vertex 8.462735712528229 18.037992855267866 4
    endloop
  endfacet
  facet normal 0 0 1
    outer loop
      vertex 8.462735712528229 18.037992855267866 4
      vertex 8.53102856874466 17.907192853944643 4
      vertex 8.676158927381039 18.06596249874149 4
    endloop
  endfacet
  facet normal 1 0 0
    outer loop
      vertex 8.31162142753601 18.037992855267866 4
      vertex 8.31162142753601 18.037992855267866 3.8
      vertex 8.31162142753601 18.960707140820368 4
    endloop
  endfacet
  facet normal -0.5224779152057556 0.852652818046271 0
    outer loop
      vertex 6.086735717952251 18.855364283280714 4
      vertex 6.402437500655651 19.048816067831858 3.8
      vertex 6.086735717952251 18.855364283280714 3.8
    endloop
  endfacet
  facet normal 0.5955798551686317 -0.8032961073709443 0
    outer loop
      vertex 6.5295892879366875 18.942192850368365 4
      vertex 6.30762142688036 18.77762142355953 3.8
      vertex 6.5295892879366875 18.942192850368365 3.8
    endloop
  endfacet
  facet normal -0.5224779152057556 0.852652818046271 0
    outer loop
      vertex 6.086735717952251 18.855364283280714 4
      vertex 6.402437500655651 19.048816067831858 4
      vertex 6.402437500655651 19.048816067831858 3.8
    endloop
  endfacet
  facet normal 0.5955798551686317 -0.8032961073709443 0
    outer loop
      vertex 6.30762142688036 18.77762142355953 4
      vertex 6.30762142688036 18.77762142355953 3.8
      vertex 6.5295892879366875 18.942192850368365 4
    endloop
  endfacet
  facet normal 0 0 1
    outer loop
      vertex 6.086735717952251 18.855364283280714 4
      vertex 6.30762142688036 18.77762142355953 4
      vertex 6.402437500655651 19.048816067831858 4
    endloop
  endfacet
  facet normal 0 0 1
    outer loop
      vertex 6.30762142688036 18.77762142355953 4
      vertex 6.5295892879366875 18.942192850368365 4
      vertex 6.402437500655651 19.048816067831858 4
    endloop
  endfacet
  facet normal -0.14549850795007074 0.9893584710226639 0
    outer loop
      vertex 6.402437500655651 19.048816067831858 4
      vertex 6.840914286673069 19.113299993532046 3.8
      vertex 6.402437500655651 19.048816067831858 3.8
    endloop
  endfacet
  facet normal 0.1674585072813768 -0.9858791246086375 0
    outer loop
      vertex 6.852549999952316 18.997050000088556 4
      vertex 6.5295892879366875 18.942192850368365 3.8
      vertex 6.852549999952316 18.997050000088556 3.8
    endloop
  endfacet
  facet normal -0.06166063051917646 -0.9980971729465912 0
    outer loop
      vertex 6.990774996578693 18.988510710852488 4
      vertex 6.852549999952316 18.997050000088556 3.8
      vertex 6.990774996578693 18.988510710852488 3.8
    endloop
  endfacet
  facet normal 0.058730969946482144 0.9982738467821068 0
    outer loop
      vertex 6.840914286673069 19.113299993532046 4
      vertex 7.155882142484188 19.094769639628275 3.8
      vertex 6.840914286673069 19.113299993532046 3.8
    endloop
  endfacet
  facet normal -0.1855393554896087 -0.982636834015752 0
    outer loop
      vertex 7.126450002193451 18.962892850594862 4
      vertex 6.990774996578693 18.988510710852488 3.8
      vertex 7.126450002193451 18.962892850594862 3.8
    endloop
  endfacet
  facet normal 0.1674585072813768 -0.9858791246086375 0
    outer loop
      vertex 6.5295892879366875 18.942192850368365 4
      vertex 6.5295892879366875 18.942192850368365 3.8
      vertex 6.852549999952316 18.997050000088556 4
    endloop
  endfacet
  facet normal -0.14549850795007074 0.9893584710226639 0
    outer loop
      vertex 6.402437500655651 19.048816067831858 4
      vertex 6.840914286673069 19.113299993532046 4
      vertex 6.840914286673069 19.113299993532046 3.8
    endloop
  endfacet
  facet normal 0 0 1
    outer loop
      vertex 6.402437500655651 19.048816067831858 4
      vertex 6.5295892879366875 18.942192850368365 4
      vertex 6.840914286673069 19.113299993532046 4
    endloop
  endfacet
  facet normal 0 0 1
    outer loop
      vertex 6.5295892879366875 18.942192850368365 4
      vertex 6.852549999952316 18.997050000088556 4
      vertex 6.840914286673069 19.113299993532046 4
    endloop
  endfacet
  facet normal -0.06166063051917646 -0.9980971729465912 0
    outer loop
      vertex 6.852549999952316 18.997050000088556 4
      vertex 6.852549999952316 18.997050000088556 3.8
      vertex 6.990774996578693 18.988510710852488 4
    endloop
  endfacet
  facet normal -0.1855393554896087 -0.982636834015752 0
    outer loop
      vertex 6.990774996578693 18.988510710852488 4
      vertex 6.990774996578693 18.988510710852488 3.8
      vertex 7.126450002193451 18.962892850594862 4
    endloop
  endfacet
  facet normal -0.31040102644719375 -0.9506057031075127 0
    outer loop
      vertex 7.126450002193451 18.962892850594862 4
      vertex 7.126450002193451 18.962892850594862 3.8
      vertex 7.252696432173252 18.92166963751827 4
    endloop
  endfacet
  facet normal 0.058730969946482144 0.9982738467821068 0
    outer loop
      vertex 6.840914286673069 19.113299993532046 4
      vertex 7.155882142484188 19.094769639628275 4
      vertex 7.155882142484188 19.094769639628275 3.8
    endloop
  endfacet
  facet normal 0 0 1
    outer loop
      vertex 6.852549999952316 18.997050000088556 4
      vertex 6.990774996578693 18.988510710852488 4
      vertex 6.840914286673069 19.113299993532046 4
    endloop
  endfacet
  facet normal 0 0 1
    outer loop
      vertex 6.840914286673069 19.113299993532046 4
      vertex 6.990774996578693 18.988510710852488 4
      vertex 7.155882142484188 19.094769639628275 4
    endloop
  endfacet
  facet normal 0 0 1
    outer loop
      vertex 6.990774996578693 18.988510710852488 4
      vertex 7.126450002193451 18.962892850594862 4
      vertex 7.155882142484188 19.094769639628275 4
    endloop
  endfacet
  facet normal 0 0 1
    outer loop
      vertex 7.126450002193451 18.962892850594862 4
      vertex 7.252696432173252 18.92166963751827 4
      vertex 7.155882142484188 19.094769639628275 4
    endloop
  endfacet
  facet normal 1 0 0
    outer loop
      vertex 6.207942143082619 21.56719714190279 4
      vertex 6.207942143082619 21.428571430700167 3.8
      vertex 6.207942143082619 21.56719714190279 3.8
    endloop
  endfacet
  facet normal 0 0 1
    outer loop
      vertex 5.758045002818108 21.63782143379961 4
      vertex 6.207942143082619 21.428571430700167 4
      vertex 6.207942143082619 21.56719714190279 4
    endloop
  endfacet
  facet normal 1 0 0
    outer loop
      vertex 6.207942143082619 21.428571430700167 4
      vertex 6.207942143082619 21.428571430700167 3.8
      vertex 6.207942143082619 21.56719714190279 4
    endloop
  endfacet
  facet normal 0.1550796197175437 0.9879019746656357 0
    outer loop
      vertex 5.758045002818108 21.63782143379961 4
      vertex 6.207942143082619 21.56719714190279 3.8
      vertex 5.758045002818108 21.63782143379961 3.8
    endloop
  endfacet
  facet normal 0.1550796197175437 0.9879019746656357 0
    outer loop
      vertex 5.758045002818108 21.63782143379961 4
      vertex 6.207942143082619 21.56719714190279 4
      vertex 6.207942143082619 21.56719714190279 3.8
    endloop
  endfacet
  facet normal -0.31040102644719375 -0.9506057031075127 0
    outer loop
      vertex 7.252696432173252 18.92166963751827 4
      vertex 7.126450002193451 18.962892850594862 3.8
      vertex 7.252696432173252 18.92166963751827 3.8
    endloop
  endfacet
  facet normal -0.45013637330433204 -0.8929598229642939 0
    outer loop
      vertex 7.362592853605747 18.86627142663513 4
      vertex 7.252696432173252 18.92166963751827 3.8
      vertex 7.362592853605747 18.86627142663513 3.8
    endloop
  endfacet
  facet normal 0.16252935030149174 0.9867037094744171 0
    outer loop
      vertex 7.155882142484188 19.094769639628275 4
      vertex 7.493371427059174 19.039178570466383 3.8
      vertex 7.155882142484188 19.094769639628275 3.8
    endloop
  endfacet
  facet normal 0.9997902651225145 0.02047988687107773 0
    outer loop
      vertex 7.493371427059174 19.039178570466383 4
      vertex 7.502092860639095 18.613414285438402 3.8
      vertex 7.493371427059174 19.039178570466383 3.8
    endloop
  endfacet
  facet normal -1 0 0
    outer loop
      vertex 7.781221427023411 19.01449285234724 4
      vertex 7.781221427023411 19.09150714214359 3.8
      vertex 7.781221427023411 19.01449285234724 3.8
    endloop
  endfacet
  facet normal -0.45013637330433204 -0.8929598229642939 0
    outer loop
      vertex 7.362592853605747 18.86627142663513 4
      vertex 7.252696432173252 18.92166963751827 4
      vertex 7.252696432173252 18.92166963751827 3.8
    endloop
  endfacet
  facet normal -0.9854668631323017 -0.1698677770154813 0
    outer loop
      vertex 7.406178571283817 18.613414285438402 4
      vertex 7.362592853605747 18.86627142663513 4
      vertex 7.362592853605747 18.86627142663513 3.8
    endloop
  endfacet
  facet normal 0.9997902651225145 0.02047988687107773 0
    outer loop
      vertex 7.502092860639095 18.613414285438402 4
      vertex 7.502092860639095 18.613414285438402 3.8
      vertex 7.493371427059174 19.039178570466383 4
    endloop
  endfacet
  facet normal 0.16252935030149174 0.9867037094744171 0
    outer loop
      vertex 7.155882142484188 19.094769639628275 4
      vertex 7.493371427059174 19.039178570466383 4
      vertex 7.493371427059174 19.039178570466383 3.8
    endloop
  endfacet
  facet normal 0 0 1
    outer loop
      vertex 7.252696432173252 18.92166963751827 4
      vertex 7.493371427059174 19.039178570466383 4
      vertex 7.155882142484188 19.094769639628275 4
    endloop
  endfacet
  facet normal 0 0 1
    outer loop
      vertex 7.362592853605747 18.86627142663513 4
      vertex 7.502092860639095 18.613414285438402 4
      vertex 7.493371427059174 19.039178570466383 4
    endloop
  endfacet
  facet normal 0 0 1
    outer loop
      vertex 7.362592853605747 18.86627142663513 4
      vertex 7.493371427059174 19.039178570466383 4
      vertex 7.252696432173252 18.92166963751827 4
    endloop
  endfacet
  facet normal -1 0 0
    outer loop
      vertex 7.781221427023411 19.01449285234724 4
      vertex 7.781221427023411 19.09150714214359 4
      vertex 7.781221427023411 19.09150714214359 3.8
    endloop
  endfacet
  facet normal -0.14953416490776222 -0.9887565592830917 0
    outer loop
      vertex 7.781221427023411 19.01449285234724 4
      vertex 7.781221427023411 19.01449285234724 3.8
      vertex 8.031164288520813 18.976692853229387 4
    endloop
  endfacet
  facet normal 0 0 1
    outer loop
      vertex 7.781221427023411 19.01449285234724 4
      vertex 8.031164288520813 18.976692853229387 4
      vertex 7.781221427023411 19.09150714214359 4
    endloop
  endfacet
  facet normal -0.14953416490776222 -0.9887565592830917 0
    outer loop
      vertex 8.031164288520813 18.976692853229387 4
      vertex 7.781221427023411 19.01449285234724 3.8
      vertex 8.031164288520813 18.976692853229387 3.8
    endloop
  endfacet
  facet normal 0 1 0
    outer loop
      vertex 7.781221427023411 19.09150714214359 4
      vertex 8.516500003635883 19.09150714214359 3.8
      vertex 7.781221427023411 19.09150714214359 3.8
    endloop
  endfacet
  facet normal 0 -1 0
    outer loop
      vertex 8.454014286398888 18.960707140820368 4
      vertex 8.31162142753601 18.960707140820368 3.8
      vertex 8.454014286398888 18.960707140820368 3.8
    endloop
  endfacet
  facet normal -0.11323950570278556 -0.9935677200614907 0
    outer loop
      vertex 8.680337503552437 18.93491249318634 4
      vertex 8.454014286398888 18.960707140820368 3.8
      vertex 8.680337503552437 18.93491249318634 3.8
    endloop
  endfacet
  facet normal 0 0 1
    outer loop
      vertex 7.781221427023411 19.09150714214359 4
      vertex 8.031164288520813 18.976692853229387 4
      vertex 8.516500003635883 19.09150714214359 4
    endloop
  endfacet
  facet normal 0 -1 0
    outer loop
      vertex 8.31162142753601 18.960707140820368 4
      vertex 8.31162142753601 18.960707140820368 3.8
      vertex 8.454014286398888 18.960707140820368 4
    endloop
  endfacet
  facet normal 0 1 0
    outer loop
      vertex 7.781221427023411 19.09150714214359 4
      vertex 8.516500003635883 19.09150714214359 4
      vertex 8.516500003635883 19.09150714214359 3.8
    endloop
  endfacet
  facet normal -0.11323950570278556 -0.9935677200614907 0
    outer loop
      vertex 8.454014286398888 18.960707140820368 4
      vertex 8.454014286398888 18.960707140820368 3.8
      vertex 8.680337503552437 18.93491249318634 4
    endloop
  endfacet
  facet normal 0 0 1
    outer loop
      vertex 8.031164288520813 18.976692853229387 4
      vertex 8.31162142753601 18.960707140820368 4
      vertex 8.516500003635883 19.09150714214359 4
    endloop
  endfacet
  facet normal 0 0 1
    outer loop
      vertex 8.31162142753601 18.960707140820368 4
      vertex 8.454014286398888 18.960707140820368 4
      vertex 8.516500003635883 19.09150714214359 4
    endloop
  endfacet
  facet normal 0 0 1
    outer loop
      vertex 8.454014286398888 18.960707140820368 4
      vertex 8.680337503552437 18.93491249318634 4
      vertex 8.516500003635883 19.09150714214359 4
    endloop
  endfacet
  facet normal -1 0 0
    outer loop
      vertex 7.892819285392761 21.428571430700167 4
      vertex 7.892819285392761 21.56719714190279 3.8
      vertex 7.892819285392761 21.428571430700167 3.8
    endloop
  endfacet
  facet normal -1 0 0
    outer loop
      vertex 7.892819285392761 21.428571430700167 4
      vertex 7.892819285392761 21.56719714190279 4
      vertex 7.892819285392761 21.56719714190279 3.8
    endloop
  endfacet
  facet normal 0 0 1
    outer loop
      vertex 7.892819285392761 21.428571430700167 4
      vertex 8.308696426451206 21.63782143379961 4
      vertex 7.892819285392761 21.56719714190279 4
    endloop
  endfacet
  facet normal 0 -1 0
    outer loop
      vertex 7.892819285392761 21.428571430700167 4
      vertex 7.892819285392761 21.428571430700167 3.8
      vertex 9.370645001530647 21.428571430700167 4
    endloop
  endfacet
  facet normal -0.1674230990579294 0.9858851382903785 0
    outer loop
      vertex 7.892819285392761 21.56719714190279 4
      vertex 8.308696426451206 21.63782143379961 3.8
      vertex 7.892819285392761 21.56719714190279 3.8
    endloop
  endfacet
  facet normal -0.1674230990579294 0.9858851382903785 0
    outer loop
      vertex 7.892819285392761 21.56719714190279 4
      vertex 8.308696426451206 21.63782143379961 4
      vertex 8.308696426451206 21.63782143379961 3.8
    endloop
  endfacet
  facet normal 0 0 1
    outer loop
      vertex 7.892819285392761 21.428571430700167 4
      vertex 8.813519284129143 21.63782143379961 4
      vertex 8.308696426451206 21.63782143379961 4
    endloop
  endfacet
  facet normal 0.12884800340871647 -0.991664354515976 0
    outer loop
      vertex 8.830198213458061 17.946064283805235 4
      vertex 8.53102856874466 17.907192853944643 3.8
      vertex 8.830198213458061 17.946064283805235 3.8
    endloop
  endfacet
  facet normal -0.4903726803697502 0.8715128423304997 0
    outer loop
      vertex 8.676158927381039 18.06596249874149 4
      vertex 8.825285717844963 18.149871421711786 3.8
      vertex 8.676158927381039 18.06596249874149 3.8
    endloop
  endfacet
  facet normal 0.46780180673880206 -0.8838333947141352 0
    outer loop
      vertex 9.050521425902843 18.06267856593643 4
      vertex 8.830198213458061 17.946064283805235 3.8
      vertex 9.050521425902843 18.06267856593643 3.8
    endloop
  endfacet
  facet normal -0.8588969921598518 0.5121483738710487 0
    outer loop
      vertex 8.825285717844963 18.149871421711786 4
      vertex 8.913019642233849 18.297005353229387 3.8
      vertex 8.825285717844963 18.149871421711786 3.8
    endloop
  endfacet
  facet normal -0.9910894849756351 0.13319772059134644 0
    outer loop
      vertex 8.913019642233849 18.297005353229387 4
      vertex 8.942264288663864 18.514607136803015 3.8
      vertex 8.913019642233849 18.297005353229387 3.8
    endloop
  endfacet
  facet normal -0.9908708118907322 -0.13481481425645025 0
    outer loop
      vertex 8.942264288663864 18.514607136803015 4
      vertex 8.91428928822279 18.720219639795168 3.8
      vertex 8.942264288663864 18.514607136803015 3.8
    endloop
  endfacet
  facet normal 0.8158674146581435 -0.578239017793712 0
    outer loop
      vertex 9.186212502419949 18.254132142024382 4
      vertex 9.050521425902843 18.06267856593643 3.8
      vertex 9.186212502419949 18.254132142024382 3.8
    endloop
  endfacet
  facet normal 0.9855736685507777 -0.16924699069514268 0
    outer loop
      vertex 9.231442853808403 18.51752142395292 4
      vertex 9.186212502419949 18.254132142024382 3.8
      vertex 9.231442853808403 18.51752142395292 3.8
    endloop
  endfacet
  facet normal 0.12884800340871647 -0.991664354515976 0
    outer loop
      vertex 8.53102856874466 17.907192853944643 4
      vertex 8.53102856874466 17.907192853944643 3.8
      vertex 8.830198213458061 17.946064283805235 4
    endloop
  endfacet
  facet normal -0.4903726803697502 0.8715128423304997 0
    outer loop
      vertex 8.676158927381039 18.06596249874149 4
      vertex 8.825285717844963 18.149871421711786 4
      vertex 8.825285717844963 18.149871421711786 3.8
    endloop
  endfacet
  facet normal 0.46780180673880206 -0.8838333947141352 0
    outer loop
      vertex 8.830198213458061 17.946064283805235 4
      vertex 8.830198213458061 17.946064283805235 3.8
      vertex 9.050521425902843 18.06267856593643 4
    endloop
  endfacet
  facet normal -0.8588969921598518 0.5121483738710487 0
    outer loop
      vertex 8.825285717844963 18.149871421711786 4
      vertex 8.913019642233849 18.297005353229387 4
      vertex 8.913019642233849 18.297005353229387 3.8
    endloop
  endfacet
  facet normal 0 0 1
    outer loop
      vertex 8.53102856874466 17.907192853944643 4
      vertex 8.830198213458061 17.946064283805235 4
      vertex 8.676158927381039 18.06596249874149 4
    endloop
  endfacet
  facet normal 0 0 1
    outer loop
      vertex 8.676158927381039 18.06596249874149 4
      vertex 8.830198213458061 17.946064283805235 4
      vertex 8.825285717844963 18.149871421711786 4
    endloop
  endfacet
  facet normal 0 0 1
    outer loop
      vertex 8.830198213458061 17.946064283805235 4
      vertex 9.050521425902843 18.06267856593643 4
      vertex 8.825285717844963 18.149871421711786 4
    endloop
  endfacet
  facet normal 0 0 1
    outer loop
      vertex 8.825285717844963 18.149871421711786 4
      vertex 9.050521425902843 18.06267856593643 4
      vertex 8.913019642233849 18.297005353229387 4
    endloop
  endfacet
  facet normal -0.9910894849756351 0.13319772059134644 0
    outer loop
      vertex 8.913019642233849 18.297005353229387 4
      vertex 8.942264288663864 18.514607136803015 4
      vertex 8.942264288663864 18.514607136803015 3.8
    endloop
  endfacet
  facet normal -0.9908708118907322 -0.13481481425645025 0
    outer loop
      vertex 8.942264288663864 18.514607136803015 4
      vertex 8.91428928822279 18.720219639795168 4
      vertex 8.91428928822279 18.720219639795168 3.8
    endloop
  endfacet
  facet normal 0.8158674146581435 -0.578239017793712 0
    outer loop
      vertex 9.050521425902843 18.06267856593643 4
      vertex 9.050521425902843 18.06267856593643 3.8
      vertex 9.186212502419949 18.254132142024382 4
    endloop
  endfacet
  facet normal 0 0 1
    outer loop
      vertex 8.913019642233849 18.297005353229387 4
      vertex 9.050521425902843 18.06267856593643 4
      vertex 9.186212502419949 18.254132142024382 4
    endloop
  endfacet
  facet normal 0.9855736685507777 -0.16924699069514268 0
    outer loop
      vertex 9.186212502419949 18.254132142024382 4
      vertex 9.186212502419949 18.254132142024382 3.8
      vertex 9.231442853808403 18.51752142395292 4
    endloop
  endfacet
  facet normal 0.9235597215140388 0.38345461373793793 0
    outer loop
      vertex 9.231442853808403 18.51752142395292 4
      vertex 9.231442853808403 18.51752142395292 3.8
      vertex 9.052707143127918 18.94801071073328 4
    endloop
  endfacet
  facet normal 0 0 1
    outer loop
      vertex 8.913019642233849 18.297005353229387 4
      vertex 9.186212502419949 18.254132142024382 4
      vertex 8.942264288663864 18.514607136803015 4
    endloop
  endfacet
  facet normal 0 0 1
    outer loop
      vertex 8.942264288663864 18.514607136803015 4
      vertex 9.186212502419949 18.254132142024382 4
      vertex 9.231442853808403 18.51752142395292 4
    endloop
  endfacet
  facet normal 0 0 1
    outer loop
      vertex 8.942264288663864 18.514607136803015 4
      vertex 9.231442853808403 18.51752142395292 4
      vertex 8.91428928822279 18.720219639795168 4
    endloop
  endfacet
  facet normal 0 0 1
    outer loop
      vertex 9.231442853808403 18.51752142395292 4
      vertex 9.052707143127918 18.94801071073328 4
      vertex 8.91428928822279 18.720219639795168 4
    endloop
  endfacet
  facet normal -1 0 0
    outer loop
      vertex 9.43642856925726 17.142857139664038 4
      vertex 9.43642856925726 17.21987142200981 3.8
      vertex 9.43642856925726 17.142857139664038 3.8
    endloop
  endfacet
  facet normal -0.1550796194018756 0.9879019747151888 0
    outer loop
      vertex 9.43642856925726 17.21987142200981 4
      vertex 9.686371430754662 17.259107140558108 3.8
      vertex 9.43642856925726 17.21987142200981 3.8
    endloop
  endfacet
  facet normal 0 -1 0
    outer loop
      vertex 10.100500002503395 17.142857139664038 4
      vertex 9.43642856925726 17.142857139664038 3.8
      vertex 10.100500002503395 17.142857139664038 3.8
    endloop
  endfacet
  facet normal 0.1483483901978837 0.9889351622455824 0
    outer loop
      vertex 9.838942855596542 17.259107140558108 4
      vertex 10.100500002503395 17.21987142200981 3.8
      vertex 9.838942855596542 17.259107140558108 3.8
    endloop
  endfacet
  facet normal -1 0 0
    outer loop
      vertex 9.43642856925726 17.142857139664038 4
      vertex 9.43642856925726 17.21987142200981 4
      vertex 9.43642856925726 17.21987142200981 3.8
    endloop
  endfacet
  facet normal -0.1550796194018756 0.9879019747151888 0
    outer loop
      vertex 9.43642856925726 17.21987142200981 4
      vertex 9.686371430754662 17.259107140558108 4
      vertex 9.686371430754662 17.259107140558108 3.8
    endloop
  endfacet
  facet normal 0 -1 0
    outer loop
      vertex 9.43642856925726 17.142857139664038 4
      vertex 9.43642856925726 17.142857139664038 3.8
      vertex 10.100500002503395 17.142857139664038 4
    endloop
  endfacet
  facet normal 0 0 1
    outer loop
      vertex 9.43642856925726 17.142857139664038 4
      vertex 9.686371430754662 17.259107140558108 4
      vertex 9.43642856925726 17.21987142200981 4
    endloop
  endfacet
  facet normal 0.1483483901978837 0.9889351622455824 0
    outer loop
      vertex 9.838942855596542 17.259107140558108 4
      vertex 10.100500002503395 17.21987142200981 4
      vertex 10.100500002503395 17.21987142200981 3.8
    endloop
  endfacet
  facet normal 0 0 1
    outer loop
      vertex 9.43642856925726 17.142857139664038 4
      vertex 10.100500002503395 17.142857139664038 4
      vertex 9.686371430754662 17.259107140558108 4
    endloop
  endfacet
  facet normal 0 0 1
    outer loop
      vertex 9.686371430754662 17.259107140558108 4
      vertex 10.100500002503395 17.142857139664038 4
      vertex 9.838942855596542 17.259107140558108 4
    endloop
  endfacet
  facet normal 0 0 1
    outer loop
      vertex 9.838942855596542 17.259107140558108 4
      vertex 10.100500002503395 17.142857139664038 4
      vertex 10.100500002503395 17.21987142200981 4
    endloop
  endfacet
  facet normal 1 0 0
    outer loop
      vertex 9.838942855596542 17.259107140558108 4
      vertex 9.838942855596542 17.259107140558108 3.8
      vertex 9.838942855596542 18.895328571753844 4
    endloop
  endfacet
  facet normal 0 0 1
    outer loop
      vertex 9.686371430754662 17.259107140558108 4
      vertex 9.838942855596542 17.259107140558108 4
      vertex 9.838942855596542 18.895328571753844 4
    endloop
  endfacet
  facet normal -1 0 0
    outer loop
      vertex 9.686371430754662 18.976692853229387 4
      vertex 9.686371430754662 18.976692853229387 3.8
      vertex 9.686371430754662 17.259107140558108 3.8
    endloop
  endfacet
  facet normal 1 0 0
    outer loop
      vertex 9.838942855596542 18.895328571753844 4
      vertex 9.838942855596542 17.259107140558108 3.8
      vertex 9.838942855596542 18.895328571753844 3.8
    endloop
  endfacet
  facet normal -1 0 0
    outer loop
      vertex 9.686371430754662 17.259107140558108 4
      vertex 9.686371430754662 18.976692853229387 4
      vertex 9.686371430754662 17.259107140558108 3.8
    endloop
  endfacet
  facet normal 0 0 1
    outer loop
      vertex 9.686371430754662 17.259107140558108 4
      vertex 9.838942855596542 18.895328571753844 4
      vertex 9.686371430754662 18.976692853229387 4
    endloop
  endfacet
  facet normal 1 0 0
    outer loop
      vertex 10.100500002503395 17.21987142200981 4
      vertex 10.100500002503395 17.142857139664038 3.8
      vertex 10.100500002503395 17.21987142200981 3.8
    endloop
  endfacet
  facet normal -0.8247198489429802 -0.5655414845610071 0
    outer loop
      vertex 11.040678568184376 17.142857139664038 4
      vertex 9.838942855596542 18.895328571753844 3.8
      vertex 11.040678568184376 17.142857139664038 3.8
    endloop
  endfacet
  facet normal 1 0 0
    outer loop
      vertex 10.100500002503395 17.142857139664038 4
      vertex 10.100500002503395 17.142857139664038 3.8
      vertex 10.100500002503395 17.21987142200981 4
    endloop
  endfacet
  facet normal 0 0 1
    outer loop
      vertex 11.040678568184376 17.142857139664038 4
      vertex 11.181635715067387 17.142857139664038 4
      vertex 9.838942855596542 18.895328571753844 4
    endloop
  endfacet
  facet normal 0.8212128117190913 0.5706220446744275 0
    outer loop
      vertex 10.026399999856949 19.09150714214359 4
      vertex 11.029042854905128 17.648549994187697 3.8
      vertex 10.026399999856949 19.09150714214359 3.8
    endloop
  endfacet
  facet normal -0.8247198489429802 -0.5655414845610071 0
    outer loop
      vertex 11.040678568184376 17.142857139664038 4
      vertex 9.838942855596542 18.895328571753844 4
      vertex 9.838942855596542 18.895328571753844 3.8
    endloop
  endfacet
  facet normal 0 0 1
    outer loop
      vertex 11.029042854905128 17.648549994187697 4
      vertex 10.026399999856949 19.09150714214359 4
      vertex 9.838942855596542 18.895328571753844 4
    endloop
  endfacet
  facet normal 0.8212128117190913 0.5706220446744275 0
    outer loop
      vertex 11.029042854905128 17.648549994187697 4
      vertex 11.029042854905128 17.648549994187697 3.8
      vertex 10.026399999856949 19.09150714214359 4
    endloop
  endfacet
  facet normal 0 0 1
    outer loop
      vertex 11.029042854905128 17.648549994187697 4
      vertex 9.838942855596542 18.895328571753844 4
      vertex 11.181635715067387 17.142857139664038 4
    endloop
  endfacet
  facet normal 0 -1 0
    outer loop
      vertex 11.181635715067387 17.142857139664038 4
      vertex 11.040678568184376 17.142857139664038 3.8
      vertex 11.181635715067387 17.142857139664038 3.8
    endloop
  endfacet
  facet normal 0 -1 0
    outer loop
      vertex 11.040678568184376 17.142857139664038 4
      vertex 11.040678568184376 17.142857139664038 3.8
      vertex 11.181635715067387 17.142857139664038 4
    endloop
  endfacet
  facet normal 1 0 0
    outer loop
      vertex 11.181635715067387 17.142857139664038 4
      vertex 11.181635715067387 17.142857139664038 3.8
      vertex 11.181635715067387 18.976692853229387 4
    endloop
  endfacet
  facet normal -1 0 0
    outer loop
      vertex 11.029042854905128 17.648549994187697 4
      vertex 11.029042854905128 18.976692853229387 3.8
      vertex 11.029042854905128 17.648549994187697 3.8
    endloop
  endfacet
  facet normal 1 0 0
    outer loop
      vertex 11.181635715067387 18.976692853229387 4
      vertex 11.181635715067387 17.142857139664038 3.8
      vertex 11.181635715067387 18.976692853229387 3.8
    endloop
  endfacet
  facet normal 0 0 1
    outer loop
      vertex 11.029042854905128 17.648549994187697 4
      vertex 11.181635715067387 17.142857139664038 4
      vertex 11.181635715067387 18.976692853229387 4
    endloop
  endfacet
  facet normal -1 0 0
    outer loop
      vertex 11.029042854905128 17.648549994187697 4
      vertex 11.029042854905128 18.976692853229387 4
      vertex 11.029042854905128 18.976692853229387 3.8
    endloop
  endfacet
  facet normal 0 0 1
    outer loop
      vertex 11.029042854905128 17.648549994187697 4
      vertex 11.181635715067387 18.976692853229387 4
      vertex 11.029042854905128 18.976692853229387 4
    endloop
  endfacet
  facet normal -0.45841252202859184 -0.8887395341985107 0
    outer loop
      vertex 8.830364286899567 18.85752856518541 4
      vertex 8.680337503552437 18.93491249318634 3.8
      vertex 8.830364286899567 18.85752856518541 3.8
    endloop
  endfacet
  facet normal 0.2585167464301263 0.9660067762780868 0
    outer loop
      vertex 8.516500003635883 19.09150714214359 4
      vertex 9.052707143127918 18.94801071073328 3.8
      vertex 8.516500003635883 19.09150714214359 3.8
    endloop
  endfacet
  facet normal -0.8532431466042406 -0.5215133102547759 0
    outer loop
      vertex 8.91428928822279 18.720219639795168 4
      vertex 8.830364286899567 18.85752856518541 3.8
      vertex 8.91428928822279 18.720219639795168 3.8
    endloop
  endfacet
  facet normal 0.9235597215140388 0.38345461373793793 0
    outer loop
      vertex 9.052707143127918 18.94801071073328 4
      vertex 9.231442853808403 18.51752142395292 3.8
      vertex 9.052707143127918 18.94801071073328 3.8
    endloop
  endfacet
  facet normal -0.45841252202859184 -0.8887395341985107 0
    outer loop
      vertex 8.830364286899567 18.85752856518541 4
      vertex 8.680337503552437 18.93491249318634 4
      vertex 8.680337503552437 18.93491249318634 3.8
    endloop
  endfacet
  facet normal -0.8532431466042406 -0.5215133102547759 0
    outer loop
      vertex 8.91428928822279 18.720219639795168 4
      vertex 8.830364286899567 18.85752856518541 4
      vertex 8.830364286899567 18.85752856518541 3.8
    endloop
  endfacet
  facet normal 0.2585167464301263 0.9660067762780868 0
    outer loop
      vertex 8.516500003635883 19.09150714214359 4
      vertex 9.052707143127918 18.94801071073328 4
      vertex 9.052707143127918 18.94801071073328 3.8
    endloop
  endfacet
  facet normal 0 0 1
    outer loop
      vertex 8.516500003635883 19.09150714214359 4
      vertex 8.680337503552437 18.93491249318634 4
      vertex 9.052707143127918 18.94801071073328 4
    endloop
  endfacet
  facet normal 0 0 1
    outer loop
      vertex 8.830364286899567 18.85752856518541 4
      vertex 9.052707143127918 18.94801071073328 4
      vertex 8.680337503552437 18.93491249318634 4
    endloop
  endfacet
  facet normal 0 0 1
    outer loop
      vertex 8.91428928822279 18.720219639795168 4
      vertex 9.052707143127918 18.94801071073328 4
      vertex 8.830364286899567 18.85752856518541 4
    endloop
  endfacet
  facet normal -1 0 0
    outer loop
      vertex 9.43642856925726 19.01449285234724 4
      vertex 9.43642856925726 19.09150714214359 3.8
      vertex 9.43642856925726 19.01449285234724 3.8
    endloop
  endfacet
  facet normal -0.14953416490776222 -0.9887565592830917 0
    outer loop
      vertex 9.686371430754662 18.976692853229387 4
      vertex 9.43642856925726 19.01449285234724 3.8
      vertex 9.686371430754662 18.976692853229387 3.8
    endloop
  endfacet
  facet normal 0 1 0
    outer loop
      vertex 9.43642856925726 19.09150714214359 4
      vertex 10.026399999856949 19.09150714214359 3.8
      vertex 9.43642856925726 19.09150714214359 3.8
    endloop
  endfacet
  facet normal -1 0 0
    outer loop
      vertex 9.43642856925726 19.01449285234724 4
      vertex 9.43642856925726 19.09150714214359 4
      vertex 9.43642856925726 19.09150714214359 3.8
    endloop
  endfacet
  facet normal -0.14953416490776222 -0.9887565592830917 0
    outer loop
      vertex 9.43642856925726 19.01449285234724 4
      vertex 9.43642856925726 19.01449285234724 3.8
      vertex 9.686371430754662 18.976692853229387 4
    endloop
  endfacet
  facet normal 0 0 1
    outer loop
      vertex 9.43642856925726 19.01449285234724 4
      vertex 9.686371430754662 18.976692853229387 4
      vertex 9.43642856925726 19.09150714214359 4
    endloop
  endfacet
  facet normal 0 1 0
    outer loop
      vertex 9.43642856925726 19.09150714214359 4
      vertex 10.026399999856949 19.09150714214359 4
      vertex 10.026399999856949 19.09150714214359 3.8
    endloop
  endfacet
  facet normal 0 0 1
    outer loop
      vertex 9.43642856925726 19.09150714214359 4
      vertex 9.686371430754662 18.976692853229387 4
      vertex 10.026399999856949 19.09150714214359 4
    endloop
  endfacet
  facet normal 0 0 1
    outer loop
      vertex 9.838942855596542 18.895328571753844 4
      vertex 10.026399999856949 19.09150714214359 4
      vertex 9.686371430754662 18.976692853229387 4
    endloop
  endfacet
  facet normal 0 -1 0
    outer loop
      vertex 9.370645001530647 21.428571430700167 4
      vertex 7.892819285392761 21.428571430700167 3.8
      vertex 9.370645001530647 21.428571430700167 3.8
    endloop
  endfacet
  facet normal 0 0 1
    outer loop
      vertex 7.892819285392761 21.428571430700167 4
      vertex 9.370645001530647 21.428571430700167 4
      vertex 8.813519284129143 21.63782143379961 4
    endloop
  endfacet
  facet normal 0 0 1
    outer loop
      vertex 8.813519284129143 21.63782143379961 4
      vertex 9.370645001530647 21.428571430700167 4
      vertex 9.370645001530647 21.56719714190279 4
    endloop
  endfacet
  facet normal 1 0 0
    outer loop
      vertex 8.813519284129143 22.804375713425024 4
      vertex 8.813519284129143 21.63782143379961 3.8
      vertex 8.813519284129143 22.804375713425024 3.8
    endloop
  endfacet
  facet normal 0.12575903525176982 0.9920608172146222 0
    outer loop
      vertex 8.813519284129143 21.63782143379961 4
      vertex 9.370645001530647 21.56719714190279 3.8
      vertex 8.813519284129143 21.63782143379961 3.8
    endloop
  endfacet
  facet normal 1 0 0
    outer loop
      vertex 8.813519284129143 21.63782143379961 4
      vertex 8.813519284129143 21.63782143379961 3.8
      vertex 8.813519284129143 22.804375713425024 4
    endloop
  endfacet
  facet normal 0 0 1
    outer loop
      vertex 8.308696426451206 21.63782143379961 4
      vertex 8.813519284129143 21.63782143379961 4
      vertex 8.813519284129143 22.804375713425024 4
    endloop
  endfacet
  facet normal 0 0 1
    outer loop
      vertex 8.308696426451206 21.63782143379961 4
      vertex 8.813519284129143 22.804375713425024 4
      vertex 8.813519284129143 23.03981571431671 4
    endloop
  endfacet
  facet normal 0.12575903525176982 0.9920608172146222 0
    outer loop
      vertex 8.813519284129143 21.63782143379961 4
      vertex 9.370645001530647 21.56719714190279 4
      vertex 9.370645001530647 21.56719714190279 3.8
    endloop
  endfacet
  facet normal 1 0 0
    outer loop
      vertex 9.370645001530647 21.56719714190279 4
      vertex 9.370645001530647 21.428571430700167 3.8
      vertex 9.370645001530647 21.56719714190279 3.8
    endloop
  endfacet
  facet normal 1 0 0
    outer loop
      vertex 9.370645001530647 21.428571430700167 4
      vertex 9.370645001530647 21.428571430700167 3.8
      vertex 9.370645001530647 21.56719714190279 4
    endloop
  endfacet
  facet normal -1 0 0
    outer loop
      vertex 10.767485715448856 19.01449285234724 4
      vertex 10.767485715448856 19.09150714214359 3.8
      vertex 10.767485715448856 19.01449285234724 3.8
    endloop
  endfacet
  facet normal -1 0 0
    outer loop
      vertex 10.767485715448856 19.01449285234724 4
      vertex 10.767485715448856 19.09150714214359 4
      vertex 10.767485715448856 19.09150714214359 3.8
    endloop
  endfacet
  facet normal -0.14303312796849924 -0.9897179013757136 0
    outer loop
      vertex 11.029042854905128 18.976692853229387 4
      vertex 10.767485715448856 19.01449285234724 3.8
      vertex 11.029042854905128 18.976692853229387 3.8
    endloop
  endfacet
  facet normal 0 1 0
    outer loop
      vertex 10.767485715448856 19.09150714214359 4
      vertex 11.431578569114208 19.09150714214359 3.8
      vertex 10.767485715448856 19.09150714214359 3.8
    endloop
  endfacet
  facet normal 0.1495341692655751 -0.9887565586240399 0
    outer loop
      vertex 11.431578569114208 19.01449285234724 4
      vertex 11.181635715067387 18.976692853229387 3.8
      vertex 11.431578569114208 19.01449285234724 3.8
    endloop
  endfacet
  facet normal 1 0 0
    outer loop
      vertex 11.431578569114208 19.09150714214359 4
      vertex 11.431578569114208 19.01449285234724 3.8
      vertex 11.431578569114208 19.09150714214359 3.8
    endloop
  endfacet
  facet normal -0.14303312796849924 -0.9897179013757136 0
    outer loop
      vertex 10.767485715448856 19.01449285234724 4
      vertex 10.767485715448856 19.01449285234724 3.8
      vertex 11.029042854905128 18.976692853229387 4
    endloop
  endfacet
  facet normal 0 0 1
    outer loop
      vertex 10.767485715448856 19.01449285234724 4
      vertex 11.029042854905128 18.976692853229387 4
      vertex 10.767485715448856 19.09150714214359 4
    endloop
  endfacet
  facet normal 0 0 1
    outer loop
      vertex 10.767485715448856 19.09150714214359 4
      vertex 11.029042854905128 18.976692853229387 4
      vertex 11.181635715067387 18.976692853229387 4
    endloop
  endfacet
  facet normal 0 0 1
    outer loop
      vertex 10.767485715448856 19.09150714214359 4
      vertex 11.181635715067387 18.976692853229387 4
      vertex 11.431578569114208 19.09150714214359 4
    endloop
  endfacet
  facet normal 0 1 0
    outer loop
      vertex 10.767485715448856 19.09150714214359 4
      vertex 11.431578569114208 19.09150714214359 4
      vertex 11.431578569114208 19.09150714214359 3.8
    endloop
  endfacet
  facet normal 0.1495341692655751 -0.9887565586240399 0
    outer loop
      vertex 11.181635715067387 18.976692853229387 4
      vertex 11.181635715067387 18.976692853229387 3.8
      vertex 11.431578569114208 19.01449285234724 4
    endloop
  endfacet
  facet normal 1 0 0
    outer loop
      vertex 11.431578569114208 19.01449285234724 4
      vertex 11.431578569114208 19.01449285234724 3.8
      vertex 11.431578569114208 19.09150714214359 4
    endloop
  endfacet
  facet normal 0 0 1
    outer loop
      vertex 11.181635715067387 18.976692853229387 4
      vertex 11.431578569114208 19.01449285234724 4
      vertex 11.431578569114208 19.09150714214359 4
    endloop
  endfacet
  facet normal -1 0 0
    outer loop
      vertex 10.877399288117886 21.428571430700167 4
      vertex 10.877399288117886 21.56719714190279 3.8
      vertex 10.877399288117886 21.428571430700167 3.8
    endloop
  endfacet
  facet normal -1 0 0
    outer loop
      vertex 10.877399288117886 21.428571430700167 4
      vertex 10.877399288117886 21.56719714190279 4
      vertex 10.877399288117886 21.56719714190279 3.8
    endloop
  endfacet
  facet normal 0 0 1
    outer loop
      vertex 10.877399288117886 21.428571430700167 4
      vertex 11.327296428382397 21.63782143379961 4
      vertex 10.877399288117886 21.56719714190279 4
    endloop
  endfacet
  facet normal 0 -1 0
    outer loop
      vertex 10.877399288117886 21.428571430700167 4
      vertex 10.877399288117886 21.428571430700167 3.8
      vertex 12.279393568634987 21.428571430700167 4
    endloop
  endfacet
  facet normal 0 0 1
    outer loop
      vertex 10.877399288117886 21.428571430700167 4
      vertex 12.279393568634987 21.428571430700167 4
      vertex 11.327296428382397 21.63782143379961 4
    endloop
  endfacet
  facet normal -0.1550796197175437 0.9879019746656357 0
    outer loop
      vertex 10.877399288117886 21.56719714190279 4
      vertex 11.327296428382397 21.63782143379961 3.8
      vertex 10.877399288117886 21.56719714190279 3.8
    endloop
  endfacet
  facet normal -0.1550796197175437 0.9879019746656357 0
    outer loop
      vertex 10.877399288117886 21.56719714190279 4
      vertex 11.327296428382397 21.63782143379961 4
      vertex 11.327296428382397 21.63782143379961 3.8
    endloop
  endfacet
  facet normal 1 0 0
    outer loop
      vertex 5.758045002818108 21.63782143379961 4
      vertex 5.758045002818108 21.63782143379961 3.8
      vertex 5.758045002818108 24.729475719588144 3.8
    endloop
  endfacet
  facet normal 1 0 0
    outer loop
      vertex 5.758045002818108 21.63782143379961 4
      vertex 5.758045002818108 24.729475719588144 3.8
      vertex 5.758045002818108 24.729475719588144 4
    endloop
  endfacet
  facet normal 0.14953416829717223 -0.988756558770496 0
    outer loop
      vertex 6.207942143082619 24.797515718000277 4
      vertex 5.758045002818108 24.729475719588144 3.8
      vertex 6.207942143082619 24.797515718000277 3.8
    endloop
  endfacet
  facet normal 1 0 0
    outer loop
      vertex 6.207942143082619 24.936141429202898 4
      vertex 6.207942143082619 24.797515718000277 3.8
      vertex 6.207942143082619 24.936141429202898 3.8
    endloop
  endfacet
  facet normal 0.14953416829717223 -0.988756558770496 0
    outer loop
      vertex 5.758045002818108 24.729475719588144 4
      vertex 5.758045002818108 24.729475719588144 3.8
      vertex 6.207942143082619 24.797515718000277 4
    endloop
  endfacet
  facet normal 0 0 1
    outer loop
      vertex 5.758045002818108 24.729475719588144 4
      vertex 6.207942143082619 24.797515718000277 4
      vertex 6.207942143082619 24.936141429202898 4
    endloop
  endfacet
  facet normal 0 1 0
    outer loop
      vertex 5.203542143106461 24.936141429202898 4
      vertex 6.207942143082619 24.936141429202898 4
      vertex 6.207942143082619 24.936141429202898 3.8
    endloop
  endfacet
  facet normal 1 0 0
    outer loop
      vertex 6.207942143082619 24.797515718000277 4
      vertex 6.207942143082619 24.797515718000277 3.8
      vertex 6.207942143082619 24.936141429202898 4
    endloop
  endfacet
  facet normal -1 0 0
    outer loop
      vertex 8.308696426451206 21.63782143379961 4
      vertex 8.308696426451206 24.729475719588144 3.8
      vertex 8.308696426451206 21.63782143379961 3.8
    endloop
  endfacet
  facet normal 0 0 1
    outer loop
      vertex 8.308696426451206 21.63782143379961 4
      vertex 8.813519284129143 23.03981571431671 4
      vertex 8.308696426451206 24.729475719588144 4
    endloop
  endfacet
  facet normal -1 0 0
    outer loop
      vertex 8.308696426451206 21.63782143379961 4
      vertex 8.308696426451206 24.729475719588144 4
      vertex 8.308696426451206 24.729475719588144 3.8
    endloop
  endfacet
  facet normal -1 0 0
    outer loop
      vertex 7.858799286186695 24.797515718000277 4
      vertex 7.858799286186695 24.936141429202898 3.8
      vertex 7.858799286186695 24.797515718000277 3.8
    endloop
  endfacet
  facet normal -1 0 0
    outer loop
      vertex 7.858799286186695 24.797515718000277 4
      vertex 7.858799286186695 24.936141429202898 4
      vertex 7.858799286186695 24.936141429202898 3.8
    endloop
  endfacet
  facet normal -0.14953416829717223 -0.988756558770496 0
    outer loop
      vertex 8.308696426451206 24.729475719588144 4
      vertex 7.858799286186695 24.797515718000277 3.8
      vertex 8.308696426451206 24.729475719588144 3.8
    endloop
  endfacet
  facet normal 0 1 0
    outer loop
      vertex 7.858799286186695 24.936141429202898 4
      vertex 9.182300716638565 24.936141429202898 3.8
      vertex 7.858799286186695 24.936141429202898 3.8
    endloop
  endfacet
  facet normal -0.14953416829717223 -0.988756558770496 0
    outer loop
      vertex 7.858799286186695 24.797515718000277 4
      vertex 7.858799286186695 24.797515718000277 3.8
      vertex 8.308696426451206 24.729475719588144 4
    endloop
  endfacet
  facet normal 0 0 1
    outer loop
      vertex 7.858799286186695 24.797515718000277 4
      vertex 8.308696426451206 24.729475719588144 4
      vertex 7.858799286186695 24.936141429202898 4
    endloop
  endfacet
  facet normal 0 0 1
    outer loop
      vertex 7.858799286186695 24.936141429202898 4
      vertex 8.308696426451206 24.729475719588144 4
      vertex 9.182300716638565 24.936141429202898 4
    endloop
  endfacet
  facet normal 0 1 0
    outer loop
      vertex 8.813519284129143 23.03981571431671 4
      vertex 9.085524998605251 23.03981571431671 3.8
      vertex 8.813519284129143 23.03981571431671 3.8
    endloop
  endfacet
  facet normal 0 -1 0
    outer loop
      vertex 9.208452142775059 22.804375713425024 4
      vertex 8.813519284129143 22.804375713425024 3.8
      vertex 9.208452142775059 22.804375713425024 3.8
    endloop
  endfacet
  facet normal -0.12994139158372522 0.9915216763910334 0
    outer loop
      vertex 9.085524998605251 23.03981571431671 4
      vertex 9.469686783850193 23.090161075549467 3.8
      vertex 9.085524998605251 23.03981571431671 3.8
    endloop
  endfacet
  facet normal 0 -1 0
    outer loop
      vertex 8.813519284129143 22.804375713425024 4
      vertex 8.813519284129143 22.804375713425024 3.8
      vertex 9.208452142775059 22.804375713425024 4
    endloop
  endfacet
  facet normal 0 0 1
    outer loop
      vertex 8.813519284129143 22.804375713425024 4
      vertex 9.085524998605251 23.03981571431671 4
      vertex 8.813519284129143 23.03981571431671 4
    endloop
  endfacet
  facet normal 0 0 1
    outer loop
      vertex 8.813519284129143 22.804375713425024 4
      vertex 9.208452142775059 22.804375713425024 4
      vertex 9.085524998605251 23.03981571431671 4
    endloop
  endfacet
  facet normal 0 1 0
    outer loop
      vertex 8.813519284129143 23.03981571431671 4
      vertex 9.085524998605251 23.03981571431671 4
      vertex 9.085524998605251 23.03981571431671 3.8
    endloop
  endfacet
  facet normal -0.12994139158372522 0.9915216763910334 0
    outer loop
      vertex 9.085524998605251 23.03981571431671 4
      vertex 9.469686783850193 23.090161075549467 4
      vertex 9.469686783850193 23.090161075549467 3.8
    endloop
  endfacet
  facet normal 0 0 1
    outer loop
      vertex 9.208452142775059 22.804375713425024 4
      vertex 9.469686783850193 23.090161075549467 4
      vertex 9.085524998605251 23.03981571431671 4
    endloop
  endfacet
  facet normal 1 0 0
    outer loop
      vertex 8.813519284129143 24.700701428311213 4
      vertex 8.813519284129143 23.03981571431671 3.8
      vertex 8.813519284129143 24.700701428311213 3.8
    endloop
  endfacet
  facet normal 1 0 0
    outer loop
      vertex 8.813519284129143 23.03981571431671 4
      vertex 8.813519284129143 23.03981571431671 3.8
      vertex 8.813519284129143 24.700701428311213 4
    endloop
  endfacet
  facet normal 0 0 1
    outer loop
      vertex 8.308696426451206 24.729475719588144 4
      vertex 8.813519284129143 23.03981571431671 4
      vertex 8.813519284129143 24.700701428311213 4
    endloop
  endfacet
  facet normal 0.1288480034087165 -0.991664354515976 0
    outer loop
      vertex 9.746957503259182 22.87434428717409 4
      vertex 9.208452142775059 22.804375713425024 3.8
      vertex 9.746957503259182 22.87434428717409 3.8
    endloop
  endfacet
  facet normal -0.49037271114846637 0.8715128250122902 0
    outer loop
      vertex 9.469686783850193 23.090161075549467 4
      vertex 9.73811499774456 23.24119714434658 3.8
      vertex 9.469686783850193 23.090161075549467 3.8
    endloop
  endfacet
  facet normal -0.8588969713511594 0.5121484087682061 0
    outer loop
      vertex 9.73811499774456 23.24119714434658 4
      vertex 9.896036073565483 23.506038216607912 3.8
      vertex 9.73811499774456 23.24119714434658 3.8
    endloop
  endfacet
  facet normal 0.46780181574242363 -0.8838333899486325 0
    outer loop
      vertex 10.143539287149906 23.084250000970705 4
      vertex 9.746957503259182 22.87434428717409 3.8
      vertex 10.143539287149906 23.084250000970705 3.8
    endloop
  endfacet
  facet normal 0.1288480034087165 -0.991664354515976 0
    outer loop
      vertex 9.208452142775059 22.804375713425024 4
      vertex 9.208452142775059 22.804375713425024 3.8
      vertex 9.746957503259182 22.87434428717409 4
    endloop
  endfacet
  facet normal 0 0 1
    outer loop
      vertex 9.208452142775059 22.804375713425024 4
      vertex 9.746957503259182 22.87434428717409 4
      vertex 9.469686783850193 23.090161075549467 4
    endloop
  endfacet
  facet normal -0.49037271114846637 0.8715128250122902 0
    outer loop
      vertex 9.469686783850193 23.090161075549467 4
      vertex 9.73811499774456 23.24119714434658 4
      vertex 9.73811499774456 23.24119714434658 3.8
    endloop
  endfacet
  facet normal 0 0 1
    outer loop
      vertex 9.469686783850193 23.090161075549467 4
      vertex 9.746957503259182 22.87434428717409 4
      vertex 9.73811499774456 23.24119714434658 4
    endloop
  endfacet
  facet normal 0.46780181574242363 -0.8838333899486325 0
    outer loop
      vertex 9.746957503259182 22.87434428717409 4
      vertex 9.746957503259182 22.87434428717409 3.8
      vertex 10.143539287149906 23.084250000970705 4
    endloop
  endfacet
  facet normal -0.8588969713511594 0.5121484087682061 0
    outer loop
      vertex 9.73811499774456 23.24119714434658 4
      vertex 9.896036073565483 23.506038216607912 4
      vertex 9.896036073565483 23.506038216607912 3.8
    endloop
  endfacet
  facet normal 0 0 1
    outer loop
      vertex 9.746957503259182 22.87434428717409 4
      vertex 10.143539287149906 23.084250000970705 4
      vertex 9.73811499774456 23.24119714434658 4
    endloop
  endfacet
  facet normal 0 0 1
    outer loop
      vertex 9.73811499774456 23.24119714434658 4
      vertex 10.143539287149906 23.084250000970705 4
      vertex 9.896036073565483 23.506038216607912 4
    endloop
  endfacet
  facet normal -0.9910894875981537 0.13319770107786807 0
    outer loop
      vertex 9.896036073565483 23.506038216607912 4
      vertex 9.94867642968893 23.897721430020674 3.8
      vertex 9.896036073565483 23.506038216607912 3.8
    endloop
  endfacet
  facet normal -0.8532431539806126 -0.5215132981863614 0
    outer loop
      vertex 9.89832142740488 24.267823932426317 4
      vertex 9.747256428003311 24.514980001108988 3.8
      vertex 9.89832142740488 24.267823932426317 3.8
    endloop
  endfacet
  facet normal -0.9908708112127852 -0.13481481923926986 0
    outer loop
      vertex 9.94867642968893 23.897721430020674 4
      vertex 9.89832142740488 24.267823932426317 3.8
      vertex 9.94867642968893 23.897721430020674 3.8
    endloop
  endfacet
  facet normal -0.9910894875981537 0.13319770107786807 0
    outer loop
      vertex 9.896036073565483 23.506038216607912 4
      vertex 9.94867642968893 23.897721430020674 4
      vertex 9.94867642968893 23.897721430020674 3.8
    endloop
  endfacet
  facet normal -0.9908708112127852 -0.13481481923926986 0
    outer loop
      vertex 9.89832142740488 24.267823932426317 4
      vertex 9.89832142740488 24.267823932426317 3.8
      vertex 9.94867642968893 23.897721430020674 4
    endloop
  endfacet
  facet normal 0 -1 0
    outer loop
      vertex 9.069826431572437 24.700701428311213 4
      vertex 8.813519284129143 24.700701428311213 3.8
      vertex 9.069826431572437 24.700701428311213 3.8
    endloop
  endfacet
  facet normal -0.11323948703910523 -0.993567722188639 0
    outer loop
      vertex 9.477208212018013 24.654271071510657 4
      vertex 9.069826431572437 24.700701428311213 3.8
      vertex 9.477208212018013 24.654271071510657 3.8
    endloop
  endfacet
  facet normal 0 -1 0
    outer loop
      vertex 8.813519284129143 24.700701428311213 4
      vertex 8.813519284129143 24.700701428311213 3.8
      vertex 9.069826431572437 24.700701428311213 4
    endloop
  endfacet
  facet normal 0 0 1
    outer loop
      vertex 8.308696426451206 24.729475719588144 4
      vertex 8.813519284129143 24.700701428311213 4
      vertex 9.182300716638565 24.936141429202898 4
    endloop
  endfacet
  facet normal 0 1 0
    outer loop
      vertex 7.858799286186695 24.936141429202898 4
      vertex 9.182300716638565 24.936141429202898 4
      vertex 9.182300716638565 24.936141429202898 3.8
    endloop
  endfacet
  facet normal -0.11323948703910523 -0.993567722188639 0
    outer loop
      vertex 9.069826431572437 24.700701428311213 4
      vertex 9.069826431572437 24.700701428311213 3.8
      vertex 9.477208212018013 24.654271071510657 4
    endloop
  endfacet
  facet normal 0 0 1
    outer loop
      vertex 8.813519284129143 24.700701428311213 4
      vertex 9.069826431572437 24.700701428311213 4
      vertex 9.182300716638565 24.936141429202898 4
    endloop
  endfacet
  facet normal 0 0 1
    outer loop
      vertex 9.069826431572437 24.700701428311213 4
      vertex 9.477208212018013 24.654271071510657 4
      vertex 9.182300716638565 24.936141429202898 4
    endloop
  endfacet
  facet normal -0.45841251403679817 -0.8887395383206839 0
    outer loop
      vertex 9.747256428003311 24.514980001108988 4
      vertex 9.477208212018013 24.654271071510657 3.8
      vertex 9.747256428003311 24.514980001108988 3.8
    endloop
  endfacet
  facet normal 0.258516737981681 0.9660067785390074 0
    outer loop
      vertex 9.182300716638565 24.936141429202898 4
      vertex 10.147473573684692 24.677847860114916 3.8
      vertex 9.182300716638565 24.936141429202898 3.8
    endloop
  endfacet
  facet normal -0.45841251403679817 -0.8887395383206839 0
    outer loop
      vertex 9.477208212018013 24.654271071510657 4
      vertex 9.477208212018013 24.654271071510657 3.8
      vertex 9.747256428003311 24.514980001108988 4
    endloop
  endfacet
  facet normal 0 0 1
    outer loop
      vertex 9.182300716638565 24.936141429202898 4
      vertex 9.477208212018013 24.654271071510657 4
      vertex 10.147473573684692 24.677847860114916 4
    endloop
  endfacet
  facet normal -0.8532431539806126 -0.5215132981863614 0
    outer loop
      vertex 9.89832142740488 24.267823932426317 4
      vertex 9.747256428003311 24.514980001108988 4
      vertex 9.747256428003311 24.514980001108988 3.8
    endloop
  endfacet
  facet normal 0.258516737981681 0.9660067785390074 0
    outer loop
      vertex 9.182300716638565 24.936141429202898 4
      vertex 10.147473573684692 24.677847860114916 4
      vertex 10.147473573684692 24.677847860114916 3.8
    endloop
  endfacet
  facet normal 0 0 1
    outer loop
      vertex 9.477208212018013 24.654271071510657 4
      vertex 9.747256428003311 24.514980001108988 4
      vertex 10.147473573684692 24.677847860114916 4
    endloop
  endfacet
  facet normal 0 0 1
    outer loop
      vertex 9.89832142740488 24.267823932426317 4
      vertex 10.147473573684692 24.677847860114916 4
      vertex 9.747256428003311 24.514980001108988 4
    endloop
  endfacet
  facet normal 0.815867419230884 -0.5782390113417952 0
    outer loop
      vertex 10.387783214449883 23.42886642898832 4
      vertex 10.143539287149906 23.084250000970705 3.8
      vertex 10.387783214449883 23.42886642898832 3.8
    endloop
  endfacet
  facet normal 0.815867419230884 -0.5782390113417952 0
    outer loop
      vertex 10.143539287149906 23.084250000970705 4
      vertex 10.143539287149906 23.084250000970705 3.8
      vertex 10.387783214449883 23.42886642898832 4
    endloop
  endfacet
  facet normal 0 0 1
    outer loop
      vertex 9.896036073565483 23.506038216607912 4
      vertex 10.143539287149906 23.084250000970705 4
      vertex 10.387783214449883 23.42886642898832 4
    endloop
  endfacet
  facet normal 0.9855736664996093 -0.16924700263968256 0
    outer loop
      vertex 10.469197854399681 23.90296714540039 4
      vertex 10.387783214449883 23.42886642898832 3.8
      vertex 10.469197854399681 23.90296714540039 3.8
    endloop
  endfacet
  facet normal 0.9855736664996093 -0.16924700263968256 0
    outer loop
      vertex 10.387783214449883 23.42886642898832 4
      vertex 10.387783214449883 23.42886642898832 3.8
      vertex 10.469197854399681 23.90296714540039 4
    endloop
  endfacet
  facet normal 0 0 1
    outer loop
      vertex 9.896036073565483 23.506038216607912 4
      vertex 10.387783214449883 23.42886642898832 4
      vertex 9.94867642968893 23.897721430020674 4
    endloop
  endfacet
  facet normal 0 0 1
    outer loop
      vertex 10.387783214449883 23.42886642898832 4
      vertex 10.469197854399681 23.90296714540039 4
      vertex 9.94867642968893 23.897721430020674 4
    endloop
  endfacet
  facet normal 0.9235597206239269 0.38345461588179375 0
    outer loop
      vertex 10.469197854399681 23.90296714540039 4
      vertex 10.469197854399681 23.90296714540039 3.8
      vertex 10.147473573684692 24.677847860114916 4
    endloop
  endfacet
  facet normal 0 0 1
    outer loop
      vertex 9.89832142740488 24.267823932426317 4
      vertex 9.94867642968893 23.897721430020674 4
      vertex 10.469197854399681 23.90296714540039 4
    endloop
  endfacet
  facet normal 0 0 1
    outer loop
      vertex 9.89832142740488 24.267823932426317 4
      vertex 10.469197854399681 23.90296714540039 4
      vertex 10.147473573684692 24.677847860114916 4
    endloop
  endfacet
  facet normal -1 0 0
    outer loop
      vertex 11.327296428382397 21.63782143379961 4
      vertex 11.327296428382397 24.729475719588144 3.8
      vertex 11.327296428382397 21.63782143379961 3.8
    endloop
  endfacet
  facet normal 0 0 1
    outer loop
      vertex 11.327296428382397 21.63782143379961 4
      vertex 11.829496428370476 21.63782143379961 4
      vertex 11.327296428382397 24.729475719588144 4
    endloop
  endfacet
  facet normal -1 0 0
    outer loop
      vertex 11.327296428382397 21.63782143379961 4
      vertex 11.327296428382397 24.729475719588144 4
      vertex 11.327296428382397 24.729475719588144 3.8
    endloop
  endfacet
  facet normal 0.9235597206239269 0.38345461588179375 0
    outer loop
      vertex 10.147473573684692 24.677847860114916 4
      vertex 10.469197854399681 23.90296714540039 3.8
      vertex 10.147473573684692 24.677847860114916 3.8
    endloop
  endfacet
  facet normal -1 0 0
    outer loop
      vertex 10.877399288117886 24.797515718000277 4
      vertex 10.877399288117886 24.936141429202898 3.8
      vertex 10.877399288117886 24.797515718000277 3.8
    endloop
  endfacet
  facet normal -0.14953416829717223 -0.988756558770496 0
    outer loop
      vertex 11.327296428382397 24.729475719588144 4
      vertex 10.877399288117886 24.797515718000277 3.8
      vertex 11.327296428382397 24.729475719588144 3.8
    endloop
  endfacet
  facet normal 0 1 0
    outer loop
      vertex 10.877399288117886 24.936141429202898 4
      vertex 12.279393568634987 24.936141429202898 3.8
      vertex 10.877399288117886 24.936141429202898 3.8
    endloop
  endfacet
  facet normal -0.14953416829717223 -0.988756558770496 0
    outer loop
      vertex 10.877399288117886 24.797515718000277 4
      vertex 10.877399288117886 24.797515718000277 3.8
      vertex 11.327296428382397 24.729475719588144 4
    endloop
  endfacet
  facet normal 0 0 1
    outer loop
      vertex 10.877399288117886 24.797515718000277 4
      vertex 11.327296428382397 24.729475719588144 4
      vertex 10.877399288117886 24.936141429202898 4
    endloop
  endfacet
  facet normal -1 0 0
    outer loop
      vertex 10.877399288117886 24.797515718000277 4
      vertex 10.877399288117886 24.936141429202898 4
      vertex 10.877399288117886 24.936141429202898 3.8
    endloop
  endfacet
  facet normal 0 0 1
    outer loop
      vertex 10.877399288117886 24.936141429202898 4
      vertex 11.327296428382397 24.729475719588144 4
      vertex 11.829496428370476 24.729475719588144 4
    endloop
  endfacet
  facet normal 0.9327989304574206 -0.3603972188259672 0
    outer loop
      vertex 11.839246429502964 5.583364290850504 4
      vertex 11.320482142269611 4.24067143137966 3.8
      vertex 11.839246429502964 5.583364290850504 3.8
    endloop
  endfacet
  facet normal -0.9322305810279597 0.3618648142556451 0
    outer loop
      vertex 11.349539287388325 4.746364285903319 4
      vertex 11.874110713601112 6.097757143633707 3.8
      vertex 11.349539287388325 4.746364285903319 3.8
    endloop
  endfacet
  facet normal -0.9358329255052348 -0.352443946664308 0
    outer loop
      vertex 12.344917856156826 4.24067143137966 4
      vertex 11.839246429502964 5.583364290850504 3.8
      vertex 12.344917856156826 4.24067143137966 3.8
    endloop
  endfacet
  facet normal 0 0 1
    outer loop
      vertex 11.320482142269611 4.24067143137966 4
      vertex 11.839246429502964 5.583364290850504 4
      vertex 11.349539287388325 4.746364285903319 4
    endloop
  endfacet
  facet normal 0 0 1
    outer loop
      vertex 11.349539287388325 4.746364285903319 4
      vertex 11.839246429502964 5.583364290850504 4
      vertex 11.874110713601112 6.097757143633707 4
    endloop
  endfacet
  facet normal -0.9358329255052348 -0.352443946664308 0
    outer loop
      vertex 12.344917856156826 4.24067143137966 4
      vertex 11.839246429502964 5.583364290850504 4
      vertex 11.839246429502964 5.583364290850504 3.8
    endloop
  endfacet
  facet normal 0 0 1
    outer loop
      vertex 12.344917856156826 4.24067143137966 4
      vertex 12.445182144641876 4.746364285903319 4
      vertex 11.839246429502964 5.583364290850504 4
    endloop
  endfacet
  facet normal 0 0 1
    outer loop
      vertex 11.839246429502964 5.583364290850504 4
      vertex 12.445182144641876 4.746364285903319 4
      vertex 11.874110713601112 6.097757143633707 4
    endloop
  endfacet
  facet normal 0 -1 0
    outer loop
      vertex 12.421932145953178 4.24067143137966 4
      vertex 12.344917856156826 4.24067143137966 3.8
      vertex 12.421932145953178 4.24067143137966 3.8
    endloop
  endfacet
  facet normal 0 -1 0
    outer loop
      vertex 12.344917856156826 4.24067143137966 4
      vertex 12.344917856156826 4.24067143137966 3.8
      vertex 12.421932145953178 4.24067143137966 4
    endloop
  endfacet
  facet normal -0.9519540342376602 0.30624094549658687 0
    outer loop
      vertex 12.445182144641876 4.746364285903319 4
      vertex 12.886932142078876 6.119550002472742 3.8
      vertex 12.445182144641876 4.746364285903319 3.8
    endloop
  endfacet
  facet normal 0.9471327697147015 -0.32084188712286027 0
    outer loop
      vertex 13.058403573930264 6.119550002472742 4
      vertex 12.421932145953178 4.24067143137966 3.8
      vertex 13.058403573930264 6.119550002472742 3.8
    endloop
  endfacet
  facet normal 0.9365797790095693 0.35045444432962525 0
    outer loop
      vertex 11.939510717988014 6.097757143633707 4
      vertex 12.445182144641876 4.746364285903319 4
      vertex 12.445182144641876 4.746364285903319 3.8
    endloop
  endfacet
  facet normal 0.9471327697147015 -0.32084188712286027 0
    outer loop
      vertex 12.421932145953178 4.24067143137966 4
      vertex 12.421932145953178 4.24067143137966 3.8
      vertex 13.058403573930264 6.119550002472742 4
    endloop
  endfacet
  facet normal 0 0 1
    outer loop
      vertex 12.344917856156826 4.24067143137966 4
      vertex 12.421932145953178 4.24067143137966 4
      vertex 13.058403573930264 6.119550002472742 4
    endloop
  endfacet
  facet normal 0 0 1
    outer loop
      vertex 12.344917856156826 4.24067143137966 4
      vertex 13.058403573930264 6.119550002472742 4
      vertex 12.445182144641876 4.746364285903319 4
    endloop
  endfacet
  facet normal 0.9365797790095693 0.35045444432962525 0
    outer loop
      vertex 11.939510717988014 6.097757143633707 4
      vertex 12.445182144641876 4.746364285903319 3.8
      vertex 11.939510717988014 6.097757143633707 3.8
    endloop
  endfacet
  facet normal 0 1 0
    outer loop
      vertex 11.874110713601112 6.097757143633707 4
      vertex 11.939510717988014 6.097757143633707 3.8
      vertex 11.874110713601112 6.097757143633707 3.8
    endloop
  endfacet
  facet normal -0.9322305810279597 0.3618648142556451 0
    outer loop
      vertex 11.349539287388325 4.746364285903319 4
      vertex 11.874110713601112 6.097757143633707 4
      vertex 11.874110713601112 6.097757143633707 3.8
    endloop
  endfacet
  facet normal 0 0 1
    outer loop
      vertex 11.874110713601112 6.097757143633707 4
      vertex 12.445182144641876 4.746364285903319 4
      vertex 11.939510717988014 6.097757143633707 4
    endloop
  endfacet
  facet normal 0 1 0
    outer loop
      vertex 11.874110713601112 6.097757143633707 4
      vertex 11.939510717988014 6.097757143633707 4
      vertex 11.939510717988014 6.097757143633707 3.8
    endloop
  endfacet
  facet normal -1 0 0
    outer loop
      vertex 12.583246432244778 6.1573500015905935 4
      vertex 12.583246432244778 6.234364291386946 3.8
      vertex 12.583246432244778 6.1573500015905935 3.8
    endloop
  endfacet
  facet normal -0.12351763605599231 -0.9923423771980815 0
    outer loop
      vertex 12.886932142078876 6.119550002472742 4
      vertex 12.583246432244778 6.1573500015905935 3.8
      vertex 12.886932142078876 6.119550002472742 3.8
    endloop
  endfacet
  facet normal 0 1 0
    outer loop
      vertex 12.583246432244778 6.234364291386946 4
      vertex 13.228417858481407 6.234364291386946 3.8
      vertex 12.583246432244778 6.234364291386946 3.8
    endloop
  endfacet
  facet normal -0.9519540342376602 0.30624094549658687 0
    outer loop
      vertex 12.445182144641876 4.746364285903319 4
      vertex 12.886932142078876 6.119550002472742 4
      vertex 12.886932142078876 6.119550002472742 3.8
    endloop
  endfacet
  facet normal 0 0 1
    outer loop
      vertex 12.445182144641876 4.746364285903319 4
      vertex 13.058403573930264 6.119550002472742 4
      vertex 12.886932142078876 6.119550002472742 4
    endloop
  endfacet
  facet normal -1 0 0
    outer loop
      vertex 12.583246432244778 6.1573500015905935 4
      vertex 12.583246432244778 6.234364291386946 4
      vertex 12.583246432244778 6.234364291386946 3.8
    endloop
  endfacet
  facet normal -0.12351763605599231 -0.9923423771980815 0
    outer loop
      vertex 12.583246432244778 6.1573500015905935 4
      vertex 12.583246432244778 6.1573500015905935 3.8
      vertex 12.886932142078876 6.119550002472742 4
    endloop
  endfacet
  facet normal 0 0 1
    outer loop
      vertex 12.583246432244778 6.1573500015905935 4
      vertex 12.886932142078876 6.119550002472742 4
      vertex 12.583246432244778 6.234364291386946 4
    endloop
  endfacet
  facet normal 0 0 1
    outer loop
      vertex 12.583246432244778 6.234364291386946 4
      vertex 12.886932142078876 6.119550002472742 4
      vertex 13.058403573930264 6.119550002472742 4
    endloop
  endfacet
  facet normal -1 0 0
    outer loop
      vertex 13.320153571665287 4.285714288907393 4
      vertex 13.320153571665287 4.3627285712531645 3.8
      vertex 13.320153571665287 4.285714288907393 3.8
    endloop
  endfacet
  facet normal -0.15507962391348845 0.9879019740069613 0
    outer loop
      vertex 13.320153571665287 4.3627285712531645 4
      vertex 13.570096425712109 4.401964289801462 3.8
      vertex 13.320153571665287 4.3627285712531645 3.8
    endloop
  endfacet
  facet normal -1 0 0
    outer loop
      vertex 13.320153571665287 4.285714288907393 4
      vertex 13.320153571665287 4.3627285712531645 4
      vertex 13.320153571665287 4.3627285712531645 3.8
    endloop
  endfacet
  facet normal 0 -1 0
    outer loop
      vertex 13.320153571665287 4.285714288907393 4
      vertex 13.320153571665287 4.285714288907393 3.8
      vertex 13.984224997460842 4.285714288907393 4
    endloop
  endfacet
  facet normal -0.15507962391348845 0.9879019740069613 0
    outer loop
      vertex 13.320153571665287 4.3627285712531645 4
      vertex 13.570096425712109 4.401964289801462 4
      vertex 13.570096425712109 4.401964289801462 3.8
    endloop
  endfacet
  facet normal 0 0 1
    outer loop
      vertex 13.320153571665287 4.285714288907393 4
      vertex 13.570096425712109 4.401964289801462 4
      vertex 13.320153571665287 4.3627285712531645 4
    endloop
  endfacet
  facet normal 0 0 1
    outer loop
      vertex 13.320153571665287 4.285714288907393 4
      vertex 13.984224997460842 4.285714288907393 4
      vertex 13.570096425712109 4.401964289801462 4
    endloop
  endfacet
  facet normal -1 0 0
    outer loop
      vertex 13.570096425712109 4.401964289801462 4
      vertex 13.570096425712109 6.119550002472742 3.8
      vertex 13.570096425712109 4.401964289801462 3.8
    endloop
  endfacet
  facet normal -1 0 0
    outer loop
      vertex 13.570096425712109 4.401964289801462 4
      vertex 13.570096425712109 6.119550002472742 4
      vertex 13.570096425712109 6.119550002472742 3.8
    endloop
  endfacet
  facet normal 0 0 1
    outer loop
      vertex 13.570096425712109 4.401964289801462 4
      vertex 13.72266785800457 6.038185720997198 4
      vertex 13.570096425712109 6.119550002472742 4
    endloop
  endfacet
  facet normal 0 -1 0
    outer loop
      vertex 13.984224997460842 4.285714288907393 4
      vertex 13.320153571665287 4.285714288907393 3.8
      vertex 13.984224997460842 4.285714288907393 3.8
    endloop
  endfacet
  facet normal 0.14834839433066108 0.9889351616256319 0
    outer loop
      vertex 13.72266785800457 4.401964289801462 4
      vertex 13.984224997460842 4.3627285712531645 3.8
      vertex 13.72266785800457 4.401964289801462 3.8
    endloop
  endfacet
  facet normal 1 0 0
    outer loop
      vertex 13.984224997460842 4.3627285712531645 4
      vertex 13.984224997460842 4.285714288907393 3.8
      vertex 13.984224997460842 4.3627285712531645 3.8
    endloop
  endfacet
  facet normal 0.14834839433066108 0.9889351616256319 0
    outer loop
      vertex 13.72266785800457 4.401964289801462 4
      vertex 13.984224997460842 4.3627285712531645 4
      vertex 13.984224997460842 4.3627285712531645 3.8
    endloop
  endfacet
  facet normal 1 0 0
    outer loop
      vertex 13.984224997460842 4.285714288907393 4
      vertex 13.984224997460842 4.285714288907393 3.8
      vertex 13.984224997460842 4.3627285712531645 4
    endloop
  endfacet
  facet normal 0 0 1
    outer loop
      vertex 13.570096425712109 4.401964289801462 4
      vertex 13.984224997460842 4.285714288907393 4
      vertex 13.72266785800457 4.401964289801462 4
    endloop
  endfacet
  facet normal 0 0 1
    outer loop
      vertex 13.72266785800457 4.401964289801462 4
      vertex 13.984224997460842 4.285714288907393 4
      vertex 13.984224997460842 4.3627285712531645 4
    endloop
  endfacet
  facet normal 1 0 0
    outer loop
      vertex 13.72266785800457 6.038185720997198 4
      vertex 13.72266785800457 4.401964289801462 3.8
      vertex 13.72266785800457 6.038185720997198 3.8
    endloop
  endfacet
  facet normal 1 0 0
    outer loop
      vertex 13.72266785800457 4.401964289801462 4
      vertex 13.72266785800457 4.401964289801462 3.8
      vertex 13.72266785800457 6.038185720997198 4
    endloop
  endfacet
  facet normal 0 0 1
    outer loop
      vertex 13.570096425712109 4.401964289801462 4
      vertex 13.72266785800457 4.401964289801462 4
      vertex 13.72266785800457 6.038185720997198 4
    endloop
  endfacet
  facet normal -0.8247198489429802 -0.5655414845610071 0
    outer loop
      vertex 13.72266785800457 6.038185720997198 4
      vertex 13.72266785800457 6.038185720997198 3.8
      vertex 14.924403570592403 4.285714288907393 4
    endloop
  endfacet
  facet normal 0.21703467150215217 -0.9761638957500698 0
    outer loop
      vertex 13.228417858481407 6.1573500015905935 4
      vertex 13.058403573930264 6.119550002472742 3.8
      vertex 13.228417858481407 6.1573500015905935 3.8
    endloop
  endfacet
  facet normal 1 0 0
    outer loop
      vertex 13.228417858481407 6.234364291386946 4
      vertex 13.228417858481407 6.1573500015905935 3.8
      vertex 13.228417858481407 6.234364291386946 3.8
    endloop
  endfacet
  facet normal -1 0 0
    outer loop
      vertex 13.320153571665287 6.1573500015905935 4
      vertex 13.320153571665287 6.234364291386946 3.8
      vertex 13.320153571665287 6.1573500015905935 3.8
    endloop
  endfacet
  facet normal -0.1495341692655751 -0.9887565586240399 0
    outer loop
      vertex 13.570096425712109 6.119550002472742 4
      vertex 13.320153571665287 6.1573500015905935 3.8
      vertex 13.570096425712109 6.119550002472742 3.8
    endloop
  endfacet
  facet normal 0 1 0
    outer loop
      vertex 13.320153571665287 6.234364291386946 4
      vertex 13.910125002264977 6.234364291386946 3.8
      vertex 13.320153571665287 6.234364291386946 3.8
    endloop
  endfacet
  facet normal 0 1 0
    outer loop
      vertex 12.583246432244778 6.234364291386946 4
      vertex 13.228417858481407 6.234364291386946 4
      vertex 13.228417858481407 6.234364291386946 3.8
    endloop
  endfacet
  facet normal 0.21703467150215217 -0.9761638957500698 0
    outer loop
      vertex 13.058403573930264 6.119550002472742 4
      vertex 13.058403573930264 6.119550002472742 3.8
      vertex 13.228417858481407 6.1573500015905935 4
    endloop
  endfacet
  facet normal 1 0 0
    outer loop
      vertex 13.228417858481407 6.1573500015905935 4
      vertex 13.228417858481407 6.1573500015905935 3.8
      vertex 13.228417858481407 6.234364291386946 4
    endloop
  endfacet
  facet normal 0 0 1
    outer loop
      vertex 12.583246432244778 6.234364291386946 4
      vertex 13.058403573930264 6.119550002472742 4
      vertex 13.228417858481407 6.234364291386946 4
    endloop
  endfacet
  facet normal 0 0 1
    outer loop
      vertex 13.058403573930264 6.119550002472742 4
      vertex 13.228417858481407 6.1573500015905935 4
      vertex 13.228417858481407 6.234364291386946 4
    endloop
  endfacet
  facet normal -1 0 0
    outer loop
      vertex 13.320153571665287 6.1573500015905935 4
      vertex 13.320153571665287 6.234364291386946 4
      vertex 13.320153571665287 6.234364291386946 3.8
    endloop
  endfacet
  facet normal -0.1495341692655751 -0.9887565586240399 0
    outer loop
      vertex 13.320153571665287 6.1573500015905935 4
      vertex 13.320153571665287 6.1573500015905935 3.8
      vertex 13.570096425712109 6.119550002472742 4
    endloop
  endfacet
  facet normal 0 0 1
    outer loop
      vertex 13.320153571665287 6.1573500015905935 4
      vertex 13.570096425712109 6.119550002472742 4
      vertex 13.320153571665287 6.234364291386946 4
    endloop
  endfacet
  facet normal 0 0 1
    outer loop
      vertex 13.320153571665287 6.234364291386946 4
      vertex 13.570096425712109 6.119550002472742 4
      vertex 13.910125002264977 6.234364291386946 4
    endloop
  endfacet
  facet normal 0.8212128117190913 0.5706220446744275 0
    outer loop
      vertex 13.910125002264977 6.234364291386946 4
      vertex 14.912767857313156 4.7914071434310515 3.8
      vertex 13.910125002264977 6.234364291386946 3.8
    endloop
  endfacet
  facet normal 0 1 0
    outer loop
      vertex 13.320153571665287 6.234364291386946 4
      vertex 13.910125002264977 6.234364291386946 4
      vertex 13.910125002264977 6.234364291386946 3.8
    endloop
  endfacet
  facet normal 0 0 1
    outer loop
      vertex 13.570096425712109 6.119550002472742 4
      vertex 13.72266785800457 6.038185720997198 4
      vertex 13.910125002264977 6.234364291386946 4
    endloop
  endfacet
  facet normal 0 0 1
    outer loop
      vertex 13.72266785800457 6.038185720997198 4
      vertex 14.912767857313156 4.7914071434310515 4
      vertex 13.910125002264977 6.234364291386946 4
    endloop
  endfacet
  facet normal 0 -1 0
    outer loop
      vertex 15.065360717475414 4.285714288907393 4
      vertex 14.924403570592403 4.285714288907393 3.8
      vertex 15.065360717475414 4.285714288907393 3.8
    endloop
  endfacet
  facet normal 0 -1 0
    outer loop
      vertex 14.924403570592403 4.285714288907393 4
      vertex 14.924403570592403 4.285714288907393 3.8
      vertex 15.065360717475414 4.285714288907393 4
    endloop
  endfacet
  facet normal -0.8247198489429802 -0.5655414845610071 0
    outer loop
      vertex 14.924403570592403 4.285714288907393 4
      vertex 13.72266785800457 6.038185720997198 3.8
      vertex 14.924403570592403 4.285714288907393 3.8
    endloop
  endfacet
  facet normal -1 0 0
    outer loop
      vertex 14.912767857313156 4.7914071434310515 4
      vertex 14.912767857313156 6.119550002472742 3.8
      vertex 14.912767857313156 4.7914071434310515 3.8
    endloop
  endfacet
  facet normal 1 0 0
    outer loop
      vertex 15.065360717475414 6.119550002472742 4
      vertex 15.065360717475414 4.285714288907393 3.8
      vertex 15.065360717475414 6.119550002472742 3.8
    endloop
  endfacet
  facet normal 0 0 1
    outer loop
      vertex 13.72266785800457 6.038185720997198 4
      vertex 14.924403570592403 4.285714288907393 4
      vertex 15.065360717475414 4.285714288907393 4
    endloop
  endfacet
  facet normal 0 0 1
    outer loop
      vertex 13.72266785800457 6.038185720997198 4
      vertex 15.065360717475414 4.285714288907393 4
      vertex 14.912767857313156 4.7914071434310515 4
    endloop
  endfacet
  facet normal 0.8212128117190913 0.5706220446744275 0
    outer loop
      vertex 13.910125002264977 6.234364291386946 4
      vertex 14.912767857313156 4.7914071434310515 4
      vertex 14.912767857313156 4.7914071434310515 3.8
    endloop
  endfacet
  facet normal 1 0 0
    outer loop
      vertex 15.065360717475414 4.285714288907393 4
      vertex 15.065360717475414 4.285714288907393 3.8
      vertex 15.065360717475414 6.119550002472742 4
    endloop
  endfacet
  facet normal 0 0 1
    outer loop
      vertex 15.065360717475414 4.285714288907393 4
      vertex 15.065360717475414 6.119550002472742 4
      vertex 14.912767857313156 4.7914071434310515 4
    endloop
  endfacet
  facet normal -1 0 0
    outer loop
      vertex 15.46946071088314 4.285714288907393 4
      vertex 15.46946071088314 4.3627285712531645 3.8
      vertex 15.46946071088314 4.285714288907393 3.8
    endloop
  endfacet
  facet normal -0.1550796194018756 0.9879019747151888 0
    outer loop
      vertex 15.46946071088314 4.3627285712531645 4
      vertex 15.719403572380543 4.401964289801462 3.8
      vertex 15.46946071088314 4.3627285712531645 3.8
    endloop
  endfacet
  facet normal -1 0 0
    outer loop
      vertex 15.46946071088314 4.285714288907393 4
      vertex 15.46946071088314 4.3627285712531645 4
      vertex 15.46946071088314 4.3627285712531645 3.8
    endloop
  endfacet
  facet normal 0 -1 0
    outer loop
      vertex 15.46946071088314 4.285714288907393 4
      vertex 15.46946071088314 4.285714288907393 3.8
      vertex 16.133532144129276 4.285714288907393 4
    endloop
  endfacet
  facet normal -0.1550796194018756 0.9879019747151888 0
    outer loop
      vertex 15.46946071088314 4.3627285712531645 4
      vertex 15.719403572380543 4.401964289801462 4
      vertex 15.719403572380543 4.401964289801462 3.8
    endloop
  endfacet
  facet normal 0 0 1
    outer loop
      vertex 15.46946071088314 4.285714288907393 4
      vertex 15.719403572380543 4.401964289801462 4
      vertex 15.46946071088314 4.3627285712531645 4
    endloop
  endfacet
  facet normal 0 0 1
    outer loop
      vertex 15.46946071088314 4.285714288907393 4
      vertex 16.133532144129276 4.285714288907393 4
      vertex 15.719403572380543 4.401964289801462 4
    endloop
  endfacet
  facet normal -1 0 0
    outer loop
      vertex 15.719403572380543 4.401964289801462 4
      vertex 15.719403572380543 6.119550002472742 3.8
      vertex 15.719403572380543 4.401964289801462 3.8
    endloop
  endfacet
  facet normal -1 0 0
    outer loop
      vertex 15.719403572380543 4.401964289801462 4
      vertex 15.719403572380543 6.119550002472742 4
      vertex 15.719403572380543 6.119550002472742 3.8
    endloop
  endfacet
  facet normal 0 0 1
    outer loop
      vertex 15.719403572380543 4.401964289801462 4
      vertex 15.871974997222424 6.038185720997198 4
      vertex 15.719403572380543 6.119550002472742 4
    endloop
  endfacet
  facet normal -1 0 0
    outer loop
      vertex 14.651210717856884 6.1573500015905935 4
      vertex 14.651210717856884 6.234364291386946 3.8
      vertex 14.651210717856884 6.1573500015905935 3.8
    endloop
  endfacet
  facet normal -0.14303312796849924 -0.9897179013757136 0
    outer loop
      vertex 14.912767857313156 6.119550002472742 4
      vertex 14.651210717856884 6.1573500015905935 3.8
      vertex 14.912767857313156 6.119550002472742 3.8
    endloop
  endfacet
  facet normal 0 1 0
    outer loop
      vertex 14.651210717856884 6.234364291386946 4
      vertex 15.315303571522236 6.234364291386946 3.8
      vertex 14.651210717856884 6.234364291386946 3.8
    endloop
  endfacet
  facet normal -1 0 0
    outer loop
      vertex 14.651210717856884 6.1573500015905935 4
      vertex 14.651210717856884 6.234364291386946 4
      vertex 14.651210717856884 6.234364291386946 3.8
    endloop
  endfacet
  facet normal -1 0 0
    outer loop
      vertex 14.912767857313156 4.7914071434310515 4
      vertex 14.912767857313156 6.119550002472742 4
      vertex 14.912767857313156 6.119550002472742 3.8
    endloop
  endfacet
  facet normal 0 0 1
    outer loop
      vertex 14.912767857313156 4.7914071434310515 4
      vertex 15.065360717475414 6.119550002472742 4
      vertex 14.912767857313156 6.119550002472742 4
    endloop
  endfacet
  facet normal -0.14303312796849924 -0.9897179013757136 0
    outer loop
      vertex 14.651210717856884 6.1573500015905935 4
      vertex 14.651210717856884 6.1573500015905935 3.8
      vertex 14.912767857313156 6.119550002472742 4
    endloop
  endfacet
  facet normal 0 0 1
    outer loop
      vertex 14.651210717856884 6.1573500015905935 4
      vertex 14.912767857313156 6.119550002472742 4
      vertex 14.651210717856884 6.234364291386946 4
    endloop
  endfacet
  facet normal 0 0 1
    outer loop
      vertex 14.651210717856884 6.234364291386946 4
      vertex 14.912767857313156 6.119550002472742 4
      vertex 15.065360717475414 6.119550002472742 4
    endloop
  endfacet
  facet normal 0 0 1
    outer loop
      vertex 14.651210717856884 6.234364291386946 4
      vertex 15.065360717475414 6.119550002472742 4
      vertex 15.315303571522236 6.234364291386946 4
    endloop
  endfacet
  facet normal 0.1495341692655751 -0.9887565586240399 0
    outer loop
      vertex 15.315303571522236 6.1573500015905935 4
      vertex 15.065360717475414 6.119550002472742 3.8
      vertex 15.315303571522236 6.1573500015905935 3.8
    endloop
  endfacet
  facet normal 1 0 0
    outer loop
      vertex 15.315303571522236 6.234364291386946 4
      vertex 15.315303571522236 6.1573500015905935 3.8
      vertex 15.315303571522236 6.234364291386946 3.8
    endloop
  endfacet
  facet normal -1 0 0
    outer loop
      vertex 15.46946071088314 6.1573500015905935 4
      vertex 15.46946071088314 6.234364291386946 3.8
      vertex 15.46946071088314 6.1573500015905935 3.8
    endloop
  endfacet
  facet normal -0.14953416490776222 -0.9887565592830917 0
    outer loop
      vertex 15.719403572380543 6.119550002472742 4
      vertex 15.46946071088314 6.1573500015905935 3.8
      vertex 15.719403572380543 6.119550002472742 3.8
    endloop
  endfacet
  facet normal 0 1 0
    outer loop
      vertex 15.46946071088314 6.234364291386946 4
      vertex 16.05943214148283 6.234364291386946 3.8
      vertex 15.46946071088314 6.234364291386946 3.8
    endloop
  endfacet
  facet normal 0.1495341692655751 -0.9887565586240399 0
    outer loop
      vertex 15.065360717475414 6.119550002472742 4
      vertex 15.065360717475414 6.119550002472742 3.8
      vertex 15.315303571522236 6.1573500015905935 4
    endloop
  endfacet
  facet normal 0 1 0
    outer loop
      vertex 14.651210717856884 6.234364291386946 4
      vertex 15.315303571522236 6.234364291386946 4
      vertex 15.315303571522236 6.234364291386946 3.8
    endloop
  endfacet
  facet normal 1 0 0
    outer loop
      vertex 15.315303571522236 6.1573500015905935 4
      vertex 15.315303571522236 6.1573500015905935 3.8
      vertex 15.315303571522236 6.234364291386946 4
    endloop
  endfacet
  facet normal 0 0 1
    outer loop
      vertex 15.065360717475414 6.119550002472742 4
      vertex 15.315303571522236 6.1573500015905935 4
      vertex 15.315303571522236 6.234364291386946 4
    endloop
  endfacet
  facet normal -1 0 0
    outer loop
      vertex 15.46946071088314 6.1573500015905935 4
      vertex 15.46946071088314 6.234364291386946 4
      vertex 15.46946071088314 6.234364291386946 3.8
    endloop
  endfacet
  facet normal -0.14953416490776222 -0.9887565592830917 0
    outer loop
      vertex 15.46946071088314 6.1573500015905935 4
      vertex 15.46946071088314 6.1573500015905935 3.8
      vertex 15.719403572380543 6.119550002472742 4
    endloop
  endfacet
  facet normal 0 0 1
    outer loop
      vertex 15.46946071088314 6.1573500015905935 4
      vertex 15.719403572380543 6.119550002472742 4
      vertex 15.46946071088314 6.234364291386946 4
    endloop
  endfacet
  facet normal 0 0 1
    outer loop
      vertex 15.46946071088314 6.234364291386946 4
      vertex 15.719403572380543 6.119550002472742 4
      vertex 16.05943214148283 6.234364291386946 4
    endloop
  endfacet
  facet normal 0 -1 0
    outer loop
      vertex 16.133532144129276 4.285714288907393 4
      vertex 15.46946071088314 4.285714288907393 3.8
      vertex 16.133532144129276 4.285714288907393 3.8
    endloop
  endfacet
  facet normal 0.1483483901978837 0.9889351622455824 0
    outer loop
      vertex 15.871974997222424 4.401964289801462 4
      vertex 16.133532144129276 4.3627285712531645 3.8
      vertex 15.871974997222424 4.401964289801462 3.8
    endloop
  endfacet
  facet normal 1 0 0
    outer loop
      vertex 16.133532144129276 4.3627285712531645 4
      vertex 16.133532144129276 4.285714288907393 3.8
      vertex 16.133532144129276 4.3627285712531645 3.8
    endloop
  endfacet
  facet normal 0.1483483901978837 0.9889351622455824 0
    outer loop
      vertex 15.871974997222424 4.401964289801462 4
      vertex 16.133532144129276 4.3627285712531645 4
      vertex 16.133532144129276 4.3627285712531645 3.8
    endloop
  endfacet
  facet normal 1 0 0
    outer loop
      vertex 16.133532144129276 4.285714288907393 4
      vertex 16.133532144129276 4.285714288907393 3.8
      vertex 16.133532144129276 4.3627285712531645 4
    endloop
  endfacet
  facet normal 0 0 1
    outer loop
      vertex 15.719403572380543 4.401964289801462 4
      vertex 16.133532144129276 4.285714288907393 4
      vertex 15.871974997222424 4.401964289801462 4
    endloop
  endfacet
  facet normal 0 0 1
    outer loop
      vertex 15.871974997222424 4.401964289801462 4
      vertex 16.133532144129276 4.285714288907393 4
      vertex 16.133532144129276 4.3627285712531645 4
    endloop
  endfacet
  facet normal 1 0 0
    outer loop
      vertex 15.871974997222424 6.038185720997198 4
      vertex 15.871974997222424 4.401964289801462 3.8
      vertex 15.871974997222424 6.038185720997198 3.8
    endloop
  endfacet
  facet normal 1 0 0
    outer loop
      vertex 15.871974997222424 4.401964289801462 4
      vertex 15.871974997222424 4.401964289801462 3.8
      vertex 15.871974997222424 6.038185720997198 4
    endloop
  endfacet
  facet normal 0 0 1
    outer loop
      vertex 15.719403572380543 4.401964289801462 4
      vertex 15.871974997222424 4.401964289801462 4
      vertex 15.871974997222424 6.038185720997198 4
    endloop
  endfacet
  facet normal -0.8247198473076083 -0.5655414869458429 0
    outer loop
      vertex 15.871974997222424 6.038185720997198 4
      vertex 15.871974997222424 6.038185720997198 3.8
      vertex 17.073710717260838 4.285714288907393 4
    endloop
  endfacet
  facet normal 0 -1 0
    outer loop
      vertex 17.214667856693268 4.285714288907393 4
      vertex 17.073710717260838 4.285714288907393 3.8
      vertex 17.214667856693268 4.285714288907393 3.8
    endloop
  endfacet
  facet normal 0 -1 0
    outer loop
      vertex 17.073710717260838 4.285714288907393 4
      vertex 17.073710717260838 4.285714288907393 3.8
      vertex 17.214667856693268 4.285714288907393 4
    endloop
  endfacet
  facet normal -0.8247198473076083 -0.5655414869458429 0
    outer loop
      vertex 17.073710717260838 4.285714288907393 4
      vertex 15.871974997222424 6.038185720997198 3.8
      vertex 17.073710717260838 4.285714288907393 3.8
    endloop
  endfacet
  facet normal -1 0 0
    outer loop
      vertex 17.06207499653101 4.7914071434310515 4
      vertex 17.06207499653101 6.119550002472742 3.8
      vertex 17.06207499653101 4.7914071434310515 3.8
    endloop
  endfacet
  facet normal 1 0 0
    outer loop
      vertex 17.214667856693268 6.119550002472742 4
      vertex 17.214667856693268 4.285714288907393 3.8
      vertex 17.214667856693268 6.119550002472742 3.8
    endloop
  endfacet
  facet normal 0 0 1
    outer loop
      vertex 15.871974997222424 6.038185720997198 4
      vertex 17.073710717260838 4.285714288907393 4
      vertex 17.214667856693268 4.285714288907393 4
    endloop
  endfacet
  facet normal 0 0 1
    outer loop
      vertex 15.871974997222424 6.038185720997198 4
      vertex 17.214667856693268 4.285714288907393 4
      vertex 17.06207499653101 4.7914071434310515 4
    endloop
  endfacet
  facet normal 0.8212128117190913 0.5706220446744275 0
    outer loop
      vertex 16.05943214148283 6.234364291386946 4
      vertex 17.06207499653101 4.7914071434310515 4
      vertex 17.06207499653101 4.7914071434310515 3.8
    endloop
  endfacet
  facet normal 1 0 0
    outer loop
      vertex 17.214667856693268 4.285714288907393 4
      vertex 17.214667856693268 4.285714288907393 3.8
      vertex 17.214667856693268 6.119550002472742 4
    endloop
  endfacet
  facet normal 0 0 1
    outer loop
      vertex 17.214667856693268 4.285714288907393 4
      vertex 17.214667856693268 6.119550002472742 4
      vertex 17.06207499653101 4.7914071434310515 4
    endloop
  endfacet
  facet normal 0.8212128117190913 0.5706220446744275 0
    outer loop
      vertex 16.05943214148283 6.234364291386946 4
      vertex 17.06207499653101 4.7914071434310515 3.8
      vertex 16.05943214148283 6.234364291386946 3.8
    endloop
  endfacet
  facet normal 0 1 0
    outer loop
      vertex 15.46946071088314 6.234364291386946 4
      vertex 16.05943214148283 6.234364291386946 4
      vertex 16.05943214148283 6.234364291386946 3.8
    endloop
  endfacet
  facet normal 0 0 1
    outer loop
      vertex 15.719403572380543 6.119550002472742 4
      vertex 15.871974997222424 6.038185720997198 4
      vertex 16.05943214148283 6.234364291386946 4
    endloop
  endfacet
  facet normal 0 0 1
    outer loop
      vertex 15.871974997222424 6.038185720997198 4
      vertex 17.06207499653101 4.7914071434310515 4
      vertex 16.05943214148283 6.234364291386946 4
    endloop
  endfacet
  facet normal -1 0 0
    outer loop
      vertex 16.800517857074738 6.1573500015905935 4
      vertex 16.800517857074738 6.234364291386946 3.8
      vertex 16.800517857074738 6.1573500015905935 3.8
    endloop
  endfacet
  facet normal -0.14303312796849924 -0.9897179013757136 0
    outer loop
      vertex 17.06207499653101 6.119550002472742 4
      vertex 16.800517857074738 6.1573500015905935 3.8
      vertex 17.06207499653101 6.119550002472742 3.8
    endloop
  endfacet
  facet normal 0 1 0
    outer loop
      vertex 16.800517857074738 6.234364291386946 4
      vertex 17.46461071074009 6.234364291386946 3.8
      vertex 16.800517857074738 6.234364291386946 3.8
    endloop
  endfacet
  facet normal -1 0 0
    outer loop
      vertex 16.800517857074738 6.1573500015905935 4
      vertex 16.800517857074738 6.234364291386946 4
      vertex 16.800517857074738 6.234364291386946 3.8
    endloop
  endfacet
  facet normal -0.14303312796849924 -0.9897179013757136 0
    outer loop
      vertex 16.800517857074738 6.1573500015905935 4
      vertex 16.800517857074738 6.1573500015905935 3.8
      vertex 17.06207499653101 6.119550002472742 4
    endloop
  endfacet
  facet normal 0 0 1
    outer loop
      vertex 16.800517857074738 6.1573500015905935 4
      vertex 17.06207499653101 6.119550002472742 4
      vertex 16.800517857074738 6.234364291386946 4
    endloop
  endfacet
  facet normal -1 0 0
    outer loop
      vertex 17.06207499653101 4.7914071434310515 4
      vertex 17.06207499653101 6.119550002472742 4
      vertex 17.06207499653101 6.119550002472742 3.8
    endloop
  endfacet
  facet normal 0 0 1
    outer loop
      vertex 17.06207499653101 4.7914071434310515 4
      vertex 17.214667856693268 6.119550002472742 4
      vertex 17.06207499653101 6.119550002472742 4
    endloop
  endfacet
  facet normal 0 1 0
    outer loop
      vertex 16.800517857074738 6.234364291386946 4
      vertex 17.46461071074009 6.234364291386946 4
      vertex 17.46461071074009 6.234364291386946 3.8
    endloop
  endfacet
  facet normal 0 0 1
    outer loop
      vertex 16.800517857074738 6.234364291386946 4
      vertex 17.06207499653101 6.119550002472742 4
      vertex 17.214667856693268 6.119550002472742 4
    endloop
  endfacet
  facet normal 0 0 1
    outer loop
      vertex 16.800517857074738 6.234364291386946 4
      vertex 17.214667856693268 6.119550002472742 4
      vertex 17.46461071074009 6.234364291386946 4
    endloop
  endfacet
  facet normal -1 0 0
    outer loop
      vertex 11.607528574764729 8.571428572492941 4
      vertex 11.607528574764729 8.648442854838713 3.8
      vertex 11.607528574764729 8.571428572492941 3.8
    endloop
  endfacet
  facet normal -0.15507962391348845 0.9879019740069613 0
    outer loop
      vertex 11.607528574764729 8.648442854838713 4
      vertex 11.85747142881155 8.68767857338701 3.8
      vertex 11.607528574764729 8.648442854838713 3.8
    endloop
  endfacet
  facet normal -1 0 0
    outer loop
      vertex 11.85747142881155 8.68767857338701 4
      vertex 11.85747142881155 10.40526428605829 3.8
      vertex 11.85747142881155 8.68767857338701 3.8
    endloop
  endfacet
  facet normal 0 -1 0
    outer loop
      vertex 12.386414282023907 8.571428572492941 4
      vertex 11.607528574764729 8.571428572492941 3.8
      vertex 12.386414282023907 8.571428572492941 3.8
    endloop
  endfacet
  facet normal -1 0 0
    outer loop
      vertex 11.607528574764729 8.571428572492941 4
      vertex 11.607528574764729 8.648442854838713 4
      vertex 11.607528574764729 8.648442854838713 3.8
    endloop
  endfacet
  facet normal -0.15507962391348845 0.9879019740069613 0
    outer loop
      vertex 11.607528574764729 8.648442854838713 4
      vertex 11.85747142881155 8.68767857338701 4
      vertex 11.85747142881155 8.68767857338701 3.8
    endloop
  endfacet
  facet normal 0 0 1
    outer loop
      vertex 11.607528574764729 8.571428572492941 4
      vertex 11.85747142881155 8.68767857338701 4
      vertex 11.607528574764729 8.648442854838713 4
    endloop
  endfacet
  facet normal 0 -1 0
    outer loop
      vertex 11.607528574764729 8.571428572492941 4
      vertex 11.607528574764729 8.571428572492941 3.8
      vertex 12.386414282023907 8.571428572492941 4
    endloop
  endfacet
  facet normal 0 0 1
    outer loop
      vertex 11.607528574764729 8.571428572492941 4
      vertex 12.386414282023907 8.571428572492941 4
      vertex 11.85747142881155 8.68767857338701 4
    endloop
  endfacet
  facet normal 0 0 1
    outer loop
      vertex 11.85747142881155 8.68767857338701 4
      vertex 12.386414282023907 8.571428572492941 4
      vertex 12.136471427977085 8.68767857338701 4
    endloop
  endfacet
  facet normal 1 0 0
    outer loop
      vertex 12.136471427977085 8.68767857338701 4
      vertex 12.136471427977085 8.68767857338701 3.8
      vertex 12.136471427977085 10.40526428605829 4
    endloop
  endfacet
  facet normal 0 0 1
    outer loop
      vertex 11.85747142881155 8.68767857338701 4
      vertex 12.136471427977085 8.68767857338701 4
      vertex 11.85747142881155 10.40526428605829 4
    endloop
  endfacet
  facet normal 1 0 0
    outer loop
      vertex 12.386414282023907 8.648442854838713 4
      vertex 12.386414282023907 8.571428572492941 3.8
      vertex 12.386414282023907 8.648442854838713 3.8
    endloop
  endfacet
  facet normal 0.15507962391348845 0.9879019740069613 0
    outer loop
      vertex 12.136471427977085 8.68767857338701 4
      vertex 12.386414282023907 8.648442854838713 3.8
      vertex 12.136471427977085 8.68767857338701 3.8
    endloop
  endfacet
  facet normal -1 0 0
    outer loop
      vertex 12.598621428012848 8.571428572492941 4
      vertex 12.598621428012848 8.648442854838713 3.8
      vertex 12.598621428012848 8.571428572492941 3.8
    endloop
  endfacet
  facet normal -0.15507962391348845 0.9879019740069613 0
    outer loop
      vertex 12.598621428012848 8.648442854838713 4
      vertex 12.84856428205967 8.68767857338701 3.8
      vertex 12.598621428012848 8.648442854838713 3.8
    endloop
  endfacet
  facet normal -1 0 0
    outer loop
      vertex 12.84856428205967 8.68767857338701 4
      vertex 12.84856428205967 10.40526428605829 3.8
      vertex 12.84856428205967 8.68767857338701 3.8
    endloop
  endfacet
  facet normal 0.15507962391348845 0.9879019740069613 0
    outer loop
      vertex 12.136471427977085 8.68767857338701 4
      vertex 12.386414282023907 8.648442854838713 4
      vertex 12.386414282023907 8.648442854838713 3.8
    endloop
  endfacet
  facet normal 1 0 0
    outer loop
      vertex 12.386414282023907 8.571428572492941 4
      vertex 12.386414282023907 8.571428572492941 3.8
      vertex 12.386414282023907 8.648442854838713 4
    endloop
  endfacet
  facet normal 0 0 1
    outer loop
      vertex 12.136471427977085 8.68767857338701 4
      vertex 12.386414282023907 8.571428572492941 4
      vertex 12.386414282023907 8.648442854838713 4
    endloop
  endfacet
  facet normal -1 0 0
    outer loop
      vertex 12.598621428012848 8.571428572492941 4
      vertex 12.598621428012848 8.648442854838713 4
      vertex 12.598621428012848 8.648442854838713 3.8
    endloop
  endfacet
  facet normal 0 -1 0
    outer loop
      vertex 12.598621428012848 8.571428572492941 4
      vertex 12.598621428012848 8.571428572492941 3.8
      vertex 13.377507142722607 8.571428572492941 4
    endloop
  endfacet
  facet normal -0.15507962391348845 0.9879019740069613 0
    outer loop
      vertex 12.598621428012848 8.648442854838713 4
      vertex 12.84856428205967 8.68767857338701 4
      vertex 12.84856428205967 8.68767857338701 3.8
    endloop
  endfacet
  facet normal 0 0 1
    outer loop
      vertex 12.598621428012848 8.571428572492941 4
      vertex 12.84856428205967 8.68767857338701 4
      vertex 12.598621428012848 8.648442854838713 4
    endloop
  endfacet
  facet normal 1 0 0
    outer loop
      vertex 12.136471427977085 10.40526428605829 4
      vertex 12.136471427977085 8.68767857338701 3.8
      vertex 12.136471427977085 10.40526428605829 3.8
    endloop
  endfacet
  facet normal -1 0 0
    outer loop
      vertex 11.85747142881155 8.68767857338701 4
      vertex 11.85747142881155 10.40526428605829 4
      vertex 11.85747142881155 10.40526428605829 3.8
    endloop
  endfacet
  facet normal 0 0 1
    outer loop
      vertex 12.136471427977085 8.68767857338701 4
      vertex 12.136471427977085 10.40526428605829 4
      vertex 11.85747142881155 10.40526428605829 4
    endloop
  endfacet
  facet normal -1 0 0
    outer loop
      vertex 11.607528574764729 10.443064285176142 4
      vertex 11.607528574764729 10.520078574972494 3.8
      vertex 11.607528574764729 10.443064285176142 3.8
    endloop
  endfacet
  facet normal -0.1495341692655751 -0.9887565586240399 0
    outer loop
      vertex 11.85747142881155 10.40526428605829 4
      vertex 11.607528574764729 10.443064285176142 3.8
      vertex 11.85747142881155 10.40526428605829 3.8
    endloop
  endfacet
  facet normal 0 1 0
    outer loop
      vertex 11.607528574764729 10.520078574972494 4
      vertex 12.386414282023907 10.520078574972494 3.8
      vertex 11.607528574764729 10.520078574972494 3.8
    endloop
  endfacet
  facet normal -1 0 0
    outer loop
      vertex 11.607528574764729 10.443064285176142 4
      vertex 11.607528574764729 10.520078574972494 4
      vertex 11.607528574764729 10.520078574972494 3.8
    endloop
  endfacet
  facet normal -0.1495341692655751 -0.9887565586240399 0
    outer loop
      vertex 11.607528574764729 10.443064285176142 4
      vertex 11.607528574764729 10.443064285176142 3.8
      vertex 11.85747142881155 10.40526428605829 4
    endloop
  endfacet
  facet normal 0 0 1
    outer loop
      vertex 11.607528574764729 10.443064285176142 4
      vertex 11.85747142881155 10.40526428605829 4
      vertex 11.607528574764729 10.520078574972494 4
    endloop
  endfacet
  facet normal 0 1 0
    outer loop
      vertex 11.607528574764729 10.520078574972494 4
      vertex 12.386414282023907 10.520078574972494 4
      vertex 12.386414282023907 10.520078574972494 3.8
    endloop
  endfacet
  facet normal 0 0 1
    outer loop
      vertex 11.607528574764729 10.520078574972494 4
      vertex 11.85747142881155 10.40526428605829 4
      vertex 12.136471427977085 10.40526428605829 4
    endloop
  endfacet
  facet normal 0 0 1
    outer loop
      vertex 11.607528574764729 10.520078574972494 4
      vertex 12.136471427977085 10.40526428605829 4
      vertex 12.386414282023907 10.520078574972494 4
    endloop
  endfacet
  facet normal -1 0 0
    outer loop
      vertex 12.84856428205967 8.68767857338701 4
      vertex 12.84856428205967 10.40526428605829 4
      vertex 12.84856428205967 10.40526428605829 3.8
    endloop
  endfacet
  facet normal 0.1495341692655751 -0.9887565586240399 0
    outer loop
      vertex 12.386414282023907 10.443064285176142 4
      vertex 12.136471427977085 10.40526428605829 3.8
      vertex 12.386414282023907 10.443064285176142 3.8
    endloop
  endfacet
  facet normal 1 0 0
    outer loop
      vertex 12.386414282023907 10.520078574972494 4
      vertex 12.386414282023907 10.443064285176142 3.8
      vertex 12.386414282023907 10.520078574972494 3.8
    endloop
  endfacet
  facet normal -1 0 0
    outer loop
      vertex 12.598621428012848 10.443064285176142 4
      vertex 12.598621428012848 10.520078574972494 3.8
      vertex 12.598621428012848 10.443064285176142 3.8
    endloop
  endfacet
  facet normal -0.1495341692655751 -0.9887565586240399 0
    outer loop
      vertex 12.84856428205967 10.40526428605829 4
      vertex 12.598621428012848 10.443064285176142 3.8
      vertex 12.84856428205967 10.40526428605829 3.8
    endloop
  endfacet
  facet normal 0 1 0
    outer loop
      vertex 12.598621428012848 10.520078574972494 4
      vertex 13.377507142722607 10.520078574972494 3.8
      vertex 12.598621428012848 10.520078574972494 3.8
    endloop
  endfacet
  facet normal 0.1495341692655751 -0.9887565586240399 0
    outer loop
      vertex 12.136471427977085 10.40526428605829 4
      vertex 12.136471427977085 10.40526428605829 3.8
      vertex 12.386414282023907 10.443064285176142 4
    endloop
  endfacet
  facet normal 1 0 0
    outer loop
      vertex 12.386414282023907 10.443064285176142 4
      vertex 12.386414282023907 10.443064285176142 3.8
      vertex 12.386414282023907 10.520078574972494 4
    endloop
  endfacet
  facet normal 0 0 1
    outer loop
      vertex 12.136471427977085 10.40526428605829 4
      vertex 12.386414282023907 10.443064285176142 4
      vertex 12.386414282023907 10.520078574972494 4
    endloop
  endfacet
  facet normal -1 0 0
    outer loop
      vertex 12.598621428012848 10.443064285176142 4
      vertex 12.598621428012848 10.520078574972494 4
      vertex 12.598621428012848 10.520078574972494 3.8
    endloop
  endfacet
  facet normal -0.1495341692655751 -0.9887565586240399 0
    outer loop
      vertex 12.598621428012848 10.443064285176142 4
      vertex 12.598621428012848 10.443064285176142 3.8
      vertex 12.84856428205967 10.40526428605829 4
    endloop
  endfacet
  facet normal 0 0 1
    outer loop
      vertex 12.598621428012848 10.443064285176142 4
      vertex 12.84856428205967 10.40526428605829 4
      vertex 12.598621428012848 10.520078574972494 4
    endloop
  endfacet
  facet normal 0 0 1
    outer loop
      vertex 12.598621428012848 10.520078574972494 4
      vertex 12.84856428205967 10.40526428605829 4
      vertex 13.127564288675785 10.40526428605829 4
    endloop
  endfacet
  facet normal 0 -1 0
    outer loop
      vertex 13.377507142722607 8.571428572492941 4
      vertex 12.598621428012848 8.571428572492941 3.8
      vertex 13.377507142722607 8.571428572492941 3.8
    endloop
  endfacet
  facet normal 0.15507962391348845 0.9879019740069613 0
    outer loop
      vertex 13.127564288675785 8.68767857338701 4
      vertex 13.377507142722607 8.648442854838713 3.8
      vertex 13.127564288675785 8.68767857338701 3.8
    endloop
  endfacet
  facet normal 1 0 0
    outer loop
      vertex 13.377507142722607 8.648442854838713 4
      vertex 13.377507142722607 8.571428572492941 3.8
      vertex 13.377507142722607 8.648442854838713 3.8
    endloop
  endfacet
  facet normal -1 0 0
    outer loop
      vertex 13.589714288711548 8.571428572492941 4
      vertex 13.589714288711548 8.648442854838713 3.8
      vertex 13.589714288711548 8.571428572492941 3.8
    endloop
  endfacet
  facet normal 0.15507962391348845 0.9879019740069613 0
    outer loop
      vertex 13.127564288675785 8.68767857338701 4
      vertex 13.377507142722607 8.648442854838713 4
      vertex 13.377507142722607 8.648442854838713 3.8
    endloop
  endfacet
  facet normal 0 0 1
    outer loop
      vertex 12.598621428012848 8.571428572492941 4
      vertex 13.377507142722607 8.571428572492941 4
      vertex 12.84856428205967 8.68767857338701 4
    endloop
  endfacet
  facet normal 0 0 1
    outer loop
      vertex 12.84856428205967 8.68767857338701 4
      vertex 13.377507142722607 8.571428572492941 4
      vertex 13.127564288675785 8.68767857338701 4
    endloop
  endfacet
  facet normal 0 0 1
    outer loop
      vertex 13.127564288675785 8.68767857338701 4
      vertex 13.377507142722607 8.571428572492941 4
      vertex 13.377507142722607 8.648442854838713 4
    endloop
  endfacet
  facet normal 1 0 0
    outer loop
      vertex 13.127564288675785 8.68767857338701 4
      vertex 13.127564288675785 8.68767857338701 3.8
      vertex 13.127564288675785 10.40526428605829 4
    endloop
  endfacet
  facet normal 0 0 1
    outer loop
      vertex 12.84856428205967 8.68767857338701 4
      vertex 13.127564288675785 8.68767857338701 4
      vertex 12.84856428205967 10.40526428605829 4
    endloop
  endfacet
  facet normal 1 0 0
    outer loop
      vertex 13.377507142722607 8.571428572492941 4
      vertex 13.377507142722607 8.571428572492941 3.8
      vertex 13.377507142722607 8.648442854838713 4
    endloop
  endfacet
  facet normal -1 0 0
    outer loop
      vertex 13.589714288711548 8.571428572492941 4
      vertex 13.589714288711548 8.648442854838713 4
      vertex 13.589714288711548 8.648442854838713 3.8
    endloop
  endfacet
  facet normal -0.15507962391348845 0.9879019740069613 0
    outer loop
      vertex 13.589714288711548 8.648442854838713 4
      vertex 13.83965714275837 8.68767857338701 3.8
      vertex 13.589714288711548 8.648442854838713 3.8
    endloop
  endfacet
  facet normal -1 0 0
    outer loop
      vertex 13.83965714275837 8.68767857338701 4
      vertex 13.83965714275837 10.40526428605829 3.8
      vertex 13.83965714275837 8.68767857338701 3.8
    endloop
  endfacet
  facet normal 0 -1 0
    outer loop
      vertex 14.368600003421307 8.571428572492941 4
      vertex 13.589714288711548 8.571428572492941 3.8
      vertex 14.368600003421307 8.571428572492941 3.8
    endloop
  endfacet
  facet normal 1 0 0
    outer loop
      vertex 14.368600003421307 8.648442854838713 4
      vertex 14.368600003421307 8.571428572492941 3.8
      vertex 14.368600003421307 8.648442854838713 3.8
    endloop
  endfacet
  facet normal 0.1550796194018756 0.9879019747151888 0
    outer loop
      vertex 14.118657141923904 8.68767857338701 4
      vertex 14.368600003421307 8.648442854838713 3.8
      vertex 14.118657141923904 8.68767857338701 3.8
    endloop
  endfacet
  facet normal 1 0 0
    outer loop
      vertex 14.118657141923904 8.68767857338701 4
      vertex 14.118657141923904 8.68767857338701 3.8
      vertex 14.118657141923904 10.40526428605829 3.8
    endloop
  endfacet
  facet normal -0.15507962391348845 0.9879019740069613 0
    outer loop
      vertex 13.589714288711548 8.648442854838713 4
      vertex 13.83965714275837 8.68767857338701 4
      vertex 13.83965714275837 8.68767857338701 3.8
    endloop
  endfacet
  facet normal 0 -1 0
    outer loop
      vertex 13.589714288711548 8.571428572492941 4
      vertex 13.589714288711548 8.571428572492941 3.8
      vertex 14.368600003421307 8.571428572492941 4
    endloop
  endfacet
  facet normal 0 0 1
    outer loop
      vertex 13.589714288711548 8.571428572492941 4
      vertex 13.83965714275837 8.68767857338701 4
      vertex 13.589714288711548 8.648442854838713 4
    endloop
  endfacet
  facet normal 0 0 1
    outer loop
      vertex 13.589714288711548 8.571428572492941 4
      vertex 14.118657141923904 8.68767857338701 4
      vertex 13.83965714275837 8.68767857338701 4
    endloop
  endfacet
  facet normal 0 0 1
    outer loop
      vertex 13.83965714275837 8.68767857338701 4
      vertex 14.118657141923904 8.68767857338701 4
      vertex 13.83965714275837 10.40526428605829 4
    endloop
  endfacet
  facet normal 0.1550796194018756 0.9879019747151888 0
    outer loop
      vertex 14.118657141923904 8.68767857338701 4
      vertex 14.368600003421307 8.648442854838713 4
      vertex 14.368600003421307 8.648442854838713 3.8
    endloop
  endfacet
  facet normal 1 0 0
    outer loop
      vertex 14.368600003421307 8.571428572492941 4
      vertex 14.368600003421307 8.571428572492941 3.8
      vertex 14.368600003421307 8.648442854838713 4
    endloop
  endfacet
  facet normal 0 0 1
    outer loop
      vertex 13.589714288711548 8.571428572492941 4
      vertex 14.368600003421307 8.571428572492941 4
      vertex 14.118657141923904 8.68767857338701 4
    endloop
  endfacet
  facet normal 0 0 1
    outer loop
      vertex 14.118657141923904 8.68767857338701 4
      vertex 14.368600003421307 8.571428572492941 4
      vertex 14.368600003421307 8.648442854838713 4
    endloop
  endfacet
  facet normal 1 0 0
    outer loop
      vertex 13.127564288675785 10.40526428605829 4
      vertex 13.127564288675785 8.68767857338701 3.8
      vertex 13.127564288675785 10.40526428605829 3.8
    endloop
  endfacet
  facet normal 0 0 1
    outer loop
      vertex 13.127564288675785 8.68767857338701 4
      vertex 13.127564288675785 10.40526428605829 4
      vertex 12.84856428205967 10.40526428605829 4
    endloop
  endfacet
  facet normal 0.1495341692655751 -0.9887565586240399 0
    outer loop
      vertex 13.377507142722607 10.443064285176142 4
      vertex 13.127564288675785 10.40526428605829 3.8
      vertex 13.377507142722607 10.443064285176142 3.8
    endloop
  endfacet
  facet normal 1 0 0
    outer loop
      vertex 13.377507142722607 10.520078574972494 4
      vertex 13.377507142722607 10.443064285176142 3.8
      vertex 13.377507142722607 10.520078574972494 3.8
    endloop
  endfacet
  facet normal -1 0 0
    outer loop
      vertex 13.589714288711548 10.443064285176142 4
      vertex 13.589714288711548 10.520078574972494 3.8
      vertex 13.589714288711548 10.443064285176142 3.8
    endloop
  endfacet
  facet normal 0 1 0
    outer loop
      vertex 12.598621428012848 10.520078574972494 4
      vertex 13.377507142722607 10.520078574972494 4
      vertex 13.377507142722607 10.520078574972494 3.8
    endloop
  endfacet
  facet normal 0.1495341692655751 -0.9887565586240399 0
    outer loop
      vertex 13.127564288675785 10.40526428605829 4
      vertex 13.127564288675785 10.40526428605829 3.8
      vertex 13.377507142722607 10.443064285176142 4
    endloop
  endfacet
  facet normal 0 0 1
    outer loop
      vertex 12.598621428012848 10.520078574972494 4
      vertex 13.127564288675785 10.40526428605829 4
      vertex 13.377507142722607 10.520078574972494 4
    endloop
  endfacet
  facet normal 0 0 1
    outer loop
      vertex 13.127564288675785 10.40526428605829 4
      vertex 13.377507142722607 10.443064285176142 4
      vertex 13.377507142722607 10.520078574972494 4
    endloop
  endfacet
  facet normal 1 0 0
    outer loop
      vertex 13.377507142722607 10.443064285176142 4
      vertex 13.377507142722607 10.443064285176142 3.8
      vertex 13.377507142722607 10.520078574972494 4
    endloop
  endfacet
  facet normal -1 0 0
    outer loop
      vertex 13.589714288711548 10.443064285176142 4
      vertex 13.589714288711548 10.520078574972494 4
      vertex 13.589714288711548 10.520078574972494 3.8
    endloop
  endfacet
  facet normal -1 0 0
    outer loop
      vertex 13.83965714275837 8.68767857338701 4
      vertex 13.83965714275837 10.40526428605829 4
      vertex 13.83965714275837 10.40526428605829 3.8
    endloop
  endfacet
  facet normal 1 0 0
    outer loop
      vertex 14.118657141923904 8.68767857338701 4
      vertex 14.118657141923904 10.40526428605829 3.8
      vertex 14.118657141923904 10.40526428605829 4
    endloop
  endfacet
  facet normal 0 0 1
    outer loop
      vertex 14.118657141923904 8.68767857338701 4
      vertex 14.118657141923904 10.40526428605829 4
      vertex 13.83965714275837 10.40526428605829 4
    endloop
  endfacet
  facet normal -0.1495341692655751 -0.9887565586240399 0
    outer loop
      vertex 13.83965714275837 10.40526428605829 4
      vertex 13.589714288711548 10.443064285176142 3.8
      vertex 13.83965714275837 10.40526428605829 3.8
    endloop
  endfacet
  facet normal 0 1 0
    outer loop
      vertex 13.589714288711548 10.520078574972494 4
      vertex 14.368600003421307 10.520078574972494 3.8
      vertex 13.589714288711548 10.520078574972494 3.8
    endloop
  endfacet
  facet normal 0.14953416490776222 -0.9887565592830917 0
    outer loop
      vertex 14.368600003421307 10.443064285176142 4
      vertex 14.118657141923904 10.40526428605829 3.8
      vertex 14.368600003421307 10.443064285176142 3.8
    endloop
  endfacet
  facet normal 1 0 0
    outer loop
      vertex 14.368600003421307 10.520078574972494 4
      vertex 14.368600003421307 10.443064285176142 3.8
      vertex 14.368600003421307 10.520078574972494 3.8
    endloop
  endfacet
  facet normal -0.1495341692655751 -0.9887565586240399 0
    outer loop
      vertex 13.589714288711548 10.443064285176142 4
      vertex 13.589714288711548 10.443064285176142 3.8
      vertex 13.83965714275837 10.40526428605829 4
    endloop
  endfacet
  facet normal 0 0 1
    outer loop
      vertex 13.589714288711548 10.443064285176142 4
      vertex 13.83965714275837 10.40526428605829 4
      vertex 13.589714288711548 10.520078574972494 4
    endloop
  endfacet
  facet normal 0 0 1
    outer loop
      vertex 13.589714288711548 10.520078574972494 4
      vertex 13.83965714275837 10.40526428605829 4
      vertex 14.118657141923904 10.40526428605829 4
    endloop
  endfacet
  facet normal 0 1 0
    outer loop
      vertex 13.589714288711548 10.520078574972494 4
      vertex 14.368600003421307 10.520078574972494 4
      vertex 14.368600003421307 10.520078574972494 3.8
    endloop
  endfacet
  facet normal 0.14953416490776222 -0.9887565592830917 0
    outer loop
      vertex 14.118657141923904 10.40526428605829 4
      vertex 14.118657141923904 10.40526428605829 3.8
      vertex 14.368600003421307 10.443064285176142 4
    endloop
  endfacet
  facet normal 1 0 0
    outer loop
      vertex 14.368600003421307 10.443064285176142 4
      vertex 14.368600003421307 10.443064285176142 3.8
      vertex 14.368600003421307 10.520078574972494 4
    endloop
  endfacet
  facet normal 0 0 1
    outer loop
      vertex 13.589714288711548 10.520078574972494 4
      vertex 14.118657141923904 10.40526428605829 4
      vertex 14.368600003421307 10.520078574972494 4
    endloop
  endfacet
  facet normal 0 0 1
    outer loop
      vertex 14.118657141923904 10.40526428605829 4
      vertex 14.368600003421307 10.443064285176142 4
      vertex 14.368600003421307 10.520078574972494 4
    endloop
  endfacet
  facet normal -0.5211469809302269 -0.8534669438632697 0
    outer loop
      vertex 12.203312501311302 12.892564287143095 4
      vertex 11.886528573930264 13.086000000791891 3.8
      vertex 12.203312501311302 12.892564287143095 3.8
    endloop
  endfacet
  facet normal 0.6059528798613798 0.7955005388984348 0
    outer loop
      vertex 12.105228573083878 13.163742853062494 4
      vertex 12.325562499463558 12.995908928768976 3.8
      vertex 12.105228573083878 13.163742853062494 3.8
    endloop
  endfacet
  facet normal -0.5211469809302269 -0.8534669438632697 0
    outer loop
      vertex 11.886528573930264 13.086000000791891 4
      vertex 11.886528573930264 13.086000000791891 3.8
      vertex 12.203312501311302 12.892564287143095 4
    endloop
  endfacet
  facet normal 0 0 1
    outer loop
      vertex 11.886528573930264 13.086000000791891 4
      vertex 12.203312501311302 12.892564287143095 4
      vertex 12.105228573083878 13.163742853062494 4
    endloop
  endfacet
  facet normal 0 0 1
    outer loop
      vertex 12.203312501311302 12.892564287143095 4
      vertex 12.325562499463558 12.995908928768976 4
      vertex 12.105228573083878 13.163742853062494 4
    endloop
  endfacet
  facet normal -0.15124695006880623 -0.988496009144642 0
    outer loop
      vertex 12.624721430242062 12.828085710959776 4
      vertex 12.203312501311302 12.892564287143095 3.8
      vertex 12.624721430242062 12.828085710959776 3.8
    endloop
  endfacet
  facet normal 0.18210549678306037 0.9832789980678905 0
    outer loop
      vertex 12.325562499463558 12.995908928768976 4
      vertex 12.627635717391968 12.939964284854277 3.8
      vertex 12.325562499463558 12.995908928768976 3.8
    endloop
  endfacet
  facet normal -0.06196664429610621 0.9980782208798465 0
    outer loop
      vertex 12.627635717391968 12.939964284854277 4
      vertex 12.788558930158615 12.94995535697256 3.8
      vertex 12.627635717391968 12.939964284854277 3.8
    endloop
  endfacet
  facet normal 0.0642171352991749 -0.9979359496149878 0
    outer loop
      vertex 12.980366073548794 12.850971428411349 4
      vertex 12.624721430242062 12.828085710959776 3.8
      vertex 12.980366073548794 12.850971428411349 3.8
    endloop
  endfacet
  facet normal -0.19410093533733586 0.9809815629771904 0
    outer loop
      vertex 12.788558930158615 12.94995535697256 4
      vertex 12.940042860805988 12.979928573327406 3.8
      vertex 12.788558930158615 12.94995535697256 3.8
    endloop
  endfacet
  facet normal -0.15124695006880623 -0.988496009144642 0
    outer loop
      vertex 12.203312501311302 12.892564287143095 4
      vertex 12.203312501311302 12.892564287143095 3.8
      vertex 12.624721430242062 12.828085710959776 4
    endloop
  endfacet
  facet normal 0.6059528798613798 0.7955005388984348 0
    outer loop
      vertex 12.105228573083878 13.163742853062494 4
      vertex 12.325562499463558 12.995908928768976 4
      vertex 12.325562499463558 12.995908928768976 3.8
    endloop
  endfacet
  facet normal 0.18210549678306037 0.9832789980678905 0
    outer loop
      vertex 12.325562499463558 12.995908928768976 4
      vertex 12.627635717391968 12.939964284854277 4
      vertex 12.627635717391968 12.939964284854277 3.8
    endloop
  endfacet
  facet normal 0 0 1
    outer loop
      vertex 12.203312501311302 12.892564287143095 4
      vertex 12.624721430242062 12.828085710959776 4
      vertex 12.325562499463558 12.995908928768976 4
    endloop
  endfacet
  facet normal 0 0 1
    outer loop
      vertex 12.325562499463558 12.995908928768976 4
      vertex 12.624721430242062 12.828085710959776 4
      vertex 12.627635717391968 12.939964284854277 4
    endloop
  endfacet
  facet normal 0.0642171352991749 -0.9979359496149878 0
    outer loop
      vertex 12.624721430242062 12.828085710959776 4
      vertex 12.624721430242062 12.828085710959776 3.8
      vertex 12.980366073548794 12.850971428411349 4
    endloop
  endfacet
  facet normal -0.06196664429610621 0.9980782208798465 0
    outer loop
      vertex 12.627635717391968 12.939964284854277 4
      vertex 12.788558930158615 12.94995535697256 4
      vertex 12.788558930158615 12.94995535697256 3.8
    endloop
  endfacet
  facet normal -0.19410093533733586 0.9809815629771904 0
    outer loop
      vertex 12.788558930158615 12.94995535697256 4
      vertex 12.940042860805988 12.979928573327406 4
      vertex 12.940042860805988 12.979928573327406 3.8
    endloop
  endfacet
  facet normal 0 0 1
    outer loop
      vertex 12.624721430242062 12.828085710959776 4
      vertex 12.788558930158615 12.94995535697256 4
      vertex 12.627635717391968 12.939964284854277 4
    endloop
  endfacet
  facet normal 0 0 1
    outer loop
      vertex 12.624721430242062 12.828085710959776 4
      vertex 12.980366073548794 12.850971428411349 4
      vertex 12.788558930158615 12.94995535697256 4
    endloop
  endfacet
  facet normal 0 0 1
    outer loop
      vertex 12.788558930158615 12.94995535697256 4
      vertex 12.980366073548794 12.850971428411349 4
      vertex 12.940042860805988 12.979928573327406 4
    endloop
  endfacet
  facet normal -0.9874404709348983 -0.15799150723968203 0
    outer loop
      vertex 11.68817500025034 13.395701786237105 4
      vertex 11.622057139873505 13.808935714619501 3.8
      vertex 11.68817500025034 13.395701786237105 3.8
    endloop
  endfacet
  facet normal -0.8420930506776677 -0.5393322667895726 0
    outer loop
      vertex 11.886528573930264 13.086000000791891 4
      vertex 11.68817500025034 13.395701786237105 3.8
      vertex 11.886528573930264 13.086000000791891 3.8
    endloop
  endfacet
  facet normal -0.9897944753478044 0.14250226865199278 0
    outer loop
      vertex 11.622057139873505 13.808935714619501 4
      vertex 11.685630358755589 14.250503567712649 3.8
      vertex 11.622057139873505 13.808935714619501 3.8
    endloop
  endfacet
  facet normal 0.8975054507392752 0.44100336267798496 0
    outer loop
      vertex 11.97063035517931 13.437669640140875 4
      vertex 12.105228573083878 13.163742853062494 3.8
      vertex 11.97063035517931 13.437669640140875 3.8
    endloop
  endfacet
  facet normal 0.992888000566701 0.11905216642572615 0
    outer loop
      vertex 11.92576428502798 13.811850001769407 4
      vertex 11.97063035517931 13.437669640140875 3.8
      vertex 11.92576428502798 13.811850001769407 3.8
    endloop
  endfacet
  facet normal -0.8420930506776677 -0.5393322667895726 0
    outer loop
      vertex 11.68817500025034 13.395701786237105 4
      vertex 11.68817500025034 13.395701786237105 3.8
      vertex 11.886528573930264 13.086000000791891 4
    endloop
  endfacet
  facet normal 0 0 1
    outer loop
      vertex 11.68817500025034 13.395701786237105 4
      vertex 11.886528573930264 13.086000000791891 4
      vertex 11.97063035517931 13.437669640140875 4
    endloop
  endfacet
  facet normal -0.9874404709348983 -0.15799150723968203 0
    outer loop
      vertex 11.68817500025034 13.395701786237105 4
      vertex 11.622057139873505 13.808935714619501 4
      vertex 11.622057139873505 13.808935714619501 3.8
    endloop
  endfacet
  facet normal 0 0 1
    outer loop
      vertex 11.68817500025034 13.395701786237105 4
      vertex 11.92576428502798 13.811850001769407 4
      vertex 11.622057139873505 13.808935714619501 4
    endloop
  endfacet
  facet normal 0 0 1
    outer loop
      vertex 11.622057139873505 13.808935714619501 4
      vertex 11.92576428502798 13.811850001769407 4
      vertex 11.685630358755589 14.250503567712649 4
    endloop
  endfacet
  facet normal 0.992888000566701 0.11905216642572615 0
    outer loop
      vertex 11.97063035517931 13.437669640140875 4
      vertex 11.97063035517931 13.437669640140875 3.8
      vertex 11.92576428502798 13.811850001769407 4
    endloop
  endfacet
  facet normal 0.8975054507392752 0.44100336267798496 0
    outer loop
      vertex 11.97063035517931 13.437669640140875 4
      vertex 12.105228573083878 13.163742853062494 4
      vertex 12.105228573083878 13.163742853062494 3.8
    endloop
  endfacet
  facet normal 0 0 1
    outer loop
      vertex 11.886528573930264 13.086000000791891 4
      vertex 12.105228573083878 13.163742853062494 4
      vertex 11.97063035517931 13.437669640140875 4
    endloop
  endfacet
  facet normal 0 0 1
    outer loop
      vertex 11.68817500025034 13.395701786237105 4
      vertex 11.97063035517931 13.437669640140875 4
      vertex 11.92576428502798 13.811850001769407 4
    endloop
  endfacet
  facet normal 0.9943155959602539 -0.10647298075195116 0
    outer loop
      vertex 11.92576428502798 13.811850001769407 4
      vertex 11.92576428502798 13.811850001769407 3.8
      vertex 11.968632139265537 14.212178570883616 4
    endloop
  endfacet
  facet normal -0.8584031661224638 0.5129756372294204 0
    outer loop
      vertex 11.685630358755589 14.250503567712649 4
      vertex 11.876350000500679 14.569649999695166 3.8
      vertex 11.685630358755589 14.250503567712649 3.8
    endloop
  endfacet
  facet normal 0.9943155959602539 -0.10647298075195116 0
    outer loop
      vertex 11.968632139265537 14.212178570883616 4
      vertex 11.92576428502798 13.811850001769407 3.8
      vertex 11.968632139265537 14.212178570883616 3.8
    endloop
  endfacet
  facet normal 0.9085786834778137 -0.4177137487918287 0
    outer loop
      vertex 12.097235716879368 14.491907139973982 4
      vertex 11.968632139265537 14.212178570883616 3.8
      vertex 12.097235716879368 14.491907139973982 3.8
    endloop
  endfacet
  facet normal -0.5224779152057556 0.852652818046271 0
    outer loop
      vertex 11.876350000500679 14.569649999695166 4
      vertex 12.192051783204079 14.76310178424631 3.8
      vertex 11.876350000500679 14.569649999695166 3.8
    endloop
  endfacet
  facet normal -0.9897944753478044 0.14250226865199278 0
    outer loop
      vertex 11.622057139873505 13.808935714619501 4
      vertex 11.685630358755589 14.250503567712649 4
      vertex 11.685630358755589 14.250503567712649 3.8
    endloop
  endfacet
  facet normal -0.8584031661224638 0.5129756372294204 0
    outer loop
      vertex 11.685630358755589 14.250503567712649 4
      vertex 11.876350000500679 14.569649999695166 4
      vertex 11.876350000500679 14.569649999695166 3.8
    endloop
  endfacet
  facet normal 0 0 1
    outer loop
      vertex 11.685630358755589 14.250503567712649 4
      vertex 11.968632139265537 14.212178570883616 4
      vertex 11.876350000500679 14.569649999695166 4
    endloop
  endfacet
  facet normal 0.9085786834778137 -0.4177137487918287 0
    outer loop
      vertex 11.968632139265537 14.212178570883616 4
      vertex 11.968632139265537 14.212178570883616 3.8
      vertex 12.097235716879368 14.491907139973982 4
    endloop
  endfacet
  facet normal 0 0 1
    outer loop
      vertex 11.685630358755589 14.250503567712649 4
      vertex 11.92576428502798 13.811850001769407 4
      vertex 11.968632139265537 14.212178570883616 4
    endloop
  endfacet
  facet normal 0 0 1
    outer loop
      vertex 11.968632139265537 14.212178570883616 4
      vertex 12.097235716879368 14.491907139973982 4
      vertex 11.876350000500679 14.569649999695166 4
    endloop
  endfacet
  facet normal -0.5224779152057556 0.852652818046271 0
    outer loop
      vertex 11.876350000500679 14.569649999695166 4
      vertex 12.192051783204079 14.76310178424631 4
      vertex 12.192051783204079 14.76310178424631 3.8
    endloop
  endfacet
  facet normal 0.5955798680686805 -0.8032960978065891 0
    outer loop
      vertex 12.097235716879368 14.491907139973982 4
      vertex 12.097235716879368 14.491907139973982 3.8
      vertex 12.319203570485115 14.656478566782816 4
    endloop
  endfacet
  facet normal 0 0 1
    outer loop
      vertex 11.876350000500679 14.569649999695166 4
      vertex 12.097235716879368 14.491907139973982 4
      vertex 12.192051783204079 14.76310178424631 4
    endloop
  endfacet
  facet normal 0 0 1
    outer loop
      vertex 12.097235716879368 14.491907139973982 4
      vertex 12.319203570485115 14.656478566782816 4
      vertex 12.192051783204079 14.76310178424631 4
    endloop
  endfacet
  facet normal 0.5955798680686805 -0.8032960978065891 0
    outer loop
      vertex 12.319203570485115 14.656478566782816 4
      vertex 12.097235716879368 14.491907139973982 3.8
      vertex 12.319203570485115 14.656478566782816 3.8
    endloop
  endfacet
  facet normal -0.14549850795007074 0.9893584710226639 0
    outer loop
      vertex 12.192051783204079 14.76310178424631 4
      vertex 12.630528569221497 14.827585709946497 3.8
      vertex 12.192051783204079 14.76310178424631 3.8
    endloop
  endfacet
  facet normal 0.1674585072813768 -0.9858791246086375 0
    outer loop
      vertex 12.642164282500744 14.711335716503008 4
      vertex 12.319203570485115 14.656478566782816 3.8
      vertex 12.642164282500744 14.711335716503008 3.8
    endloop
  endfacet
  facet normal -0.06166062720819218 -0.9980971731511378 0
    outer loop
      vertex 12.780389286577702 14.70279642726694 4
      vertex 12.642164282500744 14.711335716503008 3.8
      vertex 12.780389286577702 14.70279642726694 3.8
    endloop
  endfacet
  facet normal 0.058730969946482144 0.9982738467821068 0
    outer loop
      vertex 12.630528569221497 14.827585709946497 4
      vertex 12.945496425032616 14.809055356042727 3.8
      vertex 12.630528569221497 14.827585709946497 3.8
    endloop
  endfacet
  facet normal -0.1855393653277355 -0.9826368321581382 0
    outer loop
      vertex 12.916064284741879 14.677178567009314 4
      vertex 12.780389286577702 14.70279642726694 3.8
      vertex 12.916064284741879 14.677178567009314 3.8
    endloop
  endfacet
  facet normal 0.1674585072813768 -0.9858791246086375 0
    outer loop
      vertex 12.319203570485115 14.656478566782816 4
      vertex 12.319203570485115 14.656478566782816 3.8
      vertex 12.642164282500744 14.711335716503008 4
    endloop
  endfacet
  facet normal -0.14549850795007074 0.9893584710226639 0
    outer loop
      vertex 12.192051783204079 14.76310178424631 4
      vertex 12.630528569221497 14.827585709946497 4
      vertex 12.630528569221497 14.827585709946497 3.8
    endloop
  endfacet
  facet normal 0 0 1
    outer loop
      vertex 12.192051783204079 14.76310178424631 4
      vertex 12.319203570485115 14.656478566782816 4
      vertex 12.630528569221497 14.827585709946497 4
    endloop
  endfacet
  facet normal 0 0 1
    outer loop
      vertex 12.319203570485115 14.656478566782816 4
      vertex 12.642164282500744 14.711335716503008 4
      vertex 12.630528569221497 14.827585709946497 4
    endloop
  endfacet
  facet normal -0.06166062720819218 -0.9980971731511378 0
    outer loop
      vertex 12.642164282500744 14.711335716503008 4
      vertex 12.642164282500744 14.711335716503008 3.8
      vertex 12.780389286577702 14.70279642726694 4
    endloop
  endfacet
  facet normal -0.1855393653277355 -0.9826368321581382 0
    outer loop
      vertex 12.780389286577702 14.70279642726694 4
      vertex 12.780389286577702 14.70279642726694 3.8
      vertex 12.916064284741879 14.677178567009314 4
    endloop
  endfacet
  facet normal 0.058730969946482144 0.9982738467821068 0
    outer loop
      vertex 12.630528569221497 14.827585709946497 4
      vertex 12.945496425032616 14.809055356042727 4
      vertex 12.945496425032616 14.809055356042727 3.8
    endloop
  endfacet
  facet normal 0 0 1
    outer loop
      vertex 12.642164282500744 14.711335716503008 4
      vertex 12.780389286577702 14.70279642726694 4
      vertex 12.630528569221497 14.827585709946497 4
    endloop
  endfacet
  facet normal 0 0 1
    outer loop
      vertex 12.780389286577702 14.70279642726694 4
      vertex 12.916064284741879 14.677178567009314 4
      vertex 12.945496425032616 14.809055356042727 4
    endloop
  endfacet
  facet normal 0 0 1
    outer loop
      vertex 12.630528569221497 14.827585709946497 4
      vertex 12.780389286577702 14.70279642726694 4
      vertex 12.945496425032616 14.809055356042727 4
    endloop
  endfacet
  facet normal 0.20270289041758036 -0.9792402862507029 0
    outer loop
      vertex 12.980366073548794 12.850971428411349 4
      vertex 12.980366073548794 12.850971428411349 3.8
      vertex 13.312042854726315 12.919628573315485 3.8
    endloop
  endfacet
  facet normal -0.3345264388566522 0.942386365407462 0
    outer loop
      vertex 12.940042860805988 12.979928573327406 4
      vertex 13.071549996733665 13.026610715048655 3.8
      vertex 12.940042860805988 12.979928573327406 3.8
    endloop
  endfacet
  facet normal -0.5115030775447352 0.8592814449656554 0
    outer loop
      vertex 13.071549996733665 13.026610715048655 4
      vertex 13.172542855143547 13.086728570716723 3.8
      vertex 13.071549996733665 13.026610715048655 3.8
    endloop
  endfacet
  facet normal -1 0 0
    outer loop
      vertex 13.589735716581345 12.85714285607849 4
      vertex 13.589735716581345 12.934157138424261 3.8
      vertex 13.589735716581345 12.85714285607849 3.8
    endloop
  endfacet
  facet normal -0.3345264388566522 0.942386365407462 0
    outer loop
      vertex 12.940042860805988 12.979928573327406 4
      vertex 13.071549996733665 13.026610715048655 4
      vertex 13.071549996733665 13.026610715048655 3.8
    endloop
  endfacet
  facet normal 0.20270289041758036 -0.9792402862507029 0
    outer loop
      vertex 12.980366073548794 12.850971428411349 4
      vertex 13.312042854726315 12.919628573315485 3.8
      vertex 13.312042854726315 12.919628573315485 4
    endloop
  endfacet
  facet normal -0.5115030775447352 0.8592814449656554 0
    outer loop
      vertex 13.071549996733665 13.026610715048655 4
      vertex 13.172542855143547 13.086728570716723 4
      vertex 13.172542855143547 13.086728570716723 3.8
    endloop
  endfacet
  facet normal 0 0 1
    outer loop
      vertex 12.940042860805988 12.979928573327406 4
      vertex 12.980366073548794 12.850971428411349 4
      vertex 13.071549996733665 13.026610715048655 4
    endloop
  endfacet
  facet normal 0 0 1
    outer loop
      vertex 12.980366073548794 12.850971428411349 4
      vertex 13.312042854726315 12.919628573315485 4
      vertex 13.071549996733665 13.026610715048655 4
    endloop
  endfacet
  facet normal 0 0 1
    outer loop
      vertex 13.071549996733665 13.026610715048655 4
      vertex 13.312042854726315 12.919628573315485 4
      vertex 13.172542855143547 13.086728570716723 4
    endloop
  endfacet
  facet normal 0.999818532881895 -0.01904996865863393 0
    outer loop
      vertex 13.312042854726315 12.919628573315485 4
      vertex 13.312042854726315 12.919628573315485 3.8
      vertex 13.320764288306236 13.377364283161505 4
    endloop
  endfacet
  facet normal -1 0 0
    outer loop
      vertex 13.589735716581345 12.85714285607849 4
      vertex 13.589735716581345 12.934157138424261 4
      vertex 13.589735716581345 12.934157138424261 3.8
    endloop
  endfacet
  facet normal -0.16742310365755186 0.9858851375092702 0
    outer loop
      vertex 13.589735716581345 12.934157138424261 4
      vertex 13.82077857106924 12.97339285697256 3.8
      vertex 13.589735716581345 12.934157138424261 3.8
    endloop
  endfacet
  facet normal 0 -1 0
    outer loop
      vertex 14.41075000166893 12.85714285607849 4
      vertex 13.589735716581345 12.85714285607849 3.8
      vertex 14.41075000166893 12.85714285607849 3.8
    endloop
  endfacet
  facet normal 0.12575903918738712 0.992060816715722 0
    outer loop
      vertex 14.101235717535019 12.97339285697256 4
      vertex 14.41075000166893 12.934157138424261 3.8
      vertex 14.101235717535019 12.97339285697256 3.8
    endloop
  endfacet
  facet normal -0.16742310365755186 0.9858851375092702 0
    outer loop
      vertex 13.589735716581345 12.934157138424261 4
      vertex 13.82077857106924 12.97339285697256 4
      vertex 13.82077857106924 12.97339285697256 3.8
    endloop
  endfacet
  facet normal 0 -1 0
    outer loop
      vertex 13.589735716581345 12.85714285607849 4
      vertex 13.589735716581345 12.85714285607849 3.8
      vertex 14.41075000166893 12.85714285607849 4
    endloop
  endfacet
  facet normal 0 0 1
    outer loop
      vertex 13.589735716581345 12.85714285607849 4
      vertex 13.82077857106924 12.97339285697256 4
      vertex 13.589735716581345 12.934157138424261 4
    endloop
  endfacet
  facet normal 0 0 1
    outer loop
      vertex 13.589735716581345 12.85714285607849 4
      vertex 14.101235717535019 12.97339285697256 4
      vertex 13.82077857106924 12.97339285697256 4
    endloop
  endfacet
  facet normal 0.12575903918738712 0.992060816715722 0
    outer loop
      vertex 14.101235717535019 12.97339285697256 4
      vertex 14.41075000166893 12.934157138424261 4
      vertex 14.41075000166893 12.934157138424261 3.8
    endloop
  endfacet
  facet normal 0 0 1
    outer loop
      vertex 13.589735716581345 12.85714285607849 4
      vertex 14.41075000166893 12.85714285607849 4
      vertex 14.101235717535019 12.97339285697256 4
    endloop
  endfacet
  facet normal 0 0 1
    outer loop
      vertex 14.101235717535019 12.97339285697256 4
      vertex 14.41075000166893 12.85714285607849 4
      vertex 14.41075000166893 12.934157138424261 4
    endloop
  endfacet
  facet normal -0.9833165991003806 0.18190235274361188 0
    outer loop
      vertex 13.172542855143547 13.086728570716723 4
      vertex 13.226307146251202 13.377364283161505 3.8
      vertex 13.172542855143547 13.086728570716723 3.8
    endloop
  endfacet
  facet normal 0 1 0
    outer loop
      vertex 13.226307146251202 13.377364283161505 4
      vertex 13.320764288306236 13.377364283161505 3.8
      vertex 13.226307146251202 13.377364283161505 3.8
    endloop
  endfacet
  facet normal 0.999818532881895 -0.01904996865863393 0
    outer loop
      vertex 13.320764288306236 13.377364283161505 4
      vertex 13.312042854726315 12.919628573315485 3.8
      vertex 13.320764288306236 13.377364283161505 3.8
    endloop
  endfacet
  facet normal -0.9833165991003806 0.18190235274361188 0
    outer loop
      vertex 13.172542855143547 13.086728570716723 4
      vertex 13.226307146251202 13.377364283161505 4
      vertex 13.226307146251202 13.377364283161505 3.8
    endloop
  endfacet
  facet normal 0 1 0
    outer loop
      vertex 13.226307146251202 13.377364283161505 4
      vertex 13.320764288306236 13.377364283161505 4
      vertex 13.320764288306236 13.377364283161505 3.8
    endloop
  endfacet
  facet normal 0 0 1
    outer loop
      vertex 13.172542855143547 13.086728570716723 4
      vertex 13.312042854726315 12.919628573315485 4
      vertex 13.320764288306236 13.377364283161505 4
    endloop
  endfacet
  facet normal 0 0 1
    outer loop
      vertex 13.172542855143547 13.086728570716723 4
      vertex 13.320764288306236 13.377364283161505 4
      vertex 13.226307146251202 13.377364283161505 4
    endloop
  endfacet
  facet normal -0.9854668679931259 -0.16986774881600952 0
    outer loop
      vertex 13.195792853832245 14.327700001852854 4
      vertex 13.152207143604755 14.580557143049582 3.8
      vertex 13.195792853832245 14.327700001852854 3.8
    endloop
  endfacet
  facet normal 0 -1 0
    outer loop
      vertex 13.291707143187523 14.327700001852854 4
      vertex 13.195792853832245 14.327700001852854 3.8
      vertex 13.291707143187523 14.327700001852854 3.8
    endloop
  endfacet
  facet normal -0.31040102644719375 -0.9506057031075127 0
    outer loop
      vertex 13.04231071472168 14.635955353932722 4
      vertex 12.916064284741879 14.677178567009314 3.8
      vertex 13.04231071472168 14.635955353932722 3.8
    endloop
  endfacet
  facet normal -0.45013634897027666 -0.8929598352309633 0
    outer loop
      vertex 13.152207143604755 14.580557143049582 4
      vertex 13.04231071472168 14.635955353932722 3.8
      vertex 13.152207143604755 14.580557143049582 3.8
    endloop
  endfacet
  facet normal 0.16252934680819528 0.9867037100498312 0
    outer loop
      vertex 12.945496425032616 14.809055356042727 4
      vertex 13.282985717058182 14.753464286880835 3.8
      vertex 12.945496425032616 14.809055356042727 3.8
    endloop
  endfacet
  facet normal 0.9997902654807478 0.020479869382777495 0
    outer loop
      vertex 13.282985717058182 14.753464286880835 4
      vertex 13.291707143187523 14.327700001852854 3.8
      vertex 13.282985717058182 14.753464286880835 3.8
    endloop
  endfacet
  facet normal -1 0 0
    outer loop
      vertex 13.570835717022419 14.72877856876169 4
      vertex 13.570835717022419 14.805792858558043 3.8
      vertex 13.570835717022419 14.72877856876169 3.8
    endloop
  endfacet
  facet normal -0.9854668679931259 -0.16986774881600952 0
    outer loop
      vertex 13.152207143604755 14.580557143049582 4
      vertex 13.152207143604755 14.580557143049582 3.8
      vertex 13.195792853832245 14.327700001852854 4
    endloop
  endfacet
  facet normal 0 -1 0
    outer loop
      vertex 13.195792853832245 14.327700001852854 4
      vertex 13.195792853832245 14.327700001852854 3.8
      vertex 13.291707143187523 14.327700001852854 4
    endloop
  endfacet
  facet normal 0.9997902654807478 0.020479869382777495 0
    outer loop
      vertex 13.291707143187523 14.327700001852854 4
      vertex 13.291707143187523 14.327700001852854 3.8
      vertex 13.282985717058182 14.753464286880835 4
    endloop
  endfacet
  facet normal 0 0 1
    outer loop
      vertex 13.152207143604755 14.580557143049582 4
      vertex 13.195792853832245 14.327700001852854 4
      vertex 13.291707143187523 14.327700001852854 4
    endloop
  endfacet
  facet normal -0.31040102644719375 -0.9506057031075127 0
    outer loop
      vertex 12.916064284741879 14.677178567009314 4
      vertex 12.916064284741879 14.677178567009314 3.8
      vertex 13.04231071472168 14.635955353932722 4
    endloop
  endfacet
  facet normal -0.45013634897027666 -0.8929598352309633 0
    outer loop
      vertex 13.152207143604755 14.580557143049582 4
      vertex 13.04231071472168 14.635955353932722 4
      vertex 13.04231071472168 14.635955353932722 3.8
    endloop
  endfacet
  facet normal 0.16252934680819528 0.9867037100498312 0
    outer loop
      vertex 12.945496425032616 14.809055356042727 4
      vertex 13.282985717058182 14.753464286880835 4
      vertex 13.282985717058182 14.753464286880835 3.8
    endloop
  endfacet
  facet normal 0 0 1
    outer loop
      vertex 12.916064284741879 14.677178567009314 4
      vertex 13.04231071472168 14.635955353932722 4
      vertex 12.945496425032616 14.809055356042727 4
    endloop
  endfacet
  facet normal 0 0 1
    outer loop
      vertex 12.945496425032616 14.809055356042727 4
      vertex 13.04231071472168 14.635955353932722 4
      vertex 13.282985717058182 14.753464286880835 4
    endloop
  endfacet
  facet normal 0 0 1
    outer loop
      vertex 13.152207143604755 14.580557143049582 4
      vertex 13.282985717058182 14.753464286880835 4
      vertex 13.04231071472168 14.635955353932722 4
    endloop
  endfacet
  facet normal 0 0 1
    outer loop
      vertex 13.152207143604755 14.580557143049582 4
      vertex 13.291707143187523 14.327700001852854 4
      vertex 13.282985717058182 14.753464286880835 4
    endloop
  endfacet
  facet normal -0.1495341692655751 -0.9887565586240399 0
    outer loop
      vertex 13.570835717022419 14.72877856876169 4
      vertex 13.570835717022419 14.72877856876169 3.8
      vertex 13.82077857106924 14.690978569643839 4
    endloop
  endfacet
  facet normal -1 0 0
    outer loop
      vertex 13.570835717022419 14.72877856876169 4
      vertex 13.570835717022419 14.805792858558043 4
      vertex 13.570835717022419 14.805792858558043 3.8
    endloop
  endfacet
  facet normal 0 0 1
    outer loop
      vertex 13.570835717022419 14.72877856876169 4
      vertex 13.82077857106924 14.690978569643839 4
      vertex 13.570835717022419 14.805792858558043 4
    endloop
  endfacet
  facet normal -1 0 0
    outer loop
      vertex 13.82077857106924 12.97339285697256 4
      vertex 13.82077857106924 14.690978569643839 3.8
      vertex 13.82077857106924 12.97339285697256 3.8
    endloop
  endfacet
  facet normal 1 0 0
    outer loop
      vertex 14.101235717535019 13.621478570359095 4
      vertex 14.101235717535019 12.97339285697256 3.8
      vertex 14.101235717535019 13.621478570359095 3.8
    endloop
  endfacet
  facet normal 0 1 0
    outer loop
      vertex 14.101235717535019 13.752278571682318 4
      vertex 14.252350002527237 13.752278571682318 3.8
      vertex 14.101235717535019 13.752278571682318 3.8
    endloop
  endfacet
  facet normal 0 -1 0
    outer loop
      vertex 14.320642858743668 13.621478570359095 4
      vertex 14.101235717535019 13.621478570359095 3.8
      vertex 14.320642858743668 13.621478570359095 3.8
    endloop
  endfacet
  facet normal -0.12994138352610604 0.9915216774470044 0
    outer loop
      vertex 14.252350002527237 13.752278571682318 4
      vertex 14.465773217380047 13.780248215155943 3.8
      vertex 14.252350002527237 13.752278571682318 3.8
    endloop
  endfacet
  facet normal 0 0 1
    outer loop
      vertex 13.82077857106924 12.97339285697256 4
      vertex 14.101235717535019 12.97339285697256 4
      vertex 14.101235717535019 13.621478570359095 4
    endloop
  endfacet
  facet normal 0 0 1
    outer loop
      vertex 13.82077857106924 12.97339285697256 4
      vertex 14.101235717535019 13.621478570359095 4
      vertex 14.101235717535019 13.752278571682318 4
    endloop
  endfacet
  facet normal 0 0 1
    outer loop
      vertex 13.82077857106924 12.97339285697256 4
      vertex 14.101235717535019 13.752278571682318 4
      vertex 13.82077857106924 14.690978569643839 4
    endloop
  endfacet
  facet normal 1 0 0
    outer loop
      vertex 14.101235717535019 12.97339285697256 4
      vertex 14.101235717535019 12.97339285697256 3.8
      vertex 14.101235717535019 13.621478570359095 4
    endloop
  endfacet
  facet normal 0 -1 0
    outer loop
      vertex 14.101235717535019 13.621478570359095 4
      vertex 14.101235717535019 13.621478570359095 3.8
      vertex 14.320642858743668 13.621478570359095 4
    endloop
  endfacet
  facet normal 1 0 0
    outer loop
      vertex 14.101235717535019 13.752278571682318 4
      vertex 14.101235717535019 13.752278571682318 3.8
      vertex 14.101235717535019 14.67499285723482 4
    endloop
  endfacet
  facet normal 0 1 0
    outer loop
      vertex 14.101235717535019 13.752278571682318 4
      vertex 14.252350002527237 13.752278571682318 4
      vertex 14.252350002527237 13.752278571682318 3.8
    endloop
  endfacet
  facet normal 0 0 1
    outer loop
      vertex 14.101235717535019 13.621478570359095 4
      vertex 14.252350002527237 13.752278571682318 4
      vertex 14.101235717535019 13.752278571682318 4
    endloop
  endfacet
  facet normal 0 0 1
    outer loop
      vertex 14.101235717535019 13.621478570359095 4
      vertex 14.320642858743668 13.621478570359095 4
      vertex 14.252350002527237 13.752278571682318 4
    endloop
  endfacet
  facet normal 0 0 1
    outer loop
      vertex 14.252350002527237 13.752278571682318 4
      vertex 14.320642858743668 13.621478570359095 4
      vertex 14.465773217380047 13.780248215155943 4
    endloop
  endfacet
  facet normal -0.1495341692655751 -0.9887565586240399 0
    outer loop
      vertex 13.82077857106924 14.690978569643839 4
      vertex 13.570835717022419 14.72877856876169 3.8
      vertex 13.82077857106924 14.690978569643839 3.8
    endloop
  endfacet
  facet normal 0 1 0
    outer loop
      vertex 13.570835717022419 14.805792858558043 4
      vertex 14.306114286184311 14.805792858558043 3.8
      vertex 13.570835717022419 14.805792858558043 3.8
    endloop
  endfacet
  facet normal 1 0 0
    outer loop
      vertex 14.101235717535019 14.67499285723482 4
      vertex 14.101235717535019 13.752278571682318 3.8
      vertex 14.101235717535019 14.67499285723482 3.8
    endloop
  endfacet
  facet normal 0 -1 0
    outer loop
      vertex 14.243628568947315 14.67499285723482 4
      vertex 14.101235717535019 14.67499285723482 3.8
      vertex 14.243628568947315 14.67499285723482 3.8
    endloop
  endfacet
  facet normal -1 0 0
    outer loop
      vertex 13.82077857106924 12.97339285697256 4
      vertex 13.82077857106924 14.690978569643839 4
      vertex 13.82077857106924 14.690978569643839 3.8
    endloop
  endfacet
  facet normal 0 0 1
    outer loop
      vertex 14.101235717535019 13.752278571682318 4
      vertex 14.101235717535019 14.67499285723482 4
      vertex 13.82077857106924 14.690978569643839 4
    endloop
  endfacet
  facet normal 0 0 1
    outer loop
      vertex 13.570835717022419 14.805792858558043 4
      vertex 13.82077857106924 14.690978569643839 4
      vertex 14.306114286184311 14.805792858558043 4
    endloop
  endfacet
  facet normal 0 -1 0
    outer loop
      vertex 14.101235717535019 14.67499285723482 4
      vertex 14.101235717535019 14.67499285723482 3.8
      vertex 14.243628568947315 14.67499285723482 4
    endloop
  endfacet
  facet normal 0 1 0
    outer loop
      vertex 13.570835717022419 14.805792858558043 4
      vertex 14.306114286184311 14.805792858558043 4
      vertex 14.306114286184311 14.805792858558043 3.8
    endloop
  endfacet
  facet normal -0.11323950570278556 -0.9935677200614907 0
    outer loop
      vertex 14.243628568947315 14.67499285723482 4
      vertex 14.243628568947315 14.67499285723482 3.8
      vertex 14.469951786100864 14.64919820960079 4
    endloop
  endfacet
  facet normal 0 0 1
    outer loop
      vertex 13.82077857106924 14.690978569643839 4
      vertex 14.101235717535019 14.67499285723482 4
      vertex 14.306114286184311 14.805792858558043 4
    endloop
  endfacet
  facet normal 0 0 1
    outer loop
      vertex 14.101235717535019 14.67499285723482 4
      vertex 14.243628568947315 14.67499285723482 4
      vertex 14.306114286184311 14.805792858558043 4
    endloop
  endfacet
  facet normal 0 0 1
    outer loop
      vertex 14.243628568947315 14.67499285723482 4
      vertex 14.469951786100864 14.64919820960079 4
      vertex 14.306114286184311 14.805792858558043 4
    endloop
  endfacet
  facet normal 1 0 0
    outer loop
      vertex 14.41075000166893 12.934157138424261 4
      vertex 14.41075000166893 12.85714285607849 3.8
      vertex 14.41075000166893 12.934157138424261 3.8
    endloop
  endfacet
  facet normal 1 0 0
    outer loop
      vertex 14.41075000166893 12.85714285607849 4
      vertex 14.41075000166893 12.85714285607849 3.8
      vertex 14.41075000166893 12.934157138424261 4
    endloop
  endfacet
  facet normal -1 0 0
    outer loop
      vertex 15.226042859256268 12.85714285607849 4
      vertex 15.226042859256268 12.934157138424261 3.8
      vertex 15.226042859256268 12.85714285607849 3.8
    endloop
  endfacet
  facet normal -0.15507962391348845 0.9879019740069613 0
    outer loop
      vertex 15.226042859256268 12.934157138424261 4
      vertex 15.47598571330309 12.97339285697256 3.8
      vertex 15.226042859256268 12.934157138424261 3.8
    endloop
  endfacet
  facet normal 0 -1 0
    outer loop
      vertex 15.890114285051823 12.85714285607849 4
      vertex 15.226042859256268 12.85714285607849 3.8
      vertex 15.890114285051823 12.85714285607849 3.8
    endloop
  endfacet
  facet normal 0.14834839433066108 0.9889351616256319 0
    outer loop
      vertex 15.62855714559555 12.97339285697256 4
      vertex 15.890114285051823 12.934157138424261 3.8
      vertex 15.62855714559555 12.97339285697256 3.8
    endloop
  endfacet
  facet normal -1 0 0
    outer loop
      vertex 15.226042859256268 12.85714285607849 4
      vertex 15.226042859256268 12.934157138424261 4
      vertex 15.226042859256268 12.934157138424261 3.8
    endloop
  endfacet
  facet normal 0 -1 0
    outer loop
      vertex 15.226042859256268 12.85714285607849 4
      vertex 15.226042859256268 12.85714285607849 3.8
      vertex 15.890114285051823 12.85714285607849 4
    endloop
  endfacet
  facet normal -0.15507962391348845 0.9879019740069613 0
    outer loop
      vertex 15.226042859256268 12.934157138424261 4
      vertex 15.47598571330309 12.97339285697256 4
      vertex 15.47598571330309 12.97339285697256 3.8
    endloop
  endfacet
  facet normal 0 0 1
    outer loop
      vertex 15.226042859256268 12.85714285607849 4
      vertex 15.47598571330309 12.97339285697256 4
      vertex 15.226042859256268 12.934157138424261 4
    endloop
  endfacet
  facet normal 0.14834839433066108 0.9889351616256319 0
    outer loop
      vertex 15.62855714559555 12.97339285697256 4
      vertex 15.890114285051823 12.934157138424261 4
      vertex 15.890114285051823 12.934157138424261 3.8
    endloop
  endfacet
  facet normal 0 0 1
    outer loop
      vertex 15.226042859256268 12.85714285607849 4
      vertex 15.890114285051823 12.85714285607849 4
      vertex 15.47598571330309 12.97339285697256 4
    endloop
  endfacet
  facet normal 0 0 1
    outer loop
      vertex 15.47598571330309 12.97339285697256 4
      vertex 15.890114285051823 12.85714285607849 4
      vertex 15.62855714559555 12.97339285697256 4
    endloop
  endfacet
  facet normal 0 0 1
    outer loop
      vertex 15.62855714559555 12.97339285697256 4
      vertex 15.890114285051823 12.85714285607849 4
      vertex 15.890114285051823 12.934157138424261 4
    endloop
  endfacet
  facet normal 0.12884800340871647 -0.991664354515976 0
    outer loop
      vertex 14.61981250345707 13.660350000219687 4
      vertex 14.320642858743668 13.621478570359095 3.8
      vertex 14.61981250345707 13.660350000219687 3.8
    endloop
  endfacet
  facet normal -0.4903726989781193 0.8715128318601597 0
    outer loop
      vertex 14.465773217380047 13.780248215155943 4
      vertex 14.61490000039339 13.864157138126238 3.8
      vertex 14.465773217380047 13.780248215155943 3.8
    endloop
  endfacet
  facet normal -0.8588969730280778 0.5121484059559354 0
    outer loop
      vertex 14.61490000039339 13.864157138126238 4
      vertex 14.702633932232857 14.011291069643839 3.8
      vertex 14.61490000039339 13.864157138126238 3.8
    endloop
  endfacet
  facet normal 0.46780180673880206 -0.8838333947141352 0
    outer loop
      vertex 14.840135715901852 13.776964282350882 4
      vertex 14.61981250345707 13.660350000219687 3.8
      vertex 14.840135715901852 13.776964282350882 3.8
    endloop
  endfacet
  facet normal 0.8158674296368119 -0.5782389966595316 0
    outer loop
      vertex 14.975826784968376 13.968417858438833 4
      vertex 14.840135715901852 13.776964282350882 3.8
      vertex 14.975826784968376 13.968417858438833 3.8
    endloop
  endfacet
  facet normal 0.12884800340871647 -0.991664354515976 0
    outer loop
      vertex 14.320642858743668 13.621478570359095 4
      vertex 14.320642858743668 13.621478570359095 3.8
      vertex 14.61981250345707 13.660350000219687 4
    endloop
  endfacet
  facet normal -0.12994138352610604 0.9915216774470044 0
    outer loop
      vertex 14.252350002527237 13.752278571682318 4
      vertex 14.465773217380047 13.780248215155943 4
      vertex 14.465773217380047 13.780248215155943 3.8
    endloop
  endfacet
  facet normal 0.46780180673880206 -0.8838333947141352 0
    outer loop
      vertex 14.61981250345707 13.660350000219687 4
      vertex 14.61981250345707 13.660350000219687 3.8
      vertex 14.840135715901852 13.776964282350882 4
    endloop
  endfacet
  facet normal -0.4903726989781193 0.8715128318601597 0
    outer loop
      vertex 14.465773217380047 13.780248215155943 4
      vertex 14.61490000039339 13.864157138126238 4
      vertex 14.61490000039339 13.864157138126238 3.8
    endloop
  endfacet
  facet normal -0.8588969730280778 0.5121484059559354 0
    outer loop
      vertex 14.61490000039339 13.864157138126238 4
      vertex 14.702633932232857 14.011291069643839 4
      vertex 14.702633932232857 14.011291069643839 3.8
    endloop
  endfacet
  facet normal 0 0 1
    outer loop
      vertex 14.320642858743668 13.621478570359095 4
      vertex 14.61981250345707 13.660350000219687 4
      vertex 14.465773217380047 13.780248215155943 4
    endloop
  endfacet
  facet normal 0 0 1
    outer loop
      vertex 14.465773217380047 13.780248215155943 4
      vertex 14.61981250345707 13.660350000219687 4
      vertex 14.61490000039339 13.864157138126238 4
    endloop
  endfacet
  facet normal 0 0 1
    outer loop
      vertex 14.61981250345707 13.660350000219687 4
      vertex 14.840135715901852 13.776964282350882 4
      vertex 14.61490000039339 13.864157138126238 4
    endloop
  endfacet
  facet normal 0 0 1
    outer loop
      vertex 14.61490000039339 13.864157138126238 4
      vertex 14.840135715901852 13.776964282350882 4
      vertex 14.702633932232857 14.011291069643839 4
    endloop
  endfacet
  facet normal 0.8158674296368119 -0.5782389966595316 0
    outer loop
      vertex 14.840135715901852 13.776964282350882 4
      vertex 14.840135715901852 13.776964282350882 3.8
      vertex 14.975826784968376 13.968417858438833 4
    endloop
  endfacet
  facet normal 0.9855736639003683 -0.1692470177758056 0
    outer loop
      vertex 14.975826784968376 13.968417858438833 4
      vertex 14.975826784968376 13.968417858438833 3.8
      vertex 15.021057143807411 14.231807140367373 4
    endloop
  endfacet
  facet normal 0 0 1
    outer loop
      vertex 14.840135715901852 13.776964282350882 4
      vertex 14.975826784968376 13.968417858438833 4
      vertex 14.702633932232857 14.011291069643839 4
    endloop
  endfacet
  facet normal -0.9910894894553476 0.13319768725897024 0
    outer loop
      vertex 14.702633932232857 14.011291069643839 4
      vertex 14.731878571212292 14.228892853217467 3.8
      vertex 14.702633932232857 14.011291069643839 3.8
    endloop
  endfacet
  facet normal -0.9908708118907322 -0.13481481425645025 0
    outer loop
      vertex 14.731878571212292 14.228892853217467 4
      vertex 14.703903570771217 14.43450535620962 3.8
      vertex 14.731878571212292 14.228892853217467 3.8
    endloop
  endfacet
  facet normal -0.8532431466042406 -0.5215133102547759 0
    outer loop
      vertex 14.703903570771217 14.43450535620962 4
      vertex 14.619978569447994 14.571814281599863 3.8
      vertex 14.703903570771217 14.43450535620962 3.8
    endloop
  endfacet
  facet normal -0.11323950570278556 -0.9935677200614907 0
    outer loop
      vertex 14.469951786100864 14.64919820960079 4
      vertex 14.243628568947315 14.67499285723482 3.8
      vertex 14.469951786100864 14.64919820960079 3.8
    endloop
  endfacet
  facet normal 0.2585167464301263 0.9660067762780868 0
    outer loop
      vertex 14.306114286184311 14.805792858558043 4
      vertex 14.842321425676346 14.66229642714773 3.8
      vertex 14.306114286184311 14.805792858558043 3.8
    endloop
  endfacet
  facet normal -0.45841252202859184 -0.8887395341985107 0
    outer loop
      vertex 14.619978569447994 14.571814281599863 4
      vertex 14.469951786100864 14.64919820960079 3.8
      vertex 14.619978569447994 14.571814281599863 3.8
    endloop
  endfacet
  facet normal 0.9235597158533182 0.38345462737191993 0
    outer loop
      vertex 14.842321425676346 14.66229642714773 4
      vertex 15.021057143807411 14.231807140367373 3.8
      vertex 14.842321425676346 14.66229642714773 3.8
    endloop
  endfacet
  facet normal 0.9855736639003683 -0.1692470177758056 0
    outer loop
      vertex 15.021057143807411 14.231807140367373 4
      vertex 14.975826784968376 13.968417858438833 3.8
      vertex 15.021057143807411 14.231807140367373 3.8
    endloop
  endfacet
  facet normal -0.9910894894553476 0.13319768725897024 0
    outer loop
      vertex 14.702633932232857 14.011291069643839 4
      vertex 14.731878571212292 14.228892853217467 4
      vertex 14.731878571212292 14.228892853217467 3.8
    endloop
  endfacet
  facet normal -0.9908708118907322 -0.13481481425645025 0
    outer loop
      vertex 14.731878571212292 14.228892853217467 4
      vertex 14.703903570771217 14.43450535620962 4
      vertex 14.703903570771217 14.43450535620962 3.8
    endloop
  endfacet
  facet normal -0.8532431466042406 -0.5215133102547759 0
    outer loop
      vertex 14.703903570771217 14.43450535620962 4
      vertex 14.619978569447994 14.571814281599863 4
      vertex 14.619978569447994 14.571814281599863 3.8
    endloop
  endfacet
  facet normal -0.45841252202859184 -0.8887395341985107 0
    outer loop
      vertex 14.469951786100864 14.64919820960079 4
      vertex 14.469951786100864 14.64919820960079 3.8
      vertex 14.619978569447994 14.571814281599863 4
    endloop
  endfacet
  facet normal 0.2585167464301263 0.9660067762780868 0
    outer loop
      vertex 14.306114286184311 14.805792858558043 4
      vertex 14.842321425676346 14.66229642714773 4
      vertex 14.842321425676346 14.66229642714773 3.8
    endloop
  endfacet
  facet normal 0 0 1
    outer loop
      vertex 14.306114286184311 14.805792858558043 4
      vertex 14.469951786100864 14.64919820960079 4
      vertex 14.842321425676346 14.66229642714773 4
    endloop
  endfacet
  facet normal 0 0 1
    outer loop
      vertex 14.469951786100864 14.64919820960079 4
      vertex 14.619978569447994 14.571814281599863 4
      vertex 14.842321425676346 14.66229642714773 4
    endloop
  endfacet
  facet normal 0 0 1
    outer loop
      vertex 14.703903570771217 14.43450535620962 4
      vertex 14.842321425676346 14.66229642714773 4
      vertex 14.619978569447994 14.571814281599863 4
    endloop
  endfacet
  facet normal 0.9235597158533182 0.38345462737191993 0
    outer loop
      vertex 14.842321425676346 14.66229642714773 4
      vertex 15.021057143807411 14.231807140367373 4
      vertex 15.021057143807411 14.231807140367373 3.8
    endloop
  endfacet
  facet normal 0 0 1
    outer loop
      vertex 14.702633932232857 14.011291069643839 4
      vertex 14.975826784968376 13.968417858438833 4
      vertex 14.731878571212292 14.228892853217467 4
    endloop
  endfacet
  facet normal 0 0 1
    outer loop
      vertex 14.731878571212292 14.228892853217467 4
      vertex 14.975826784968376 13.968417858438833 4
      vertex 15.021057143807411 14.231807140367373 4
    endloop
  endfacet
  facet normal 0 0 1
    outer loop
      vertex 14.731878571212292 14.228892853217467 4
      vertex 15.021057143807411 14.231807140367373 4
      vertex 14.703903570771217 14.43450535620962 4
    endloop
  endfacet
  facet normal 0 0 1
    outer loop
      vertex 14.703903570771217 14.43450535620962 4
      vertex 15.021057143807411 14.231807140367373 4
      vertex 14.842321425676346 14.66229642714773 4
    endloop
  endfacet
  facet normal -1 0 0
    outer loop
      vertex 15.47598571330309 12.97339285697256 4
      vertex 15.47598571330309 14.690978569643839 4
      vertex 15.47598571330309 12.97339285697256 3.8
    endloop
  endfacet
  facet normal 1 0 0
    outer loop
      vertex 15.62855714559555 12.97339285697256 4
      vertex 15.62855714559555 12.97339285697256 3.8
      vertex 15.62855714559555 14.609614288168295 4
    endloop
  endfacet
  facet normal 0 0 1
    outer loop
      vertex 15.47598571330309 12.97339285697256 4
      vertex 15.62855714559555 12.97339285697256 4
      vertex 15.62855714559555 14.609614288168295 4
    endloop
  endfacet
  facet normal -1 0 0
    outer loop
      vertex 15.226042859256268 14.72877856876169 4
      vertex 15.226042859256268 14.805792858558043 3.8
      vertex 15.226042859256268 14.72877856876169 3.8
    endloop
  endfacet
  facet normal -0.1495341692655751 -0.9887565586240399 0
    outer loop
      vertex 15.47598571330309 14.690978569643839 4
      vertex 15.226042859256268 14.72877856876169 3.8
      vertex 15.47598571330309 14.690978569643839 3.8
    endloop
  endfacet
  facet normal 0 1 0
    outer loop
      vertex 15.226042859256268 14.805792858558043 4
      vertex 15.816014282405376 14.805792858558043 3.8
      vertex 15.226042859256268 14.805792858558043 3.8
    endloop
  endfacet
  facet normal -1 0 0
    outer loop
      vertex 15.47598571330309 14.690978569643839 4
      vertex 15.47598571330309 14.690978569643839 3.8
      vertex 15.47598571330309 12.97339285697256 3.8
    endloop
  endfacet
  facet normal 1 0 0
    outer loop
      vertex 15.62855714559555 14.609614288168295 4
      vertex 15.62855714559555 12.97339285697256 3.8
      vertex 15.62855714559555 14.609614288168295 3.8
    endloop
  endfacet
  facet normal -1 0 0
    outer loop
      vertex 15.226042859256268 14.72877856876169 4
      vertex 15.226042859256268 14.805792858558043 4
      vertex 15.226042859256268 14.805792858558043 3.8
    endloop
  endfacet
  facet normal -0.1495341692655751 -0.9887565586240399 0
    outer loop
      vertex 15.226042859256268 14.72877856876169 4
      vertex 15.226042859256268 14.72877856876169 3.8
      vertex 15.47598571330309 14.690978569643839 4
    endloop
  endfacet
  facet normal 0 0 1
    outer loop
      vertex 15.226042859256268 14.72877856876169 4
      vertex 15.47598571330309 14.690978569643839 4
      vertex 15.226042859256268 14.805792858558043 4
    endloop
  endfacet
  facet normal 0 0 1
    outer loop
      vertex 15.47598571330309 12.97339285697256 4
      vertex 15.62855714559555 14.609614288168295 4
      vertex 15.47598571330309 14.690978569643839 4
    endloop
  endfacet
  facet normal 0 1 0
    outer loop
      vertex 15.226042859256268 14.805792858558043 4
      vertex 15.816014282405376 14.805792858558043 4
      vertex 15.816014282405376 14.805792858558043 3.8
    endloop
  endfacet
  facet normal 0 0 1
    outer loop
      vertex 15.226042859256268 14.805792858558043 4
      vertex 15.47598571330309 14.690978569643839 4
      vertex 15.816014282405376 14.805792858558043 4
    endloop
  endfacet
  facet normal 0 0 1
    outer loop
      vertex 15.47598571330309 14.690978569643839 4
      vertex 15.62855714559555 14.609614288168295 4
      vertex 15.816014282405376 14.805792858558043 4
    endloop
  endfacet
  facet normal 1 0 0
    outer loop
      vertex 15.890114285051823 12.934157138424261 4
      vertex 15.890114285051823 12.85714285607849 3.8
      vertex 15.890114285051823 12.934157138424261 3.8
    endloop
  endfacet
  facet normal 1 0 0
    outer loop
      vertex 15.890114285051823 12.85714285607849 4
      vertex 15.890114285051823 12.85714285607849 3.8
      vertex 15.890114285051823 12.934157138424261 4
    endloop
  endfacet
  facet normal 0 -1 0
    outer loop
      vertex 16.971249997615814 12.85714285607849 4
      vertex 16.830292858183384 12.85714285607849 3.8
      vertex 16.971249997615814 12.85714285607849 3.8
    endloop
  endfacet
  facet normal 0 -1 0
    outer loop
      vertex 16.830292858183384 12.85714285607849 4
      vertex 16.830292858183384 12.85714285607849 3.8
      vertex 16.971249997615814 12.85714285607849 4
    endloop
  endfacet
  facet normal -0.8247198489429802 -0.5655414845610071 0
    outer loop
      vertex 16.830292858183384 12.85714285607849 4
      vertex 15.62855714559555 14.609614288168295 3.8
      vertex 16.830292858183384 12.85714285607849 3.8
    endloop
  endfacet
  facet normal -0.8247198489429802 -0.5655414845610071 0
    outer loop
      vertex 15.62855714559555 14.609614288168295 4
      vertex 15.62855714559555 14.609614288168295 3.8
      vertex 16.830292858183384 12.85714285607849 4
    endloop
  endfacet
  facet normal 0 0 1
    outer loop
      vertex 15.62855714559555 14.609614288168295 4
      vertex 16.830292858183384 12.85714285607849 4
      vertex 16.971249997615814 12.85714285607849 4
    endloop
  endfacet
  facet normal 0.8212128097320968 0.5706220475340178 0
    outer loop
      vertex 15.816014282405376 14.805792858558043 4
      vertex 16.818657144904137 13.362835710602148 4
      vertex 16.818657144904137 13.362835710602148 3.8
    endloop
  endfacet
  facet normal 0 0 1
    outer loop
      vertex 15.62855714559555 14.609614288168295 4
      vertex 16.971249997615814 12.85714285607849 4
      vertex 16.818657144904137 13.362835710602148 4
    endloop
  endfacet
  facet normal 0.8212128097320968 0.5706220475340178 0
    outer loop
      vertex 15.816014282405376 14.805792858558043 4
      vertex 16.818657144904137 13.362835710602148 3.8
      vertex 15.816014282405376 14.805792858558043 3.8
    endloop
  endfacet
  facet normal 0 0 1
    outer loop
      vertex 15.62855714559555 14.609614288168295 4
      vertex 16.818657144904137 13.362835710602148 4
      vertex 15.816014282405376 14.805792858558043 4
    endloop
  endfacet
  facet normal -1 0 0
    outer loop
      vertex 16.818657144904137 13.362835710602148 4
      vertex 16.818657144904137 14.690978569643839 3.8
      vertex 16.818657144904137 13.362835710602148 3.8
    endloop
  endfacet
  facet normal 1 0 0
    outer loop
      vertex 16.971249997615814 12.85714285607849 4
      vertex 16.971249997615814 12.85714285607849 3.8
      vertex 16.971249997615814 14.690978569643839 4
    endloop
  endfacet
  facet normal 0 0 1
    outer loop
      vertex 16.971249997615814 12.85714285607849 4
      vertex 16.971249997615814 14.690978569643839 4
      vertex 16.818657144904137 13.362835710602148 4
    endloop
  endfacet
  facet normal -1 0 0
    outer loop
      vertex 16.557099997997284 14.72877856876169 4
      vertex 16.557099997997284 14.805792858558043 3.8
      vertex 16.557099997997284 14.72877856876169 3.8
    endloop
  endfacet
  facet normal -0.14303312397748744 -0.989717901952491 0
    outer loop
      vertex 16.818657144904137 14.690978569643839 4
      vertex 16.557099997997284 14.72877856876169 3.8
      vertex 16.818657144904137 14.690978569643839 3.8
    endloop
  endfacet
  facet normal 0 1 0
    outer loop
      vertex 16.557099997997284 14.805792858558043 4
      vertex 17.221192859113216 14.805792858558043 3.8
      vertex 16.557099997997284 14.805792858558043 3.8
    endloop
  endfacet
  facet normal 1 0 0
    outer loop
      vertex 16.971249997615814 14.690978569643839 4
      vertex 16.971249997615814 12.85714285607849 3.8
      vertex 16.971249997615814 14.690978569643839 3.8
    endloop
  endfacet
  facet normal 0.14953416490776222 -0.9887565592830917 0
    outer loop
      vertex 17.221192859113216 14.72877856876169 4
      vertex 16.971249997615814 14.690978569643839 3.8
      vertex 17.221192859113216 14.72877856876169 3.8
    endloop
  endfacet
  facet normal 1 0 0
    outer loop
      vertex 17.221192859113216 14.805792858558043 4
      vertex 17.221192859113216 14.72877856876169 3.8
      vertex 17.221192859113216 14.805792858558043 3.8
    endloop
  endfacet
  facet normal -1 0 0
    outer loop
      vertex 16.818657144904137 13.362835710602148 4
      vertex 16.818657144904137 14.690978569643839 4
      vertex 16.818657144904137 14.690978569643839 3.8
    endloop
  endfacet
  facet normal 0 0 1
    outer loop
      vertex 16.818657144904137 13.362835710602148 4
      vertex 16.971249997615814 14.690978569643839 4
      vertex 16.818657144904137 14.690978569643839 4
    endloop
  endfacet
  facet normal -0.14303312397748744 -0.989717901952491 0
    outer loop
      vertex 16.557099997997284 14.72877856876169 4
      vertex 16.557099997997284 14.72877856876169 3.8
      vertex 16.818657144904137 14.690978569643839 4
    endloop
  endfacet
  facet normal -1 0 0
    outer loop
      vertex 16.557099997997284 14.72877856876169 4
      vertex 16.557099997997284 14.805792858558043 4
      vertex 16.557099997997284 14.805792858558043 3.8
    endloop
  endfacet
  facet normal 0 0 1
    outer loop
      vertex 16.557099997997284 14.72877856876169 4
      vertex 16.818657144904137 14.690978569643839 4
      vertex 16.557099997997284 14.805792858558043 4
    endloop
  endfacet
  facet normal 0 0 1
    outer loop
      vertex 16.557099997997284 14.805792858558043 4
      vertex 16.818657144904137 14.690978569643839 4
      vertex 16.971249997615814 14.690978569643839 4
    endloop
  endfacet
  facet normal 0.14953416490776222 -0.9887565592830917 0
    outer loop
      vertex 16.971249997615814 14.690978569643839 4
      vertex 16.971249997615814 14.690978569643839 3.8
      vertex 17.221192859113216 14.72877856876169 4
    endloop
  endfacet
  facet normal 0 1 0
    outer loop
      vertex 16.557099997997284 14.805792858558043 4
      vertex 17.221192859113216 14.805792858558043 4
      vertex 17.221192859113216 14.805792858558043 3.8
    endloop
  endfacet
  facet normal 1 0 0
    outer loop
      vertex 17.221192859113216 14.72877856876169 4
      vertex 17.221192859113216 14.72877856876169 3.8
      vertex 17.221192859113216 14.805792858558043 4
    endloop
  endfacet
  facet normal 0 0 1
    outer loop
      vertex 16.557099997997284 14.805792858558043 4
      vertex 16.971249997615814 14.690978569643839 4
      vertex 17.221192859113216 14.805792858558043 4
    endloop
  endfacet
  facet normal 0 0 1
    outer loop
      vertex 16.971249997615814 14.690978569643839 4
      vertex 17.221192859113216 14.72877856876169 4
      vertex 17.221192859113216 14.805792858558043 4
    endloop
  endfacet
  facet normal -1 0 0
    outer loop
      vertex 17.618767857551575 4.285714288907393 4
      vertex 17.618767857551575 4.3627285712531645 3.8
      vertex 17.618767857551575 4.285714288907393 3.8
    endloop
  endfacet
  facet normal -0.15507962391348845 0.9879019740069613 0
    outer loop
      vertex 17.618767857551575 4.3627285712531645 4
      vertex 17.868710711598396 4.401964289801462 3.8
      vertex 17.618767857551575 4.3627285712531645 3.8
    endloop
  endfacet
  facet normal -1 0 0
    outer loop
      vertex 17.618767857551575 4.285714288907393 4
      vertex 17.618767857551575 4.3627285712531645 4
      vertex 17.618767857551575 4.3627285712531645 3.8
    endloop
  endfacet
  facet normal -0.15507962391348845 0.9879019740069613 0
    outer loop
      vertex 17.618767857551575 4.3627285712531645 4
      vertex 17.868710711598396 4.401964289801462 4
      vertex 17.868710711598396 4.401964289801462 3.8
    endloop
  endfacet
  facet normal 0 -1 0
    outer loop
      vertex 17.618767857551575 4.285714288907393 4
      vertex 17.618767857551575 4.285714288907393 3.8
      vertex 18.28283928334713 4.285714288907393 4
    endloop
  endfacet
  facet normal 0 0 1
    outer loop
      vertex 17.618767857551575 4.285714288907393 4
      vertex 17.868710711598396 4.401964289801462 4
      vertex 17.618767857551575 4.3627285712531645 4
    endloop
  endfacet
  facet normal 0 0 1
    outer loop
      vertex 17.618767857551575 4.285714288907393 4
      vertex 18.28283928334713 4.285714288907393 4
      vertex 17.868710711598396 4.401964289801462 4
    endloop
  endfacet
  facet normal -1 0 0
    outer loop
      vertex 17.868710711598396 4.401964289801462 4
      vertex 17.868710711598396 6.119550002472742 3.8
      vertex 17.868710711598396 4.401964289801462 3.8
    endloop
  endfacet
  facet normal -1 0 0
    outer loop
      vertex 17.868710711598396 4.401964289801462 4
      vertex 17.868710711598396 6.119550002472742 4
      vertex 17.868710711598396 6.119550002472742 3.8
    endloop
  endfacet
  facet normal 0 0 1
    outer loop
      vertex 17.868710711598396 4.401964289801462 4
      vertex 18.021282143890858 6.038185720997198 4
      vertex 17.868710711598396 6.119550002472742 4
    endloop
  endfacet
  facet normal 0 -1 0
    outer loop
      vertex 18.28283928334713 4.285714288907393 4
      vertex 17.618767857551575 4.285714288907393 3.8
      vertex 18.28283928334713 4.285714288907393 3.8
    endloop
  endfacet
  facet normal 0.14834839433066108 0.9889351616256319 0
    outer loop
      vertex 18.021282143890858 4.401964289801462 4
      vertex 18.28283928334713 4.3627285712531645 3.8
      vertex 18.021282143890858 4.401964289801462 3.8
    endloop
  endfacet
  facet normal 1 0 0
    outer loop
      vertex 18.28283928334713 4.3627285712531645 4
      vertex 18.28283928334713 4.285714288907393 3.8
      vertex 18.28283928334713 4.3627285712531645 3.8
    endloop
  endfacet
  facet normal 0.14834839433066108 0.9889351616256319 0
    outer loop
      vertex 18.021282143890858 4.401964289801462 4
      vertex 18.28283928334713 4.3627285712531645 4
      vertex 18.28283928334713 4.3627285712531645 3.8
    endloop
  endfacet
  facet normal 1 0 0
    outer loop
      vertex 18.28283928334713 4.285714288907393 4
      vertex 18.28283928334713 4.285714288907393 3.8
      vertex 18.28283928334713 4.3627285712531645 4
    endloop
  endfacet
  facet normal 0 0 1
    outer loop
      vertex 17.868710711598396 4.401964289801462 4
      vertex 18.28283928334713 4.285714288907393 4
      vertex 18.021282143890858 4.401964289801462 4
    endloop
  endfacet
  facet normal 0 0 1
    outer loop
      vertex 18.021282143890858 4.401964289801462 4
      vertex 18.28283928334713 4.285714288907393 4
      vertex 18.28283928334713 4.3627285712531645 4
    endloop
  endfacet
  facet normal 1 0 0
    outer loop
      vertex 18.021282143890858 6.038185720997198 4
      vertex 18.021282143890858 4.401964289801462 3.8
      vertex 18.021282143890858 6.038185720997198 3.8
    endloop
  endfacet
  facet normal 1 0 0
    outer loop
      vertex 18.021282143890858 4.401964289801462 4
      vertex 18.021282143890858 4.401964289801462 3.8
      vertex 18.021282143890858 6.038185720997198 4
    endloop
  endfacet
  facet normal 0 0 1
    outer loop
      vertex 17.868710711598396 4.401964289801462 4
      vertex 18.021282143890858 4.401964289801462 4
      vertex 18.021282143890858 6.038185720997198 4
    endloop
  endfacet
  facet normal -0.8247198489429802 -0.5655414845610071 0
    outer loop
      vertex 18.021282143890858 6.038185720997198 4
      vertex 18.021282143890858 6.038185720997198 3.8
      vertex 19.22301785647869 4.285714288907393 4
    endloop
  endfacet
  facet normal 0.1495341692655751 -0.9887565586240399 0
    outer loop
      vertex 17.46461071074009 6.1573500015905935 4
      vertex 17.214667856693268 6.119550002472742 3.8
      vertex 17.46461071074009 6.1573500015905935 3.8
    endloop
  endfacet
  facet normal 1 0 0
    outer loop
      vertex 17.46461071074009 6.234364291386946 4
      vertex 17.46461071074009 6.1573500015905935 3.8
      vertex 17.46461071074009 6.234364291386946 3.8
    endloop
  endfacet
  facet normal -1 0 0
    outer loop
      vertex 17.618767857551575 6.1573500015905935 4
      vertex 17.618767857551575 6.234364291386946 3.8
      vertex 17.618767857551575 6.1573500015905935 3.8
    endloop
  endfacet
  facet normal -0.1495341692655751 -0.9887565586240399 0
    outer loop
      vertex 17.868710711598396 6.119550002472742 4
      vertex 17.618767857551575 6.1573500015905935 3.8
      vertex 17.868710711598396 6.119550002472742 3.8
    endloop
  endfacet
  facet normal 0 1 0
    outer loop
      vertex 17.618767857551575 6.234364291386946 4
      vertex 18.208739288151264 6.234364291386946 3.8
      vertex 17.618767857551575 6.234364291386946 3.8
    endloop
  endfacet
  facet normal 0.1495341692655751 -0.9887565586240399 0
    outer loop
      vertex 17.214667856693268 6.119550002472742 4
      vertex 17.214667856693268 6.119550002472742 3.8
      vertex 17.46461071074009 6.1573500015905935 4
    endloop
  endfacet
  facet normal 1 0 0
    outer loop
      vertex 17.46461071074009 6.1573500015905935 4
      vertex 17.46461071074009 6.1573500015905935 3.8
      vertex 17.46461071074009 6.234364291386946 4
    endloop
  endfacet
  facet normal 0 0 1
    outer loop
      vertex 17.214667856693268 6.119550002472742 4
      vertex 17.46461071074009 6.1573500015905935 4
      vertex 17.46461071074009 6.234364291386946 4
    endloop
  endfacet
  facet normal -1 0 0
    outer loop
      vertex 17.618767857551575 6.1573500015905935 4
      vertex 17.618767857551575 6.234364291386946 4
      vertex 17.618767857551575 6.234364291386946 3.8
    endloop
  endfacet
  facet normal -0.1495341692655751 -0.9887565586240399 0
    outer loop
      vertex 17.618767857551575 6.1573500015905935 4
      vertex 17.618767857551575 6.1573500015905935 3.8
      vertex 17.868710711598396 6.119550002472742 4
    endloop
  endfacet
  facet normal 0 0 1
    outer loop
      vertex 17.618767857551575 6.1573500015905935 4
      vertex 17.868710711598396 6.119550002472742 4
      vertex 17.618767857551575 6.234364291386946 4
    endloop
  endfacet
  facet normal 0 0 1
    outer loop
      vertex 17.618767857551575 6.234364291386946 4
      vertex 17.868710711598396 6.119550002472742 4
      vertex 18.208739288151264 6.234364291386946 4
    endloop
  endfacet
  facet normal 0.8212128117190913 0.5706220446744275 0
    outer loop
      vertex 18.208739288151264 6.234364291386946 4
      vertex 19.211382143199444 4.7914071434310515 3.8
      vertex 18.208739288151264 6.234364291386946 3.8
    endloop
  endfacet
  facet normal 0 1 0
    outer loop
      vertex 17.618767857551575 6.234364291386946 4
      vertex 18.208739288151264 6.234364291386946 4
      vertex 18.208739288151264 6.234364291386946 3.8
    endloop
  endfacet
  facet normal 0 0 1
    outer loop
      vertex 17.868710711598396 6.119550002472742 4
      vertex 18.021282143890858 6.038185720997198 4
      vertex 18.208739288151264 6.234364291386946 4
    endloop
  endfacet
  facet normal 0 0 1
    outer loop
      vertex 18.021282143890858 6.038185720997198 4
      vertex 19.211382143199444 4.7914071434310515 4
      vertex 18.208739288151264 6.234364291386946 4
    endloop
  endfacet
  facet normal 0 -1 0
    outer loop
      vertex 19.363975003361702 4.285714288907393 4
      vertex 19.22301785647869 4.285714288907393 3.8
      vertex 19.363975003361702 4.285714288907393 3.8
    endloop
  endfacet
  facet normal 0 -1 0
    outer loop
      vertex 19.22301785647869 4.285714288907393 4
      vertex 19.22301785647869 4.285714288907393 3.8
      vertex 19.363975003361702 4.285714288907393 4
    endloop
  endfacet
  facet normal -0.8247198489429802 -0.5655414845610071 0
    outer loop
      vertex 19.22301785647869 4.285714288907393 4
      vertex 18.021282143890858 6.038185720997198 3.8
      vertex 19.22301785647869 4.285714288907393 3.8
    endloop
  endfacet
  facet normal -1 0 0
    outer loop
      vertex 19.211382143199444 4.7914071434310515 4
      vertex 19.211382143199444 5.23412142977828 3.8
      vertex 19.211382143199444 4.7914071434310515 3.8
    endloop
  endfacet
  facet normal 1 0 0
    outer loop
      vertex 19.363975003361702 6.119550002472742 4
      vertex 19.363975003361702 4.285714288907393 3.8
      vertex 19.363975003361702 6.119550002472742 3.8
    endloop
  endfacet
  facet normal 0 0 1
    outer loop
      vertex 18.021282143890858 6.038185720997198 4
      vertex 19.363975003361702 4.285714288907393 4
      vertex 19.211382143199444 4.7914071434310515 4
    endloop
  endfacet
  facet normal 0 0 1
    outer loop
      vertex 18.021282143890858 6.038185720997198 4
      vertex 19.22301785647869 4.285714288907393 4
      vertex 19.363975003361702 4.285714288907393 4
    endloop
  endfacet
  facet normal 0.8212128117190913 0.5706220446744275 0
    outer loop
      vertex 18.208739288151264 6.234364291386946 4
      vertex 19.211382143199444 4.7914071434310515 4
      vertex 19.211382143199444 4.7914071434310515 3.8
    endloop
  endfacet
  facet normal 1 0 0
    outer loop
      vertex 19.363975003361702 4.285714288907393 4
      vertex 19.363975003361702 4.285714288907393 3.8
      vertex 19.363975003361702 6.119550002472742 4
    endloop
  endfacet
  facet normal 0 0 1
    outer loop
      vertex 19.211382143199444 4.7914071434310515 4
      vertex 19.363975003361702 4.285714288907393 4
      vertex 19.363975003361702 6.119550002472742 4
    endloop
  endfacet
  facet normal -1 0 0
    outer loop
      vertex 19.211382143199444 4.7914071434310515 4
      vertex 19.211382143199444 6.119550002472742 4
      vertex 19.211382143199444 5.23412142977828 3.8
    endloop
  endfacet
  facet normal -1 0 0
    outer loop
      vertex 18.94982499629259 6.1573500015905935 4
      vertex 18.94982499629259 6.234364291386946 3.8
      vertex 18.94982499629259 6.1573500015905935 3.8
    endloop
  endfacet
  facet normal -1 0 0
    outer loop
      vertex 19.211382143199444 6.119550002472742 4
      vertex 19.211382143199444 6.119550002472742 3.8
      vertex 19.211382143199444 5.23412142977828 3.8
    endloop
  endfacet
  facet normal -0.14303312397748744 -0.989717901952491 0
    outer loop
      vertex 19.211382143199444 6.119550002472742 4
      vertex 18.94982499629259 6.1573500015905935 3.8
      vertex 19.211382143199444 6.119550002472742 3.8
    endloop
  endfacet
  facet normal 0 1 0
    outer loop
      vertex 18.94982499629259 6.234364291386946 4
      vertex 19.613917857408524 6.234364291386946 3.8
      vertex 18.94982499629259 6.234364291386946 3.8
    endloop
  endfacet
  facet normal -1 0 0
    outer loop
      vertex 18.94982499629259 6.1573500015905935 4
      vertex 18.94982499629259 6.234364291386946 4
      vertex 18.94982499629259 6.234364291386946 3.8
    endloop
  endfacet
  facet normal -0.14303312397748744 -0.989717901952491 0
    outer loop
      vertex 18.94982499629259 6.1573500015905935 4
      vertex 18.94982499629259 6.1573500015905935 3.8
      vertex 19.211382143199444 6.119550002472742 4
    endloop
  endfacet
  facet normal 0 0 1
    outer loop
      vertex 18.94982499629259 6.1573500015905935 4
      vertex 19.211382143199444 6.119550002472742 4
      vertex 18.94982499629259 6.234364291386946 4
    endloop
  endfacet
  facet normal 0 0 1
    outer loop
      vertex 19.211382143199444 4.7914071434310515 4
      vertex 19.363975003361702 6.119550002472742 4
      vertex 19.211382143199444 6.119550002472742 4
    endloop
  endfacet
  facet normal 0 1 0
    outer loop
      vertex 18.94982499629259 6.234364291386946 4
      vertex 19.613917857408524 6.234364291386946 4
      vertex 19.613917857408524 6.234364291386946 3.8
    endloop
  endfacet
  facet normal 0 0 1
    outer loop
      vertex 18.94982499629259 6.234364291386946 4
      vertex 19.211382143199444 6.119550002472742 4
      vertex 19.363975003361702 6.119550002472742 4
    endloop
  endfacet
  facet normal 0 0 1
    outer loop
      vertex 18.94982499629259 6.234364291386946 4
      vertex 19.363975003361702 6.119550002472742 4
      vertex 19.613917857408524 6.234364291386946 4
    endloop
  endfacet
  facet normal 0.1495341692655751 -0.9887565586240399 0
    outer loop
      vertex 19.613917857408524 6.1573500015905935 4
      vertex 19.363975003361702 6.119550002472742 3.8
      vertex 19.613917857408524 6.1573500015905935 3.8
    endloop
  endfacet
  facet normal 1 0 0
    outer loop
      vertex 19.613917857408524 6.234364291386946 4
      vertex 19.613917857408524 6.1573500015905935 3.8
      vertex 19.613917857408524 6.234364291386946 3.8
    endloop
  endfacet
  facet normal 0.1495341692655751 -0.9887565586240399 0
    outer loop
      vertex 19.363975003361702 6.119550002472742 4
      vertex 19.363975003361702 6.119550002472742 3.8
      vertex 19.613917857408524 6.1573500015905935 4
    endloop
  endfacet
  facet normal 1 0 0
    outer loop
      vertex 19.613917857408524 6.1573500015905935 4
      vertex 19.613917857408524 6.1573500015905935 3.8
      vertex 19.613917857408524 6.234364291386946 4
    endloop
  endfacet
  facet normal 0 0 1
    outer loop
      vertex 19.363975003361702 6.119550002472742 4
      vertex 19.613917857408524 6.1573500015905935 4
      vertex 19.613917857408524 6.234364291386946 4
    endloop
  endfacet
  facet normal -0.8420930506776677 -0.5393322667895726 0
    outer loop
      vertex 11.886528573930264 17.37171428437744 4
      vertex 11.68817500025034 17.681416069822653 3.8
      vertex 11.886528573930264 17.37171428437744 3.8
    endloop
  endfacet
  facet normal -0.5211469809302269 -0.8534669438632697 0
    outer loop
      vertex 12.203312501311302 17.178278570728644 4
      vertex 11.886528573930264 17.37171428437744 3.8
      vertex 12.203312501311302 17.178278570728644 3.8
    endloop
  endfacet
  facet normal 0.8975054507392752 0.44100336267798496 0
    outer loop
      vertex 11.97063035517931 17.723383923726423 4
      vertex 12.105228573083878 17.449457136648043 3.8
      vertex 11.97063035517931 17.723383923726423 3.8
    endloop
  endfacet
  facet normal 0.6059528798613798 0.7955005388984348 0
    outer loop
      vertex 12.105228573083878 17.449457136648043 4
      vertex 12.325562499463558 17.281623212354525 3.8
      vertex 12.105228573083878 17.449457136648043 3.8
    endloop
  endfacet
  facet normal -0.8420930506776677 -0.5393322667895726 0
    outer loop
      vertex 11.68817500025034 17.681416069822653 4
      vertex 11.68817500025034 17.681416069822653 3.8
      vertex 11.886528573930264 17.37171428437744 4
    endloop
  endfacet
  facet normal 0 0 1
    outer loop
      vertex 11.68817500025034 17.681416069822653 4
      vertex 11.886528573930264 17.37171428437744 4
      vertex 11.97063035517931 17.723383923726423 4
    endloop
  endfacet
  facet normal -0.5211469809302269 -0.8534669438632697 0
    outer loop
      vertex 11.886528573930264 17.37171428437744 4
      vertex 11.886528573930264 17.37171428437744 3.8
      vertex 12.203312501311302 17.178278570728644 4
    endloop
  endfacet
  facet normal 0 0 1
    outer loop
      vertex 11.886528573930264 17.37171428437744 4
      vertex 12.203312501311302 17.178278570728644 4
      vertex 12.105228573083878 17.449457136648043 4
    endloop
  endfacet
  facet normal 0 0 1
    outer loop
      vertex 12.203312501311302 17.178278570728644 4
      vertex 12.325562499463558 17.281623212354525 4
      vertex 12.105228573083878 17.449457136648043 4
    endloop
  endfacet
  facet normal 0.8975054507392752 0.44100336267798496 0
    outer loop
      vertex 11.97063035517931 17.723383923726423 4
      vertex 12.105228573083878 17.449457136648043 4
      vertex 12.105228573083878 17.449457136648043 3.8
    endloop
  endfacet
  facet normal 0 0 1
    outer loop
      vertex 11.886528573930264 17.37171428437744 4
      vertex 12.105228573083878 17.449457136648043 4
      vertex 11.97063035517931 17.723383923726423 4
    endloop
  endfacet
  facet normal -0.9874404709348983 -0.15799150723968203 0
    outer loop
      vertex 11.68817500025034 17.681416069822653 4
      vertex 11.622057139873505 18.09464999820505 3.8
      vertex 11.68817500025034 17.681416069822653 3.8
    endloop
  endfacet
  facet normal -0.9897944753478044 0.14250226865199278 0
    outer loop
      vertex 11.622057139873505 18.09464999820505 4
      vertex 11.685630358755589 18.536217851298197 3.8
      vertex 11.622057139873505 18.09464999820505 3.8
    endloop
  endfacet
  facet normal -0.8584031661224638 0.5129756372294204 0
    outer loop
      vertex 11.685630358755589 18.536217851298197 4
      vertex 11.876350000500679 18.855364283280714 3.8
      vertex 11.685630358755589 18.536217851298197 3.8
    endloop
  endfacet
  facet normal 0.992888000566701 0.11905216642572615 0
    outer loop
      vertex 11.92576428502798 18.097564285354956 4
      vertex 11.97063035517931 17.723383923726423 3.8
      vertex 11.92576428502798 18.097564285354956 3.8
    endloop
  endfacet
  facet normal 0.9943155959602539 -0.10647298075195116 0
    outer loop
      vertex 11.968632139265537 18.497892854469164 4
      vertex 11.92576428502798 18.097564285354956 3.8
      vertex 11.968632139265537 18.497892854469164 3.8
    endloop
  endfacet
  facet normal 0.9085786834778137 -0.4177137487918287 0
    outer loop
      vertex 12.097235716879368 18.77762142355953 4
      vertex 11.968632139265537 18.497892854469164 3.8
      vertex 12.097235716879368 18.77762142355953 3.8
    endloop
  endfacet
  facet normal -0.9874404709348983 -0.15799150723968203 0
    outer loop
      vertex 11.68817500025034 17.681416069822653 4
      vertex 11.622057139873505 18.09464999820505 4
      vertex 11.622057139873505 18.09464999820505 3.8
    endloop
  endfacet
  facet normal 0 0 1
    outer loop
      vertex 11.68817500025034 17.681416069822653 4
      vertex 11.92576428502798 18.097564285354956 4
      vertex 11.622057139873505 18.09464999820505 4
    endloop
  endfacet
  facet normal 0 0 1
    outer loop
      vertex 11.622057139873505 18.09464999820505 4
      vertex 11.92576428502798 18.097564285354956 4
      vertex 11.685630358755589 18.536217851298197 4
    endloop
  endfacet
  facet normal -0.9897944753478044 0.14250226865199278 0
    outer loop
      vertex 11.622057139873505 18.09464999820505 4
      vertex 11.685630358755589 18.536217851298197 4
      vertex 11.685630358755589 18.536217851298197 3.8
    endloop
  endfacet
  facet normal -0.8584031661224638 0.5129756372294204 0
    outer loop
      vertex 11.685630358755589 18.536217851298197 4
      vertex 11.876350000500679 18.855364283280714 4
      vertex 11.876350000500679 18.855364283280714 3.8
    endloop
  endfacet
  facet normal 0 0 1
    outer loop
      vertex 11.685630358755589 18.536217851298197 4
      vertex 11.968632139265537 18.497892854469164 4
      vertex 11.876350000500679 18.855364283280714 4
    endloop
  endfacet
  facet normal 0.992888000566701 0.11905216642572615 0
    outer loop
      vertex 11.97063035517931 17.723383923726423 4
      vertex 11.97063035517931 17.723383923726423 3.8
      vertex 11.92576428502798 18.097564285354956 4
    endloop
  endfacet
  facet normal 0.9943155959602539 -0.10647298075195116 0
    outer loop
      vertex 11.92576428502798 18.097564285354956 4
      vertex 11.92576428502798 18.097564285354956 3.8
      vertex 11.968632139265537 18.497892854469164 4
    endloop
  endfacet
  facet normal 0 0 1
    outer loop
      vertex 11.68817500025034 17.681416069822653 4
      vertex 11.97063035517931 17.723383923726423 4
      vertex 11.92576428502798 18.097564285354956 4
    endloop
  endfacet
  facet normal 0.9085786834778137 -0.4177137487918287 0
    outer loop
      vertex 11.968632139265537 18.497892854469164 4
      vertex 11.968632139265537 18.497892854469164 3.8
      vertex 12.097235716879368 18.77762142355953 4
    endloop
  endfacet
  facet normal 0 0 1
    outer loop
      vertex 11.685630358755589 18.536217851298197 4
      vertex 11.92576428502798 18.097564285354956 4
      vertex 11.968632139265537 18.497892854469164 4
    endloop
  endfacet
  facet normal 0 0 1
    outer loop
      vertex 11.968632139265537 18.497892854469164 4
      vertex 12.097235716879368 18.77762142355953 4
      vertex 11.876350000500679 18.855364283280714 4
    endloop
  endfacet
  facet normal -0.15124695006880623 -0.988496009144642 0
    outer loop
      vertex 12.624721430242062 17.113799994545325 4
      vertex 12.203312501311302 17.178278570728644 3.8
      vertex 12.624721430242062 17.113799994545325 3.8
    endloop
  endfacet
  facet normal 0.18210549678306037 0.9832789980678905 0
    outer loop
      vertex 12.325562499463558 17.281623212354525 4
      vertex 12.627635717391968 17.225678568439825 3.8
      vertex 12.325562499463558 17.281623212354525 3.8
    endloop
  endfacet
  facet normal -0.06196664429610621 0.9980782208798465 0
    outer loop
      vertex 12.627635717391968 17.225678568439825 4
      vertex 12.788558930158615 17.235669640558108 3.8
      vertex 12.627635717391968 17.225678568439825 3.8
    endloop
  endfacet
  facet normal -0.19410093533733586 0.9809815629771904 0
    outer loop
      vertex 12.788558930158615 17.235669640558108 4
      vertex 12.940042860805988 17.265642856912955 3.8
      vertex 12.788558930158615 17.235669640558108 3.8
    endloop
  endfacet
  facet normal 0.0642171352991749 -0.9979359496149878 0
    outer loop
      vertex 12.980366073548794 17.136685711996897 4
      vertex 12.624721430242062 17.113799994545325 3.8
      vertex 12.980366073548794 17.136685711996897 3.8
    endloop
  endfacet
  facet normal 0.6059528798613798 0.7955005388984348 0
    outer loop
      vertex 12.105228573083878 17.449457136648043 4
      vertex 12.325562499463558 17.281623212354525 4
      vertex 12.325562499463558 17.281623212354525 3.8
    endloop
  endfacet
  facet normal -0.15124695006880623 -0.988496009144642 0
    outer loop
      vertex 12.203312501311302 17.178278570728644 4
      vertex 12.203312501311302 17.178278570728644 3.8
      vertex 12.624721430242062 17.113799994545325 4
    endloop
  endfacet
  facet normal 0.18210549678306037 0.9832789980678905 0
    outer loop
      vertex 12.325562499463558 17.281623212354525 4
      vertex 12.627635717391968 17.225678568439825 4
      vertex 12.627635717391968 17.225678568439825 3.8
    endloop
  endfacet
  facet normal 0 0 1
    outer loop
      vertex 12.203312501311302 17.178278570728644 4
      vertex 12.624721430242062 17.113799994545325 4
      vertex 12.325562499463558 17.281623212354525 4
    endloop
  endfacet
  facet normal 0 0 1
    outer loop
      vertex 12.325562499463558 17.281623212354525 4
      vertex 12.624721430242062 17.113799994545325 4
      vertex 12.627635717391968 17.225678568439825 4
    endloop
  endfacet
  facet normal 0.0642171352991749 -0.9979359496149878 0
    outer loop
      vertex 12.624721430242062 17.113799994545325 4
      vertex 12.624721430242062 17.113799994545325 3.8
      vertex 12.980366073548794 17.136685711996897 4
    endloop
  endfacet
  facet normal -0.06196664429610621 0.9980782208798465 0
    outer loop
      vertex 12.627635717391968 17.225678568439825 4
      vertex 12.788558930158615 17.235669640558108 4
      vertex 12.788558930158615 17.235669640558108 3.8
    endloop
  endfacet
  facet normal -0.19410093533733586 0.9809815629771904 0
    outer loop
      vertex 12.788558930158615 17.235669640558108 4
      vertex 12.940042860805988 17.265642856912955 4
      vertex 12.940042860805988 17.265642856912955 3.8
    endloop
  endfacet
  facet normal 0 0 1
    outer loop
      vertex 12.624721430242062 17.113799994545325 4
      vertex 12.788558930158615 17.235669640558108 4
      vertex 12.627635717391968 17.225678568439825 4
    endloop
  endfacet
  facet normal 0 0 1
    outer loop
      vertex 12.624721430242062 17.113799994545325 4
      vertex 12.980366073548794 17.136685711996897 4
      vertex 12.788558930158615 17.235669640558108 4
    endloop
  endfacet
  facet normal 0 0 1
    outer loop
      vertex 12.788558930158615 17.235669640558108 4
      vertex 12.980366073548794 17.136685711996897 4
      vertex 12.940042860805988 17.265642856912955 4
    endloop
  endfacet
  facet normal -0.3345264388566522 0.942386365407462 0
    outer loop
      vertex 12.940042860805988 17.265642856912955 4
      vertex 13.071549996733665 17.312324998634203 3.8
      vertex 12.940042860805988 17.265642856912955 3.8
    endloop
  endfacet
  facet normal -0.5115030775447352 0.8592814449656554 0
    outer loop
      vertex 13.071549996733665 17.312324998634203 4
      vertex 13.172542855143547 17.37244285430227 3.8
      vertex 13.071549996733665 17.312324998634203 3.8
    endloop
  endfacet
  facet normal 0.20270289041758036 -0.9792402862507029 0
    outer loop
      vertex 13.312042854726315 17.205342856901034 4
      vertex 12.980366073548794 17.136685711996897 3.8
      vertex 13.312042854726315 17.205342856901034 3.8
    endloop
  endfacet
  facet normal -0.9833165991003806 0.18190235274361188 0
    outer loop
      vertex 13.172542855143547 17.37244285430227 4
      vertex 13.226307146251202 17.663078566747053 3.8
      vertex 13.172542855143547 17.37244285430227 3.8
    endloop
  endfacet
  facet normal 0 1 0
    outer loop
      vertex 13.226307146251202 17.663078566747053 4
      vertex 13.320764288306236 17.663078566747053 3.8
      vertex 13.226307146251202 17.663078566747053 3.8
    endloop
  endfacet
  facet normal -1 0 0
    outer loop
      vertex 13.589735716581345 17.142857139664038 4
      vertex 13.589735716581345 17.21987142200981 3.8
      vertex 13.589735716581345 17.142857139664038 3.8
    endloop
  endfacet
  facet normal 0.999818532881895 -0.01904996865863393 0
    outer loop
      vertex 13.320764288306236 17.663078566747053 4
      vertex 13.312042854726315 17.205342856901034 3.8
      vertex 13.320764288306236 17.663078566747053 3.8
    endloop
  endfacet
  facet normal 0.20270289041758036 -0.9792402862507029 0
    outer loop
      vertex 12.980366073548794 17.136685711996897 4
      vertex 12.980366073548794 17.136685711996897 3.8
      vertex 13.312042854726315 17.205342856901034 4
    endloop
  endfacet
  facet normal -0.3345264388566522 0.942386365407462 0
    outer loop
      vertex 12.940042860805988 17.265642856912955 4
      vertex 13.071549996733665 17.312324998634203 4
      vertex 13.071549996733665 17.312324998634203 3.8
    endloop
  endfacet
  facet normal 0 0 1
    outer loop
      vertex 12.940042860805988 17.265642856912955 4
      vertex 12.980366073548794 17.136685711996897 4
      vertex 13.071549996733665 17.312324998634203 4
    endloop
  endfacet
  facet normal 0 0 1
    outer loop
      vertex 12.980366073548794 17.136685711996897 4
      vertex 13.312042854726315 17.205342856901034 4
      vertex 13.071549996733665 17.312324998634203 4
    endloop
  endfacet
  facet normal 0 0 1
    outer loop
      vertex 13.071549996733665 17.312324998634203 4
      vertex 13.312042854726315 17.205342856901034 4
      vertex 13.172542855143547 17.37244285430227 4
    endloop
  endfacet
  facet normal -0.5115030775447352 0.8592814449656554 0
    outer loop
      vertex 13.071549996733665 17.312324998634203 4
      vertex 13.172542855143547 17.37244285430227 4
      vertex 13.172542855143547 17.37244285430227 3.8
    endloop
  endfacet
  facet normal -0.9833165991003806 0.18190235274361188 0
    outer loop
      vertex 13.172542855143547 17.37244285430227 4
      vertex 13.226307146251202 17.663078566747053 4
      vertex 13.226307146251202 17.663078566747053 3.8
    endloop
  endfacet
  facet normal 0 1 0
    outer loop
      vertex 13.226307146251202 17.663078566747053 4
      vertex 13.320764288306236 17.663078566747053 4
      vertex 13.320764288306236 17.663078566747053 3.8
    endloop
  endfacet
  facet normal 0 0 1
    outer loop
      vertex 13.172542855143547 17.37244285430227 4
      vertex 13.312042854726315 17.205342856901034 4
      vertex 13.320764288306236 17.663078566747053 4
    endloop
  endfacet
  facet normal 0 0 1
    outer loop
      vertex 13.172542855143547 17.37244285430227 4
      vertex 13.320764288306236 17.663078566747053 4
      vertex 13.226307146251202 17.663078566747053 4
    endloop
  endfacet
  facet normal -1 0 0
    outer loop
      vertex 13.589735716581345 17.142857139664038 4
      vertex 13.589735716581345 17.21987142200981 4
      vertex 13.589735716581345 17.21987142200981 3.8
    endloop
  endfacet
  facet normal 0.999818532881895 -0.01904996865863393 0
    outer loop
      vertex 13.312042854726315 17.205342856901034 4
      vertex 13.312042854726315 17.205342856901034 3.8
      vertex 13.320764288306236 17.663078566747053 4
    endloop
  endfacet
  facet normal -0.9854668679931259 -0.16986774881600952 0
    outer loop
      vertex 13.195792853832245 18.613414285438402 4
      vertex 13.152207143604755 18.86627142663513 3.8
      vertex 13.195792853832245 18.613414285438402 3.8
    endloop
  endfacet
  facet normal 0 -1 0
    outer loop
      vertex 13.291707143187523 18.613414285438402 4
      vertex 13.195792853832245 18.613414285438402 3.8
      vertex 13.291707143187523 18.613414285438402 3.8
    endloop
  endfacet
  facet normal 0 -1 0
    outer loop
      vertex 13.195792853832245 18.613414285438402 4
      vertex 13.195792853832245 18.613414285438402 3.8
      vertex 13.291707143187523 18.613414285438402 4
    endloop
  endfacet
  facet normal 0 0 1
    outer loop
      vertex 13.152207143604755 18.86627142663513 4
      vertex 13.195792853832245 18.613414285438402 4
      vertex 13.291707143187523 18.613414285438402 4
    endloop
  endfacet
  facet normal -0.16742310365755186 0.9858851375092702 0
    outer loop
      vertex 13.589735716581345 17.21987142200981 4
      vertex 13.82077857106924 17.259107140558108 3.8
      vertex 13.589735716581345 17.21987142200981 3.8
    endloop
  endfacet
  facet normal 0 -1 0
    outer loop
      vertex 14.41075000166893 17.142857139664038 4
      vertex 13.589735716581345 17.142857139664038 3.8
      vertex 14.41075000166893 17.142857139664038 3.8
    endloop
  endfacet
  facet normal 0.12575903918738712 0.992060816715722 0
    outer loop
      vertex 14.101235717535019 17.259107140558108 4
      vertex 14.41075000166893 17.21987142200981 3.8
      vertex 14.101235717535019 17.259107140558108 3.8
    endloop
  endfacet
  facet normal 1 0 0
    outer loop
      vertex 14.101235717535019 17.907192853944643 4
      vertex 14.101235717535019 17.259107140558108 3.8
      vertex 14.101235717535019 17.907192853944643 3.8
    endloop
  endfacet
  facet normal -0.16742310365755186 0.9858851375092702 0
    outer loop
      vertex 13.589735716581345 17.21987142200981 4
      vertex 13.82077857106924 17.259107140558108 4
      vertex 13.82077857106924 17.259107140558108 3.8
    endloop
  endfacet
  facet normal 0 -1 0
    outer loop
      vertex 13.589735716581345 17.142857139664038 4
      vertex 13.589735716581345 17.142857139664038 3.8
      vertex 14.41075000166893 17.142857139664038 4
    endloop
  endfacet
  facet normal 0 0 1
    outer loop
      vertex 13.589735716581345 17.142857139664038 4
      vertex 13.82077857106924 17.259107140558108 4
      vertex 13.589735716581345 17.21987142200981 4
    endloop
  endfacet
  facet normal 0 0 1
    outer loop
      vertex 13.589735716581345 17.142857139664038 4
      vertex 14.101235717535019 17.259107140558108 4
      vertex 13.82077857106924 17.259107140558108 4
    endloop
  endfacet
  facet normal 0 0 1
    outer loop
      vertex 13.82077857106924 17.259107140558108 4
      vertex 14.101235717535019 17.259107140558108 4
      vertex 14.101235717535019 17.907192853944643 4
    endloop
  endfacet
  facet normal 0 0 1
    outer loop
      vertex 13.82077857106924 17.259107140558108 4
      vertex 14.101235717535019 17.907192853944643 4
      vertex 14.101235717535019 18.037992855267866 4
    endloop
  endfacet
  facet normal 0.12575903918738712 0.992060816715722 0
    outer loop
      vertex 14.101235717535019 17.259107140558108 4
      vertex 14.41075000166893 17.21987142200981 4
      vertex 14.41075000166893 17.21987142200981 3.8
    endloop
  endfacet
  facet normal 0 0 1
    outer loop
      vertex 13.589735716581345 17.142857139664038 4
      vertex 14.41075000166893 17.142857139664038 4
      vertex 14.101235717535019 17.259107140558108 4
    endloop
  endfacet
  facet normal 0 0 1
    outer loop
      vertex 14.101235717535019 17.259107140558108 4
      vertex 14.41075000166893 17.142857139664038 4
      vertex 14.41075000166893 17.21987142200981 4
    endloop
  endfacet
  facet normal 1 0 0
    outer loop
      vertex 14.101235717535019 17.259107140558108 4
      vertex 14.101235717535019 17.259107140558108 3.8
      vertex 14.101235717535019 17.907192853944643 4
    endloop
  endfacet
  facet normal -1 0 0
    outer loop
      vertex 13.82077857106924 17.259107140558108 4
      vertex 13.82077857106924 18.976692853229387 3.8
      vertex 13.82077857106924 17.259107140558108 3.8
    endloop
  endfacet
  facet normal 0 1 0
    outer loop
      vertex 14.101235717535019 18.037992855267866 4
      vertex 14.252350002527237 18.037992855267866 3.8
      vertex 14.101235717535019 18.037992855267866 3.8
    endloop
  endfacet
  facet normal 0 -1 0
    outer loop
      vertex 14.320642858743668 17.907192853944643 4
      vertex 14.101235717535019 17.907192853944643 3.8
      vertex 14.320642858743668 17.907192853944643 3.8
    endloop
  endfacet
  facet normal -0.12994138352610604 0.9915216774470044 0
    outer loop
      vertex 14.252350002527237 18.037992855267866 4
      vertex 14.465773217380047 18.06596249874149 3.8
      vertex 14.252350002527237 18.037992855267866 3.8
    endloop
  endfacet
  facet normal 1 0 0
    outer loop
      vertex 14.101235717535019 18.960707140820368 4
      vertex 14.101235717535019 18.037992855267866 3.8
      vertex 14.101235717535019 18.960707140820368 3.8
    endloop
  endfacet
  facet normal 0 0 1
    outer loop
      vertex 13.82077857106924 17.259107140558108 4
      vertex 14.101235717535019 18.037992855267866 4
      vertex 13.82077857106924 18.976692853229387 4
    endloop
  endfacet
  facet normal -1 0 0
    outer loop
      vertex 13.82077857106924 17.259107140558108 4
      vertex 13.82077857106924 18.976692853229387 4
      vertex 13.82077857106924 18.976692853229387 3.8
    endloop
  endfacet
  facet normal 0 0 1
    outer loop
      vertex 14.101235717535019 18.037992855267866 4
      vertex 14.101235717535019 18.960707140820368 4
      vertex 13.82077857106924 18.976692853229387 4
    endloop
  endfacet
  facet normal 0 -1 0
    outer loop
      vertex 14.101235717535019 17.907192853944643 4
      vertex 14.101235717535019 17.907192853944643 3.8
      vertex 14.320642858743668 17.907192853944643 4
    endloop
  endfacet
  facet normal 0 1 0
    outer loop
      vertex 14.101235717535019 18.037992855267866 4
      vertex 14.252350002527237 18.037992855267866 4
      vertex 14.252350002527237 18.037992855267866 3.8
    endloop
  endfacet
  facet normal 0 0 1
    outer loop
      vertex 14.101235717535019 17.907192853944643 4
      vertex 14.252350002527237 18.037992855267866 4
      vertex 14.101235717535019 18.037992855267866 4
    endloop
  endfacet
  facet normal 0 0 1
    outer loop
      vertex 14.101235717535019 17.907192853944643 4
      vertex 14.320642858743668 17.907192853944643 4
      vertex 14.252350002527237 18.037992855267866 4
    endloop
  endfacet
  facet normal 0 0 1
    outer loop
      vertex 14.252350002527237 18.037992855267866 4
      vertex 14.320642858743668 17.907192853944643 4
      vertex 14.465773217380047 18.06596249874149 4
    endloop
  endfacet
  facet normal 1 0 0
    outer loop
      vertex 14.101235717535019 18.037992855267866 4
      vertex 14.101235717535019 18.037992855267866 3.8
      vertex 14.101235717535019 18.960707140820368 4
    endloop
  endfacet
  facet normal -0.5224779152057556 0.852652818046271 0
    outer loop
      vertex 11.876350000500679 18.855364283280714 4
      vertex 12.192051783204079 19.048816067831858 3.8
      vertex 11.876350000500679 18.855364283280714 3.8
    endloop
  endfacet
  facet normal -0.5224779152057556 0.852652818046271 0
    outer loop
      vertex 11.876350000500679 18.855364283280714 4
      vertex 12.192051783204079 19.048816067831858 4
      vertex 12.192051783204079 19.048816067831858 3.8
    endloop
  endfacet
  facet normal 0.5955798680686805 -0.8032960978065891 0
    outer loop
      vertex 12.097235716879368 18.77762142355953 4
      vertex 12.097235716879368 18.77762142355953 3.8
      vertex 12.319203570485115 18.942192850368365 4
    endloop
  endfacet
  facet normal 0 0 1
    outer loop
      vertex 11.876350000500679 18.855364283280714 4
      vertex 12.097235716879368 18.77762142355953 4
      vertex 12.192051783204079 19.048816067831858 4
    endloop
  endfacet
  facet normal 0 0 1
    outer loop
      vertex 12.097235716879368 18.77762142355953 4
      vertex 12.319203570485115 18.942192850368365 4
      vertex 12.192051783204079 19.048816067831858 4
    endloop
  endfacet
  facet normal 0.5955798680686805 -0.8032960978065891 0
    outer loop
      vertex 12.319203570485115 18.942192850368365 4
      vertex 12.097235716879368 18.77762142355953 3.8
      vertex 12.319203570485115 18.942192850368365 3.8
    endloop
  endfacet
  facet normal -0.14549850795007074 0.9893584710226639 0
    outer loop
      vertex 12.192051783204079 19.048816067831858 4
      vertex 12.630528569221497 19.113299993532046 3.8
      vertex 12.192051783204079 19.048816067831858 3.8
    endloop
  endfacet
  facet normal 0.1674585072813768 -0.9858791246086375 0
    outer loop
      vertex 12.642164282500744 18.997050000088556 4
      vertex 12.319203570485115 18.942192850368365 3.8
      vertex 12.642164282500744 18.997050000088556 3.8
    endloop
  endfacet
  facet normal -0.06166062720819218 -0.9980971731511378 0
    outer loop
      vertex 12.780389286577702 18.988510710852488 4
      vertex 12.642164282500744 18.997050000088556 3.8
      vertex 12.780389286577702 18.988510710852488 3.8
    endloop
  endfacet
  facet normal 0.058730969946482144 0.9982738467821068 0
    outer loop
      vertex 12.630528569221497 19.113299993532046 4
      vertex 12.945496425032616 19.094769639628275 3.8
      vertex 12.630528569221497 19.113299993532046 3.8
    endloop
  endfacet
  facet normal -0.1855393653277355 -0.9826368321581382 0
    outer loop
      vertex 12.916064284741879 18.962892850594862 4
      vertex 12.780389286577702 18.988510710852488 3.8
      vertex 12.916064284741879 18.962892850594862 3.8
    endloop
  endfacet
  facet normal 0.1674585072813768 -0.9858791246086375 0
    outer loop
      vertex 12.319203570485115 18.942192850368365 4
      vertex 12.319203570485115 18.942192850368365 3.8
      vertex 12.642164282500744 18.997050000088556 4
    endloop
  endfacet
  facet normal -0.14549850795007074 0.9893584710226639 0
    outer loop
      vertex 12.192051783204079 19.048816067831858 4
      vertex 12.630528569221497 19.113299993532046 4
      vertex 12.630528569221497 19.113299993532046 3.8
    endloop
  endfacet
  facet normal 0 0 1
    outer loop
      vertex 12.192051783204079 19.048816067831858 4
      vertex 12.319203570485115 18.942192850368365 4
      vertex 12.630528569221497 19.113299993532046 4
    endloop
  endfacet
  facet normal 0 0 1
    outer loop
      vertex 12.319203570485115 18.942192850368365 4
      vertex 12.642164282500744 18.997050000088556 4
      vertex 12.630528569221497 19.113299993532046 4
    endloop
  endfacet
  facet normal -0.06166062720819218 -0.9980971731511378 0
    outer loop
      vertex 12.642164282500744 18.997050000088556 4
      vertex 12.642164282500744 18.997050000088556 3.8
      vertex 12.780389286577702 18.988510710852488 4
    endloop
  endfacet
  facet normal -0.1855393653277355 -0.9826368321581382 0
    outer loop
      vertex 12.780389286577702 18.988510710852488 4
      vertex 12.780389286577702 18.988510710852488 3.8
      vertex 12.916064284741879 18.962892850594862 4
    endloop
  endfacet
  facet normal 0.058730969946482144 0.9982738467821068 0
    outer loop
      vertex 12.630528569221497 19.113299993532046 4
      vertex 12.945496425032616 19.094769639628275 4
      vertex 12.945496425032616 19.094769639628275 3.8
    endloop
  endfacet
  facet normal 0 0 1
    outer loop
      vertex 12.642164282500744 18.997050000088556 4
      vertex 12.780389286577702 18.988510710852488 4
      vertex 12.630528569221497 19.113299993532046 4
    endloop
  endfacet
  facet normal 0 0 1
    outer loop
      vertex 12.630528569221497 19.113299993532046 4
      vertex 12.780389286577702 18.988510710852488 4
      vertex 12.945496425032616 19.094769639628275 4
    endloop
  endfacet
  facet normal 0 0 1
    outer loop
      vertex 12.780389286577702 18.988510710852488 4
      vertex 12.916064284741879 18.962892850594862 4
      vertex 12.945496425032616 19.094769639628275 4
    endloop
  endfacet
  facet normal 0 -1 0
    outer loop
      vertex 12.279393568634987 21.428571430700167 4
      vertex 10.877399288117886 21.428571430700167 3.8
      vertex 12.279393568634987 21.428571430700167 3.8
    endloop
  endfacet
  facet normal 0 0 1
    outer loop
      vertex 11.829496428370476 21.63782143379961 4
      vertex 12.279393568634987 21.428571430700167 4
      vertex 12.279393568634987 21.56719714190279 4
    endloop
  endfacet
  facet normal 0.1550796197175437 0.9879019746656357 0
    outer loop
      vertex 11.829496428370476 21.63782143379961 4
      vertex 12.279393568634987 21.56719714190279 3.8
      vertex 11.829496428370476 21.63782143379961 3.8
    endloop
  endfacet
  facet normal 0 0 1
    outer loop
      vertex 11.327296428382397 21.63782143379961 4
      vertex 12.279393568634987 21.428571430700167 4
      vertex 11.829496428370476 21.63782143379961 4
    endloop
  endfacet
  facet normal 0.1550796197175437 0.9879019746656357 0
    outer loop
      vertex 11.829496428370476 21.63782143379961 4
      vertex 12.279393568634987 21.56719714190279 4
      vertex 12.279393568634987 21.56719714190279 3.8
    endloop
  endfacet
  facet normal 1 0 0
    outer loop
      vertex 12.279393568634987 21.56719714190279 4
      vertex 12.279393568634987 21.428571430700167 3.8
      vertex 12.279393568634987 21.56719714190279 3.8
    endloop
  endfacet
  facet normal 1 0 0
    outer loop
      vertex 12.279393568634987 21.428571430700167 4
      vertex 12.279393568634987 21.428571430700167 3.8
      vertex 12.279393568634987 21.56719714190279 4
    endloop
  endfacet
  facet normal -0.8420930547668878 -0.5393322604048191 0
    outer loop
      vertex 12.806529998779297 22.39797749902521 4
      vertex 12.806529998779297 22.39797749902521 3.8
      vertex 13.163566425442696 21.840514285223826 4
    endloop
  endfacet
  facet normal -0.31040102644719375 -0.9506057031075127 0
    outer loop
      vertex 13.04231071472168 18.92166963751827 4
      vertex 12.916064284741879 18.962892850594862 3.8
      vertex 13.04231071472168 18.92166963751827 3.8
    endloop
  endfacet
  facet normal -0.45013634897027666 -0.8929598352309633 0
    outer loop
      vertex 13.152207143604755 18.86627142663513 4
      vertex 13.04231071472168 18.92166963751827 3.8
      vertex 13.152207143604755 18.86627142663513 3.8
    endloop
  endfacet
  facet normal 0.16252934680819528 0.9867037100498312 0
    outer loop
      vertex 12.945496425032616 19.094769639628275 4
      vertex 13.282985717058182 19.039178570466383 3.8
      vertex 12.945496425032616 19.094769639628275 3.8
    endloop
  endfacet
  facet normal 0.9997902654807478 0.020479869382777495 0
    outer loop
      vertex 13.282985717058182 19.039178570466383 4
      vertex 13.291707143187523 18.613414285438402 3.8
      vertex 13.282985717058182 19.039178570466383 3.8
    endloop
  endfacet
  facet normal -1 0 0
    outer loop
      vertex 13.570835717022419 19.01449285234724 4
      vertex 13.570835717022419 19.09150714214359 3.8
      vertex 13.570835717022419 19.01449285234724 3.8
    endloop
  endfacet
  facet normal -0.31040102644719375 -0.9506057031075127 0
    outer loop
      vertex 12.916064284741879 18.962892850594862 4
      vertex 12.916064284741879 18.962892850594862 3.8
      vertex 13.04231071472168 18.92166963751827 4
    endloop
  endfacet
  facet normal -0.45013634897027666 -0.8929598352309633 0
    outer loop
      vertex 13.152207143604755 18.86627142663513 4
      vertex 13.04231071472168 18.92166963751827 4
      vertex 13.04231071472168 18.92166963751827 3.8
    endloop
  endfacet
  facet normal -0.9854668679931259 -0.16986774881600952 0
    outer loop
      vertex 13.152207143604755 18.86627142663513 4
      vertex 13.152207143604755 18.86627142663513 3.8
      vertex 13.195792853832245 18.613414285438402 4
    endloop
  endfacet
  facet normal 0.9997902654807478 0.020479869382777495 0
    outer loop
      vertex 13.291707143187523 18.613414285438402 4
      vertex 13.291707143187523 18.613414285438402 3.8
      vertex 13.282985717058182 19.039178570466383 4
    endloop
  endfacet
  facet normal 0.16252934680819528 0.9867037100498312 0
    outer loop
      vertex 12.945496425032616 19.094769639628275 4
      vertex 13.282985717058182 19.039178570466383 4
      vertex 13.282985717058182 19.039178570466383 3.8
    endloop
  endfacet
  facet normal 0 0 1
    outer loop
      vertex 12.916064284741879 18.962892850594862 4
      vertex 13.04231071472168 18.92166963751827 4
      vertex 12.945496425032616 19.094769639628275 4
    endloop
  endfacet
  facet normal 0 0 1
    outer loop
      vertex 12.945496425032616 19.094769639628275 4
      vertex 13.04231071472168 18.92166963751827 4
      vertex 13.282985717058182 19.039178570466383 4
    endloop
  endfacet
  facet normal 0 0 1
    outer loop
      vertex 13.152207143604755 18.86627142663513 4
      vertex 13.282985717058182 19.039178570466383 4
      vertex 13.04231071472168 18.92166963751827 4
    endloop
  endfacet
  facet normal 0 0 1
    outer loop
      vertex 13.152207143604755 18.86627142663513 4
      vertex 13.291707143187523 18.613414285438402 4
      vertex 13.282985717058182 19.039178570466383 4
    endloop
  endfacet
  facet normal -1 0 0
    outer loop
      vertex 13.570835717022419 19.01449285234724 4
      vertex 13.570835717022419 19.09150714214359 4
      vertex 13.570835717022419 19.09150714214359 3.8
    endloop
  endfacet
  facet normal -0.1495341692655751 -0.9887565586240399 0
    outer loop
      vertex 13.570835717022419 19.01449285234724 4
      vertex 13.570835717022419 19.01449285234724 3.8
      vertex 13.82077857106924 18.976692853229387 4
    endloop
  endfacet
  facet normal 0 0 1
    outer loop
      vertex 13.570835717022419 19.01449285234724 4
      vertex 13.82077857106924 18.976692853229387 4
      vertex 13.570835717022419 19.09150714214359 4
    endloop
  endfacet
  facet normal -0.1495341692655751 -0.9887565586240399 0
    outer loop
      vertex 13.82077857106924 18.976692853229387 4
      vertex 13.570835717022419 19.01449285234724 3.8
      vertex 13.82077857106924 18.976692853229387 3.8
    endloop
  endfacet
  facet normal 0 1 0
    outer loop
      vertex 13.570835717022419 19.09150714214359 4
      vertex 14.306114286184311 19.09150714214359 3.8
      vertex 13.570835717022419 19.09150714214359 3.8
    endloop
  endfacet
  facet normal 0 -1 0
    outer loop
      vertex 14.243628568947315 18.960707140820368 4
      vertex 14.101235717535019 18.960707140820368 3.8
      vertex 14.243628568947315 18.960707140820368 3.8
    endloop
  endfacet
  facet normal 0 0 1
    outer loop
      vertex 13.570835717022419 19.09150714214359 4
      vertex 13.82077857106924 18.976692853229387 4
      vertex 14.306114286184311 19.09150714214359 4
    endloop
  endfacet
  facet normal 0 -1 0
    outer loop
      vertex 14.101235717535019 18.960707140820368 4
      vertex 14.101235717535019 18.960707140820368 3.8
      vertex 14.243628568947315 18.960707140820368 4
    endloop
  endfacet
  facet normal 0 1 0
    outer loop
      vertex 13.570835717022419 19.09150714214359 4
      vertex 14.306114286184311 19.09150714214359 4
      vertex 14.306114286184311 19.09150714214359 3.8
    endloop
  endfacet
  facet normal -0.11323950570278556 -0.9935677200614907 0
    outer loop
      vertex 14.243628568947315 18.960707140820368 4
      vertex 14.243628568947315 18.960707140820368 3.8
      vertex 14.469951786100864 18.93491249318634 4
    endloop
  endfacet
  facet normal 0 0 1
    outer loop
      vertex 13.82077857106924 18.976692853229387 4
      vertex 14.101235717535019 18.960707140820368 4
      vertex 14.306114286184311 19.09150714214359 4
    endloop
  endfacet
  facet normal 0 0 1
    outer loop
      vertex 14.101235717535019 18.960707140820368 4
      vertex 14.243628568947315 18.960707140820368 4
      vertex 14.306114286184311 19.09150714214359 4
    endloop
  endfacet
  facet normal 0 0 1
    outer loop
      vertex 14.243628568947315 18.960707140820368 4
      vertex 14.469951786100864 18.93491249318634 4
      vertex 14.306114286184311 19.09150714214359 4
    endloop
  endfacet
  facet normal -0.8420930547668878 -0.5393322604048191 0
    outer loop
      vertex 13.163566425442696 21.840514285223826 4
      vertex 12.806529998779297 22.39797749902521 3.8
      vertex 13.163566425442696 21.840514285223826 3.8
    endloop
  endfacet
  facet normal -0.5211469720883892 -0.8534669492623037 0
    outer loop
      vertex 13.73377750068903 21.49233000512634 4
      vertex 13.163566425442696 21.840514285223826 3.8
      vertex 13.73377750068903 21.49233000512634 3.8
    endloop
  endfacet
  facet normal 0.8975054518499205 0.44100336041766164 0
    outer loop
      vertex 13.31494963914156 22.473519643502577 4
      vertex 13.557226426899433 21.980451432721956 3.8
      vertex 13.31494963914156 22.473519643502577 3.8
    endloop
  endfacet
  facet normal 0 0 1
    outer loop
      vertex 12.806529998779297 22.39797749902521 4
      vertex 13.163566425442696 21.840514285223826 4
      vertex 13.31494963914156 22.473519643502577 4
    endloop
  endfacet
  facet normal -0.5211469720883892 -0.8534669492623037 0
    outer loop
      vertex 13.163566425442696 21.840514285223826 4
      vertex 13.163566425442696 21.840514285223826 3.8
      vertex 13.73377750068903 21.49233000512634 4
    endloop
  endfacet
  facet normal 0 0 1
    outer loop
      vertex 13.163566425442696 21.840514285223826 4
      vertex 13.73377750068903 21.49233000512634 4
      vertex 13.557226426899433 21.980451432721956 4
    endloop
  endfacet
  facet normal 0.8975054518499205 0.44100336041766164 0
    outer loop
      vertex 13.557226426899433 21.980451432721956 4
      vertex 13.557226426899433 21.980451432721956 3.8
      vertex 13.31494963914156 22.473519643502577 4
    endloop
  endfacet
  facet normal 0 0 1
    outer loop
      vertex 13.163566425442696 21.840514285223826 4
      vertex 13.557226426899433 21.980451432721956 4
      vertex 13.31494963914156 22.473519643502577 4
    endloop
  endfacet
  facet normal -0.15124694656424337 -0.988496009680865 0
    outer loop
      vertex 14.49231357127428 21.3762685709766 4
      vertex 13.73377750068903 21.49233000512634 3.8
      vertex 14.49231357127428 21.3762685709766 3.8
    endloop
  endfacet
  facet normal -0.15124694656424337 -0.988496009680865 0
    outer loop
      vertex 14.49231357127428 21.3762685709766 4
      vertex 13.73377750068903 21.49233000512634 4
      vertex 13.73377750068903 21.49233000512634 3.8
    endloop
  endfacet
  facet normal 0 0 1
    outer loop
      vertex 14.49231357127428 21.3762685709766 4
      vertex 13.953827500343323 21.678350357072695 4
      vertex 13.73377750068903 21.49233000512634 4
    endloop
  endfacet
  facet normal 0 0 1
    outer loop
      vertex 14.49231357127428 21.3762685709766 4
      vertex 14.497559286653996 21.577650001006468 4
      vertex 13.953827500343323 21.678350357072695 4
    endloop
  endfacet
  facet normal 0.6059528892297632 0.7955005317623003 0
    outer loop
      vertex 13.557226426899433 21.980451432721956 4
      vertex 13.953827500343323 21.678350357072695 3.8
      vertex 13.557226426899433 21.980451432721956 3.8
    endloop
  endfacet
  facet normal 0.18210549350243024 0.9832789986754706 0
    outer loop
      vertex 13.953827500343323 21.678350357072695 4
      vertex 14.497559286653996 21.577650001006468 3.8
      vertex 13.953827500343323 21.678350357072695 3.8
    endloop
  endfacet
  facet normal 0.6059528892297632 0.7955005317623003 0
    outer loop
      vertex 13.557226426899433 21.980451432721956 4
      vertex 13.953827500343323 21.678350357072695 4
      vertex 13.953827500343323 21.678350357072695 3.8
    endloop
  endfacet
  facet normal 0 0 1
    outer loop
      vertex 13.557226426899433 21.980451432721956 4
      vertex 13.73377750068903 21.49233000512634 4
      vertex 13.953827500343323 21.678350357072695 4
    endloop
  endfacet
  facet normal 0.18210549350243024 0.9832789986754706 0
    outer loop
      vertex 13.953827500343323 21.678350357072695 4
      vertex 14.497559286653996 21.577650001006468 4
      vertex 14.497559286653996 21.577650001006468 3.8
    endloop
  endfacet
  facet normal 1 0 0
    outer loop
      vertex 14.41075000166893 17.21987142200981 4
      vertex 14.41075000166893 17.142857139664038 3.8
      vertex 14.41075000166893 17.21987142200981 3.8
    endloop
  endfacet
  facet normal 1 0 0
    outer loop
      vertex 14.41075000166893 17.142857139664038 4
      vertex 14.41075000166893 17.142857139664038 3.8
      vertex 14.41075000166893 17.21987142200981 4
    endloop
  endfacet
  facet normal 0.12884800340871647 -0.991664354515976 0
    outer loop
      vertex 14.61981250345707 17.946064283805235 4
      vertex 14.320642858743668 17.907192853944643 3.8
      vertex 14.61981250345707 17.946064283805235 3.8
    endloop
  endfacet
  facet normal -0.4903726989781193 0.8715128318601597 0
    outer loop
      vertex 14.465773217380047 18.06596249874149 4
      vertex 14.61490000039339 18.149871421711786 3.8
      vertex 14.465773217380047 18.06596249874149 3.8
    endloop
  endfacet
  facet normal -0.8588969730280778 0.5121484059559354 0
    outer loop
      vertex 14.61490000039339 18.149871421711786 4
      vertex 14.702633932232857 18.297005353229387 3.8
      vertex 14.61490000039339 18.149871421711786 3.8
    endloop
  endfacet
  facet normal -0.9910894894553476 0.13319768725897024 0
    outer loop
      vertex 14.702633932232857 18.297005353229387 4
      vertex 14.731878571212292 18.514607136803015 3.8
      vertex 14.702633932232857 18.297005353229387 3.8
    endloop
  endfacet
  facet normal -0.9908708118907322 -0.13481481425645025 0
    outer loop
      vertex 14.731878571212292 18.514607136803015 4
      vertex 14.703903570771217 18.720219639795168 3.8
      vertex 14.731878571212292 18.514607136803015 3.8
    endloop
  endfacet
  facet normal 0.46780180673880206 -0.8838333947141352 0
    outer loop
      vertex 14.840135715901852 18.06267856593643 4
      vertex 14.61981250345707 17.946064283805235 3.8
      vertex 14.840135715901852 18.06267856593643 3.8
    endloop
  endfacet
  facet normal 0.8158674296368119 -0.5782389966595316 0
    outer loop
      vertex 14.975826784968376 18.254132142024382 4
      vertex 14.840135715901852 18.06267856593643 3.8
      vertex 14.975826784968376 18.254132142024382 3.8
    endloop
  endfacet
  facet normal 0.9855736639003683 -0.1692470177758056 0
    outer loop
      vertex 15.021057143807411 18.51752142395292 4
      vertex 14.975826784968376 18.254132142024382 3.8
      vertex 15.021057143807411 18.51752142395292 3.8
    endloop
  endfacet
  facet normal 0.12884800340871647 -0.991664354515976 0
    outer loop
      vertex 14.320642858743668 17.907192853944643 4
      vertex 14.320642858743668 17.907192853944643 3.8
      vertex 14.61981250345707 17.946064283805235 4
    endloop
  endfacet
  facet normal -0.12994138352610604 0.9915216774470044 0
    outer loop
      vertex 14.252350002527237 18.037992855267866 4
      vertex 14.465773217380047 18.06596249874149 4
      vertex 14.465773217380047 18.06596249874149 3.8
    endloop
  endfacet
  facet normal 0.46780180673880206 -0.8838333947141352 0
    outer loop
      vertex 14.61981250345707 17.946064283805235 4
      vertex 14.61981250345707 17.946064283805235 3.8
      vertex 14.840135715901852 18.06267856593643 4
    endloop
  endfacet
  facet normal -0.4903726989781193 0.8715128318601597 0
    outer loop
      vertex 14.465773217380047 18.06596249874149 4
      vertex 14.61490000039339 18.149871421711786 4
      vertex 14.61490000039339 18.149871421711786 3.8
    endloop
  endfacet
  facet normal -0.8588969730280778 0.5121484059559354 0
    outer loop
      vertex 14.61490000039339 18.149871421711786 4
      vertex 14.702633932232857 18.297005353229387 4
      vertex 14.702633932232857 18.297005353229387 3.8
    endloop
  endfacet
  facet normal 0 0 1
    outer loop
      vertex 14.320642858743668 17.907192853944643 4
      vertex 14.61981250345707 17.946064283805235 4
      vertex 14.465773217380047 18.06596249874149 4
    endloop
  endfacet
  facet normal 0 0 1
    outer loop
      vertex 14.465773217380047 18.06596249874149 4
      vertex 14.61981250345707 17.946064283805235 4
      vertex 14.61490000039339 18.149871421711786 4
    endloop
  endfacet
  facet normal 0 0 1
    outer loop
      vertex 14.61981250345707 17.946064283805235 4
      vertex 14.840135715901852 18.06267856593643 4
      vertex 14.61490000039339 18.149871421711786 4
    endloop
  endfacet
  facet normal 0 0 1
    outer loop
      vertex 14.61490000039339 18.149871421711786 4
      vertex 14.840135715901852 18.06267856593643 4
      vertex 14.702633932232857 18.297005353229387 4
    endloop
  endfacet
  facet normal -0.9910894894553476 0.13319768725897024 0
    outer loop
      vertex 14.702633932232857 18.297005353229387 4
      vertex 14.731878571212292 18.514607136803015 4
      vertex 14.731878571212292 18.514607136803015 3.8
    endloop
  endfacet
  facet normal -0.9908708118907322 -0.13481481425645025 0
    outer loop
      vertex 14.731878571212292 18.514607136803015 4
      vertex 14.703903570771217 18.720219639795168 4
      vertex 14.703903570771217 18.720219639795168 3.8
    endloop
  endfacet
  facet normal 0.8158674296368119 -0.5782389966595316 0
    outer loop
      vertex 14.840135715901852 18.06267856593643 4
      vertex 14.840135715901852 18.06267856593643 3.8
      vertex 14.975826784968376 18.254132142024382 4
    endloop
  endfacet
  facet normal 0 0 1
    outer loop
      vertex 14.840135715901852 18.06267856593643 4
      vertex 14.975826784968376 18.254132142024382 4
      vertex 14.702633932232857 18.297005353229387 4
    endloop
  endfacet
  facet normal 0.9855736639003683 -0.1692470177758056 0
    outer loop
      vertex 14.975826784968376 18.254132142024382 4
      vertex 14.975826784968376 18.254132142024382 3.8
      vertex 15.021057143807411 18.51752142395292 4
    endloop
  endfacet
  facet normal 0.9235597158533182 0.38345462737191993 0
    outer loop
      vertex 15.021057143807411 18.51752142395292 4
      vertex 15.021057143807411 18.51752142395292 3.8
      vertex 14.842321425676346 18.94801071073328 4
    endloop
  endfacet
  facet normal 0 0 1
    outer loop
      vertex 14.702633932232857 18.297005353229387 4
      vertex 14.975826784968376 18.254132142024382 4
      vertex 14.731878571212292 18.514607136803015 4
    endloop
  endfacet
  facet normal 0 0 1
    outer loop
      vertex 14.731878571212292 18.514607136803015 4
      vertex 14.975826784968376 18.254132142024382 4
      vertex 15.021057143807411 18.51752142395292 4
    endloop
  endfacet
  facet normal 0 0 1
    outer loop
      vertex 14.731878571212292 18.514607136803015 4
      vertex 15.021057143807411 18.51752142395292 4
      vertex 14.703903570771217 18.720219639795168 4
    endloop
  endfacet
  facet normal 0 0 1
    outer loop
      vertex 15.021057143807411 18.51752142395292 4
      vertex 14.842321425676346 18.94801071073328 4
      vertex 14.703903570771217 18.720219639795168 4
    endloop
  endfacet
  facet normal -1 0 0
    outer loop
      vertex 15.226042859256268 17.142857139664038 4
      vertex 15.226042859256268 17.21987142200981 3.8
      vertex 15.226042859256268 17.142857139664038 3.8
    endloop
  endfacet
  facet normal -0.15507962391348845 0.9879019740069613 0
    outer loop
      vertex 15.226042859256268 17.21987142200981 4
      vertex 15.47598571330309 17.259107140558108 3.8
      vertex 15.226042859256268 17.21987142200981 3.8
    endloop
  endfacet
  facet normal 0 -1 0
    outer loop
      vertex 15.890114285051823 17.142857139664038 4
      vertex 15.226042859256268 17.142857139664038 3.8
      vertex 15.890114285051823 17.142857139664038 3.8
    endloop
  endfacet
  facet normal 0.14834839433066108 0.9889351616256319 0
    outer loop
      vertex 15.62855714559555 17.259107140558108 4
      vertex 15.890114285051823 17.21987142200981 3.8
      vertex 15.62855714559555 17.259107140558108 3.8
    endloop
  endfacet
  facet normal -1 0 0
    outer loop
      vertex 15.226042859256268 17.142857139664038 4
      vertex 15.226042859256268 17.21987142200981 4
      vertex 15.226042859256268 17.21987142200981 3.8
    endloop
  endfacet
  facet normal 0 -1 0
    outer loop
      vertex 15.226042859256268 17.142857139664038 4
      vertex 15.226042859256268 17.142857139664038 3.8
      vertex 15.890114285051823 17.142857139664038 4
    endloop
  endfacet
  facet normal -0.15507962391348845 0.9879019740069613 0
    outer loop
      vertex 15.226042859256268 17.21987142200981 4
      vertex 15.47598571330309 17.259107140558108 4
      vertex 15.47598571330309 17.259107140558108 3.8
    endloop
  endfacet
  facet normal 0 0 1
    outer loop
      vertex 15.226042859256268 17.142857139664038 4
      vertex 15.47598571330309 17.259107140558108 4
      vertex 15.226042859256268 17.21987142200981 4
    endloop
  endfacet
  facet normal 0.14834839433066108 0.9889351616256319 0
    outer loop
      vertex 15.62855714559555 17.259107140558108 4
      vertex 15.890114285051823 17.21987142200981 4
      vertex 15.890114285051823 17.21987142200981 3.8
    endloop
  endfacet
  facet normal 0 0 1
    outer loop
      vertex 15.226042859256268 17.142857139664038 4
      vertex 15.890114285051823 17.142857139664038 4
      vertex 15.47598571330309 17.259107140558108 4
    endloop
  endfacet
  facet normal 0 0 1
    outer loop
      vertex 15.47598571330309 17.259107140558108 4
      vertex 15.890114285051823 17.142857139664038 4
      vertex 15.62855714559555 17.259107140558108 4
    endloop
  endfacet
  facet normal 0 0 1
    outer loop
      vertex 15.62855714559555 17.259107140558108 4
      vertex 15.890114285051823 17.142857139664038 4
      vertex 15.890114285051823 17.21987142200981 4
    endloop
  endfacet
  facet normal 1 0 0
    outer loop
      vertex 15.62855714559555 17.259107140558108 4
      vertex 15.62855714559555 17.259107140558108 3.8
      vertex 15.62855714559555 18.895328571753844 4
    endloop
  endfacet
  facet normal 0 0 1
    outer loop
      vertex 15.47598571330309 17.259107140558108 4
      vertex 15.62855714559555 17.259107140558108 4
      vertex 15.62855714559555 18.895328571753844 4
    endloop
  endfacet
  facet normal -1 0 0
    outer loop
      vertex 15.47598571330309 18.976692853229387 4
      vertex 15.47598571330309 18.976692853229387 3.8
      vertex 15.47598571330309 17.259107140558108 3.8
    endloop
  endfacet
  facet normal 1 0 0
    outer loop
      vertex 15.62855714559555 18.895328571753844 4
      vertex 15.62855714559555 17.259107140558108 3.8
      vertex 15.62855714559555 18.895328571753844 3.8
    endloop
  endfacet
  facet normal -1 0 0
    outer loop
      vertex 15.47598571330309 17.259107140558108 4
      vertex 15.47598571330309 18.976692853229387 4
      vertex 15.47598571330309 17.259107140558108 3.8
    endloop
  endfacet
  facet normal 0 0 1
    outer loop
      vertex 15.47598571330309 17.259107140558108 4
      vertex 15.62855714559555 18.895328571753844 4
      vertex 15.47598571330309 18.976692853229387 4
    endloop
  endfacet
  facet normal 1 0 0
    outer loop
      vertex 15.890114285051823 17.21987142200981 4
      vertex 15.890114285051823 17.142857139664038 3.8
      vertex 15.890114285051823 17.21987142200981 3.8
    endloop
  endfacet
  facet normal -0.8247198489429802 -0.5655414845610071 0
    outer loop
      vertex 16.830292858183384 17.142857139664038 4
      vertex 15.62855714559555 18.895328571753844 3.8
      vertex 16.830292858183384 17.142857139664038 3.8
    endloop
  endfacet
  facet normal 1 0 0
    outer loop
      vertex 15.890114285051823 17.142857139664038 4
      vertex 15.890114285051823 17.142857139664038 3.8
      vertex 15.890114285051823 17.21987142200981 4
    endloop
  endfacet
  facet normal 0 0 1
    outer loop
      vertex 15.62855714559555 18.895328571753844 4
      vertex 16.830292858183384 17.142857139664038 4
      vertex 16.971249997615814 17.142857139664038 4
    endloop
  endfacet
  facet normal 0.8212128097320968 0.5706220475340178 0
    outer loop
      vertex 15.816014282405376 19.09150714214359 4
      vertex 16.818657144904137 17.648549994187697 3.8
      vertex 15.816014282405376 19.09150714214359 3.8
    endloop
  endfacet
  facet normal -0.8247198489429802 -0.5655414845610071 0
    outer loop
      vertex 15.62855714559555 18.895328571753844 4
      vertex 15.62855714559555 18.895328571753844 3.8
      vertex 16.830292858183384 17.142857139664038 4
    endloop
  endfacet
  facet normal 0 0 1
    outer loop
      vertex 15.62855714559555 18.895328571753844 4
      vertex 16.818657144904137 17.648549994187697 4
      vertex 15.816014282405376 19.09150714214359 4
    endloop
  endfacet
  facet normal 0.8212128097320968 0.5706220475340178 0
    outer loop
      vertex 15.816014282405376 19.09150714214359 4
      vertex 16.818657144904137 17.648549994187697 4
      vertex 16.818657144904137 17.648549994187697 3.8
    endloop
  endfacet
  facet normal 0 0 1
    outer loop
      vertex 15.62855714559555 18.895328571753844 4
      vertex 16.971249997615814 17.142857139664038 4
      vertex 16.818657144904137 17.648549994187697 4
    endloop
  endfacet
  facet normal 0 -1 0
    outer loop
      vertex 16.971249997615814 17.142857139664038 4
      vertex 16.830292858183384 17.142857139664038 3.8
      vertex 16.971249997615814 17.142857139664038 3.8
    endloop
  endfacet
  facet normal 0 -1 0
    outer loop
      vertex 16.830292858183384 17.142857139664038 4
      vertex 16.830292858183384 17.142857139664038 3.8
      vertex 16.971249997615814 17.142857139664038 4
    endloop
  endfacet
  facet normal 1 0 0
    outer loop
      vertex 16.971249997615814 17.142857139664038 4
      vertex 16.971249997615814 17.142857139664038 3.8
      vertex 16.971249997615814 18.976692853229387 4
    endloop
  endfacet
  facet normal -1 0 0
    outer loop
      vertex 16.818657144904137 17.648549994187697 4
      vertex 16.818657144904137 18.976692853229387 3.8
      vertex 16.818657144904137 17.648549994187697 3.8
    endloop
  endfacet
  facet normal 1 0 0
    outer loop
      vertex 16.971249997615814 18.976692853229387 4
      vertex 16.971249997615814 17.142857139664038 3.8
      vertex 16.971249997615814 18.976692853229387 3.8
    endloop
  endfacet
  facet normal -1 0 0
    outer loop
      vertex 16.818657144904137 17.648549994187697 4
      vertex 16.818657144904137 18.976692853229387 4
      vertex 16.818657144904137 18.976692853229387 3.8
    endloop
  endfacet
  facet normal 0 0 1
    outer loop
      vertex 16.818657144904137 17.648549994187697 4
      vertex 16.971249997615814 18.976692853229387 4
      vertex 16.818657144904137 18.976692853229387 4
    endloop
  endfacet
  facet normal 0 0 1
    outer loop
      vertex 16.971249997615814 17.142857139664038 4
      vertex 16.971249997615814 18.976692853229387 4
      vertex 16.818657144904137 17.648549994187697 4
    endloop
  endfacet
  facet normal -0.11323950570278556 -0.9935677200614907 0
    outer loop
      vertex 14.469951786100864 18.93491249318634 4
      vertex 14.243628568947315 18.960707140820368 3.8
      vertex 14.469951786100864 18.93491249318634 3.8
    endloop
  endfacet
  facet normal 0.2585167464301263 0.9660067762780868 0
    outer loop
      vertex 14.306114286184311 19.09150714214359 4
      vertex 14.842321425676346 18.94801071073328 3.8
      vertex 14.306114286184311 19.09150714214359 3.8
    endloop
  endfacet
  facet normal -0.45841252202859184 -0.8887395341985107 0
    outer loop
      vertex 14.619978569447994 18.85752856518541 4
      vertex 14.469951786100864 18.93491249318634 3.8
      vertex 14.619978569447994 18.85752856518541 3.8
    endloop
  endfacet
  facet normal -0.8532431466042406 -0.5215133102547759 0
    outer loop
      vertex 14.703903570771217 18.720219639795168 4
      vertex 14.619978569447994 18.85752856518541 3.8
      vertex 14.703903570771217 18.720219639795168 3.8
    endloop
  endfacet
  facet normal 0.9235597158533182 0.38345462737191993 0
    outer loop
      vertex 14.842321425676346 18.94801071073328 4
      vertex 15.021057143807411 18.51752142395292 3.8
      vertex 14.842321425676346 18.94801071073328 3.8
    endloop
  endfacet
  facet normal -0.45841252202859184 -0.8887395341985107 0
    outer loop
      vertex 14.469951786100864 18.93491249318634 4
      vertex 14.469951786100864 18.93491249318634 3.8
      vertex 14.619978569447994 18.85752856518541 4
    endloop
  endfacet
  facet normal -0.8532431466042406 -0.5215133102547759 0
    outer loop
      vertex 14.703903570771217 18.720219639795168 4
      vertex 14.619978569447994 18.85752856518541 4
      vertex 14.619978569447994 18.85752856518541 3.8
    endloop
  endfacet
  facet normal 0.2585167464301263 0.9660067762780868 0
    outer loop
      vertex 14.306114286184311 19.09150714214359 4
      vertex 14.842321425676346 18.94801071073328 4
      vertex 14.842321425676346 18.94801071073328 3.8
    endloop
  endfacet
  facet normal 0 0 1
    outer loop
      vertex 14.306114286184311 19.09150714214359 4
      vertex 14.469951786100864 18.93491249318634 4
      vertex 14.842321425676346 18.94801071073328 4
    endloop
  endfacet
  facet normal 0 0 1
    outer loop
      vertex 14.469951786100864 18.93491249318634 4
      vertex 14.619978569447994 18.85752856518541 4
      vertex 14.842321425676346 18.94801071073328 4
    endloop
  endfacet
  facet normal 0 0 1
    outer loop
      vertex 14.703903570771217 18.720219639795168 4
      vertex 14.842321425676346 18.94801071073328 4
      vertex 14.619978569447994 18.85752856518541 4
    endloop
  endfacet
  facet normal -1 0 0
    outer loop
      vertex 15.226042859256268 19.01449285234724 4
      vertex 15.226042859256268 19.09150714214359 3.8
      vertex 15.226042859256268 19.01449285234724 3.8
    endloop
  endfacet
  facet normal -0.1495341692655751 -0.9887565586240399 0
    outer loop
      vertex 15.47598571330309 18.976692853229387 4
      vertex 15.226042859256268 19.01449285234724 3.8
      vertex 15.47598571330309 18.976692853229387 3.8
    endloop
  endfacet
  facet normal 0 1 0
    outer loop
      vertex 15.226042859256268 19.09150714214359 4
      vertex 15.816014282405376 19.09150714214359 3.8
      vertex 15.226042859256268 19.09150714214359 3.8
    endloop
  endfacet
  facet normal -1 0 0
    outer loop
      vertex 15.226042859256268 19.01449285234724 4
      vertex 15.226042859256268 19.09150714214359 4
      vertex 15.226042859256268 19.09150714214359 3.8
    endloop
  endfacet
  facet normal -0.1495341692655751 -0.9887565586240399 0
    outer loop
      vertex 15.226042859256268 19.01449285234724 4
      vertex 15.226042859256268 19.01449285234724 3.8
      vertex 15.47598571330309 18.976692853229387 4
    endloop
  endfacet
  facet normal 0 0 1
    outer loop
      vertex 15.226042859256268 19.01449285234724 4
      vertex 15.47598571330309 18.976692853229387 4
      vertex 15.226042859256268 19.09150714214359 4
    endloop
  endfacet
  facet normal 0 1 0
    outer loop
      vertex 15.226042859256268 19.09150714214359 4
      vertex 15.816014282405376 19.09150714214359 4
      vertex 15.816014282405376 19.09150714214359 3.8
    endloop
  endfacet
  facet normal 0 0 1
    outer loop
      vertex 15.226042859256268 19.09150714214359 4
      vertex 15.47598571330309 18.976692853229387 4
      vertex 15.816014282405376 19.09150714214359 4
    endloop
  endfacet
  facet normal 0 0 1
    outer loop
      vertex 15.47598571330309 18.976692853229387 4
      vertex 15.62855714559555 18.895328571753844 4
      vertex 15.816014282405376 19.09150714214359 4
    endloop
  endfacet
  facet normal 0.06421713283697231 -0.9979359497734304 0
    outer loop
      vertex 15.132473930716515 21.417462860899313 4
      vertex 14.49231357127428 21.3762685709766 3.8
      vertex 15.132473930716515 21.417462860899313 3.8
    endloop
  endfacet
  facet normal 0.06421713283697231 -0.9979359497734304 0
    outer loop
      vertex 14.49231357127428 21.3762685709766 4
      vertex 14.49231357127428 21.3762685709766 3.8
      vertex 15.132473930716515 21.417462860899313 4
    endloop
  endfacet
  facet normal 0 0 1
    outer loop
      vertex 14.49231357127428 21.3762685709766 4
      vertex 14.787221074104309 21.59563392932926 4
      vertex 14.497559286653996 21.577650001006468 4
    endloop
  endfacet
  facet normal 0 0 1
    outer loop
      vertex 14.49231357127428 21.3762685709766 4
      vertex 15.132473930716515 21.417462860899313 4
      vertex 14.787221074104309 21.59563392932926 4
    endloop
  endfacet
  facet normal 0 0 1
    outer loop
      vertex 14.787221074104309 21.59563392932926 4
      vertex 15.132473930716515 21.417462860899313 4
      vertex 15.059892140328884 21.649585714297636 4
    endloop
  endfacet
  facet normal -0.06196663822871843 0.9980782212565461 0
    outer loop
      vertex 14.497559286653996 21.577650001006468 4
      vertex 14.787221074104309 21.59563392932926 3.8
      vertex 14.497559286653996 21.577650001006468 3.8
    endloop
  endfacet
  facet normal -0.19410092598505976 0.9809815648276692 0
    outer loop
      vertex 14.787221074104309 21.59563392932926 4
      vertex 15.059892140328884 21.649585714297636 3.8
      vertex 14.787221074104309 21.59563392932926 3.8
    endloop
  endfacet
  facet normal -0.06196663822871843 0.9980782212565461 0
    outer loop
      vertex 14.497559286653996 21.577650001006468 4
      vertex 14.787221074104309 21.59563392932926 4
      vertex 14.787221074104309 21.59563392932926 3.8
    endloop
  endfacet
  facet normal -0.19410092598505976 0.9809815648276692 0
    outer loop
      vertex 14.787221074104309 21.59563392932926 4
      vertex 15.059892140328884 21.649585714297636 4
      vertex 15.059892140328884 21.649585714297636 3.8
    endloop
  endfacet
  facet normal 0.20270287910223875 -0.9792402885929802 0
    outer loop
      vertex 15.729492142796516 21.541045715766295 4
      vertex 15.132473930716515 21.417462860899313 3.8
      vertex 15.729492142796516 21.541045715766295 3.8
    endloop
  endfacet
  facet normal 0.20270287910223875 -0.9792402885929802 0
    outer loop
      vertex 15.132473930716515 21.417462860899313 4
      vertex 15.132473930716515 21.417462860899313 3.8
      vertex 15.729492142796516 21.541045715766295 4
    endloop
  endfacet
  facet normal -0.33452642729338344 0.9423863695121681 0
    outer loop
      vertex 15.059892140328884 21.649585714297636 4
      vertex 15.296604998409748 21.733613570886 3.8
      vertex 15.059892140328884 21.649585714297636 3.8
    endloop
  endfacet
  facet normal -0.5115030817545245 0.8592814424597008 0
    outer loop
      vertex 15.296604998409748 21.733613570886 4
      vertex 15.478392146527767 21.841825714068754 3.8
      vertex 15.296604998409748 21.733613570886 3.8
    endloop
  endfacet
  facet normal -0.9833166040726158 0.18190232586500488 0
    outer loop
      vertex 15.478392146527767 21.841825714068754 4
      vertex 15.5751678571105 22.364970003919943 3.8
      vertex 15.478392146527767 21.841825714068754 3.8
    endloop
  endfacet
  facet normal 0 1 0
    outer loop
      vertex 15.5751678571105 22.364970003919943 4
      vertex 15.745190717279911 22.364970003919943 3.8
      vertex 15.5751678571105 22.364970003919943 3.8
    endloop
  endfacet
  facet normal 0.9998185330242505 -0.01904996118724995 0
    outer loop
      vertex 15.745190717279911 22.364970003919943 4
      vertex 15.729492142796516 21.541045715766295 3.8
      vertex 15.745190717279911 22.364970003919943 3.8
    endloop
  endfacet
  facet normal -0.33452642729338344 0.9423863695121681 0
    outer loop
      vertex 15.059892140328884 21.649585714297636 4
      vertex 15.296604998409748 21.733613570886 4
      vertex 15.296604998409748 21.733613570886 3.8
    endloop
  endfacet
  facet normal -0.5115030817545245 0.8592814424597008 0
    outer loop
      vertex 15.296604998409748 21.733613570886 4
      vertex 15.478392146527767 21.841825714068754 4
      vertex 15.478392146527767 21.841825714068754 3.8
    endloop
  endfacet
  facet normal 0 0 1
    outer loop
      vertex 15.132473930716515 21.417462860899313 4
      vertex 15.296604998409748 21.733613570886 4
      vertex 15.059892140328884 21.649585714297636 4
    endloop
  endfacet
  facet normal 0 0 1
    outer loop
      vertex 15.132473930716515 21.417462860899313 4
      vertex 15.729492142796516 21.541045715766295 4
      vertex 15.296604998409748 21.733613570886 4
    endloop
  endfacet
  facet normal 0.9998185330242505 -0.01904996118724995 0
    outer loop
      vertex 15.729492142796516 21.541045715766295 4
      vertex 15.729492142796516 21.541045715766295 3.8
      vertex 15.745190717279911 22.364970003919943 4
    endloop
  endfacet
  facet normal 0 0 1
    outer loop
      vertex 15.296604998409748 21.733613570886 4
      vertex 15.729492142796516 21.541045715766295 4
      vertex 15.478392146527767 21.841825714068754 4
    endloop
  endfacet
  facet normal 0 0 1
    outer loop
      vertex 15.478392146527767 21.841825714068754 4
      vertex 15.729492142796516 21.541045715766295 4
      vertex 15.745190717279911 22.364970003919943 4
    endloop
  endfacet
  facet normal -0.9833166040726158 0.18190232586500488 0
    outer loop
      vertex 15.478392146527767 21.841825714068754 4
      vertex 15.5751678571105 22.364970003919943 4
      vertex 15.5751678571105 22.364970003919943 3.8
    endloop
  endfacet
  facet normal 0 1 0
    outer loop
      vertex 15.5751678571105 22.364970003919943 4
      vertex 15.745190717279911 22.364970003919943 4
      vertex 15.745190717279911 22.364970003919943 3.8
    endloop
  endfacet
  facet normal 0 0 1
    outer loop
      vertex 15.478392146527767 21.841825714068754 4
      vertex 15.745190717279911 22.364970003919943 4
      vertex 15.5751678571105 22.364970003919943 4
    endloop
  endfacet
  facet normal -1 0 0
    outer loop
      vertex 16.557099997997284 19.01449285234724 4
      vertex 16.557099997997284 19.09150714214359 3.8
      vertex 16.557099997997284 19.01449285234724 3.8
    endloop
  endfacet
  facet normal -0.14303312397748744 -0.989717901952491 0
    outer loop
      vertex 16.818657144904137 18.976692853229387 4
      vertex 16.557099997997284 19.01449285234724 3.8
      vertex 16.818657144904137 18.976692853229387 3.8
    endloop
  endfacet
  facet normal 0 1 0
    outer loop
      vertex 16.557099997997284 19.09150714214359 4
      vertex 17.221192859113216 19.09150714214359 3.8
      vertex 16.557099997997284 19.09150714214359 3.8
    endloop
  endfacet
  facet normal 0.14953416490776222 -0.9887565592830917 0
    outer loop
      vertex 17.221192859113216 19.01449285234724 4
      vertex 16.971249997615814 18.976692853229387 3.8
      vertex 17.221192859113216 19.01449285234724 3.8
    endloop
  endfacet
  facet normal 1 0 0
    outer loop
      vertex 17.221192859113216 19.09150714214359 4
      vertex 17.221192859113216 19.01449285234724 3.8
      vertex 17.221192859113216 19.09150714214359 3.8
    endloop
  endfacet
  facet normal -1 0 0
    outer loop
      vertex 16.557099997997284 19.01449285234724 4
      vertex 16.557099997997284 19.09150714214359 4
      vertex 16.557099997997284 19.09150714214359 3.8
    endloop
  endfacet
  facet normal -0.14303312397748744 -0.989717901952491 0
    outer loop
      vertex 16.557099997997284 19.01449285234724 4
      vertex 16.557099997997284 19.01449285234724 3.8
      vertex 16.818657144904137 18.976692853229387 4
    endloop
  endfacet
  facet normal 0 0 1
    outer loop
      vertex 16.557099997997284 19.01449285234724 4
      vertex 16.818657144904137 18.976692853229387 4
      vertex 16.557099997997284 19.09150714214359 4
    endloop
  endfacet
  facet normal 0 0 1
    outer loop
      vertex 16.557099997997284 19.09150714214359 4
      vertex 16.818657144904137 18.976692853229387 4
      vertex 16.971249997615814 18.976692853229387 4
    endloop
  endfacet
  facet normal 0 1 0
    outer loop
      vertex 16.557099997997284 19.09150714214359 4
      vertex 17.221192859113216 19.09150714214359 4
      vertex 17.221192859113216 19.09150714214359 3.8
    endloop
  endfacet
  facet normal 0.14953416490776222 -0.9887565592830917 0
    outer loop
      vertex 16.971249997615814 18.976692853229387 4
      vertex 16.971249997615814 18.976692853229387 3.8
      vertex 17.221192859113216 19.01449285234724 4
    endloop
  endfacet
  facet normal 1 0 0
    outer loop
      vertex 17.221192859113216 19.01449285234724 4
      vertex 17.221192859113216 19.01449285234724 3.8
      vertex 17.221192859113216 19.09150714214359 4
    endloop
  endfacet
  facet normal 0 0 1
    outer loop
      vertex 16.557099997997284 19.09150714214359 4
      vertex 16.971249997615814 18.976692853229387 4
      vertex 17.221192859113216 19.09150714214359 4
    endloop
  endfacet
  facet normal 0 0 1
    outer loop
      vertex 16.971249997615814 18.976692853229387 4
      vertex 17.221192859113216 19.01449285234724 4
      vertex 17.221192859113216 19.09150714214359 4
    endloop
  endfacet
  facet normal -0.1812404642571471 -0.9834388105600946 0
    outer loop
      vertex 16.783842146396637 21.404387144105776 4
      vertex 16.326114997267723 21.488742856042727 4
      vertex 16.326114997267723 21.488742856042727 3.8
    endloop
  endfacet
  facet normal -0.9992399534259138 -0.03898096301244404 0
    outer loop
      vertex 16.297340713441372 22.22634428526674 4
      vertex 16.297340713441372 22.22634428526674 3.8
      vertex 16.326114997267723 21.488742856042727 3.8
    endloop
  endfacet
  facet normal 0 1 0
    outer loop
      vertex 16.297340713441372 22.22634428526674 4
      vertex 16.46994785964489 22.22634428526674 3.8
      vertex 16.297340713441372 22.22634428526674 3.8
    endloop
  endfacet
  facet normal 0.9725214709732991 0.23281320515797724 0
    outer loop
      vertex 16.46994785964489 22.22634428526674 4
      vertex 16.587667860090733 21.73459714438234 3.8
      vertex 16.46994785964489 22.22634428526674 3.8
    endloop
  endfacet
  facet normal -0.9992399534259138 -0.03898096301244404 0
    outer loop
      vertex 16.326114997267723 21.488742856042727 4
      vertex 16.297340713441372 22.22634428526674 4
      vertex 16.326114997267723 21.488742856042727 3.8
    endloop
  endfacet
  facet normal 0 0 1
    outer loop
      vertex 16.326114997267723 21.488742856042727 4
      vertex 16.587667860090733 21.73459714438234 4
      vertex 16.297340713441372 22.22634428526674 4
    endloop
  endfacet
  facet normal 0 1 0
    outer loop
      vertex 16.297340713441372 22.22634428526674 4
      vertex 16.46994785964489 22.22634428526674 4
      vertex 16.46994785964489 22.22634428526674 3.8
    endloop
  endfacet
  facet normal 0 0 1
    outer loop
      vertex 16.587667860090733 21.73459714438234 4
      vertex 16.46994785964489 22.22634428526674 4
      vertex 16.297340713441372 22.22634428526674 4
    endloop
  endfacet
  facet normal -0.1812404642571471 -0.9834388105600946 0
    outer loop
      vertex 16.783842146396637 21.404387144105776 4
      vertex 16.326114997267723 21.488742856042727 3.8
      vertex 16.783842146396637 21.404387144105776 3.8
    endloop
  endfacet
  facet normal -0.05801293666998194 -0.9983158313774878 0
    outer loop
      vertex 17.267720714211464 21.3762685709766 4
      vertex 16.783842146396637 21.404387144105776 3.8
      vertex 17.267720714211464 21.3762685709766 3.8
    endloop
  endfacet
  facet normal 0 0 1
    outer loop
      vertex 16.783842146396637 21.404387144105776 4
      vertex 16.71093250066042 21.680973214762552 4
      vertex 16.326114997267723 21.488742856042727 4
    endloop
  endfacet
  facet normal -0.05801293666998194 -0.9983158313774878 0
    outer loop
      vertex 16.783842146396637 21.404387144105776 4
      vertex 16.783842146396637 21.404387144105776 3.8
      vertex 17.267720714211464 21.3762685709766 4
    endloop
  endfacet
  facet normal 0 0 1
    outer loop
      vertex 16.783842146396637 21.404387144105776 4
      vertex 17.057496786117554 21.603811075644835 4
      vertex 16.876683570444584 21.63519857610975 4
    endloop
  endfacet
  facet normal 0 0 1
    outer loop
      vertex 16.783842146396637 21.404387144105776 4
      vertex 17.267720714211464 21.3762685709766 4
      vertex 17.057496786117554 21.603811075644835 4
    endloop
  endfacet
  facet normal 0 0 1
    outer loop
      vertex 17.267720714211464 21.3762685709766 4
      vertex 17.225870713591576 21.593348575489863 4
      vertex 17.057496786117554 21.603811075644835 4
    endloop
  endfacet
  facet normal 0.39891759855600123 0.9169867772014562 0
    outer loop
      vertex 16.587667860090733 21.73459714438234 4
      vertex 16.71093250066042 21.680973214762552 3.8
      vertex 16.587667860090733 21.73459714438234 3.8
    endloop
  endfacet
  facet normal 0.2662003085152319 0.9639177328726739 0
    outer loop
      vertex 16.71093250066042 21.680973214762552 4
      vertex 16.876683570444584 21.63519857610975 3.8
      vertex 16.71093250066042 21.680973214762552 3.8
    endloop
  endfacet
  facet normal 0.17103293756069068 0.9852653116137606 0
    outer loop
      vertex 16.876683570444584 21.63519857610975 4
      vertex 17.057496786117554 21.603811075644835 3.8
      vertex 16.876683570444584 21.63519857610975 3.8
    endloop
  endfacet
  facet normal 0.06201886338792017 0.9980749774360995 0
    outer loop
      vertex 17.057496786117554 21.603811075644835 4
      vertex 17.225870713591576 21.593348575489863 3.8
      vertex 17.057496786117554 21.603811075644835 3.8
    endloop
  endfacet
  facet normal 0.39891759855600123 0.9169867772014562 0
    outer loop
      vertex 16.587667860090733 21.73459714438234 4
      vertex 16.71093250066042 21.680973214762552 4
      vertex 16.71093250066042 21.680973214762552 3.8
    endloop
  endfacet
  facet normal 0.9725214709732991 0.23281320515797724 0
    outer loop
      vertex 16.587667860090733 21.73459714438234 4
      vertex 16.587667860090733 21.73459714438234 3.8
      vertex 16.46994785964489 22.22634428526674 4
    endloop
  endfacet
  facet normal 0.2662003085152319 0.9639177328726739 0
    outer loop
      vertex 16.71093250066042 21.680973214762552 4
      vertex 16.876683570444584 21.63519857610975 4
      vertex 16.876683570444584 21.63519857610975 3.8
    endloop
  endfacet
  facet normal 0 0 1
    outer loop
      vertex 16.326114997267723 21.488742856042727 4
      vertex 16.71093250066042 21.680973214762552 4
      vertex 16.587667860090733 21.73459714438234 4
    endloop
  endfacet
  facet normal 0 0 1
    outer loop
      vertex 16.783842146396637 21.404387144105776 4
      vertex 16.876683570444584 21.63519857610975 4
      vertex 16.71093250066042 21.680973214762552 4
    endloop
  endfacet
  facet normal 0.17103293756069068 0.9852653116137606 0
    outer loop
      vertex 16.876683570444584 21.63519857610975 4
      vertex 17.057496786117554 21.603811075644835 4
      vertex 17.057496786117554 21.603811075644835 3.8
    endloop
  endfacet
  facet normal 0.06201886338792017 0.9980749774360995 0
    outer loop
      vertex 17.057496786117554 21.603811075644835 4
      vertex 17.225870713591576 21.593348575489863 4
      vertex 17.225870713591576 21.593348575489863 3.8
    endloop
  endfacet
  facet normal 1 0 0
    outer loop
      vertex 11.829496428370476 21.63782143379961 4
      vertex 11.829496428370476 21.63782143379961 3.8
      vertex 11.829496428370476 24.729475719588144 4
    endloop
  endfacet
  facet normal 1 0 0
    outer loop
      vertex 11.829496428370476 24.729475719588144 4
      vertex 11.829496428370476 21.63782143379961 3.8
      vertex 11.829496428370476 24.729475719588144 3.8
    endloop
  endfacet
  facet normal 0 0 1
    outer loop
      vertex 11.829496428370476 21.63782143379961 4
      vertex 11.829496428370476 24.729475719588144 4
      vertex 11.327296428382397 24.729475719588144 4
    endloop
  endfacet
  facet normal -0.9874404729840567 -0.15799149443252433 0
    outer loop
      vertex 12.806529998779297 22.39797749902521 4
      vertex 12.68751785904169 23.141798576073988 3.8
      vertex 12.806529998779297 22.39797749902521 3.8
    endloop
  endfacet
  facet normal -0.9897944773306797 0.14250225487930568 0
    outer loop
      vertex 12.68751785904169 23.141798576073988 4
      vertex 12.801949642598629 23.936620717602118 3.8
      vertex 12.68751785904169 23.141798576073988 3.8
    endloop
  endfacet
  facet normal -0.9874404729840567 -0.15799149443252433 0
    outer loop
      vertex 12.806529998779297 22.39797749902521 4
      vertex 12.68751785904169 23.141798576073988 4
      vertex 12.68751785904169 23.141798576073988 3.8
    endloop
  endfacet
  facet normal 0 0 1
    outer loop
      vertex 12.806529998779297 22.39797749902521 4
      vertex 13.234190717339516 23.147044291453703 4
      vertex 12.68751785904169 23.141798576073988 4
    endloop
  endfacet
  facet normal 0 0 1
    outer loop
      vertex 12.68751785904169 23.141798576073988 4
      vertex 13.234190717339516 23.147044291453703 4
      vertex 12.801949642598629 23.936620717602118 4
    endloop
  endfacet
  facet normal -0.8584031606459586 0.5129756463936945 0
    outer loop
      vertex 12.801949642598629 23.936620717602118 4
      vertex 13.145245000720024 24.511084286229952 3.8
      vertex 12.801949642598629 23.936620717602118 3.8
    endloop
  endfacet
  facet normal -0.9897944773306797 0.14250225487930568 0
    outer loop
      vertex 12.68751785904169 23.141798576073988 4
      vertex 12.801949642598629 23.936620717602118 4
      vertex 12.801949642598629 23.936620717602118 3.8
    endloop
  endfacet
  facet normal 0.14953416829717223 -0.988756558770496 0
    outer loop
      vertex 12.279393568634987 24.797515718000277 4
      vertex 11.829496428370476 24.729475719588144 3.8
      vertex 12.279393568634987 24.797515718000277 3.8
    endloop
  endfacet
  facet normal 0 1 0
    outer loop
      vertex 10.877399288117886 24.936141429202898 4
      vertex 12.279393568634987 24.936141429202898 4
      vertex 12.279393568634987 24.936141429202898 3.8
    endloop
  endfacet
  facet normal 0 0 1
    outer loop
      vertex 10.877399288117886 24.936141429202898 4
      vertex 11.829496428370476 24.729475719588144 4
      vertex 12.279393568634987 24.936141429202898 4
    endloop
  endfacet
  facet normal 0.14953416829717223 -0.988756558770496 0
    outer loop
      vertex 11.829496428370476 24.729475719588144 4
      vertex 11.829496428370476 24.729475719588144 3.8
      vertex 12.279393568634987 24.797515718000277 4
    endloop
  endfacet
  facet normal 0 0 1
    outer loop
      vertex 11.829496428370476 24.729475719588144 4
      vertex 12.279393568634987 24.797515718000277 4
      vertex 12.279393568634987 24.936141429202898 4
    endloop
  endfacet
  facet normal 1 0 0
    outer loop
      vertex 12.279393568634987 24.936141429202898 4
      vertex 12.279393568634987 24.797515718000277 3.8
      vertex 12.279393568634987 24.936141429202898 3.8
    endloop
  endfacet
  facet normal 1 0 0
    outer loop
      vertex 12.279393568634987 24.797515718000277 4
      vertex 12.279393568634987 24.797515718000277 3.8
      vertex 12.279393568634987 24.936141429202898 4
    endloop
  endfacet
  facet normal 0.9928880012834109 0.11905216044840754 0
    outer loop
      vertex 13.234190717339516 23.147044291453703 4
      vertex 13.31494963914156 22.473519643502577 3.8
      vertex 13.234190717339516 23.147044291453703 3.8
    endloop
  endfacet
  facet normal 0.9928880012834109 0.11905216044840754 0
    outer loop
      vertex 13.31494963914156 22.473519643502577 4
      vertex 13.31494963914156 22.473519643502577 3.8
      vertex 13.234190717339516 23.147044291453703 4
    endloop
  endfacet
  facet normal 0 0 1
    outer loop
      vertex 12.806529998779297 22.39797749902521 4
      vertex 13.31494963914156 22.473519643502577 4
      vertex 13.234190717339516 23.147044291453703 4
    endloop
  endfacet
  facet normal 0.994315595765883 -0.10647298256711366 0
    outer loop
      vertex 13.234190717339516 23.147044291453703 4
      vertex 13.234190717339516 23.147044291453703 3.8
      vertex 13.311352856457233 23.867635717349394 4
    endloop
  endfacet
  facet normal 0.994315595765883 -0.10647298256711366 0
    outer loop
      vertex 13.311352856457233 23.867635717349394 4
      vertex 13.234190717339516 23.147044291453703 3.8
      vertex 13.311352856457233 23.867635717349394 3.8
    endloop
  endfacet
  facet normal 0.9085786899878447 -0.4177137346317116 0
    outer loop
      vertex 13.542839288711548 24.371147146182402 4
      vertex 13.311352856457233 23.867635717349394 3.8
      vertex 13.542839288711548 24.371147146182402 3.8
    endloop
  endfacet
  facet normal 0 0 1
    outer loop
      vertex 12.801949642598629 23.936620717602118 4
      vertex 13.234190717339516 23.147044291453703 4
      vertex 13.311352856457233 23.867635717349394 4
    endloop
  endfacet
  facet normal -0.8584031606459586 0.5129756463936945 0
    outer loop
      vertex 12.801949642598629 23.936620717602118 4
      vertex 13.145245000720024 24.511084286229952 4
      vertex 13.145245000720024 24.511084286229952 3.8
    endloop
  endfacet
  facet normal 0 0 1
    outer loop
      vertex 12.801949642598629 23.936620717602118 4
      vertex 13.311352856457233 23.867635717349394 4
      vertex 13.145245000720024 24.511084286229952 4
    endloop
  endfacet
  facet normal 0.9085786899878447 -0.4177137346317116 0
    outer loop
      vertex 13.311352856457233 23.867635717349394 4
      vertex 13.311352856457233 23.867635717349394 3.8
      vertex 13.542839288711548 24.371147146182402 4
    endloop
  endfacet
  facet normal 0 0 1
    outer loop
      vertex 13.311352856457233 23.867635717349394 4
      vertex 13.542839288711548 24.371147146182402 4
      vertex 13.145245000720024 24.511084286229952 4
    endloop
  endfacet
  facet normal -0.5224779207117056 0.8526528146724037 0
    outer loop
      vertex 13.145245000720024 24.511084286229952 4
      vertex 13.71350821107626 24.859297504382475 3.8
      vertex 13.145245000720024 24.511084286229952 3.8
    endloop
  endfacet
  facet normal -0.5224779207117056 0.8526528146724037 0
    outer loop
      vertex 13.145245000720024 24.511084286229952 4
      vertex 13.71350821107626 24.859297504382475 4
      vertex 13.71350821107626 24.859297504382475 3.8
    endloop
  endfacet
  facet normal 0 0 1
    outer loop
      vertex 13.145245000720024 24.511084286229952 4
      vertex 13.542839288711548 24.371147146182402 4
      vertex 13.71350821107626 24.859297504382475 4
    endloop
  endfacet
  facet normal 0.5955798724350446 -0.803296094569279 0
    outer loop
      vertex 13.942381426692009 24.66737571890865 4
      vertex 13.542839288711548 24.371147146182402 3.8
      vertex 13.942381426692009 24.66737571890865 3.8
    endloop
  endfacet
  facet normal -0.1454985089717765 0.9893584708724082 0
    outer loop
      vertex 13.71350821107626 24.859297504382475 4
      vertex 14.50276643037796 24.97536857213293 3.8
      vertex 13.71350821107626 24.859297504382475 3.8
    endloop
  endfacet
  facet normal 0.167458486379918 -0.9858791281588969 0
    outer loop
      vertex 14.52371071279049 24.766118576484068 4
      vertex 13.942381426692009 24.66737571890865 3.8
      vertex 14.52371071279049 24.766118576484068 3.8
    endloop
  endfacet
  facet normal 0.5955798724350446 -0.803296094569279 0
    outer loop
      vertex 13.542839288711548 24.371147146182402 4
      vertex 13.542839288711548 24.371147146182402 3.8
      vertex 13.942381426692009 24.66737571890865 4
    endloop
  endfacet
  facet normal 0 0 1
    outer loop
      vertex 13.542839288711548 24.371147146182402 4
      vertex 13.942381426692009 24.66737571890865 4
      vertex 13.71350821107626 24.859297504382475 4
    endloop
  endfacet
  facet normal 0.167458486379918 -0.9858791281588969 0
    outer loop
      vertex 13.942381426692009 24.66737571890865 4
      vertex 13.942381426692009 24.66737571890865 3.8
      vertex 14.52371071279049 24.766118576484068 4
    endloop
  endfacet
  facet normal 0 0 1
    outer loop
      vertex 13.71350821107626 24.859297504382475 4
      vertex 13.942381426692009 24.66737571890865 4
      vertex 14.50276643037796 24.97536857213293 4
    endloop
  endfacet
  facet normal 0 0 1
    outer loop
      vertex 13.942381426692009 24.66737571890865 4
      vertex 14.52371071279049 24.766118576484068 4
      vertex 14.50276643037796 24.97536857213293 4
    endloop
  endfacet
  facet normal -0.1454985089717765 0.9893584708724082 0
    outer loop
      vertex 13.71350821107626 24.859297504382475 4
      vertex 14.50276643037796 24.97536857213293 4
      vertex 14.50276643037796 24.97536857213293 3.8
    endloop
  endfacet
  facet normal -0.985466865851251 -0.16986776124183336 0
    outer loop
      vertex 15.520242139697075 24.075574284153326 4
      vertex 15.441787853837013 24.530717147248133 3.8
      vertex 15.520242139697075 24.075574284153326 3.8
    endloop
  endfacet
  facet normal 0 -1 0
    outer loop
      vertex 15.692887857556343 24.075574284153326 4
      vertex 15.520242139697075 24.075574284153326 3.8
      vertex 15.692887857556343 24.075574284153326 3.8
    endloop
  endfacet
  facet normal 0 -1 0
    outer loop
      vertex 15.520242139697075 24.075574284153326 4
      vertex 15.520242139697075 24.075574284153326 3.8
      vertex 15.692887857556343 24.075574284153326 4
    endloop
  endfacet
  facet normal 0.9997902652858062 0.02047987889948129 0
    outer loop
      vertex 15.692887857556343 24.075574284153326 4
      vertex 15.692887857556343 24.075574284153326 3.8
      vertex 15.677189283072948 24.841950004654272 4
    endloop
  endfacet
  facet normal 0 0 1
    outer loop
      vertex 15.520242139697075 24.075574284153326 4
      vertex 15.692887857556343 24.075574284153326 4
      vertex 15.441787853837013 24.530717147248133 4
    endloop
  endfacet
  facet normal -0.061660622724772005 -0.9980971734281152 0
    outer loop
      vertex 14.772515714168549 24.75074785734926 4
      vertex 14.52371071279049 24.766118576484068 3.8
      vertex 14.772515714168549 24.75074785734926 3.8
    endloop
  endfacet
  facet normal 0.05873097517598553 0.998273846474442 0
    outer loop
      vertex 14.50276643037796 24.97536857213293 4
      vertex 15.069708570837975 24.94201393212591 3.8
      vertex 14.50276643037796 24.97536857213293 3.8
    endloop
  endfacet
  facet normal -0.1855393421704903 -0.982636836530639 0
    outer loop
      vertex 15.016730710864067 24.704635714846 4
      vertex 14.772515714168549 24.75074785734926 3.8
      vertex 15.016730710864067 24.704635714846 3.8
    endloop
  endfacet
  facet normal -0.061660622724772005 -0.9980971734281152 0
    outer loop
      vertex 14.52371071279049 24.766118576484068 4
      vertex 14.52371071279049 24.766118576484068 3.8
      vertex 14.772515714168549 24.75074785734926 4
    endloop
  endfacet
  facet normal 0 0 1
    outer loop
      vertex 14.52371071279049 24.766118576484068 4
      vertex 14.772515714168549 24.75074785734926 4
      vertex 14.50276643037796 24.97536857213293 4
    endloop
  endfacet
  facet normal -0.1855393421704903 -0.982636836530639 0
    outer loop
      vertex 14.772515714168549 24.75074785734926 4
      vertex 14.772515714168549 24.75074785734926 3.8
      vertex 15.016730710864067 24.704635714846 4
    endloop
  endfacet
  facet normal -0.3104010339193637 -0.9506057006676271 0
    outer loop
      vertex 15.016730710864067 24.704635714846 4
      vertex 15.016730710864067 24.704635714846 3.8
      vertex 15.243974283337593 24.630433929818018 4
    endloop
  endfacet
  facet normal 0 0 1
    outer loop
      vertex 14.772515714168549 24.75074785734926 4
      vertex 15.016730710864067 24.704635714846 4
      vertex 15.069708570837975 24.94201393212591 4
    endloop
  endfacet
  facet normal 0.05873097517598553 0.998273846474442 0
    outer loop
      vertex 14.50276643037796 24.97536857213293 4
      vertex 15.069708570837975 24.94201393212591 4
      vertex 15.069708570837975 24.94201393212591 3.8
    endloop
  endfacet
  facet normal 0 0 1
    outer loop
      vertex 14.50276643037796 24.97536857213293 4
      vertex 14.772515714168549 24.75074785734926 4
      vertex 15.069708570837975 24.94201393212591 4
    endloop
  endfacet
  facet normal -0.3104010339193637 -0.9506057006676271 0
    outer loop
      vertex 15.243974283337593 24.630433929818018 4
      vertex 15.016730710864067 24.704635714846 3.8
      vertex 15.243974283337593 24.630433929818018 3.8
    endloop
  endfacet
  facet normal -0.4501363624013449 -0.8929598284604325 0
    outer loop
      vertex 15.441787853837013 24.530717147248133 4
      vertex 15.243974283337593 24.630433929818018 3.8
      vertex 15.441787853837013 24.530717147248133 3.8
    endloop
  endfacet
  facet normal 0.16252935501427968 0.9867037086981291 0
    outer loop
      vertex 15.069708570837975 24.94201393212591 4
      vertex 15.677189283072948 24.841950004654272 3.8
      vertex 15.069708570837975 24.94201393212591 3.8
    endloop
  endfacet
  facet normal 0.9997902652858062 0.02047987889948129 0
    outer loop
      vertex 15.677189283072948 24.841950004654272 4
      vertex 15.692887857556343 24.075574284153326 3.8
      vertex 15.677189283072948 24.841950004654272 3.8
    endloop
  endfacet
  facet normal -0.4501363624013449 -0.8929598284604325 0
    outer loop
      vertex 15.243974283337593 24.630433929818018 4
      vertex 15.243974283337593 24.630433929818018 3.8
      vertex 15.441787853837013 24.530717147248133 4
    endloop
  endfacet
  facet normal 0 0 1
    outer loop
      vertex 15.016730710864067 24.704635714846 4
      vertex 15.243974283337593 24.630433929818018 4
      vertex 15.069708570837975 24.94201393212591 4
    endloop
  endfacet
  facet normal 0 0 1
    outer loop
      vertex 15.069708570837975 24.94201393212591 4
      vertex 15.243974283337593 24.630433929818018 4
      vertex 15.677189283072948 24.841950004654272 4
    endloop
  endfacet
  facet normal -0.985466865851251 -0.16986776124183336 0
    outer loop
      vertex 15.520242139697075 24.075574284153326 4
      vertex 15.441787853837013 24.530717147248133 4
      vertex 15.441787853837013 24.530717147248133 3.8
    endloop
  endfacet
  facet normal 0 0 1
    outer loop
      vertex 15.692887857556343 24.075574284153326 4
      vertex 15.677189283072948 24.841950004654272 4
      vertex 15.441787853837013 24.530717147248133 4
    endloop
  endfacet
  facet normal 0 0 1
    outer loop
      vertex 15.243974283337593 24.630433929818018 4
      vertex 15.441787853837013 24.530717147248133 4
      vertex 15.677189283072948 24.841950004654272 4
    endloop
  endfacet
  facet normal 0.16252935501427968 0.9867037086981291 0
    outer loop
      vertex 15.069708570837975 24.94201393212591 4
      vertex 15.677189283072948 24.841950004654272 4
      vertex 15.677189283072948 24.841950004654272 3.8
    endloop
  endfacet
  facet normal 0 -1 0
    outer loop
      vertex 16.577215000987053 24.188048576670035 4
      vertex 16.404569283127785 24.188048576670035 3.8
      vertex 16.577215000987053 24.188048576670035 3.8
    endloop
  endfacet
  facet normal 0 -1 0
    outer loop
      vertex 16.404569283127785 24.188048576670035 4
      vertex 16.404569283127785 24.188048576670035 3.8
      vertex 16.577215000987053 24.188048576670035 4
    endloop
  endfacet
  facet normal -1 0 0
    outer loop
      vertex 16.914599284529686 23.152251427727087 4
      vertex 16.914599284529686 23.366747146206244 3.8
      vertex 16.914599284529686 23.152251427727087 3.8
    endloop
  endfacet
  facet normal -0.06277550083196569 0.9980276732111669 0
    outer loop
      vertex 16.914599284529686 23.366747146206244 4
      vertex 17.288664996623993 23.39027571465288 3.8
      vertex 16.914599284529686 23.366747146206244 3.8
    endloop
  endfacet
  facet normal -0.05580072546532374 -0.9984419257210424 0
    outer loop
      vertex 17.288664996623993 23.13134571697031 4
      vertex 16.914599284529686 23.152251427727087 3.8
      vertex 17.288664996623993 23.13134571697031 3.8
    endloop
  endfacet
  facet normal -0.05580072546532374 -0.9984419257210424 0
    outer loop
      vertex 16.914599284529686 23.152251427727087 4
      vertex 16.914599284529686 23.152251427727087 3.8
      vertex 17.288664996623993 23.13134571697031 4
    endloop
  endfacet
  facet normal -1 0 0
    outer loop
      vertex 16.914599284529686 23.152251427727087 4
      vertex 16.914599284529686 23.366747146206244 4
      vertex 16.914599284529686 23.366747146206244 3.8
    endloop
  endfacet
  facet normal -0.06277550083196569 0.9980276732111669 0
    outer loop
      vertex 16.914599284529686 23.366747146206244 4
      vertex 17.288664996623993 23.39027571465288 4
      vertex 17.288664996623993 23.39027571465288 3.8
    endloop
  endfacet
  facet normal 0 0 1
    outer loop
      vertex 16.914599284529686 23.152251427727087 4
      vertex 17.288664996623993 23.13134571697031 4
      vertex 16.914599284529686 23.366747146206244 4
    endloop
  endfacet
  facet normal 0 0 1
    outer loop
      vertex 16.914599284529686 23.366747146206244 4
      vertex 17.288664996623993 23.13134571697031 4
      vertex 17.288664996623993 23.39027571465288 4
    endloop
  endfacet
  facet normal 0.9779835026945204 -0.2086822188337015 0
    outer loop
      vertex 16.577215000987053 24.188048576670035 4
      vertex 16.577215000987053 24.188048576670035 3.8
      vertex 16.66874500364065 24.617001427071436 4
    endloop
  endfacet
  facet normal 0 0 1
    outer loop
      vertex 16.404569283127785 24.188048576670035 4
      vertex 16.577215000987053 24.188048576670035 4
      vertex 16.66874500364065 24.617001427071436 4
    endloop
  endfacet
  facet normal -1 0 0
    outer loop
      vertex 16.404569283127785 24.188048576670035 4
      vertex 16.404569283127785 24.8628942870668 3.8
      vertex 16.404569283127785 24.188048576670035 3.8
    endloop
  endfacet
  facet normal -0.22821726769150366 0.9736102293666726 0
    outer loop
      vertex 16.404569283127785 24.8628942870668 4
      vertex 16.64584321528673 24.91944964762245 3.8
      vertex 16.404569283127785 24.8628942870668 3.8
    endloop
  endfacet
  facet normal -1 0 0
    outer loop
      vertex 16.404569283127785 24.188048576670035 4
      vertex 16.404569283127785 24.8628942870668 4
      vertex 16.404569283127785 24.8628942870668 3.8
    endloop
  endfacet
  facet normal 0 0 1
    outer loop
      vertex 16.404569283127785 24.188048576670035 4
      vertex 16.66874500364065 24.617001427071436 4
      vertex 16.404569283127785 24.8628942870668 4
    endloop
  endfacet
  facet normal 0.9779835026945204 -0.2086822188337015 0
    outer loop
      vertex 16.66874500364065 24.617001427071436 4
      vertex 16.577215000987053 24.188048576670035 3.8
      vertex 16.66874500364065 24.617001427071436 3.8
    endloop
  endfacet
  facet normal 0.41439891952980956 -0.9100953441769309 0
    outer loop
      vertex 16.79299321770668 24.67357607718025 4
      vertex 16.66874500364065 24.617001427071436 3.8
      vertex 16.79299321770668 24.67357607718025 3.8
    endloop
  endfacet
  facet normal 0.2957609333816761 -0.9552619903906988 0
    outer loop
      vertex 16.935543574392796 24.717711431639536 4
      vertex 16.79299321770668 24.67357607718025 3.8
      vertex 16.935543574392796 24.717711431639536 3.8
    endloop
  endfacet
  facet normal -0.16130364853011744 0.9869048246770671 0
    outer loop
      vertex 16.64584321528673 24.91944964762245 4
      vertex 16.85180500149727 24.95311286087547 3.8
      vertex 16.64584321528673 24.91944964762245 3.8
    endloop
  endfacet
  facet normal 0.18834329989765955 -0.9821032539319173 0
    outer loop
      vertex 17.083976075053215 24.746177142219885 4
      vertex 16.935543574392796 24.717711431639536 3.8
      vertex 17.083976075053215 24.746177142219885 3.8
    endloop
  endfacet
  facet normal 0.06672155650904725 -0.9977716341413049 0
    outer loop
      vertex 17.225870713591576 24.75566571738039 4
      vertex 17.083976075053215 24.746177142219885 3.8
      vertex 17.225870713591576 24.75566571738039 3.8
    endloop
  endfacet
  facet normal -0.08858377454050893 0.9960687300021802 0
    outer loop
      vertex 16.85180500149727 24.95311286087547 4
      vertex 17.039493568241596 24.96980464245592 3.8
      vertex 16.85180500149727 24.95311286087547 3.8
    endloop
  endfacet
  facet normal -0.0298397747191798 0.9995546947739821 0
    outer loop
      vertex 17.039493568241596 24.96980464245592 4
      vertex 17.225870713591576 24.97536857213293 3.8
      vertex 17.039493568241596 24.96980464245592 3.8
    endloop
  endfacet
  facet normal 0.41439891952980956 -0.9100953441769309 0
    outer loop
      vertex 16.66874500364065 24.617001427071436 4
      vertex 16.66874500364065 24.617001427071436 3.8
      vertex 16.79299321770668 24.67357607718025 4
    endloop
  endfacet
  facet normal 0.2957609333816761 -0.9552619903906988 0
    outer loop
      vertex 16.79299321770668 24.67357607718025 4
      vertex 16.79299321770668 24.67357607718025 3.8
      vertex 16.935543574392796 24.717711431639536 4
    endloop
  endfacet
  facet normal 0 0 1
    outer loop
      vertex 16.404569283127785 24.8628942870668 4
      vertex 16.66874500364065 24.617001427071436 4
      vertex 16.64584321528673 24.91944964762245 4
    endloop
  endfacet
  facet normal 0 0 1
    outer loop
      vertex 16.66874500364065 24.617001427071436 4
      vertex 16.79299321770668 24.67357607718025 4
      vertex 16.64584321528673 24.91944964762245 4
    endloop
  endfacet
  facet normal 0 0 1
    outer loop
      vertex 16.79299321770668 24.67357607718025 4
      vertex 16.935543574392796 24.717711431639536 4
      vertex 16.85180500149727 24.95311286087547 4
    endloop
  endfacet
  facet normal -0.22821726769150366 0.9736102293666726 0
    outer loop
      vertex 16.404569283127785 24.8628942870668 4
      vertex 16.64584321528673 24.91944964762245 4
      vertex 16.64584321528673 24.91944964762245 3.8
    endloop
  endfacet
  facet normal -0.16130364853011744 0.9869048246770671 0
    outer loop
      vertex 16.64584321528673 24.91944964762245 4
      vertex 16.85180500149727 24.95311286087547 4
      vertex 16.85180500149727 24.95311286087547 3.8
    endloop
  endfacet
  facet normal 0 0 1
    outer loop
      vertex 16.64584321528673 24.91944964762245 4
      vertex 16.79299321770668 24.67357607718025 4
      vertex 16.85180500149727 24.95311286087547 4
    endloop
  endfacet
  facet normal 0.18834329989765955 -0.9821032539319173 0
    outer loop
      vertex 16.935543574392796 24.717711431639536 4
      vertex 16.935543574392796 24.717711431639536 3.8
      vertex 17.083976075053215 24.746177142219885 4
    endloop
  endfacet
  facet normal 0.06672155650904725 -0.9977716341413049 0
    outer loop
      vertex 17.083976075053215 24.746177142219885 4
      vertex 17.083976075053215 24.746177142219885 3.8
      vertex 17.225870713591576 24.75566571738039 4
    endloop
  endfacet
  facet normal 0 0 1
    outer loop
      vertex 16.935543574392796 24.717711431639536 4
      vertex 17.083976075053215 24.746177142219885 4
      vertex 17.039493568241596 24.96980464245592 4
    endloop
  endfacet
  facet normal 0 0 1
    outer loop
      vertex 17.083976075053215 24.746177142219885 4
      vertex 17.225870713591576 24.75566571738039 4
      vertex 17.225870713591576 24.97536857213293 4
    endloop
  endfacet
  facet normal -0.08858377454050893 0.9960687300021802 0
    outer loop
      vertex 16.85180500149727 24.95311286087547 4
      vertex 17.039493568241596 24.96980464245592 4
      vertex 17.039493568241596 24.96980464245592 3.8
    endloop
  endfacet
  facet normal -0.0298397747191798 0.9995546947739821 0
    outer loop
      vertex 17.039493568241596 24.96980464245592 4
      vertex 17.225870713591576 24.97536857213293 4
      vertex 17.225870713591576 24.97536857213293 3.8
    endloop
  endfacet
  facet normal 0 0 1
    outer loop
      vertex 16.85180500149727 24.95311286087547 4
      vertex 16.935543574392796 24.717711431639536 4
      vertex 17.039493568241596 24.96980464245592 4
    endloop
  endfacet
  facet normal 0 0 1
    outer loop
      vertex 17.039493568241596 24.96980464245592 4
      vertex 17.083976075053215 24.746177142219885 4
      vertex 17.225870713591576 24.97536857213293 4
    endloop
  endfacet
  facet normal 0.12570313389970447 -0.9920679019743524 0
    outer loop
      vertex 17.79412428289652 21.442968217389925 4
      vertex 17.267720714211464 21.3762685709766 3.8
      vertex 17.79412428289652 21.442968217389925 3.8
    endloop
  endfacet
  facet normal 0.12570313389970447 -0.9920679019743524 0
    outer loop
      vertex 17.267720714211464 21.3762685709766 4
      vertex 17.267720714211464 21.3762685709766 3.8
      vertex 17.79412428289652 21.442968217389925 4
    endloop
  endfacet
  facet normal 0 0 1
    outer loop
      vertex 17.267720714211464 21.3762685709766 4
      vertex 17.582916788756847 21.6404250019363 4
      vertex 17.225870713591576 21.593348575489863 4
    endloop
  endfacet
  facet normal 0 0 1
    outer loop
      vertex 17.267720714211464 21.3762685709766 4
      vertex 17.79412428289652 21.442968217389925 4
      vertex 17.582916788756847 21.6404250019363 4
    endloop
  endfacet
  facet normal 0.45494918751422714 -0.8905173983590352 0
    outer loop
      vertex 17.79412428289652 21.442968217389925 4
      vertex 17.79412428289652 21.442968217389925 3.8
      vertex 18.185797855257988 21.643067141728743 4
    endloop
  endfacet
  facet normal -0.13071839250165712 0.9914195387734612 0
    outer loop
      vertex 17.225870713591576 21.593348575489863 4
      vertex 17.582916788756847 21.6404250019363 3.8
      vertex 17.225870713591576 21.593348575489863 3.8
    endloop
  endfacet
  facet normal -0.4921602423608836 0.8705046213773228 0
    outer loop
      vertex 17.582916788756847 21.6404250019363 4
      vertex 17.83271499723196 21.781654288726195 3.8
      vertex 17.582916788756847 21.6404250019363 3.8
    endloop
  endfacet
  facet normal -0.862813576741027 0.5055222366932598 0
    outer loop
      vertex 17.83271499723196 21.781654288726195 4
      vertex 17.979845717549324 22.03277357454811 3.8
      vertex 17.83271499723196 21.781654288726195 3.8
    endloop
  endfacet
  facet normal -0.13071839250165712 0.9914195387734612 0
    outer loop
      vertex 17.225870713591576 21.593348575489863 4
      vertex 17.582916788756847 21.6404250019363 4
      vertex 17.582916788756847 21.6404250019363 3.8
    endloop
  endfacet
  facet normal -0.4921602423608836 0.8705046213773228 0
    outer loop
      vertex 17.582916788756847 21.6404250019363 4
      vertex 17.83271499723196 21.781654288726195 4
      vertex 17.83271499723196 21.781654288726195 3.8
    endloop
  endfacet
  facet normal -0.862813576741027 0.5055222366932598 0
    outer loop
      vertex 17.83271499723196 21.781654288726195 4
      vertex 17.979845717549324 22.03277357454811 4
      vertex 17.979845717549324 22.03277357454811 3.8
    endloop
  endfacet
  facet normal 0 0 1
    outer loop
      vertex 17.582916788756847 21.6404250019363 4
      vertex 17.79412428289652 21.442968217389925 4
      vertex 17.83271499723196 21.781654288726195 4
    endloop
  endfacet
  facet normal 0 0 1
    outer loop
      vertex 17.79412428289652 21.442968217389925 4
      vertex 18.185797855257988 21.643067141728743 4
      vertex 17.83271499723196 21.781654288726195 4
    endloop
  endfacet
  facet normal 0.45494918751422714 -0.8905173983590352 0
    outer loop
      vertex 18.185797855257988 21.643067141728743 4
      vertex 17.79412428289652 21.442968217389925 3.8
      vertex 18.185797855257988 21.643067141728743 3.8
    endloop
  endfacet
  facet normal -0.9916298314530948 0.12911342831908199 0
    outer loop
      vertex 17.979845717549324 22.03277357454811 4
      vertex 18.028889283537865 22.40944286222969 3.8
      vertex 17.979845717549324 22.03277357454811 3.8
    endloop
  endfacet
  facet normal 0.7946760036350791 -0.6070338122762023 0
    outer loop
      vertex 18.429058216512203 21.961522502558573 4
      vertex 18.185797855257988 21.643067141728743 3.8
      vertex 18.429058216512203 21.961522502558573 3.8
    endloop
  endfacet
  facet normal 0.9820162145252507 -0.1887965953334348 0
    outer loop
      vertex 18.510145001113415 22.383291428642615 4
      vertex 18.429058216512203 21.961522502558573 3.8
      vertex 18.510145001113415 22.383291428642615 3.8
    endloop
  endfacet
  facet normal 0.7946760036350791 -0.6070338122762023 0
    outer loop
      vertex 18.185797855257988 21.643067141728743 4
      vertex 18.185797855257988 21.643067141728743 3.8
      vertex 18.429058216512203 21.961522502558573 4
    endloop
  endfacet
  facet normal 0 0 1
    outer loop
      vertex 17.83271499723196 21.781654288726195 4
      vertex 18.185797855257988 21.643067141728743 4
      vertex 17.979845717549324 22.03277357454811 4
    endloop
  endfacet
  facet normal 0 0 1
    outer loop
      vertex 17.979845717549324 22.03277357454811 4
      vertex 18.185797855257988 21.643067141728743 4
      vertex 18.429058216512203 21.961522502558573 4
    endloop
  endfacet
  facet normal -0.9916298314530948 0.12911342831908199 0
    outer loop
      vertex 17.979845717549324 22.03277357454811 4
      vertex 18.028889283537865 22.40944286222969 4
      vertex 18.028889283537865 22.40944286222969 3.8
    endloop
  endfacet
  facet normal 0 0 1
    outer loop
      vertex 17.979845717549324 22.03277357454811 4
      vertex 18.429058216512203 21.961522502558573 4
      vertex 18.028889283537865 22.40944286222969 4
    endloop
  endfacet
  facet normal 0 0 1
    outer loop
      vertex 18.429058216512203 21.961522502558573 4
      vertex 18.510145001113415 22.383291428642615 4
      vertex 18.028889283537865 22.40944286222969 4
    endloop
  endfacet
  facet normal 0.9820162145252507 -0.1887965953334348 0
    outer loop
      vertex 18.429058216512203 21.961522502558573 4
      vertex 18.429058216512203 21.961522502558573 3.8
      vertex 18.510145001113415 22.383291428642615 4
    endloop
  endfacet
  facet normal 0.9871125064495919 0.1600278088670974 0
    outer loop
      vertex 18.510145001113415 22.383291428642615 4
      vertex 18.510145001113415 22.383291428642615 3.8
      vertex 18.45390785485506 22.730183576898916 4
    endloop
  endfacet
  facet normal -1 0 0
    outer loop
      vertex 18.954989284276962 21.428571430700167 4
      vertex 18.954989284276962 21.813051430242403 3.8
      vertex 18.954989284276962 21.428571430700167 3.8
    endloop
  endfacet
  facet normal -0.6725004605399505 0.7400967035283662 0
    outer loop
      vertex 18.954989284276962 21.813051430242403 4
      vertex 19.441490717232227 22.255118576543673 3.8
      vertex 18.954989284276962 21.813051430242403 3.8
    endloop
  endfacet
  facet normal -1 0 0
    outer loop
      vertex 18.954989284276962 21.428571430700167 4
      vertex 18.954989284276962 21.813051430242403 4
      vertex 18.954989284276962 21.813051430242403 3.8
    endloop
  endfacet
  facet normal 0.6678227624098885 -0.7443203329261036 0
    outer loop
      vertex 19.29765785485506 21.831372862415655 4
      vertex 19.29765785485506 21.831372862415655 3.8
      vertex 19.552017144858837 22.05959035988365 4
    endloop
  endfacet
  facet normal 0 0 1
    outer loop
      vertex 18.954989284276962 21.428571430700167 4
      vertex 19.29765785485506 21.831372862415655 4
      vertex 18.954989284276962 21.813051430242403 4
    endloop
  endfacet
  facet normal 0 0 1
    outer loop
      vertex 18.954989284276962 21.813051430242403 4
      vertex 19.29765785485506 21.831372862415655 4
      vertex 19.441490717232227 22.255118576543673 4
    endloop
  endfacet
  facet normal -0.6725004605399505 0.7400967035283662 0
    outer loop
      vertex 18.954989284276962 21.813051430242403 4
      vertex 19.441490717232227 22.255118576543673 4
      vertex 19.441490717232227 22.255118576543673 3.8
    endloop
  endfacet
  facet normal 0 -1 0
    outer loop
      vertex 18.954989284276962 21.428571430700167 4
      vertex 18.954989284276962 21.428571430700167 3.8
      vertex 21.10241500288248 21.428571430700167 4
    endloop
  endfacet
  facet normal 0.6678227624098885 -0.7443203329261036 0
    outer loop
      vertex 19.552017144858837 22.05959035988365 4
      vertex 19.29765785485506 21.831372862415655 3.8
      vertex 19.552017144858837 22.05959035988365 3.8
    endloop
  endfacet
  facet normal -0.6748902638119365 0.7379181064399049 0
    outer loop
      vertex 19.441490717232227 22.255118576543673 4
      vertex 19.84758035838604 22.626522859292372 3.8
      vertex 19.441490717232227 22.255118576543673 3.8
    endloop
  endfacet
  facet normal 0.6560578170743623 -0.7547106337236958 0
    outer loop
      vertex 19.791989289224148 22.26819428588663 4
      vertex 19.552017144858837 22.05959035988365 3.8
      vertex 19.791989289224148 22.26819428588663 3.8
    endloop
  endfacet
  facet normal 0 1 0
    outer loop
      vertex 19.29765785485506 21.831372862415655 4
      vertex 21.10241500288248 21.831372862415655 3.8
      vertex 19.29765785485506 21.831372862415655 3.8
    endloop
  endfacet
  facet normal 0.6560578170743623 -0.7547106337236958 0
    outer loop
      vertex 19.552017144858837 22.05959035988365 4
      vertex 19.552017144858837 22.05959035988365 3.8
      vertex 19.791989289224148 22.26819428588663 4
    endloop
  endfacet
  facet normal 0 0 1
    outer loop
      vertex 19.29765785485506 21.831372862415655 4
      vertex 19.552017144858837 22.05959035988365 4
      vertex 19.441490717232227 22.255118576543673 4
    endloop
  endfacet
  facet normal 0 0 1
    outer loop
      vertex 19.552017144858837 22.05959035988365 4
      vertex 19.791989289224148 22.26819428588663 4
      vertex 19.441490717232227 22.255118576543673 4
    endloop
  endfacet
  facet normal 0 0 1
    outer loop
      vertex 19.441490717232227 22.255118576543673 4
      vertex 19.791989289224148 22.26819428588663 4
      vertex 19.84758035838604 22.626522859292372 4
    endloop
  endfacet
  facet normal 0 0 1
    outer loop
      vertex 18.954989284276962 21.428571430700167 4
      vertex 21.10241500288248 21.428571430700167 4
      vertex 19.29765785485506 21.831372862415655 4
    endloop
  endfacet
  facet normal 0.6613274822963637 -0.7500973011280289 0
    outer loop
      vertex 19.791989289224148 22.26819428588663 4
      vertex 19.791989289224148 22.26819428588663 3.8
      vertex 20.258877143263817 22.679828574614866 4
    endloop
  endfacet
  facet normal 0 -1 0
    outer loop
      vertex 21.10241500288248 21.428571430700167 4
      vertex 18.954989284276962 21.428571430700167 3.8
      vertex 21.10241500288248 21.428571430700167 3.8
    endloop
  endfacet
  facet normal 0 1 0
    outer loop
      vertex 19.29765785485506 21.831372862415655 4
      vertex 21.10241500288248 21.831372862415655 4
      vertex 21.10241500288248 21.831372862415655 3.8
    endloop
  endfacet
  facet normal 0 0 1
    outer loop
      vertex 19.29765785485506 21.831372862415655 4
      vertex 21.10241500288248 21.428571430700167 4
      vertex 21.10241500288248 21.831372862415655 4
    endloop
  endfacet
  facet normal 1 0 0
    outer loop
      vertex 21.10241500288248 21.831372862415655 4
      vertex 21.10241500288248 21.428571430700167 3.8
      vertex 21.10241500288248 21.831372862415655 3.8
    endloop
  endfacet
  facet normal 1 0 0
    outer loop
      vertex 21.10241500288248 21.428571430700167 4
      vertex 21.10241500288248 21.428571430700167 3.8
      vertex 21.10241500288248 21.831372862415655 4
    endloop
  endfacet
  facet normal -0.20428284283027986 0.9789119062128009 0
    outer loop
      vertex 17.288664996623993 23.39027571465288 4
      vertex 17.54562785476446 23.44389964427267 3.8
      vertex 17.288664996623993 23.39027571465288 3.8
    endloop
  endfacet
  facet normal -0.17487817138055306 -0.9845900797664954 0
    outer loop
      vertex 17.618209645152092 23.072813575821264 4
      vertex 17.288664996623993 23.13134571697031 3.8
      vertex 17.618209645152092 23.072813575821264 3.8
    endloop
  endfacet
  facet normal -0.8523838511097506 -0.5229165998200005 0
    outer loop
      vertex 17.983760714530945 22.713173573570593 4
      vertex 17.848375000059605 22.933860001819475 3.8
      vertex 17.983760714530945 22.713173573570593 3.8
    endloop
  endfacet
  facet normal -0.5168304265922182 -0.8560877934817818 0
    outer loop
      vertex 17.848375000059605 22.933860001819475 4
      vertex 17.618209645152092 23.072813575821264 3.8
      vertex 17.848375000059605 22.933860001819475 3.8
    endloop
  endfacet
  facet normal 0.2258023100957792 0.974173145162301 0
    outer loop
      vertex 17.58419928699732 23.264725712793215 4
      vertex 17.99747285991907 23.168933575706824 3.8
      vertex 17.58419928699732 23.264725712793215 3.8
    endloop
  endfacet
  facet normal 0.2759161721725549 -0.9611817028708178 0
    outer loop
      vertex 17.90886463969946 23.357923930244787 4
      vertex 17.58419928699732 23.264725712793215 3.8
      vertex 17.90886463969946 23.357923930244787 3.8
    endloop
  endfacet
  facet normal -0.17487817138055306 -0.9845900797664954 0
    outer loop
      vertex 17.288664996623993 23.13134571697031 4
      vertex 17.288664996623993 23.13134571697031 3.8
      vertex 17.618209645152092 23.072813575821264 4
    endloop
  endfacet
  facet normal -0.20428284283027986 0.9789119062128009 0
    outer loop
      vertex 17.288664996623993 23.39027571465288 4
      vertex 17.54562785476446 23.44389964427267 4
      vertex 17.54562785476446 23.44389964427267 3.8
    endloop
  endfacet
  facet normal 0 0 1
    outer loop
      vertex 17.288664996623993 23.13134571697031 4
      vertex 17.54562785476446 23.44389964427267 4
      vertex 17.288664996623993 23.39027571465288 4
    endloop
  endfacet
  facet normal 0 0 1
    outer loop
      vertex 17.288664996623993 23.13134571697031 4
      vertex 17.618209645152092 23.072813575821264 4
      vertex 17.58419928699732 23.264725712793215 4
    endloop
  endfacet
  facet normal 0 0 1
    outer loop
      vertex 17.288664996623993 23.13134571697031 4
      vertex 17.58419928699732 23.264725712793215 4
      vertex 17.54562785476446 23.44389964427267 4
    endloop
  endfacet
  facet normal -0.8523838511097506 -0.5229165998200005 0
    outer loop
      vertex 17.983760714530945 22.713173573570593 4
      vertex 17.848375000059605 22.933860001819475 4
      vertex 17.848375000059605 22.933860001819475 3.8
    endloop
  endfacet
  facet normal -0.5168304265922182 -0.8560877934817818 0
    outer loop
      vertex 17.618209645152092 23.072813575821264 4
      vertex 17.618209645152092 23.072813575821264 3.8
      vertex 17.848375000059605 22.933860001819475 4
    endloop
  endfacet
  facet normal 0.2759161721725549 -0.9611817028708178 0
    outer loop
      vertex 17.58419928699732 23.264725712793215 4
      vertex 17.58419928699732 23.264725712793215 3.8
      vertex 17.90886463969946 23.357923930244787 4
    endloop
  endfacet
  facet normal 0.2258023100957792 0.974173145162301 0
    outer loop
      vertex 17.58419928699732 23.264725712793215 4
      vertex 17.99747285991907 23.168933575706824 4
      vertex 17.99747285991907 23.168933575706824 3.8
    endloop
  endfacet
  facet normal 0 0 1
    outer loop
      vertex 17.618209645152092 23.072813575821264 4
      vertex 17.99747285991907 23.168933575706824 4
      vertex 17.58419928699732 23.264725712793215 4
    endloop
  endfacet
  facet normal 0 0 1
    outer loop
      vertex 17.58419928699732 23.264725712793215 4
      vertex 17.90886463969946 23.357923930244787 4
      vertex 17.54562785476446 23.44389964427267 4
    endloop
  endfacet
  facet normal 0 0 1
    outer loop
      vertex 17.618209645152092 23.072813575821264 4
      vertex 17.848375000059605 22.933860001819475 4
      vertex 17.99747285991907 23.168933575706824 4
    endloop
  endfacet
  facet normal -0.5843173251701499 0.8115252697889336 0
    outer loop
      vertex 17.54562785476446 23.44389964427267 4
      vertex 17.725447855889797 23.573374284165247 3.8
      vertex 17.54562785476446 23.44389964427267 3.8
    endloop
  endfacet
  facet normal -0.8933116689050987 0.44943771781859504 0
    outer loop
      vertex 17.725447855889797 23.573374284165247 4
      vertex 17.831384286284447 23.783935716109617 3.8
      vertex 17.725447855889797 23.573374284165247 3.8
    endloop
  endfacet
  facet normal -0.9930005268611272 0.11810992190973489 0
    outer loop
      vertex 17.831384286284447 23.783935716109617 4
      vertex 17.866696432232857 24.08081999953304 3.8
      vertex 17.831384286284447 23.783935716109617 3.8
    endloop
  endfacet
  facet normal -0.992229062547676 -0.1244246255198714 0
    outer loop
      vertex 17.866696432232857 24.08081999953304 4
      vertex 17.828443214297295 24.385871788220747 3.8
      vertex 17.866696432232857 24.08081999953304 3.8
    endloop
  endfacet
  facet normal -0.5843173251701499 0.8115252697889336 0
    outer loop
      vertex 17.54562785476446 23.44389964427267 4
      vertex 17.725447855889797 23.573374284165247 4
      vertex 17.725447855889797 23.573374284165247 3.8
    endloop
  endfacet
  facet normal -0.8933116689050987 0.44943771781859504 0
    outer loop
      vertex 17.725447855889797 23.573374284165247 4
      vertex 17.831384286284447 23.783935716109617 4
      vertex 17.831384286284447 23.783935716109617 3.8
    endloop
  endfacet
  facet normal 0 0 1
    outer loop
      vertex 17.54562785476446 23.44389964427267 4
      vertex 17.90886463969946 23.357923930244787 4
      vertex 17.725447855889797 23.573374284165247 4
    endloop
  endfacet
  facet normal 0 0 1
    outer loop
      vertex 17.90886463969946 23.357923930244787 4
      vertex 18.150466427206993 23.532835719840868 4
      vertex 17.725447855889797 23.573374284165247 4
    endloop
  endfacet
  facet normal 0 0 1
    outer loop
      vertex 17.725447855889797 23.573374284165247 4
      vertex 18.150466427206993 23.532835719840868 4
      vertex 17.831384286284447 23.783935716109617 4
    endloop
  endfacet
  facet normal -0.9930005268611272 0.11810992190973489 0
    outer loop
      vertex 17.831384286284447 23.783935716109617 4
      vertex 17.866696432232857 24.08081999953304 4
      vertex 17.866696432232857 24.08081999953304 3.8
    endloop
  endfacet
  facet normal -0.992229062547676 -0.1244246255198714 0
    outer loop
      vertex 17.866696432232857 24.08081999953304 4
      vertex 17.828443214297295 24.385871788220747 4
      vertex 17.828443214297295 24.385871788220747 3.8
    endloop
  endfacet
  facet normal -0.9891413267555202 -0.14696746478159375 0
    outer loop
      vertex 18.028889283537865 22.40944286222969 4
      vertex 17.983760714530945 22.713173573570593 3.8
      vertex 18.028889283537865 22.40944286222969 3.8
    endloop
  endfacet
  facet normal 0.5250932601485482 0.8510446922145564 0
    outer loop
      vertex 17.99747285991907 23.168933575706824 4
      vertex 18.28519643098116 22.99140857692276 3.8
      vertex 17.99747285991907 23.168933575706824 3.8
    endloop
  endfacet
  facet normal 0.9871125064495919 0.1600278088670974 0
    outer loop
      vertex 18.45390785485506 22.730183576898916 4
      vertex 18.510145001113415 22.383291428642615 3.8
      vertex 18.45390785485506 22.730183576898916 3.8
    endloop
  endfacet
  facet normal 0.8400340850867899 0.5425336265084404 0
    outer loop
      vertex 18.28519643098116 22.99140857692276 4
      vertex 18.45390785485506 22.730183576898916 3.8
      vertex 18.28519643098116 22.99140857692276 3.8
    endloop
  endfacet
  facet normal -0.9891413267555202 -0.14696746478159375 0
    outer loop
      vertex 17.983760714530945 22.713173573570593 4
      vertex 17.983760714530945 22.713173573570593 3.8
      vertex 18.028889283537865 22.40944286222969 4
    endloop
  endfacet
  facet normal 0 0 1
    outer loop
      vertex 17.983760714530945 22.713173573570593 4
      vertex 18.28519643098116 22.99140857692276 4
      vertex 17.848375000059605 22.933860001819475 4
    endloop
  endfacet
  facet normal 0 0 1
    outer loop
      vertex 17.983760714530945 22.713173573570593 4
      vertex 18.028889283537865 22.40944286222969 4
      vertex 18.45390785485506 22.730183576898916 4
    endloop
  endfacet
  facet normal 0 0 1
    outer loop
      vertex 17.983760714530945 22.713173573570593 4
      vertex 18.45390785485506 22.730183576898916 4
      vertex 18.28519643098116 22.99140857692276 4
    endloop
  endfacet
  facet normal 0.5864191310410648 -0.8100077794373598 0
    outer loop
      vertex 17.90886463969946 23.357923930244787 4
      vertex 17.90886463969946 23.357923930244787 3.8
      vertex 18.150466427206993 23.532835719840868 4
    endloop
  endfacet
  facet normal 0.5250932601485482 0.8510446922145564 0
    outer loop
      vertex 17.99747285991907 23.168933575706824 4
      vertex 18.28519643098116 22.99140857692276 4
      vertex 18.28519643098116 22.99140857692276 3.8
    endloop
  endfacet
  facet normal 0 0 1
    outer loop
      vertex 17.848375000059605 22.933860001819475 4
      vertex 18.28519643098116 22.99140857692276 4
      vertex 17.99747285991907 23.168933575706824 4
    endloop
  endfacet
  facet normal 0.8400340850867899 0.5425336265084404 0
    outer loop
      vertex 18.45390785485506 22.730183576898916 4
      vertex 18.45390785485506 22.730183576898916 3.8
      vertex 18.28519643098116 22.99140857692276 4
    endloop
  endfacet
  facet normal 0 0 1
    outer loop
      vertex 18.028889283537865 22.40944286222969 4
      vertex 18.510145001113415 22.383291428642615 4
      vertex 18.45390785485506 22.730183576898916 4
    endloop
  endfacet
  facet normal 0.5864191310410648 -0.8100077794373598 0
    outer loop
      vertex 18.150466427206993 23.532835719840868 4
      vertex 17.90886463969946 23.357923930244787 3.8
      vertex 18.150466427206993 23.532835719840868 3.8
    endloop
  endfacet
  facet normal 0.8598371789604058 -0.510568335952604 0
    outer loop
      vertex 18.3005478605628 23.785584641354426 4
      vertex 18.150466427206993 23.532835719840868 3.8
      vertex 18.3005478605628 23.785584641354426 3.8
    endloop
  endfacet
  facet normal 0.9884733609105585 -0.1513948967772195 0
    outer loop
      vertex 18.350575000047684 24.11221714849983 4
      vertex 18.3005478605628 23.785584641354426 3.8
      vertex 18.350575000047684 24.11221714849983 3.8
    endloop
  endfacet
  facet normal 0.8598371789604058 -0.510568335952604 0
    outer loop
      vertex 18.150466427206993 23.532835719840868 4
      vertex 18.150466427206993 23.532835719840868 3.8
      vertex 18.3005478605628 23.785584641354426 4
    endloop
  endfacet
  facet normal 0.9884733609105585 -0.1513948967772195 0
    outer loop
      vertex 18.3005478605628 23.785584641354426 4
      vertex 18.3005478605628 23.785584641354426 3.8
      vertex 18.350575000047684 24.11221714849983 4
    endloop
  endfacet
  facet normal 0 0 1
    outer loop
      vertex 17.831384286284447 23.783935716109617 4
      vertex 18.3005478605628 23.785584641354426 4
      vertex 17.866696432232857 24.08081999953304 4
    endloop
  endfacet
  facet normal 0 0 1
    outer loop
      vertex 17.831384286284447 23.783935716109617 4
      vertex 18.150466427206993 23.532835719840868 4
      vertex 18.3005478605628 23.785584641354426 4
    endloop
  endfacet
  facet normal 0.9172183477000574 0.3983848674866762 0
    outer loop
      vertex 18.350575000047684 24.11221714849983 4
      vertex 18.350575000047684 24.11221714849983 3.8
      vertex 18.069398932158947 24.75958071436201 4
    endloop
  endfacet
  facet normal 0 0 1
    outer loop
      vertex 17.866696432232857 24.08081999953304 4
      vertex 18.350575000047684 24.11221714849983 4
      vertex 17.828443214297295 24.385871788220747 4
    endloop
  endfacet
  facet normal 0 0 1
    outer loop
      vertex 17.866696432232857 24.08081999953304 4
      vertex 18.3005478605628 23.785584641354426 4
      vertex 18.350575000047684 24.11221714849983 4
    endloop
  endfacet
  facet normal -0.13767721621854967 -0.9904771497285088 0
    outer loop
      vertex 17.515223927795887 24.715445359902724 4
      vertex 17.225870713591576 24.75566571738039 3.8
      vertex 17.515223927795887 24.715445359902724 3.8
    endloop
  endfacet
  facet normal 0.2478349416390096 0.9688022717266866 0
    outer loop
      vertex 17.225870713591576 24.97536857213293 4
      vertex 18.069398932158947 24.75958071436201 3.8
      vertex 17.225870713591576 24.97536857213293 3.8
    endloop
  endfacet
  facet normal -0.5195056574632441 -0.854467010401035 0
    outer loop
      vertex 17.71368356794119 24.59478428746973 4
      vertex 17.515223927795887 24.715445359902724 3.8
      vertex 17.71368356794119 24.59478428746973 3.8
    endloop
  endfacet
  facet normal -0.876467755113608 -0.48146056354192973 0
    outer loop
      vertex 17.828443214297295 24.385871788220747 4
      vertex 17.71368356794119 24.59478428746973 3.8
      vertex 17.828443214297295 24.385871788220747 3.8
    endloop
  endfacet
  facet normal -0.13767721621854967 -0.9904771497285088 0
    outer loop
      vertex 17.225870713591576 24.75566571738039 4
      vertex 17.225870713591576 24.75566571738039 3.8
      vertex 17.515223927795887 24.715445359902724 4
    endloop
  endfacet
  facet normal -0.5195056574632441 -0.854467010401035 0
    outer loop
      vertex 17.515223927795887 24.715445359902724 4
      vertex 17.515223927795887 24.715445359902724 3.8
      vertex 17.71368356794119 24.59478428746973 4
    endloop
  endfacet
  facet normal 0 0 1
    outer loop
      vertex 17.225870713591576 24.75566571738039 4
      vertex 17.515223927795887 24.715445359902724 4
      vertex 17.225870713591576 24.97536857213293 4
    endloop
  endfacet
  facet normal 0 0 1
    outer loop
      vertex 17.225870713591576 24.97536857213293 4
      vertex 17.515223927795887 24.715445359902724 4
      vertex 18.069398932158947 24.75958071436201 4
    endloop
  endfacet
  facet normal -0.876467755113608 -0.48146056354192973 0
    outer loop
      vertex 17.828443214297295 24.385871788220747 4
      vertex 17.71368356794119 24.59478428746973 4
      vertex 17.71368356794119 24.59478428746973 3.8
    endloop
  endfacet
  facet normal 0.2478349416390096 0.9688022717266866 0
    outer loop
      vertex 17.225870713591576 24.97536857213293 4
      vertex 18.069398932158947 24.75958071436201 4
      vertex 18.069398932158947 24.75958071436201 3.8
    endloop
  endfacet
  facet normal 0 0 1
    outer loop
      vertex 17.515223927795887 24.715445359902724 4
      vertex 17.71368356794119 24.59478428746973 4
      vertex 18.069398932158947 24.75958071436201 4
    endloop
  endfacet
  facet normal 0 0 1
    outer loop
      vertex 17.828443214297295 24.385871788220747 4
      vertex 18.069398932158947 24.75958071436201 4
      vertex 17.71368356794119 24.59478428746973 4
    endloop
  endfacet
  facet normal 0.9172183477000574 0.3983848674866762 0
    outer loop
      vertex 18.069398932158947 24.75958071436201 4
      vertex 18.350575000047684 24.11221714849983 3.8
      vertex 18.069398932158947 24.75958071436201 3.8
    endloop
  endfacet
  facet normal 0 0 1
    outer loop
      vertex 18.350575000047684 24.11221714849983 4
      vertex 18.069398932158947 24.75958071436201 4
      vertex 17.828443214297295 24.385871788220747 4
    endloop
  endfacet
  facet normal 0 -1 0
    outer loop
      vertex 19.245316430926323 24.188048576670035 4
      vertex 19.072709284722805 24.188048576670035 3.8
      vertex 19.245316430926323 24.188048576670035 3.8
    endloop
  endfacet
  facet normal 0 -1 0
    outer loop
      vertex 19.072709284722805 24.188048576670035 4
      vertex 19.072709284722805 24.188048576670035 3.8
      vertex 19.245316430926323 24.188048576670035 4
    endloop
  endfacet
  facet normal 0.9779655552402351 -0.20876631137149218 0
    outer loop
      vertex 19.245316430926323 24.188048576670035 4
      vertex 19.245316430926323 24.188048576670035 3.8
      vertex 19.33688499778509 24.617001427071436 4
    endloop
  endfacet
  facet normal 0 0 1
    outer loop
      vertex 19.072709284722805 24.188048576670035 4
      vertex 19.245316430926323 24.188048576670035 4
      vertex 19.33688499778509 24.617001427071436 4
    endloop
  endfacet
  facet normal -0.7206497935336282 0.6932992680509183 0
    outer loop
      vertex 19.84758035838604 22.626522859292372 4
      vertex 20.12941214442253 22.91947285618101 3.8
      vertex 19.84758035838604 22.626522859292372 3.8
    endloop
  endfacet
  facet normal 0.6613274822963637 -0.7500973011280289 0
    outer loop
      vertex 20.258877143263817 22.679828574614866 4
      vertex 19.791989289224148 22.26819428588663 3.8
      vertex 20.258877143263817 22.679828574614866 3.8
    endloop
  endfacet
  facet normal -0.6748902638119365 0.7379181064399049 0
    outer loop
      vertex 19.441490717232227 22.255118576543673 4
      vertex 19.84758035838604 22.626522859292372 4
      vertex 19.84758035838604 22.626522859292372 3.8
    endloop
  endfacet
  facet normal -0.7206497935336282 0.6932992680509183 0
    outer loop
      vertex 19.84758035838604 22.626522859292372 4
      vertex 20.12941214442253 22.91947285618101 4
      vertex 20.12941214442253 22.91947285618101 3.8
    endloop
  endfacet
  facet normal 0 0 1
    outer loop
      vertex 19.791989289224148 22.26819428588663 4
      vertex 20.258877143263817 22.679828574614866 4
      vertex 19.84758035838604 22.626522859292372 4
    endloop
  endfacet
  facet normal 0 0 1
    outer loop
      vertex 19.84758035838604 22.626522859292372 4
      vertex 20.258877143263817 22.679828574614866 4
      vertex 20.12941214442253 22.91947285618101 4
    endloop
  endfacet
  facet normal -1 0 0
    outer loop
      vertex 19.072709284722805 24.188048576670035 4
      vertex 19.072709284722805 24.8628942870668 3.8
      vertex 19.072709284722805 24.188048576670035 3.8
    endloop
  endfacet
  facet normal 0.9779655552402351 -0.20876631137149218 0
    outer loop
      vertex 19.33688499778509 24.617001427071436 4
      vertex 19.245316430926323 24.188048576670035 3.8
      vertex 19.33688499778509 24.617001427071436 3.8
    endloop
  endfacet
  facet normal -0.18825511369869896 0.982120161775681 0
    outer loop
      vertex 19.072709284722805 24.8628942870668 4
      vertex 19.512790001928806 24.947249999003752 3.8
      vertex 19.072709284722805 24.8628942870668 3.8
    endloop
  endfacet
  facet normal -1 0 0
    outer loop
      vertex 19.072709284722805 24.188048576670035 4
      vertex 19.072709284722805 24.8628942870668 4
      vertex 19.072709284722805 24.8628942870668 3.8
    endloop
  endfacet
  facet normal 0.4236364110310677 -0.905832319609273 0
    outer loop
      vertex 19.33688499778509 24.617001427071436 4
      vertex 19.33688499778509 24.617001427071436 3.8
      vertex 19.45785464346409 24.67357607718025 4
    endloop
  endfacet
  facet normal 0 0 1
    outer loop
      vertex 19.072709284722805 24.188048576670035 4
      vertex 19.33688499778509 24.617001427071436 4
      vertex 19.072709284722805 24.8628942870668 4
    endloop
  endfacet
  facet normal 0 0 1
    outer loop
      vertex 19.072709284722805 24.8628942870668 4
      vertex 19.33688499778509 24.617001427071436 4
      vertex 19.45785464346409 24.67357607718025 4
    endloop
  endfacet
  facet normal 0 0 1
    outer loop
      vertex 19.072709284722805 24.8628942870668 4
      vertex 19.45785464346409 24.67357607718025 4
      vertex 19.512790001928806 24.947249999003752 4
    endloop
  endfacet
  facet normal -0.18825511369869896 0.982120161775681 0
    outer loop
      vertex 19.072709284722805 24.8628942870668 4
      vertex 19.512790001928806 24.947249999003752 4
      vertex 19.512790001928806 24.947249999003752 3.8
    endloop
  endfacet
  facet normal 0.4236364110310677 -0.905832319609273 0
    outer loop
      vertex 19.45785464346409 24.67357607718025 4
      vertex 19.33688499778509 24.617001427071436 3.8
      vertex 19.45785464346409 24.67357607718025 3.8
    endloop
  endfacet
  facet normal 0.304700823105185 -0.9524481132319087 0
    outer loop
      vertex 19.595815002918243 24.717711431639536 4
      vertex 19.45785464346409 24.67357607718025 3.8
      vertex 19.595815002918243 24.717711431639536 3.8
    endloop
  endfacet
  facet normal 0.1932450032458529 -0.9811505331601824 0
    outer loop
      vertex 19.740342140197754 24.746177142219885 4
      vertex 19.595815002918243 24.717711431639536 3.8
      vertex 19.740342140197754 24.746177142219885 3.8
    endloop
  endfacet
  facet normal -0.07615725320164045 0.9970958192595039 0
    outer loop
      vertex 19.512790001928806 24.947249999003752 4
      vertex 19.88093499839306 24.97536857213293 3.8
      vertex 19.512790001928806 24.947249999003752 3.8
    endloop
  endfacet
  facet normal 0.06733655774780116 -0.9977303182677557 0
    outer loop
      vertex 19.88093499839306 24.75566571738039 4
      vertex 19.740342140197754 24.746177142219885 3.8
      vertex 19.88093499839306 24.75566571738039 3.8
    endloop
  endfacet
  facet normal -0.14594767697453429 -0.989292310485499 0
    outer loop
      vertex 20.182389996945858 24.711192859070643 4
      vertex 19.88093499839306 24.75566571738039 3.8
      vertex 20.182389996945858 24.711192859070643 3.8
    endloop
  endfacet
  facet normal 0.11792732976916914 0.9930222277942794 0
    outer loop
      vertex 19.88093499839306 24.97536857213293 4
      vertex 20.384774282574654 24.91553464319025 3.8
      vertex 19.88093499839306 24.97536857213293 3.8
    endloop
  endfacet
  facet normal 0.304700823105185 -0.9524481132319087 0
    outer loop
      vertex 19.45785464346409 24.67357607718025 4
      vertex 19.45785464346409 24.67357607718025 3.8
      vertex 19.595815002918243 24.717711431639536 4
    endloop
  endfacet
  facet normal 0.1932450032458529 -0.9811505331601824 0
    outer loop
      vertex 19.595815002918243 24.717711431639536 4
      vertex 19.595815002918243 24.717711431639536 3.8
      vertex 19.740342140197754 24.746177142219885 4
    endloop
  endfacet
  facet normal 0 0 1
    outer loop
      vertex 19.45785464346409 24.67357607718025 4
      vertex 19.595815002918243 24.717711431639536 4
      vertex 19.512790001928806 24.947249999003752 4
    endloop
  endfacet
  facet normal 0 0 1
    outer loop
      vertex 19.512790001928806 24.947249999003752 4
      vertex 19.595815002918243 24.717711431639536 4
      vertex 19.740342140197754 24.746177142219885 4
    endloop
  endfacet
  facet normal -0.07615725320164045 0.9970958192595039 0
    outer loop
      vertex 19.512790001928806 24.947249999003752 4
      vertex 19.88093499839306 24.97536857213293 4
      vertex 19.88093499839306 24.97536857213293 3.8
    endloop
  endfacet
  facet normal 0 0 1
    outer loop
      vertex 19.512790001928806 24.947249999003752 4
      vertex 19.740342140197754 24.746177142219885 4
      vertex 19.88093499839306 24.97536857213293 4
    endloop
  endfacet
  facet normal 0.06733655774780116 -0.9977303182677557 0
    outer loop
      vertex 19.740342140197754 24.746177142219885 4
      vertex 19.740342140197754 24.746177142219885 3.8
      vertex 19.88093499839306 24.75566571738039 4
    endloop
  endfacet
  facet normal -0.14594767697453429 -0.989292310485499 0
    outer loop
      vertex 19.88093499839306 24.75566571738039 4
      vertex 19.88093499839306 24.75566571738039 3.8
      vertex 20.182389996945858 24.711192859070643 4
    endloop
  endfacet
  facet normal 0 0 1
    outer loop
      vertex 19.740342140197754 24.746177142219885 4
      vertex 19.88093499839306 24.75566571738039 4
      vertex 19.88093499839306 24.97536857213293 4
    endloop
  endfacet
  facet normal 0 0 1
    outer loop
      vertex 19.88093499839306 24.75566571738039 4
      vertex 20.182389996945858 24.711192859070643 4
      vertex 19.88093499839306 24.97536857213293 4
    endloop
  endfacet
  facet normal 0.7029919026860306 -0.7111978520481306 0
    outer loop
      vertex 20.57144071161747 22.9887857192329 4
      vertex 20.258877143263817 22.679828574614866 3.8
      vertex 20.57144071161747 22.9887857192329 3.8
    endloop
  endfacet
  facet normal -0.8068396947823762 0.5907704350451893 0
    outer loop
      vertex 20.12941214442253 22.91947285618101 4
      vertex 20.318055354058743 23.177110714571818 3.8
      vertex 20.12941214442253 22.91947285618101 3.8
    endloop
  endfacet
  facet normal -0.9027143898410391 0.43024031700192905 0
    outer loop
      vertex 20.318055354058743 23.177110714571818 4
      vertex 20.444579288363457 23.442578574376448 3.8
      vertex 20.318055354058743 23.177110714571818 3.8
    endloop
  endfacet
  facet normal 0.7832963532412509 -0.6216484722083354 0
    outer loop
      vertex 20.77643821388483 23.247088929372175 4
      vertex 20.57144071161747 22.9887857192329 3.8
      vertex 20.77643821388483 23.247088929372175 3.8
    endloop
  endfacet
  facet normal 0.7029919026860306 -0.7111978520481306 0
    outer loop
      vertex 20.258877143263817 22.679828574614866 4
      vertex 20.258877143263817 22.679828574614866 3.8
      vertex 20.57144071161747 22.9887857192329 4
    endloop
  endfacet
  facet normal 0 0 1
    outer loop
      vertex 20.258877143263817 22.679828574614866 4
      vertex 20.57144071161747 22.9887857192329 4
      vertex 20.12941214442253 22.91947285618101 4
    endloop
  endfacet
  facet normal -0.8068396947823762 0.5907704350451893 0
    outer loop
      vertex 20.12941214442253 22.91947285618101 4
      vertex 20.318055354058743 23.177110714571818 4
      vertex 20.318055354058743 23.177110714571818 3.8
    endloop
  endfacet
  facet normal -0.9027143898410391 0.43024031700192905 0
    outer loop
      vertex 20.318055354058743 23.177110714571818 4
      vertex 20.444579288363457 23.442578574376448 4
      vertex 20.444579288363457 23.442578574376448 3.8
    endloop
  endfacet
  facet normal 0 0 1
    outer loop
      vertex 20.12941214442253 22.91947285618101 4
      vertex 20.57144071161747 22.9887857192329 4
      vertex 20.318055354058743 23.177110714571818 4
    endloop
  endfacet
  facet normal 0.7832963532412509 -0.6216484722083354 0
    outer loop
      vertex 20.57144071161747 22.9887857192329 4
      vertex 20.57144071161747 22.9887857192329 3.8
      vertex 20.77643821388483 23.247088929372175 4
    endloop
  endfacet
  facet normal 0.8742001639315203 -0.4855657250899233 0
    outer loop
      vertex 20.77643821388483 23.247088929372175 4
      vertex 20.77643821388483 23.247088929372175 3.8
      vertex 20.92062785476446 23.506684286253794 4
    endloop
  endfacet
  facet normal 0 0 1
    outer loop
      vertex 20.318055354058743 23.177110714571818 4
      vertex 20.57144071161747 22.9887857192329 4
      vertex 20.77643821388483 23.247088929372175 4
    endloop
  endfacet
  facet normal 0 0 1
    outer loop
      vertex 20.318055354058743 23.177110714571818 4
      vertex 20.77643821388483 23.247088929372175 4
      vertex 20.444579288363457 23.442578574376448 4
    endloop
  endfacet
  facet normal 0 0 1
    outer loop
      vertex 20.444579288363457 23.442578574376448 4
      vertex 20.77643821388483 23.247088929372175 4
      vertex 20.92062785476446 23.506684286253794 4
    endloop
  endfacet
  facet normal -0.9706395231946414 0.24053880354836554 0
    outer loop
      vertex 20.444579288363457 23.442578574376448 4
      vertex 20.516206428408623 23.731613574283465 3.8
      vertex 20.444579288363457 23.442578574376448 3.8
    endloop
  endfacet
  facet normal -0.9973653546950554 0.07254205162528911 0
    outer loop
      vertex 20.516206428408623 23.731613574283465 4
      vertex 20.54008214175701 24.059875717120512 3.8
      vertex 20.516206428408623 23.731613574283465 3.8
    endloop
  endfacet
  facet normal -0.9918046455374331 -0.12776362976358527 0
    outer loop
      vertex 20.54008214175701 24.059875717120512 4
      vertex 20.501501068472862 24.3593732171825 3.8
      vertex 20.54008214175701 24.059875717120512 3.8
    endloop
  endfacet
  facet normal -0.9706395231946414 0.24053880354836554 0
    outer loop
      vertex 20.444579288363457 23.442578574376448 4
      vertex 20.516206428408623 23.731613574283465 4
      vertex 20.516206428408623 23.731613574283465 3.8
    endloop
  endfacet
  facet normal 0 0 1
    outer loop
      vertex 20.444579288363457 23.442578574376448 4
      vertex 20.92062785476446 23.506684286253794 4
      vertex 20.516206428408623 23.731613574283465 4
    endloop
  endfacet
  facet normal 0 0 1
    outer loop
      vertex 20.92062785476446 23.506684286253794 4
      vertex 21.005967140197754 23.77510285909687 4
      vertex 20.516206428408623 23.731613574283465 4
    endloop
  endfacet
  facet normal 0 0 1
    outer loop
      vertex 20.516206428408623 23.731613574283465 4
      vertex 21.005967140197754 23.77510285909687 4
      vertex 20.54008214175701 24.059875717120512 4
    endloop
  endfacet
  facet normal -0.9973653546950554 0.07254205162528911 0
    outer loop
      vertex 20.516206428408623 23.731613574283465 4
      vertex 20.54008214175701 24.059875717120512 4
      vertex 20.54008214175701 24.059875717120512 3.8
    endloop
  endfacet
  facet normal -0.9918046455374331 -0.12776362976358527 0
    outer loop
      vertex 20.54008214175701 24.059875717120512 4
      vertex 20.501501068472862 24.3593732171825 4
      vertex 20.501501068472862 24.3593732171825 3.8
    endloop
  endfacet
  facet normal 0 0 1
    outer loop
      vertex 20.54008214175701 24.059875717120512 4
      vertex 20.962159641087055 24.44732571925436 4
      vertex 20.501501068472862 24.3593732171825 4
    endloop
  endfacet
  facet normal 0.8742001639315203 -0.4855657250899233 0
    outer loop
      vertex 20.92062785476446 23.506684286253794 4
      vertex 20.77643821388483 23.247088929372175 3.8
      vertex 20.92062785476446 23.506684286253794 3.8
    endloop
  endfacet
  facet normal 0.9529941001468598 -0.30298885307099477 0
    outer loop
      vertex 21.005967140197754 23.77510285909687 4
      vertex 20.92062785476446 23.506684286253794 3.8
      vertex 21.005967140197754 23.77510285909687 3.8
    endloop
  endfacet
  facet normal 0.9830523039906206 0.18332530545108225 0
    outer loop
      vertex 20.962159641087055 24.44732571925436 4
      vertex 21.034413568675518 24.059875717120512 3.8
      vertex 20.962159641087055 24.44732571925436 3.8
    endloop
  endfacet
  facet normal 0.9950478598370651 -0.09939696491179384 0
    outer loop
      vertex 21.034413568675518 24.059875717120512 4
      vertex 21.005967140197754 23.77510285909687 3.8
      vertex 21.034413568675518 24.059875717120512 3.8
    endloop
  endfacet
  facet normal 0.9529941001468598 -0.30298885307099477 0
    outer loop
      vertex 20.92062785476446 23.506684286253794 4
      vertex 20.92062785476446 23.506684286253794 3.8
      vertex 21.005967140197754 23.77510285909687 4
    endloop
  endfacet
  facet normal 0.9950478598370651 -0.09939696491179384 0
    outer loop
      vertex 21.005967140197754 23.77510285909687 4
      vertex 21.005967140197754 23.77510285909687 3.8
      vertex 21.034413568675518 24.059875717120512 4
    endloop
  endfacet
  facet normal 0.9830523039906206 0.18332530545108225 0
    outer loop
      vertex 21.034413568675518 24.059875717120512 4
      vertex 21.034413568675518 24.059875717120512 3.8
      vertex 20.962159641087055 24.44732571925436 4
    endloop
  endfacet
  facet normal 0 0 1
    outer loop
      vertex 20.54008214175701 24.059875717120512 4
      vertex 21.005967140197754 23.77510285909687 4
      vertex 21.034413568675518 24.059875717120512 4
    endloop
  endfacet
  facet normal 0 0 1
    outer loop
      vertex 20.54008214175701 24.059875717120512 4
      vertex 21.034413568675518 24.059875717120512 4
      vertex 20.962159641087055 24.44732571925436 4
    endloop
  endfacet
  facet normal -0.8835885565608215 -0.46826409505188826 0
    outer loop
      vertex 20.501501068472862 24.3593732171825 4
      vertex 20.385757856070995 24.577774284141405 3.8
      vertex 20.501501068472862 24.3593732171825 3.8
    endloop
  endfacet
  facet normal -0.5485369370179685 -0.8361263234266372 0
    outer loop
      vertex 20.385757856070995 24.577774284141405 4
      vertex 20.182389996945858 24.711192859070643 3.8
      vertex 20.385757856070995 24.577774284141405 3.8
    endloop
  endfacet
  facet normal 0.7996921957854688 0.6004101864557391 0
    outer loop
      vertex 20.745397858321667 24.736032856362208 4
      vertex 20.962159641087055 24.44732571925436 3.8
      vertex 20.745397858321667 24.736032856362208 3.8
    endloop
  endfacet
  facet normal 0.4456042424273373 0.8952300593315433 0
    outer loop
      vertex 20.384774282574654 24.91553464319025 4
      vertex 20.745397858321667 24.736032856362208 3.8
      vertex 20.384774282574654 24.91553464319025 3.8
    endloop
  endfacet
  facet normal -0.5485369370179685 -0.8361263234266372 0
    outer loop
      vertex 20.385757856070995 24.577774284141405 4
      vertex 20.182389996945858 24.711192859070643 4
      vertex 20.182389996945858 24.711192859070643 3.8
    endloop
  endfacet
  facet normal -0.8835885565608215 -0.46826409505188826 0
    outer loop
      vertex 20.385757856070995 24.577774284141405 4
      vertex 20.385757856070995 24.577774284141405 3.8
      vertex 20.501501068472862 24.3593732171825 4
    endloop
  endfacet
  facet normal 0 0 1
    outer loop
      vertex 20.385757856070995 24.577774284141405 4
      vertex 20.384774282574654 24.91553464319025 4
      vertex 20.182389996945858 24.711192859070643 4
    endloop
  endfacet
  facet normal 0.11792732976916914 0.9930222277942794 0
    outer loop
      vertex 19.88093499839306 24.97536857213293 4
      vertex 20.384774282574654 24.91553464319025 4
      vertex 20.384774282574654 24.91553464319025 3.8
    endloop
  endfacet
  facet normal 0 0 1
    outer loop
      vertex 19.88093499839306 24.97536857213293 4
      vertex 20.182389996945858 24.711192859070643 4
      vertex 20.384774282574654 24.91553464319025 4
    endloop
  endfacet
  facet normal 0.4456042424273373 0.8952300593315433 0
    outer loop
      vertex 20.384774282574654 24.91553464319025 4
      vertex 20.745397858321667 24.736032856362208 4
      vertex 20.745397858321667 24.736032856362208 3.8
    endloop
  endfacet
  facet normal 0 0 1
    outer loop
      vertex 20.385757856070995 24.577774284141405 4
      vertex 20.501501068472862 24.3593732171825 4
      vertex 20.745397858321667 24.736032856362208 4
    endloop
  endfacet
  facet normal 0 0 1
    outer loop
      vertex 20.385757856070995 24.577774284141405 4
      vertex 20.745397858321667 24.736032856362208 4
      vertex 20.384774282574654 24.91553464319025 4
    endloop
  endfacet
  facet normal 0 0 1
    outer loop
      vertex 20.501501068472862 24.3593732171825 4
      vertex 20.962159641087055 24.44732571925436 4
      vertex 20.745397858321667 24.736032856362208 4
    endloop
  endfacet
  facet normal 0.7996921957854688 0.6004101864557391 0
    outer loop
      vertex 20.745397858321667 24.736032856362208 4
      vertex 20.962159641087055 24.44732571925436 4
      vertex 20.962159641087055 24.44732571925436 3.8
    endloop
  endfacet
endsolid OpenSCAD_Model
