solid OpenSCAD_Model
  facet normal -1 0 0
    outer loop
      vertex 0 0 0
      vertex 0 0 1
      vertex 0 14.285714284649917 0.9
    endloop
  endfacet
  facet normal 0 0 1
    outer loop
      vertex 0 0 1
      vertex 0.396478570997715 2.857142859271594 1
      vertex 0.00026428699493408203 4.104900003543921 1
    endloop
  endfacet
  facet normal 0 0 1
    outer loop
      vertex 0 0 1
      vertex 0.9961357116699219 2.857142859271594 1
      vertex 0.396478570997715 2.857142859271594 1
    endloop
  endfacet
  facet normal 0 0 1
    outer loop
      vertex 0 0 1
      vertex 0.00026428699493408203 4.104900003543921 1
      vertex 0.00026428699493408203 4.156242855957576 1
    endloop
  endfacet
  facet normal 0 0 1
    outer loop
      vertex 0.396478570997715 2.908485719135829 1
      vertex 0.00026428699493408203 4.104900003543921 1
      vertex 0.396478570997715 2.857142859271594 1
    endloop
  endfacet
  facet normal 0 0 1
    outer loop
      vertex 0.1465357169508934 4.079700001648494 1
      vertex 0.00026428699493408203 4.104900003543921 1
      vertex 0.396478570997715 2.908485719135829 1
    endloop
  endfacet
  facet normal 0 0 1
    outer loop
      vertex 0.6028214320540428 2.9346428598676404 1
      vertex 0.6028214320540428 3.362828576139041 1
      vertex 0.396478570997715 2.908485719135829 1
    endloop
  endfacet
  facet normal 0 0 1
    outer loop
      vertex 0.1465357169508934 4.079700001648494 1
      vertex 0.396478570997715 2.908485719135829 1
      vertex 0.6028214320540428 3.362828576139041 1
    endloop
  endfacet
  facet normal 0 0 1
    outer loop
      vertex 0.7481357157230377 3.480042860976287 1
      vertex 0.5495357140898705 4.104900003543921 1
      vertex 0.37516428530216217 4.079700001648494 1
    endloop
  endfacet
  facet normal 0 0 1
    outer loop
      vertex 0.5495357140898705 4.104900003543921 1
      vertex 0.9380071461200714 4.156242855957576 1
      vertex 0.5495357140898705 4.156242855957576 1
    endloop
  endfacet
  facet normal 0 0 1
    outer loop
      vertex 0 0 1
      vertex 0.00026428699493408203 4.156242855957576 1
      vertex 0 14.285714284649917 1
    endloop
  endfacet
  facet normal 0 0 1
    outer loop
      vertex 0.2657071426510811 8.930467852524348 1
      vertex 0.00026428699493408203 4.156242855957576 1
      vertex 0.3979428559541702 8.724000000527926 1
    endloop
  endfacet
  facet normal 0 0 1
    outer loop
      vertex 0.2216285690665245 9.205957138112613 1
      vertex 0.00026428699493408203 4.156242855957576 1
      vertex 0.2657071426510811 8.930467852524348 1
    endloop
  endfacet
  facet normal 0 0 1
    outer loop
      vertex 0.3979428559541702 8.724000000527926 1
      vertex 0.00026428699493408203 4.156242855957576 1
      vertex 0.6091321408748627 8.595042855611869 1
    endloop
  endfacet
  facet normal -1 0 0
    outer loop
      vertex 0 0 1
      vertex 0 14.285714284649917 1
      vertex 0 14.285714284649917 0.9
    endloop
  endfacet
  facet normal 0 0 1
    outer loop
      vertex 0 14.285714284649917 1
      vertex 0.00026428699493408203 4.156242855957576 1
      vertex 0.2216285690665245 9.205957138112613 1
    endloop
  endfacet
  facet normal 0 0 1
    outer loop
      vertex 0.4540107175707817 8.958446421793528 1
      vertex 1.2707857117056847 9.551799998751708 1
      vertex 0.42409999668598175 9.20789999621255 1
    endloop
  endfacet
  facet normal 0 0 1
    outer loop
      vertex 0.42409999668598175 9.20789999621255 1
      vertex 1.2707857117056847 9.551799998751708 1
      vertex 0.4526785686612129 9.474785708955356 1
    endloop
  endfacet
  facet normal 0 -1 0
    outer loop
      vertex 0 0 0
      vertex 8 0 1
      vertex 0 0 1
    endloop
  endfacet
  facet normal 0 0 1
    outer loop
      vertex 0 0 1
      vertex 1.5261357128620148 4.079700001648494 1
      vertex 0.9961357116699219 2.857142859271594 1
    endloop
  endfacet
  facet normal 0 0 1
    outer loop
      vertex 0 0 1
      vertex 2.007607139647007 2.827114285102912 1
      vertex 1.9562499970197678 2.827114285102912 1
    endloop
  endfacet
  facet normal 0 0 1
    outer loop
      vertex 0 0 1
      vertex 1.9562499970197678 2.827114285102912 1
      vertex 1.5261357128620148 4.079700001648494 1
    endloop
  endfacet
  facet normal 0 0 1
    outer loop
      vertex 0 0 1
      vertex 2.6905642822384834 2.827114285102912 1
      vertex 2.007607139647007 2.827114285102912 1
    endloop
  endfacet
  facet normal 0 0 1
    outer loop
      vertex 0 0 1
      vertex 2.7419071421027184 2.827114285102912 1
      vertex 2.6905642822384834 2.827114285102912 1
    endloop
  endfacet
  facet normal 0 0 1
    outer loop
      vertex 0 0 1
      vertex 3.8289642855525017 2.827114285102912 1
      vertex 2.7419071421027184 2.827114285102912 1
    endloop
  endfacet
  facet normal 0 0 1
    outer loop
      vertex 0.7897928580641747 2.9346428598676404 1
      vertex 0.9961357116699219 2.908485719135829 1
      vertex 1.5261357128620148 4.079700001648494 1
    endloop
  endfacet
  facet normal 0 0 1
    outer loop
      vertex 0.7897928580641747 2.9346428598676404 1
      vertex 1.5261357128620148 4.079700001648494 1
      vertex 0.7897928580641747 3.3686428602252683 1
    endloop
  endfacet
  facet normal 0 0 1
    outer loop
      vertex 0.9961357116699219 2.857142859271594 1
      vertex 1.5261357128620148 4.079700001648494 1
      vertex 0.9961357116699219 2.908485719135829 1
    endloop
  endfacet
  facet normal 0 0 1
    outer loop
      vertex 0.7481357157230377 3.480042860976287 1
      vertex 1.1026928573846817 4.079700001648494 1
      vertex 0.5495357140898705 4.104900003543921 1
    endloop
  endfacet
  facet normal 0 0 1
    outer loop
      vertex 0.9380071461200714 4.156242855957576 1
      vertex 0.5495357140898705 4.104900003543921 1
      vertex 0.9380071461200714 4.104900003543921 1
    endloop
  endfacet
  facet normal 0 0 1
    outer loop
      vertex 1.1026928573846817 4.079700001648494 1
      vertex 0.9380071461200714 4.104900003543921 1
      vertex 0.5495357140898705 4.104900003543921 1
    endloop
  endfacet
  facet normal 0 0 1
    outer loop
      vertex 0.7897928580641747 3.3686428602252683 1
      vertex 1.3603785708546638 4.104900003543921 1
      vertex 1.217978574335575 4.079700001648494 1
    endloop
  endfacet
  facet normal 0 0 1
    outer loop
      vertex 0.5495357140898705 4.156242855957576 1
      vertex 2.0895000025629997 5.765628577343055 1
      vertex 0.00026428699493408203 4.156242855957576 1
    endloop
  endfacet
  facet normal 0 0 1
    outer loop
      vertex 0.7897928580641747 3.3686428602252683 1
      vertex 1.4127928540110588 4.104900003543921 1
      vertex 1.3603785708546638 4.104900003543921 1
    endloop
  endfacet
  facet normal 0 0 1
    outer loop
      vertex 0.7897928580641747 3.3686428602252683 1
      vertex 1.5261357128620148 4.079700001648494 1
      vertex 1.4127928540110588 4.104900003543921 1
    endloop
  endfacet
  facet normal 0 0 1
    outer loop
      vertex 1.3603785708546638 4.104900003543921 1
      vertex 1.4127928540110588 4.156242855957576 1
      vertex 1.3603785708546638 4.156242855957576 1
    endloop
  endfacet
  facet normal 0 0 1
    outer loop
      vertex 1.4127928540110588 4.156242855957576 1
      vertex 1.3603785708546638 4.104900003543921 1
      vertex 1.4127928540110588 4.104900003543921 1
    endloop
  endfacet
  facet normal 0 0 1
    outer loop
      vertex 0.5495357140898705 4.156242855957576 1
      vertex 0.9380071461200714 4.156242855957576 1
      vertex 2.0895000025629997 5.71428571747882 1
    endloop
  endfacet
  facet normal 0 0 1
    outer loop
      vertex 1.3603785708546638 4.156242855957576 1
      vertex 2.0895000025629997 5.71428571747882 1
      vertex 0.9380071461200714 4.156242855957576 1
    endloop
  endfacet
  facet normal 0 0 1
    outer loop
      vertex 2.026978574693203 3.164242857268878 1
      vertex 1.9087928608059883 4.104900003543921 1
      vertex 1.717950001358986 4.079700001648494 1
    endloop
  endfacet
  facet normal 0 0 1
    outer loop
      vertex 1.3603785708546638 4.156242855957576 1
      vertex 1.4127928540110588 4.156242855957576 1
      vertex 2.0895000025629997 5.71428571747882 1
    endloop
  endfacet
  facet normal 0 0 1
    outer loop
      vertex 1.9087928608059883 4.156242855957576 1
      vertex 2.0895000025629997 5.71428571747882 1
      vertex 1.4127928540110588 4.156242855957576 1
    endloop
  endfacet
  facet normal 0 0 1
    outer loop
      vertex 2.026978574693203 3.164242857268878 1
      vertex 2.3766928538680077 4.065171429089137 1
      vertex 1.9087928608059883 4.104900003543921 1
    endloop
  endfacet
  facet normal 0 0 1
    outer loop
      vertex 1.9087928608059883 4.104900003543921 1
      vertex 2.3766928538680077 4.065171429089137 1
      vertex 1.9087928608059883 4.156242855957576 1
    endloop
  endfacet
  facet normal 0 0 1
    outer loop
      vertex 0 0 1
      vertex 3.880321428179741 2.827114285102912 1
      vertex 3.8289642855525017 2.827114285102912 1
    endloop
  endfacet
  facet normal 0 0 1
    outer loop
      vertex 0 0 1
      vertex 4.563278570771217 2.827114285102912 1
      vertex 3.880321428179741 2.827114285102912 1
    endloop
  endfacet
  facet normal 0 0 1
    outer loop
      vertex 0 0 1
      vertex 4.614621430635452 2.827114285102912 1
      vertex 4.563278570771217 2.827114285102912 1
    endloop
  endfacet
  facet normal 0 0 1
    outer loop
      vertex 2.3534500002861023 3.722242855599948 1
      vertex 2.007607139647007 2.827114285102912 1
      vertex 2.6905642822384834 2.827114285102912 1
    endloop
  endfacet
  facet normal 0 0 1
    outer loop
      vertex 2.7419071421027184 2.827114285102912 1
      vertex 3.279564283788204 4.104900003543921 1
      vertex 3.1662214249372482 4.079700001648494 1
    endloop
  endfacet
  facet normal 0 0 1
    outer loop
      vertex 2.7419071421027184 2.827114285102912 1
      vertex 3.3988500013947487 4.079700001648494 1
      vertex 3.2855071425437927 4.104900003543921 1
    endloop
  endfacet
  facet normal 0 0 1
    outer loop
      vertex 2.7419071421027184 2.827114285102912 1
      vertex 3.2855071425437927 4.104900003543921 1
      vertex 3.279564283788204 4.104900003543921 1
    endloop
  endfacet
  facet normal 0 0 1
    outer loop
      vertex 2.7574071437120438 3.164242857268878 1
      vertex 2.849449999630451 4.104900003543921 1
      vertex 2.420292854309082 4.065171429089137 1
    endloop
  endfacet
  facet normal 0 0 1
    outer loop
      vertex 2.849449999630451 4.156242855957576 1
      vertex 2.420292854309082 4.065171429089137 1
      vertex 2.849449999630451 4.104900003543921 1
    endloop
  endfacet
  facet normal 0 0 1
    outer loop
      vertex 1.9087928608059883 4.156242855957576 1
      vertex 2.3766928538680077 4.065171429089137 1
      vertex 3.4109571427106857 5.71428571747882 1
    endloop
  endfacet
  facet normal 0 0 1
    outer loop
      vertex 2.420292854309082 4.065171429089137 1
      vertex 3.4109571427106857 5.71428571747882 1
      vertex 2.3766928538680077 4.065171429089137 1
    endloop
  endfacet
  facet normal 0 0 1
    outer loop
      vertex 2.7574071437120438 3.164242857268878 1
      vertex 3.051907144486904 4.079700001648494 1
      vertex 2.849449999630451 4.104900003543921 1
    endloop
  endfacet
  facet normal 0 0 1
    outer loop
      vertex 2.420292854309082 4.065171429089137 1
      vertex 2.849449999630451 4.156242855957576 1
      vertex 3.4109571427106857 5.71428571747882 1
    endloop
  endfacet
  facet normal 0 0 1
    outer loop
      vertex 3.3988500013947487 4.079700001648494 1
      vertex 2.7419071421027184 2.827114285102912 1
      vertex 3.8289642855525017 2.827114285102912 1
    endloop
  endfacet
  facet normal 0 0 1
    outer loop
      vertex 3.279564283788204 4.104900003543921 1
      vertex 3.2855071425437927 4.156242855957576 1
      vertex 3.279564283788204 4.156242855957576 1
    endloop
  endfacet
  facet normal 0 0 1
    outer loop
      vertex 3.2855071425437927 4.156242855957576 1
      vertex 3.279564283788204 4.104900003543921 1
      vertex 3.2855071425437927 4.104900003543921 1
    endloop
  endfacet
  facet normal 0 0 1
    outer loop
      vertex 3.279564283788204 4.156242855957576 1
      vertex 3.4109571427106857 5.71428571747882 1
      vertex 2.849449999630451 4.156242855957576 1
    endloop
  endfacet
  facet normal 0 0 1
    outer loop
      vertex 3.279564283788204 4.156242855957576 1
      vertex 3.2855071425437927 4.156242855957576 1
      vertex 3.4109571427106857 5.71428571747882 1
    endloop
  endfacet
  facet normal 0 0 1
    outer loop
      vertex 3.7815071418881416 4.156242855957576 1
      vertex 3.4109571427106857 5.71428571747882 1
      vertex 3.2855071425437927 4.156242855957576 1
    endloop
  endfacet
  facet normal 0 0 1
    outer loop
      vertex 3.8996928557753563 3.164242857268878 1
      vertex 3.7815071418881416 4.104900003543921 1
      vertex 3.590664282441139 4.079700001648494 1
    endloop
  endfacet
  facet normal 0 0 1
    outer loop
      vertex 3.7815071418881416 4.104900003543921 1
      vertex 4.249407142400742 4.065171429089137 1
      vertex 3.7815071418881416 4.156242855957576 1
    endloop
  endfacet
  facet normal 0 0 1
    outer loop
      vertex 0.00026428699493408203 4.156242855957576 1
      vertex 2.0895000025629997 5.765628577343055 1
      vertex 2.0895000025629997 6.962042861751147 1
    endloop
  endfacet
  facet normal 0 0 1
    outer loop
      vertex 0.00026428699493408203 4.156242855957576 1
      vertex 2.0895000025629997 6.962042861751147 1
      vertex 0.6091321408748627 8.595042855611869 1
    endloop
  endfacet
  facet normal 0 0 1
    outer loop
      vertex 0.5495357140898705 4.156242855957576 1
      vertex 2.0895000025629997 5.71428571747882 1
      vertex 2.0895000025629997 5.765628577343055 1
    endloop
  endfacet
  facet normal 0 0 1
    outer loop
      vertex 1.9087928608059883 4.156242855957576 1
      vertex 2.608757145702839 5.71428571747882 1
      vertex 2.0895000025629997 5.71428571747882 1
    endloop
  endfacet
  facet normal 0 0 1
    outer loop
      vertex 2.2561285719275475 5.791785718074866 1
      vertex 2.2561285719275475 6.9368428598557195 1
      vertex 2.0895000025629997 5.765628577343055 1
    endloop
  endfacet
  facet normal 0 0 1
    outer loop
      vertex 2.2561285719275475 6.9368428598557195 1
      vertex 2.0895000025629997 6.962042861751147 1
      vertex 2.0895000025629997 5.765628577343055 1
    endloop
  endfacet
  facet normal 0 0 1
    outer loop
      vertex 0.6091321408748627 8.595042855611869 1
      vertex 2.0895000025629997 7.0133857141648015 1
      vertex 0.8900714293122292 8.55205714063985 1
    endloop
  endfacet
  facet normal 0 0 1
    outer loop
      vertex 0.8900714293122292 8.55205714063985 1
      vertex 2.0895000025629997 7.0133857141648015 1
      vertex 1.127167858183384 8.567314283124038 1
    endloop
  endfacet
  facet normal 0 0 1
    outer loop
      vertex 1.127167858183384 8.567314283124038 1
      vertex 2.0895000025629997 7.0133857141648015 1
      vertex 1.348285712301731 8.613085710576602 1
    endloop
  endfacet
  facet normal 0 0 1
    outer loop
      vertex 1.533414289355278 8.6227714280997 1
      vertex 1.348285712301731 8.613085710576602 1
      vertex 1.533414289355278 8.571428568235465 1
    endloop
  endfacet
  facet normal 0 0 1
    outer loop
      vertex 1.348285712301731 8.613085710576602 1
      vertex 1.533414289355278 8.6227714280997 1
      vertex 1.6874428540468216 8.648928568831511 1
    endloop
  endfacet
  facet normal 0 0 1
    outer loop
      vertex 0.6906321421265602 8.663939283362456 1
      vertex 1.2707857117056847 9.551799998751708 1
      vertex 0.5437428578734398 8.775828571191855 1
    endloop
  endfacet
  facet normal 0 0 1
    outer loop
      vertex 0.5437428578734398 8.775828571191855 1
      vertex 1.2707857117056847 9.551799998751708 1
      vertex 0.4540107175707817 8.958446421793528 1
    endloop
  endfacet
  facet normal 0 0 1
    outer loop
      vertex 0.8920142874121666 8.62664285408599 1
      vertex 1.2707857117056847 9.551799998751708 1
      vertex 0.6906321421265602 8.663939283362456 1
    endloop
  endfacet
  facet normal 0 0 1
    outer loop
      vertex 0.9992964267730713 8.633303568831511 1
      vertex 1.3347285687923431 9.551799998751708 1
      vertex 0.8920142874121666 8.62664285408599 1
    endloop
  endfacet
  facet normal 0 0 1
    outer loop
      vertex 0.4526785686612129 9.474785708955356 1
      vertex 1.2707857117056847 9.551799998751708 1
      vertex 0.5384142845869064 9.661271424165793 1
    endloop
  endfacet
  facet normal 0 0 1
    outer loop
      vertex 0.5384142845869064 9.661271424165793 1
      vertex 1.2707857117056847 9.551799998751708 1
      vertex 0.6863928586244583 9.770985708705016 1
    endloop
  endfacet
  facet normal 0 0 1
    outer loop
      vertex 0.6863928586244583 9.770985708705016 1
      vertex 1.2707857117056847 9.551799998751708 1
      vertex 0.901699997484684 9.807557136884757 1
    endloop
  endfacet
  facet normal 0 0 1
    outer loop
      vertex 0.901699997484684 9.807557136884757 1
      vertex 1.2707857117056847 9.551799998751708 1
      vertex 0.9938500002026558 9.801864282361098 1
    endloop
  endfacet
  facet normal 0 0 1
    outer loop
      vertex 0.9938500002026558 9.801864282361098 1
      vertex 1.2707857117056847 9.551799998751708 1
      vertex 1.0842999964952469 9.784785711339541 1
    endloop
  endfacet
  facet normal 0 0 1
    outer loop
      vertex 1.100285716354847 8.653285713068076 1
      vertex 1.3347285687923431 9.551799998751708 1
      vertex 0.9992964267730713 8.633303568831511 1
    endloop
  endfacet
  facet normal 0 0 1
    outer loop
      vertex 1.1879571452736855 8.684407138398715 1
      vertex 1.3347285687923431 9.551799998751708 1
      vertex 1.100285716354847 8.653285713068076 1
    endloop
  endfacet
  facet normal 0 0 1
    outer loop
      vertex 1.2552857175469398 8.72448571132762 1
      vertex 1.3347285687923431 9.551799998751708 1
      vertex 1.1879571452736855 8.684407138398715 1
    endloop
  endfacet
  facet normal 0 0 1
    outer loop
      vertex 0.8920142874121666 8.62664285408599 1
      vertex 1.3347285687923431 9.551799998751708 1
      vertex 1.2707857117056847 9.551799998751708 1
    endloop
  endfacet
  facet normal 0 0 1
    outer loop
      vertex 1.2552857175469398 8.72448571132762 1
      vertex 1.2911285683512688 8.918242850473948 1
      vertex 1.3347285687923431 9.551799998751708 1
    endloop
  endfacet
  facet normal 0 0 1
    outer loop
      vertex 1.3540999963879585 8.918242850473948 1
      vertex 1.5208142846822739 9.819185712507792 1
      vertex 1.2911285683512688 8.918242850473948 1
    endloop
  endfacet
  facet normal 0 0 1
    outer loop
      vertex 1.348285712301731 8.613085710576602 1
      vertex 1.6874428540468216 9.793985710612365 1
      vertex 1.3540999963879585 8.918242850473948 1
    endloop
  endfacet
  facet normal 0 0 1
    outer loop
      vertex 1.2417285740375519 9.720371426216193 1
      vertex 1.0842999964952469 9.784785711339541 1
      vertex 1.2707857117056847 9.551799998751708 1
    endloop
  endfacet
  facet normal 0 0 1
    outer loop
      vertex 1.0842999964952469 9.784785711339541 1
      vertex 1.2417285740375519 9.720371426216193 1
      vertex 1.1684642881155014 9.757303566804953 1
    endloop
  endfacet
  facet normal 0 0 1
    outer loop
      vertex 1.2911285683512688 8.918242850473948 1
      vertex 1.5208142846822739 9.819185712507792 1
      vertex 1.3347285687923431 9.551799998751708 1
    endloop
  endfacet
  facet normal 0 0 1
    outer loop
      vertex 1.6874428540468216 9.793985710612365 1
      vertex 1.5208142846822739 9.819185712507792 1
      vertex 1.3540999963879585 8.918242850473948 1
    endloop
  endfacet
  facet normal 0 0 1
    outer loop
      vertex 1.3347285687923431 9.551799998751708 1
      vertex 1.5208142846822739 9.819185712507792 1
      vertex 1.3289142847061157 9.835642852953502 1
    endloop
  endfacet
  facet normal 0 0 1
    outer loop
      vertex 1.5208142846822739 9.870528564921447 1
      vertex 1.3289142847061157 9.835642852953502 1
      vertex 1.5208142846822739 9.819185712507792 1
    endloop
  endfacet
  facet normal 0 0 1
    outer loop
      vertex 2.0895000025629997 7.0133857141648015 1
      vertex 0.6091321408748627 8.595042855611869 1
      vertex 2.0895000025629997 6.962042861751147 1
    endloop
  endfacet
  facet normal 0 0 1
    outer loop
      vertex 2.0895000025629997 7.0133857141648015 1
      vertex 1.533414289355278 8.571428568235465 1
      vertex 1.348285712301731 8.613085710576602 1
    endloop
  endfacet
  facet normal 0 0 1
    outer loop
      vertex 1.533414289355278 8.571428568235465 1
      vertex 2.0895000025629997 7.0133857141648015 1
      vertex 2.0807571411132812 8.571428568235465 1
    endloop
  endfacet
  facet normal 0 0 1
    outer loop
      vertex 2.608757145702839 7.0133857141648015 1
      vertex 2.0807571411132812 8.571428568235465 1
      vertex 2.0895000025629997 7.0133857141648015 1
    endloop
  endfacet
  facet normal 0 0 1
    outer loop
      vertex 2.0807571411132812 8.571428568235465 1
      vertex 2.624285712838173 8.6227714280997 1
      vertex 2.0807571411132812 8.6227714280997 1
    endloop
  endfacet
  facet normal 0 0 1
    outer loop
      vertex 1.348285712301731 8.613085710576602 1
      vertex 1.6874428540468216 8.648928568831511 1
      vertex 1.6874428540468216 9.793985710612365 1
    endloop
  endfacet
  facet normal 0 0 1
    outer loop
      vertex 1.9693428575992584 9.783328571489879 1
      vertex 1.874414287507534 9.783328571489879 1
      vertex 1.874414287507534 9.16818571197135 1
    endloop
  endfacet
  facet normal 0 0 1
    outer loop
      vertex 1.874414287507534 8.648928568831511 1
      vertex 2.0807571411132812 8.6227714280997 1
      vertex 1.874414287507534 9.080985711089202 1
    endloop
  endfacet
  facet normal 0 0 1
    outer loop
      vertex 1.874414287507534 9.080985711089202 1
      vertex 2.0807571411132812 8.6227714280997 1
      vertex 2.0206857174634933 9.080985711089202 1
    endloop
  endfacet
  facet normal 0 0 1
    outer loop
      vertex 2.0206857174634933 9.080985711089202 1
      vertex 2.0807571411132812 8.6227714280997 1
      vertex 2.220132142305374 9.106900000146457 1
    endloop
  endfacet
  facet normal 0 0 1
    outer loop
      vertex 1.9751571416854858 9.16818571197135 1
      vertex 2.1174392849206924 9.18683213847024 1
      vertex 1.874414287507534 9.16818571197135 1
    endloop
  endfacet
  facet normal 0 0 1
    outer loop
      vertex 2.1174392849206924 9.18683213847024 1
      vertex 2.2168571427464485 9.24277142541749 1
      vertex 1.874414287507534 9.16818571197135 1
    endloop
  endfacet
  facet normal 0 0 1
    outer loop
      vertex 2.2168571427464485 9.24277142541749 1
      vertex 2.275346428155899 9.340860710612365 1
      vertex 1.874414287507534 9.16818571197135 1
    endloop
  endfacet
  facet normal 0 0 1
    outer loop
      vertex 2.0807571411132812 8.6227714280997 1
      vertex 2.624285712838173 8.6227714280997 1
      vertex 2.220132142305374 9.106900000146457 1
    endloop
  endfacet
  facet normal 0 0 1
    outer loop
      vertex 2.275346428155899 9.340860710612365 1
      vertex 2.294842854142189 9.485928566328116 1
      vertex 1.874414287507534 9.16818571197135 1
    endloop
  endfacet
  facet normal 0 0 1
    outer loop
      vertex 2.1202249974012375 9.766132139733859 1
      vertex 1.9693428575992584 9.783328571489879 1
      vertex 1.874414287507534 9.16818571197135 1
    endloop
  endfacet
  facet normal 0 0 1
    outer loop
      vertex 2.276192858815193 9.623003565839358 1
      vertex 2.2202428579330444 9.71454285191638 1
      vertex 1.874414287507534 9.16818571197135 1
    endloop
  endfacet
  facet normal 0 0 1
    outer loop
      vertex 2.2202428579330444 9.71454285191638 1
      vertex 2.1202249974012375 9.766132139733859 1
      vertex 1.874414287507534 9.16818571197135 1
    endloop
  endfacet
  facet normal 0 0 1
    outer loop
      vertex 2.294842854142189 9.485928566328116 1
      vertex 2.276192858815193 9.623003565839358 1
      vertex 1.874414287507534 9.16818571197135 1
    endloop
  endfacet
  facet normal 0 0 1
    outer loop
      vertex 1.9087928608059883 4.156242855957576 1
      vertex 2.7502285689115524 5.71428571747882 1
      vertex 2.608757145702839 5.71428571747882 1
    endloop
  endfacet
  facet normal 0 0 1
    outer loop
      vertex 1.9087928608059883 4.156242855957576 1
      vertex 3.2694857120513916 5.71428571747882 1
      vertex 2.7502285689115524 5.71428571747882 1
    endloop
  endfacet
  facet normal 0 0 1
    outer loop
      vertex 2.4421285688877106 5.791785718074866 1
      vertex 2.608757145702839 5.765628577343055 1
      vertex 2.7502285689115524 5.765628577343055 1
    endloop
  endfacet
  facet normal 0 0 1
    outer loop
      vertex 2.608757145702839 5.71428571747882 1
      vertex 2.7502285689115524 5.765628577343055 1
      vertex 2.608757145702839 5.765628577343055 1
    endloop
  endfacet
  facet normal 0 0 1
    outer loop
      vertex 2.7502285689115524 5.765628577343055 1
      vertex 2.608757145702839 5.71428571747882 1
      vertex 2.7502285689115524 5.71428571747882 1
    endloop
  endfacet
  facet normal 0 0 1
    outer loop
      vertex 2.4421285688877106 5.791785718074866 1
      vertex 2.7502285689115524 5.765628577343055 1
      vertex 2.9168571457266808 6.9368428598557195 1
    endloop
  endfacet
  facet normal 0 0 1
    outer loop
      vertex 1.9087928608059883 4.156242855957576 1
      vertex 3.4109571427106857 5.765628577343055 1
      vertex 3.2694857120513916 5.71428571747882 1
    endloop
  endfacet
  facet normal 0 0 1
    outer loop
      vertex 1.9087928608059883 4.156242855957576 1
      vertex 3.4109571427106857 5.71428571747882 1
      vertex 3.4109571427106857 5.765628577343055 1
    endloop
  endfacet
  facet normal 0 0 1
    outer loop
      vertex 2.9168571457266808 5.791785718074866 1
      vertex 2.9168571457266808 6.9368428598557195 1
      vertex 2.7502285689115524 5.765628577343055 1
    endloop
  endfacet
  facet normal 0 0 1
    outer loop
      vertex 2.4421285688877106 5.791785718074866 1
      vertex 2.608757145702839 6.962042861751147 1
      vertex 2.4421285688877106 6.9368428598557195 1
    endloop
  endfacet
  facet normal 0 0 1
    outer loop
      vertex 2.4421285688877106 5.791785718074866 1
      vertex 2.7502285689115524 6.962042861751147 1
      vertex 2.608757145702839 6.962042861751147 1
    endloop
  endfacet
  facet normal 0 0 1
    outer loop
      vertex 2.4421285688877106 5.791785718074866 1
      vertex 2.9168571457266808 6.9368428598557195 1
      vertex 2.7502285689115524 6.962042861751147 1
    endloop
  endfacet
  facet normal 0 0 1
    outer loop
      vertex 2.608757145702839 6.962042861751147 1
      vertex 2.7502285689115524 7.0133857141648015 1
      vertex 2.608757145702839 7.0133857141648015 1
    endloop
  endfacet
  facet normal 0 0 1
    outer loop
      vertex 2.7502285689115524 7.0133857141648015 1
      vertex 2.608757145702839 6.962042861751147 1
      vertex 2.7502285689115524 6.962042861751147 1
    endloop
  endfacet
  facet normal 0 0 1
    outer loop
      vertex 3.102857142686844 5.791785718074866 1
      vertex 3.2694857120513916 5.765628577343055 1
      vertex 3.4109571427106857 5.765628577343055 1
    endloop
  endfacet
  facet normal 0 0 1
    outer loop
      vertex 3.2694857120513916 5.71428571747882 1
      vertex 3.4109571427106857 5.765628577343055 1
      vertex 3.2694857120513916 5.765628577343055 1
    endloop
  endfacet
  facet normal 0 0 1
    outer loop
      vertex 3.102857142686844 5.791785718074866 1
      vertex 3.4109571427106857 5.765628577343055 1
      vertex 3.5775857120752335 6.9368428598557195 1
    endloop
  endfacet
  facet normal 0 0 1
    outer loop
      vertex 3.5775857120752335 5.791785718074866 1
      vertex 3.5775857120752335 6.9368428598557195 1
      vertex 3.4109571427106857 5.765628577343055 1
    endloop
  endfacet
  facet normal 0 0 1
    outer loop
      vertex 3.4109571427106857 5.71428571747882 1
      vertex 3.7815071418881416 4.156242855957576 1
      vertex 3.930214285850525 5.71428571747882 1
    endloop
  endfacet
  facet normal 0 0 1
    outer loop
      vertex 3.7815071418881416 4.156242855957576 1
      vertex 4.071685716509819 5.71428571747882 1
      vertex 3.930214285850525 5.71428571747882 1
    endloop
  endfacet
  facet normal 0 0 1
    outer loop
      vertex 3.763585716485977 5.791785718074866 1
      vertex 3.930214285850525 5.765628577343055 1
      vertex 4.071685716509819 5.765628577343055 1
    endloop
  endfacet
  facet normal 0 0 1
    outer loop
      vertex 3.102857142686844 5.791785718074866 1
      vertex 3.2694857120513916 6.962042861751147 1
      vertex 3.102857142686844 6.9368428598557195 1
    endloop
  endfacet
  facet normal 0 0 1
    outer loop
      vertex 3.102857142686844 5.791785718074866 1
      vertex 3.4109571427106857 6.962042861751147 1
      vertex 3.2694857120513916 6.962042861751147 1
    endloop
  endfacet
  facet normal 0 0 1
    outer loop
      vertex 3.102857142686844 5.791785718074866 1
      vertex 3.5775857120752335 6.9368428598557195 1
      vertex 3.4109571427106857 6.962042861751147 1
    endloop
  endfacet
  facet normal 0 0 1
    outer loop
      vertex 3.2694857120513916 6.962042861751147 1
      vertex 3.4109571427106857 7.0133857141648015 1
      vertex 3.2694857120513916 7.0133857141648015 1
    endloop
  endfacet
  facet normal 0 0 1
    outer loop
      vertex 3.4109571427106857 7.0133857141648015 1
      vertex 3.2694857120513916 6.962042861751147 1
      vertex 3.4109571427106857 6.962042861751147 1
    endloop
  endfacet
  facet normal 0 0 1
    outer loop
      vertex 3.763585716485977 5.791785718074866 1
      vertex 3.930214285850525 6.962042861751147 1
      vertex 3.763585716485977 6.9368428598557195 1
    endloop
  endfacet
  facet normal 0 0 1
    outer loop
      vertex 3.763585716485977 5.791785718074866 1
      vertex 4.071685716509819 6.962042861751147 1
      vertex 3.930214285850525 6.962042861751147 1
    endloop
  endfacet
  facet normal 0 0 1
    outer loop
      vertex 2.608757145702839 7.0133857141648015 1
      vertex 2.624285712838173 8.571428568235465 1
      vertex 2.0807571411132812 8.571428568235465 1
    endloop
  endfacet
  facet normal 0 0 1
    outer loop
      vertex 2.624285712838173 8.6227714280997 1
      vertex 2.0807571411132812 8.571428568235465 1
      vertex 2.624285712838173 8.571428568235465 1
    endloop
  endfacet
  facet normal 0 0 1
    outer loop
      vertex 2.624285712838173 8.571428568235465 1
      vertex 2.608757145702839 7.0133857141648015 1
      vertex 3.06700000166893 8.571428568235465 1
    endloop
  endfacet
  facet normal 0 0 1
    outer loop
      vertex 2.608757145702839 7.0133857141648015 1
      vertex 3.693785712122917 8.571428568235465 1
      vertex 3.06700000166893 8.571428568235465 1
    endloop
  endfacet
  facet normal 0 0 1
    outer loop
      vertex 2.220132142305374 9.106900000146457 1
      vertex 2.624285712838173 8.6227714280997 1
      vertex 2.3670142889022827 9.18464285241706 1
    endloop
  endfacet
  facet normal 0 0 1
    outer loop
      vertex 2.3670142889022827 9.18464285241706 1
      vertex 2.7909142822027206 8.648928568831511 1
      vertex 2.457474999129772 9.312278569809028 1
    endloop
  endfacet
  facet normal 0 0 1
    outer loop
      vertex 2.7909142822027206 8.648928568831511 1
      vertex 2.3670142889022827 9.18464285241706 1
      vertex 2.624285712838173 8.6227714280997 1
    endloop
  endfacet
  facet normal 0 0 1
    outer loop
      vertex 2.457474999129772 9.312278569809028 1
      vertex 2.7909142822027206 8.648928568831511 1
      vertex 2.487628571689129 9.487871424428054 1
    endloop
  endfacet
  facet normal 0 0 1
    outer loop
      vertex 2.7909142822027206 8.648928568831511 1
      vertex 2.7909142822027206 9.793985710612365 1
      vertex 2.487628571689129 9.487871424428054 1
    endloop
  endfacet
  facet normal 0 0 1
    outer loop
      vertex 2.487628571689129 9.487871424428054 1
      vertex 2.624285712838173 9.819185712507792 1
      vertex 2.3684714287519455 9.774864279798098 1
    endloop
  endfacet
  facet normal 0 0 1
    outer loop
      vertex 2.624285712838173 9.870528564921447 1
      vertex 2.3684714287519455 9.774864279798098 1
      vertex 2.624285712838173 9.819185712507792 1
    endloop
  endfacet
  facet normal 0 0 1
    outer loop
      vertex 2.624285712838173 9.819185712507792 1
      vertex 2.487628571689129 9.487871424428054 1
      vertex 2.7909142822027206 9.793985710612365 1
    endloop
  endfacet
  facet normal 0 0 1
    outer loop
      vertex 3.06700000166893 8.6227714280997 1
      vertex 2.8926285728812218 9.739742853811808 1
      vertex 2.8926285728812218 8.648928568831511 1
    endloop
  endfacet
  facet normal 0 0 1
    outer loop
      vertex 2.608757145702839 7.0133857141648015 1
      vertex 2.7502285689115524 7.0133857141648015 1
      vertex 4.125450000166893 8.930467852524348 1
    endloop
  endfacet
  facet normal 0 0 1
    outer loop
      vertex 3.2694857120513916 7.0133857141648015 1
      vertex 4.125450000166893 8.930467852524348 1
      vertex 2.7502285689115524 7.0133857141648015 1
    endloop
  endfacet
  facet normal 0 0 1
    outer loop
      vertex 3.693785712122917 8.571428568235465 1
      vertex 2.608757145702839 7.0133857141648015 1
      vertex 3.7877571433782578 8.571428568235465 1
    endloop
  endfacet
  facet normal 0 0 1
    outer loop
      vertex 3.06700000166893 8.571428568235465 1
      vertex 3.693785712122917 8.571428568235465 1
      vertex 3.06700000166893 8.6227714280997 1
    endloop
  endfacet
  facet normal 0 0 1
    outer loop
      vertex 2.608757145702839 7.0133857141648015 1
      vertex 4.125450000166893 8.930467852524348 1
      vertex 3.7877571433782578 8.571428568235465 1
    endloop
  endfacet
  facet normal 0 0 1
    outer loop
      vertex 3.2694857120513916 7.0133857141648015 1
      vertex 3.4109571427106857 7.0133857141648015 1
      vertex 4.257685713469982 8.724000000527926 1
    endloop
  endfacet
  facet normal 0 0 1
    outer loop
      vertex 3.930214285850525 7.0133857141648015 1
      vertex 4.257685713469982 8.724000000527926 1
      vertex 3.4109571427106857 7.0133857141648015 1
    endloop
  endfacet
  facet normal 0 0 1
    outer loop
      vertex 3.2694857120513916 7.0133857141648015 1
      vertex 4.257685713469982 8.724000000527926 1
      vertex 4.125450000166893 8.930467852524348 1
    endloop
  endfacet
  facet normal 0 0 1
    outer loop
      vertex 2.8926285728812218 9.739742853811808 1
      vertex 3.06700000166893 8.6227714280997 1
      vertex 3.693785712122917 8.571428568235465 1
    endloop
  endfacet
  facet normal 0 0 1
    outer loop
      vertex 3.511657141149044 9.870528564921447 1
      vertex 3.0175999999046326 9.870528564921447 1
      vertex 3.511657141149044 9.819185712507792 1
    endloop
  endfacet
  facet normal 0 0 1
    outer loop
      vertex 3.6860285699367523 8.908557140401431 1
      vertex 3.511657141149044 9.819185712507792 1
      vertex 3.0175999999046326 9.870528564921447 1
    endloop
  endfacet
  facet normal 0 0 1
    outer loop
      vertex 3.7877571433782578 8.571428568235465 1
      vertex 4.123753570020199 9.500335709324904 1
      vertex 3.7877571433782578 9.793985710612365 1
    endloop
  endfacet
  facet normal 0 0 1
    outer loop
      vertex 3.6860285699367523 8.908557140401431 1
      vertex 3.6860285699367523 9.793985710612365 1
      vertex 3.511657141149044 9.819185712507792 1
    endloop
  endfacet
  facet normal -1 0 0
    outer loop
      vertex 0 0 0
      vertex 0 14.285714284649917 0.9
      vertex 0 16.624094286135264 0.9
    endloop
  endfacet
  facet normal -1 0 0
    outer loop
      vertex 0 0 0
      vertex 0 20 1
      vertex 0 20 0
    endloop
  endfacet
  facet normal 0 0 -1
    outer loop
      vertex 0 0 0
      vertex 0 20 0
      vertex 8 20 0
    endloop
  endfacet
  facet normal 0 1 0
    outer loop
      vertex 0 20 0
      vertex 0 20 1
      vertex 8 20 0
    endloop
  endfacet
  facet normal -1 0 0
    outer loop
      vertex 0 0 0
      vertex 0 16.624094286135264 0.9
      vertex 0 20 1
    endloop
  endfacet
  facet normal 0 0 1
    outer loop
      vertex 0.2640107125043869 9.500335709324904 1
      vertex 0.2216285690665245 12.063099996319838 1
      vertex 0.2216285690665245 9.205957138112613 1
    endloop
  endfacet
  facet normal 0 0 1
    outer loop
      vertex 0.3911571428179741 9.713099994829722 1
      vertex 0.2657071426510811 11.787610710731574 1
      vertex 0.2640107125043869 9.500335709324904 1
    endloop
  endfacet
  facet normal 0 0 1
    outer loop
      vertex 0.2640107125043869 9.500335709324904 1
      vertex 0.2657071426510811 11.787610710731574 1
      vertex 0.2216285690665245 12.063099996319838 1
    endloop
  endfacet
  facet normal 0 0 1
    outer loop
      vertex 0.6016250029206276 9.842067853680678 1
      vertex 0.3979428559541702 11.581142858735152 1
      vertex 0.3911571428179741 9.713099994829722 1
    endloop
  endfacet
  facet normal 0 0 1
    outer loop
      vertex 0.8939428552985191 9.885057137480803 1
      vertex 0.6091321408748627 11.452185713819095 1
      vertex 0.6016250029206276 9.842067853680678 1
    endloop
  endfacet
  facet normal 0 0 1
    outer loop
      vertex 0.3911571428179741 9.713099994829722 1
      vertex 0.3979428559541702 11.581142858735152 1
      vertex 0.2657071426510811 11.787610710731574 1
    endloop
  endfacet
  facet normal 0 0 1
    outer loop
      vertex 0.6016250029206276 9.842067853680678 1
      vertex 0.6091321408748627 11.452185713819095 1
      vertex 0.3979428559541702 11.581142858735152 1
    endloop
  endfacet
  facet normal 0 0 1
    outer loop
      vertex 0 14.285714284649917 1
      vertex 0.2216285690665245 9.205957138112613 1
      vertex 0.2216285690665245 12.063099996319838 1
    endloop
  endfacet
  facet normal 0 0 1
    outer loop
      vertex 0.4540107175707817 11.815589280000754 1
      vertex 1.2707857117056847 12.408942856958934 1
      vertex 0.42409999668598175 12.065042854419776 1
    endloop
  endfacet
  facet normal 0 0 1
    outer loop
      vertex 0.42409999668598175 12.065042854419776 1
      vertex 1.2707857117056847 12.408942856958934 1
      vertex 0.4526785686612129 12.331928567162581 1
    endloop
  endfacet
  facet normal 0 0 1
    outer loop
      vertex 0 14.285714284649917 1
      vertex 0.2216285690665245 12.063099996319838 1
      vertex 0.2640107125043869 12.35747856753213 1
    endloop
  endfacet
  facet normal 0 0 1
    outer loop
      vertex 0 14.285714284649917 1
      vertex 0.2640107125043869 12.35747856753213 1
      vertex 0.3911571428179741 12.570242853036948 1
    endloop
  endfacet
  facet normal 0 0 1
    outer loop
      vertex 0 14.285714284649917 1
      vertex 0.3911571428179741 12.570242853036948 1
      vertex 0.6016250029206276 12.699210711887904 1
    endloop
  endfacet
  facet normal 0 0 1
    outer loop
      vertex 0 14.285714284649917 1
      vertex 0.6016250029206276 12.699210711887904 1
      vertex 0.8939428552985191 12.74219999568803 1
    endloop
  endfacet
  facet normal 0 0 1
    outer loop
      vertex 0 14.285714284649917 1
      vertex 0.8939428552985191 12.74219999568803 1
      vertex 1.103921428322792 12.729846426418849 1
    endloop
  endfacet
  facet normal 0 0 1
    outer loop
      vertex 0 14.285714284649917 1
      vertex 1.5208142846822739 12.727671423128673 1
      vertex 0.4719614312052727 14.285714284649917 1
    endloop
  endfacet
  facet normal 0 0 1
    outer loop
      vertex 0.1720300018787384 14.425214284232684 1
      vertex 0.4719614312052727 16.53167714284999 1
      vertex 0.1720300018787384 16.48631714390857 1
    endloop
  endfacet
  facet normal 0 0 1
    outer loop
      vertex 0 16.624094286135264 1
      vertex 0.4719614312052727 16.624094286135264 1
      vertex 0.6339342817664146 17.25038571762187 1
    endloop
  endfacet
  facet normal 0 0 1
    outer loop
      vertex 0 16.624094286135264 1
      vertex 0.6339342817664146 17.25038571762187 1
      vertex 0.6138857081532478 17.356765710881778 1
    endloop
  endfacet
  facet normal 0 0 1
    outer loop
      vertex 0 16.624094286135264 1
      vertex 0.6138857081532478 17.356765710881778 1
      vertex 0.6342257112264633 17.466025711170264 1
    endloop
  endfacet
  facet normal 0 0 1
    outer loop
      vertex 0 16.624094286135264 1
      vertex 0.6342257112264633 17.466025711170264 1
      vertex 0.6952457129955292 17.55668571697814 1
    endloop
  endfacet
  facet normal 0 0 1
    outer loop
      vertex 0.6339342817664146 17.25038571762187 1
      vertex 0.4719614312052727 16.624094286135264 1
      vertex 0.6940799951553345 17.15910857277257 1
    endloop
  endfacet
  facet normal 0 0 1
    outer loop
      vertex 0.6940799951553345 17.15910857277257 1
      vertex 0.4719614312052727 16.624094286135264 1
      vertex 0.7844742834568024 17.096340001693793 1
    endloop
  endfacet
  facet normal -1 0 0
    outer loop
      vertex 0 20 1
      vertex 0 16.624094286135264 0.9
      vertex 0 16.624094286135264 1
    endloop
  endfacet
  facet normal 0 0 1
    outer loop
      vertex 0 20 1
      vertex 0 16.624094286135264 1
      vertex 0.6952457129955292 17.55668571697814 1
    endloop
  endfacet
  facet normal 0 0 1
    outer loop
      vertex 0 20 1
      vertex 0.6952457129955292 17.55668571697814 1
      vertex 0.7859314233064651 17.617731430700847 1
    endloop
  endfacet
  facet normal 0 0 1
    outer loop
      vertex 0 20 1
      vertex 0.7859314233064651 17.617731430700847 1
      vertex 0.8951999992132187 17.63808000194175 1
    endloop
  endfacet
  facet normal 0 0 1
    outer loop
      vertex 0 20 1
      vertex 0.8951999992132187 17.63808000194175 1
      vertex 1.0044599995017052 17.617731430700847 1
    endloop
  endfacet
  facet normal 0 0 1
    outer loop
      vertex 1.103921428322792 9.872703568211623 1
      vertex 0.8900714293122292 11.409199998847075 1
      vertex 0.8939428552985191 9.885057137480803 1
    endloop
  endfacet
  facet normal 0 0 1
    outer loop
      vertex 0.8939428552985191 9.885057137480803 1
      vertex 0.8900714293122292 11.409199998847075 1
      vertex 0.6091321408748627 11.452185713819095 1
    endloop
  endfacet
  facet normal 0 0 1
    outer loop
      vertex 1.103921428322792 9.872703568211623 1
      vertex 1.127167858183384 11.424457141331263 1
      vertex 0.8900714293122292 11.409199998847075 1
    endloop
  endfacet
  facet normal 0 0 1
    outer loop
      vertex 1.3289142847061157 9.835642852953502 1
      vertex 1.533414289355278 11.42857142644269 1
      vertex 1.103921428322792 9.872703568211623 1
    endloop
  endfacet
  facet normal 0 0 1
    outer loop
      vertex 1.3289142847061157 9.835642852953502 1
      vertex 1.5208142846822739 9.870528564921447 1
      vertex 1.533414289355278 11.42857142644269 1
    endloop
  endfacet
  facet normal 0 0 1
    outer loop
      vertex 1.103921428322792 9.872703568211623 1
      vertex 1.348285712301731 11.470228568783828 1
      vertex 1.127167858183384 11.424457141331263 1
    endloop
  endfacet
  facet normal 0 0 1
    outer loop
      vertex 1.103921428322792 9.872703568211623 1
      vertex 1.533414289355278 11.42857142644269 1
      vertex 1.348285712301731 11.470228568783828 1
    endloop
  endfacet
  facet normal 0 0 1
    outer loop
      vertex 0.6906321421265602 11.521082141569682 1
      vertex 1.2707857117056847 12.408942856958934 1
      vertex 0.5437428578734398 11.632971429399081 1
    endloop
  endfacet
  facet normal 0 0 1
    outer loop
      vertex 0.8920142874121666 11.483785712293216 1
      vertex 1.2707857117056847 12.408942856958934 1
      vertex 0.6906321421265602 11.521082141569682 1
    endloop
  endfacet
  facet normal 0 0 1
    outer loop
      vertex 0.9992964267730713 11.490446427038737 1
      vertex 1.3347285687923431 12.408942856958934 1
      vertex 0.8920142874121666 11.483785712293216 1
    endloop
  endfacet
  facet normal 0 0 1
    outer loop
      vertex 0.5437428578734398 11.632971429399081 1
      vertex 1.2707857117056847 12.408942856958934 1
      vertex 0.4540107175707817 11.815589280000754 1
    endloop
  endfacet
  facet normal 0 0 1
    outer loop
      vertex 0.4526785686612129 12.331928567162581 1
      vertex 1.2707857117056847 12.408942856958934 1
      vertex 0.5384142845869064 12.51841428237302 1
    endloop
  endfacet
  facet normal 0 0 1
    outer loop
      vertex 1.100285716354847 11.510428571275302 1
      vertex 1.3347285687923431 12.408942856958934 1
      vertex 0.9992964267730713 11.490446427038737 1
    endloop
  endfacet
  facet normal 0 0 1
    outer loop
      vertex 1.1879571452736855 11.54154999660594 1
      vertex 1.3347285687923431 12.408942856958934 1
      vertex 1.100285716354847 11.510428571275302 1
    endloop
  endfacet
  facet normal 0 0 1
    outer loop
      vertex 1.2552857175469398 11.581628569534846 1
      vertex 1.3347285687923431 12.408942856958934 1
      vertex 1.1879571452736855 11.54154999660594 1
    endloop
  endfacet
  facet normal 0 0 1
    outer loop
      vertex 1.533414289355278 11.479914286306926 1
      vertex 1.348285712301731 11.470228568783828 1
      vertex 1.533414289355278 11.42857142644269 1
    endloop
  endfacet
  facet normal 0 0 1
    outer loop
      vertex 1.348285712301731 11.470228568783828 1
      vertex 1.533414289355278 11.479914286306926 1
      vertex 1.6874428540468216 11.506071427038737 1
    endloop
  endfacet
  facet normal 0 0 1
    outer loop
      vertex 0.8920142874121666 11.483785712293216 1
      vertex 1.3347285687923431 12.408942856958934 1
      vertex 1.2707857117056847 12.408942856958934 1
    endloop
  endfacet
  facet normal 0 0 1
    outer loop
      vertex 1.2552857175469398 11.581628569534846 1
      vertex 1.2911285683512688 11.775385708681174 1
      vertex 1.3347285687923431 12.408942856958934 1
    endloop
  endfacet
  facet normal 0 0 1
    outer loop
      vertex 1.3540999963879585 11.775385708681174 1
      vertex 1.5208142846822739 12.676328570715018 1
      vertex 1.2911285683512688 11.775385708681174 1
    endloop
  endfacet
  facet normal 0 0 1
    outer loop
      vertex 1.348285712301731 11.470228568783828 1
      vertex 1.6874428540468216 12.65112856881959 1
      vertex 1.3540999963879585 11.775385708681174 1
    endloop
  endfacet
  facet normal 0 0 1
    outer loop
      vertex 1.2911285683512688 11.775385708681174 1
      vertex 1.5208142846822739 12.676328570715018 1
      vertex 1.3347285687923431 12.408942856958934 1
    endloop
  endfacet
  facet normal 0 0 1
    outer loop
      vertex 1.6874428540468216 12.65112856881959 1
      vertex 1.5208142846822739 12.676328570715018 1
      vertex 1.3540999963879585 11.775385708681174 1
    endloop
  endfacet
  facet normal 0 0 1
    outer loop
      vertex 2.0109999999403954 9.870528564921447 1
      vertex 1.533414289355278 11.42857142644269 1
      vertex 1.5208142846822739 9.870528564921447 1
    endloop
  endfacet
  facet normal 0 0 1
    outer loop
      vertex 2.0109999999403954 9.870528564921447 1
      vertex 2.0807571411132812 11.42857142644269 1
      vertex 1.533414289355278 11.42857142644269 1
    endloop
  endfacet
  facet normal 0 0 1
    outer loop
      vertex 2.3684714287519455 9.774864279798098 1
      vertex 2.0807571411132812 11.42857142644269 1
      vertex 2.0109999999403954 9.870528564921447 1
    endloop
  endfacet
  facet normal 0 0 1
    outer loop
      vertex 1.348285712301731 11.470228568783828 1
      vertex 1.6874428540468216 11.506071427038737 1
      vertex 1.6874428540468216 12.65112856881959 1
    endloop
  endfacet
  facet normal 0 0 1
    outer loop
      vertex 1.9693428575992584 12.640471429697104 1
      vertex 1.874414287507534 12.640471429697104 1
      vertex 1.874414287507534 12.025328570178576 1
    endloop
  endfacet
  facet normal 0 0 1
    outer loop
      vertex 1.874414287507534 11.506071427038737 1
      vertex 2.0807571411132812 11.479914286306926 1
      vertex 1.874414287507534 11.938128569296428 1
    endloop
  endfacet
  facet normal 0 0 1
    outer loop
      vertex 1.874414287507534 11.938128569296428 1
      vertex 2.0807571411132812 11.479914286306926 1
      vertex 2.0206857174634933 11.938128569296428 1
    endloop
  endfacet
  facet normal 0 0 1
    outer loop
      vertex 2.0206857174634933 11.938128569296428 1
      vertex 2.0807571411132812 11.479914286306926 1
      vertex 2.220132142305374 11.964042858353682 1
    endloop
  endfacet
  facet normal 0 0 1
    outer loop
      vertex 2.0807571411132812 11.42857142644269 1
      vertex 2.624285712838173 11.479914286306926 1
      vertex 2.0807571411132812 11.479914286306926 1
    endloop
  endfacet
  facet normal 0 0 1
    outer loop
      vertex 2.0807571411132812 11.479914286306926 1
      vertex 2.624285712838173 11.479914286306926 1
      vertex 2.220132142305374 11.964042858353682 1
    endloop
  endfacet
  facet normal 0 0 1
    outer loop
      vertex 1.9751571416854858 12.025328570178576 1
      vertex 2.1174392849206924 12.043974996677466 1
      vertex 1.874414287507534 12.025328570178576 1
    endloop
  endfacet
  facet normal 0 0 1
    outer loop
      vertex 2.1174392849206924 12.043974996677466 1
      vertex 2.2168571427464485 12.099914283624717 1
      vertex 1.874414287507534 12.025328570178576 1
    endloop
  endfacet
  facet normal 0 0 1
    outer loop
      vertex 2.2168571427464485 12.099914283624717 1
      vertex 2.275346428155899 12.19800356881959 1
      vertex 1.874414287507534 12.025328570178576 1
    endloop
  endfacet
  facet normal 0 0 1
    outer loop
      vertex 2.1202249974012375 12.623274997941085 1
      vertex 1.9693428575992584 12.640471429697104 1
      vertex 1.874414287507534 12.025328570178576 1
    endloop
  endfacet
  facet normal 0 0 1
    outer loop
      vertex 2.2202428579330444 12.571685710123607 1
      vertex 2.1202249974012375 12.623274997941085 1
      vertex 1.874414287507534 12.025328570178576 1
    endloop
  endfacet
  facet normal 0 0 1
    outer loop
      vertex 2.276192858815193 12.480146424046584 1
      vertex 2.2202428579330444 12.571685710123607 1
      vertex 1.874414287507534 12.025328570178576 1
    endloop
  endfacet
  facet normal 0 0 1
    outer loop
      vertex 2.275346428155899 12.19800356881959 1
      vertex 2.294842854142189 12.343071424535342 1
      vertex 1.874414287507534 12.025328570178576 1
    endloop
  endfacet
  facet normal 0 0 1
    outer loop
      vertex 2.294842854142189 12.343071424535342 1
      vertex 2.276192858815193 12.480146424046584 1
      vertex 1.874414287507534 12.025328570178576 1
    endloop
  endfacet
  facet normal 0 0 1
    outer loop
      vertex 0.5384142845869064 12.51841428237302 1
      vertex 1.2707857117056847 12.408942856958934 1
      vertex 0.6863928586244583 12.628128566912242 1
    endloop
  endfacet
  facet normal 0 0 1
    outer loop
      vertex 0.6863928586244583 12.628128566912242 1
      vertex 1.2707857117056847 12.408942856958934 1
      vertex 0.901699997484684 12.664699995091983 1
    endloop
  endfacet
  facet normal 0 0 1
    outer loop
      vertex 0.901699997484684 12.664699995091983 1
      vertex 1.2707857117056847 12.408942856958934 1
      vertex 0.9938500002026558 12.659007140568324 1
    endloop
  endfacet
  facet normal 0 0 1
    outer loop
      vertex 0.9938500002026558 12.659007140568324 1
      vertex 1.2707857117056847 12.408942856958934 1
      vertex 1.0842999964952469 12.641928569546767 1
    endloop
  endfacet
  facet normal 0 0 1
    outer loop
      vertex 0 14.285714284649917 1
      vertex 1.103921428322792 12.729846426418849 1
      vertex 1.3289142847061157 12.692785711160727 1
    endloop
  endfacet
  facet normal 0 0 1
    outer loop
      vertex 0 14.285714284649917 1
      vertex 1.3289142847061157 12.692785711160727 1
      vertex 1.5208142846822739 12.676328570715018 1
    endloop
  endfacet
  facet normal 0 0 1
    outer loop
      vertex 0 14.285714284649917 1
      vertex 1.5208142846822739 12.676328570715018 1
      vertex 1.5208142846822739 12.727671423128673 1
    endloop
  endfacet
  facet normal 0 0 1
    outer loop
      vertex 1.0842999964952469 12.641928569546767 1
      vertex 1.2417285740375519 12.577514284423419 1
      vertex 1.1684642881155014 12.61444642501218 1
    endloop
  endfacet
  facet normal 0 0 1
    outer loop
      vertex 1.2417285740375519 12.577514284423419 1
      vertex 1.0842999964952469 12.641928569546767 1
      vertex 1.2707857117056847 12.408942856958934 1
    endloop
  endfacet
  facet normal 0 0 1
    outer loop
      vertex 1.3347285687923431 12.408942856958934 1
      vertex 1.5208142846822739 12.676328570715018 1
      vertex 1.3289142847061157 12.692785711160727 1
    endloop
  endfacet
  facet normal 0 0 1
    outer loop
      vertex 0.4719614312052727 14.285714284649917 1
      vertex 1.5952128544449806 14.378131427935191 1
      vertex 0.4719614312052727 14.378131427935191 1
    endloop
  endfacet
  facet normal 0 0 1
    outer loop
      vertex 0.1720300018787384 14.425214284232684 1
      vertex 0.4719614312052727 14.378131427935191 1
      vertex 1.5952128544449806 14.378131427935191 1
    endloop
  endfacet
  facet normal 0 0 1
    outer loop
      vertex 0.4719614312052727 14.285714284649917 1
      vertex 1.5208142846822739 12.727671423128673 1
      vertex 1.5952128544449806 14.285714284649917 1
    endloop
  endfacet
  facet normal 0 0 1
    outer loop
      vertex 1.5952128544449806 14.378131427935191 1
      vertex 0.4719614312052727 14.285714284649917 1
      vertex 1.5952128544449806 14.285714284649917 1
    endloop
  endfacet
  facet normal 0 0 1
    outer loop
      vertex 0.1720300018787384 14.425214284232684 1
      vertex 1.5952128544449806 14.378131427935191 1
      vertex 1.8724642843008041 14.425214284232684 1
    endloop
  endfacet
  facet normal 0 0 1
    outer loop
      vertex 2.0109999999403954 12.727671423128673 1
      vertex 1.5952128544449806 14.285714284649917 1
      vertex 1.5208142846822739 12.727671423128673 1
    endloop
  endfacet
  facet normal 0 0 1
    outer loop
      vertex 2.3684714287519455 12.632007138005324 1
      vertex 1.5952128544449806 14.285714284649917 1
      vertex 2.0109999999403954 12.727671423128673 1
    endloop
  endfacet
  facet normal 0 0 1
    outer loop
      vertex 2.3684714287519455 12.632007138005324 1
      vertex 2.624285712838173 12.727671423128673 1
      vertex 1.5952128544449806 14.285714284649917 1
    endloop
  endfacet
  facet normal 0 0 1
    outer loop
      vertex 2.209012858569622 14.425214284232684 1
      vertex 2.5804300010204315 14.378131427935191 1
      vertex 2.209012858569622 15.202917144766875 1
    endloop
  endfacet
  facet normal 0 0 1
    outer loop
      vertex 2.3684714287519455 9.774864279798098 1
      vertex 2.624285712838173 9.870528564921447 1
      vertex 2.0807571411132812 11.42857142644269 1
    endloop
  endfacet
  facet normal 0 0 1
    outer loop
      vertex 2.624285712838173 9.870528564921447 1
      vertex 2.624285712838173 11.42857142644269 1
      vertex 2.0807571411132812 11.42857142644269 1
    endloop
  endfacet
  facet normal 0 0 1
    outer loop
      vertex 3.0175999999046326 9.870528564921447 1
      vertex 2.624285712838173 11.42857142644269 1
      vertex 2.624285712838173 9.870528564921447 1
    endloop
  endfacet
  facet normal 0 0 1
    outer loop
      vertex 3.0175999999046326 9.870528564921447 1
      vertex 3.06700000166893 11.42857142644269 1
      vertex 2.624285712838173 11.42857142644269 1
    endloop
  endfacet
  facet normal 0 0 1
    outer loop
      vertex 2.624285712838173 11.479914286306926 1
      vertex 2.0807571411132812 11.42857142644269 1
      vertex 2.624285712838173 11.42857142644269 1
    endloop
  endfacet
  facet normal 0 0 1
    outer loop
      vertex 2.220132142305374 11.964042858353682 1
      vertex 2.624285712838173 11.479914286306926 1
      vertex 2.3670142889022827 12.041785710624286 1
    endloop
  endfacet
  facet normal 0 0 1
    outer loop
      vertex 2.7909142822027206 11.506071427038737 1
      vertex 2.3670142889022827 12.041785710624286 1
      vertex 2.624285712838173 11.479914286306926 1
    endloop
  endfacet
  facet normal 0 0 1
    outer loop
      vertex 2.3670142889022827 12.041785710624286 1
      vertex 2.7909142822027206 11.506071427038737 1
      vertex 2.457474999129772 12.169421428016253 1
    endloop
  endfacet
  facet normal 0 0 1
    outer loop
      vertex 2.457474999129772 12.169421428016253 1
      vertex 2.7909142822027206 11.506071427038737 1
      vertex 2.487628571689129 12.34501428263528 1
    endloop
  endfacet
  facet normal 0 0 1
    outer loop
      vertex 2.7909142822027206 11.506071427038737 1
      vertex 2.7909142822027206 12.65112856881959 1
      vertex 2.487628571689129 12.34501428263528 1
    endloop
  endfacet
  facet normal 0 0 1
    outer loop
      vertex 3.06700000166893 11.479914286306926 1
      vertex 2.8926285728812218 12.596885712019034 1
      vertex 2.8926285728812218 11.506071427038737 1
    endloop
  endfacet
  facet normal 0 0 1
    outer loop
      vertex 3.0175999999046326 9.870528564921447 1
      vertex 3.511657141149044 9.870528564921447 1
      vertex 3.06700000166893 11.42857142644269 1
    endloop
  endfacet
  facet normal 0 0 1
    outer loop
      vertex 3.9543857127428055 9.870528564921447 1
      vertex 3.06700000166893 11.42857142644269 1
      vertex 3.511657141149044 9.870528564921447 1
    endloop
  endfacet
  facet normal 0 0 1
    outer loop
      vertex 3.9543857127428055 9.870528564921447 1
      vertex 3.06700000166893 11.479914286306926 1
      vertex 3.06700000166893 11.42857142644269 1
    endloop
  endfacet
  facet normal 0 0 1
    outer loop
      vertex 4.250900000333786 9.713099994829722 1
      vertex 2.8926285728812218 12.596885712019034 1
      vertex 3.9543857127428055 9.870528564921447 1
    endloop
  endfacet
  facet normal 0 0 1
    outer loop
      vertex 4.250900000333786 9.713099994829722 1
      vertex 3.693785712122917 11.42857142644269 1
      vertex 2.8926285728812218 12.596885712019034 1
    endloop
  endfacet
  facet normal 0 0 1
    outer loop
      vertex 2.8926285728812218 12.596885712019034 1
      vertex 3.06700000166893 11.479914286306926 1
      vertex 3.9543857127428055 9.870528564921447 1
    endloop
  endfacet
  facet normal 0 0 1
    outer loop
      vertex 3.6860285699367523 11.765699998608657 1
      vertex 3.511657141149044 12.676328570715018 1
      vertex 3.0175999999046326 12.727671423128673 1
    endloop
  endfacet
  facet normal 0 0 1
    outer loop
      vertex 3.6860285699367523 11.765699998608657 1
      vertex 3.6860285699367523 12.65112856881959 1
      vertex 3.511657141149044 12.676328570715018 1
    endloop
  endfacet
  facet normal 0 0 1
    outer loop
      vertex 3.7877571433782578 11.42857142644269 1
      vertex 3.9543857127428055 12.676328570715018 1
      vertex 3.7877571433782578 12.65112856881959 1
    endloop
  endfacet
  facet normal 0 0 1
    outer loop
      vertex 2.487628571689129 12.34501428263528 1
      vertex 2.624285712838173 12.676328570715018 1
      vertex 2.3684714287519455 12.632007138005324 1
    endloop
  endfacet
  facet normal 0 0 1
    outer loop
      vertex 2.624285712838173 12.727671423128673 1
      vertex 2.3684714287519455 12.632007138005324 1
      vertex 2.624285712838173 12.676328570715018 1
    endloop
  endfacet
  facet normal 0 0 1
    outer loop
      vertex 2.624285712838173 12.676328570715018 1
      vertex 2.487628571689129 12.34501428263528 1
      vertex 2.7909142822027206 12.65112856881959 1
    endloop
  endfacet
  facet normal 0 0 1
    outer loop
      vertex 1.5952128544449806 14.285714284649917 1
      vertex 2.624285712838173 12.727671423128673 1
      vertex 3.0175999999046326 12.727671423128673 1
    endloop
  endfacet
  facet normal 0 0 1
    outer loop
      vertex 3.0175999999046326 12.727671423128673 1
      vertex 3.511657141149044 12.727671423128673 1
      vertex 2.5804300010204315 14.285714284649917 1
    endloop
  endfacet
  facet normal 0 0 1
    outer loop
      vertex 3.0175999999046326 12.727671423128673 1
      vertex 2.5804300010204315 14.285714284649917 1
      vertex 1.5952128544449806 14.285714284649917 1
    endloop
  endfacet
  facet normal 0 0 1
    outer loop
      vertex 2.209012858569622 15.202917144766875 1
      vertex 2.5804300010204315 14.378131427935191 1
      vertex 2.4723014310002327 15.202917144766875 1
    endloop
  endfacet
  facet normal 0 0 1
    outer loop
      vertex 2.4723014310002327 15.202917144766875 1
      vertex 2.5804300010204315 14.378131427935191 1
      vertex 2.8313049972057343 15.249562853149005 1
    endloop
  endfacet
  facet normal 0 0 1
    outer loop
      vertex 2.5804300010204315 14.285714284649917 1
      vertex 3.9543857127428055 12.727671423128673 1
      vertex 2.5804300010204315 14.378131427935191 1
    endloop
  endfacet
  facet normal 0 0 1
    outer loop
      vertex 2.5804300010204315 14.378131427935191 1
      vertex 3.58493285626173 14.378131427935191 1
      vertex 3.0956928580999374 15.389500000647136 1
    endloop
  endfacet
  facet normal 0 0 1
    outer loop
      vertex 3.511657141149044 12.727671423128673 1
      vertex 3.0175999999046326 12.727671423128673 1
      vertex 3.511657141149044 12.676328570715018 1
    endloop
  endfacet
  facet normal 0 0 1
    outer loop
      vertex 3.9543857127428055 12.727671423128673 1
      vertex 2.5804300010204315 14.285714284649917 1
      vertex 3.511657141149044 12.727671423128673 1
    endloop
  endfacet
  facet normal 0 0 1
    outer loop
      vertex 3.58493285626173 14.378131427935191 1
      vertex 2.5804300010204315 14.378131427935191 1
      vertex 3.58493285626173 14.285714284649917 1
    endloop
  endfacet
  facet normal 0 0 1
    outer loop
      vertex 2.5804300010204315 14.378131427935191 1
      vertex 3.9543857127428055 12.727671423128673 1
      vertex 3.58493285626173 14.285714284649917 1
    endloop
  endfacet
  facet normal 0 0 1
    outer loop
      vertex 1.8724642843008041 14.425214284232684 1
      vertex 0.4719614312052727 16.53167714284999 1
      vertex 0.1720300018787384 14.425214284232684 1
    endloop
  endfacet
  facet normal 0 0 1
    outer loop
      vertex 1.8724642843008041 14.425214284232684 1
      vertex 0.4719614312052727 16.624094286135264 1
      vertex 0.4719614312052727 16.53167714284999 1
    endloop
  endfacet
  facet normal 0 0 1
    outer loop
      vertex 1.8724642843008041 14.425214284232684 1
      vertex 0.7844742834568024 17.096340001693793 1
      vertex 0.4719614312052727 16.624094286135264 1
    endloop
  endfacet
  facet normal 0 0 1
    outer loop
      vertex 1.8724642843008041 14.425214284232684 1
      vertex 0.8951999992132187 17.07541713970048 1
      vertex 0.7844742834568024 17.096340001693793 1
    endloop
  endfacet
  facet normal 0 0 1
    outer loop
      vertex 1.8724642843008041 14.425214284232684 1
      vertex 1.005917139351368 17.096340001693793 1
      vertex 0.8951999992132187 17.07541713970048 1
    endloop
  endfacet
  facet normal 0 0 1
    outer loop
      vertex 1.8724642843008041 14.425214284232684 1
      vertex 1.0962857082486153 17.15910857277257 1
      vertex 1.005917139351368 17.096340001693793 1
    endloop
  endfacet
  facet normal 0 0 1
    outer loop
      vertex 1.0962857082486153 17.15910857277257 1
      vertex 1.8724642843008041 14.425214284232684 1
      vertex 1.5725328549742699 16.53167714284999 1
    endloop
  endfacet
  facet normal 0 0 1
    outer loop
      vertex 1.0962857082486153 17.15910857277257 1
      vertex 1.5725328549742699 16.53167714284999 1
      vertex 1.5725328549742699 16.624094286135264 1
    endloop
  endfacet
  facet normal 0 0 1
    outer loop
      vertex 1.0962857082486153 17.15910857277257 1
      vertex 1.5725328549742699 16.624094286135264 1
      vertex 1.1564571410417557 17.25038571762187 1
    endloop
  endfacet
  facet normal 0 0 1
    outer loop
      vertex 1.8724642843008041 14.425214284232684 1
      vertex 1.8724642843008041 16.48631714390857 1
      vertex 1.5725328549742699 16.53167714284999 1
    endloop
  endfacet
  facet normal 0 0 1
    outer loop
      vertex 2.379884287714958 16.46713428305728 1
      vertex 2.209012858569622 16.46713428305728 1
      vertex 2.209012858569622 15.359877140394278 1
    endloop
  endfacet
  facet normal 0 0 1
    outer loop
      vertex 2.4548671394586563 16.624094286135264 1
      vertex 1.1564571410417557 17.25038571762187 1
      vertex 1.5725328549742699 16.624094286135264 1
    endloop
  endfacet
  facet normal 0 0 1
    outer loop
      vertex 1.1564571410417557 17.25038571762187 1
      vertex 2.4548671394586563 16.624094286135264 1
      vertex 1.176514282822609 17.356765710881778 1
    endloop
  endfacet
  facet normal 0 0 1
    outer loop
      vertex 2.3903499990701675 15.359877140394278 1
      vertex 2.6464578583836555 15.393440709582396 1
      vertex 2.209012858569622 15.359877140394278 1
    endloop
  endfacet
  facet normal 0 0 1
    outer loop
      vertex 2.6464578583836555 15.393440709582396 1
      vertex 2.8254100009799004 15.494131424597331 1
      vertex 2.209012858569622 15.359877140394278 1
    endloop
  endfacet
  facet normal 0 0 1
    outer loop
      vertex 2.8254100009799004 15.494131424597331 1
      vertex 2.930690713226795 15.67069213943822 1
      vertex 2.209012858569622 15.359877140394278 1
    endloop
  endfacet
  facet normal 0 0 1
    outer loop
      vertex 2.651472143828869 16.43618071185691 1
      vertex 2.379884287714958 16.46713428305728 1
      vertex 2.209012858569622 15.359877140394278 1
    endloop
  endfacet
  facet normal 0 0 1
    outer loop
      vertex 2.930690713226795 15.67069213943822 1
      vertex 2.965784288942814 15.931814284196921 1
      vertex 2.209012858569622 15.359877140394278 1
    endloop
  endfacet
  facet normal 0 0 1
    outer loop
      vertex 2.965784288942814 15.931814284196921 1
      vertex 2.93221428245306 16.178549283317157 1
      vertex 2.209012858569622 15.359877140394278 1
    endloop
  endfacet
  facet normal 0 0 1
    outer loop
      vertex 2.8315042853355408 16.343319998255797 1
      vertex 2.651472143828869 16.43618071185691 1
      vertex 2.209012858569622 15.359877140394278 1
    endloop
  endfacet
  facet normal 0 0 1
    outer loop
      vertex 2.93221428245306 16.178549283317157 1
      vertex 2.8315042853355408 16.343319998255797 1
      vertex 2.209012858569622 15.359877140394278 1
    endloop
  endfacet
  facet normal 0 0 1
    outer loop
      vertex 2.8313049972057343 15.249562853149005 1
      vertex 2.5804300010204315 14.378131427935191 1
      vertex 3.0956928580999374 15.389500000647136 1
    endloop
  endfacet
  facet normal 0 0 1
    outer loop
      vertex 3.8848642855882645 16.48631714390857 1
      vertex 3.0956928580999374 15.389500000647136 1
      vertex 3.58493285626173 14.378131427935191 1
    endloop
  endfacet
  facet normal 0 0 1
    outer loop
      vertex 3.0956928580999374 15.389500000647136 1
      vertex 3.8848642855882645 16.48631714390857 1
      vertex 3.258522145450115 15.619244285992213 1
    endloop
  endfacet
  facet normal 0 0 1
    outer loop
      vertex 3.258522145450115 15.619244285992213 1
      vertex 3.8848642855882645 16.48631714390857 1
      vertex 3.312798574566841 15.935311430266925 1
    endloop
  endfacet
  facet normal 0 0 1
    outer loop
      vertex 3.8848642855882645 14.425214284232684 1
      vertex 3.8848642855882645 16.48631714390857 1
      vertex 3.58493285626173 14.378131427935191 1
    endloop
  endfacet
  facet normal 0 0 1
    outer loop
      vertex 3.312798574566841 15.935311430266925 1
      vertex 3.58493285626173 16.53167714284999 1
      vertex 3.098315715789795 16.45189856844289 1
    endloop
  endfacet
  facet normal 0 0 1
    outer loop
      vertex 3.58493285626173 16.624094286135264 1
      vertex 3.098315715789795 16.45189856844289 1
      vertex 3.58493285626173 16.53167714284999 1
    endloop
  endfacet
  facet normal 0 0 1
    outer loop
      vertex 3.8848642855882645 16.48631714390857 1
      vertex 3.58493285626173 16.53167714284999 1
      vertex 3.312798574566841 15.935311430266925 1
    endloop
  endfacet
  facet normal 0 0 1
    outer loop
      vertex 0 20 1
      vertex 1.0044599995017052 17.617731430700847 1
      vertex 8 20 1
    endloop
  endfacet
  facet normal 0 0 1
    outer loop
      vertex 8 20 1
      vertex 1.156165711581707 17.466025711170264 1
      vertex 1.176514282822609 17.356765710881778 1
    endloop
  endfacet
  facet normal 0 0 1
    outer loop
      vertex 8 20 1
      vertex 1.0044599995017052 17.617731430700847 1
      vertex 1.0951199978590012 17.55668571697814 1
    endloop
  endfacet
  facet normal 0 0 1
    outer loop
      vertex 8 20 1
      vertex 1.0951199978590012 17.55668571697814 1
      vertex 1.156165711581707 17.466025711170264 1
    endloop
  endfacet
  facet normal 0 0 1
    outer loop
      vertex 8 20 1
      vertex 1.176514282822609 17.356765710881778 1
      vertex 2.4548671394586563 16.624094286135264 1
    endloop
  endfacet
  facet normal 0 -1 0
    outer loop
      vertex 0 0 0
      vertex 8 0 0
      vertex 8 0 1
    endloop
  endfacet
  facet normal 0 0 -1
    outer loop
      vertex 0 0 0
      vertex 8 20 0
      vertex 8 0 0
    endloop
  endfacet
  facet normal 1 0 0
    outer loop
      vertex 8 0 0
      vertex 8 20 0
      vertex 8 0 1
    endloop
  endfacet
  facet normal 0 0 1
    outer loop
      vertex 0 0 1
      vertex 8 0 1
      vertex 4.614621430635452 2.827114285102912 1
    endloop
  endfacet
  facet normal 0 0 1
    outer loop
      vertex 3.880321428179741 2.827114285102912 1
      vertex 4.563278570771217 2.827114285102912 1
      vertex 4.226164288818836 3.722242855599948 1
    endloop
  endfacet
  facet normal 0 0 1
    outer loop
      vertex 3.8996928557753563 3.164242857268878 1
      vertex 4.249407142400742 4.065171429089137 1
      vertex 3.7815071418881416 4.104900003543921 1
    endloop
  endfacet
  facet normal 0 0 1
    outer loop
      vertex 4.630121432244778 3.164242857268878 1
      vertex 4.722164288163185 4.104900003543921 1
      vertex 4.293007142841816 4.065171429089137 1
    endloop
  endfacet
  facet normal 0 0 1
    outer loop
      vertex 4.722164288163185 4.156242855957576 1
      vertex 4.293007142841816 4.065171429089137 1
      vertex 4.722164288163185 4.104900003543921 1
    endloop
  endfacet
  facet normal 0 0 1
    outer loop
      vertex 3.7815071418881416 4.156242855957576 1
      vertex 4.249407142400742 4.065171429089137 1
      vertex 5.393142856657505 5.71428571747882 1
    endloop
  endfacet
  facet normal 0 0 1
    outer loop
      vertex 4.293007142841816 4.065171429089137 1
      vertex 5.393142856657505 5.71428571747882 1
      vertex 4.249407142400742 4.065171429089137 1
    endloop
  endfacet
  facet normal 0 0 1
    outer loop
      vertex 5.2134357169270515 2.908485719135829 1
      vertex 4.614621430635452 2.827114285102912 1
      vertex 5.2134357169270515 2.857142859271594 1
    endloop
  endfacet
  facet normal 0 0 1
    outer loop
      vertex 4.614621430635452 2.827114285102912 1
      vertex 5.152278572320938 4.104900003543921 1
      vertex 5.038935713469982 4.079700001648494 1
    endloop
  endfacet
  facet normal 0 0 1
    outer loop
      vertex 4.614621430635452 2.827114285102912 1
      vertex 5.2134357169270515 2.908485719135829 1
      vertex 5.380064286291599 4.079700001648494 1
    endloop
  endfacet
  facet normal 0 0 1
    outer loop
      vertex 4.614621430635452 2.827114285102912 1
      vertex 5.2134357169270515 4.104900003543921 1
      vertex 5.152278572320938 4.104900003543921 1
    endloop
  endfacet
  facet normal 0 0 1
    outer loop
      vertex 4.614621430635452 2.827114285102912 1
      vertex 5.380064286291599 4.079700001648494 1
      vertex 5.2134357169270515 4.104900003543921 1
    endloop
  endfacet
  facet normal 0 0 1
    outer loop
      vertex 5.380064286291599 2.9346428598676404 1
      vertex 5.380064286291599 4.079700001648494 1
      vertex 5.2134357169270515 2.908485719135829 1
    endloop
  endfacet
  facet normal 0 0 1
    outer loop
      vertex 5.656149998307228 2.908485719135829 1
      vertex 5.48177856951952 4.0254571448479375 1
      vertex 5.48177856951952 2.9346428598676404 1
    endloop
  endfacet
  facet normal 0 0 1
    outer loop
      vertex 4.630121432244778 3.164242857268878 1
      vertex 4.9246214255690575 4.079700001648494 1
      vertex 4.722164288163185 4.104900003543921 1
    endloop
  endfacet
  facet normal 0 0 1
    outer loop
      vertex 4.293007142841816 4.065171429089137 1
      vertex 4.722164288163185 4.156242855957576 1
      vertex 5.393142856657505 5.71428571747882 1
    endloop
  endfacet
  facet normal 0 0 1
    outer loop
      vertex 5.152278572320938 4.156242855957576 1
      vertex 5.393142856657505 5.71428571747882 1
      vertex 4.722164288163185 4.156242855957576 1
    endloop
  endfacet
  facet normal 0 0 1
    outer loop
      vertex 5.152278572320938 4.104900003543921 1
      vertex 5.2134357169270515 4.156242855957576 1
      vertex 5.152278572320938 4.156242855957576 1
    endloop
  endfacet
  facet normal 0 0 1
    outer loop
      vertex 5.2134357169270515 4.156242855957576 1
      vertex 5.152278572320938 4.104900003543921 1
      vertex 5.2134357169270515 4.104900003543921 1
    endloop
  endfacet
  facet normal 0 0 1
    outer loop
      vertex 5.152278572320938 4.156242855957576 1
      vertex 5.2134357169270515 4.156242855957576 1
      vertex 5.393142856657505 5.71428571747882 1
    endloop
  endfacet
  facet normal 0 0 1
    outer loop
      vertex 5.606749996542931 4.156242855957576 1
      vertex 5.393142856657505 5.71428571747882 1
      vertex 5.2134357169270515 4.156242855957576 1
    endloop
  endfacet
  facet normal 0 0 1
    outer loop
      vertex 8 0 1
      vertex 5.2134357169270515 2.857142859271594 1
      vertex 4.614621430635452 2.827114285102912 1
    endloop
  endfacet
  facet normal 0 0 1
    outer loop
      vertex 8 0 1
      vertex 5.656149998307228 2.857142859271594 1
      vertex 5.2134357169270515 2.857142859271594 1
    endloop
  endfacet
  facet normal 0 0 1
    outer loop
      vertex 8 0 1
      vertex 6.282935716211796 2.857142859271594 1
      vertex 5.656149998307228 2.857142859271594 1
    endloop
  endfacet
  facet normal 0 0 1
    outer loop
      vertex 8 0 1
      vertex 6.376907140016556 2.857142859271594 1
      vertex 6.282935716211796 2.857142859271594 1
    endloop
  endfacet
  facet normal 0 0 1
    outer loop
      vertex 8 0 1
      vertex 6.64630714058876 2.857142859271594 1
      vertex 6.376907140016556 2.857142859271594 1
    endloop
  endfacet
  facet normal 0 0 1
    outer loop
      vertex 5.656149998307228 2.857142859271594 1
      vertex 6.282935716211796 2.857142859271594 1
      vertex 5.656149998307228 2.908485719135829 1
    endloop
  endfacet
  facet normal 0 0 1
    outer loop
      vertex 5.48177856951952 4.0254571448479375 1
      vertex 5.656149998307228 2.908485719135829 1
      vertex 6.282935716211796 2.857142859271594 1
    endloop
  endfacet
  facet normal 0 0 1
    outer loop
      vertex 6.100807145237923 4.156242855957576 1
      vertex 5.606749996542931 4.156242855957576 1
      vertex 6.100807145237923 4.104900003543921 1
    endloop
  endfacet
  facet normal 0 0 1
    outer loop
      vertex 5.393142856657505 5.71428571747882 1
      vertex 5.606749996542931 4.156242855957576 1
      vertex 6.100807145237923 4.156242855957576 1
    endloop
  endfacet
  facet normal 0 0 1
    outer loop
      vertex 6.275178574025631 3.19427143143756 1
      vertex 6.100807145237923 4.104900003543921 1
      vertex 5.606749996542931 4.156242855957576 1
    endloop
  endfacet
  facet normal 0 0 1
    outer loop
      vertex 6.275178574025631 3.19427143143756 1
      vertex 6.275178574025631 4.079700001648494 1
      vertex 6.100807145237923 4.104900003543921 1
    endloop
  endfacet
  facet normal 0 0 1
    outer loop
      vertex 5.393142856657505 5.71428571747882 1
      vertex 6.100807145237923 4.156242855957576 1
      vertex 6.543535716831684 4.156242855957576 1
    endloop
  endfacet
  facet normal 0 0 1
    outer loop
      vertex 6.543535716831684 4.156242855957576 1
      vertex 6.64630714058876 4.156242855957576 1
      vertex 5.912399999797344 5.71428571747882 1
    endloop
  endfacet
  facet normal 0 0 1
    outer loop
      vertex 6.64630714058876 2.908485719135829 1
      vertex 6.376907140016556 2.857142859271594 1
      vertex 6.64630714058876 2.857142859271594 1
    endloop
  endfacet
  facet normal 0 0 1
    outer loop
      vertex 6.376907140016556 4.079700001648494 1
      vertex 6.376907140016556 2.857142859271594 1
      vertex 6.64630714058876 2.908485719135829 1
    endloop
  endfacet
  facet normal 0 0 1
    outer loop
      vertex 6.376907140016556 4.079700001648494 1
      vertex 6.64630714058876 2.908485719135829 1
      vertex 6.812935717403889 2.9346428598676404 1
    endloop
  endfacet
  facet normal 0 0 1
    outer loop
      vertex 6.812935717403889 4.079700001648494 1
      vertex 6.376907140016556 4.079700001648494 1
      vertex 6.812935717403889 2.9346428598676404 1
    endloop
  endfacet
  facet normal 0 0 1
    outer loop
      vertex 7.0890214294195175 2.908485719135829 1
      vertex 6.914650000631809 4.0254571448479375 1
      vertex 6.914650000631809 2.9346428598676404 1
    endloop
  endfacet
  facet normal 0 0 1
    outer loop
      vertex 6.812935717403889 4.079700001648494 1
      vertex 6.543535716831684 4.104900003543921 1
      vertex 6.376907140016556 4.079700001648494 1
    endloop
  endfacet
  facet normal 0 0 1
    outer loop
      vertex 6.543535716831684 4.104900003543921 1
      vertex 6.64630714058876 4.156242855957576 1
      vertex 6.543535716831684 4.156242855957576 1
    endloop
  endfacet
  facet normal 0 0 1
    outer loop
      vertex 6.64630714058876 4.156242855957576 1
      vertex 6.543535716831684 4.104900003543921 1
      vertex 6.64630714058876 4.104900003543921 1
    endloop
  endfacet
  facet normal 0 0 1
    outer loop
      vertex 6.812935717403889 4.079700001648494 1
      vertex 6.64630714058876 4.104900003543921 1
      vertex 6.543535716831684 4.104900003543921 1
    endloop
  endfacet
  facet normal 0 0 1
    outer loop
      vertex 7.03962142765522 4.156242855957576 1
      vertex 5.912399999797344 5.71428571747882 1
      vertex 6.64630714058876 4.156242855957576 1
    endloop
  endfacet
  facet normal 0 0 1
    outer loop
      vertex 5.912399999797344 5.71428571747882 1
      vertex 7.03962142765522 4.156242855957576 1
      vertex 7.5336785688996315 4.156242855957576 1
    endloop
  endfacet
  facet normal 0 0 1
    outer loop
      vertex 3.7815071418881416 4.156242855957576 1
      vertex 4.590942859649658 5.71428571747882 1
      vertex 4.071685716509819 5.71428571747882 1
    endloop
  endfacet
  facet normal 0 0 1
    outer loop
      vertex 3.930214285850525 5.71428571747882 1
      vertex 4.071685716509819 5.765628577343055 1
      vertex 3.930214285850525 5.765628577343055 1
    endloop
  endfacet
  facet normal 0 0 1
    outer loop
      vertex 3.930214285850525 5.71428571747882 1
      vertex 4.071685716509819 5.71428571747882 1
      vertex 4.071685716509819 5.765628577343055 1
    endloop
  endfacet
  facet normal 0 0 1
    outer loop
      vertex 3.763585716485977 5.791785718074866 1
      vertex 4.071685716509819 5.765628577343055 1
      vertex 4.238314285874367 6.9368428598557195 1
    endloop
  endfacet
  facet normal 0 0 1
    outer loop
      vertex 4.238314285874367 5.791785718074866 1
      vertex 4.238314285874367 6.9368428598557195 1
      vertex 4.071685716509819 5.765628577343055 1
    endloop
  endfacet
  facet normal 0 0 1
    outer loop
      vertex 3.7815071418881416 4.156242855957576 1
      vertex 4.732414282858372 5.71428571747882 1
      vertex 4.590942859649658 5.71428571747882 1
    endloop
  endfacet
  facet normal 0 0 1
    outer loop
      vertex 3.7815071418881416 4.156242855957576 1
      vertex 5.251671425998211 5.71428571747882 1
      vertex 4.732414282858372 5.71428571747882 1
    endloop
  endfacet
  facet normal 0 0 1
    outer loop
      vertex 4.42431428283453 5.791785718074866 1
      vertex 4.590942859649658 5.765628577343055 1
      vertex 4.732414282858372 5.765628577343055 1
    endloop
  endfacet
  facet normal 0 0 1
    outer loop
      vertex 4.590942859649658 5.71428571747882 1
      vertex 4.732414282858372 5.765628577343055 1
      vertex 4.590942859649658 5.765628577343055 1
    endloop
  endfacet
  facet normal 0 0 1
    outer loop
      vertex 4.732414282858372 5.765628577343055 1
      vertex 4.590942859649658 5.71428571747882 1
      vertex 4.732414282858372 5.71428571747882 1
    endloop
  endfacet
  facet normal 0 0 1
    outer loop
      vertex 4.42431428283453 5.791785718074866 1
      vertex 4.732414282858372 5.765628577343055 1
      vertex 4.8990428596735 6.9368428598557195 1
    endloop
  endfacet
  facet normal 0 0 1
    outer loop
      vertex 3.763585716485977 5.791785718074866 1
      vertex 4.238314285874367 6.9368428598557195 1
      vertex 4.071685716509819 6.962042861751147 1
    endloop
  endfacet
  facet normal 0 0 1
    outer loop
      vertex 3.930214285850525 6.962042861751147 1
      vertex 4.071685716509819 7.0133857141648015 1
      vertex 3.930214285850525 7.0133857141648015 1
    endloop
  endfacet
  facet normal 0 0 1
    outer loop
      vertex 3.930214285850525 6.962042861751147 1
      vertex 4.071685716509819 6.962042861751147 1
      vertex 4.071685716509819 7.0133857141648015 1
    endloop
  endfacet
  facet normal 0 0 1
    outer loop
      vertex 4.42431428283453 5.791785718074866 1
      vertex 4.590942859649658 6.962042861751147 1
      vertex 4.42431428283453 6.9368428598557195 1
    endloop
  endfacet
  facet normal 0 0 1
    outer loop
      vertex 4.42431428283453 5.791785718074866 1
      vertex 4.732414282858372 6.962042861751147 1
      vertex 4.590942859649658 6.962042861751147 1
    endloop
  endfacet
  facet normal 0 0 1
    outer loop
      vertex 4.42431428283453 5.791785718074866 1
      vertex 4.8990428596735 6.9368428598557195 1
      vertex 4.732414282858372 6.962042861751147 1
    endloop
  endfacet
  facet normal 0 0 1
    outer loop
      vertex 4.590942859649658 6.962042861751147 1
      vertex 4.732414282858372 7.0133857141648015 1
      vertex 4.590942859649658 7.0133857141648015 1
    endloop
  endfacet
  facet normal 0 0 1
    outer loop
      vertex 4.732414282858372 7.0133857141648015 1
      vertex 4.590942859649658 6.962042861751147 1
      vertex 4.732414282858372 6.962042861751147 1
    endloop
  endfacet
  facet normal 0 0 1
    outer loop
      vertex 3.7815071418881416 4.156242855957576 1
      vertex 5.393142856657505 5.71428571747882 1
      vertex 5.251671425998211 5.71428571747882 1
    endloop
  endfacet
  facet normal 0 0 1
    outer loop
      vertex 4.8990428596735 5.791785718074866 1
      vertex 4.8990428596735 6.9368428598557195 1
      vertex 4.732414282858372 5.765628577343055 1
    endloop
  endfacet
  facet normal 0 0 1
    outer loop
      vertex 5.085042856633663 5.791785718074866 1
      vertex 5.251671425998211 5.765628577343055 1
      vertex 5.393142856657505 5.765628577343055 1
    endloop
  endfacet
  facet normal 0 0 1
    outer loop
      vertex 5.251671425998211 5.71428571747882 1
      vertex 5.393142856657505 5.765628577343055 1
      vertex 5.251671425998211 5.765628577343055 1
    endloop
  endfacet
  facet normal 0 0 1
    outer loop
      vertex 5.393142856657505 5.765628577343055 1
      vertex 5.251671425998211 5.71428571747882 1
      vertex 5.393142856657505 5.71428571747882 1
    endloop
  endfacet
  facet normal 0 0 1
    outer loop
      vertex 5.085042856633663 5.791785718074866 1
      vertex 5.393142856657505 5.765628577343055 1
      vertex 5.559771426022053 5.791785718074866 1
    endloop
  endfacet
  facet normal 0 0 1
    outer loop
      vertex 5.559771426022053 6.9368428598557195 1
      vertex 5.085042856633663 5.791785718074866 1
      vertex 5.559771426022053 5.791785718074866 1
    endloop
  endfacet
  facet normal 0 0 1
    outer loop
      vertex 5.559771426022053 6.9368428598557195 1
      vertex 5.085042856633663 6.9368428598557195 1
      vertex 5.085042856633663 5.791785718074866 1
    endloop
  endfacet
  facet normal 0 0 1
    outer loop
      vertex 5.085042856633663 6.9368428598557195 1
      vertex 5.559771426022053 6.9368428598557195 1
      vertex 5.251671425998211 6.962042861751147 1
    endloop
  endfacet
  facet normal 0 0 1
    outer loop
      vertex 5.251671425998211 6.962042861751147 1
      vertex 5.393142856657505 7.0133857141648015 1
      vertex 5.251671425998211 7.0133857141648015 1
    endloop
  endfacet
  facet normal 0 0 1
    outer loop
      vertex 5.393142856657505 7.0133857141648015 1
      vertex 5.251671425998211 6.962042861751147 1
      vertex 5.393142856657505 6.962042861751147 1
    endloop
  endfacet
  facet normal 0 0 1
    outer loop
      vertex 5.559771426022053 6.9368428598557195 1
      vertex 5.393142856657505 6.962042861751147 1
      vertex 5.251671425998211 6.962042861751147 1
    endloop
  endfacet
  facet normal 0 0 1
    outer loop
      vertex 3.930214285850525 7.0133857141648015 1
      vertex 4.071685716509819 7.0133857141648015 1
      vertex 4.468874998390675 8.595042855611869 1
    endloop
  endfacet
  facet normal 0 0 1
    outer loop
      vertex 3.930214285850525 7.0133857141648015 1
      vertex 4.468874998390675 8.595042855611869 1
      vertex 4.257685713469982 8.724000000527926 1
    endloop
  endfacet
  facet normal 0 0 1
    outer loop
      vertex 4.590942859649658 7.0133857141648015 1
      vertex 4.468874998390675 8.595042855611869 1
      vertex 4.071685716509819 7.0133857141648015 1
    endloop
  endfacet
  facet normal 0 0 1
    outer loop
      vertex 4.468874998390675 8.595042855611869 1
      vertex 4.590942859649658 7.0133857141648015 1
      vertex 4.732414282858372 7.0133857141648015 1
    endloop
  endfacet
  facet normal 0 0 1
    outer loop
      vertex 3.7877571433782578 8.571428568235465 1
      vertex 4.125450000166893 8.930467852524348 1
      vertex 4.081371426582336 9.205957138112613 1
    endloop
  endfacet
  facet normal 0 0 1
    outer loop
      vertex 3.7877571433782578 8.571428568235465 1
      vertex 4.081371426582336 9.205957138112613 1
      vertex 4.123753570020199 9.500335709324904 1
    endloop
  endfacet
  facet normal 0 0 1
    outer loop
      vertex 3.9543857127428055 9.819185712507792 1
      vertex 4.123753570020199 9.500335709324904 1
      vertex 4.250900000333786 9.713099994829722 1
    endloop
  endfacet
  facet normal 0 0 1
    outer loop
      vertex 3.9543857127428055 9.819185712507792 1
      vertex 3.7877571433782578 9.793985710612365 1
      vertex 4.123753570020199 9.500335709324904 1
    endloop
  endfacet
  facet normal 0 0 1
    outer loop
      vertex 4.250900000333786 9.713099994829722 1
      vertex 3.9543857127428055 9.870528564921447 1
      vertex 3.9543857127428055 9.819185712507792 1
    endloop
  endfacet
  facet normal 0 0 1
    outer loop
      vertex 4.403485715389252 8.775828571191855 1
      vertex 4.550374999642372 8.663939283362456 1
      vertex 4.313753575086594 8.958446421793528 1
    endloop
  endfacet
  facet normal 0 0 1
    outer loop
      vertex 4.550374999642372 8.663939283362456 1
      vertex 4.283842854201794 9.20789999621255 1
      vertex 4.313753575086594 8.958446421793528 1
    endloop
  endfacet
  facet normal 0 0 1
    outer loop
      vertex 4.283842854201794 9.20789999621255 1
      vertex 4.550374999642372 8.663939283362456 1
      vertex 5.130528569221497 9.551799998751708 1
    endloop
  endfacet
  facet normal 0 0 1
    outer loop
      vertex 4.283842854201794 9.20789999621255 1
      vertex 5.130528569221497 9.551799998751708 1
      vertex 4.312421426177025 9.474785708955356 1
    endloop
  endfacet
  facet normal 0 0 1
    outer loop
      vertex 4.312421426177025 9.474785708955356 1
      vertex 5.130528569221497 9.551799998751708 1
      vertex 4.398157142102718 9.661271424165793 1
    endloop
  endfacet
  facet normal 0 0 1
    outer loop
      vertex 4.398157142102718 9.661271424165793 1
      vertex 5.130528569221497 9.551799998751708 1
      vertex 4.54613571614027 9.770985708705016 1
    endloop
  endfacet
  facet normal 0 0 1
    outer loop
      vertex 4.468874998390675 8.595042855611869 1
      vertex 4.732414282858372 7.0133857141648015 1
      vertex 5.251671425998211 7.0133857141648015 1
    endloop
  endfacet
  facet normal 0 0 1
    outer loop
      vertex 5.251671425998211 7.0133857141648015 1
      vertex 4.749814286828041 8.55205714063985 1
      vertex 4.468874998390675 8.595042855611869 1
    endloop
  endfacet
  facet normal 0 0 1
    outer loop
      vertex 5.251671425998211 7.0133857141648015 1
      vertex 4.986910715699196 8.567314283124038 1
      vertex 4.749814286828041 8.55205714063985 1
    endloop
  endfacet
  facet normal 0 0 1
    outer loop
      vertex 4.986910715699196 8.567314283124038 1
      vertex 5.251671425998211 7.0133857141648015 1
      vertex 5.208028569817543 8.613085710576602 1
    endloop
  endfacet
  facet normal 0 0 1
    outer loop
      vertex 5.251671425998211 7.0133857141648015 1
      vertex 5.393142856657505 7.0133857141648015 1
      vertex 5.208028569817543 8.613085710576602 1
    endloop
  endfacet
  facet normal 0 0 1
    outer loop
      vertex 5.912399999797344 7.0133857141648015 1
      vertex 5.208028569817543 8.613085710576602 1
      vertex 5.393142856657505 7.0133857141648015 1
    endloop
  endfacet
  facet normal 0 0 1
    outer loop
      vertex 5.393157139420509 8.6227714280997 1
      vertex 5.2138428539037704 8.918242850473948 1
      vertex 5.393157139420509 8.571428568235465 1
    endloop
  endfacet
  facet normal 0 0 1
    outer loop
      vertex 5.208028569817543 8.613085710576602 1
      vertex 5.912399999797344 7.0133857141648015 1
      vertex 5.2138428539037704 8.918242850473948 1
    endloop
  endfacet
  facet normal 0 0 1
    outer loop
      vertex 5.2138428539037704 8.918242850473948 1
      vertex 5.912399999797344 7.0133857141648015 1
      vertex 5.393157139420509 8.571428568235465 1
    endloop
  endfacet
  facet normal 0 0 1
    outer loop
      vertex 4.7517571449279785 8.62664285408599 1
      vertex 5.130528569221497 9.551799998751708 1
      vertex 4.550374999642372 8.663939283362456 1
    endloop
  endfacet
  facet normal 0 0 1
    outer loop
      vertex 4.859039284288883 8.633303568831511 1
      vertex 5.194471426308155 9.551799998751708 1
      vertex 4.7517571449279785 8.62664285408599 1
    endloop
  endfacet
  facet normal 0 0 1
    outer loop
      vertex 4.960028573870659 8.653285713068076 1
      vertex 5.194471426308155 9.551799998751708 1
      vertex 4.859039284288883 8.633303568831511 1
    endloop
  endfacet
  facet normal 0 0 1
    outer loop
      vertex 5.047700002789497 8.684407138398715 1
      vertex 5.194471426308155 9.551799998751708 1
      vertex 4.960028573870659 8.653285713068076 1
    endloop
  endfacet
  facet normal 0 0 1
    outer loop
      vertex 5.115028575062752 8.72448571132762 1
      vertex 5.194471426308155 9.551799998751708 1
      vertex 5.047700002789497 8.684407138398715 1
    endloop
  endfacet
  facet normal 0 0 1
    outer loop
      vertex 4.7517571449279785 8.62664285408599 1
      vertex 5.194471426308155 9.551799998751708 1
      vertex 5.130528569221497 9.551799998751708 1
    endloop
  endfacet
  facet normal 0 0 1
    outer loop
      vertex 5.115028575062752 8.72448571132762 1
      vertex 5.150871425867081 8.918242850473948 1
      vertex 5.194471426308155 9.551799998751708 1
    endloop
  endfacet
  facet normal 0 0 1
    outer loop
      vertex 4.54613571614027 9.770985708705016 1
      vertex 5.130528569221497 9.551799998751708 1
      vertex 4.761442855000496 9.807557136884757 1
    endloop
  endfacet
  facet normal 0 0 1
    outer loop
      vertex 4.761442855000496 9.807557136884757 1
      vertex 5.130528569221497 9.551799998751708 1
      vertex 4.853592857718468 9.801864282361098 1
    endloop
  endfacet
  facet normal 0 0 1
    outer loop
      vertex 5.101471431553364 9.720371426216193 1
      vertex 4.944042854011059 9.784785711339541 1
      vertex 5.130528569221497 9.551799998751708 1
    endloop
  endfacet
  facet normal 0 0 1
    outer loop
      vertex 4.853592857718468 9.801864282361098 1
      vertex 5.130528569221497 9.551799998751708 1
      vertex 4.944042854011059 9.784785711339541 1
    endloop
  endfacet
  facet normal 0 0 1
    outer loop
      vertex 5.101471431553364 9.720371426216193 1
      vertex 5.028207145631313 9.757303566804953 1
      vertex 4.944042854011059 9.784785711339541 1
    endloop
  endfacet
  facet normal 0 0 1
    outer loop
      vertex 5.2138428539037704 8.918242850473948 1
      vertex 5.194471426308155 9.551799998751708 1
      vertex 5.150871425867081 8.918242850473948 1
    endloop
  endfacet
  facet normal 0 0 1
    outer loop
      vertex 5.2138428539037704 8.918242850473948 1
      vertex 5.393157139420509 8.6227714280997 1
      vertex 5.380557142198086 9.819185712507792 1
    endloop
  endfacet
  facet normal 0 0 1
    outer loop
      vertex 5.5471857115626335 8.648928568831511 1
      vertex 5.5471857115626335 9.793985710612365 1
      vertex 5.393157139420509 8.6227714280997 1
    endloop
  endfacet
  facet normal 0 0 1
    outer loop
      vertex 5.2138428539037704 8.918242850473948 1
      vertex 5.380557142198086 9.819185712507792 1
      vertex 5.194471426308155 9.551799998751708 1
    endloop
  endfacet
  facet normal 0 0 1
    outer loop
      vertex 5.188657142221928 9.835642852953502 1
      vertex 5.194471426308155 9.551799998751708 1
      vertex 5.380557142198086 9.819185712507792 1
    endloop
  endfacet
  facet normal 0 0 1
    outer loop
      vertex 5.188657142221928 9.835642852953502 1
      vertex 5.380557142198086 9.819185712507792 1
      vertex 5.380557142198086 9.870528564921447 1
    endloop
  endfacet
  facet normal 0 0 1
    outer loop
      vertex 5.5471857115626335 9.793985710612365 1
      vertex 5.380557142198086 9.819185712507792 1
      vertex 5.393157139420509 8.6227714280997 1
    endloop
  endfacet
  facet normal 0 0 1
    outer loop
      vertex 6.543535716831684 4.156242855957576 1
      vertex 5.912399999797344 5.71428571747882 1
      vertex 5.393142856657505 5.71428571747882 1
    endloop
  endfacet
  facet normal 0 0 1
    outer loop
      vertex 5.7457714304327965 5.791785718074866 1
      vertex 5.912399999797344 5.765628577343055 1
      vertex 5.912399999797344 6.962042861751147 1
    endloop
  endfacet
  facet normal 0 0 1
    outer loop
      vertex 5.7457714304327965 5.791785718074866 1
      vertex 5.912399999797344 6.962042861751147 1
      vertex 5.7457714304327965 6.9368428598557195 1
    endloop
  endfacet
  facet normal 0 0 1
    outer loop
      vertex 5.912399999797344 5.71428571747882 1
      vertex 7.5336785688996315 4.156242855957576 1
      vertex 5.912399999797344 5.765628577343055 1
    endloop
  endfacet
  facet normal 0 0 1
    outer loop
      vertex 5.912399999797344 5.765628577343055 1
      vertex 7.5336785688996315 4.156242855957576 1
      vertex 5.912399999797344 6.962042861751147 1
    endloop
  endfacet
  facet normal 0 0 1
    outer loop
      vertex 5.912399999797344 6.962042861751147 1
      vertex 7.976407140493393 4.156242855957576 1
      vertex 5.912399999797344 7.0133857141648015 1
    endloop
  endfacet
  facet normal 0 0 1
    outer loop
      vertex 7.976407140493393 4.156242855957576 1
      vertex 5.912399999797344 6.962042861751147 1
      vertex 7.5336785688996315 4.156242855957576 1
    endloop
  endfacet
  facet normal 0 0 1
    outer loop
      vertex 5.912399999797344 7.0133857141648015 1
      vertex 7.976407140493393 4.156242855957576 1
      vertex 6.926742859184742 8.571428568235465 1
    endloop
  endfacet
  facet normal 0 0 1
    outer loop
      vertex 5.393157139420509 8.571428568235465 1
      vertex 5.912399999797344 7.0133857141648015 1
      vertex 5.940499998629093 8.571428568235465 1
    endloop
  endfacet
  facet normal 0 0 1
    outer loop
      vertex 5.912399999797344 7.0133857141648015 1
      vertex 6.484028570353985 8.571428568235465 1
      vertex 5.940499998629093 8.571428568235465 1
    endloop
  endfacet
  facet normal 0 0 1
    outer loop
      vertex 5.940499998629093 8.571428568235465 1
      vertex 6.484028570353985 8.6227714280997 1
      vertex 5.940499998629093 8.6227714280997 1
    endloop
  endfacet
  facet normal 0 0 1
    outer loop
      vertex 6.484028570353985 8.6227714280997 1
      vertex 5.940499998629093 8.571428568235465 1
      vertex 6.484028570353985 8.571428568235465 1
    endloop
  endfacet
  facet normal 0 0 1
    outer loop
      vertex 5.734157145023346 8.648928568831511 1
      vertex 5.940499998629093 8.6227714280997 1
      vertex 5.734157145023346 9.080985711089202 1
    endloop
  endfacet
  facet normal 0 0 1
    outer loop
      vertex 5.734157145023346 9.080985711089202 1
      vertex 5.940499998629093 8.6227714280997 1
      vertex 5.880428574979305 9.080985711089202 1
    endloop
  endfacet
  facet normal 0 0 1
    outer loop
      vertex 5.880428574979305 9.080985711089202 1
      vertex 5.940499998629093 8.6227714280997 1
      vertex 6.079874999821186 9.106900000146457 1
    endloop
  endfacet
  facet normal 0 0 1
    outer loop
      vertex 5.834899999201298 9.16818571197135 1
      vertex 5.977182142436504 9.18683213847024 1
      vertex 5.734157145023346 9.16818571197135 1
    endloop
  endfacet
  facet normal 0 0 1
    outer loop
      vertex 5.977182142436504 9.18683213847024 1
      vertex 6.07660000026226 9.24277142541749 1
      vertex 5.734157145023346 9.16818571197135 1
    endloop
  endfacet
  facet normal 0 0 1
    outer loop
      vertex 5.82908571511507 9.783328571489879 1
      vertex 5.734157145023346 9.783328571489879 1
      vertex 5.734157145023346 9.16818571197135 1
    endloop
  endfacet
  facet normal 0 0 1
    outer loop
      vertex 5.979967854917049 9.766132139733859 1
      vertex 5.82908571511507 9.783328571489879 1
      vertex 5.734157145023346 9.16818571197135 1
    endloop
  endfacet
  facet normal 0 0 1
    outer loop
      vertex 6.079985715448856 9.71454285191638 1
      vertex 5.979967854917049 9.766132139733859 1
      vertex 5.734157145023346 9.16818571197135 1
    endloop
  endfacet
  facet normal 0 0 1
    outer loop
      vertex 5.940499998629093 8.6227714280997 1
      vertex 6.484028570353985 8.6227714280997 1
      vertex 6.079874999821186 9.106900000146457 1
    endloop
  endfacet
  facet normal 0 0 1
    outer loop
      vertex 6.07660000026226 9.24277142541749 1
      vertex 6.135089285671711 9.340860710612365 1
      vertex 5.734157145023346 9.16818571197135 1
    endloop
  endfacet
  facet normal 0 0 1
    outer loop
      vertex 6.135089285671711 9.340860710612365 1
      vertex 6.154585711658001 9.485928566328116 1
      vertex 5.734157145023346 9.16818571197135 1
    endloop
  endfacet
  facet normal 0 0 1
    outer loop
      vertex 6.079874999821186 9.106900000146457 1
      vertex 6.484028570353985 8.6227714280997 1
      vertex 6.226757146418095 9.18464285241706 1
    endloop
  endfacet
  facet normal 0 0 1
    outer loop
      vertex 6.154585711658001 9.485928566328116 1
      vertex 6.135935716331005 9.623003565839358 1
      vertex 5.734157145023346 9.16818571197135 1
    endloop
  endfacet
  facet normal 0 0 1
    outer loop
      vertex 6.135935716331005 9.623003565839358 1
      vertex 6.079985715448856 9.71454285191638 1
      vertex 5.734157145023346 9.16818571197135 1
    endloop
  endfacet
  facet normal 0 0 1
    outer loop
      vertex 6.228214286267757 9.774864279798098 1
      vertex 6.484028570353985 9.870528564921447 1
      vertex 5.870742857456207 9.870528564921447 1
    endloop
  endfacet
  facet normal 0 0 1
    outer loop
      vertex 6.347371429204941 9.487871424428054 1
      vertex 6.484028570353985 9.819185712507792 1
      vertex 6.228214286267757 9.774864279798098 1
    endloop
  endfacet
  facet normal 0 0 1
    outer loop
      vertex 6.484028570353985 8.571428568235465 1
      vertex 5.912399999797344 7.0133857141648015 1
      vertex 6.926742859184742 8.571428568235465 1
    endloop
  endfacet
  facet normal 0 0 1
    outer loop
      vertex 6.926742859184742 8.571428568235465 1
      vertex 7.553528569638729 8.571428568235465 1
      vertex 6.926742859184742 8.6227714280997 1
    endloop
  endfacet
  facet normal 0 0 1
    outer loop
      vertex 6.650657139718533 8.648928568831511 1
      vertex 6.226757146418095 9.18464285241706 1
      vertex 6.484028570353985 8.6227714280997 1
    endloop
  endfacet
  facet normal 0 0 1
    outer loop
      vertex 6.226757146418095 9.18464285241706 1
      vertex 6.650657139718533 8.648928568831511 1
      vertex 6.317217856645584 9.312278569809028 1
    endloop
  endfacet
  facet normal 0 0 1
    outer loop
      vertex 6.317217856645584 9.312278569809028 1
      vertex 6.650657139718533 8.648928568831511 1
      vertex 6.347371429204941 9.487871424428054 1
    endloop
  endfacet
  facet normal 0 0 1
    outer loop
      vertex 6.650657139718533 8.648928568831511 1
      vertex 6.650657139718533 9.793985710612365 1
      vertex 6.347371429204941 9.487871424428054 1
    endloop
  endfacet
  facet normal 0 0 1
    outer loop
      vertex 6.484028570353985 9.870528564921447 1
      vertex 6.228214286267757 9.774864279798098 1
      vertex 6.484028570353985 9.819185712507792 1
    endloop
  endfacet
  facet normal 0 0 1
    outer loop
      vertex 6.484028570353985 9.819185712507792 1
      vertex 6.347371429204941 9.487871424428054 1
      vertex 6.650657139718533 9.793985710612365 1
    endloop
  endfacet
  facet normal 0 0 1
    outer loop
      vertex 6.926742859184742 8.6227714280997 1
      vertex 6.752371430397034 9.739742853811808 1
      vertex 6.752371430397034 8.648928568831511 1
    endloop
  endfacet
  facet normal 0 0 1
    outer loop
      vertex 6.752371430397034 9.739742853811808 1
      vertex 6.926742859184742 8.6227714280997 1
      vertex 7.553528569638729 8.571428568235465 1
    endloop
  endfacet
  facet normal 0 0 1
    outer loop
      vertex 8 0 1
      vertex 7.0890214294195175 2.857142859271594 1
      vertex 6.64630714058876 2.857142859271594 1
    endloop
  endfacet
  facet normal 0 0 1
    outer loop
      vertex 8 0 1
      vertex 7.715807139873505 2.857142859271594 1
      vertex 7.0890214294195175 2.857142859271594 1
    endloop
  endfacet
  facet normal 0 0 1
    outer loop
      vertex 8 0 1
      vertex 7.809778571128845 2.857142859271594 1
      vertex 7.715807139873505 2.857142859271594 1
    endloop
  endfacet
  facet normal 0 0 1
    outer loop
      vertex 8 0 1
      vertex 7.976407140493393 4.104900003543921 1
      vertex 7.809778571128845 2.857142859271594 1
    endloop
  endfacet
  facet normal 0 0 1
    outer loop
      vertex 7.0890214294195175 2.857142859271594 1
      vertex 7.715807139873505 2.857142859271594 1
      vertex 7.0890214294195175 2.908485719135829 1
    endloop
  endfacet
  facet normal 0 0 1
    outer loop
      vertex 6.914650000631809 4.0254571448479375 1
      vertex 7.0890214294195175 2.908485719135829 1
      vertex 7.715807139873505 2.857142859271594 1
    endloop
  endfacet
  facet normal 0 0 1
    outer loop
      vertex 7.809778571128845 2.857142859271594 1
      vertex 7.976407140493393 4.104900003543921 1
      vertex 7.809778571128845 4.079700001648494 1
    endloop
  endfacet
  facet normal 0 0 1
    outer loop
      vertex 7.5336785688996315 4.156242855957576 1
      vertex 7.03962142765522 4.156242855957576 1
      vertex 7.5336785688996315 4.104900003543921 1
    endloop
  endfacet
  facet normal 0 0 1
    outer loop
      vertex 7.70804999768734 3.19427143143756 1
      vertex 7.5336785688996315 4.104900003543921 1
      vertex 7.03962142765522 4.156242855957576 1
    endloop
  endfacet
  facet normal 0 0 1
    outer loop
      vertex 7.70804999768734 3.19427143143756 1
      vertex 7.70804999768734 4.079700001648494 1
      vertex 7.5336785688996315 4.104900003543921 1
    endloop
  endfacet
  facet normal 0 0 1
    outer loop
      vertex 6.926742859184742 8.571428568235465 1
      vertex 7.976407140493393 4.156242855957576 1
      vertex 7.553528569638729 8.571428568235465 1
    endloop
  endfacet
  facet normal 0 0 1
    outer loop
      vertex 7.553528569638729 8.571428568235465 1
      vertex 7.976407140493393 4.156242855957576 1
      vertex 7.64750000089407 8.571428568235465 1
    endloop
  endfacet
  facet normal 0 0 1
    outer loop
      vertex 8 0 1
      vertex 8 14.27046684140847 1
      vertex 7.976407140493393 4.104900003543921 1
    endloop
  endfacet
  facet normal 0 0 1
    outer loop
      vertex 7.976407140493393 4.156242855957576 1
      vertex 7.814128570258617 9.819185712507792 1
      vertex 7.64750000089407 8.571428568235465 1
    endloop
  endfacet
  facet normal 0 0 1
    outer loop
      vertex 7.814128570258617 9.819185712507792 1
      vertex 7.976407140493393 4.156242855957576 1
      vertex 7.814128570258617 9.870528564921447 1
    endloop
  endfacet
  facet normal 0 0 1
    outer loop
      vertex 7.545771427452564 8.908557140401431 1
      vertex 7.371399998664856 9.819185712507792 1
      vertex 6.8773428574204445 9.870528564921447 1
    endloop
  endfacet
  facet normal 0 0 1
    outer loop
      vertex 7.371399998664856 9.870528564921447 1
      vertex 6.8773428574204445 9.870528564921447 1
      vertex 7.371399998664856 9.819185712507792 1
    endloop
  endfacet
  facet normal 0 0 1
    outer loop
      vertex 7.545771427452564 8.908557140401431 1
      vertex 7.545771427452564 9.793985710612365 1
      vertex 7.371399998664856 9.819185712507792 1
    endloop
  endfacet
  facet normal 0 0 1
    outer loop
      vertex 7.64750000089407 8.571428568235465 1
      vertex 7.814128570258617 9.819185712507792 1
      vertex 7.64750000089407 9.793985710612365 1
    endloop
  endfacet
  facet normal 0 0 1
    outer loop
      vertex 8 14.27046684140847 1
      vertex 7.814128570258617 9.870528564921447 1
      vertex 7.976407140493393 4.156242855957576 1
    endloop
  endfacet
  facet normal 0 0 1
    outer loop
      vertex 8 14.27046684140847 1
      vertex 7.976407140493393 4.156242855957576 1
      vertex 7.976407140493393 4.104900003543921 1
    endloop
  endfacet
  facet normal 1 0 0
    outer loop
      vertex 8 0 1
      vertex 8 14.27046684140847 0.9
      vertex 8 14.27046684140847 1
    endloop
  endfacet
  facet normal 1 0 0
    outer loop
      vertex 8 20 0
      vertex 8 14.419661630092103 0.9
      vertex 8 14.27046684140847 0.9
    endloop
  endfacet
  facet normal 1 0 0
    outer loop
      vertex 8 20 0
      vertex 8 15.395872931984933 0.9
      vertex 8 14.419661630092103 0.9
    endloop
  endfacet
  facet normal 1 0 0
    outer loop
      vertex 8 20 0
      vertex 8 15.622918570071805 0.9
      vertex 8 15.395872931984933 0.9
    endloop
  endfacet
  facet normal 1 0 0
    outer loop
      vertex 8 20 0
      vertex 8 16.478374332812095 0.9
      vertex 8 15.622918570071805 0.9
    endloop
  endfacet
  facet normal 1 0 0
    outer loop
      vertex 8 20 0
      vertex 8 16.603494643305936 0.9
      vertex 8 16.478374332812095 0.9
    endloop
  endfacet
  facet normal 0 0 1
    outer loop
      vertex 3.693785712122917 11.42857142644269 1
      vertex 4.250900000333786 9.713099994829722 1
      vertex 4.4613678604364395 9.842067853680678 1
    endloop
  endfacet
  facet normal 0 0 1
    outer loop
      vertex 3.7877571433782578 11.42857142644269 1
      vertex 4.4613678604364395 9.842067853680678 1
      vertex 4.753685712814331 9.885057137480803 1
    endloop
  endfacet
  facet normal 0 0 1
    outer loop
      vertex 3.693785712122917 11.42857142644269 1
      vertex 4.4613678604364395 9.842067853680678 1
      vertex 3.7877571433782578 11.42857142644269 1
    endloop
  endfacet
  facet normal 0 0 1
    outer loop
      vertex 3.7877571433782578 11.42857142644269 1
      vertex 4.753685712814331 9.885057137480803 1
      vertex 4.963664285838604 9.872703568211623 1
    endloop
  endfacet
  facet normal 0 0 1
    outer loop
      vertex 3.7877571433782578 11.42857142644269 1
      vertex 4.963664285838604 9.872703568211623 1
      vertex 5.188657142221928 9.835642852953502 1
    endloop
  endfacet
  facet normal 0 0 1
    outer loop
      vertex 3.7877571433782578 11.42857142644269 1
      vertex 5.188657142221928 9.835642852953502 1
      vertex 4.257685713469982 11.581142858735152 1
    endloop
  endfacet
  facet normal 0 0 1
    outer loop
      vertex 5.188657142221928 9.835642852953502 1
      vertex 4.468874998390675 11.452185713819095 1
      vertex 4.257685713469982 11.581142858735152 1
    endloop
  endfacet
  facet normal 0 0 1
    outer loop
      vertex 3.7877571433782578 11.42857142644269 1
      vertex 4.125450000166893 11.787610710731574 1
      vertex 4.081371426582336 12.063099996319838 1
    endloop
  endfacet
  facet normal 0 0 1
    outer loop
      vertex 3.7877571433782578 11.42857142644269 1
      vertex 4.257685713469982 11.581142858735152 1
      vertex 4.125450000166893 11.787610710731574 1
    endloop
  endfacet
  facet normal 0 0 1
    outer loop
      vertex 3.7877571433782578 11.42857142644269 1
      vertex 4.081371426582336 12.063099996319838 1
      vertex 4.123753570020199 12.35747856753213 1
    endloop
  endfacet
  facet normal 0 0 1
    outer loop
      vertex 3.7877571433782578 11.42857142644269 1
      vertex 4.123753570020199 12.35747856753213 1
      vertex 3.9543857127428055 12.676328570715018 1
    endloop
  endfacet
  facet normal 0 0 1
    outer loop
      vertex 4.550374999642372 11.521082141569682 1
      vertex 5.130528569221497 12.408942856958934 1
      vertex 4.403485715389252 11.632971429399081 1
    endloop
  endfacet
  facet normal 0 0 1
    outer loop
      vertex 4.403485715389252 11.632971429399081 1
      vertex 5.130528569221497 12.408942856958934 1
      vertex 4.313753575086594 11.815589280000754 1
    endloop
  endfacet
  facet normal 0 0 1
    outer loop
      vertex 4.313753575086594 11.815589280000754 1
      vertex 5.130528569221497 12.408942856958934 1
      vertex 4.283842854201794 12.065042854419776 1
    endloop
  endfacet
  facet normal 0 0 1
    outer loop
      vertex 4.283842854201794 12.065042854419776 1
      vertex 5.130528569221497 12.408942856958934 1
      vertex 4.312421426177025 12.331928567162581 1
    endloop
  endfacet
  facet normal 0 0 1
    outer loop
      vertex 4.312421426177025 12.331928567162581 1
      vertex 5.130528569221497 12.408942856958934 1
      vertex 4.398157142102718 12.51841428237302 1
    endloop
  endfacet
  facet normal 0 0 1
    outer loop
      vertex 5.188657142221928 9.835642852953502 1
      vertex 4.749814286828041 11.409199998847075 1
      vertex 4.468874998390675 11.452185713819095 1
    endloop
  endfacet
  facet normal 0 0 1
    outer loop
      vertex 5.188657142221928 9.835642852953502 1
      vertex 4.986910715699196 11.424457141331263 1
      vertex 4.749814286828041 11.409199998847075 1
    endloop
  endfacet
  facet normal 0 0 1
    outer loop
      vertex 5.188657142221928 9.835642852953502 1
      vertex 5.208028569817543 11.470228568783828 1
      vertex 4.986910715699196 11.424457141331263 1
    endloop
  endfacet
  facet normal 0 0 1
    outer loop
      vertex 5.188657142221928 9.835642852953502 1
      vertex 5.393157139420509 11.42857142644269 1
      vertex 5.208028569817543 11.470228568783828 1
    endloop
  endfacet
  facet normal 0 0 1
    outer loop
      vertex 5.188657142221928 9.835642852953502 1
      vertex 5.940499998629093 11.42857142644269 1
      vertex 5.393157139420509 11.42857142644269 1
    endloop
  endfacet
  facet normal 0 0 1
    outer loop
      vertex 4.7517571449279785 11.483785712293216 1
      vertex 5.130528569221497 12.408942856958934 1
      vertex 4.550374999642372 11.521082141569682 1
    endloop
  endfacet
  facet normal 0 0 1
    outer loop
      vertex 4.859039284288883 11.490446427038737 1
      vertex 5.194471426308155 12.408942856958934 1
      vertex 4.7517571449279785 11.483785712293216 1
    endloop
  endfacet
  facet normal 0 0 1
    outer loop
      vertex 4.960028573870659 11.510428571275302 1
      vertex 5.194471426308155 12.408942856958934 1
      vertex 4.859039284288883 11.490446427038737 1
    endloop
  endfacet
  facet normal 0 0 1
    outer loop
      vertex 5.047700002789497 11.54154999660594 1
      vertex 5.194471426308155 12.408942856958934 1
      vertex 4.960028573870659 11.510428571275302 1
    endloop
  endfacet
  facet normal 0 0 1
    outer loop
      vertex 5.115028575062752 11.581628569534846 1
      vertex 5.194471426308155 12.408942856958934 1
      vertex 5.047700002789497 11.54154999660594 1
    endloop
  endfacet
  facet normal 0 0 1
    outer loop
      vertex 4.7517571449279785 11.483785712293216 1
      vertex 5.194471426308155 12.408942856958934 1
      vertex 5.130528569221497 12.408942856958934 1
    endloop
  endfacet
  facet normal 0 0 1
    outer loop
      vertex 5.115028575062752 11.581628569534846 1
      vertex 5.150871425867081 11.775385708681174 1
      vertex 5.194471426308155 12.408942856958934 1
    endloop
  endfacet
  facet normal 0 0 1
    outer loop
      vertex 5.393157139420509 11.479914286306926 1
      vertex 5.208028569817543 11.470228568783828 1
      vertex 5.393157139420509 11.42857142644269 1
    endloop
  endfacet
  facet normal 0 0 1
    outer loop
      vertex 5.208028569817543 11.470228568783828 1
      vertex 5.393157139420509 11.479914286306926 1
      vertex 5.5471857115626335 11.506071427038737 1
    endloop
  endfacet
  facet normal 0 0 1
    outer loop
      vertex 5.2138428539037704 11.775385708681174 1
      vertex 5.380557142198086 12.676328570715018 1
      vertex 5.150871425867081 11.775385708681174 1
    endloop
  endfacet
  facet normal 0 0 1
    outer loop
      vertex 5.208028569817543 11.470228568783828 1
      vertex 5.5471857115626335 12.65112856881959 1
      vertex 5.2138428539037704 11.775385708681174 1
    endloop
  endfacet
  facet normal 0 0 1
    outer loop
      vertex 5.150871425867081 11.775385708681174 1
      vertex 5.380557142198086 12.676328570715018 1
      vertex 5.194471426308155 12.408942856958934 1
    endloop
  endfacet
  facet normal 0 0 1
    outer loop
      vertex 5.208028569817543 11.470228568783828 1
      vertex 5.5471857115626335 11.506071427038737 1
      vertex 5.5471857115626335 12.65112856881959 1
    endloop
  endfacet
  facet normal 0 0 1
    outer loop
      vertex 5.5471857115626335 12.65112856881959 1
      vertex 5.380557142198086 12.676328570715018 1
      vertex 5.2138428539037704 11.775385708681174 1
    endloop
  endfacet
  facet normal 0 0 1
    outer loop
      vertex 3.9543857127428055 12.676328570715018 1
      vertex 4.250900000333786 12.570242853036948 1
      vertex 3.9543857127428055 12.727671423128673 1
    endloop
  endfacet
  facet normal 0 0 1
    outer loop
      vertex 3.9543857127428055 12.676328570715018 1
      vertex 4.123753570020199 12.35747856753213 1
      vertex 4.250900000333786 12.570242853036948 1
    endloop
  endfacet
  facet normal 0 0 1
    outer loop
      vertex 4.4613678604364395 12.699210711887904 1
      vertex 3.9543857127428055 12.727671423128673 1
      vertex 4.250900000333786 12.570242853036948 1
    endloop
  endfacet
  facet normal 0 0 1
    outer loop
      vertex 3.58493285626173 14.285714284649917 1
      vertex 3.9543857127428055 12.727671423128673 1
      vertex 4.4613678604364395 12.699210711887904 1
    endloop
  endfacet
  facet normal 0 0 1
    outer loop
      vertex 3.58493285626173 14.285714284649917 1
      vertex 4.4613678604364395 12.699210711887904 1
      vertex 4.753685712814331 12.74219999568803 1
    endloop
  endfacet
  facet normal 0 0 1
    outer loop
      vertex 4.398157142102718 12.51841428237302 1
      vertex 5.130528569221497 12.408942856958934 1
      vertex 4.54613571614027 12.628128566912242 1
    endloop
  endfacet
  facet normal 0 0 1
    outer loop
      vertex 3.58493285626173 14.285714284649917 1
      vertex 4.753685712814331 12.74219999568803 1
      vertex 4.963664285838604 12.729846426418849 1
    endloop
  endfacet
  facet normal 0 0 1
    outer loop
      vertex 3.58493285626173 14.285714284649917 1
      vertex 4.963664285838604 12.729846426418849 1
      vertex 5.188657142221928 12.692785711160727 1
    endloop
  endfacet
  facet normal 0 0 1
    outer loop
      vertex 3.58493285626173 14.285714284649917 1
      vertex 5.188657142221928 12.692785711160727 1
      vertex 5.380557142198086 12.676328570715018 1
    endloop
  endfacet
  facet normal 0 0 1
    outer loop
      vertex 5.380557142198086 12.727671423128673 1
      vertex 4.519595712423325 14.285714284649917 1
      vertex 3.58493285626173 14.285714284649917 1
    endloop
  endfacet
  facet normal 0 0 1
    outer loop
      vertex 4.519595712423325 14.378131427935191 1
      vertex 4.791678570210934 15.42786571489913 1
      vertex 4.21966428309679 14.425214284232684 1
    endloop
  endfacet
  facet normal 0 0 1
    outer loop
      vertex 4.519595712423325 14.285714284649917 1
      vertex 5.109044283628464 14.560342856815883 1
      vertex 4.519595712423325 14.378131427935191 1
    endloop
  endfacet
  facet normal 0 0 1
    outer loop
      vertex 4.519595712423325 14.378131427935191 1
      vertex 4.871019996702671 14.931984999350139 1
      vertex 4.791678570210934 15.42786571489913 1
    endloop
  endfacet
  facet normal 0 0 1
    outer loop
      vertex 4.54613571614027 12.628128566912242 1
      vertex 5.130528569221497 12.408942856958934 1
      vertex 4.761442855000496 12.664699995091983 1
    endloop
  endfacet
  facet normal 0 0 1
    outer loop
      vertex 4.761442855000496 12.664699995091983 1
      vertex 5.130528569221497 12.408942856958934 1
      vertex 4.853592857718468 12.659007140568324 1
    endloop
  endfacet
  facet normal 0 0 1
    outer loop
      vertex 4.853592857718468 12.659007140568324 1
      vertex 5.130528569221497 12.408942856958934 1
      vertex 4.944042854011059 12.641928569546767 1
    endloop
  endfacet
  facet normal 0 0 1
    outer loop
      vertex 5.101471431553364 12.577514284423419 1
      vertex 4.944042854011059 12.641928569546767 1
      vertex 5.130528569221497 12.408942856958934 1
    endloop
  endfacet
  facet normal 0 0 1
    outer loop
      vertex 5.101471431553364 12.577514284423419 1
      vertex 5.028207145631313 12.61444642501218 1
      vertex 4.944042854011059 12.641928569546767 1
    endloop
  endfacet
  facet normal 0 0 1
    outer loop
      vertex 3.58493285626173 14.285714284649917 1
      vertex 5.380557142198086 12.676328570715018 1
      vertex 5.380557142198086 12.727671423128673 1
    endloop
  endfacet
  facet normal 0 0 1
    outer loop
      vertex 5.194471426308155 12.408942856958934 1
      vertex 5.380557142198086 12.676328570715018 1
      vertex 5.188657142221928 12.692785711160727 1
    endloop
  endfacet
  facet normal 0 0 1
    outer loop
      vertex 5.109044283628464 14.560342856815883 1
      vertex 4.519595712423325 14.285714284649917 1
      vertex 5.380557142198086 12.727671423128673 1
    endloop
  endfacet
  facet normal 0 0 1
    outer loop
      vertex 4.871019996702671 14.931984999350139 1
      vertex 4.519595712423325 14.378131427935191 1
      vertex 5.109044283628464 14.560342856815883 1
    endloop
  endfacet
  facet normal 0 0 1
    outer loop
      vertex 5.109044283628464 14.560342856815883 1
      vertex 5.380557142198086 12.727671423128673 1
      vertex 5.489184997975826 14.328219995966979 1
    endloop
  endfacet
  facet normal 0 0 1
    outer loop
      vertex 5.188657142221928 9.835642852953502 1
      vertex 6.484028570353985 11.42857142644269 1
      vertex 5.940499998629093 11.42857142644269 1
    endloop
  endfacet
  facet normal 0 0 1
    outer loop
      vertex 5.188657142221928 9.835642852953502 1
      vertex 5.380557142198086 9.870528564921447 1
      vertex 7.64750000089407 11.42857142644269 1
    endloop
  endfacet
  facet normal 0 0 1
    outer loop
      vertex 5.870742857456207 9.870528564921447 1
      vertex 7.64750000089407 11.42857142644269 1
      vertex 5.380557142198086 9.870528564921447 1
    endloop
  endfacet
  facet normal 0 0 1
    outer loop
      vertex 5.188657142221928 9.835642852953502 1
      vertex 6.926742859184742 11.42857142644269 1
      vertex 6.484028570353985 11.42857142644269 1
    endloop
  endfacet
  facet normal 0 0 1
    outer loop
      vertex 5.734157145023346 11.506071427038737 1
      vertex 5.940499998629093 11.479914286306926 1
      vertex 5.734157145023346 11.938128569296428 1
    endloop
  endfacet
  facet normal 0 0 1
    outer loop
      vertex 5.734157145023346 11.938128569296428 1
      vertex 5.940499998629093 11.479914286306926 1
      vertex 5.880428574979305 11.938128569296428 1
    endloop
  endfacet
  facet normal 0 0 1
    outer loop
      vertex 5.880428574979305 11.938128569296428 1
      vertex 5.940499998629093 11.479914286306926 1
      vertex 6.079874999821186 11.964042858353682 1
    endloop
  endfacet
  facet normal 0 0 1
    outer loop
      vertex 5.82908571511507 12.640471429697104 1
      vertex 5.734157145023346 12.640471429697104 1
      vertex 5.734157145023346 12.025328570178576 1
    endloop
  endfacet
  facet normal 0 0 1
    outer loop
      vertex 5.834899999201298 12.025328570178576 1
      vertex 5.977182142436504 12.043974996677466 1
      vertex 5.734157145023346 12.025328570178576 1
    endloop
  endfacet
  facet normal 0 0 1
    outer loop
      vertex 5.977182142436504 12.043974996677466 1
      vertex 6.07660000026226 12.099914283624717 1
      vertex 5.734157145023346 12.025328570178576 1
    endloop
  endfacet
  facet normal 0 0 1
    outer loop
      vertex 5.979967854917049 12.623274997941085 1
      vertex 5.82908571511507 12.640471429697104 1
      vertex 5.734157145023346 12.025328570178576 1
    endloop
  endfacet
  facet normal 0 0 1
    outer loop
      vertex 6.079985715448856 12.571685710123607 1
      vertex 5.979967854917049 12.623274997941085 1
      vertex 5.734157145023346 12.025328570178576 1
    endloop
  endfacet
  facet normal 0 0 1
    outer loop
      vertex 5.940499998629093 11.42857142644269 1
      vertex 6.484028570353985 11.479914286306926 1
      vertex 5.940499998629093 11.479914286306926 1
    endloop
  endfacet
  facet normal 0 0 1
    outer loop
      vertex 5.940499998629093 11.479914286306926 1
      vertex 6.484028570353985 11.479914286306926 1
      vertex 6.079874999821186 11.964042858353682 1
    endloop
  endfacet
  facet normal 0 0 1
    outer loop
      vertex 6.484028570353985 11.479914286306926 1
      vertex 5.940499998629093 11.42857142644269 1
      vertex 6.484028570353985 11.42857142644269 1
    endloop
  endfacet
  facet normal 0 0 1
    outer loop
      vertex 6.079874999821186 11.964042858353682 1
      vertex 6.484028570353985 11.479914286306926 1
      vertex 6.226757146418095 12.041785710624286 1
    endloop
  endfacet
  facet normal 0 0 1
    outer loop
      vertex 6.07660000026226 12.099914283624717 1
      vertex 6.135089285671711 12.19800356881959 1
      vertex 5.734157145023346 12.025328570178576 1
    endloop
  endfacet
  facet normal 0 0 1
    outer loop
      vertex 6.135089285671711 12.19800356881959 1
      vertex 6.154585711658001 12.343071424535342 1
      vertex 5.734157145023346 12.025328570178576 1
    endloop
  endfacet
  facet normal 0 0 1
    outer loop
      vertex 6.154585711658001 12.343071424535342 1
      vertex 6.135935716331005 12.480146424046584 1
      vertex 5.734157145023346 12.025328570178576 1
    endloop
  endfacet
  facet normal 0 0 1
    outer loop
      vertex 6.135935716331005 12.480146424046584 1
      vertex 6.079985715448856 12.571685710123607 1
      vertex 5.734157145023346 12.025328570178576 1
    endloop
  endfacet
  facet normal 0 0 1
    outer loop
      vertex 5.870742857456207 9.870528564921447 1
      vertex 6.484028570353985 9.870528564921447 1
      vertex 7.64750000089407 11.42857142644269 1
    endloop
  endfacet
  facet normal 0 0 1
    outer loop
      vertex 5.188657142221928 9.835642852953502 1
      vertex 7.553528569638729 11.42857142644269 1
      vertex 6.926742859184742 11.42857142644269 1
    endloop
  endfacet
  facet normal 0 0 1
    outer loop
      vertex 6.8773428574204445 9.870528564921447 1
      vertex 7.64750000089407 11.42857142644269 1
      vertex 6.484028570353985 9.870528564921447 1
    endloop
  endfacet
  facet normal 0 0 1
    outer loop
      vertex 5.188657142221928 9.835642852953502 1
      vertex 7.64750000089407 11.42857142644269 1
      vertex 7.553528569638729 11.42857142644269 1
    endloop
  endfacet
  facet normal 0 0 1
    outer loop
      vertex 6.650657139718533 11.506071427038737 1
      vertex 6.226757146418095 12.041785710624286 1
      vertex 6.484028570353985 11.479914286306926 1
    endloop
  endfacet
  facet normal 0 0 1
    outer loop
      vertex 6.226757146418095 12.041785710624286 1
      vertex 6.650657139718533 11.506071427038737 1
      vertex 6.317217856645584 12.169421428016253 1
    endloop
  endfacet
  facet normal 0 0 1
    outer loop
      vertex 6.317217856645584 12.169421428016253 1
      vertex 6.650657139718533 11.506071427038737 1
      vertex 6.347371429204941 12.34501428263528 1
    endloop
  endfacet
  facet normal 0 0 1
    outer loop
      vertex 6.650657139718533 11.506071427038737 1
      vertex 6.650657139718533 12.65112856881959 1
      vertex 6.347371429204941 12.34501428263528 1
    endloop
  endfacet
  facet normal 0 0 1
    outer loop
      vertex 6.926742859184742 11.479914286306926 1
      vertex 6.752371430397034 12.596885712019034 1
      vertex 6.752371430397034 11.506071427038737 1
    endloop
  endfacet
  facet normal 0 0 1
    outer loop
      vertex 6.926742859184742 11.42857142644269 1
      vertex 7.553528569638729 11.42857142644269 1
      vertex 6.926742859184742 11.479914286306926 1
    endloop
  endfacet
  facet normal 0 0 1
    outer loop
      vertex 6.752371430397034 12.596885712019034 1
      vertex 6.926742859184742 11.479914286306926 1
      vertex 7.553528569638729 11.42857142644269 1
    endloop
  endfacet
  facet normal 0 0 1
    outer loop
      vertex 5.870742857456207 12.727671423128673 1
      vertex 5.489184997975826 14.328219995966979 1
      vertex 5.380557142198086 12.727671423128673 1
    endloop
  endfacet
  facet normal 0 0 1
    outer loop
      vertex 6.347371429204941 12.34501428263528 1
      vertex 6.484028570353985 12.676328570715018 1
      vertex 6.228214286267757 12.632007138005324 1
    endloop
  endfacet
  facet normal 0 0 1
    outer loop
      vertex 6.228214286267757 12.632007138005324 1
      vertex 5.994875714182854 14.250845716467925 1
      vertex 5.870742857456207 12.727671423128673 1
    endloop
  endfacet
  facet normal 0 0 1
    outer loop
      vertex 6.228214286267757 12.632007138005324 1
      vertex 6.484028570353985 12.727671423128673 1
      vertex 5.994875714182854 14.250845716467925 1
    endloop
  endfacet
  facet normal 0 0 1
    outer loop
      vertex 5.489184997975826 14.328219995966979 1
      vertex 5.870742857456207 12.727671423128673 1
      vertex 5.994875714182854 14.250845716467925 1
    endloop
  endfacet
  facet normal 0 0 1
    outer loop
      vertex 5.994875714182854 14.250845716467925 1
      vertex 6.484028570353985 12.727671423128673 1
      vertex 6.421649284660816 14.278308571449347 1
    endloop
  endfacet
  facet normal 0 0 1
    outer loop
      vertex 5.998372860252857 14.385100000670977 1
      vertex 6.68016143143177 16.05038285361869 1
      vertex 5.635885000228882 14.452233568898269 1
    endloop
  endfacet
  facet normal 0 0 1
    outer loop
      vertex 6.191480711102486 14.397089281252452 1
      vertex 6.795258574187756 16.05038285361869 1
      vertex 5.998372860252857 14.385100000670977 1
    endloop
  endfacet
  facet normal 0 0 1
    outer loop
      vertex 6.484028570353985 12.727671423128673 1
      vertex 6.228214286267757 12.632007138005324 1
      vertex 6.484028570353985 12.676328570715018 1
    endloop
  endfacet
  facet normal 0 0 1
    outer loop
      vertex 6.484028570353985 12.676328570715018 1
      vertex 6.347371429204941 12.34501428263528 1
      vertex 6.650657139718533 12.65112856881959 1
    endloop
  endfacet
  facet normal 0 0 1
    outer loop
      vertex 6.8773428574204445 12.727671423128673 1
      vertex 7.217409998178482 14.325828568211623 1
      vertex 6.484028570353985 12.727671423128673 1
    endloop
  endfacet
  facet normal 0 0 1
    outer loop
      vertex 6.8773428574204445 12.727671423128673 1
      vertex 7.371399998664856 12.727671423128673 1
      vertex 7.217409998178482 14.325828568211623 1
    endloop
  endfacet
  facet normal 0 0 1
    outer loop
      vertex 6.421649284660816 14.278308571449347 1
      vertex 6.484028570353985 12.727671423128673 1
      vertex 6.819661431014538 14.360697143844195 1
    endloop
  endfacet
  facet normal 0 0 1
    outer loop
      vertex 6.37326142936945 14.433057145348617 1
      vertex 6.795258574187756 16.05038285361869 1
      vertex 6.191480711102486 14.397089281252452 1
    endloop
  endfacet
  facet normal 0 0 1
    outer loop
      vertex 6.531070001423359 14.489075713923999 1
      vertex 6.795258574187756 16.05038285361869 1
      vertex 6.37326142936945 14.433057145348617 1
    endloop
  endfacet
  facet normal 0 0 1
    outer loop
      vertex 6.484028570353985 12.727671423128673 1
      vertex 7.217409998178482 14.325828568211623 1
      vertex 6.819661431014538 14.360697143844195 1
    endloop
  endfacet
  facet normal 0 0 1
    outer loop
      vertex 6.819661431014538 14.360697143844195 1
      vertex 7.198227144777775 14.817562856844493 1
      vertex 6.830127142369747 14.909980000129767 1
    endloop
  endfacet
  facet normal 0 0 1
    outer loop
      vertex 7.198227144777775 14.817562856844493 1
      vertex 6.819661431014538 14.360697143844195 1
      vertex 7.217409998178482 14.325828568211623 1
    endloop
  endfacet
  facet normal 0 0 1
    outer loop
      vertex 7.3132985681295395 14.817562856844493 1
      vertex 6.830127142369747 14.909980000129767 1
      vertex 7.198227144777775 14.817562856844493 1
    endloop
  endfacet
  facet normal 0 1 0
    outer loop
      vertex 0 20 1
      vertex 8 20 1
      vertex 8 20 0
    endloop
  endfacet
  facet normal 0 0 1
    outer loop
      vertex 4.21966428309679 14.425214284232684 1
      vertex 4.519595712423325 16.53167714284999 1
      vertex 4.21966428309679 16.48631714390857 1
    endloop
  endfacet
  facet normal 0 0 1
    outer loop
      vertex 4.21966428309679 14.425214284232684 1
      vertex 4.791678570210934 15.42786571489913 1
      vertex 4.867966428399086 15.957747140101024 1
    endloop
  endfacet
  facet normal 0 0 1
    outer loop
      vertex 4.21966428309679 14.425214284232684 1
      vertex 4.867966428399086 15.957747140101024 1
      vertex 4.519595712423325 16.53167714284999 1
    endloop
  endfacet
  facet normal 0 0 1
    outer loop
      vertex 4.519595712423325 16.53167714284999 1
      vertex 5.096830002963543 16.34072285251958 1
      vertex 4.519595712423325 16.624094286135264 1
    endloop
  endfacet
  facet normal 0 0 1
    outer loop
      vertex 5.096830002963543 16.34072285251958 1
      vertex 4.519595712423325 16.53167714284999 1
      vertex 4.867966428399086 15.957747140101024 1
    endloop
  endfacet
  facet normal 0 0 1
    outer loop
      vertex 5.475672140717506 16.57286499547107 1
      vertex 4.519595712423325 16.624094286135264 1
      vertex 5.096830002963543 16.34072285251958 1
    endloop
  endfacet
  facet normal 0 0 1
    outer loop
      vertex 6.00184428691864 16.650245712271758 1
      vertex 4.519595712423325 16.624094286135264 1
      vertex 5.475672140717506 16.57286499547107 1
    endloop
  endfacet
  facet normal 0 0 1
    outer loop
      vertex 8 20 1
      vertex 2.4548671394586563 16.624094286135264 1
      vertex 3.098315715789795 16.45189856844289 1
    endloop
  endfacet
  facet normal 0 0 1
    outer loop
      vertex 8 20 1
      vertex 3.098315715789795 16.45189856844289 1
      vertex 3.58493285626173 16.624094286135264 1
    endloop
  endfacet
  facet normal 0 0 1
    outer loop
      vertex 8 20 1
      vertex 3.58493285626173 16.624094286135264 1
      vertex 4.519595712423325 16.624094286135264 1
    endloop
  endfacet
  facet normal 0 0 1
    outer loop
      vertex 5.371484287083149 14.653634281030723 1
      vertex 6.68016143143177 16.05038285361869 1
      vertex 5.2099664285779 14.982346424034663 1
    endloop
  endfacet
  facet normal 0 0 1
    outer loop
      vertex 5.2099664285779 14.982346424034663 1
      vertex 6.68016143143177 16.05038285361869 1
      vertex 5.156127139925957 15.431362853518554 1
    endloop
  endfacet
  facet normal 0 0 1
    outer loop
      vertex 5.635885000228882 14.452233568898269 1
      vertex 6.68016143143177 16.05038285361869 1
      vertex 5.371484287083149 14.653634281030723 1
    endloop
  endfacet
  facet normal 0 0 1
    outer loop
      vertex 5.156127139925957 15.431362853518554 1
      vertex 6.68016143143177 16.05038285361869 1
      vertex 5.207568570971489 15.911757142416068 1
    endloop
  endfacet
  facet normal 0 0 1
    outer loop
      vertex 5.207568570971489 15.911757142416068 1
      vertex 6.68016143143177 16.05038285361869 1
      vertex 5.361892856657505 16.24743142830474 1
    endloop
  endfacet
  facet normal 0 0 1
    outer loop
      vertex 5.361892856657505 16.24743142830474 1
      vertex 6.68016143143177 16.05038285361869 1
      vertex 5.628254286944866 16.444917143455573 1
    endloop
  endfacet
  facet normal 0 0 1
    outer loop
      vertex 5.628254286944866 16.444917143455573 1
      vertex 6.68016143143177 16.05038285361869 1
      vertex 6.015807144343853 16.51074571268899 1
    endloop
  endfacet
  facet normal 0 0 1
    outer loop
      vertex 6.015807144343853 16.51074571268899 1
      vertex 6.68016143143177 16.05038285361869 1
      vertex 6.1816771402955055 16.500498571566173 1
    endloop
  endfacet
  facet normal 0 0 1
    outer loop
      vertex 5.998372860252857 14.385100000670977 1
      vertex 6.795258574187756 16.05038285361869 1
      vertex 6.68016143143177 16.05038285361869 1
    endloop
  endfacet
  facet normal 0 0 1
    outer loop
      vertex 6.652261428534985 14.561217145196029 1
      vertex 6.795258574187756 16.05038285361869 1
      vertex 6.531070001423359 14.489075713923999 1
    endloop
  endfacet
  facet normal 0 0 1
    outer loop
      vertex 6.652261428534985 14.561217145196029 1
      vertex 6.716778568923473 14.909980000129767 1
      vertex 6.795258574187756 16.05038285361869 1
    endloop
  endfacet
  facet normal 0 0 1
    outer loop
      vertex 6.830127142369747 14.909980000129767 1
      vertex 7.26971285790205 16.125365712812968 1
      vertex 6.716778568923473 14.909980000129767 1
    endloop
  endfacet
  facet normal 0 0 1
    outer loop
      vertex 6.716778568923473 14.909980000129767 1
      vertex 7.26971285790205 16.125365712812968 1
      vertex 6.795258574187756 16.05038285361869 1
    endloop
  endfacet
  facet normal 0 0 1
    outer loop
      vertex 6.1816771402955055 16.500498571566173 1
      vertex 6.68016143143177 16.05038285361869 1
      vertex 6.3444871455430984 16.469757140747138 1
    endloop
  endfacet
  facet normal 0 0 1
    outer loop
      vertex 6.627858571708202 16.353811429015227 1
      vertex 6.3444871455430984 16.469757140747138 1
      vertex 6.68016143143177 16.05038285361869 1
    endloop
  endfacet
  facet normal 0 0 1
    outer loop
      vertex 6.3444871455430984 16.469757140747138 1
      vertex 6.627858571708202 16.353811429015227 1
      vertex 6.495982855558395 16.420289286545344 1
    endloop
  endfacet
  facet normal 0 0 1
    outer loop
      vertex 6.795258574187756 16.05038285361869 1
      vertex 7.26971285790205 16.57526285307748 1
      vertex 6.784792855381966 16.561299995652266 1
    endloop
  endfacet
  facet normal 0 0 1
    outer loop
      vertex 7.26971285790205 16.57526285307748 1
      vertex 6.795258574187756 16.05038285361869 1
      vertex 7.26971285790205 16.125365712812968 1
    endloop
  endfacet
  facet normal 0 0 1
    outer loop
      vertex 8 20 1
      vertex 4.519595712423325 16.624094286135264 1
      vertex 6.00184428691864 16.650245712271758 1
    endloop
  endfacet
  facet normal 0 0 1
    outer loop
      vertex 8 20 1
      vertex 6.00184428691864 16.650245712271758 1
      vertex 6.379805713891983 16.628009283116885 1
    endloop
  endfacet
  facet normal 0 0 1
    outer loop
      vertex 8 20 1
      vertex 6.379805713891983 16.628009283116885 1
      vertex 6.784792855381966 16.561299995652266 1
    endloop
  endfacet
  facet normal 1 0 0
    outer loop
      vertex 8 0 1
      vertex 8 20 0
      vertex 8 14.27046684140847 0.9
    endloop
  endfacet
  facet normal 0 0 1
    outer loop
      vertex 6.8773428574204445 9.870528564921447 1
      vertex 7.371399998664856 9.870528564921447 1
      vertex 7.64750000089407 11.42857142644269 1
    endloop
  endfacet
  facet normal 0 0 1
    outer loop
      vertex 7.814128570258617 9.870528564921447 1
      vertex 7.64750000089407 11.42857142644269 1
      vertex 7.371399998664856 9.870528564921447 1
    endloop
  endfacet
  facet normal 0 0 1
    outer loop
      vertex 7.545771427452564 11.765699998608657 1
      vertex 7.371399998664856 12.676328570715018 1
      vertex 6.8773428574204445 12.727671423128673 1
    endloop
  endfacet
  facet normal 0 0 1
    outer loop
      vertex 7.545771427452564 11.765699998608657 1
      vertex 7.545771427452564 12.65112856881959 1
      vertex 7.371399998664856 12.676328570715018 1
    endloop
  endfacet
  facet normal 0 0 1
    outer loop
      vertex 7.814128570258617 9.870528564921447 1
      vertex 7.814128570258617 12.676328570715018 1
      vertex 7.64750000089407 11.42857142644269 1
    endloop
  endfacet
  facet normal 0 0 1
    outer loop
      vertex 7.64750000089407 11.42857142644269 1
      vertex 7.814128570258617 12.676328570715018 1
      vertex 7.64750000089407 12.65112856881959 1
    endloop
  endfacet
  facet normal 0 0 1
    outer loop
      vertex 8 14.27046684140847 1
      vertex 7.814128570258617 12.676328570715018 1
      vertex 7.814128570258617 9.870528564921447 1
    endloop
  endfacet
  facet normal 0 0 1
    outer loop
      vertex 7.371399998664856 12.727671423128673 1
      vertex 6.8773428574204445 12.727671423128673 1
      vertex 7.371399998664856 12.676328570715018 1
    endloop
  endfacet
  facet normal 0 0 1
    outer loop
      vertex 7.814128570258617 12.727671423128673 1
      vertex 7.522561430931091 14.26959142940385 1
      vertex 7.371399998664856 12.727671423128673 1
    endloop
  endfacet
  facet normal 0 0 1
    outer loop
      vertex 7.814128570258617 12.727671423128673 1
      vertex 7.845147140324116 14.250845716467925 1
      vertex 7.522561430931091 14.26959142940385 1
    endloop
  endfacet
  facet normal 0 0 1
    outer loop
      vertex 8 14.27046684140847 1
      vertex 7.814128570258617 12.727671423128673 1
      vertex 7.814128570258617 12.676328570715018 1
    endloop
  endfacet
  facet normal 0 0 1
    outer loop
      vertex 8 14.27046684140847 1
      vertex 7.845147140324116 14.250845716467925 1
      vertex 7.814128570258617 12.727671423128673 1
    endloop
  endfacet
  facet normal 0 0 1
    outer loop
      vertex 7.217409998178482 14.325828568211623 1
      vertex 7.371399998664856 12.727671423128673 1
      vertex 7.522561430931091 14.26959142940385 1
    endloop
  endfacet
  facet normal 0 0 1
    outer loop
      vertex 8 15.395872931984933 1
      vertex 7.3132985681295395 14.817562856844493 1
      vertex 7.391778573393822 14.489731424621173 1
    endloop
  endfacet
  facet normal 0 0 1
    outer loop
      vertex 8 15.395872931984933 1
      vertex 7.391778573393822 14.489731424621173 1
      vertex 7.473954997956753 14.45398213820798 1
    endloop
  endfacet
  facet normal 0 0 1
    outer loop
      vertex 8 15.395872931984933 1
      vertex 7.473954997956753 14.45398213820798 1
      vertex 7.584455713629723 14.423465714922973 1
    endloop
  endfacet
  facet normal 0 0 1
    outer loop
      vertex 8 15.395872931984933 1
      vertex 7.584455713629723 14.423465714922973 1
      vertex 7.704997859895229 14.402540714613028 1
    endloop
  endfacet
  facet normal 0 0 1
    outer loop
      vertex 8 15.395872931984933 1
      vertex 7.704997859895229 14.402540714613028 1
      vertex 7.817247144877911 14.395565712026187 1
    endloop
  endfacet
  facet normal 0 0 1
    outer loop
      vertex 8 15.395872931984933 1
      vertex 7.817247144877911 14.395565712026187 1
      vertex 8 14.419661630092103 1
    endloop
  endfacet
  facet normal 1 0 0
    outer loop
      vertex 8 14.419661630092103 1
      vertex 8 14.419661630092103 0.9
      vertex 8 15.395872931984933 1
    endloop
  endfacet
  facet normal 1 0 0
    outer loop
      vertex 8 20 0
      vertex 8 20 1
      vertex 8 16.603494643305936 0.9
    endloop
  endfacet
  facet normal 0 0 1
    outer loop
      vertex 7.609732858836651 15.577831425837108 1
      vertex 6.830127142369747 14.909980000129767 1
      vertex 7.609732858836651 15.434834287634917 1
    endloop
  endfacet
  facet normal 0 0 1
    outer loop
      vertex 6.830127142369747 14.909980000129767 1
      vertex 7.609732858836651 15.577831425837108 1
      vertex 7.26971285790205 16.125365712812968 1
    endloop
  endfacet
  facet normal 0 0 1
    outer loop
      vertex 8 15.395872931984933 1
      vertex 6.830127142369747 14.909980000129767 1
      vertex 7.3132985681295395 14.817562856844493 1
    endloop
  endfacet
  facet normal 0 0 1
    outer loop
      vertex 7.609732858836651 15.434834287634917 1
      vertex 6.830127142369747 14.909980000129767 1
      vertex 7.859109997749329 15.420897142163344 1
    endloop
  endfacet
  facet normal 0 0 1
    outer loop
      vertex 8 15.395872931984933 1
      vertex 7.859109997749329 15.420897142163344 1
      vertex 6.830127142369747 14.909980000129767 1
    endloop
  endfacet
  facet normal 0 0 1
    outer loop
      vertex 7.26971285790205 16.125365712812968 1
      vertex 7.609732858836651 15.577831425837108 1
      vertex 7.384810000658035 16.125365712812968 1
    endloop
  endfacet
  facet normal 0 0 1
    outer loop
      vertex 7.384810000658035 16.125365712812968 1
      vertex 7.859109997749329 15.593517140618392 1
      vertex 7.445830002427101 16.41133428471429 1
    endloop
  endfacet
  facet normal 0 0 1
    outer loop
      vertex 7.859109997749329 15.593517140618392 1
      vertex 7.384810000658035 16.125365712812968 1
      vertex 7.609732858836651 15.577831425837108 1
    endloop
  endfacet
  facet normal 0 0 1
    outer loop
      vertex 7.445830002427101 16.41133428471429 1
      vertex 7.859109997749329 15.593517140618392 1
      vertex 7.528662145137787 16.449050710669585 1
    endloop
  endfacet
  facet normal 0 0 1
    outer loop
      vertex 7.528662145137787 16.449050710669585 1
      vertex 7.859109997749329 15.593517140618392 1
      vertex 7.623695716261864 16.478474282792636 1
    endloop
  endfacet
  facet normal 0 0 1
    outer loop
      vertex 7.623695716261864 16.478474282792636 1
      vertex 7.859109997749329 15.593517140618392 1
      vertex 7.7226507142186165 16.497451425663062 1
    endloop
  endfacet
  facet normal 0 0 1
    outer loop
      vertex 8 15.622918570071805 1
      vertex 7.7226507142186165 16.497451425663062 1
      vertex 7.859109997749329 15.593517140618392 1
    endloop
  endfacet
  facet normal 0 0 1
    outer loop
      vertex 8 15.622918570071805 1
      vertex 7.817247144877911 16.503777139953204 1
      vertex 7.7226507142186165 16.497451425663062 1
    endloop
  endfacet
  facet normal 0 0 1
    outer loop
      vertex 8 15.622918570071805 1
      vertex 8 16.478374332812095 1
      vertex 7.817247144877911 16.503777139953204 1
    endloop
  endfacet
  facet normal 1 0 0
    outer loop
      vertex 8 15.395872931984933 1
      vertex 8 14.419661630092103 0.9
      vertex 8 15.395872931984933 0.9
    endloop
  endfacet
  facet normal 1 0 0
    outer loop
      vertex 8 15.622918570071805 0.9
      vertex 8 16.478374332812095 0.9
      vertex 8 16.478374332812095 1
    endloop
  endfacet
  facet normal 1 0 0
    outer loop
      vertex 8 15.622918570071805 1
      vertex 8 15.622918570071805 0.9
      vertex 8 16.478374332812095 1
    endloop
  endfacet
  facet normal 0 0 1
    outer loop
      vertex 8 20 1
      vertex 6.784792855381966 16.561299995652266 1
      vertex 7.26971285790205 16.57526285307748 1
    endloop
  endfacet
  facet normal 0 0 1
    outer loop
      vertex 8 20 1
      vertex 7.26971285790205 16.57526285307748 1
      vertex 7.430562146008015 16.612966426781245 1
    endloop
  endfacet
  facet normal 0 0 1
    outer loop
      vertex 8 20 1
      vertex 7.430562146008015 16.612966426781245 1
      vertex 7.567869998514652 16.63540857391698 1
    endloop
  endfacet
  facet normal 0 0 1
    outer loop
      vertex 8 20 1
      vertex 7.567869998514652 16.63540857391698 1
      vertex 7.692995712161064 16.64653642582042 1
    endloop
  endfacet
  facet normal 0 0 1
    outer loop
      vertex 8 20 1
      vertex 7.692995712161064 16.64653642582042 1
      vertex 7.817247144877911 16.650245712271758 1
    endloop
  endfacet
  facet normal 0 0 1
    outer loop
      vertex 8 20 1
      vertex 7.817247144877911 16.650245712271758 1
      vertex 8 16.603494643305936 1
    endloop
  endfacet
  facet normal 1 0 0
    outer loop
      vertex 8 20 1
      vertex 8 16.603494643305936 1
      vertex 8 16.603494643305936 0.9
    endloop
  endfacet
  facet normal 0 0 -1
    outer loop
      vertex -1.0363928601145744 2.857142859271594 0.9
      vertex -1.0363928601145744 2.908485719135829 0.9
      vertex -0.8300499990582466 2.9346428598676404 0.9
    endloop
  endfacet
  facet normal 0 0 -1
    outer loop
      vertex -1.4326071441173553 4.104900003543921 0.9
      vertex -1.4326071441173553 4.156242855957576 0.9
      vertex -1.286335714161396 4.079700001648494 0.9
    endloop
  endfacet
  facet normal 0 0 -1
    outer loop
      vertex -1.4326071441173553 4.156242855957576 0.9
      vertex -1.0577071458101273 4.079700001648494 0.9
      vertex -1.286335714161396 4.079700001648494 0.9
    endloop
  endfacet
  facet normal 0 0 -1
    outer loop
      vertex -1.4326071441173553 4.156242855957576 0.9
      vertex -0.883335717022419 4.156242855957576 0.9
      vertex -1.0577071458101273 4.079700001648494 0.9
    endloop
  endfacet
  facet normal 0 0 -1
    outer loop
      vertex -1.286335714161396 4.079700001648494 0.9
      vertex -1.0577071458101273 4.079700001648494 0.9
      vertex -0.8300499990582466 3.362828576139041 0.9
    endloop
  endfacet
  facet normal 0 0 -1
    outer loop
      vertex -1.0577071458101273 4.079700001648494 0.9
      vertex -0.883335717022419 4.156242855957576 0.9
      vertex -0.883335717022419 4.104900003543921 0.9
    endloop
  endfacet
  facet normal 0 0 -1
    outer loop
      vertex -1.0363928601145744 2.857142859271594 0.9
      vertex -0.8300499990582466 2.9346428598676404 0.9
      vertex -0.43673571199178696 2.857142859271594 0.9
    endloop
  endfacet
  facet normal 0 0 -1
    outer loop
      vertex -0.8300499990582466 2.9346428598676404 0.9
      vertex -0.8300499990582466 3.362828576139041 0.9
      vertex -0.6430785730481148 2.9346428598676404 0.9
    endloop
  endfacet
  facet normal 0 0 -1
    outer loop
      vertex -0.8300499990582466 2.9346428598676404 0.9
      vertex -0.6430785730481148 2.9346428598676404 0.9
      vertex -0.43673571199178696 2.857142859271594 0.9
    endloop
  endfacet
  facet normal 0 0 -1
    outer loop
      vertex -0.6430785730481148 2.9346428598676404 0.9
      vertex -0.43673571199178696 2.908485719135829 0.9
      vertex -0.43673571199178696 2.857142859271594 0.9
    endloop
  endfacet
  facet normal 0 0 -1
    outer loop
      vertex -0.6430785730481148 2.9346428598676404 0.9
      vertex -0.8300499990582466 3.362828576139041 0.9
      vertex -0.6430785730481148 3.3686428602252683 0.9
    endloop
  endfacet
  facet normal 0 0 -1
    outer loop
      vertex -0.8300499990582466 3.362828576139041 0.9
      vertex -0.6847357153892517 3.480042860976287 0.9
      vertex -0.6430785730481148 3.3686428602252683 0.9
    endloop
  endfacet
  facet normal 0 0 -1
    outer loop
      vertex -1.0577071458101273 4.079700001648494 0.9
      vertex -0.6847357153892517 3.480042860976287 0.9
      vertex -0.8300499990582466 3.362828576139041 0.9
    endloop
  endfacet
  facet normal 0 0 -1
    outer loop
      vertex -0.6847357153892517 3.480042860976287 0.9
      vertex -0.3301785737276077 4.079700001648494 0.9
      vertex -0.6430785730481148 3.3686428602252683 0.9
    endloop
  endfacet
  facet normal 0 0 -1
    outer loop
      vertex -0.6430785730481148 3.3686428602252683 0.9
      vertex -0.3301785737276077 4.079700001648494 0.9
      vertex -0.21489285677671432 4.079700001648494 0.9
    endloop
  endfacet
  facet normal 0 0 -1
    outer loop
      vertex -0.494864284992218 4.104900003543921 0.9
      vertex -0.494864284992218 4.156242855957576 0.9
      vertex -0.3301785737276077 4.079700001648494 0.9
    endloop
  endfacet
  facet normal 0 0 -1
    outer loop
      vertex -0.494864284992218 4.156242855957576 0.9
      vertex -0.21489285677671432 4.079700001648494 0.9
      vertex -0.3301785737276077 4.079700001648494 0.9
    endloop
  endfacet
  facet normal 0 0 -1
    outer loop
      vertex -0.494864284992218 4.156242855957576 0.9
      vertex -0.07249286025762558 4.156242855957576 0.9
      vertex -0.21489285677671432 4.079700001648494 0.9
    endloop
  endfacet
  facet normal 0 0 -1
    outer loop
      vertex -0.21489285677671432 4.079700001648494 0.9
      vertex -0.07249286025762558 4.156242855957576 0.9
      vertex -0.07249286025762558 4.104900003543921 0.9
    endloop
  endfacet
  facet normal -1 0 0
    outer loop
      vertex -1.0363928601145744 2.857142859271594 0.9
      vertex -1.0363928601145744 2.908485719135829 1.2000000000000002
      vertex -1.0363928601145744 2.908485719135829 0.9
    endloop
  endfacet
  facet normal -0.12575901270495757 0.9920608200727787 0
    outer loop
      vertex -1.0363928601145744 2.908485719135829 0.9
      vertex -0.8300499990582466 2.9346428598676404 1.2000000000000002
      vertex -0.8300499990582466 2.9346428598676404 0.9
    endloop
  endfacet
  facet normal -1 0 0
    outer loop
      vertex -1.4326071441173553 4.104900003543921 0.9
      vertex -1.4326071441173553 4.156242855957576 1.2000000000000002
      vertex -1.4326071441173553 4.156242855957576 0.9
    endloop
  endfacet
  facet normal -0.1697812258244709 -0.985481778298077 0
    outer loop
      vertex -1.4326071441173553 4.104900003543921 0.9
      vertex -1.286335714161396 4.079700001648494 0.9
      vertex -1.4326071441173553 4.104900003543921 1.2000000000000002
    endloop
  endfacet
  facet normal -0.8436109495442622 -0.53695490109415 0
    outer loop
      vertex -1.286335714161396 4.079700001648494 0.9
      vertex -0.8300499990582466 3.362828576139041 0.9
      vertex -1.286335714161396 4.079700001648494 1.2000000000000002
    endloop
  endfacet
  facet normal 0 1 0
    outer loop
      vertex -1.4326071441173553 4.156242855957576 0.9
      vertex -0.883335717022419 4.156242855957576 1.2000000000000002
      vertex -0.883335717022419 4.156242855957576 0.9
    endloop
  endfacet
  facet normal 0.14303313978089902 -0.9897178996685965 0
    outer loop
      vertex -1.0577071458101273 4.079700001648494 0.9
      vertex -0.883335717022419 4.104900003543921 0.9
      vertex -1.0577071458101273 4.079700001648494 1.2000000000000002
    endloop
  endfacet
  facet normal -1 0 0
    outer loop
      vertex -1.0363928601145744 2.857142859271594 0.9
      vertex -1.0363928601145744 2.857142859271594 1.2000000000000002
      vertex -1.0363928601145744 2.908485719135829 1.2000000000000002
    endloop
  endfacet
  facet normal -0.12575901270495757 0.9920608200727787 0
    outer loop
      vertex -1.0363928601145744 2.908485719135829 0.9
      vertex -1.0363928601145744 2.908485719135829 1.2000000000000002
      vertex -0.8300499990582466 2.9346428598676404 1.2000000000000002
    endloop
  endfacet
  facet normal -0.8436109495442622 -0.53695490109415 0
    outer loop
      vertex -0.8300499990582466 3.362828576139041 0.9
      vertex -0.8300499990582466 3.362828576139041 1.2000000000000002
      vertex -1.286335714161396 4.079700001648494 1.2000000000000002
    endloop
  endfacet
  facet normal 0 0 1
    outer loop
      vertex -1.0363928601145744 2.857142859271594 1.2000000000000002
      vertex -0.8300499990582466 2.9346428598676404 1.2000000000000002
      vertex -1.0363928601145744 2.908485719135829 1.2000000000000002
    endloop
  endfacet
  facet normal -1 0 0
    outer loop
      vertex -1.4326071441173553 4.104900003543921 0.9
      vertex -1.4326071441173553 4.104900003543921 1.2000000000000002
      vertex -1.4326071441173553 4.156242855957576 1.2000000000000002
    endloop
  endfacet
  facet normal -0.1697812258244709 -0.985481778298077 0
    outer loop
      vertex -1.286335714161396 4.079700001648494 0.9
      vertex -1.286335714161396 4.079700001648494 1.2000000000000002
      vertex -1.4326071441173553 4.104900003543921 1.2000000000000002
    endloop
  endfacet
  facet normal 0 1 0
    outer loop
      vertex -1.4326071441173553 4.156242855957576 0.9
      vertex -1.4326071441173553 4.156242855957576 1.2000000000000002
      vertex -0.883335717022419 4.156242855957576 1.2000000000000002
    endloop
  endfacet
  facet normal 0.8491509586341046 0.5281502148544308 0
    outer loop
      vertex -1.0577071458101273 4.079700001648494 0.9
      vertex -1.0577071458101273 4.079700001648494 1.2000000000000002
      vertex -0.6847357153892517 3.480042860976287 1.2000000000000002
    endloop
  endfacet
  facet normal 0.14303313978089902 -0.9897178996685965 0
    outer loop
      vertex -0.883335717022419 4.104900003543921 0.9
      vertex -0.883335717022419 4.104900003543921 1.2000000000000002
      vertex -1.0577071458101273 4.079700001648494 1.2000000000000002
    endloop
  endfacet
  facet normal 0 0 1
    outer loop
      vertex -1.4326071441173553 4.104900003543921 1.2000000000000002
      vertex -1.286335714161396 4.079700001648494 1.2000000000000002
      vertex -1.4326071441173553 4.156242855957576 1.2000000000000002
    endloop
  endfacet
  facet normal 0 0 1
    outer loop
      vertex -1.4326071441173553 4.156242855957576 1.2000000000000002
      vertex -1.286335714161396 4.079700001648494 1.2000000000000002
      vertex -1.0577071458101273 4.079700001648494 1.2000000000000002
    endloop
  endfacet
  facet normal 0 0 1
    outer loop
      vertex -1.4326071441173553 4.156242855957576 1.2000000000000002
      vertex -1.0577071458101273 4.079700001648494 1.2000000000000002
      vertex -0.883335717022419 4.156242855957576 1.2000000000000002
    endloop
  endfacet
  facet normal 0 0 1
    outer loop
      vertex -1.286335714161396 4.079700001648494 1.2000000000000002
      vertex -0.8300499990582466 3.362828576139041 1.2000000000000002
      vertex -1.0577071458101273 4.079700001648494 1.2000000000000002
    endloop
  endfacet
  facet normal 0 0 1
    outer loop
      vertex -1.0577071458101273 4.079700001648494 1.2000000000000002
      vertex -0.883335717022419 4.104900003543921 1.2000000000000002
      vertex -0.883335717022419 4.156242855957576 1.2000000000000002
    endloop
  endfacet
  facet normal 0 -1 0
    outer loop
      vertex -1.0363928601145744 2.857142859271594 0.9
      vertex -0.43673571199178696 2.857142859271594 0.9
      vertex -1.0363928601145744 2.857142859271594 1.2000000000000002
    endloop
  endfacet
  facet normal 1 0 0
    outer loop
      vertex -0.6430785730481148 2.9346428598676404 0.9
      vertex -0.6430785730481148 3.3686428602252683 0.9
      vertex -0.6430785730481148 2.9346428598676404 1.2000000000000002
    endloop
  endfacet
  facet normal 0.12575901270495757 0.9920608200727787 0
    outer loop
      vertex -0.6430785730481148 2.9346428598676404 0.9
      vertex -0.43673571199178696 2.908485719135829 1.2000000000000002
      vertex -0.43673571199178696 2.908485719135829 0.9
    endloop
  endfacet
  facet normal -1 0 0
    outer loop
      vertex -0.8300499990582466 2.9346428598676404 0.9
      vertex -0.8300499990582466 3.362828576139041 1.2000000000000002
      vertex -0.8300499990582466 3.362828576139041 0.9
    endloop
  endfacet
  facet normal 0.8491509586341046 0.5281502148544308 0
    outer loop
      vertex -1.0577071458101273 4.079700001648494 0.9
      vertex -0.6847357153892517 3.480042860976287 1.2000000000000002
      vertex -0.6847357153892517 3.480042860976287 0.9
    endloop
  endfacet
  facet normal 0.8566672067877666 -0.5158694571443883 0
    outer loop
      vertex -0.6430785730481148 3.3686428602252683 0.9
      vertex -0.21489285677671432 4.079700001648494 0.9
      vertex -0.6430785730481148 3.3686428602252683 1.2000000000000002
    endloop
  endfacet
  facet normal 1 0 0
    outer loop
      vertex -0.43673571199178696 2.857142859271594 0.9
      vertex -0.43673571199178696 2.908485719135829 0.9
      vertex -0.43673571199178696 2.857142859271594 1.2000000000000002
    endloop
  endfacet
  facet normal 1 0 0
    outer loop
      vertex -0.883335717022419 4.104900003543921 0.9
      vertex -0.883335717022419 4.156242855957576 0.9
      vertex -0.883335717022419 4.104900003543921 1.2000000000000002
    endloop
  endfacet
  facet normal -1 0 0
    outer loop
      vertex -0.494864284992218 4.104900003543921 0.9
      vertex -0.494864284992218 4.156242855957576 1.2000000000000002
      vertex -0.494864284992218 4.156242855957576 0.9
    endloop
  endfacet
  facet normal -0.860791775143861 0.508957286856845 0
    outer loop
      vertex -0.6847357153892517 3.480042860976287 0.9
      vertex -0.3301785737276077 4.079700001648494 1.2000000000000002
      vertex -0.3301785737276077 4.079700001648494 0.9
    endloop
  endfacet
  facet normal -0.1512581624636054 -0.9884942935030699 0
    outer loop
      vertex -0.494864284992218 4.104900003543921 0.9
      vertex -0.3301785737276077 4.079700001648494 0.9
      vertex -0.494864284992218 4.104900003543921 1.2000000000000002
    endloop
  endfacet
  facet normal 0 1 0
    outer loop
      vertex -0.494864284992218 4.156242855957576 0.9
      vertex -0.07249286025762558 4.156242855957576 1.2000000000000002
      vertex -0.07249286025762558 4.156242855957576 0.9
    endloop
  endfacet
  facet normal 0.17425870838799506 -0.9846999048192031 0
    outer loop
      vertex -0.21489285677671432 4.079700001648494 0.9
      vertex -0.07249286025762558 4.104900003543921 0.9
      vertex -0.21489285677671432 4.079700001648494 1.2000000000000002
    endloop
  endfacet
  facet normal 1 0 0
    outer loop
      vertex -0.07249286025762558 4.104900003543921 0.9
      vertex -0.07249286025762558 4.156242855957576 0.9
      vertex -0.07249286025762558 4.104900003543921 1.2000000000000002
    endloop
  endfacet
  facet normal -1 0 0
    outer loop
      vertex -0.8300499990582466 2.9346428598676404 0.9
      vertex -0.8300499990582466 2.9346428598676404 1.2000000000000002
      vertex -0.8300499990582466 3.362828576139041 1.2000000000000002
    endloop
  endfacet
  facet normal 0 -1 0
    outer loop
      vertex -0.43673571199178696 2.857142859271594 0.9
      vertex -0.43673571199178696 2.857142859271594 1.2000000000000002
      vertex -1.0363928601145744 2.857142859271594 1.2000000000000002
    endloop
  endfacet
  facet normal 0.12575901270495757 0.9920608200727787 0
    outer loop
      vertex -0.6430785730481148 2.9346428598676404 0.9
      vertex -0.6430785730481148 2.9346428598676404 1.2000000000000002
      vertex -0.43673571199178696 2.908485719135829 1.2000000000000002
    endloop
  endfacet
  facet normal 1 0 0
    outer loop
      vertex -0.6430785730481148 3.3686428602252683 0.9
      vertex -0.6430785730481148 3.3686428602252683 1.2000000000000002
      vertex -0.6430785730481148 2.9346428598676404 1.2000000000000002
    endloop
  endfacet
  facet normal -0.860791775143861 0.508957286856845 0
    outer loop
      vertex -0.6847357153892517 3.480042860976287 0.9
      vertex -0.6847357153892517 3.480042860976287 1.2000000000000002
      vertex -0.3301785737276077 4.079700001648494 1.2000000000000002
    endloop
  endfacet
  facet normal 1 0 0
    outer loop
      vertex -0.43673571199178696 2.908485719135829 0.9
      vertex -0.43673571199178696 2.908485719135829 1.2000000000000002
      vertex -0.43673571199178696 2.857142859271594 1.2000000000000002
    endloop
  endfacet
  facet normal 0 0 1
    outer loop
      vertex -1.0363928601145744 2.857142859271594 1.2000000000000002
      vertex -0.43673571199178696 2.857142859271594 1.2000000000000002
      vertex -0.8300499990582466 2.9346428598676404 1.2000000000000002
    endloop
  endfacet
  facet normal 0 0 1
    outer loop
      vertex -0.8300499990582466 2.9346428598676404 1.2000000000000002
      vertex -0.6430785730481148 2.9346428598676404 1.2000000000000002
      vertex -0.8300499990582466 3.362828576139041 1.2000000000000002
    endloop
  endfacet
  facet normal 0 0 1
    outer loop
      vertex -0.8300499990582466 2.9346428598676404 1.2000000000000002
      vertex -0.43673571199178696 2.857142859271594 1.2000000000000002
      vertex -0.6430785730481148 2.9346428598676404 1.2000000000000002
    endloop
  endfacet
  facet normal 0 0 1
    outer loop
      vertex -0.6430785730481148 2.9346428598676404 1.2000000000000002
      vertex -0.43673571199178696 2.857142859271594 1.2000000000000002
      vertex -0.43673571199178696 2.908485719135829 1.2000000000000002
    endloop
  endfacet
  facet normal 0 0 1
    outer loop
      vertex -0.6430785730481148 2.9346428598676404 1.2000000000000002
      vertex -0.6430785730481148 3.3686428602252683 1.2000000000000002
      vertex -0.8300499990582466 3.362828576139041 1.2000000000000002
    endloop
  endfacet
  facet normal 0 0 1
    outer loop
      vertex -0.8300499990582466 3.362828576139041 1.2000000000000002
      vertex -0.6430785730481148 3.3686428602252683 1.2000000000000002
      vertex -0.6847357153892517 3.480042860976287 1.2000000000000002
    endloop
  endfacet
  facet normal 0 0 1
    outer loop
      vertex -1.0577071458101273 4.079700001648494 1.2000000000000002
      vertex -0.8300499990582466 3.362828576139041 1.2000000000000002
      vertex -0.6847357153892517 3.480042860976287 1.2000000000000002
    endloop
  endfacet
  facet normal 0 0 1
    outer loop
      vertex -0.6847357153892517 3.480042860976287 1.2000000000000002
      vertex -0.6430785730481148 3.3686428602252683 1.2000000000000002
      vertex -0.3301785737276077 4.079700001648494 1.2000000000000002
    endloop
  endfacet
  facet normal 1 0 0
    outer loop
      vertex -0.883335717022419 4.156242855957576 0.9
      vertex -0.883335717022419 4.156242855957576 1.2000000000000002
      vertex -0.883335717022419 4.104900003543921 1.2000000000000002
    endloop
  endfacet
  facet normal -1 0 0
    outer loop
      vertex -0.494864284992218 4.104900003543921 0.9
      vertex -0.494864284992218 4.104900003543921 1.2000000000000002
      vertex -0.494864284992218 4.156242855957576 1.2000000000000002
    endloop
  endfacet
  facet normal 0.8566672067877666 -0.5158694571443883 0
    outer loop
      vertex -0.21489285677671432 4.079700001648494 0.9
      vertex -0.21489285677671432 4.079700001648494 1.2000000000000002
      vertex -0.6430785730481148 3.3686428602252683 1.2000000000000002
    endloop
  endfacet
  facet normal -0.1512581624636054 -0.9884942935030699 0
    outer loop
      vertex -0.3301785737276077 4.079700001648494 0.9
      vertex -0.3301785737276077 4.079700001648494 1.2000000000000002
      vertex -0.494864284992218 4.104900003543921 1.2000000000000002
    endloop
  endfacet
  facet normal 0 1 0
    outer loop
      vertex -0.494864284992218 4.156242855957576 0.9
      vertex -0.494864284992218 4.156242855957576 1.2000000000000002
      vertex -0.07249286025762558 4.156242855957576 1.2000000000000002
    endloop
  endfacet
  facet normal 0.17425870838799506 -0.9846999048192031 0
    outer loop
      vertex -0.07249286025762558 4.104900003543921 0.9
      vertex -0.07249286025762558 4.104900003543921 1.2000000000000002
      vertex -0.21489285677671432 4.079700001648494 1.2000000000000002
    endloop
  endfacet
  facet normal 0 0 1
    outer loop
      vertex -0.6430785730481148 3.3686428602252683 1.2000000000000002
      vertex -0.21489285677671432 4.079700001648494 1.2000000000000002
      vertex -0.3301785737276077 4.079700001648494 1.2000000000000002
    endloop
  endfacet
  facet normal 0 0 1
    outer loop
      vertex -0.494864284992218 4.104900003543921 1.2000000000000002
      vertex -0.3301785737276077 4.079700001648494 1.2000000000000002
      vertex -0.494864284992218 4.156242855957576 1.2000000000000002
    endloop
  endfacet
  facet normal 0 0 1
    outer loop
      vertex -0.494864284992218 4.156242855957576 1.2000000000000002
      vertex -0.3301785737276077 4.079700001648494 1.2000000000000002
      vertex -0.21489285677671432 4.079700001648494 1.2000000000000002
    endloop
  endfacet
  facet normal 0 0 1
    outer loop
      vertex -0.494864284992218 4.156242855957576 1.2000000000000002
      vertex -0.21489285677671432 4.079700001648494 1.2000000000000002
      vertex -0.07249286025762558 4.156242855957576 1.2000000000000002
    endloop
  endfacet
  facet normal 0 0 1
    outer loop
      vertex -0.21489285677671432 4.079700001648494 1.2000000000000002
      vertex -0.07249286025762558 4.104900003543921 1.2000000000000002
      vertex -0.07249286025762558 4.156242855957576 1.2000000000000002
    endloop
  endfacet
  facet normal -1 0 0
    outer loop
      vertex 0.396478570997715 2.857142859271594 1.2000000000000002
      vertex 0.396478570997715 2.908485719135829 1
      vertex 0.396478570997715 2.857142859271594 1
    endloop
  endfacet
  facet normal -0.12575901270495757 0.9920608200727787 0
    outer loop
      vertex 0.396478570997715 2.908485719135829 1.2000000000000002
      vertex 0.6028214320540428 2.9346428598676404 1
      vertex 0.396478570997715 2.908485719135829 1
    endloop
  endfacet
  facet normal -1 0 0
    outer loop
      vertex 0.6028214320540428 2.9346428598676404 1.2000000000000002
      vertex 0.6028214320540428 3.362828576139041 1
      vertex 0.6028214320540428 2.9346428598676404 1
    endloop
  endfacet
  facet normal -0.8436109495442621 -0.53695490109415 0
    outer loop
      vertex 0.6028214320540428 3.362828576139041 1.2000000000000002
      vertex 0.1465357169508934 4.079700001648494 1
      vertex 0.6028214320540428 3.362828576139041 1
    endloop
  endfacet
  facet normal -1 0 0
    outer loop
      vertex 0.396478570997715 2.857142859271594 1.2000000000000002
      vertex 0.396478570997715 2.908485719135829 1.2000000000000002
      vertex 0.396478570997715 2.908485719135829 1
    endloop
  endfacet
  facet normal -0.12575901270495757 0.9920608200727787 0
    outer loop
      vertex 0.396478570997715 2.908485719135829 1.2000000000000002
      vertex 0.6028214320540428 2.9346428598676404 1.2000000000000002
      vertex 0.6028214320540428 2.9346428598676404 1
    endloop
  endfacet
  facet normal 0 -1 0
    outer loop
      vertex 0.396478570997715 2.857142859271594 1.2000000000000002
      vertex 0.396478570997715 2.857142859271594 1
      vertex 0.9961357116699219 2.857142859271594 1.2000000000000002
    endloop
  endfacet
  facet normal 0 0 1
    outer loop
      vertex 0.396478570997715 2.857142859271594 1.2000000000000002
      vertex 0.6028214320540428 2.9346428598676404 1.2000000000000002
      vertex 0.396478570997715 2.908485719135829 1.2000000000000002
    endloop
  endfacet
  facet normal 0 0 1
    outer loop
      vertex 0.396478570997715 2.857142859271594 1.2000000000000002
      vertex 0.9961357116699219 2.857142859271594 1.2000000000000002
      vertex 0.6028214320540428 2.9346428598676404 1.2000000000000002
    endloop
  endfacet
  facet normal 0 0 1
    outer loop
      vertex 0.6028214320540428 2.9346428598676404 1.2000000000000002
      vertex 0.7897928580641747 2.9346428598676404 1.2000000000000002
      vertex 0.6028214320540428 3.362828576139041 1.2000000000000002
    endloop
  endfacet
  facet normal -1 0 0
    outer loop
      vertex 0.6028214320540428 2.9346428598676404 1.2000000000000002
      vertex 0.6028214320540428 3.362828576139041 1.2000000000000002
      vertex 0.6028214320540428 3.362828576139041 1
    endloop
  endfacet
  facet normal 0.8491509586341045 0.5281502148544308 0
    outer loop
      vertex 0.37516428530216217 4.079700001648494 1.2000000000000002
      vertex 0.7481357157230377 3.480042860976287 1.2000000000000002
      vertex 0.7481357157230377 3.480042860976287 1
    endloop
  endfacet
  facet normal 0 0 1
    outer loop
      vertex 0.6028214320540428 3.362828576139041 1.2000000000000002
      vertex 0.7897928580641747 2.9346428598676404 1.2000000000000002
      vertex 0.7897928580641747 3.3686428602252683 1.2000000000000002
    endloop
  endfacet
  facet normal 0 0 1
    outer loop
      vertex 0.6028214320540428 3.362828576139041 1.2000000000000002
      vertex 0.7897928580641747 3.3686428602252683 1.2000000000000002
      vertex 0.7481357157230377 3.480042860976287 1.2000000000000002
    endloop
  endfacet
  facet normal 0 0 1
    outer loop
      vertex 0.6028214320540428 3.362828576139041 1.2000000000000002
      vertex 0.7481357157230377 3.480042860976287 1.2000000000000002
      vertex 0.37516428530216217 4.079700001648494 1.2000000000000002
    endloop
  endfacet
  facet normal -1 0 0
    outer loop
      vertex 0.00026428699493408203 4.104900003543921 1.2000000000000002
      vertex 0.00026428699493408203 4.156242855957576 1
      vertex 0.00026428699493408203 4.104900003543921 1
    endloop
  endfacet
  facet normal -0.16978122582447086 -0.9854817782980768 0
    outer loop
      vertex 0.1465357169508934 4.079700001648494 1.2000000000000002
      vertex 0.00026428699493408203 4.104900003543921 1
      vertex 0.1465357169508934 4.079700001648494 1
    endloop
  endfacet
  facet normal 0 1 0
    outer loop
      vertex 0.00026428699493408203 4.156242855957576 1.2000000000000002
      vertex 0.5495357140898705 4.156242855957576 1
      vertex 0.00026428699493408203 4.156242855957576 1
    endloop
  endfacet
  facet normal 1 0 0
    outer loop
      vertex -0.07249286025762558 4.156242855957576 0.9
      vertex -0.07249286025762558 4.156242855957576 1.2000000000000002
      vertex -0.07249286025762558 4.104900003543921 1.2000000000000002
    endloop
  endfacet
  facet normal 0.8491509586341045 0.5281502148544308 0
    outer loop
      vertex 0.37516428530216217 4.079700001648494 1.2000000000000002
      vertex 0.7481357157230377 3.480042860976287 1
      vertex 0.37516428530216217 4.079700001648494 1
    endloop
  endfacet
  facet normal 0.14303313978089902 -0.9897178996685965 0
    outer loop
      vertex 0.5495357140898705 4.104900003543921 1.2000000000000002
      vertex 0.37516428530216217 4.079700001648494 1
      vertex 0.5495357140898705 4.104900003543921 1
    endloop
  endfacet
  facet normal 1 0 0
    outer loop
      vertex 0.5495357140898705 4.156242855957576 1.2000000000000002
      vertex 0.5495357140898705 4.104900003543921 1
      vertex 0.5495357140898705 4.156242855957576 1
    endloop
  endfacet
  facet normal -1 0 0
    outer loop
      vertex 0.00026428699493408203 4.104900003543921 1.2000000000000002
      vertex 0.00026428699493408203 4.156242855957576 1.2000000000000002
      vertex 0.00026428699493408203 4.156242855957576 1
    endloop
  endfacet
  facet normal -0.16978122582447086 -0.9854817782980768 0
    outer loop
      vertex 0.00026428699493408203 4.104900003543921 1.2000000000000002
      vertex 0.00026428699493408203 4.104900003543921 1
      vertex 0.1465357169508934 4.079700001648494 1.2000000000000002
    endloop
  endfacet
  facet normal -0.8436109495442621 -0.53695490109415 0
    outer loop
      vertex 0.6028214320540428 3.362828576139041 1.2000000000000002
      vertex 0.1465357169508934 4.079700001648494 1.2000000000000002
      vertex 0.1465357169508934 4.079700001648494 1
    endloop
  endfacet
  facet normal 0 0 1
    outer loop
      vertex 0.00026428699493408203 4.104900003543921 1.2000000000000002
      vertex 0.1465357169508934 4.079700001648494 1.2000000000000002
      vertex 0.00026428699493408203 4.156242855957576 1.2000000000000002
    endloop
  endfacet
  facet normal 0 0 1
    outer loop
      vertex 0.00026428699493408203 4.156242855957576 1.2000000000000002
      vertex 0.1465357169508934 4.079700001648494 1.2000000000000002
      vertex 0.37516428530216217 4.079700001648494 1.2000000000000002
    endloop
  endfacet
  facet normal 0 0 1
    outer loop
      vertex 0.00026428699493408203 4.156242855957576 1.2000000000000002
      vertex 0.37516428530216217 4.079700001648494 1.2000000000000002
      vertex 0.5495357140898705 4.156242855957576 1.2000000000000002
    endloop
  endfacet
  facet normal 0 1 0
    outer loop
      vertex 0.00026428699493408203 4.156242855957576 1.2000000000000002
      vertex 0.5495357140898705 4.156242855957576 1.2000000000000002
      vertex 0.5495357140898705 4.156242855957576 1
    endloop
  endfacet
  facet normal 0.14303313978089902 -0.9897178996685965 0
    outer loop
      vertex 0.37516428530216217 4.079700001648494 1.2000000000000002
      vertex 0.37516428530216217 4.079700001648494 1
      vertex 0.5495357140898705 4.104900003543921 1.2000000000000002
    endloop
  endfacet
  facet normal 1 0 0
    outer loop
      vertex 0.5495357140898705 4.104900003543921 1.2000000000000002
      vertex 0.5495357140898705 4.104900003543921 1
      vertex 0.5495357140898705 4.156242855957576 1.2000000000000002
    endloop
  endfacet
  facet normal 0 0 1
    outer loop
      vertex 0.6028214320540428 3.362828576139041 1.2000000000000002
      vertex 0.37516428530216217 4.079700001648494 1.2000000000000002
      vertex 0.1465357169508934 4.079700001648494 1.2000000000000002
    endloop
  endfacet
  facet normal 0 0 1
    outer loop
      vertex 0.37516428530216217 4.079700001648494 1.2000000000000002
      vertex 0.5495357140898705 4.104900003543921 1.2000000000000002
      vertex 0.5495357140898705 4.156242855957576 1.2000000000000002
    endloop
  endfacet
  facet normal -0.5211469882408956 -0.8534669393992036 0
    outer loop
      vertex 0.6091321408748627 8.595042855611869 1.2000000000000002
      vertex 0.3979428559541702 8.724000000527926 1
      vertex 0.6091321408748627 8.595042855611869 1
    endloop
  endfacet
  facet normal 0.6059528968841473 0.795500525931762 0
    outer loop
      vertex 0.5437428578734398 8.775828571191855 1.2000000000000002
      vertex 0.6906321421265602 8.663939283362456 1
      vertex 0.5437428578734398 8.775828571191855 1
    endloop
  endfacet
  facet normal -0.5211469882408956 -0.8534669393992036 0
    outer loop
      vertex 0.3979428559541702 8.724000000527926 1.2000000000000002
      vertex 0.3979428559541702 8.724000000527926 1
      vertex 0.6091321408748627 8.595042855611869 1.2000000000000002
    endloop
  endfacet
  facet normal -0.15124694022386462 -0.9884960106509884 0
    outer loop
      vertex 0.6091321408748627 8.595042855611869 1.2000000000000002
      vertex 0.6091321408748627 8.595042855611869 1
      vertex 0.8900714293122292 8.55205714063985 1.2000000000000002
    endloop
  endfacet
  facet normal 0.6059528968841473 0.795500525931762 0
    outer loop
      vertex 0.5437428578734398 8.775828571191855 1.2000000000000002
      vertex 0.6906321421265602 8.663939283362456 1.2000000000000002
      vertex 0.6906321421265602 8.663939283362456 1
    endloop
  endfacet
  facet normal 0 0 1
    outer loop
      vertex 0.3979428559541702 8.724000000527926 1.2000000000000002
      vertex 0.6091321408748627 8.595042855611869 1.2000000000000002
      vertex 0.5437428578734398 8.775828571191855 1.2000000000000002
    endloop
  endfacet
  facet normal 0 0 1
    outer loop
      vertex 0.6091321408748627 8.595042855611869 1.2000000000000002
      vertex 0.6906321421265602 8.663939283362456 1.2000000000000002
      vertex 0.5437428578734398 8.775828571191855 1.2000000000000002
    endloop
  endfacet
  facet normal -0.9874404709348982 -0.15799150723968203 0
    outer loop
      vertex 0.2657071426510811 8.930467852524348 1.2000000000000002
      vertex 0.2216285690665245 9.205957138112613 1
      vertex 0.2657071426510811 8.930467852524348 1
    endloop
  endfacet
  facet normal -0.9897944766951832 0.14250225929334764 0
    outer loop
      vertex 0.2216285690665245 9.205957138112613 1.2000000000000002
      vertex 0.2640107125043869 9.500335709324904 1
      vertex 0.2216285690665245 9.205957138112613 1
    endloop
  endfacet
  facet normal -0.8584031590736568 0.5129756490247528 0
    outer loop
      vertex 0.2640107125043869 9.500335709324904 1.2000000000000002
      vertex 0.3911571428179741 9.713099994829722 1
      vertex 0.2640107125043869 9.500335709324904 1
    endloop
  endfacet
  facet normal -0.8420930493852727 -0.5393322688074695 0
    outer loop
      vertex 0.3979428559541702 8.724000000527926 1.2000000000000002
      vertex 0.2657071426510811 8.930467852524348 1
      vertex 0.3979428559541702 8.724000000527926 1
    endloop
  endfacet
  facet normal 0.89750545327994 0.4410033575073655 0
    outer loop
      vertex 0.4540107175707817 8.958446421793528 1.2000000000000002
      vertex 0.5437428578734398 8.775828571191855 1
      vertex 0.4540107175707817 8.958446421793528 1
    endloop
  endfacet
  facet normal 0.9928879970612955 0.11905219566059634 0
    outer loop
      vertex 0.42409999668598175 9.20789999621255 1.2000000000000002
      vertex 0.4540107175707817 8.958446421793528 1
      vertex 0.42409999668598175 9.20789999621255 1
    endloop
  endfacet
  facet normal 0.9943155949806928 -0.10647298989974335 0
    outer loop
      vertex 0.4526785686612129 9.474785708955356 1.2000000000000002
      vertex 0.42409999668598175 9.20789999621255 1
      vertex 0.4526785686612129 9.474785708955356 1
    endloop
  endfacet
  facet normal 0.9085786901813488 -0.4177137342108164 0
    outer loop
      vertex 0.5384142845869064 9.661271424165793 1.2000000000000002
      vertex 0.4526785686612129 9.474785708955356 1
      vertex 0.5384142845869064 9.661271424165793 1
    endloop
  endfacet
  facet normal -0.5224779135560226 0.8526528190571736 0
    outer loop
      vertex 0.3911571428179741 9.713099994829722 1.2000000000000002
      vertex 0.6016250029206276 9.842067853680678 1
      vertex 0.3911571428179741 9.713099994829722 1
    endloop
  endfacet
  facet normal 0.5955798551686317 -0.8032961073709443 0
    outer loop
      vertex 0.6863928586244583 9.770985708705016 1.2000000000000002
      vertex 0.5384142845869064 9.661271424165793 1
      vertex 0.6863928586244583 9.770985708705016 1
    endloop
  endfacet
  facet normal -0.14549851037003755 0.9893584706667752 0
    outer loop
      vertex 0.6016250029206276 9.842067853680678 1.2000000000000002
      vertex 0.8939428552985191 9.885057137480803 1
      vertex 0.6016250029206276 9.842067853680678 1
    endloop
  endfacet
  facet normal -0.8420930493852727 -0.5393322688074695 0
    outer loop
      vertex 0.2657071426510811 8.930467852524348 1.2000000000000002
      vertex 0.2657071426510811 8.930467852524348 1
      vertex 0.3979428559541702 8.724000000527926 1.2000000000000002
    endloop
  endfacet
  facet normal -0.9874404709348982 -0.15799150723968203 0
    outer loop
      vertex 0.2657071426510811 8.930467852524348 1.2000000000000002
      vertex 0.2216285690665245 9.205957138112613 1.2000000000000002
      vertex 0.2216285690665245 9.205957138112613 1
    endloop
  endfacet
  facet normal 0 0 1
    outer loop
      vertex 0.2657071426510811 8.930467852524348 1.2000000000000002
      vertex 0.42409999668598175 9.20789999621255 1.2000000000000002
      vertex 0.2216285690665245 9.205957138112613 1.2000000000000002
    endloop
  endfacet
  facet normal 0 0 1
    outer loop
      vertex 0.2216285690665245 9.205957138112613 1.2000000000000002
      vertex 0.42409999668598175 9.20789999621255 1.2000000000000002
      vertex 0.2640107125043869 9.500335709324904 1.2000000000000002
    endloop
  endfacet
  facet normal -0.9897944766951832 0.14250225929334764 0
    outer loop
      vertex 0.2216285690665245 9.205957138112613 1.2000000000000002
      vertex 0.2640107125043869 9.500335709324904 1.2000000000000002
      vertex 0.2640107125043869 9.500335709324904 1
    endloop
  endfacet
  facet normal 0.89750545327994 0.4410033575073655 0
    outer loop
      vertex 0.5437428578734398 8.775828571191855 1.2000000000000002
      vertex 0.5437428578734398 8.775828571191855 1
      vertex 0.4540107175707817 8.958446421793528 1.2000000000000002
    endloop
  endfacet
  facet normal 0.9928879970612955 0.11905219566059634 0
    outer loop
      vertex 0.4540107175707817 8.958446421793528 1.2000000000000002
      vertex 0.4540107175707817 8.958446421793528 1
      vertex 0.42409999668598175 9.20789999621255 1.2000000000000002
    endloop
  endfacet
  facet normal 0.9943155949806928 -0.10647298989974335 0
    outer loop
      vertex 0.42409999668598175 9.20789999621255 1.2000000000000002
      vertex 0.42409999668598175 9.20789999621255 1
      vertex 0.4526785686612129 9.474785708955356 1.2000000000000002
    endloop
  endfacet
  facet normal 0 0 1
    outer loop
      vertex 0.2657071426510811 8.930467852524348 1.2000000000000002
      vertex 0.3979428559541702 8.724000000527926 1.2000000000000002
      vertex 0.4540107175707817 8.958446421793528 1.2000000000000002
    endloop
  endfacet
  facet normal 0 0 1
    outer loop
      vertex 0.2657071426510811 8.930467852524348 1.2000000000000002
      vertex 0.4540107175707817 8.958446421793528 1.2000000000000002
      vertex 0.42409999668598175 9.20789999621255 1.2000000000000002
    endloop
  endfacet
  facet normal 0 0 1
    outer loop
      vertex 0.3979428559541702 8.724000000527926 1.2000000000000002
      vertex 0.5437428578734398 8.775828571191855 1.2000000000000002
      vertex 0.4540107175707817 8.958446421793528 1.2000000000000002
    endloop
  endfacet
  facet normal -0.8584031590736568 0.5129756490247528 0
    outer loop
      vertex 0.2640107125043869 9.500335709324904 1.2000000000000002
      vertex 0.3911571428179741 9.713099994829722 1.2000000000000002
      vertex 0.3911571428179741 9.713099994829722 1
    endloop
  endfacet
  facet normal 0.9085786901813488 -0.4177137342108164 0
    outer loop
      vertex 0.4526785686612129 9.474785708955356 1.2000000000000002
      vertex 0.4526785686612129 9.474785708955356 1
      vertex 0.5384142845869064 9.661271424165793 1.2000000000000002
    endloop
  endfacet
  facet normal -0.5224779135560226 0.8526528190571736 0
    outer loop
      vertex 0.3911571428179741 9.713099994829722 1.2000000000000002
      vertex 0.6016250029206276 9.842067853680678 1.2000000000000002
      vertex 0.6016250029206276 9.842067853680678 1
    endloop
  endfacet
  facet normal 0.5955798551686317 -0.8032961073709443 0
    outer loop
      vertex 0.5384142845869064 9.661271424165793 1.2000000000000002
      vertex 0.5384142845869064 9.661271424165793 1
      vertex 0.6863928586244583 9.770985708705016 1.2000000000000002
    endloop
  endfacet
  facet normal 0 0 1
    outer loop
      vertex 0.42409999668598175 9.20789999621255 1.2000000000000002
      vertex 0.4526785686612129 9.474785708955356 1.2000000000000002
      vertex 0.2640107125043869 9.500335709324904 1.2000000000000002
    endloop
  endfacet
  facet normal 0 0 1
    outer loop
      vertex 0.2640107125043869 9.500335709324904 1.2000000000000002
      vertex 0.4526785686612129 9.474785708955356 1.2000000000000002
      vertex 0.3911571428179741 9.713099994829722 1.2000000000000002
    endloop
  endfacet
  facet normal 0 0 1
    outer loop
      vertex 0.4526785686612129 9.474785708955356 1.2000000000000002
      vertex 0.5384142845869064 9.661271424165793 1.2000000000000002
      vertex 0.3911571428179741 9.713099994829722 1.2000000000000002
    endloop
  endfacet
  facet normal 0 0 1
    outer loop
      vertex 0.3911571428179741 9.713099994829722 1.2000000000000002
      vertex 0.5384142845869064 9.661271424165793 1.2000000000000002
      vertex 0.6016250029206276 9.842067853680678 1.2000000000000002
    endloop
  endfacet
  facet normal 0 0 1
    outer loop
      vertex 0.5384142845869064 9.661271424165793 1.2000000000000002
      vertex 0.6863928586244583 9.770985708705016 1.2000000000000002
      vertex 0.6016250029206276 9.842067853680678 1.2000000000000002
    endloop
  endfacet
  facet normal 0 0 1
    outer loop
      vertex 0.6016250029206276 9.842067853680678 1.2000000000000002
      vertex 0.6863928586244583 9.770985708705016 1.2000000000000002
      vertex 0.8939428552985191 9.885057137480803 1.2000000000000002
    endloop
  endfacet
  facet normal 0 -1 0
    outer loop
      vertex 0.9961357116699219 2.857142859271594 1.2000000000000002
      vertex 0.396478570997715 2.857142859271594 1
      vertex 0.9961357116699219 2.857142859271594 1
    endloop
  endfacet
  facet normal 0.12575901717401977 0.9920608195062561 0
    outer loop
      vertex 0.7897928580641747 2.9346428598676404 1.2000000000000002
      vertex 0.9961357116699219 2.908485719135829 1
      vertex 0.7897928580641747 2.9346428598676404 1
    endloop
  endfacet
  facet normal 1 0 0
    outer loop
      vertex 0.9961357116699219 2.908485719135829 1.2000000000000002
      vertex 0.9961357116699219 2.857142859271594 1
      vertex 0.9961357116699219 2.908485719135829 1
    endloop
  endfacet
  facet normal 1 0 0
    outer loop
      vertex 0.7897928580641747 3.3686428602252683 1.2000000000000002
      vertex 0.7897928580641747 2.9346428598676404 1
      vertex 0.7897928580641747 3.3686428602252683 1
    endloop
  endfacet
  facet normal -0.8607917751438608 0.508957286856845 0
    outer loop
      vertex 0.7481357157230377 3.480042860976287 1.2000000000000002
      vertex 1.1026928573846817 4.079700001648494 1
      vertex 0.7481357157230377 3.480042860976287 1
    endloop
  endfacet
  facet normal 1 0 0
    outer loop
      vertex 0.7897928580641747 2.9346428598676404 1.2000000000000002
      vertex 0.7897928580641747 2.9346428598676404 1
      vertex 0.7897928580641747 3.3686428602252683 1.2000000000000002
    endloop
  endfacet
  facet normal 0.12575901717401977 0.9920608195062561 0
    outer loop
      vertex 0.7897928580641747 2.9346428598676404 1.2000000000000002
      vertex 0.9961357116699219 2.908485719135829 1.2000000000000002
      vertex 0.9961357116699219 2.908485719135829 1
    endloop
  endfacet
  facet normal 1 0 0
    outer loop
      vertex 0.9961357116699219 2.857142859271594 1.2000000000000002
      vertex 0.9961357116699219 2.857142859271594 1
      vertex 0.9961357116699219 2.908485719135829 1.2000000000000002
    endloop
  endfacet
  facet normal 0 0 1
    outer loop
      vertex 0.6028214320540428 2.9346428598676404 1.2000000000000002
      vertex 0.9961357116699219 2.857142859271594 1.2000000000000002
      vertex 0.7897928580641747 2.9346428598676404 1.2000000000000002
    endloop
  endfacet
  facet normal 0 0 1
    outer loop
      vertex 0.7897928580641747 2.9346428598676404 1.2000000000000002
      vertex 0.9961357116699219 2.857142859271594 1.2000000000000002
      vertex 0.9961357116699219 2.908485719135829 1.2000000000000002
    endloop
  endfacet
  facet normal 0.8566672067877666 -0.5158694571443883 0
    outer loop
      vertex 0.7897928580641747 3.3686428602252683 1.2000000000000002
      vertex 0.7897928580641747 3.3686428602252683 1
      vertex 1.217978574335575 4.079700001648494 1.2000000000000002
    endloop
  endfacet
  facet normal 0 0 1
    outer loop
      vertex 0.7897928580641747 3.3686428602252683 1.2000000000000002
      vertex 1.1026928573846817 4.079700001648494 1.2000000000000002
      vertex 0.7481357157230377 3.480042860976287 1.2000000000000002
    endloop
  endfacet
  facet normal 0.8566672067877666 -0.5158694571443883 0
    outer loop
      vertex 1.217978574335575 4.079700001648494 1.2000000000000002
      vertex 0.7897928580641747 3.3686428602252683 1
      vertex 1.217978574335575 4.079700001648494 1
    endloop
  endfacet
  facet normal -1 0 0
    outer loop
      vertex 0.9380071461200714 4.104900003543921 1.2000000000000002
      vertex 0.9380071461200714 4.156242855957576 1
      vertex 0.9380071461200714 4.104900003543921 1
    endloop
  endfacet
  facet normal -0.15125816246360538 -0.9884942935030699 0
    outer loop
      vertex 1.1026928573846817 4.079700001648494 1.2000000000000002
      vertex 0.9380071461200714 4.104900003543921 1
      vertex 1.1026928573846817 4.079700001648494 1
    endloop
  endfacet
  facet normal 0 1 0
    outer loop
      vertex 0.9380071461200714 4.156242855957576 1.2000000000000002
      vertex 1.3603785708546638 4.156242855957576 1
      vertex 0.9380071461200714 4.156242855957576 1
    endloop
  endfacet
  facet normal 0.17425870838799504 -0.9846999048192031 0
    outer loop
      vertex 1.3603785708546638 4.104900003543921 1.2000000000000002
      vertex 1.217978574335575 4.079700001648494 1
      vertex 1.3603785708546638 4.104900003543921 1
    endloop
  endfacet
  facet normal 1 0 0
    outer loop
      vertex 1.3603785708546638 4.156242855957576 1.2000000000000002
      vertex 1.3603785708546638 4.104900003543921 1
      vertex 1.3603785708546638 4.156242855957576 1
    endloop
  endfacet
  facet normal -1 0 0
    outer loop
      vertex 1.4127928540110588 4.104900003543921 1.2000000000000002
      vertex 1.4127928540110588 4.156242855957576 1
      vertex 1.4127928540110588 4.104900003543921 1
    endloop
  endfacet
  facet normal -0.21703468735239387 -0.9761638922260178 0
    outer loop
      vertex 1.5261357128620148 4.079700001648494 1.2000000000000002
      vertex 1.4127928540110588 4.104900003543921 1
      vertex 1.5261357128620148 4.079700001648494 1
    endloop
  endfacet
  facet normal -0.8607917751438608 0.508957286856845 0
    outer loop
      vertex 0.7481357157230377 3.480042860976287 1.2000000000000002
      vertex 1.1026928573846817 4.079700001648494 1.2000000000000002
      vertex 1.1026928573846817 4.079700001648494 1
    endloop
  endfacet
  facet normal -1 0 0
    outer loop
      vertex 0.9380071461200714 4.104900003543921 1.2000000000000002
      vertex 0.9380071461200714 4.156242855957576 1.2000000000000002
      vertex 0.9380071461200714 4.156242855957576 1
    endloop
  endfacet
  facet normal -0.15125816246360538 -0.9884942935030699 0
    outer loop
      vertex 0.9380071461200714 4.104900003543921 1.2000000000000002
      vertex 0.9380071461200714 4.104900003543921 1
      vertex 1.1026928573846817 4.079700001648494 1.2000000000000002
    endloop
  endfacet
  facet normal 0 0 1
    outer loop
      vertex 0.7897928580641747 3.3686428602252683 1.2000000000000002
      vertex 1.217978574335575 4.079700001648494 1.2000000000000002
      vertex 1.1026928573846817 4.079700001648494 1.2000000000000002
    endloop
  endfacet
  facet normal 0 0 1
    outer loop
      vertex 0.9380071461200714 4.104900003543921 1.2000000000000002
      vertex 1.1026928573846817 4.079700001648494 1.2000000000000002
      vertex 0.9380071461200714 4.156242855957576 1.2000000000000002
    endloop
  endfacet
  facet normal 0 0 1
    outer loop
      vertex 0.9380071461200714 4.156242855957576 1.2000000000000002
      vertex 1.1026928573846817 4.079700001648494 1.2000000000000002
      vertex 1.217978574335575 4.079700001648494 1.2000000000000002
    endloop
  endfacet
  facet normal 0 1 0
    outer loop
      vertex 0.9380071461200714 4.156242855957576 1.2000000000000002
      vertex 1.3603785708546638 4.156242855957576 1.2000000000000002
      vertex 1.3603785708546638 4.156242855957576 1
    endloop
  endfacet
  facet normal 0.17425870838799504 -0.9846999048192031 0
    outer loop
      vertex 1.217978574335575 4.079700001648494 1.2000000000000002
      vertex 1.217978574335575 4.079700001648494 1
      vertex 1.3603785708546638 4.104900003543921 1.2000000000000002
    endloop
  endfacet
  facet normal 1 0 0
    outer loop
      vertex 1.3603785708546638 4.104900003543921 1.2000000000000002
      vertex 1.3603785708546638 4.104900003543921 1
      vertex 1.3603785708546638 4.156242855957576 1.2000000000000002
    endloop
  endfacet
  facet normal -1 0 0
    outer loop
      vertex 1.4127928540110588 4.104900003543921 1.2000000000000002
      vertex 1.4127928540110588 4.156242855957576 1.2000000000000002
      vertex 1.4127928540110588 4.156242855957576 1
    endloop
  endfacet
  facet normal -0.21703468735239387 -0.9761638922260178 0
    outer loop
      vertex 1.4127928540110588 4.104900003543921 1.2000000000000002
      vertex 1.4127928540110588 4.104900003543921 1
      vertex 1.5261357128620148 4.079700001648494 1.2000000000000002
    endloop
  endfacet
  facet normal 0 0 1
    outer loop
      vertex 0.9380071461200714 4.156242855957576 1.2000000000000002
      vertex 1.217978574335575 4.079700001648494 1.2000000000000002
      vertex 1.3603785708546638 4.156242855957576 1.2000000000000002
    endloop
  endfacet
  facet normal 0 0 1
    outer loop
      vertex 1.217978574335575 4.079700001648494 1.2000000000000002
      vertex 1.3603785708546638 4.104900003543921 1.2000000000000002
      vertex 1.3603785708546638 4.156242855957576 1.2000000000000002
    endloop
  endfacet
  facet normal 0 0 1
    outer loop
      vertex 1.4127928540110588 4.104900003543921 1.2000000000000002
      vertex 1.5261357128620148 4.079700001648494 1.2000000000000002
      vertex 1.4127928540110588 4.156242855957576 1.2000000000000002
    endloop
  endfacet
  facet normal -0.9457938036132371 -0.324767733998939 0
    outer loop
      vertex 1.9562499970197678 2.827114285102912 1.2000000000000002
      vertex 1.5261357128620148 4.079700001648494 1
      vertex 1.9562499970197678 2.827114285102912 1
    endloop
  endfacet
  facet normal 0 -1 0
    outer loop
      vertex 2.007607139647007 2.827114285102912 1.2000000000000002
      vertex 1.9562499970197678 2.827114285102912 1
      vertex 2.007607139647007 2.827114285102912 1
    endloop
  endfacet
  facet normal 0.9327989292512262 -0.36039722194790275 0
    outer loop
      vertex 2.3534500002861023 3.722242855599948 1.2000000000000002
      vertex 2.007607139647007 2.827114285102912 1
      vertex 2.3534500002861023 3.722242855599948 1
    endloop
  endfacet
  facet normal -0.93223058276177 0.36186480978902996 0
    outer loop
      vertex 2.026978574693203 3.164242857268878 1.2000000000000002
      vertex 2.3766928538680077 4.065171429089137 1
      vertex 2.026978574693203 3.164242857268878 1
    endloop
  endfacet
  facet normal -0.9457938036132371 -0.324767733998939 0
    outer loop
      vertex 1.5261357128620148 4.079700001648494 1.2000000000000002
      vertex 1.5261357128620148 4.079700001648494 1
      vertex 1.9562499970197678 2.827114285102912 1.2000000000000002
    endloop
  endfacet
  facet normal 0.9474729017992112 0.3198360523083385 0
    outer loop
      vertex 2.026978574693203 3.164242857268878 1.2000000000000002
      vertex 2.026978574693203 3.164242857268878 1
      vertex 1.717950001358986 4.079700001648494 1.2000000000000002
    endloop
  endfacet
  facet normal 0 0 1
    outer loop
      vertex 1.5261357128620148 4.079700001648494 1.2000000000000002
      vertex 1.9562499970197678 2.827114285102912 1.2000000000000002
      vertex 2.007607139647007 2.827114285102912 1.2000000000000002
    endloop
  endfacet
  facet normal 0 0 1
    outer loop
      vertex 1.5261357128620148 4.079700001648494 1.2000000000000002
      vertex 2.007607139647007 2.827114285102912 1.2000000000000002
      vertex 2.026978574693203 3.164242857268878 1.2000000000000002
    endloop
  endfacet
  facet normal 0 -1 0
    outer loop
      vertex 1.9562499970197678 2.827114285102912 1.2000000000000002
      vertex 1.9562499970197678 2.827114285102912 1
      vertex 2.007607139647007 2.827114285102912 1.2000000000000002
    endloop
  endfacet
  facet normal 0.9327989292512262 -0.36039722194790275 0
    outer loop
      vertex 2.007607139647007 2.827114285102912 1.2000000000000002
      vertex 2.007607139647007 2.827114285102912 1
      vertex 2.3534500002861023 3.722242855599948 1.2000000000000002
    endloop
  endfacet
  facet normal 0 0 1
    outer loop
      vertex 2.007607139647007 2.827114285102912 1.2000000000000002
      vertex 2.3534500002861023 3.722242855599948 1.2000000000000002
      vertex 2.026978574693203 3.164242857268878 1.2000000000000002
    endloop
  endfacet
  facet normal 0 0 1
    outer loop
      vertex 2.026978574693203 3.164242857268878 1.2000000000000002
      vertex 2.3534500002861023 3.722242855599948 1.2000000000000002
      vertex 2.3766928538680077 4.065171429089137 1.2000000000000002
    endloop
  endfacet
  facet normal 0 1 0
    outer loop
      vertex 1.4127928540110588 4.156242855957576 1.2000000000000002
      vertex 1.9087928608059883 4.156242855957576 1
      vertex 1.4127928540110588 4.156242855957576 1
    endloop
  endfacet
  facet normal 0.9474729017992112 0.3198360523083385 0
    outer loop
      vertex 1.717950001358986 4.079700001648494 1.2000000000000002
      vertex 2.026978574693203 3.164242857268878 1
      vertex 1.717950001358986 4.079700001648494 1
    endloop
  endfacet
  facet normal 0.1309094768189269 -0.9913943256237625 0
    outer loop
      vertex 1.9087928608059883 4.104900003543921 1.2000000000000002
      vertex 1.717950001358986 4.079700001648494 1
      vertex 1.9087928608059883 4.104900003543921 1
    endloop
  endfacet
  facet normal 1 0 0
    outer loop
      vertex 1.9087928608059883 4.156242855957576 1.2000000000000002
      vertex 1.9087928608059883 4.104900003543921 1
      vertex 1.9087928608059883 4.156242855957576 1
    endloop
  endfacet
  facet normal 0.1309094768189269 -0.9913943256237625 0
    outer loop
      vertex 1.717950001358986 4.079700001648494 1.2000000000000002
      vertex 1.717950001358986 4.079700001648494 1
      vertex 1.9087928608059883 4.104900003543921 1.2000000000000002
    endloop
  endfacet
  facet normal 0 1 0
    outer loop
      vertex 1.4127928540110588 4.156242855957576 1.2000000000000002
      vertex 1.9087928608059883 4.156242855957576 1.2000000000000002
      vertex 1.9087928608059883 4.156242855957576 1
    endloop
  endfacet
  facet normal 1 0 0
    outer loop
      vertex 1.9087928608059883 4.104900003543921 1.2000000000000002
      vertex 1.9087928608059883 4.104900003543921 1
      vertex 1.9087928608059883 4.156242855957576 1.2000000000000002
    endloop
  endfacet
  facet normal 0 0 1
    outer loop
      vertex 1.4127928540110588 4.156242855957576 1.2000000000000002
      vertex 1.5261357128620148 4.079700001648494 1.2000000000000002
      vertex 1.717950001358986 4.079700001648494 1.2000000000000002
    endloop
  endfacet
  facet normal 0 0 1
    outer loop
      vertex 1.4127928540110588 4.156242855957576 1.2000000000000002
      vertex 1.717950001358986 4.079700001648494 1.2000000000000002
      vertex 1.9087928608059883 4.156242855957576 1.2000000000000002
    endloop
  endfacet
  facet normal 0 0 1
    outer loop
      vertex 1.5261357128620148 4.079700001648494 1.2000000000000002
      vertex 2.026978574693203 3.164242857268878 1.2000000000000002
      vertex 1.717950001358986 4.079700001648494 1.2000000000000002
    endloop
  endfacet
  facet normal 0 0 1
    outer loop
      vertex 1.717950001358986 4.079700001648494 1.2000000000000002
      vertex 1.9087928608059883 4.104900003543921 1.2000000000000002
      vertex 1.9087928608059883 4.156242855957576 1.2000000000000002
    endloop
  endfacet
  facet normal -0.93223058276177 0.36186480978902996 0
    outer loop
      vertex 2.026978574693203 3.164242857268878 1.2000000000000002
      vertex 2.3766928538680077 4.065171429089137 1.2000000000000002
      vertex 2.3766928538680077 4.065171429089137 1
    endloop
  endfacet
  facet normal 0 -1 0
    outer loop
      vertex 2.7419071421027184 2.827114285102912 1.2000000000000002
      vertex 2.6905642822384834 2.827114285102912 1
      vertex 2.7419071421027184 2.827114285102912 1
    endloop
  endfacet
  facet normal -0.9358329260390982 -0.35244394524675837 0
    outer loop
      vertex 2.6905642822384834 2.827114285102912 1.2000000000000002
      vertex 2.3534500002861023 3.722242855599948 1
      vertex 2.6905642822384834 2.827114285102912 1
    endloop
  endfacet
  facet normal -0.9519540334847797 0.30624094783692596 0
    outer loop
      vertex 2.7574071437120438 3.164242857268878 1.2000000000000002
      vertex 3.051907144486904 4.079700001648494 1
      vertex 2.7574071437120438 3.164242857268878 1
    endloop
  endfacet
  facet normal 0.9471327704786674 -0.32084188486761545 0
    outer loop
      vertex 3.1662214249372482 4.079700001648494 1.2000000000000002
      vertex 2.7419071421027184 2.827114285102912 1
      vertex 3.1662214249372482 4.079700001648494 1
    endloop
  endfacet
  facet normal 0 -1 0
    outer loop
      vertex 2.6905642822384834 2.827114285102912 1.2000000000000002
      vertex 2.6905642822384834 2.827114285102912 1
      vertex 2.7419071421027184 2.827114285102912 1.2000000000000002
    endloop
  endfacet
  facet normal -0.9358329260390982 -0.35244394524675837 0
    outer loop
      vertex 2.6905642822384834 2.827114285102912 1.2000000000000002
      vertex 2.3534500002861023 3.722242855599948 1.2000000000000002
      vertex 2.3534500002861023 3.722242855599948 1
    endloop
  endfacet
  facet normal 0.9365797773147257 0.35045444885904775 0
    outer loop
      vertex 2.7574071437120438 3.164242857268878 1.2000000000000002
      vertex 2.7574071437120438 3.164242857268878 1
      vertex 2.420292854309082 4.065171429089137 1.2000000000000002
    endloop
  endfacet
  facet normal 0 0 1
    outer loop
      vertex 2.3534500002861023 3.722242855599948 1.2000000000000002
      vertex 2.7574071437120438 3.164242857268878 1.2000000000000002
      vertex 2.3766928538680077 4.065171429089137 1.2000000000000002
    endloop
  endfacet
  facet normal 0 0 1
    outer loop
      vertex 2.6905642822384834 2.827114285102912 1.2000000000000002
      vertex 2.7574071437120438 3.164242857268878 1.2000000000000002
      vertex 2.3534500002861023 3.722242855599948 1.2000000000000002
    endloop
  endfacet
  facet normal 0.9471327704786674 -0.32084188486761545 0
    outer loop
      vertex 2.7419071421027184 2.827114285102912 1.2000000000000002
      vertex 2.7419071421027184 2.827114285102912 1
      vertex 3.1662214249372482 4.079700001648494 1.2000000000000002
    endloop
  endfacet
  facet normal 0 0 1
    outer loop
      vertex 2.6905642822384834 2.827114285102912 1.2000000000000002
      vertex 2.7419071421027184 2.827114285102912 1.2000000000000002
      vertex 3.1662214249372482 4.079700001648494 1.2000000000000002
    endloop
  endfacet
  facet normal 0 0 1
    outer loop
      vertex 2.6905642822384834 2.827114285102912 1.2000000000000002
      vertex 3.1662214249372482 4.079700001648494 1.2000000000000002
      vertex 2.7574071437120438 3.164242857268878 1.2000000000000002
    endloop
  endfacet
  facet normal 0.9365797773147257 0.35045444885904775 0
    outer loop
      vertex 2.420292854309082 4.065171429089137 1.2000000000000002
      vertex 2.7574071437120438 3.164242857268878 1
      vertex 2.420292854309082 4.065171429089137 1
    endloop
  endfacet
  facet normal 0 1 0
    outer loop
      vertex 2.3766928538680077 4.065171429089137 1.2000000000000002
      vertex 2.420292854309082 4.065171429089137 1
      vertex 2.3766928538680077 4.065171429089137 1
    endloop
  endfacet
  facet normal -1 0 0
    outer loop
      vertex 2.849449999630451 4.104900003543921 1.2000000000000002
      vertex 2.849449999630451 4.156242855957576 1
      vertex 2.849449999630451 4.104900003543921 1
    endloop
  endfacet
  facet normal -0.1235176450591341 -0.9923423760774532 0
    outer loop
      vertex 3.051907144486904 4.079700001648494 1.2000000000000002
      vertex 2.849449999630451 4.104900003543921 1
      vertex 3.051907144486904 4.079700001648494 1
    endloop
  endfacet
  facet normal 0 1 0
    outer loop
      vertex 2.849449999630451 4.156242855957576 1.2000000000000002
      vertex 3.279564283788204 4.156242855957576 1
      vertex 2.849449999630451 4.156242855957576 1
    endloop
  endfacet
  facet normal 0 1 0
    outer loop
      vertex 2.3766928538680077 4.065171429089137 1.2000000000000002
      vertex 2.420292854309082 4.065171429089137 1.2000000000000002
      vertex 2.420292854309082 4.065171429089137 1
    endloop
  endfacet
  facet normal 0 0 1
    outer loop
      vertex 2.7574071437120438 3.164242857268878 1.2000000000000002
      vertex 2.420292854309082 4.065171429089137 1.2000000000000002
      vertex 2.3766928538680077 4.065171429089137 1.2000000000000002
    endloop
  endfacet
  facet normal -1 0 0
    outer loop
      vertex 2.849449999630451 4.104900003543921 1.2000000000000002
      vertex 2.849449999630451 4.156242855957576 1.2000000000000002
      vertex 2.849449999630451 4.156242855957576 1
    endloop
  endfacet
  facet normal -0.1235176450591341 -0.9923423760774532 0
    outer loop
      vertex 2.849449999630451 4.104900003543921 1.2000000000000002
      vertex 2.849449999630451 4.104900003543921 1
      vertex 3.051907144486904 4.079700001648494 1.2000000000000002
    endloop
  endfacet
  facet normal -0.9519540334847797 0.30624094783692596 0
    outer loop
      vertex 2.7574071437120438 3.164242857268878 1.2000000000000002
      vertex 3.051907144486904 4.079700001648494 1.2000000000000002
      vertex 3.051907144486904 4.079700001648494 1
    endloop
  endfacet
  facet normal 0 1 0
    outer loop
      vertex 2.849449999630451 4.156242855957576 1.2000000000000002
      vertex 3.279564283788204 4.156242855957576 1.2000000000000002
      vertex 3.279564283788204 4.156242855957576 1
    endloop
  endfacet
  facet normal 0 0 1
    outer loop
      vertex 2.849449999630451 4.104900003543921 1.2000000000000002
      vertex 3.051907144486904 4.079700001648494 1.2000000000000002
      vertex 2.849449999630451 4.156242855957576 1.2000000000000002
    endloop
  endfacet
  facet normal 0 0 1
    outer loop
      vertex 2.7574071437120438 3.164242857268878 1.2000000000000002
      vertex 3.1662214249372482 4.079700001648494 1.2000000000000002
      vertex 3.051907144486904 4.079700001648494 1.2000000000000002
    endloop
  endfacet
  facet normal 0 0 1
    outer loop
      vertex 2.849449999630451 4.156242855957576 1.2000000000000002
      vertex 3.051907144486904 4.079700001648494 1.2000000000000002
      vertex 3.1662214249372482 4.079700001648494 1.2000000000000002
    endloop
  endfacet
  facet normal 0 0 1
    outer loop
      vertex 2.849449999630451 4.156242855957576 1.2000000000000002
      vertex 3.1662214249372482 4.079700001648494 1.2000000000000002
      vertex 3.279564283788204 4.156242855957576 1.2000000000000002
    endloop
  endfacet
  facet normal 0 -1 0
    outer loop
      vertex 3.880321428179741 2.827114285102912 1.2000000000000002
      vertex 3.8289642855525017 2.827114285102912 1
      vertex 3.880321428179741 2.827114285102912 1
    endloop
  endfacet
  facet normal -0.9457938036132371 -0.324767733998939 0
    outer loop
      vertex 3.8289642855525017 2.827114285102912 1.2000000000000002
      vertex 3.3988500013947487 4.079700001648494 1
      vertex 3.8289642855525017 2.827114285102912 1
    endloop
  endfacet
  facet normal -0.9457938036132371 -0.324767733998939 0
    outer loop
      vertex 3.8289642855525017 2.827114285102912 1.2000000000000002
      vertex 3.3988500013947487 4.079700001648494 1.2000000000000002
      vertex 3.3988500013947487 4.079700001648494 1
    endloop
  endfacet
  facet normal 0 -1 0
    outer loop
      vertex 3.8289642855525017 2.827114285102912 1.2000000000000002
      vertex 3.8289642855525017 2.827114285102912 1
      vertex 3.880321428179741 2.827114285102912 1.2000000000000002
    endloop
  endfacet
  facet normal 0.9474729017992112 0.3198360523083385 0
    outer loop
      vertex 3.8996928557753563 3.164242857268878 1.2000000000000002
      vertex 3.8996928557753563 3.164242857268878 1
      vertex 3.590664282441139 4.079700001648494 1.2000000000000002
    endloop
  endfacet
  facet normal 0 0 1
    outer loop
      vertex 3.8289642855525017 2.827114285102912 1.2000000000000002
      vertex 3.880321428179741 2.827114285102912 1.2000000000000002
      vertex 3.3988500013947487 4.079700001648494 1.2000000000000002
    endloop
  endfacet
  facet normal 0 0 1
    outer loop
      vertex 3.880321428179741 2.827114285102912 1.2000000000000002
      vertex 3.8996928557753563 3.164242857268878 1.2000000000000002
      vertex 3.3988500013947487 4.079700001648494 1.2000000000000002
    endloop
  endfacet
  facet normal 0.21703468735239387 -0.9761638922260178 0
    outer loop
      vertex 3.279564283788204 4.104900003543921 1.2000000000000002
      vertex 3.1662214249372482 4.079700001648494 1
      vertex 3.279564283788204 4.104900003543921 1
    endloop
  endfacet
  facet normal 1 0 0
    outer loop
      vertex 3.279564283788204 4.156242855957576 1.2000000000000002
      vertex 3.279564283788204 4.104900003543921 1
      vertex 3.279564283788204 4.156242855957576 1
    endloop
  endfacet
  facet normal -1 0 0
    outer loop
      vertex 3.2855071425437927 4.104900003543921 1.2000000000000002
      vertex 3.2855071425437927 4.156242855957576 1
      vertex 3.2855071425437927 4.104900003543921 1
    endloop
  endfacet
  facet normal -0.21703468735239387 -0.9761638922260178 0
    outer loop
      vertex 3.3988500013947487 4.079700001648494 1.2000000000000002
      vertex 3.2855071425437927 4.104900003543921 1
      vertex 3.3988500013947487 4.079700001648494 1
    endloop
  endfacet
  facet normal 0 1 0
    outer loop
      vertex 3.2855071425437927 4.156242855957576 1.2000000000000002
      vertex 3.7815071418881416 4.156242855957576 1
      vertex 3.2855071425437927 4.156242855957576 1
    endloop
  endfacet
  facet normal 0.9474729017992112 0.3198360523083385 0
    outer loop
      vertex 3.590664282441139 4.079700001648494 1.2000000000000002
      vertex 3.8996928557753563 3.164242857268878 1
      vertex 3.590664282441139 4.079700001648494 1
    endloop
  endfacet
  facet normal 0.1309094768189269 -0.9913943256237625 0
    outer loop
      vertex 3.7815071418881416 4.104900003543921 1.2000000000000002
      vertex 3.590664282441139 4.079700001648494 1
      vertex 3.7815071418881416 4.104900003543921 1
    endloop
  endfacet
  facet normal 1 0 0
    outer loop
      vertex 3.7815071418881416 4.156242855957576 1.2000000000000002
      vertex 3.7815071418881416 4.104900003543921 1
      vertex 3.7815071418881416 4.156242855957576 1
    endloop
  endfacet
  facet normal 0.21703468735239387 -0.9761638922260178 0
    outer loop
      vertex 3.1662214249372482 4.079700001648494 1.2000000000000002
      vertex 3.1662214249372482 4.079700001648494 1
      vertex 3.279564283788204 4.104900003543921 1.2000000000000002
    endloop
  endfacet
  facet normal 1 0 0
    outer loop
      vertex 3.279564283788204 4.104900003543921 1.2000000000000002
      vertex 3.279564283788204 4.104900003543921 1
      vertex 3.279564283788204 4.156242855957576 1.2000000000000002
    endloop
  endfacet
  facet normal -1 0 0
    outer loop
      vertex 3.2855071425437927 4.104900003543921 1.2000000000000002
      vertex 3.2855071425437927 4.156242855957576 1.2000000000000002
      vertex 3.2855071425437927 4.156242855957576 1
    endloop
  endfacet
  facet normal -0.21703468735239387 -0.9761638922260178 0
    outer loop
      vertex 3.2855071425437927 4.104900003543921 1.2000000000000002
      vertex 3.2855071425437927 4.104900003543921 1
      vertex 3.3988500013947487 4.079700001648494 1.2000000000000002
    endloop
  endfacet
  facet normal 0 0 1
    outer loop
      vertex 3.1662214249372482 4.079700001648494 1.2000000000000002
      vertex 3.279564283788204 4.104900003543921 1.2000000000000002
      vertex 3.279564283788204 4.156242855957576 1.2000000000000002
    endloop
  endfacet
  facet normal 0 0 1
    outer loop
      vertex 3.2855071425437927 4.104900003543921 1.2000000000000002
      vertex 3.3988500013947487 4.079700001648494 1.2000000000000002
      vertex 3.2855071425437927 4.156242855957576 1.2000000000000002
    endloop
  endfacet
  facet normal 0 0 1
    outer loop
      vertex 3.2855071425437927 4.156242855957576 1.2000000000000002
      vertex 3.3988500013947487 4.079700001648494 1.2000000000000002
      vertex 3.590664282441139 4.079700001648494 1.2000000000000002
    endloop
  endfacet
  facet normal 0 1 0
    outer loop
      vertex 3.2855071425437927 4.156242855957576 1.2000000000000002
      vertex 3.7815071418881416 4.156242855957576 1.2000000000000002
      vertex 3.7815071418881416 4.156242855957576 1
    endloop
  endfacet
  facet normal 0.1309094768189269 -0.9913943256237625 0
    outer loop
      vertex 3.590664282441139 4.079700001648494 1.2000000000000002
      vertex 3.590664282441139 4.079700001648494 1
      vertex 3.7815071418881416 4.104900003543921 1.2000000000000002
    endloop
  endfacet
  facet normal 1 0 0
    outer loop
      vertex 3.7815071418881416 4.104900003543921 1.2000000000000002
      vertex 3.7815071418881416 4.104900003543921 1
      vertex 3.7815071418881416 4.156242855957576 1.2000000000000002
    endloop
  endfacet
  facet normal 0 0 1
    outer loop
      vertex 3.8996928557753563 3.164242857268878 1.2000000000000002
      vertex 3.590664282441139 4.079700001648494 1.2000000000000002
      vertex 3.3988500013947487 4.079700001648494 1.2000000000000002
    endloop
  endfacet
  facet normal 0 0 1
    outer loop
      vertex 3.2855071425437927 4.156242855957576 1.2000000000000002
      vertex 3.590664282441139 4.079700001648494 1.2000000000000002
      vertex 3.7815071418881416 4.156242855957576 1.2000000000000002
    endloop
  endfacet
  facet normal 0 0 1
    outer loop
      vertex 3.590664282441139 4.079700001648494 1.2000000000000002
      vertex 3.7815071418881416 4.104900003543921 1.2000000000000002
      vertex 3.7815071418881416 4.156242855957576 1.2000000000000002
    endloop
  endfacet
  facet normal -1 0 0
    outer loop
      vertex 2.0895000025629997 5.71428571747882 1.2000000000000002
      vertex 2.0895000025629997 5.765628577343055 1
      vertex 2.0895000025629997 5.71428571747882 1
    endloop
  endfacet
  facet normal -0.15507959517321107 0.987901978518574 0
    outer loop
      vertex 2.0895000025629997 5.765628577343055 1.2000000000000002
      vertex 2.2561285719275475 5.791785718074866 1
      vertex 2.0895000025629997 5.765628577343055 1
    endloop
  endfacet
  facet normal -1 0 0
    outer loop
      vertex 2.2561285719275475 5.791785718074866 1.2000000000000002
      vertex 2.2561285719275475 6.9368428598557195 1
      vertex 2.2561285719275475 5.791785718074866 1
    endloop
  endfacet
  facet normal -1 0 0
    outer loop
      vertex 2.0895000025629997 5.71428571747882 1.2000000000000002
      vertex 2.0895000025629997 5.765628577343055 1.2000000000000002
      vertex 2.0895000025629997 5.765628577343055 1
    endloop
  endfacet
  facet normal -0.15507959517321107 0.987901978518574 0
    outer loop
      vertex 2.0895000025629997 5.765628577343055 1.2000000000000002
      vertex 2.2561285719275475 5.791785718074866 1.2000000000000002
      vertex 2.2561285719275475 5.791785718074866 1
    endloop
  endfacet
  facet normal 0 -1 0
    outer loop
      vertex 2.0895000025629997 5.71428571747882 1.2000000000000002
      vertex 2.0895000025629997 5.71428571747882 1
      vertex 2.608757145702839 5.71428571747882 1.2000000000000002
    endloop
  endfacet
  facet normal 0 0 1
    outer loop
      vertex 2.0895000025629997 5.71428571747882 1.2000000000000002
      vertex 2.2561285719275475 5.791785718074866 1.2000000000000002
      vertex 2.0895000025629997 5.765628577343055 1.2000000000000002
    endloop
  endfacet
  facet normal 0 0 1
    outer loop
      vertex 2.0895000025629997 5.71428571747882 1.2000000000000002
      vertex 2.4421285688877106 5.791785718074866 1.2000000000000002
      vertex 2.2561285719275475 5.791785718074866 1.2000000000000002
    endloop
  endfacet
  facet normal 0 0 1
    outer loop
      vertex 2.2561285719275475 5.791785718074866 1.2000000000000002
      vertex 2.4421285688877106 5.791785718074866 1.2000000000000002
      vertex 2.2561285719275475 6.9368428598557195 1.2000000000000002
    endloop
  endfacet
  facet normal -1 0 0
    outer loop
      vertex 2.0895000025629997 6.962042861751147 1.2000000000000002
      vertex 2.0895000025629997 7.0133857141648015 1
      vertex 2.0895000025629997 6.962042861751147 1
    endloop
  endfacet
  facet normal -0.14953418367303856 -0.9887565564451333 0
    outer loop
      vertex 2.2561285719275475 6.9368428598557195 1.2000000000000002
      vertex 2.0895000025629997 6.962042861751147 1
      vertex 2.2561285719275475 6.9368428598557195 1
    endloop
  endfacet
  facet normal 0 1 0
    outer loop
      vertex 2.0895000025629997 7.0133857141648015 1.2000000000000002
      vertex 2.608757145702839 7.0133857141648015 1
      vertex 2.0895000025629997 7.0133857141648015 1
    endloop
  endfacet
  facet normal -1 0 0
    outer loop
      vertex 2.2561285719275475 5.791785718074866 1.2000000000000002
      vertex 2.2561285719275475 6.9368428598557195 1.2000000000000002
      vertex 2.2561285719275475 6.9368428598557195 1
    endloop
  endfacet
  facet normal -1 0 0
    outer loop
      vertex 2.0895000025629997 6.962042861751147 1.2000000000000002
      vertex 2.0895000025629997 7.0133857141648015 1.2000000000000002
      vertex 2.0895000025629997 7.0133857141648015 1
    endloop
  endfacet
  facet normal -0.14953418367303856 -0.9887565564451333 0
    outer loop
      vertex 2.0895000025629997 6.962042861751147 1.2000000000000002
      vertex 2.0895000025629997 6.962042861751147 1
      vertex 2.2561285719275475 6.9368428598557195 1.2000000000000002
    endloop
  endfacet
  facet normal 0 0 1
    outer loop
      vertex 2.0895000025629997 6.962042861751147 1.2000000000000002
      vertex 2.2561285719275475 6.9368428598557195 1.2000000000000002
      vertex 2.0895000025629997 7.0133857141648015 1.2000000000000002
    endloop
  endfacet
  facet normal 0 0 1
    outer loop
      vertex 2.2561285719275475 6.9368428598557195 1.2000000000000002
      vertex 2.4421285688877106 6.9368428598557195 1.2000000000000002
      vertex 2.0895000025629997 7.0133857141648015 1.2000000000000002
    endloop
  endfacet
  facet normal -0.15124694022386462 -0.9884960106509884 0
    outer loop
      vertex 0.8900714293122292 8.55205714063985 1.2000000000000002
      vertex 0.6091321408748627 8.595042855611869 1
      vertex 0.8900714293122292 8.55205714063985 1
    endloop
  endfacet
  facet normal 0.1821054967830604 0.9832789980678905 0
    outer loop
      vertex 0.6906321421265602 8.663939283362456 1.2000000000000002
      vertex 0.8920142874121666 8.62664285408599 1
      vertex 0.6906321421265602 8.663939283362456 1
    endloop
  endfacet
  facet normal -0.06196664572509421 0.9980782207911265 0
    outer loop
      vertex 0.8920142874121666 8.62664285408599 1.2000000000000002
      vertex 0.9992964267730713 8.633303568831511 1
      vertex 0.8920142874121666 8.62664285408599 1
    endloop
  endfacet
  facet normal 0.06421712488914796 -0.9979359502848726 0
    outer loop
      vertex 1.127167858183384 8.567314283124038 1.2000000000000002
      vertex 0.8900714293122292 8.55205714063985 1
      vertex 1.127167858183384 8.567314283124038 1
    endloop
  endfacet
  facet normal -0.19410093074384488 0.9809815638860768 0
    outer loop
      vertex 0.9992964267730713 8.633303568831511 1.2000000000000002
      vertex 1.100285716354847 8.653285713068076 1
      vertex 0.9992964267730713 8.633303568831511 1
    endloop
  endfacet
  facet normal -0.33452639831674863 0.9423863797982354 0
    outer loop
      vertex 1.100285716354847 8.653285713068076 1.2000000000000002
      vertex 1.1879571452736855 8.684407138398715 1
      vertex 1.100285716354847 8.653285713068076 1
    endloop
  endfacet
  facet normal -0.5115031009479624 0.8592814310344535 0
    outer loop
      vertex 1.1879571452736855 8.684407138398715 1.2000000000000002
      vertex 1.2552857175469398 8.72448571132762 1
      vertex 1.1879571452736855 8.684407138398715 1
    endloop
  endfacet
  facet normal 0.20270287987097077 -0.9792402884338526 0
    outer loop
      vertex 1.348285712301731 8.613085710576602 1.2000000000000002
      vertex 1.127167858183384 8.567314283124038 1
      vertex 1.348285712301731 8.613085710576602 1
    endloop
  endfacet
  facet normal -1 0 0
    outer loop
      vertex 1.533414289355278 8.571428568235465 1.2000000000000002
      vertex 1.533414289355278 8.6227714280997 1
      vertex 1.533414289355278 8.571428568235465 1
    endloop
  endfacet
  facet normal 0.1821054967830604 0.9832789980678905 0
    outer loop
      vertex 0.6906321421265602 8.663939283362456 1.2000000000000002
      vertex 0.8920142874121666 8.62664285408599 1.2000000000000002
      vertex 0.8920142874121666 8.62664285408599 1
    endloop
  endfacet
  facet normal 0.06421712488914796 -0.9979359502848726 0
    outer loop
      vertex 0.8900714293122292 8.55205714063985 1.2000000000000002
      vertex 0.8900714293122292 8.55205714063985 1
      vertex 1.127167858183384 8.567314283124038 1.2000000000000002
    endloop
  endfacet
  facet normal -0.06196664572509421 0.9980782207911265 0
    outer loop
      vertex 0.8920142874121666 8.62664285408599 1.2000000000000002
      vertex 0.9992964267730713 8.633303568831511 1.2000000000000002
      vertex 0.9992964267730713 8.633303568831511 1
    endloop
  endfacet
  facet normal -0.19410093074384488 0.9809815638860768 0
    outer loop
      vertex 0.9992964267730713 8.633303568831511 1.2000000000000002
      vertex 1.100285716354847 8.653285713068076 1.2000000000000002
      vertex 1.100285716354847 8.653285713068076 1
    endloop
  endfacet
  facet normal 0 0 1
    outer loop
      vertex 0.6091321408748627 8.595042855611869 1.2000000000000002
      vertex 0.8900714293122292 8.55205714063985 1.2000000000000002
      vertex 0.6906321421265602 8.663939283362456 1.2000000000000002
    endloop
  endfacet
  facet normal 0 0 1
    outer loop
      vertex 0.6906321421265602 8.663939283362456 1.2000000000000002
      vertex 0.8900714293122292 8.55205714063985 1.2000000000000002
      vertex 0.8920142874121666 8.62664285408599 1.2000000000000002
    endloop
  endfacet
  facet normal 0 0 1
    outer loop
      vertex 0.8900714293122292 8.55205714063985 1.2000000000000002
      vertex 0.9992964267730713 8.633303568831511 1.2000000000000002
      vertex 0.8920142874121666 8.62664285408599 1.2000000000000002
    endloop
  endfacet
  facet normal 0 0 1
    outer loop
      vertex 0.8900714293122292 8.55205714063985 1.2000000000000002
      vertex 1.127167858183384 8.567314283124038 1.2000000000000002
      vertex 0.9992964267730713 8.633303568831511 1.2000000000000002
    endloop
  endfacet
  facet normal 0 0 1
    outer loop
      vertex 1.127167858183384 8.567314283124038 1.2000000000000002
      vertex 1.100285716354847 8.653285713068076 1.2000000000000002
      vertex 0.9992964267730713 8.633303568831511 1.2000000000000002
    endloop
  endfacet
  facet normal 0.20270287987097077 -0.9792402884338526 0
    outer loop
      vertex 1.127167858183384 8.567314283124038 1.2000000000000002
      vertex 1.127167858183384 8.567314283124038 1
      vertex 1.348285712301731 8.613085710576602 1.2000000000000002
    endloop
  endfacet
  facet normal -0.33452639831674863 0.9423863797982354 0
    outer loop
      vertex 1.100285716354847 8.653285713068076 1.2000000000000002
      vertex 1.1879571452736855 8.684407138398715 1.2000000000000002
      vertex 1.1879571452736855 8.684407138398715 1
    endloop
  endfacet
  facet normal -0.5115031009479624 0.8592814310344535 0
    outer loop
      vertex 1.1879571452736855 8.684407138398715 1.2000000000000002
      vertex 1.2552857175469398 8.72448571132762 1.2000000000000002
      vertex 1.2552857175469398 8.72448571132762 1
    endloop
  endfacet
  facet normal 0.9998185331918595 -0.019049952390457623 0
    outer loop
      vertex 1.348285712301731 8.613085710576602 1.2000000000000002
      vertex 1.348285712301731 8.613085710576602 1
      vertex 1.3540999963879585 8.918242850473948 1.2000000000000002
    endloop
  endfacet
  facet normal -1 0 0
    outer loop
      vertex 1.533414289355278 8.571428568235465 1.2000000000000002
      vertex 1.533414289355278 8.6227714280997 1.2000000000000002
      vertex 1.533414289355278 8.6227714280997 1
    endloop
  endfacet
  facet normal 0 0 1
    outer loop
      vertex 1.127167858183384 8.567314283124038 1.2000000000000002
      vertex 1.1879571452736855 8.684407138398715 1.2000000000000002
      vertex 1.100285716354847 8.653285713068076 1.2000000000000002
    endloop
  endfacet
  facet normal 0 0 1
    outer loop
      vertex 1.127167858183384 8.567314283124038 1.2000000000000002
      vertex 1.348285712301731 8.613085710576602 1.2000000000000002
      vertex 1.1879571452736855 8.684407138398715 1.2000000000000002
    endloop
  endfacet
  facet normal 0 0 1
    outer loop
      vertex 1.1879571452736855 8.684407138398715 1.2000000000000002
      vertex 1.348285712301731 8.613085710576602 1.2000000000000002
      vertex 1.2552857175469398 8.72448571132762 1.2000000000000002
    endloop
  endfacet
  facet normal 0.1674584870527471 -0.9858791280446122 0
    outer loop
      vertex 0.901699997484684 9.807557136884757 1.2000000000000002
      vertex 0.6863928586244583 9.770985708705016 1
      vertex 0.901699997484684 9.807557136884757 1
    endloop
  endfacet
  facet normal -0.06166057361347488 -0.9980971764621204 0
    outer loop
      vertex 0.9938500002026558 9.801864282361098 1.2000000000000002
      vertex 0.901699997484684 9.807557136884757 1
      vertex 0.9938500002026558 9.801864282361098 1
    endloop
  endfacet
  facet normal 0.058730969254236154 0.9982738468228334 0
    outer loop
      vertex 0.8939428552985191 9.885057137480803 1.2000000000000002
      vertex 1.103921428322792 9.872703568211623 1
      vertex 0.8939428552985191 9.885057137480803 1
    endloop
  endfacet
  facet normal -0.18553934419489782 -0.9826368361483948 0
    outer loop
      vertex 1.0842999964952469 9.784785711339541 1.2000000000000002
      vertex 0.9938500002026558 9.801864282361098 1
      vertex 1.0842999964952469 9.784785711339541 1
    endloop
  endfacet
  facet normal -0.9833166077010449 0.1819023062506615 0
    outer loop
      vertex 1.2552857175469398 8.72448571132762 1.2000000000000002
      vertex 1.2911285683512688 8.918242850473948 1
      vertex 1.2552857175469398 8.72448571132762 1
    endloop
  endfacet
  facet normal 0 1 0
    outer loop
      vertex 1.2911285683512688 8.918242850473948 1.2000000000000002
      vertex 1.3540999963879585 8.918242850473948 1
      vertex 1.2911285683512688 8.918242850473948 1
    endloop
  endfacet
  facet normal 0.9998185331918595 -0.019049952390457623 0
    outer loop
      vertex 1.3540999963879585 8.918242850473948 1.2000000000000002
      vertex 1.348285712301731 8.613085710576602 1
      vertex 1.3540999963879585 8.918242850473948 1
    endloop
  endfacet
  facet normal -0.9854668704235375 -0.16986773471627345 0
    outer loop
      vertex 1.2707857117056847 9.551799998751708 1.2000000000000002
      vertex 1.2417285740375519 9.720371426216193 1
      vertex 1.2707857117056847 9.551799998751708 1
    endloop
  endfacet
  facet normal 0 -1 0
    outer loop
      vertex 1.3347285687923431 9.551799998751708 1.2000000000000002
      vertex 1.2707857117056847 9.551799998751708 1
      vertex 1.3347285687923431 9.551799998751708 1
    endloop
  endfacet
  facet normal -0.3104010352414128 -0.9506057002359386 0
    outer loop
      vertex 1.1684642881155014 9.757303566804953 1.2000000000000002
      vertex 1.0842999964952469 9.784785711339541 1
      vertex 1.1684642881155014 9.757303566804953 1
    endloop
  endfacet
  facet normal -0.4501363489702767 -0.8929598352309635 0
    outer loop
      vertex 1.2417285740375519 9.720371426216193 1.2000000000000002
      vertex 1.1684642881155014 9.757303566804953 1
      vertex 1.2417285740375519 9.720371426216193 1
    endloop
  endfacet
  facet normal 0.16252936090526457 0.9867037077277688 0
    outer loop
      vertex 1.103921428322792 9.872703568211623 1.2000000000000002
      vertex 1.3289142847061157 9.835642852953502 1
      vertex 1.103921428322792 9.872703568211623 1
    endloop
  endfacet
  facet normal 0.9997902654770787 0.020479869561894116 0
    outer loop
      vertex 1.3289142847061157 9.835642852953502 1.2000000000000002
      vertex 1.3347285687923431 9.551799998751708 1
      vertex 1.3289142847061157 9.835642852953502 1
    endloop
  endfacet
  facet normal -1 0 0
    outer loop
      vertex 1.5208142846822739 9.819185712507792 1.2000000000000002
      vertex 1.5208142846822739 9.870528564921447 1
      vertex 1.5208142846822739 9.819185712507792 1
    endloop
  endfacet
  facet normal 0.1674584870527471 -0.9858791280446122 0
    outer loop
      vertex 0.6863928586244583 9.770985708705016 1.2000000000000002
      vertex 0.6863928586244583 9.770985708705016 1
      vertex 0.901699997484684 9.807557136884757 1.2000000000000002
    endloop
  endfacet
  facet normal -0.14549851037003755 0.9893584706667752 0
    outer loop
      vertex 0.6016250029206276 9.842067853680678 1.2000000000000002
      vertex 0.8939428552985191 9.885057137480803 1.2000000000000002
      vertex 0.8939428552985191 9.885057137480803 1
    endloop
  endfacet
  facet normal -0.06166057361347488 -0.9980971764621204 0
    outer loop
      vertex 0.901699997484684 9.807557136884757 1.2000000000000002
      vertex 0.901699997484684 9.807557136884757 1
      vertex 0.9938500002026558 9.801864282361098 1.2000000000000002
    endloop
  endfacet
  facet normal -0.18553934419489782 -0.9826368361483948 0
    outer loop
      vertex 0.9938500002026558 9.801864282361098 1.2000000000000002
      vertex 0.9938500002026558 9.801864282361098 1
      vertex 1.0842999964952469 9.784785711339541 1.2000000000000002
    endloop
  endfacet
  facet normal -0.3104010352414128 -0.9506057002359386 0
    outer loop
      vertex 1.0842999964952469 9.784785711339541 1.2000000000000002
      vertex 1.0842999964952469 9.784785711339541 1
      vertex 1.1684642881155014 9.757303566804953 1.2000000000000002
    endloop
  endfacet
  facet normal 0.058730969254236154 0.9982738468228334 0
    outer loop
      vertex 0.8939428552985191 9.885057137480803 1.2000000000000002
      vertex 1.103921428322792 9.872703568211623 1.2000000000000002
      vertex 1.103921428322792 9.872703568211623 1
    endloop
  endfacet
  facet normal 0 0 1
    outer loop
      vertex 0.6863928586244583 9.770985708705016 1.2000000000000002
      vertex 0.901699997484684 9.807557136884757 1.2000000000000002
      vertex 0.8939428552985191 9.885057137480803 1.2000000000000002
    endloop
  endfacet
  facet normal 0 0 1
    outer loop
      vertex 0.901699997484684 9.807557136884757 1.2000000000000002
      vertex 0.9938500002026558 9.801864282361098 1.2000000000000002
      vertex 0.8939428552985191 9.885057137480803 1.2000000000000002
    endloop
  endfacet
  facet normal 0 0 1
    outer loop
      vertex 0.8939428552985191 9.885057137480803 1.2000000000000002
      vertex 0.9938500002026558 9.801864282361098 1.2000000000000002
      vertex 1.103921428322792 9.872703568211623 1.2000000000000002
    endloop
  endfacet
  facet normal 0 0 1
    outer loop
      vertex 0.9938500002026558 9.801864282361098 1.2000000000000002
      vertex 1.0842999964952469 9.784785711339541 1.2000000000000002
      vertex 1.103921428322792 9.872703568211623 1.2000000000000002
    endloop
  endfacet
  facet normal 0 0 1
    outer loop
      vertex 1.0842999964952469 9.784785711339541 1.2000000000000002
      vertex 1.1684642881155014 9.757303566804953 1.2000000000000002
      vertex 1.103921428322792 9.872703568211623 1.2000000000000002
    endloop
  endfacet
  facet normal -0.9833166077010449 0.1819023062506615 0
    outer loop
      vertex 1.2552857175469398 8.72448571132762 1.2000000000000002
      vertex 1.2911285683512688 8.918242850473948 1.2000000000000002
      vertex 1.2911285683512688 8.918242850473948 1
    endloop
  endfacet
  facet normal 0 1 0
    outer loop
      vertex 1.2911285683512688 8.918242850473948 1.2000000000000002
      vertex 1.3540999963879585 8.918242850473948 1.2000000000000002
      vertex 1.3540999963879585 8.918242850473948 1
    endloop
  endfacet
  facet normal 0 0 1
    outer loop
      vertex 1.2552857175469398 8.72448571132762 1.2000000000000002
      vertex 1.348285712301731 8.613085710576602 1.2000000000000002
      vertex 1.3540999963879585 8.918242850473948 1.2000000000000002
    endloop
  endfacet
  facet normal 0 0 1
    outer loop
      vertex 1.2552857175469398 8.72448571132762 1.2000000000000002
      vertex 1.3540999963879585 8.918242850473948 1.2000000000000002
      vertex 1.2911285683512688 8.918242850473948 1.2000000000000002
    endloop
  endfacet
  facet normal -0.9854668704235375 -0.16986773471627345 0
    outer loop
      vertex 1.2707857117056847 9.551799998751708 1.2000000000000002
      vertex 1.2417285740375519 9.720371426216193 1.2000000000000002
      vertex 1.2417285740375519 9.720371426216193 1
    endloop
  endfacet
  facet normal 0 -1 0
    outer loop
      vertex 1.2707857117056847 9.551799998751708 1.2000000000000002
      vertex 1.2707857117056847 9.551799998751708 1
      vertex 1.3347285687923431 9.551799998751708 1.2000000000000002
    endloop
  endfacet
  facet normal 0.9997902654770787 0.020479869561894116 0
    outer loop
      vertex 1.3347285687923431 9.551799998751708 1.2000000000000002
      vertex 1.3347285687923431 9.551799998751708 1
      vertex 1.3289142847061157 9.835642852953502 1.2000000000000002
    endloop
  endfacet
  facet normal -0.4501363489702767 -0.8929598352309635 0
    outer loop
      vertex 1.1684642881155014 9.757303566804953 1.2000000000000002
      vertex 1.1684642881155014 9.757303566804953 1
      vertex 1.2417285740375519 9.720371426216193 1.2000000000000002
    endloop
  endfacet
  facet normal 0.16252936090526457 0.9867037077277688 0
    outer loop
      vertex 1.103921428322792 9.872703568211623 1.2000000000000002
      vertex 1.3289142847061157 9.835642852953502 1.2000000000000002
      vertex 1.3289142847061157 9.835642852953502 1
    endloop
  endfacet
  facet normal -1 0 0
    outer loop
      vertex 1.5208142846822739 9.819185712507792 1.2000000000000002
      vertex 1.5208142846822739 9.870528564921447 1.2000000000000002
      vertex 1.5208142846822739 9.870528564921447 1
    endloop
  endfacet
  facet normal 0 0 1
    outer loop
      vertex 1.2707857117056847 9.551799998751708 1.2000000000000002
      vertex 1.3347285687923431 9.551799998751708 1.2000000000000002
      vertex 1.2417285740375519 9.720371426216193 1.2000000000000002
    endloop
  endfacet
  facet normal 0 0 1
    outer loop
      vertex 1.103921428322792 9.872703568211623 1.2000000000000002
      vertex 1.1684642881155014 9.757303566804953 1.2000000000000002
      vertex 1.3289142847061157 9.835642852953502 1.2000000000000002
    endloop
  endfacet
  facet normal 0 0 1
    outer loop
      vertex 1.1684642881155014 9.757303566804953 1.2000000000000002
      vertex 1.2417285740375519 9.720371426216193 1.2000000000000002
      vertex 1.3289142847061157 9.835642852953502 1.2000000000000002
    endloop
  endfacet
  facet normal 0 0 1
    outer loop
      vertex 1.2417285740375519 9.720371426216193 1.2000000000000002
      vertex 1.3347285687923431 9.551799998751708 1.2000000000000002
      vertex 1.3289142847061157 9.835642852953502 1.2000000000000002
    endloop
  endfacet
  facet normal -0.16742307800392522 0.985885141865771 0
    outer loop
      vertex 1.533414289355278 8.6227714280997 1.2000000000000002
      vertex 1.6874428540468216 8.648928568831511 1
      vertex 1.533414289355278 8.6227714280997 1
    endloop
  endfacet
  facet normal 0 -1 0
    outer loop
      vertex 2.0807571411132812 8.571428568235465 1.2000000000000002
      vertex 1.533414289355278 8.571428568235465 1
      vertex 2.0807571411132812 8.571428568235465 1
    endloop
  endfacet
  facet normal 0.12575901717401977 0.9920608195062561 0
    outer loop
      vertex 1.874414287507534 8.648928568831511 1.2000000000000002
      vertex 2.0807571411132812 8.6227714280997 1
      vertex 1.874414287507534 8.648928568831511 1
    endloop
  endfacet
  facet normal 1 0 0
    outer loop
      vertex 2.0807571411132812 8.6227714280997 1.2000000000000002
      vertex 2.0807571411132812 8.571428568235465 1
      vertex 2.0807571411132812 8.6227714280997 1
    endloop
  endfacet
  facet normal 0 -1 0
    outer loop
      vertex 1.533414289355278 8.571428568235465 1.2000000000000002
      vertex 1.533414289355278 8.571428568235465 1
      vertex 2.0807571411132812 8.571428568235465 1.2000000000000002
    endloop
  endfacet
  facet normal -0.16742307800392522 0.985885141865771 0
    outer loop
      vertex 1.533414289355278 8.6227714280997 1.2000000000000002
      vertex 1.6874428540468216 8.648928568831511 1.2000000000000002
      vertex 1.6874428540468216 8.648928568831511 1
    endloop
  endfacet
  facet normal 0 0 1
    outer loop
      vertex 1.533414289355278 8.571428568235465 1.2000000000000002
      vertex 1.6874428540468216 8.648928568831511 1.2000000000000002
      vertex 1.533414289355278 8.6227714280997 1.2000000000000002
    endloop
  endfacet
  facet normal 0 0 1
    outer loop
      vertex 1.533414289355278 8.571428568235465 1.2000000000000002
      vertex 1.874414287507534 8.648928568831511 1.2000000000000002
      vertex 1.6874428540468216 8.648928568831511 1.2000000000000002
    endloop
  endfacet
  facet normal 0 0 1
    outer loop
      vertex 1.533414289355278 8.571428568235465 1.2000000000000002
      vertex 2.0807571411132812 8.571428568235465 1.2000000000000002
      vertex 1.874414287507534 8.648928568831511 1.2000000000000002
    endloop
  endfacet
  facet normal 0.12575901717401977 0.9920608195062561 0
    outer loop
      vertex 1.874414287507534 8.648928568831511 1.2000000000000002
      vertex 2.0807571411132812 8.6227714280997 1.2000000000000002
      vertex 2.0807571411132812 8.6227714280997 1
    endloop
  endfacet
  facet normal 1 0 0
    outer loop
      vertex 2.0807571411132812 8.571428568235465 1.2000000000000002
      vertex 2.0807571411132812 8.571428568235465 1
      vertex 2.0807571411132812 8.6227714280997 1.2000000000000002
    endloop
  endfacet
  facet normal 0 0 1
    outer loop
      vertex 1.874414287507534 8.648928568831511 1.2000000000000002
      vertex 2.0807571411132812 8.571428568235465 1.2000000000000002
      vertex 2.0807571411132812 8.6227714280997 1.2000000000000002
    endloop
  endfacet
  facet normal -1 0 0
    outer loop
      vertex 1.6874428540468216 8.648928568831511 1.2000000000000002
      vertex 1.6874428540468216 9.793985710612365 1
      vertex 1.6874428540468216 8.648928568831511 1
    endloop
  endfacet
  facet normal 1 0 0
    outer loop
      vertex 1.874414287507534 9.080985711089202 1.2000000000000002
      vertex 1.874414287507534 8.648928568831511 1
      vertex 1.874414287507534 9.080985711089202 1
    endloop
  endfacet
  facet normal 0 1 0
    outer loop
      vertex 1.874414287507534 9.16818571197135 1.2000000000000002
      vertex 1.9751571416854858 9.16818571197135 1
      vertex 1.874414287507534 9.16818571197135 1
    endloop
  endfacet
  facet normal -0.14953418367303856 -0.9887565564451333 0
    outer loop
      vertex 1.6874428540468216 9.793985710612365 1.2000000000000002
      vertex 1.5208142846822739 9.819185712507792 1
      vertex 1.6874428540468216 9.793985710612365 1
    endloop
  endfacet
  facet normal 0 1 0
    outer loop
      vertex 1.5208142846822739 9.870528564921447 1.2000000000000002
      vertex 2.0109999999403954 9.870528564921447 1
      vertex 1.5208142846822739 9.870528564921447 1
    endloop
  endfacet
  facet normal 1 0 0
    outer loop
      vertex 1.874414287507534 9.783328571489879 1.2000000000000002
      vertex 1.874414287507534 9.16818571197135 1
      vertex 1.874414287507534 9.783328571489879 1
    endloop
  endfacet
  facet normal 0 -1 0
    outer loop
      vertex 2.0206857174634933 9.080985711089202 1.2000000000000002
      vertex 1.874414287507534 9.080985711089202 1
      vertex 2.0206857174634933 9.080985711089202 1
    endloop
  endfacet
  facet normal -0.12994136651137428 0.9915216796768271 0
    outer loop
      vertex 1.9751571416854858 9.16818571197135 1.2000000000000002
      vertex 2.1174392849206924 9.18683213847024 1
      vertex 1.9751571416854858 9.16818571197135 1
    endloop
  endfacet
  facet normal 0.12884801870759985 -0.9916643525281759 0
    outer loop
      vertex 2.220132142305374 9.106900000146457 1.2000000000000002
      vertex 2.0206857174634933 9.080985711089202 1
      vertex 2.220132142305374 9.106900000146457 1
    endloop
  endfacet
  facet normal -0.49037272274558047 0.8715128184869606 0
    outer loop
      vertex 2.1174392849206924 9.18683213847024 1.2000000000000002
      vertex 2.2168571427464485 9.24277142541749 1
      vertex 2.1174392849206924 9.18683213847024 1
    endloop
  endfacet
  facet normal -0.8588969768899585 0.5121483994793795 0
    outer loop
      vertex 2.2168571427464485 9.24277142541749 1.2000000000000002
      vertex 2.275346428155899 9.340860710612365 1
      vertex 2.2168571427464485 9.24277142541749 1
    endloop
  endfacet
  facet normal 0.46780178270747813 -0.8838334074336099 0
    outer loop
      vertex 2.3670142889022827 9.18464285241706 1.2000000000000002
      vertex 2.220132142305374 9.106900000146457 1
      vertex 2.3670142889022827 9.18464285241706 1
    endloop
  endfacet
  facet normal 0 -1 0
    outer loop
      vertex 1.9693428575992584 9.783328571489879 1.2000000000000002
      vertex 1.874414287507534 9.783328571489879 1
      vertex 1.9693428575992584 9.783328571489879 1
    endloop
  endfacet
  facet normal -0.11323950938283737 -0.9935677196420656 0
    outer loop
      vertex 2.1202249974012375 9.766132139733859 1.2000000000000002
      vertex 1.9693428575992584 9.783328571489879 1
      vertex 2.1202249974012375 9.766132139733859 1
    endloop
  endfacet
  facet normal 0.2585167384913236 0.9660067784026201 0
    outer loop
      vertex 2.0109999999403954 9.870528564921447 1.2000000000000002
      vertex 2.3684714287519455 9.774864279798098 1
      vertex 2.0109999999403954 9.870528564921447 1
    endloop
  endfacet
  facet normal -0.9910894894553476 0.13319768725897024 0
    outer loop
      vertex 2.275346428155899 9.340860710612365 1.2000000000000002
      vertex 2.294842854142189 9.485928566328116 1
      vertex 2.275346428155899 9.340860710612365 1
    endloop
  endfacet
  facet normal -0.9908708163608081 -0.1348147814019876 0
    outer loop
      vertex 2.294842854142189 9.485928566328116 1.2000000000000002
      vertex 2.276192858815193 9.623003565839358 1
      vertex 2.294842854142189 9.485928566328116 1
    endloop
  endfacet
  facet normal -0.853243152900244 -0.5215132999539426 0
    outer loop
      vertex 2.276192858815193 9.623003565839358 1.2000000000000002
      vertex 2.2202428579330444 9.71454285191638 1
      vertex 2.276192858815193 9.623003565839358 1
    endloop
  endfacet
  facet normal -0.45841252147775546 -0.8887395344826324 0
    outer loop
      vertex 2.2202428579330444 9.71454285191638 1.2000000000000002
      vertex 2.1202249974012375 9.766132139733859 1
      vertex 2.2202428579330444 9.71454285191638 1
    endloop
  endfacet
  facet normal 1 0 0
    outer loop
      vertex 1.874414287507534 8.648928568831511 1.2000000000000002
      vertex 1.874414287507534 8.648928568831511 1
      vertex 1.874414287507534 9.080985711089202 1.2000000000000002
    endloop
  endfacet
  facet normal 0 -1 0
    outer loop
      vertex 1.874414287507534 9.080985711089202 1.2000000000000002
      vertex 1.874414287507534 9.080985711089202 1
      vertex 2.0206857174634933 9.080985711089202 1.2000000000000002
    endloop
  endfacet
  facet normal 1 0 0
    outer loop
      vertex 1.874414287507534 9.16818571197135 1.2000000000000002
      vertex 1.874414287507534 9.16818571197135 1
      vertex 1.874414287507534 9.783328571489879 1.2000000000000002
    endloop
  endfacet
  facet normal 0 0 1
    outer loop
      vertex 1.6874428540468216 8.648928568831511 1.2000000000000002
      vertex 1.874414287507534 8.648928568831511 1.2000000000000002
      vertex 1.874414287507534 9.080985711089202 1.2000000000000002
    endloop
  endfacet
  facet normal 0 0 1
    outer loop
      vertex 1.6874428540468216 8.648928568831511 1.2000000000000002
      vertex 1.874414287507534 9.080985711089202 1.2000000000000002
      vertex 1.874414287507534 9.16818571197135 1.2000000000000002
    endloop
  endfacet
  facet normal 0 0 1
    outer loop
      vertex 1.6874428540468216 8.648928568831511 1.2000000000000002
      vertex 1.874414287507534 9.16818571197135 1.2000000000000002
      vertex 1.6874428540468216 9.793985710612365 1.2000000000000002
    endloop
  endfacet
  facet normal 0 0 1
    outer loop
      vertex 1.874414287507534 9.080985711089202 1.2000000000000002
      vertex 1.9751571416854858 9.16818571197135 1.2000000000000002
      vertex 1.874414287507534 9.16818571197135 1.2000000000000002
    endloop
  endfacet
  facet normal -1 0 0
    outer loop
      vertex 1.6874428540468216 8.648928568831511 1.2000000000000002
      vertex 1.6874428540468216 9.793985710612365 1.2000000000000002
      vertex 1.6874428540468216 9.793985710612365 1
    endloop
  endfacet
  facet normal -0.14953418367303856 -0.9887565564451333 0
    outer loop
      vertex 1.5208142846822739 9.819185712507792 1.2000000000000002
      vertex 1.5208142846822739 9.819185712507792 1
      vertex 1.6874428540468216 9.793985710612365 1.2000000000000002
    endloop
  endfacet
  facet normal 0 -1 0
    outer loop
      vertex 1.874414287507534 9.783328571489879 1.2000000000000002
      vertex 1.874414287507534 9.783328571489879 1
      vertex 1.9693428575992584 9.783328571489879 1.2000000000000002
    endloop
  endfacet
  facet normal 0 1 0
    outer loop
      vertex 1.5208142846822739 9.870528564921447 1.2000000000000002
      vertex 2.0109999999403954 9.870528564921447 1.2000000000000002
      vertex 2.0109999999403954 9.870528564921447 1
    endloop
  endfacet
  facet normal 0 0 1
    outer loop
      vertex 1.5208142846822739 9.819185712507792 1.2000000000000002
      vertex 1.6874428540468216 9.793985710612365 1.2000000000000002
      vertex 1.5208142846822739 9.870528564921447 1.2000000000000002
    endloop
  endfacet
  facet normal 0 0 1
    outer loop
      vertex 1.874414287507534 9.16818571197135 1.2000000000000002
      vertex 1.874414287507534 9.783328571489879 1.2000000000000002
      vertex 1.6874428540468216 9.793985710612365 1.2000000000000002
    endloop
  endfacet
  facet normal 0 0 1
    outer loop
      vertex 1.5208142846822739 9.870528564921447 1.2000000000000002
      vertex 1.6874428540468216 9.793985710612365 1.2000000000000002
      vertex 2.0109999999403954 9.870528564921447 1.2000000000000002
    endloop
  endfacet
  facet normal 0 0 1
    outer loop
      vertex 1.6874428540468216 9.793985710612365 1.2000000000000002
      vertex 1.874414287507534 9.783328571489879 1.2000000000000002
      vertex 2.0109999999403954 9.870528564921447 1.2000000000000002
    endloop
  endfacet
  facet normal 0 1 0
    outer loop
      vertex 1.874414287507534 9.16818571197135 1.2000000000000002
      vertex 1.9751571416854858 9.16818571197135 1.2000000000000002
      vertex 1.9751571416854858 9.16818571197135 1
    endloop
  endfacet
  facet normal 0.12884801870759985 -0.9916643525281759 0
    outer loop
      vertex 2.0206857174634933 9.080985711089202 1.2000000000000002
      vertex 2.0206857174634933 9.080985711089202 1
      vertex 2.220132142305374 9.106900000146457 1.2000000000000002
    endloop
  endfacet
  facet normal -0.12994136651137428 0.9915216796768271 0
    outer loop
      vertex 1.9751571416854858 9.16818571197135 1.2000000000000002
      vertex 2.1174392849206924 9.18683213847024 1.2000000000000002
      vertex 2.1174392849206924 9.18683213847024 1
    endloop
  endfacet
  facet normal -0.49037272274558047 0.8715128184869606 0
    outer loop
      vertex 2.1174392849206924 9.18683213847024 1.2000000000000002
      vertex 2.2168571427464485 9.24277142541749 1.2000000000000002
      vertex 2.2168571427464485 9.24277142541749 1
    endloop
  endfacet
  facet normal 0.46780178270747813 -0.8838334074336099 0
    outer loop
      vertex 2.220132142305374 9.106900000146457 1.2000000000000002
      vertex 2.220132142305374 9.106900000146457 1
      vertex 2.3670142889022827 9.18464285241706 1.2000000000000002
    endloop
  endfacet
  facet normal -0.8588969768899585 0.5121483994793795 0
    outer loop
      vertex 2.2168571427464485 9.24277142541749 1.2000000000000002
      vertex 2.275346428155899 9.340860710612365 1.2000000000000002
      vertex 2.275346428155899 9.340860710612365 1
    endloop
  endfacet
  facet normal 0 0 1
    outer loop
      vertex 1.874414287507534 9.080985711089202 1.2000000000000002
      vertex 2.0206857174634933 9.080985711089202 1.2000000000000002
      vertex 1.9751571416854858 9.16818571197135 1.2000000000000002
    endloop
  endfacet
  facet normal 0 0 1
    outer loop
      vertex 1.9751571416854858 9.16818571197135 1.2000000000000002
      vertex 2.0206857174634933 9.080985711089202 1.2000000000000002
      vertex 2.1174392849206924 9.18683213847024 1.2000000000000002
    endloop
  endfacet
  facet normal 0 0 1
    outer loop
      vertex 2.0206857174634933 9.080985711089202 1.2000000000000002
      vertex 2.220132142305374 9.106900000146457 1.2000000000000002
      vertex 2.1174392849206924 9.18683213847024 1.2000000000000002
    endloop
  endfacet
  facet normal 0 0 1
    outer loop
      vertex 2.1174392849206924 9.18683213847024 1.2000000000000002
      vertex 2.220132142305374 9.106900000146457 1.2000000000000002
      vertex 2.2168571427464485 9.24277142541749 1.2000000000000002
    endloop
  endfacet
  facet normal 0 0 1
    outer loop
      vertex 2.220132142305374 9.106900000146457 1.2000000000000002
      vertex 2.3670142889022827 9.18464285241706 1.2000000000000002
      vertex 2.2168571427464485 9.24277142541749 1.2000000000000002
    endloop
  endfacet
  facet normal 0 0 1
    outer loop
      vertex 2.2168571427464485 9.24277142541749 1.2000000000000002
      vertex 2.3670142889022827 9.18464285241706 1.2000000000000002
      vertex 2.275346428155899 9.340860710612365 1.2000000000000002
    endloop
  endfacet
  facet normal -0.11323950938283737 -0.9935677196420656 0
    outer loop
      vertex 2.1202249974012375 9.766132139733859 1.2000000000000002
      vertex 1.9693428575992584 9.783328571489879 1.2000000000000002
      vertex 1.9693428575992584 9.783328571489879 1
    endloop
  endfacet
  facet normal -0.853243152900244 -0.5215132999539426 0
    outer loop
      vertex 2.2202428579330444 9.71454285191638 1.2000000000000002
      vertex 2.2202428579330444 9.71454285191638 1
      vertex 2.276192858815193 9.623003565839358 1.2000000000000002
    endloop
  endfacet
  facet normal -0.9910894894553476 0.13319768725897024 0
    outer loop
      vertex 2.275346428155899 9.340860710612365 1.2000000000000002
      vertex 2.294842854142189 9.485928566328116 1.2000000000000002
      vertex 2.294842854142189 9.485928566328116 1
    endloop
  endfacet
  facet normal -0.9908708163608081 -0.1348147814019876 0
    outer loop
      vertex 2.294842854142189 9.485928566328116 1.2000000000000002
      vertex 2.276192858815193 9.623003565839358 1.2000000000000002
      vertex 2.276192858815193 9.623003565839358 1
    endloop
  endfacet
  facet normal -0.45841252147775546 -0.8887395344826324 0
    outer loop
      vertex 2.1202249974012375 9.766132139733859 1.2000000000000002
      vertex 2.1202249974012375 9.766132139733859 1
      vertex 2.2202428579330444 9.71454285191638 1.2000000000000002
    endloop
  endfacet
  facet normal 0.2585167384913236 0.9660067784026201 0
    outer loop
      vertex 2.0109999999403954 9.870528564921447 1.2000000000000002
      vertex 2.3684714287519455 9.774864279798098 1.2000000000000002
      vertex 2.3684714287519455 9.774864279798098 1
    endloop
  endfacet
  facet normal 0 0 1
    outer loop
      vertex 1.874414287507534 9.783328571489879 1.2000000000000002
      vertex 1.9693428575992584 9.783328571489879 1.2000000000000002
      vertex 2.0109999999403954 9.870528564921447 1.2000000000000002
    endloop
  endfacet
  facet normal 0 0 1
    outer loop
      vertex 2.1202249974012375 9.766132139733859 1.2000000000000002
      vertex 2.0109999999403954 9.870528564921447 1.2000000000000002
      vertex 1.9693428575992584 9.783328571489879 1.2000000000000002
    endloop
  endfacet
  facet normal 0 0 1
    outer loop
      vertex 2.1202249974012375 9.766132139733859 1.2000000000000002
      vertex 2.3684714287519455 9.774864279798098 1.2000000000000002
      vertex 2.0109999999403954 9.870528564921447 1.2000000000000002
    endloop
  endfacet
  facet normal 0 0 1
    outer loop
      vertex 2.1202249974012375 9.766132139733859 1.2000000000000002
      vertex 2.2202428579330444 9.71454285191638 1.2000000000000002
      vertex 2.3684714287519455 9.774864279798098 1.2000000000000002
    endloop
  endfacet
  facet normal 0 0 1
    outer loop
      vertex 2.2202428579330444 9.71454285191638 1.2000000000000002
      vertex 2.276192858815193 9.623003565839358 1.2000000000000002
      vertex 2.3684714287519455 9.774864279798098 1.2000000000000002
    endloop
  endfacet
  facet normal 0 -1 0
    outer loop
      vertex 2.608757145702839 5.71428571747882 1.2000000000000002
      vertex 2.0895000025629997 5.71428571747882 1
      vertex 2.608757145702839 5.71428571747882 1
    endloop
  endfacet
  facet normal 0.15507958840579308 0.9879019795809145 0
    outer loop
      vertex 2.4421285688877106 5.791785718074866 1.2000000000000002
      vertex 2.608757145702839 5.765628577343055 1
      vertex 2.4421285688877106 5.791785718074866 1
    endloop
  endfacet
  facet normal 1 0 0
    outer loop
      vertex 2.608757145702839 5.765628577343055 1.2000000000000002
      vertex 2.608757145702839 5.71428571747882 1
      vertex 2.608757145702839 5.765628577343055 1
    endloop
  endfacet
  facet normal -1 0 0
    outer loop
      vertex 2.7502285689115524 5.71428571747882 1.2000000000000002
      vertex 2.7502285689115524 5.765628577343055 1
      vertex 2.7502285689115524 5.71428571747882 1
    endloop
  endfacet
  facet normal -0.15507958840579308 0.9879019795809145 0
    outer loop
      vertex 2.7502285689115524 5.765628577343055 1.2000000000000002
      vertex 2.9168571457266808 5.791785718074866 1
      vertex 2.7502285689115524 5.765628577343055 1
    endloop
  endfacet
  facet normal -1 0 0
    outer loop
      vertex 2.9168571457266808 5.791785718074866 1.2000000000000002
      vertex 2.9168571457266808 6.9368428598557195 1
      vertex 2.9168571457266808 5.791785718074866 1
    endloop
  endfacet
  facet normal 0 -1 0
    outer loop
      vertex 3.2694857120513916 5.71428571747882 1.2000000000000002
      vertex 2.7502285689115524 5.71428571747882 1
      vertex 3.2694857120513916 5.71428571747882 1
    endloop
  endfacet
  facet normal 1 0 0
    outer loop
      vertex 2.4421285688877106 5.791785718074866 1.2000000000000002
      vertex 2.4421285688877106 5.791785718074866 1
      vertex 2.4421285688877106 6.9368428598557195 1.2000000000000002
    endloop
  endfacet
  facet normal 0.15507958840579308 0.9879019795809145 0
    outer loop
      vertex 2.4421285688877106 5.791785718074866 1.2000000000000002
      vertex 2.608757145702839 5.765628577343055 1.2000000000000002
      vertex 2.608757145702839 5.765628577343055 1
    endloop
  endfacet
  facet normal 1 0 0
    outer loop
      vertex 2.608757145702839 5.71428571747882 1.2000000000000002
      vertex 2.608757145702839 5.71428571747882 1
      vertex 2.608757145702839 5.765628577343055 1.2000000000000002
    endloop
  endfacet
  facet normal 0 0 1
    outer loop
      vertex 2.0895000025629997 5.71428571747882 1.2000000000000002
      vertex 2.608757145702839 5.71428571747882 1.2000000000000002
      vertex 2.4421285688877106 5.791785718074866 1.2000000000000002
    endloop
  endfacet
  facet normal 0 0 1
    outer loop
      vertex 2.4421285688877106 5.791785718074866 1.2000000000000002
      vertex 2.608757145702839 5.71428571747882 1.2000000000000002
      vertex 2.608757145702839 5.765628577343055 1.2000000000000002
    endloop
  endfacet
  facet normal -1 0 0
    outer loop
      vertex 2.7502285689115524 5.71428571747882 1.2000000000000002
      vertex 2.7502285689115524 5.765628577343055 1.2000000000000002
      vertex 2.7502285689115524 5.765628577343055 1
    endloop
  endfacet
  facet normal 0 -1 0
    outer loop
      vertex 2.7502285689115524 5.71428571747882 1.2000000000000002
      vertex 2.7502285689115524 5.71428571747882 1
      vertex 3.2694857120513916 5.71428571747882 1.2000000000000002
    endloop
  endfacet
  facet normal -0.15507958840579308 0.9879019795809145 0
    outer loop
      vertex 2.7502285689115524 5.765628577343055 1.2000000000000002
      vertex 2.9168571457266808 5.791785718074866 1.2000000000000002
      vertex 2.9168571457266808 5.791785718074866 1
    endloop
  endfacet
  facet normal 1 0 0
    outer loop
      vertex 3.102857142686844 5.791785718074866 1.2000000000000002
      vertex 3.102857142686844 5.791785718074866 1
      vertex 3.102857142686844 6.9368428598557195 1.2000000000000002
    endloop
  endfacet
  facet normal 0 0 1
    outer loop
      vertex 2.7502285689115524 5.71428571747882 1.2000000000000002
      vertex 2.9168571457266808 5.791785718074866 1.2000000000000002
      vertex 2.7502285689115524 5.765628577343055 1.2000000000000002
    endloop
  endfacet
  facet normal 0 0 1
    outer loop
      vertex 2.7502285689115524 5.71428571747882 1.2000000000000002
      vertex 3.2694857120513916 5.71428571747882 1.2000000000000002
      vertex 2.9168571457266808 5.791785718074866 1.2000000000000002
    endloop
  endfacet
  facet normal 0 0 1
    outer loop
      vertex 2.9168571457266808 5.791785718074866 1.2000000000000002
      vertex 3.2694857120513916 5.71428571747882 1.2000000000000002
      vertex 3.102857142686844 5.791785718074866 1.2000000000000002
    endloop
  endfacet
  facet normal 0 0 1
    outer loop
      vertex 2.9168571457266808 5.791785718074866 1.2000000000000002
      vertex 3.102857142686844 5.791785718074866 1.2000000000000002
      vertex 2.9168571457266808 6.9368428598557195 1.2000000000000002
    endloop
  endfacet
  facet normal 1 0 0
    outer loop
      vertex 2.4421285688877106 6.9368428598557195 1.2000000000000002
      vertex 2.4421285688877106 5.791785718074866 1
      vertex 2.4421285688877106 6.9368428598557195 1
    endloop
  endfacet
  facet normal 0.14953417713631878 -0.9887565574337114 0
    outer loop
      vertex 2.608757145702839 6.962042861751147 1.2000000000000002
      vertex 2.4421285688877106 6.9368428598557195 1
      vertex 2.608757145702839 6.962042861751147 1
    endloop
  endfacet
  facet normal 1 0 0
    outer loop
      vertex 2.608757145702839 7.0133857141648015 1.2000000000000002
      vertex 2.608757145702839 6.962042861751147 1
      vertex 2.608757145702839 7.0133857141648015 1
    endloop
  endfacet
  facet normal 1 0 0
    outer loop
      vertex 3.102857142686844 6.9368428598557195 1.2000000000000002
      vertex 3.102857142686844 5.791785718074866 1
      vertex 3.102857142686844 6.9368428598557195 1
    endloop
  endfacet
  facet normal -1 0 0
    outer loop
      vertex 2.7502285689115524 6.962042861751147 1.2000000000000002
      vertex 2.7502285689115524 7.0133857141648015 1
      vertex 2.7502285689115524 6.962042861751147 1
    endloop
  endfacet
  facet normal -0.14953417713631878 -0.9887565574337114 0
    outer loop
      vertex 2.9168571457266808 6.9368428598557195 1.2000000000000002
      vertex 2.7502285689115524 6.962042861751147 1
      vertex 2.9168571457266808 6.9368428598557195 1
    endloop
  endfacet
  facet normal 0 1 0
    outer loop
      vertex 2.7502285689115524 7.0133857141648015 1.2000000000000002
      vertex 3.2694857120513916 7.0133857141648015 1
      vertex 2.7502285689115524 7.0133857141648015 1
    endloop
  endfacet
  facet normal 0 0 1
    outer loop
      vertex 2.4421285688877106 5.791785718074866 1.2000000000000002
      vertex 2.4421285688877106 6.9368428598557195 1.2000000000000002
      vertex 2.2561285719275475 6.9368428598557195 1.2000000000000002
    endloop
  endfacet
  facet normal 0 1 0
    outer loop
      vertex 2.0895000025629997 7.0133857141648015 1.2000000000000002
      vertex 2.608757145702839 7.0133857141648015 1.2000000000000002
      vertex 2.608757145702839 7.0133857141648015 1
    endloop
  endfacet
  facet normal 0.14953417713631878 -0.9887565574337114 0
    outer loop
      vertex 2.4421285688877106 6.9368428598557195 1.2000000000000002
      vertex 2.4421285688877106 6.9368428598557195 1
      vertex 2.608757145702839 6.962042861751147 1.2000000000000002
    endloop
  endfacet
  facet normal 1 0 0
    outer loop
      vertex 2.608757145702839 6.962042861751147 1.2000000000000002
      vertex 2.608757145702839 6.962042861751147 1
      vertex 2.608757145702839 7.0133857141648015 1.2000000000000002
    endloop
  endfacet
  facet normal 0 0 1
    outer loop
      vertex 2.0895000025629997 7.0133857141648015 1.2000000000000002
      vertex 2.4421285688877106 6.9368428598557195 1.2000000000000002
      vertex 2.608757145702839 7.0133857141648015 1.2000000000000002
    endloop
  endfacet
  facet normal 0 0 1
    outer loop
      vertex 2.4421285688877106 6.9368428598557195 1.2000000000000002
      vertex 2.608757145702839 6.962042861751147 1.2000000000000002
      vertex 2.608757145702839 7.0133857141648015 1.2000000000000002
    endloop
  endfacet
  facet normal -1 0 0
    outer loop
      vertex 2.9168571457266808 5.791785718074866 1.2000000000000002
      vertex 2.9168571457266808 6.9368428598557195 1.2000000000000002
      vertex 2.9168571457266808 6.9368428598557195 1
    endloop
  endfacet
  facet normal 0 0 1
    outer loop
      vertex 3.102857142686844 5.791785718074866 1.2000000000000002
      vertex 3.102857142686844 6.9368428598557195 1.2000000000000002
      vertex 2.9168571457266808 6.9368428598557195 1.2000000000000002
    endloop
  endfacet
  facet normal -1 0 0
    outer loop
      vertex 2.7502285689115524 6.962042861751147 1.2000000000000002
      vertex 2.7502285689115524 7.0133857141648015 1.2000000000000002
      vertex 2.7502285689115524 7.0133857141648015 1
    endloop
  endfacet
  facet normal -0.14953417713631878 -0.9887565574337114 0
    outer loop
      vertex 2.7502285689115524 6.962042861751147 1.2000000000000002
      vertex 2.7502285689115524 6.962042861751147 1
      vertex 2.9168571457266808 6.9368428598557195 1.2000000000000002
    endloop
  endfacet
  facet normal 0 1 0
    outer loop
      vertex 2.7502285689115524 7.0133857141648015 1.2000000000000002
      vertex 3.2694857120513916 7.0133857141648015 1.2000000000000002
      vertex 3.2694857120513916 7.0133857141648015 1
    endloop
  endfacet
  facet normal 0 0 1
    outer loop
      vertex 2.7502285689115524 6.962042861751147 1.2000000000000002
      vertex 2.9168571457266808 6.9368428598557195 1.2000000000000002
      vertex 2.7502285689115524 7.0133857141648015 1.2000000000000002
    endloop
  endfacet
  facet normal 0 0 1
    outer loop
      vertex 2.9168571457266808 6.9368428598557195 1.2000000000000002
      vertex 3.2694857120513916 7.0133857141648015 1.2000000000000002
      vertex 2.7502285689115524 7.0133857141648015 1.2000000000000002
    endloop
  endfacet
  facet normal 0 0 1
    outer loop
      vertex 2.9168571457266808 6.9368428598557195 1.2000000000000002
      vertex 3.102857142686844 6.9368428598557195 1.2000000000000002
      vertex 3.2694857120513916 7.0133857141648015 1.2000000000000002
    endloop
  endfacet
  facet normal 0.15507959517321107 0.987901978518574 0
    outer loop
      vertex 3.102857142686844 5.791785718074866 1.2000000000000002
      vertex 3.2694857120513916 5.765628577343055 1
      vertex 3.102857142686844 5.791785718074866 1
    endloop
  endfacet
  facet normal 1 0 0
    outer loop
      vertex 3.2694857120513916 5.765628577343055 1.2000000000000002
      vertex 3.2694857120513916 5.71428571747882 1
      vertex 3.2694857120513916 5.765628577343055 1
    endloop
  endfacet
  facet normal -1 0 0
    outer loop
      vertex 3.4109571427106857 5.71428571747882 1.2000000000000002
      vertex 3.4109571427106857 5.765628577343055 1
      vertex 3.4109571427106857 5.71428571747882 1
    endloop
  endfacet
  facet normal -0.15507959517321107 0.987901978518574 0
    outer loop
      vertex 3.4109571427106857 5.765628577343055 1.2000000000000002
      vertex 3.5775857120752335 5.791785718074866 1
      vertex 3.4109571427106857 5.765628577343055 1
    endloop
  endfacet
  facet normal -1 0 0
    outer loop
      vertex 3.5775857120752335 5.791785718074866 1.2000000000000002
      vertex 3.5775857120752335 6.9368428598557195 1
      vertex 3.5775857120752335 5.791785718074866 1
    endloop
  endfacet
  facet normal 0 -1 0
    outer loop
      vertex 3.930214285850525 5.71428571747882 1.2000000000000002
      vertex 3.4109571427106857 5.71428571747882 1
      vertex 3.930214285850525 5.71428571747882 1
    endloop
  endfacet
  facet normal 0.15507959517321107 0.987901978518574 0
    outer loop
      vertex 3.763585716485977 5.791785718074866 1.2000000000000002
      vertex 3.930214285850525 5.765628577343055 1
      vertex 3.763585716485977 5.791785718074866 1
    endloop
  endfacet
  facet normal 1 0 0
    outer loop
      vertex 3.930214285850525 5.765628577343055 1.2000000000000002
      vertex 3.930214285850525 5.71428571747882 1
      vertex 3.930214285850525 5.765628577343055 1
    endloop
  endfacet
  facet normal 0.15507959517321107 0.987901978518574 0
    outer loop
      vertex 3.102857142686844 5.791785718074866 1.2000000000000002
      vertex 3.2694857120513916 5.765628577343055 1.2000000000000002
      vertex 3.2694857120513916 5.765628577343055 1
    endloop
  endfacet
  facet normal 1 0 0
    outer loop
      vertex 3.2694857120513916 5.71428571747882 1.2000000000000002
      vertex 3.2694857120513916 5.71428571747882 1
      vertex 3.2694857120513916 5.765628577343055 1.2000000000000002
    endloop
  endfacet
  facet normal -1 0 0
    outer loop
      vertex 3.4109571427106857 5.71428571747882 1.2000000000000002
      vertex 3.4109571427106857 5.765628577343055 1.2000000000000002
      vertex 3.4109571427106857 5.765628577343055 1
    endloop
  endfacet
  facet normal -0.15507959517321107 0.987901978518574 0
    outer loop
      vertex 3.4109571427106857 5.765628577343055 1.2000000000000002
      vertex 3.5775857120752335 5.791785718074866 1.2000000000000002
      vertex 3.5775857120752335 5.791785718074866 1
    endloop
  endfacet
  facet normal 0 0 1
    outer loop
      vertex 3.102857142686844 5.791785718074866 1.2000000000000002
      vertex 3.2694857120513916 5.71428571747882 1.2000000000000002
      vertex 3.2694857120513916 5.765628577343055 1.2000000000000002
    endloop
  endfacet
  facet normal 0 0 1
    outer loop
      vertex 3.4109571427106857 5.71428571747882 1.2000000000000002
      vertex 3.5775857120752335 5.791785718074866 1.2000000000000002
      vertex 3.4109571427106857 5.765628577343055 1.2000000000000002
    endloop
  endfacet
  facet normal 0 -1 0
    outer loop
      vertex 3.4109571427106857 5.71428571747882 1.2000000000000002
      vertex 3.4109571427106857 5.71428571747882 1
      vertex 3.930214285850525 5.71428571747882 1.2000000000000002
    endloop
  endfacet
  facet normal 0.15507959517321107 0.987901978518574 0
    outer loop
      vertex 3.763585716485977 5.791785718074866 1.2000000000000002
      vertex 3.930214285850525 5.765628577343055 1.2000000000000002
      vertex 3.930214285850525 5.765628577343055 1
    endloop
  endfacet
  facet normal 1 0 0
    outer loop
      vertex 3.930214285850525 5.71428571747882 1.2000000000000002
      vertex 3.930214285850525 5.71428571747882 1
      vertex 3.930214285850525 5.765628577343055 1.2000000000000002
    endloop
  endfacet
  facet normal 1 0 0
    outer loop
      vertex 3.763585716485977 5.791785718074866 1.2000000000000002
      vertex 3.763585716485977 5.791785718074866 1
      vertex 3.763585716485977 6.9368428598557195 1.2000000000000002
    endloop
  endfacet
  facet normal 0 0 1
    outer loop
      vertex 3.4109571427106857 5.71428571747882 1.2000000000000002
      vertex 3.930214285850525 5.71428571747882 1.2000000000000002
      vertex 3.5775857120752335 5.791785718074866 1.2000000000000002
    endloop
  endfacet
  facet normal 0 0 1
    outer loop
      vertex 3.5775857120752335 5.791785718074866 1.2000000000000002
      vertex 3.763585716485977 5.791785718074866 1.2000000000000002
      vertex 3.5775857120752335 6.9368428598557195 1.2000000000000002
    endloop
  endfacet
  facet normal 0 0 1
    outer loop
      vertex 3.5775857120752335 5.791785718074866 1.2000000000000002
      vertex 3.930214285850525 5.71428571747882 1.2000000000000002
      vertex 3.763585716485977 5.791785718074866 1.2000000000000002
    endloop
  endfacet
  facet normal 0 0 1
    outer loop
      vertex 3.763585716485977 5.791785718074866 1.2000000000000002
      vertex 3.930214285850525 5.71428571747882 1.2000000000000002
      vertex 3.930214285850525 5.765628577343055 1.2000000000000002
    endloop
  endfacet
  facet normal 0.14953418367303856 -0.9887565564451333 0
    outer loop
      vertex 3.2694857120513916 6.962042861751147 1.2000000000000002
      vertex 3.102857142686844 6.9368428598557195 1
      vertex 3.2694857120513916 6.962042861751147 1
    endloop
  endfacet
  facet normal 1 0 0
    outer loop
      vertex 3.2694857120513916 7.0133857141648015 1.2000000000000002
      vertex 3.2694857120513916 6.962042861751147 1
      vertex 3.2694857120513916 7.0133857141648015 1
    endloop
  endfacet
  facet normal -1 0 0
    outer loop
      vertex 3.4109571427106857 6.962042861751147 1.2000000000000002
      vertex 3.4109571427106857 7.0133857141648015 1
      vertex 3.4109571427106857 6.962042861751147 1
    endloop
  endfacet
  facet normal -0.14953418367303856 -0.9887565564451333 0
    outer loop
      vertex 3.5775857120752335 6.9368428598557195 1.2000000000000002
      vertex 3.4109571427106857 6.962042861751147 1
      vertex 3.5775857120752335 6.9368428598557195 1
    endloop
  endfacet
  facet normal 1 0 0
    outer loop
      vertex 3.763585716485977 6.9368428598557195 1.2000000000000002
      vertex 3.763585716485977 5.791785718074866 1
      vertex 3.763585716485977 6.9368428598557195 1
    endloop
  endfacet
  facet normal 0 1 0
    outer loop
      vertex 3.4109571427106857 7.0133857141648015 1.2000000000000002
      vertex 3.930214285850525 7.0133857141648015 1
      vertex 3.4109571427106857 7.0133857141648015 1
    endloop
  endfacet
  facet normal 0.14953418367303856 -0.9887565564451333 0
    outer loop
      vertex 3.930214285850525 6.962042861751147 1.2000000000000002
      vertex 3.763585716485977 6.9368428598557195 1
      vertex 3.930214285850525 6.962042861751147 1
    endloop
  endfacet
  facet normal 1 0 0
    outer loop
      vertex 3.930214285850525 7.0133857141648015 1.2000000000000002
      vertex 3.930214285850525 6.962042861751147 1
      vertex 3.930214285850525 7.0133857141648015 1
    endloop
  endfacet
  facet normal 0.14953418367303856 -0.9887565564451333 0
    outer loop
      vertex 3.102857142686844 6.9368428598557195 1.2000000000000002
      vertex 3.102857142686844 6.9368428598557195 1
      vertex 3.2694857120513916 6.962042861751147 1.2000000000000002
    endloop
  endfacet
  facet normal 1 0 0
    outer loop
      vertex 3.2694857120513916 6.962042861751147 1.2000000000000002
      vertex 3.2694857120513916 6.962042861751147 1
      vertex 3.2694857120513916 7.0133857141648015 1.2000000000000002
    endloop
  endfacet
  facet normal -1 0 0
    outer loop
      vertex 3.4109571427106857 6.962042861751147 1.2000000000000002
      vertex 3.4109571427106857 7.0133857141648015 1.2000000000000002
      vertex 3.4109571427106857 7.0133857141648015 1
    endloop
  endfacet
  facet normal -0.14953418367303856 -0.9887565564451333 0
    outer loop
      vertex 3.4109571427106857 6.962042861751147 1.2000000000000002
      vertex 3.4109571427106857 6.962042861751147 1
      vertex 3.5775857120752335 6.9368428598557195 1.2000000000000002
    endloop
  endfacet
  facet normal 0 0 1
    outer loop
      vertex 3.102857142686844 6.9368428598557195 1.2000000000000002
      vertex 3.2694857120513916 6.962042861751147 1.2000000000000002
      vertex 3.2694857120513916 7.0133857141648015 1.2000000000000002
    endloop
  endfacet
  facet normal 0 0 1
    outer loop
      vertex 3.4109571427106857 6.962042861751147 1.2000000000000002
      vertex 3.5775857120752335 6.9368428598557195 1.2000000000000002
      vertex 3.4109571427106857 7.0133857141648015 1.2000000000000002
    endloop
  endfacet
  facet normal -1 0 0
    outer loop
      vertex 3.5775857120752335 5.791785718074866 1.2000000000000002
      vertex 3.5775857120752335 6.9368428598557195 1.2000000000000002
      vertex 3.5775857120752335 6.9368428598557195 1
    endloop
  endfacet
  facet normal 0 0 1
    outer loop
      vertex 3.763585716485977 5.791785718074866 1.2000000000000002
      vertex 3.763585716485977 6.9368428598557195 1.2000000000000002
      vertex 3.5775857120752335 6.9368428598557195 1.2000000000000002
    endloop
  endfacet
  facet normal 0 1 0
    outer loop
      vertex 3.4109571427106857 7.0133857141648015 1.2000000000000002
      vertex 3.930214285850525 7.0133857141648015 1.2000000000000002
      vertex 3.930214285850525 7.0133857141648015 1
    endloop
  endfacet
  facet normal 0.14953418367303856 -0.9887565564451333 0
    outer loop
      vertex 3.763585716485977 6.9368428598557195 1.2000000000000002
      vertex 3.763585716485977 6.9368428598557195 1
      vertex 3.930214285850525 6.962042861751147 1.2000000000000002
    endloop
  endfacet
  facet normal 1 0 0
    outer loop
      vertex 3.930214285850525 6.962042861751147 1.2000000000000002
      vertex 3.930214285850525 6.962042861751147 1
      vertex 3.930214285850525 7.0133857141648015 1.2000000000000002
    endloop
  endfacet
  facet normal 0 0 1
    outer loop
      vertex 3.4109571427106857 7.0133857141648015 1.2000000000000002
      vertex 3.5775857120752335 6.9368428598557195 1.2000000000000002
      vertex 3.763585716485977 6.9368428598557195 1.2000000000000002
    endloop
  endfacet
  facet normal 0 0 1
    outer loop
      vertex 3.4109571427106857 7.0133857141648015 1.2000000000000002
      vertex 3.763585716485977 6.9368428598557195 1.2000000000000002
      vertex 3.930214285850525 7.0133857141648015 1.2000000000000002
    endloop
  endfacet
  facet normal 0 0 1
    outer loop
      vertex 3.763585716485977 6.9368428598557195 1.2000000000000002
      vertex 3.930214285850525 6.962042861751147 1.2000000000000002
      vertex 3.930214285850525 7.0133857141648015 1.2000000000000002
    endloop
  endfacet
  facet normal -1 0 0
    outer loop
      vertex 2.624285712838173 8.571428568235465 1.2000000000000002
      vertex 2.624285712838173 8.6227714280997 1
      vertex 2.624285712838173 8.571428568235465 1
    endloop
  endfacet
  facet normal -0.15507959517321107 0.987901978518574 0
    outer loop
      vertex 2.624285712838173 8.6227714280997 1.2000000000000002
      vertex 2.7909142822027206 8.648928568831511 1
      vertex 2.624285712838173 8.6227714280997 1
    endloop
  endfacet
  facet normal 0 -1 0
    outer loop
      vertex 3.06700000166893 8.571428568235465 1.2000000000000002
      vertex 2.624285712838173 8.571428568235465 1
      vertex 3.06700000166893 8.571428568235465 1
    endloop
  endfacet
  facet normal 0.1483483647139306 0.9889351660683843 0
    outer loop
      vertex 2.8926285728812218 8.648928568831511 1.2000000000000002
      vertex 3.06700000166893 8.6227714280997 1
      vertex 2.8926285728812218 8.648928568831511 1
    endloop
  endfacet
  facet normal 1 0 0
    outer loop
      vertex 3.06700000166893 8.6227714280997 1.2000000000000002
      vertex 3.06700000166893 8.571428568235465 1
      vertex 3.06700000166893 8.6227714280997 1
    endloop
  endfacet
  facet normal -1 0 0
    outer loop
      vertex 2.624285712838173 8.571428568235465 1.2000000000000002
      vertex 2.624285712838173 8.6227714280997 1.2000000000000002
      vertex 2.624285712838173 8.6227714280997 1
    endloop
  endfacet
  facet normal -0.15507959517321107 0.987901978518574 0
    outer loop
      vertex 2.624285712838173 8.6227714280997 1.2000000000000002
      vertex 2.7909142822027206 8.648928568831511 1.2000000000000002
      vertex 2.7909142822027206 8.648928568831511 1
    endloop
  endfacet
  facet normal 0 0 1
    outer loop
      vertex 2.624285712838173 8.571428568235465 1.2000000000000002
      vertex 2.7909142822027206 8.648928568831511 1.2000000000000002
      vertex 2.624285712838173 8.6227714280997 1.2000000000000002
    endloop
  endfacet
  facet normal 0 -1 0
    outer loop
      vertex 2.624285712838173 8.571428568235465 1.2000000000000002
      vertex 2.624285712838173 8.571428568235465 1
      vertex 3.06700000166893 8.571428568235465 1.2000000000000002
    endloop
  endfacet
  facet normal 0.1483483647139306 0.9889351660683843 0
    outer loop
      vertex 2.8926285728812218 8.648928568831511 1.2000000000000002
      vertex 3.06700000166893 8.6227714280997 1.2000000000000002
      vertex 3.06700000166893 8.6227714280997 1
    endloop
  endfacet
  facet normal 1 0 0
    outer loop
      vertex 3.06700000166893 8.571428568235465 1.2000000000000002
      vertex 3.06700000166893 8.571428568235465 1
      vertex 3.06700000166893 8.6227714280997 1.2000000000000002
    endloop
  endfacet
  facet normal 0 0 1
    outer loop
      vertex 2.624285712838173 8.571428568235465 1.2000000000000002
      vertex 3.06700000166893 8.571428568235465 1.2000000000000002
      vertex 2.7909142822027206 8.648928568831511 1.2000000000000002
    endloop
  endfacet
  facet normal 0 0 1
    outer loop
      vertex 2.7909142822027206 8.648928568831511 1.2000000000000002
      vertex 3.06700000166893 8.571428568235465 1.2000000000000002
      vertex 2.8926285728812218 8.648928568831511 1.2000000000000002
    endloop
  endfacet
  facet normal 0 0 1
    outer loop
      vertex 2.8926285728812218 8.648928568831511 1.2000000000000002
      vertex 3.06700000166893 8.571428568235465 1.2000000000000002
      vertex 3.06700000166893 8.6227714280997 1.2000000000000002
    endloop
  endfacet
  facet normal 0.815867437126146 -0.578238986092441 0
    outer loop
      vertex 2.457474999129772 9.312278569809028 1.2000000000000002
      vertex 2.3670142889022827 9.18464285241706 1
      vertex 2.457474999129772 9.312278569809028 1
    endloop
  endfacet
  facet normal 0.9235597175085355 0.38345462338528924 0
    outer loop
      vertex 2.3684714287519455 9.774864279798098 1.2000000000000002
      vertex 2.487628571689129 9.487871424428054 1
      vertex 2.3684714287519455 9.774864279798098 1
    endloop
  endfacet
  facet normal 0.9855736639003683 -0.1692470177758056 0
    outer loop
      vertex 2.487628571689129 9.487871424428054 1.2000000000000002
      vertex 2.457474999129772 9.312278569809028 1
      vertex 2.487628571689129 9.487871424428054 1
    endloop
  endfacet
  facet normal -1 0 0
    outer loop
      vertex 2.624285712838173 9.819185712507792 1.2000000000000002
      vertex 2.624285712838173 9.870528564921447 1
      vertex 2.624285712838173 9.819185712507792 1
    endloop
  endfacet
  facet normal -0.14953418367303856 -0.9887565564451333 0
    outer loop
      vertex 2.7909142822027206 9.793985710612365 1.2000000000000002
      vertex 2.624285712838173 9.819185712507792 1
      vertex 2.7909142822027206 9.793985710612365 1
    endloop
  endfacet
  facet normal -1 0 0
    outer loop
      vertex 2.7909142822027206 9.793985710612365 1.2000000000000002
      vertex 2.7909142822027206 9.793985710612365 1
      vertex 2.7909142822027206 8.648928568831511 1
    endloop
  endfacet
  facet normal 1 0 0
    outer loop
      vertex 2.8926285728812218 9.739742853811808 1.2000000000000002
      vertex 2.8926285728812218 8.648928568831511 1
      vertex 2.8926285728812218 9.739742853811808 1
    endloop
  endfacet
  facet normal 0 1 0
    outer loop
      vertex 2.624285712838173 9.870528564921447 1.2000000000000002
      vertex 3.0175999999046326 9.870528564921447 1
      vertex 2.624285712838173 9.870528564921447 1
    endloop
  endfacet
  facet normal 0.815867437126146 -0.578238986092441 0
    outer loop
      vertex 2.3670142889022827 9.18464285241706 1.2000000000000002
      vertex 2.3670142889022827 9.18464285241706 1
      vertex 2.457474999129772 9.312278569809028 1.2000000000000002
    endloop
  endfacet
  facet normal 0.9855736639003683 -0.1692470177758056 0
    outer loop
      vertex 2.457474999129772 9.312278569809028 1.2000000000000002
      vertex 2.457474999129772 9.312278569809028 1
      vertex 2.487628571689129 9.487871424428054 1.2000000000000002
    endloop
  endfacet
  facet normal 0 0 1
    outer loop
      vertex 2.275346428155899 9.340860710612365 1.2000000000000002
      vertex 2.3670142889022827 9.18464285241706 1.2000000000000002
      vertex 2.457474999129772 9.312278569809028 1.2000000000000002
    endloop
  endfacet
  facet normal 0.9235597175085355 0.38345462338528924 0
    outer loop
      vertex 2.487628571689129 9.487871424428054 1.2000000000000002
      vertex 2.487628571689129 9.487871424428054 1
      vertex 2.3684714287519455 9.774864279798098 1.2000000000000002
    endloop
  endfacet
  facet normal -1 0 0
    outer loop
      vertex 2.624285712838173 9.819185712507792 1.2000000000000002
      vertex 2.624285712838173 9.870528564921447 1.2000000000000002
      vertex 2.624285712838173 9.870528564921447 1
    endloop
  endfacet
  facet normal -0.14953418367303856 -0.9887565564451333 0
    outer loop
      vertex 2.624285712838173 9.819185712507792 1.2000000000000002
      vertex 2.624285712838173 9.819185712507792 1
      vertex 2.7909142822027206 9.793985710612365 1.2000000000000002
    endloop
  endfacet
  facet normal 0 0 1
    outer loop
      vertex 2.275346428155899 9.340860710612365 1.2000000000000002
      vertex 2.457474999129772 9.312278569809028 1.2000000000000002
      vertex 2.294842854142189 9.485928566328116 1.2000000000000002
    endloop
  endfacet
  facet normal 0 0 1
    outer loop
      vertex 2.294842854142189 9.485928566328116 1.2000000000000002
      vertex 2.457474999129772 9.312278569809028 1.2000000000000002
      vertex 2.487628571689129 9.487871424428054 1.2000000000000002
    endloop
  endfacet
  facet normal 0 0 1
    outer loop
      vertex 2.294842854142189 9.485928566328116 1.2000000000000002
      vertex 2.487628571689129 9.487871424428054 1.2000000000000002
      vertex 2.276192858815193 9.623003565839358 1.2000000000000002
    endloop
  endfacet
  facet normal 0 0 1
    outer loop
      vertex 2.276192858815193 9.623003565839358 1.2000000000000002
      vertex 2.487628571689129 9.487871424428054 1.2000000000000002
      vertex 2.3684714287519455 9.774864279798098 1.2000000000000002
    endloop
  endfacet
  facet normal 0 0 1
    outer loop
      vertex 2.624285712838173 9.819185712507792 1.2000000000000002
      vertex 2.7909142822027206 9.793985710612365 1.2000000000000002
      vertex 2.624285712838173 9.870528564921447 1.2000000000000002
    endloop
  endfacet
  facet normal -1 0 0
    outer loop
      vertex 2.7909142822027206 8.648928568831511 1.2000000000000002
      vertex 2.7909142822027206 9.793985710612365 1.2000000000000002
      vertex 2.7909142822027206 8.648928568831511 1
    endloop
  endfacet
  facet normal 1 0 0
    outer loop
      vertex 2.8926285728812218 8.648928568831511 1.2000000000000002
      vertex 2.8926285728812218 8.648928568831511 1
      vertex 2.8926285728812218 9.739742853811808 1.2000000000000002
    endloop
  endfacet
  facet normal 0 0 1
    outer loop
      vertex 2.7909142822027206 8.648928568831511 1.2000000000000002
      vertex 2.8926285728812218 8.648928568831511 1.2000000000000002
      vertex 2.8926285728812218 9.739742853811808 1.2000000000000002
    endloop
  endfacet
  facet normal 0 1 0
    outer loop
      vertex 2.624285712838173 9.870528564921447 1.2000000000000002
      vertex 3.0175999999046326 9.870528564921447 1.2000000000000002
      vertex 3.0175999999046326 9.870528564921447 1
    endloop
  endfacet
  facet normal 0 0 1
    outer loop
      vertex 2.7909142822027206 8.648928568831511 1.2000000000000002
      vertex 2.8926285728812218 9.739742853811808 1.2000000000000002
      vertex 2.7909142822027206 9.793985710612365 1.2000000000000002
    endloop
  endfacet
  facet normal 0 0 1
    outer loop
      vertex 2.624285712838173 9.870528564921447 1.2000000000000002
      vertex 2.7909142822027206 9.793985710612365 1.2000000000000002
      vertex 3.0175999999046326 9.870528564921447 1.2000000000000002
    endloop
  endfacet
  facet normal 0 0 1
    outer loop
      vertex 2.8926285728812218 9.739742853811808 1.2000000000000002
      vertex 3.0175999999046326 9.870528564921447 1.2000000000000002
      vertex 2.7909142822027206 9.793985710612365 1.2000000000000002
    endloop
  endfacet
  facet normal 0 -1 0
    outer loop
      vertex 3.7877571433782578 8.571428568235465 1.2000000000000002
      vertex 3.693785712122917 8.571428568235465 1
      vertex 3.7877571433782578 8.571428568235465 1
    endloop
  endfacet
  facet normal 0 -1 0
    outer loop
      vertex 3.693785712122917 8.571428568235465 1.2000000000000002
      vertex 3.693785712122917 8.571428568235465 1
      vertex 3.7877571433782578 8.571428568235465 1.2000000000000002
    endloop
  endfacet
  facet normal -0.8247198491999481 -0.5655414841862749 0
    outer loop
      vertex 3.693785712122917 8.571428568235465 1.2000000000000002
      vertex 2.8926285728812218 9.739742853811808 1
      vertex 3.693785712122917 8.571428568235465 1
    endloop
  endfacet
  facet normal 0.8212128096480882 0.5706220476549192 0
    outer loop
      vertex 3.0175999999046326 9.870528564921447 1.2000000000000002
      vertex 3.6860285699367523 8.908557140401431 1
      vertex 3.0175999999046326 9.870528564921447 1
    endloop
  endfacet
  facet normal -1 0 0
    outer loop
      vertex 3.511657141149044 9.819185712507792 1.2000000000000002
      vertex 3.511657141149044 9.870528564921447 1
      vertex 3.511657141149044 9.819185712507792 1
    endloop
  endfacet
  facet normal -1 0 0
    outer loop
      vertex 3.6860285699367523 8.908557140401431 1.2000000000000002
      vertex 3.6860285699367523 9.793985710612365 1
      vertex 3.6860285699367523 8.908557140401431 1
    endloop
  endfacet
  facet normal -0.14303313978089902 -0.9897178996685965 0
    outer loop
      vertex 3.6860285699367523 9.793985710612365 1.2000000000000002
      vertex 3.511657141149044 9.819185712507792 1
      vertex 3.6860285699367523 9.793985710612365 1
    endloop
  endfacet
  facet normal 0 1 0
    outer loop
      vertex 3.511657141149044 9.870528564921447 1.2000000000000002
      vertex 3.9543857127428055 9.870528564921447 1
      vertex 3.511657141149044 9.870528564921447 1
    endloop
  endfacet
  facet normal 1 0 0
    outer loop
      vertex 3.7877571433782578 9.793985710612365 1.2000000000000002
      vertex 3.7877571433782578 8.571428568235465 1
      vertex 3.7877571433782578 9.793985710612365 1
    endloop
  endfacet
  facet normal 0.14953418367303856 -0.9887565564451333 0
    outer loop
      vertex 3.9543857127428055 9.819185712507792 1.2000000000000002
      vertex 3.7877571433782578 9.793985710612365 1
      vertex 3.9543857127428055 9.819185712507792 1
    endloop
  endfacet
  facet normal -0.8247198491999481 -0.5655414841862749 0
    outer loop
      vertex 2.8926285728812218 9.739742853811808 1.2000000000000002
      vertex 2.8926285728812218 9.739742853811808 1
      vertex 3.693785712122917 8.571428568235465 1.2000000000000002
    endloop
  endfacet
  facet normal 0.8212128096480882 0.5706220476549192 0
    outer loop
      vertex 3.0175999999046326 9.870528564921447 1.2000000000000002
      vertex 3.6860285699367523 8.908557140401431 1.2000000000000002
      vertex 3.6860285699367523 8.908557140401431 1
    endloop
  endfacet
  facet normal 0 0 1
    outer loop
      vertex 2.8926285728812218 9.739742853811808 1.2000000000000002
      vertex 3.693785712122917 8.571428568235465 1.2000000000000002
      vertex 3.7877571433782578 8.571428568235465 1.2000000000000002
    endloop
  endfacet
  facet normal 0 0 1
    outer loop
      vertex 2.8926285728812218 9.739742853811808 1.2000000000000002
      vertex 3.7877571433782578 8.571428568235465 1.2000000000000002
      vertex 3.6860285699367523 8.908557140401431 1.2000000000000002
    endloop
  endfacet
  facet normal -1 0 0
    outer loop
      vertex 3.511657141149044 9.819185712507792 1.2000000000000002
      vertex 3.511657141149044 9.870528564921447 1.2000000000000002
      vertex 3.511657141149044 9.870528564921447 1
    endloop
  endfacet
  facet normal 0 0 1
    outer loop
      vertex 2.8926285728812218 9.739742853811808 1.2000000000000002
      vertex 3.6860285699367523 8.908557140401431 1.2000000000000002
      vertex 3.0175999999046326 9.870528564921447 1.2000000000000002
    endloop
  endfacet
  facet normal 1 0 0
    outer loop
      vertex 3.7877571433782578 8.571428568235465 1.2000000000000002
      vertex 3.7877571433782578 8.571428568235465 1
      vertex 3.7877571433782578 9.793985710612365 1.2000000000000002
    endloop
  endfacet
  facet normal 0 0 1
    outer loop
      vertex 3.7877571433782578 8.571428568235465 1.2000000000000002
      vertex 3.7877571433782578 9.793985710612365 1.2000000000000002
      vertex 3.6860285699367523 8.908557140401431 1.2000000000000002
    endloop
  endfacet
  facet normal -1 0 0
    outer loop
      vertex 3.6860285699367523 8.908557140401431 1.2000000000000002
      vertex 3.6860285699367523 9.793985710612365 1.2000000000000002
      vertex 3.6860285699367523 9.793985710612365 1
    endloop
  endfacet
  facet normal -0.14303313978089902 -0.9897178996685965 0
    outer loop
      vertex 3.511657141149044 9.819185712507792 1.2000000000000002
      vertex 3.511657141149044 9.819185712507792 1
      vertex 3.6860285699367523 9.793985710612365 1.2000000000000002
    endloop
  endfacet
  facet normal 0.14953418367303856 -0.9887565564451333 0
    outer loop
      vertex 3.7877571433782578 9.793985710612365 1.2000000000000002
      vertex 3.7877571433782578 9.793985710612365 1
      vertex 3.9543857127428055 9.819185712507792 1.2000000000000002
    endloop
  endfacet
  facet normal 0 1 0
    outer loop
      vertex 3.511657141149044 9.870528564921447 1.2000000000000002
      vertex 3.9543857127428055 9.870528564921447 1.2000000000000002
      vertex 3.9543857127428055 9.870528564921447 1
    endloop
  endfacet
  facet normal 0 0 1
    outer loop
      vertex 3.6860285699367523 8.908557140401431 1.2000000000000002
      vertex 3.7877571433782578 9.793985710612365 1.2000000000000002
      vertex 3.6860285699367523 9.793985710612365 1.2000000000000002
    endloop
  endfacet
  facet normal 0 0 1
    outer loop
      vertex 3.511657141149044 9.819185712507792 1.2000000000000002
      vertex 3.6860285699367523 9.793985710612365 1.2000000000000002
      vertex 3.511657141149044 9.870528564921447 1.2000000000000002
    endloop
  endfacet
  facet normal 0 0 1
    outer loop
      vertex 3.511657141149044 9.870528564921447 1.2000000000000002
      vertex 3.6860285699367523 9.793985710612365 1.2000000000000002
      vertex 3.7877571433782578 9.793985710612365 1.2000000000000002
    endloop
  endfacet
  facet normal 0 0 1
    outer loop
      vertex 3.511657141149044 9.870528564921447 1.2000000000000002
      vertex 3.7877571433782578 9.793985710612365 1.2000000000000002
      vertex 3.9543857127428055 9.870528564921447 1.2000000000000002
    endloop
  endfacet
  facet normal 0 0 1
    outer loop
      vertex 3.7877571433782578 9.793985710612365 1.2000000000000002
      vertex 3.9543857127428055 9.819185712507792 1.2000000000000002
      vertex 3.9543857127428055 9.870528564921447 1.2000000000000002
    endloop
  endfacet
  facet normal 0 0 -1
    outer loop
      vertex -2.495904289186001 14.285714284649917 0.9
      vertex -2.495904289186001 14.378131427935191 0.9
      vertex -2.1959728598594666 14.425214284232684 0.9
    endloop
  endfacet
  facet normal 0 0 -1
    outer loop
      vertex -2.495904289186001 14.285714284649917 0.9
      vertex -2.1959728598594666 14.425214284232684 0.9
      vertex -1.6990185678005219 14.285714284649917 0.9
    endloop
  endfacet
  facet normal 0 0 -1
    outer loop
      vertex -1.6990185678005219 14.285714284649917 0.9
      vertex -2.012887142598629 14.425214284232684 0.9
      vertex -1.6990185678005219 14.378131427935191 0.9
    endloop
  endfacet
  facet normal 0 0 -1
    outer loop
      vertex -2.1959728598594666 14.425214284232684 0.9
      vertex -2.012887142598629 14.425214284232684 0.9
      vertex -1.6990185678005219 14.285714284649917 0.9
    endloop
  endfacet
  facet normal 0 0 -1
    outer loop
      vertex -1.1567042842507362 14.285714284649917 0.9
      vertex -2.012887142598629 16.296262853911944 0.9
      vertex -1.0956842824816704 14.285714284649917 0.9
    endloop
  endfacet
  facet normal 0 0 -1
    outer loop
      vertex -0.4766385704278946 14.285714284649917 0.9
      vertex -0.4766385704278946 14.378131427935191 0.9
      vertex -0.16277000308036804 14.425214284232684 0.9
    endloop
  endfacet
  facet normal 0 0 -1
    outer loop
      vertex -0.4766385704278946 14.285714284649917 0.9
      vertex -0.16277000308036804 14.425214284232684 0.9
      vertex 0 14.285714284649917 0.9
    endloop
  endfacet
  facet normal -1 0 0
    outer loop
      vertex -2.495904289186001 14.285714284649917 0.9
      vertex -2.495904289186001 14.378131427935191 1.2000000000000002
      vertex -2.495904289186001 14.378131427935191 0.9
    endloop
  endfacet
  facet normal 0 -1 0
    outer loop
      vertex -2.495904289186001 14.285714284649917 0.9
      vertex -1.6990185678005219 14.285714284649917 0.9
      vertex -2.495904289186001 14.285714284649917 1.2000000000000002
    endloop
  endfacet
  facet normal -0.1550796024974974 0.9879019773688168 0
    outer loop
      vertex -2.495904289186001 14.378131427935191 0.9
      vertex -2.1959728598594666 14.425214284232684 1.2000000000000002
      vertex -2.1959728598594666 14.425214284232684 0.9
    endloop
  endfacet
  facet normal 1 0 0
    outer loop
      vertex -1.6990185678005219 14.285714284649917 0.9
      vertex -1.6990185678005219 14.378131427935191 0.9
      vertex -1.6990185678005219 14.285714284649917 1.2000000000000002
    endloop
  endfacet
  facet normal 0.14834837251978558 0.988935164897442 0
    outer loop
      vertex -1.6990185678005219 14.378131427935191 0.9
      vertex -2.012887142598629 14.425214284232684 0.9
      vertex -1.6990185678005219 14.378131427935191 1.2000000000000002
    endloop
  endfacet
  facet normal 0 -1 0
    outer loop
      vertex -1.1567042842507362 14.285714284649917 0.9
      vertex -1.0956842824816704 14.285714284649917 0.9
      vertex -1.1567042842507362 14.285714284649917 1.2000000000000002
    endloop
  endfacet
  facet normal -1 0 0
    outer loop
      vertex -2.495904289186001 14.285714284649917 0.9
      vertex -2.495904289186001 14.285714284649917 1.2000000000000002
      vertex -2.495904289186001 14.378131427935191 1.2000000000000002
    endloop
  endfacet
  facet normal -0.1550796024974974 0.9879019773688168 0
    outer loop
      vertex -2.495904289186001 14.378131427935191 0.9
      vertex -2.495904289186001 14.378131427935191 1.2000000000000002
      vertex -2.1959728598594666 14.425214284232684 1.2000000000000002
    endloop
  endfacet
  facet normal 0 -1 0
    outer loop
      vertex -1.6990185678005219 14.285714284649917 0.9
      vertex -1.6990185678005219 14.285714284649917 1.2000000000000002
      vertex -2.495904289186001 14.285714284649917 1.2000000000000002
    endloop
  endfacet
  facet normal 1 0 0
    outer loop
      vertex -1.6990185678005219 14.378131427935191 0.9
      vertex -1.6990185678005219 14.378131427935191 1.2000000000000002
      vertex -1.6990185678005219 14.285714284649917 1.2000000000000002
    endloop
  endfacet
  facet normal 0.14834837251978558 0.988935164897442 0
    outer loop
      vertex -2.012887142598629 14.425214284232684 0.9
      vertex -2.012887142598629 14.425214284232684 1.2000000000000002
      vertex -1.6990185678005219 14.378131427935191 1.2000000000000002
    endloop
  endfacet
  facet normal 0 0 1
    outer loop
      vertex -2.495904289186001 14.285714284649917 1.2000000000000002
      vertex -2.1959728598594666 14.425214284232684 1.2000000000000002
      vertex -2.495904289186001 14.378131427935191 1.2000000000000002
    endloop
  endfacet
  facet normal 0 0 1
    outer loop
      vertex -2.495904289186001 14.285714284649917 1.2000000000000002
      vertex -1.6990185678005219 14.285714284649917 1.2000000000000002
      vertex -2.1959728598594666 14.425214284232684 1.2000000000000002
    endloop
  endfacet
  facet normal 0 0 1
    outer loop
      vertex -1.6990185678005219 14.285714284649917 1.2000000000000002
      vertex -1.6990185678005219 14.378131427935191 1.2000000000000002
      vertex -2.012887142598629 14.425214284232684 1.2000000000000002
    endloop
  endfacet
  facet normal 0 0 1
    outer loop
      vertex -2.1959728598594666 14.425214284232684 1.2000000000000002
      vertex -1.6990185678005219 14.285714284649917 1.2000000000000002
      vertex -2.012887142598629 14.425214284232684 1.2000000000000002
    endloop
  endfacet
  facet normal -0.9200506874415427 -0.3917993523965357 0
    outer loop
      vertex -1.1567042842507362 14.285714284649917 0.9
      vertex -1.1567042842507362 14.285714284649917 1.2000000000000002
      vertex -2.012887142598629 16.296262853911944 1.2000000000000002
    endloop
  endfacet
  facet normal 0 -1 0
    outer loop
      vertex -1.0956842824816704 14.285714284649917 0.9
      vertex -1.0956842824816704 14.285714284649917 1.2000000000000002
      vertex -1.1567042842507362 14.285714284649917 1.2000000000000002
    endloop
  endfacet
  facet normal 0 0 1
    outer loop
      vertex -1.1567042842507362 14.285714284649917 1.2000000000000002
      vertex -1.0956842824816704 14.285714284649917 1.2000000000000002
      vertex -2.012887142598629 16.296262853911944 1.2000000000000002
    endloop
  endfacet
  facet normal -0.9874404709348982 -0.15799150723968203 0
    outer loop
      vertex 0.2657071426510811 11.787610710731574 1.2000000000000002
      vertex 0.2216285690665245 12.063099996319838 1
      vertex 0.2657071426510811 11.787610710731574 1
    endloop
  endfacet
  facet normal -0.9897944766951832 0.14250225929334764 0
    outer loop
      vertex 0.2216285690665245 12.063099996319838 1.2000000000000002
      vertex 0.2640107125043869 12.35747856753213 1
      vertex 0.2216285690665245 12.063099996319838 1
    endloop
  endfacet
  facet normal -0.8584031590736568 0.5129756490247528 0
    outer loop
      vertex 0.2640107125043869 12.35747856753213 1.2000000000000002
      vertex 0.3911571428179741 12.570242853036948 1
      vertex 0.2640107125043869 12.35747856753213 1
    endloop
  endfacet
  facet normal -0.8420930493852727 -0.5393322688074695 0
    outer loop
      vertex 0.3979428559541702 11.581142858735152 1.2000000000000002
      vertex 0.2657071426510811 11.787610710731574 1
      vertex 0.3979428559541702 11.581142858735152 1
    endloop
  endfacet
  facet normal 0.89750545327994 0.4410033575073655 0
    outer loop
      vertex 0.4540107175707817 11.815589280000754 1.2000000000000002
      vertex 0.5437428578734398 11.632971429399081 1
      vertex 0.4540107175707817 11.815589280000754 1
    endloop
  endfacet
  facet normal -0.5211469882408956 -0.8534669393992036 0
    outer loop
      vertex 0.6091321408748627 11.452185713819095 1.2000000000000002
      vertex 0.3979428559541702 11.581142858735152 1
      vertex 0.6091321408748627 11.452185713819095 1
    endloop
  endfacet
  facet normal 0.6059528968841473 0.795500525931762 0
    outer loop
      vertex 0.5437428578734398 11.632971429399081 1.2000000000000002
      vertex 0.6906321421265602 11.521082141569682 1
      vertex 0.5437428578734398 11.632971429399081 1
    endloop
  endfacet
  facet normal 0.9928879970612955 0.11905219566059634 0
    outer loop
      vertex 0.42409999668598175 12.065042854419776 1.2000000000000002
      vertex 0.4540107175707817 11.815589280000754 1
      vertex 0.42409999668598175 12.065042854419776 1
    endloop
  endfacet
  facet normal 0.9943155949806928 -0.10647298989974335 0
    outer loop
      vertex 0.4526785686612129 12.331928567162581 1.2000000000000002
      vertex 0.42409999668598175 12.065042854419776 1
      vertex 0.4526785686612129 12.331928567162581 1
    endloop
  endfacet
  facet normal 0.9085786901813488 -0.4177137342108164 0
    outer loop
      vertex 0.5384142845869064 12.51841428237302 1.2000000000000002
      vertex 0.4526785686612129 12.331928567162581 1
      vertex 0.5384142845869064 12.51841428237302 1
    endloop
  endfacet
  facet normal -0.8420930493852727 -0.5393322688074695 0
    outer loop
      vertex 0.2657071426510811 11.787610710731574 1.2000000000000002
      vertex 0.2657071426510811 11.787610710731574 1
      vertex 0.3979428559541702 11.581142858735152 1.2000000000000002
    endloop
  endfacet
  facet normal -0.9874404709348982 -0.15799150723968203 0
    outer loop
      vertex 0.2657071426510811 11.787610710731574 1.2000000000000002
      vertex 0.2216285690665245 12.063099996319838 1.2000000000000002
      vertex 0.2216285690665245 12.063099996319838 1
    endloop
  endfacet
  facet normal -0.9897944766951832 0.14250225929334764 0
    outer loop
      vertex 0.2216285690665245 12.063099996319838 1.2000000000000002
      vertex 0.2640107125043869 12.35747856753213 1.2000000000000002
      vertex 0.2640107125043869 12.35747856753213 1
    endloop
  endfacet
  facet normal 0 0 1
    outer loop
      vertex 0.2657071426510811 11.787610710731574 1.2000000000000002
      vertex 0.42409999668598175 12.065042854419776 1.2000000000000002
      vertex 0.2216285690665245 12.063099996319838 1.2000000000000002
    endloop
  endfacet
  facet normal 0 0 1
    outer loop
      vertex 0.2216285690665245 12.063099996319838 1.2000000000000002
      vertex 0.42409999668598175 12.065042854419776 1.2000000000000002
      vertex 0.2640107125043869 12.35747856753213 1.2000000000000002
    endloop
  endfacet
  facet normal -0.5211469882408956 -0.8534669393992036 0
    outer loop
      vertex 0.3979428559541702 11.581142858735152 1.2000000000000002
      vertex 0.3979428559541702 11.581142858735152 1
      vertex 0.6091321408748627 11.452185713819095 1.2000000000000002
    endloop
  endfacet
  facet normal 0.89750545327994 0.4410033575073655 0
    outer loop
      vertex 0.4540107175707817 11.815589280000754 1.2000000000000002
      vertex 0.5437428578734398 11.632971429399081 1.2000000000000002
      vertex 0.5437428578734398 11.632971429399081 1
    endloop
  endfacet
  facet normal 0.6059528968841473 0.795500525931762 0
    outer loop
      vertex 0.6906321421265602 11.521082141569682 1.2000000000000002
      vertex 0.6906321421265602 11.521082141569682 1
      vertex 0.5437428578734398 11.632971429399081 1.2000000000000002
    endloop
  endfacet
  facet normal -0.15124694022386462 -0.9884960106509884 0
    outer loop
      vertex 0.6091321408748627 11.452185713819095 1.2000000000000002
      vertex 0.6091321408748627 11.452185713819095 1
      vertex 0.8900714293122292 11.409199998847075 1.2000000000000002
    endloop
  endfacet
  facet normal 0 0 1
    outer loop
      vertex 0.3979428559541702 11.581142858735152 1.2000000000000002
      vertex 0.6091321408748627 11.452185713819095 1.2000000000000002
      vertex 0.5437428578734398 11.632971429399081 1.2000000000000002
    endloop
  endfacet
  facet normal 0 0 1
    outer loop
      vertex 0.2657071426510811 11.787610710731574 1.2000000000000002
      vertex 0.3979428559541702 11.581142858735152 1.2000000000000002
      vertex 0.4540107175707817 11.815589280000754 1.2000000000000002
    endloop
  endfacet
  facet normal 0 0 1
    outer loop
      vertex 0.3979428559541702 11.581142858735152 1.2000000000000002
      vertex 0.5437428578734398 11.632971429399081 1.2000000000000002
      vertex 0.4540107175707817 11.815589280000754 1.2000000000000002
    endloop
  endfacet
  facet normal 0 0 1
    outer loop
      vertex 0.6091321408748627 11.452185713819095 1.2000000000000002
      vertex 0.6906321421265602 11.521082141569682 1.2000000000000002
      vertex 0.5437428578734398 11.632971429399081 1.2000000000000002
    endloop
  endfacet
  facet normal 0.9928879970612955 0.11905219566059634 0
    outer loop
      vertex 0.4540107175707817 11.815589280000754 1.2000000000000002
      vertex 0.4540107175707817 11.815589280000754 1
      vertex 0.42409999668598175 12.065042854419776 1.2000000000000002
    endloop
  endfacet
  facet normal 0.9943155949806928 -0.10647298989974335 0
    outer loop
      vertex 0.42409999668598175 12.065042854419776 1.2000000000000002
      vertex 0.42409999668598175 12.065042854419776 1
      vertex 0.4526785686612129 12.331928567162581 1.2000000000000002
    endloop
  endfacet
  facet normal -0.8584031590736568 0.5129756490247528 0
    outer loop
      vertex 0.2640107125043869 12.35747856753213 1.2000000000000002
      vertex 0.3911571428179741 12.570242853036948 1.2000000000000002
      vertex 0.3911571428179741 12.570242853036948 1
    endloop
  endfacet
  facet normal 0.9085786901813488 -0.4177137342108164 0
    outer loop
      vertex 0.4526785686612129 12.331928567162581 1.2000000000000002
      vertex 0.4526785686612129 12.331928567162581 1
      vertex 0.5384142845869064 12.51841428237302 1.2000000000000002
    endloop
  endfacet
  facet normal 0 0 1
    outer loop
      vertex 0.2657071426510811 11.787610710731574 1.2000000000000002
      vertex 0.4540107175707817 11.815589280000754 1.2000000000000002
      vertex 0.42409999668598175 12.065042854419776 1.2000000000000002
    endloop
  endfacet
  facet normal 0 0 1
    outer loop
      vertex 0.42409999668598175 12.065042854419776 1.2000000000000002
      vertex 0.4526785686612129 12.331928567162581 1.2000000000000002
      vertex 0.2640107125043869 12.35747856753213 1.2000000000000002
    endloop
  endfacet
  facet normal 0 0 1
    outer loop
      vertex 0.2640107125043869 12.35747856753213 1.2000000000000002
      vertex 0.4526785686612129 12.331928567162581 1.2000000000000002
      vertex 0.3911571428179741 12.570242853036948 1.2000000000000002
    endloop
  endfacet
  facet normal 0 0 1
    outer loop
      vertex 0.4526785686612129 12.331928567162581 1.2000000000000002
      vertex 0.5384142845869064 12.51841428237302 1.2000000000000002
      vertex 0.3911571428179741 12.570242853036948 1.2000000000000002
    endloop
  endfacet
  facet normal 0 -1 0
    outer loop
      vertex -0.4766385704278946 14.285714284649917 0.9
      vertex 0 14.285714284649917 0.9
      vertex 0 14.285714284649917 1
    endloop
  endfacet
  facet normal 0.9071045335707691 -0.4209054111975246 0
    outer loop
      vertex -1.0956842824816704 14.285714284649917 0.9
      vertex -0.16277000308036804 16.296262853911944 0.9
      vertex -1.0956842824816704 14.285714284649917 1.2000000000000002
    endloop
  endfacet
  facet normal -1 0 0
    outer loop
      vertex -0.4766385704278946 14.285714284649917 0.9
      vertex -0.4766385704278946 14.378131427935191 1.2000000000000002
      vertex -0.4766385704278946 14.378131427935191 0.9
    endloop
  endfacet
  facet normal 0 -1 0
    outer loop
      vertex -0.4766385704278946 14.285714284649917 0.9
      vertex 0 14.285714284649917 1
      vertex -0.4766385704278946 14.285714284649917 1.2000000000000002
    endloop
  endfacet
  facet normal -0.14834837596376638 0.9889351643808169 0
    outer loop
      vertex -0.4766385704278946 14.378131427935191 0.9
      vertex -0.16277000308036804 14.425214284232684 1.2000000000000002
      vertex -0.16277000308036804 14.425214284232684 0.9
    endloop
  endfacet
  facet normal -1 0 0
    outer loop
      vertex -0.4766385704278946 14.285714284649917 0.9
      vertex -0.4766385704278946 14.285714284649917 1.2000000000000002
      vertex -0.4766385704278946 14.378131427935191 1.2000000000000002
    endloop
  endfacet
  facet normal -0.14834837596376638 0.9889351643808169 0
    outer loop
      vertex -0.4766385704278946 14.378131427935191 0.9
      vertex -0.4766385704278946 14.378131427935191 1.2000000000000002
      vertex -0.16277000308036804 14.425214284232684 1.2000000000000002
    endloop
  endfacet
  facet normal 0 0 1
    outer loop
      vertex -0.4766385704278946 14.285714284649917 1.2000000000000002
      vertex -0.16277000308036804 14.425214284232684 1.2000000000000002
      vertex -0.4766385704278946 14.378131427935191 1.2000000000000002
    endloop
  endfacet
  facet normal -0.5224779135560226 0.8526528190571736 0
    outer loop
      vertex 0.3911571428179741 12.570242853036948 1.2000000000000002
      vertex 0.6016250029206276 12.699210711887904 1
      vertex 0.3911571428179741 12.570242853036948 1
    endloop
  endfacet
  facet normal 0.5955798551686317 -0.8032961073709443 0
    outer loop
      vertex 0.6863928586244583 12.628128566912242 1.2000000000000002
      vertex 0.5384142845869064 12.51841428237302 1
      vertex 0.6863928586244583 12.628128566912242 1
    endloop
  endfacet
  facet normal -0.14549851037003755 0.9893584706667752 0
    outer loop
      vertex 0.6016250029206276 12.699210711887904 1.2000000000000002
      vertex 0.8939428552985191 12.74219999568803 1
      vertex 0.6016250029206276 12.699210711887904 1
    endloop
  endfacet
  facet normal -0.5224779135560226 0.8526528190571736 0
    outer loop
      vertex 0.3911571428179741 12.570242853036948 1.2000000000000002
      vertex 0.6016250029206276 12.699210711887904 1.2000000000000002
      vertex 0.6016250029206276 12.699210711887904 1
    endloop
  endfacet
  facet normal 0.5955798551686317 -0.8032961073709443 0
    outer loop
      vertex 0.5384142845869064 12.51841428237302 1.2000000000000002
      vertex 0.5384142845869064 12.51841428237302 1
      vertex 0.6863928586244583 12.628128566912242 1.2000000000000002
    endloop
  endfacet
  facet normal 0 0 1
    outer loop
      vertex 0.5384142845869064 12.51841428237302 1.2000000000000002
      vertex 0.6016250029206276 12.699210711887904 1.2000000000000002
      vertex 0.3911571428179741 12.570242853036948 1.2000000000000002
    endloop
  endfacet
  facet normal 0 0 1
    outer loop
      vertex 0.5384142845869064 12.51841428237302 1.2000000000000002
      vertex 0.6863928586244583 12.628128566912242 1.2000000000000002
      vertex 0.6016250029206276 12.699210711887904 1.2000000000000002
    endloop
  endfacet
  facet normal 0 0 1
    outer loop
      vertex 0.6016250029206276 12.699210711887904 1.2000000000000002
      vertex 0.6863928586244583 12.628128566912242 1.2000000000000002
      vertex 0.8939428552985191 12.74219999568803 1.2000000000000002
    endloop
  endfacet
  facet normal 0 -1 0
    outer loop
      vertex 0.4719614312052727 14.285714284649917 1.2000000000000002
      vertex 0 14.285714284649917 1
      vertex 0.4719614312052727 14.285714284649917 1
    endloop
  endfacet
  facet normal 0.1550796024974974 0.9879019773688168 0
    outer loop
      vertex 0.1720300018787384 14.425214284232684 1.2000000000000002
      vertex 0.4719614312052727 14.378131427935191 1
      vertex 0.1720300018787384 14.425214284232684 1
    endloop
  endfacet
  facet normal 1 0 0
    outer loop
      vertex 0.4719614312052727 14.378131427935191 1.2000000000000002
      vertex 0.4719614312052727 14.285714284649917 1
      vertex 0.4719614312052727 14.378131427935191 1
    endloop
  endfacet
  facet normal 0 -1 0
    outer loop
      vertex -0.4766385704278946 14.285714284649917 1.2000000000000002
      vertex 0 14.285714284649917 1
      vertex 0.4719614312052727 14.285714284649917 1.2000000000000002
    endloop
  endfacet
  facet normal 0 0 1
    outer loop
      vertex -0.4766385704278946 14.285714284649917 1.2000000000000002
      vertex 0.4719614312052727 14.285714284649917 1.2000000000000002
      vertex -0.16277000308036804 14.425214284232684 1.2000000000000002
    endloop
  endfacet
  facet normal 0 0 1
    outer loop
      vertex -0.16277000308036804 14.425214284232684 1.2000000000000002
      vertex 0.4719614312052727 14.285714284649917 1.2000000000000002
      vertex 0.1720300018787384 14.425214284232684 1.2000000000000002
    endloop
  endfacet
  facet normal 1 0 0
    outer loop
      vertex 0.4719614312052727 14.285714284649917 1.2000000000000002
      vertex 0.4719614312052727 14.285714284649917 1
      vertex 0.4719614312052727 14.378131427935191 1.2000000000000002
    endloop
  endfacet
  facet normal 0 0 1
    outer loop
      vertex 0.1720300018787384 14.425214284232684 1.2000000000000002
      vertex 0.4719614312052727 14.285714284649917 1.2000000000000002
      vertex 0.4719614312052727 14.378131427935191 1.2000000000000002
    endloop
  endfacet
  facet normal 0.1550796024974974 0.9879019773688168 0
    outer loop
      vertex 0.1720300018787384 14.425214284232684 1.2000000000000002
      vertex 0.4719614312052727 14.378131427935191 1.2000000000000002
      vertex 0.4719614312052727 14.378131427935191 1
    endloop
  endfacet
  facet normal 0 0 -1
    outer loop
      vertex -2.1959728598594666 14.425214284232684 0.9
      vertex -2.1959728598594666 16.48631714390857 0.9
      vertex -2.012887142598629 16.296262853911944 0.9
    endloop
  endfacet
  facet normal 0 0 -1
    outer loop
      vertex -2.1959728598594666 14.425214284232684 0.9
      vertex -2.012887142598629 16.296262853911944 0.9
      vertex -2.012887142598629 14.425214284232684 0.9
    endloop
  endfacet
  facet normal 0 0 -1
    outer loop
      vertex -2.495904289186001 16.53167714284999 0.9
      vertex -2.495904289186001 16.624094286135264 0.9
      vertex -2.1959728598594666 16.48631714390857 0.9
    endloop
  endfacet
  facet normal 0 0 -1
    outer loop
      vertex -2.495904289186001 16.624094286135264 0.9
      vertex -1.7879385724663734 16.624094286135264 0.9
      vertex -2.1959728598594666 16.48631714390857 0.9
    endloop
  endfacet
  facet normal 0 0 -1
    outer loop
      vertex -2.1959728598594666 16.48631714390857 0.9
      vertex -1.7879385724663734 16.624094286135264 0.9
      vertex -2.012887142598629 16.296262853911944 0.9
    endloop
  endfacet
  facet normal 0 0 -1
    outer loop
      vertex -1.0956842824816704 14.285714284649917 0.9
      vertex -2.012887142598629 16.296262853911944 0.9
      vertex -1.0276700034737587 14.845462859741279 0.9
    endloop
  endfacet
  facet normal 0 0 -1
    outer loop
      vertex -1.0276700034737587 14.845462859741279 0.9
      vertex -2.012887142598629 16.296262853911944 0.9
      vertex -1.7879385724663734 16.624094286135264 0.9
    endloop
  endfacet
  facet normal 0 0 -1
    outer loop
      vertex -1.0956842824816704 14.285714284649917 0.9
      vertex -1.0276700034737587 14.845462859741279 0.9
      vertex -0.16277000308036804 16.296262853911944 0.9
    endloop
  endfacet
  facet normal 0 0 -1
    outer loop
      vertex -1.0276700034737587 14.845462859741279 0.9
      vertex -0.19763857126235962 16.624094286135264 0.9
      vertex -0.16277000308036804 16.296262853911944 0.9
    endloop
  endfacet
  facet normal 0 0 -1
    outer loop
      vertex -0.16277000308036804 14.425214284232684 0.9
      vertex -0.16277000308036804 16.296262853911944 0.9
      vertex 0 16.624094286135264 0.9
    endloop
  endfacet
  facet normal 0 0 -1
    outer loop
      vertex -0.16277000308036804 16.296262853911944 0.9
      vertex -0.19763857126235962 16.624094286135264 0.9
      vertex 0 16.624094286135264 0.9
    endloop
  endfacet
  facet normal 0 0 -1
    outer loop
      vertex -0.16277000308036804 14.425214284232684 0.9
      vertex 0 16.624094286135264 0.9
      vertex 0 14.285714284649917 0.9
    endloop
  endfacet
  facet normal -1 0 0
    outer loop
      vertex -2.1959728598594666 14.425214284232684 0.9
      vertex -2.1959728598594666 16.48631714390857 1.2000000000000002
      vertex -2.1959728598594666 16.48631714390857 0.9
    endloop
  endfacet
  facet normal 1 0 0
    outer loop
      vertex -2.012887142598629 14.425214284232684 0.9
      vertex -2.012887142598629 16.296262853911944 0.9
      vertex -2.012887142598629 14.425214284232684 1.2000000000000002
    endloop
  endfacet
  facet normal -0.9200506874415427 -0.3917993523965357 0
    outer loop
      vertex -1.1567042842507362 14.285714284649917 0.9
      vertex -2.012887142598629 16.296262853911944 1.2000000000000002
      vertex -2.012887142598629 16.296262853911944 0.9
    endloop
  endfacet
  facet normal -0.14953416708666864 -0.9887565589535658 0
    outer loop
      vertex -2.495904289186001 16.53167714284999 0.9
      vertex -2.1959728598594666 16.48631714390857 0.9
      vertex -2.495904289186001 16.53167714284999 1.2000000000000002
    endloop
  endfacet
  facet normal -1 0 0
    outer loop
      vertex -2.495904289186001 16.53167714284999 0.9
      vertex -2.495904289186001 16.624094286135264 1.2000000000000002
      vertex -2.495904289186001 16.624094286135264 0.9
    endloop
  endfacet
  facet normal 0 1 0
    outer loop
      vertex -2.495904289186001 16.624094286135264 0.9
      vertex -1.7879385724663734 16.624094286135264 1.2000000000000002
      vertex -1.7879385724663734 16.624094286135264 0.9
    endloop
  endfacet
  facet normal 0.9195193622171987 0.3930447080265506 0
    outer loop
      vertex -1.0276700034737587 14.845462859741279 0.9
      vertex -1.7879385724663734 16.624094286135264 0.9
      vertex -1.0276700034737587 14.845462859741279 1.2000000000000002
    endloop
  endfacet
  facet normal -1 0 0
    outer loop
      vertex -2.1959728598594666 14.425214284232684 0.9
      vertex -2.1959728598594666 14.425214284232684 1.2000000000000002
      vertex -2.1959728598594666 16.48631714390857 1.2000000000000002
    endloop
  endfacet
  facet normal 1 0 0
    outer loop
      vertex -2.012887142598629 16.296262853911944 0.9
      vertex -2.012887142598629 16.296262853911944 1.2000000000000002
      vertex -2.012887142598629 14.425214284232684 1.2000000000000002
    endloop
  endfacet
  facet normal 0 0 1
    outer loop
      vertex -2.1959728598594666 14.425214284232684 1.2000000000000002
      vertex -2.012887142598629 16.296262853911944 1.2000000000000002
      vertex -2.1959728598594666 16.48631714390857 1.2000000000000002
    endloop
  endfacet
  facet normal 0 0 1
    outer loop
      vertex -2.1959728598594666 14.425214284232684 1.2000000000000002
      vertex -2.012887142598629 14.425214284232684 1.2000000000000002
      vertex -2.012887142598629 16.296262853911944 1.2000000000000002
    endloop
  endfacet
  facet normal -1 0 0
    outer loop
      vertex -2.495904289186001 16.53167714284999 0.9
      vertex -2.495904289186001 16.53167714284999 1.2000000000000002
      vertex -2.495904289186001 16.624094286135264 1.2000000000000002
    endloop
  endfacet
  facet normal -0.14953416708666864 -0.9887565589535658 0
    outer loop
      vertex -2.1959728598594666 16.48631714390857 0.9
      vertex -2.1959728598594666 16.48631714390857 1.2000000000000002
      vertex -2.495904289186001 16.53167714284999 1.2000000000000002
    endloop
  endfacet
  facet normal 0 1 0
    outer loop
      vertex -2.495904289186001 16.624094286135264 0.9
      vertex -2.495904289186001 16.624094286135264 1.2000000000000002
      vertex -1.7879385724663734 16.624094286135264 1.2000000000000002
    endloop
  endfacet
  facet normal 0 0 1
    outer loop
      vertex -2.495904289186001 16.53167714284999 1.2000000000000002
      vertex -2.1959728598594666 16.48631714390857 1.2000000000000002
      vertex -2.495904289186001 16.624094286135264 1.2000000000000002
    endloop
  endfacet
  facet normal 0 0 1
    outer loop
      vertex -2.495904289186001 16.624094286135264 1.2000000000000002
      vertex -2.1959728598594666 16.48631714390857 1.2000000000000002
      vertex -1.7879385724663734 16.624094286135264 1.2000000000000002
    endloop
  endfacet
  facet normal 0 0 1
    outer loop
      vertex -2.1959728598594666 16.48631714390857 1.2000000000000002
      vertex -2.012887142598629 16.296262853911944 1.2000000000000002
      vertex -1.7879385724663734 16.624094286135264 1.2000000000000002
    endloop
  endfacet
  facet normal 0.9195193622171987 0.3930447080265506 0
    outer loop
      vertex -1.7879385724663734 16.624094286135264 0.9
      vertex -1.7879385724663734 16.624094286135264 1.2000000000000002
      vertex -1.0276700034737587 14.845462859741279 1.2000000000000002
    endloop
  endfacet
  facet normal 0 0 1
    outer loop
      vertex -1.0956842824816704 14.285714284649917 1.2000000000000002
      vertex -1.0276700034737587 14.845462859741279 1.2000000000000002
      vertex -2.012887142598629 16.296262853911944 1.2000000000000002
    endloop
  endfacet
  facet normal 0 0 1
    outer loop
      vertex -1.0276700034737587 14.845462859741279 1.2000000000000002
      vertex -1.7879385724663734 16.624094286135264 1.2000000000000002
      vertex -2.012887142598629 16.296262853911944 1.2000000000000002
    endloop
  endfacet
  facet normal -0.9061824696913502 0.4228869016936861 0
    outer loop
      vertex -1.0276700034737587 14.845462859741279 0.9
      vertex -0.19763857126235962 16.624094286135264 1.2000000000000002
      vertex -0.19763857126235962 16.624094286135264 0.9
    endloop
  endfacet
  facet normal -1 0 0
    outer loop
      vertex -0.16277000308036804 14.425214284232684 0.9
      vertex -0.16277000308036804 16.296262853911944 1.2000000000000002
      vertex -0.16277000308036804 16.296262853911944 0.9
    endloop
  endfacet
  facet normal 0 1 0
    outer loop
      vertex -0.19763857126235962 16.624094286135264 0.9
      vertex -0.19763857126235962 16.624094286135264 1.2000000000000002
      vertex 0 16.624094286135264 1
    endloop
  endfacet
  facet normal 0 1 0
    outer loop
      vertex -0.19763857126235962 16.624094286135264 0.9
      vertex 0 16.624094286135264 1
      vertex 0 16.624094286135264 0.9
    endloop
  endfacet
  facet normal -0.9061824696913502 0.4228869016936861 0
    outer loop
      vertex -1.0276700034737587 14.845462859741279 0.9
      vertex -1.0276700034737587 14.845462859741279 1.2000000000000002
      vertex -0.19763857126235962 16.624094286135264 1.2000000000000002
    endloop
  endfacet
  facet normal -1 0 0
    outer loop
      vertex -0.16277000308036804 14.425214284232684 0.9
      vertex -0.16277000308036804 14.425214284232684 1.2000000000000002
      vertex -0.16277000308036804 16.296262853911944 1.2000000000000002
    endloop
  endfacet
  facet normal 0.9071045335707691 -0.4209054111975246 0
    outer loop
      vertex -0.16277000308036804 16.296262853911944 0.9
      vertex -0.16277000308036804 16.296262853911944 1.2000000000000002
      vertex -1.0956842824816704 14.285714284649917 1.2000000000000002
    endloop
  endfacet
  facet normal 0 0 1
    outer loop
      vertex -1.0956842824816704 14.285714284649917 1.2000000000000002
      vertex -0.16277000308036804 16.296262853911944 1.2000000000000002
      vertex -1.0276700034737587 14.845462859741279 1.2000000000000002
    endloop
  endfacet
  facet normal 0 0 1
    outer loop
      vertex -1.0276700034737587 14.845462859741279 1.2000000000000002
      vertex -0.16277000308036804 16.296262853911944 1.2000000000000002
      vertex -0.19763857126235962 16.624094286135264 1.2000000000000002
    endloop
  endfacet
  facet normal 1 0 0
    outer loop
      vertex 0.1720300018787384 16.48631714390857 1.2000000000000002
      vertex 0.1720300018787384 14.425214284232684 1
      vertex 0.1720300018787384 16.48631714390857 1
    endloop
  endfacet
  facet normal 1 0 0
    outer loop
      vertex 0.1720300018787384 14.425214284232684 1.2000000000000002
      vertex 0.1720300018787384 14.425214284232684 1
      vertex 0.1720300018787384 16.48631714390857 1.2000000000000002
    endloop
  endfacet
  facet normal 0 0 1
    outer loop
      vertex -0.16277000308036804 14.425214284232684 1.2000000000000002
      vertex 0.1720300018787384 14.425214284232684 1.2000000000000002
      vertex -0.16277000308036804 16.296262853911944 1.2000000000000002
    endloop
  endfacet
  facet normal 0 0 1
    outer loop
      vertex 0.1720300018787384 14.425214284232684 1.2000000000000002
      vertex -0.19763857126235962 16.624094286135264 1.2000000000000002
      vertex -0.16277000308036804 16.296262853911944 1.2000000000000002
    endloop
  endfacet
  facet normal 0 0 1
    outer loop
      vertex 0.1720300018787384 14.425214284232684 1.2000000000000002
      vertex 0.1720300018787384 16.48631714390857 1.2000000000000002
      vertex -0.19763857126235962 16.624094286135264 1.2000000000000002
    endloop
  endfacet
  facet normal 0 1 0
    outer loop
      vertex 0.4719614312052727 16.624094286135264 1.2000000000000002
      vertex 0.4719614312052727 16.624094286135264 1
      vertex 0 16.624094286135264 1
    endloop
  endfacet
  facet normal 0.14953416708666864 -0.9887565589535658 0
    outer loop
      vertex 0.4719614312052727 16.53167714284999 1.2000000000000002
      vertex 0.1720300018787384 16.48631714390857 1
      vertex 0.4719614312052727 16.53167714284999 1
    endloop
  endfacet
  facet normal 1 0 0
    outer loop
      vertex 0.4719614312052727 16.624094286135264 1.2000000000000002
      vertex 0.4719614312052727 16.53167714284999 1
      vertex 0.4719614312052727 16.624094286135264 1
    endloop
  endfacet
  facet normal -0.9827005493254783 -0.18520159382522397 0
    outer loop
      vertex 0.6339342817664146 17.25038571762187 1.2000000000000002
      vertex 0.6138857081532478 17.356765710881778 1
      vertex 0.6339342817664146 17.25038571762187 1
    endloop
  endfacet
  facet normal -0.9831097191898464 0.18301715775976124 0
    outer loop
      vertex 0.6138857081532478 17.356765710881778 1.2000000000000002
      vertex 0.6342257112264633 17.466025711170264 1
      vertex 0.6138857081532478 17.356765710881778 1
    endloop
  endfacet
  facet normal -0.8350179856832816 -0.5502226491025564 0
    outer loop
      vertex 0.6940799951553345 17.15910857277257 1.2000000000000002
      vertex 0.6339342817664146 17.25038571762187 1
      vertex 0.6940799951553345 17.15910857277257 1
    endloop
  endfacet
  facet normal -0.8295926475321201 0.5583690886507305 0
    outer loop
      vertex 0.6342257112264633 17.466025711170264 1.2000000000000002
      vertex 0.6952457129955292 17.55668571697814 1
      vertex 0.6342257112264633 17.466025711170264 1
    endloop
  endfacet
  facet normal 0 1 0
    outer loop
      vertex -0.19763857126235962 16.624094286135264 1.2000000000000002
      vertex 0.4719614312052727 16.624094286135264 1.2000000000000002
      vertex 0 16.624094286135264 1
    endloop
  endfacet
  facet normal 0.14953416708666864 -0.9887565589535658 0
    outer loop
      vertex 0.1720300018787384 16.48631714390857 1.2000000000000002
      vertex 0.1720300018787384 16.48631714390857 1
      vertex 0.4719614312052727 16.53167714284999 1.2000000000000002
    endloop
  endfacet
  facet normal 0 0 1
    outer loop
      vertex -0.19763857126235962 16.624094286135264 1.2000000000000002
      vertex 0.1720300018787384 16.48631714390857 1.2000000000000002
      vertex 0.4719614312052727 16.624094286135264 1.2000000000000002
    endloop
  endfacet
  facet normal 1 0 0
    outer loop
      vertex 0.4719614312052727 16.53167714284999 1.2000000000000002
      vertex 0.4719614312052727 16.53167714284999 1
      vertex 0.4719614312052727 16.624094286135264 1.2000000000000002
    endloop
  endfacet
  facet normal 0 0 1
    outer loop
      vertex 0.1720300018787384 16.48631714390857 1.2000000000000002
      vertex 0.4719614312052727 16.53167714284999 1.2000000000000002
      vertex 0.4719614312052727 16.624094286135264 1.2000000000000002
    endloop
  endfacet
  facet normal -0.5703636843962637 -0.8213922738387056 0
    outer loop
      vertex 0.6940799951553345 17.15910857277257 1.2000000000000002
      vertex 0.6940799951553345 17.15910857277257 1
      vertex 0.7844742834568024 17.096340001693793 1.2000000000000002
    endloop
  endfacet
  facet normal -0.9827005493254783 -0.18520159382522397 0
    outer loop
      vertex 0.6138857081532478 17.356765710881778 1.2000000000000002
      vertex 0.6138857081532478 17.356765710881778 1
      vertex 0.6339342817664146 17.25038571762187 1.2000000000000002
    endloop
  endfacet
  facet normal -0.9831097191898464 0.18301715775976124 0
    outer loop
      vertex 0.6138857081532478 17.356765710881778 1.2000000000000002
      vertex 0.6342257112264633 17.466025711170264 1.2000000000000002
      vertex 0.6342257112264633 17.466025711170264 1
    endloop
  endfacet
  facet normal -0.8350179856832816 -0.5502226491025564 0
    outer loop
      vertex 0.6940799951553345 17.15910857277257 1.2000000000000002
      vertex 0.6339342817664146 17.25038571762187 1.2000000000000002
      vertex 0.6339342817664146 17.25038571762187 1
    endloop
  endfacet
  facet normal 0 0 1
    outer loop
      vertex 0.6138857081532478 17.356765710881778 1.2000000000000002
      vertex 0.6952457129955292 17.55668571697814 1.2000000000000002
      vertex 0.6342257112264633 17.466025711170264 1.2000000000000002
    endloop
  endfacet
  facet normal -0.5584220409021425 0.8295570048132231 0
    outer loop
      vertex 0.6952457129955292 17.55668571697814 1.2000000000000002
      vertex 0.7859314233064651 17.617731430700847 1
      vertex 0.6952457129955292 17.55668571697814 1
    endloop
  endfacet
  facet normal -0.8295926475321201 0.5583690886507305 0
    outer loop
      vertex 0.6342257112264633 17.466025711170264 1.2000000000000002
      vertex 0.6952457129955292 17.55668571697814 1.2000000000000002
      vertex 0.6952457129955292 17.55668571697814 1
    endloop
  endfacet
  facet normal 0 0 1
    outer loop
      vertex 0.6138857081532478 17.356765710881778 1.2000000000000002
      vertex 0.7859314233064651 17.617731430700847 1.2000000000000002
      vertex 0.6952457129955292 17.55668571697814 1.2000000000000002
    endloop
  endfacet
  facet normal 0.1821054967830604 0.9832789980678905 0
    outer loop
      vertex 0.6906321421265602 11.521082141569682 1.2000000000000002
      vertex 0.8920142874121666 11.483785712293216 1
      vertex 0.6906321421265602 11.521082141569682 1
    endloop
  endfacet
  facet normal -0.15124694022386462 -0.9884960106509884 0
    outer loop
      vertex 0.8900714293122292 11.409199998847075 1.2000000000000002
      vertex 0.6091321408748627 11.452185713819095 1
      vertex 0.8900714293122292 11.409199998847075 1
    endloop
  endfacet
  facet normal -0.06196664572509421 0.9980782207911265 0
    outer loop
      vertex 0.8920142874121666 11.483785712293216 1.2000000000000002
      vertex 0.9992964267730713 11.490446427038737 1
      vertex 0.8920142874121666 11.483785712293216 1
    endloop
  endfacet
  facet normal 0.06421712488914796 -0.9979359502848726 0
    outer loop
      vertex 1.127167858183384 11.424457141331263 1.2000000000000002
      vertex 0.8900714293122292 11.409199998847075 1
      vertex 1.127167858183384 11.424457141331263 1
    endloop
  endfacet
  facet normal -0.19410093074384488 0.9809815638860768 0
    outer loop
      vertex 0.9992964267730713 11.490446427038737 1.2000000000000002
      vertex 1.100285716354847 11.510428571275302 1
      vertex 0.9992964267730713 11.490446427038737 1
    endloop
  endfacet
  facet normal -0.33452639831674863 0.9423863797982354 0
    outer loop
      vertex 1.100285716354847 11.510428571275302 1.2000000000000002
      vertex 1.1879571452736855 11.54154999660594 1
      vertex 1.100285716354847 11.510428571275302 1
    endloop
  endfacet
  facet normal -0.5115031009479624 0.8592814310344535 0
    outer loop
      vertex 1.1879571452736855 11.54154999660594 1.2000000000000002
      vertex 1.2552857175469398 11.581628569534846 1
      vertex 1.1879571452736855 11.54154999660594 1
    endloop
  endfacet
  facet normal 0.20270287987097077 -0.9792402884338526 0
    outer loop
      vertex 1.348285712301731 11.470228568783828 1.2000000000000002
      vertex 1.127167858183384 11.424457141331263 1
      vertex 1.348285712301731 11.470228568783828 1
    endloop
  endfacet
  facet normal -0.9833166077010449 0.1819023062506615 0
    outer loop
      vertex 1.2552857175469398 11.581628569534846 1.2000000000000002
      vertex 1.2911285683512688 11.775385708681174 1
      vertex 1.2552857175469398 11.581628569534846 1
    endloop
  endfacet
  facet normal 0 1 0
    outer loop
      vertex 1.2911285683512688 11.775385708681174 1.2000000000000002
      vertex 1.3540999963879585 11.775385708681174 1
      vertex 1.2911285683512688 11.775385708681174 1
    endloop
  endfacet
  facet normal -1 0 0
    outer loop
      vertex 1.533414289355278 11.42857142644269 1.2000000000000002
      vertex 1.533414289355278 11.479914286306926 1
      vertex 1.533414289355278 11.42857142644269 1
    endloop
  endfacet
  facet normal 0.9998185331918595 -0.019049952390457623 0
    outer loop
      vertex 1.3540999963879585 11.775385708681174 1.2000000000000002
      vertex 1.348285712301731 11.470228568783828 1
      vertex 1.3540999963879585 11.775385708681174 1
    endloop
  endfacet
  facet normal -0.9854668704235375 -0.16986773471627345 0
    outer loop
      vertex 1.2707857117056847 12.408942856958934 1.2000000000000002
      vertex 1.2417285740375519 12.577514284423419 1
      vertex 1.2707857117056847 12.408942856958934 1
    endloop
  endfacet
  facet normal 0 -1 0
    outer loop
      vertex 1.3347285687923431 12.408942856958934 1.2000000000000002
      vertex 1.2707857117056847 12.408942856958934 1
      vertex 1.3347285687923431 12.408942856958934 1
    endloop
  endfacet
  facet normal 0.1821054967830604 0.9832789980678905 0
    outer loop
      vertex 0.6906321421265602 11.521082141569682 1.2000000000000002
      vertex 0.8920142874121666 11.483785712293216 1.2000000000000002
      vertex 0.8920142874121666 11.483785712293216 1
    endloop
  endfacet
  facet normal 0.06421712488914796 -0.9979359502848726 0
    outer loop
      vertex 0.8900714293122292 11.409199998847075 1.2000000000000002
      vertex 0.8900714293122292 11.409199998847075 1
      vertex 1.127167858183384 11.424457141331263 1.2000000000000002
    endloop
  endfacet
  facet normal -0.06196664572509421 0.9980782207911265 0
    outer loop
      vertex 0.8920142874121666 11.483785712293216 1.2000000000000002
      vertex 0.9992964267730713 11.490446427038737 1.2000000000000002
      vertex 0.9992964267730713 11.490446427038737 1
    endloop
  endfacet
  facet normal -0.19410093074384488 0.9809815638860768 0
    outer loop
      vertex 0.9992964267730713 11.490446427038737 1.2000000000000002
      vertex 1.100285716354847 11.510428571275302 1.2000000000000002
      vertex 1.100285716354847 11.510428571275302 1
    endloop
  endfacet
  facet normal 0 0 1
    outer loop
      vertex 0.6091321408748627 11.452185713819095 1.2000000000000002
      vertex 0.8900714293122292 11.409199998847075 1.2000000000000002
      vertex 0.6906321421265602 11.521082141569682 1.2000000000000002
    endloop
  endfacet
  facet normal 0 0 1
    outer loop
      vertex 0.6906321421265602 11.521082141569682 1.2000000000000002
      vertex 0.8900714293122292 11.409199998847075 1.2000000000000002
      vertex 0.8920142874121666 11.483785712293216 1.2000000000000002
    endloop
  endfacet
  facet normal 0 0 1
    outer loop
      vertex 0.8900714293122292 11.409199998847075 1.2000000000000002
      vertex 0.9992964267730713 11.490446427038737 1.2000000000000002
      vertex 0.8920142874121666 11.483785712293216 1.2000000000000002
    endloop
  endfacet
  facet normal 0 0 1
    outer loop
      vertex 0.8900714293122292 11.409199998847075 1.2000000000000002
      vertex 1.127167858183384 11.424457141331263 1.2000000000000002
      vertex 0.9992964267730713 11.490446427038737 1.2000000000000002
    endloop
  endfacet
  facet normal 0 0 1
    outer loop
      vertex 0.9992964267730713 11.490446427038737 1.2000000000000002
      vertex 1.127167858183384 11.424457141331263 1.2000000000000002
      vertex 1.100285716354847 11.510428571275302 1.2000000000000002
    endloop
  endfacet
  facet normal -0.33452639831674863 0.9423863797982354 0
    outer loop
      vertex 1.100285716354847 11.510428571275302 1.2000000000000002
      vertex 1.1879571452736855 11.54154999660594 1.2000000000000002
      vertex 1.1879571452736855 11.54154999660594 1
    endloop
  endfacet
  facet normal 0.20270287987097077 -0.9792402884338526 0
    outer loop
      vertex 1.127167858183384 11.424457141331263 1.2000000000000002
      vertex 1.127167858183384 11.424457141331263 1
      vertex 1.348285712301731 11.470228568783828 1.2000000000000002
    endloop
  endfacet
  facet normal -0.5115031009479624 0.8592814310344535 0
    outer loop
      vertex 1.1879571452736855 11.54154999660594 1.2000000000000002
      vertex 1.2552857175469398 11.581628569534846 1.2000000000000002
      vertex 1.2552857175469398 11.581628569534846 1
    endloop
  endfacet
  facet normal -0.9833166077010449 0.1819023062506615 0
    outer loop
      vertex 1.2552857175469398 11.581628569534846 1.2000000000000002
      vertex 1.2911285683512688 11.775385708681174 1.2000000000000002
      vertex 1.2911285683512688 11.775385708681174 1
    endloop
  endfacet
  facet normal -1 0 0
    outer loop
      vertex 1.533414289355278 11.42857142644269 1.2000000000000002
      vertex 1.533414289355278 11.479914286306926 1.2000000000000002
      vertex 1.533414289355278 11.479914286306926 1
    endloop
  endfacet
  facet normal 0.9998185331918595 -0.019049952390457623 0
    outer loop
      vertex 1.348285712301731 11.470228568783828 1.2000000000000002
      vertex 1.348285712301731 11.470228568783828 1
      vertex 1.3540999963879585 11.775385708681174 1.2000000000000002
    endloop
  endfacet
  facet normal 0 1 0
    outer loop
      vertex 1.2911285683512688 11.775385708681174 1.2000000000000002
      vertex 1.3540999963879585 11.775385708681174 1.2000000000000002
      vertex 1.3540999963879585 11.775385708681174 1
    endloop
  endfacet
  facet normal 0 0 1
    outer loop
      vertex 1.127167858183384 11.424457141331263 1.2000000000000002
      vertex 1.1879571452736855 11.54154999660594 1.2000000000000002
      vertex 1.100285716354847 11.510428571275302 1.2000000000000002
    endloop
  endfacet
  facet normal 0 0 1
    outer loop
      vertex 1.127167858183384 11.424457141331263 1.2000000000000002
      vertex 1.348285712301731 11.470228568783828 1.2000000000000002
      vertex 1.1879571452736855 11.54154999660594 1.2000000000000002
    endloop
  endfacet
  facet normal 0 0 1
    outer loop
      vertex 1.1879571452736855 11.54154999660594 1.2000000000000002
      vertex 1.348285712301731 11.470228568783828 1.2000000000000002
      vertex 1.2552857175469398 11.581628569534846 1.2000000000000002
    endloop
  endfacet
  facet normal 0 0 1
    outer loop
      vertex 1.2552857175469398 11.581628569534846 1.2000000000000002
      vertex 1.348285712301731 11.470228568783828 1.2000000000000002
      vertex 1.3540999963879585 11.775385708681174 1.2000000000000002
    endloop
  endfacet
  facet normal 0 0 1
    outer loop
      vertex 1.2552857175469398 11.581628569534846 1.2000000000000002
      vertex 1.3540999963879585 11.775385708681174 1.2000000000000002
      vertex 1.2911285683512688 11.775385708681174 1.2000000000000002
    endloop
  endfacet
  facet normal 0 -1 0
    outer loop
      vertex 1.2707857117056847 12.408942856958934 1.2000000000000002
      vertex 1.2707857117056847 12.408942856958934 1
      vertex 1.3347285687923431 12.408942856958934 1.2000000000000002
    endloop
  endfacet
  facet normal 0 0 1
    outer loop
      vertex 1.2707857117056847 12.408942856958934 1.2000000000000002
      vertex 1.3347285687923431 12.408942856958934 1.2000000000000002
      vertex 1.2417285740375519 12.577514284423419 1.2000000000000002
    endloop
  endfacet
  facet normal -0.16742307800392522 0.985885141865771 0
    outer loop
      vertex 1.533414289355278 11.479914286306926 1.2000000000000002
      vertex 1.6874428540468216 11.506071427038737 1
      vertex 1.533414289355278 11.479914286306926 1
    endloop
  endfacet
  facet normal 0 -1 0
    outer loop
      vertex 2.0807571411132812 11.42857142644269 1.2000000000000002
      vertex 1.533414289355278 11.42857142644269 1
      vertex 2.0807571411132812 11.42857142644269 1
    endloop
  endfacet
  facet normal 1 0 0
    outer loop
      vertex 1.874414287507534 11.938128569296428 1.2000000000000002
      vertex 1.874414287507534 11.506071427038737 1
      vertex 1.874414287507534 11.938128569296428 1
    endloop
  endfacet
  facet normal -1 0 0
    outer loop
      vertex 1.6874428540468216 11.506071427038737 1.2000000000000002
      vertex 1.6874428540468216 12.65112856881959 1
      vertex 1.6874428540468216 11.506071427038737 1
    endloop
  endfacet
  facet normal 0 1 0
    outer loop
      vertex 1.874414287507534 12.025328570178576 1.2000000000000002
      vertex 1.9751571416854858 12.025328570178576 1
      vertex 1.874414287507534 12.025328570178576 1
    endloop
  endfacet
  facet normal 1 0 0
    outer loop
      vertex 1.874414287507534 12.640471429697104 1.2000000000000002
      vertex 1.874414287507534 12.025328570178576 1
      vertex 1.874414287507534 12.640471429697104 1
    endloop
  endfacet
  facet normal 0.12575901717401977 0.9920608195062561 0
    outer loop
      vertex 1.874414287507534 11.506071427038737 1.2000000000000002
      vertex 2.0807571411132812 11.479914286306926 1
      vertex 1.874414287507534 11.506071427038737 1
    endloop
  endfacet
  facet normal 1 0 0
    outer loop
      vertex 2.0807571411132812 11.479914286306926 1.2000000000000002
      vertex 2.0807571411132812 11.42857142644269 1
      vertex 2.0807571411132812 11.479914286306926 1
    endloop
  endfacet
  facet normal 0 -1 0
    outer loop
      vertex 2.0206857174634933 11.938128569296428 1.2000000000000002
      vertex 1.874414287507534 11.938128569296428 1
      vertex 2.0206857174634933 11.938128569296428 1
    endloop
  endfacet
  facet normal -0.12994136651137428 0.9915216796768271 0
    outer loop
      vertex 1.9751571416854858 12.025328570178576 1.2000000000000002
      vertex 2.1174392849206924 12.043974996677466 1
      vertex 1.9751571416854858 12.025328570178576 1
    endloop
  endfacet
  facet normal 0.12884801870759985 -0.9916643525281759 0
    outer loop
      vertex 2.220132142305374 11.964042858353682 1.2000000000000002
      vertex 2.0206857174634933 11.938128569296428 1
      vertex 2.220132142305374 11.964042858353682 1
    endloop
  endfacet
  facet normal -0.49037272274558047 0.8715128184869606 0
    outer loop
      vertex 2.1174392849206924 12.043974996677466 1.2000000000000002
      vertex 2.2168571427464485 12.099914283624717 1
      vertex 2.1174392849206924 12.043974996677466 1
    endloop
  endfacet
  facet normal -0.8588969768899585 0.5121483994793795 0
    outer loop
      vertex 2.2168571427464485 12.099914283624717 1.2000000000000002
      vertex 2.275346428155899 12.19800356881959 1
      vertex 2.2168571427464485 12.099914283624717 1
    endloop
  endfacet
  facet normal 0.46780178270747813 -0.8838334074336099 0
    outer loop
      vertex 2.3670142889022827 12.041785710624286 1.2000000000000002
      vertex 2.220132142305374 11.964042858353682 1
      vertex 2.3670142889022827 12.041785710624286 1
    endloop
  endfacet
  facet normal -0.9910894894553476 0.13319768725897024 0
    outer loop
      vertex 2.275346428155899 12.19800356881959 1.2000000000000002
      vertex 2.294842854142189 12.343071424535342 1
      vertex 2.275346428155899 12.19800356881959 1
    endloop
  endfacet
  facet normal -0.9908708163608081 -0.1348147814019876 0
    outer loop
      vertex 2.294842854142189 12.343071424535342 1.2000000000000002
      vertex 2.276192858815193 12.480146424046584 1
      vertex 2.294842854142189 12.343071424535342 1
    endloop
  endfacet
  facet normal -0.16742307800392522 0.985885141865771 0
    outer loop
      vertex 1.533414289355278 11.479914286306926 1.2000000000000002
      vertex 1.6874428540468216 11.506071427038737 1.2000000000000002
      vertex 1.6874428540468216 11.506071427038737 1
    endloop
  endfacet
  facet normal 0 -1 0
    outer loop
      vertex 1.533414289355278 11.42857142644269 1.2000000000000002
      vertex 1.533414289355278 11.42857142644269 1
      vertex 2.0807571411132812 11.42857142644269 1.2000000000000002
    endloop
  endfacet
  facet normal 1 0 0
    outer loop
      vertex 1.874414287507534 11.506071427038737 1.2000000000000002
      vertex 1.874414287507534 11.506071427038737 1
      vertex 1.874414287507534 11.938128569296428 1.2000000000000002
    endloop
  endfacet
  facet normal 0 0 1
    outer loop
      vertex 1.533414289355278 11.42857142644269 1.2000000000000002
      vertex 1.6874428540468216 11.506071427038737 1.2000000000000002
      vertex 1.533414289355278 11.479914286306926 1.2000000000000002
    endloop
  endfacet
  facet normal 0 0 1
    outer loop
      vertex 1.533414289355278 11.42857142644269 1.2000000000000002
      vertex 1.874414287507534 11.506071427038737 1.2000000000000002
      vertex 1.6874428540468216 11.506071427038737 1.2000000000000002
    endloop
  endfacet
  facet normal 0 0 1
    outer loop
      vertex 1.533414289355278 11.42857142644269 1.2000000000000002
      vertex 2.0807571411132812 11.42857142644269 1.2000000000000002
      vertex 1.874414287507534 11.506071427038737 1.2000000000000002
    endloop
  endfacet
  facet normal 0 0 1
    outer loop
      vertex 1.6874428540468216 11.506071427038737 1.2000000000000002
      vertex 1.874414287507534 11.506071427038737 1.2000000000000002
      vertex 1.874414287507534 11.938128569296428 1.2000000000000002
    endloop
  endfacet
  facet normal 0 0 1
    outer loop
      vertex 1.6874428540468216 11.506071427038737 1.2000000000000002
      vertex 1.874414287507534 11.938128569296428 1.2000000000000002
      vertex 1.874414287507534 12.025328570178576 1.2000000000000002
    endloop
  endfacet
  facet normal -1 0 0
    outer loop
      vertex 1.6874428540468216 11.506071427038737 1.2000000000000002
      vertex 1.6874428540468216 12.65112856881959 1.2000000000000002
      vertex 1.6874428540468216 12.65112856881959 1
    endloop
  endfacet
  facet normal 0 -1 0
    outer loop
      vertex 1.874414287507534 11.938128569296428 1.2000000000000002
      vertex 1.874414287507534 11.938128569296428 1
      vertex 2.0206857174634933 11.938128569296428 1.2000000000000002
    endloop
  endfacet
  facet normal 1 0 0
    outer loop
      vertex 1.874414287507534 12.025328570178576 1.2000000000000002
      vertex 1.874414287507534 12.025328570178576 1
      vertex 1.874414287507534 12.640471429697104 1.2000000000000002
    endloop
  endfacet
  facet normal 0 0 1
    outer loop
      vertex 1.6874428540468216 11.506071427038737 1.2000000000000002
      vertex 1.874414287507534 12.025328570178576 1.2000000000000002
      vertex 1.6874428540468216 12.65112856881959 1.2000000000000002
    endloop
  endfacet
  facet normal 0 0 1
    outer loop
      vertex 1.874414287507534 11.938128569296428 1.2000000000000002
      vertex 1.9751571416854858 12.025328570178576 1.2000000000000002
      vertex 1.874414287507534 12.025328570178576 1.2000000000000002
    endloop
  endfacet
  facet normal 0 0 1
    outer loop
      vertex 1.874414287507534 12.025328570178576 1.2000000000000002
      vertex 1.874414287507534 12.640471429697104 1.2000000000000002
      vertex 1.6874428540468216 12.65112856881959 1.2000000000000002
    endloop
  endfacet
  facet normal 0.12575901717401977 0.9920608195062561 0
    outer loop
      vertex 1.874414287507534 11.506071427038737 1.2000000000000002
      vertex 2.0807571411132812 11.479914286306926 1.2000000000000002
      vertex 2.0807571411132812 11.479914286306926 1
    endloop
  endfacet
  facet normal 1 0 0
    outer loop
      vertex 2.0807571411132812 11.42857142644269 1.2000000000000002
      vertex 2.0807571411132812 11.42857142644269 1
      vertex 2.0807571411132812 11.479914286306926 1.2000000000000002
    endloop
  endfacet
  facet normal 0 0 1
    outer loop
      vertex 1.874414287507534 11.506071427038737 1.2000000000000002
      vertex 2.0807571411132812 11.42857142644269 1.2000000000000002
      vertex 2.0807571411132812 11.479914286306926 1.2000000000000002
    endloop
  endfacet
  facet normal 0 1 0
    outer loop
      vertex 1.874414287507534 12.025328570178576 1.2000000000000002
      vertex 1.9751571416854858 12.025328570178576 1.2000000000000002
      vertex 1.9751571416854858 12.025328570178576 1
    endloop
  endfacet
  facet normal 0.12884801870759985 -0.9916643525281759 0
    outer loop
      vertex 2.0206857174634933 11.938128569296428 1.2000000000000002
      vertex 2.0206857174634933 11.938128569296428 1
      vertex 2.220132142305374 11.964042858353682 1.2000000000000002
    endloop
  endfacet
  facet normal -0.12994136651137428 0.9915216796768271 0
    outer loop
      vertex 1.9751571416854858 12.025328570178576 1.2000000000000002
      vertex 2.1174392849206924 12.043974996677466 1.2000000000000002
      vertex 2.1174392849206924 12.043974996677466 1
    endloop
  endfacet
  facet normal -0.49037272274558047 0.8715128184869606 0
    outer loop
      vertex 2.1174392849206924 12.043974996677466 1.2000000000000002
      vertex 2.2168571427464485 12.099914283624717 1.2000000000000002
      vertex 2.2168571427464485 12.099914283624717 1
    endloop
  endfacet
  facet normal 0.46780178270747813 -0.8838334074336099 0
    outer loop
      vertex 2.220132142305374 11.964042858353682 1.2000000000000002
      vertex 2.220132142305374 11.964042858353682 1
      vertex 2.3670142889022827 12.041785710624286 1.2000000000000002
    endloop
  endfacet
  facet normal -0.8588969768899585 0.5121483994793795 0
    outer loop
      vertex 2.2168571427464485 12.099914283624717 1.2000000000000002
      vertex 2.275346428155899 12.19800356881959 1.2000000000000002
      vertex 2.275346428155899 12.19800356881959 1
    endloop
  endfacet
  facet normal -0.9910894894553476 0.13319768725897024 0
    outer loop
      vertex 2.275346428155899 12.19800356881959 1.2000000000000002
      vertex 2.294842854142189 12.343071424535342 1.2000000000000002
      vertex 2.294842854142189 12.343071424535342 1
    endloop
  endfacet
  facet normal -0.9908708163608081 -0.1348147814019876 0
    outer loop
      vertex 2.294842854142189 12.343071424535342 1.2000000000000002
      vertex 2.276192858815193 12.480146424046584 1.2000000000000002
      vertex 2.276192858815193 12.480146424046584 1
    endloop
  endfacet
  facet normal 0 0 1
    outer loop
      vertex 1.874414287507534 11.938128569296428 1.2000000000000002
      vertex 2.0206857174634933 11.938128569296428 1.2000000000000002
      vertex 1.9751571416854858 12.025328570178576 1.2000000000000002
    endloop
  endfacet
  facet normal 0 0 1
    outer loop
      vertex 2.0206857174634933 11.938128569296428 1.2000000000000002
      vertex 2.1174392849206924 12.043974996677466 1.2000000000000002
      vertex 1.9751571416854858 12.025328570178576 1.2000000000000002
    endloop
  endfacet
  facet normal 0 0 1
    outer loop
      vertex 2.0206857174634933 11.938128569296428 1.2000000000000002
      vertex 2.220132142305374 11.964042858353682 1.2000000000000002
      vertex 2.1174392849206924 12.043974996677466 1.2000000000000002
    endloop
  endfacet
  facet normal 0 0 1
    outer loop
      vertex 2.1174392849206924 12.043974996677466 1.2000000000000002
      vertex 2.220132142305374 11.964042858353682 1.2000000000000002
      vertex 2.2168571427464485 12.099914283624717 1.2000000000000002
    endloop
  endfacet
  facet normal 0 0 1
    outer loop
      vertex 2.220132142305374 11.964042858353682 1.2000000000000002
      vertex 2.3670142889022827 12.041785710624286 1.2000000000000002
      vertex 2.2168571427464485 12.099914283624717 1.2000000000000002
    endloop
  endfacet
  facet normal 0 0 1
    outer loop
      vertex 2.2168571427464485 12.099914283624717 1.2000000000000002
      vertex 2.3670142889022827 12.041785710624286 1.2000000000000002
      vertex 2.275346428155899 12.19800356881959 1.2000000000000002
    endloop
  endfacet
  facet normal 0.1674584870527471 -0.9858791280446122 0
    outer loop
      vertex 0.901699997484684 12.664699995091983 1.2000000000000002
      vertex 0.6863928586244583 12.628128566912242 1
      vertex 0.901699997484684 12.664699995091983 1
    endloop
  endfacet
  facet normal -0.06166057361347488 -0.9980971764621204 0
    outer loop
      vertex 0.9938500002026558 12.659007140568324 1.2000000000000002
      vertex 0.901699997484684 12.664699995091983 1
      vertex 0.9938500002026558 12.659007140568324 1
    endloop
  endfacet
  facet normal 0.058730969254236154 0.9982738468228334 0
    outer loop
      vertex 0.8939428552985191 12.74219999568803 1.2000000000000002
      vertex 1.103921428322792 12.729846426418849 1
      vertex 0.8939428552985191 12.74219999568803 1
    endloop
  endfacet
  facet normal -0.18553934419489782 -0.9826368361483948 0
    outer loop
      vertex 1.0842999964952469 12.641928569546767 1.2000000000000002
      vertex 0.9938500002026558 12.659007140568324 1
      vertex 1.0842999964952469 12.641928569546767 1
    endloop
  endfacet
  facet normal -0.3104010352414128 -0.9506057002359386 0
    outer loop
      vertex 1.1684642881155014 12.61444642501218 1.2000000000000002
      vertex 1.0842999964952469 12.641928569546767 1
      vertex 1.1684642881155014 12.61444642501218 1
    endloop
  endfacet
  facet normal -0.4501363489702767 -0.8929598352309635 0
    outer loop
      vertex 1.2417285740375519 12.577514284423419 1.2000000000000002
      vertex 1.1684642881155014 12.61444642501218 1
      vertex 1.2417285740375519 12.577514284423419 1
    endloop
  endfacet
  facet normal 0.16252936090526457 0.9867037077277688 0
    outer loop
      vertex 1.103921428322792 12.729846426418849 1.2000000000000002
      vertex 1.3289142847061157 12.692785711160727 1
      vertex 1.103921428322792 12.729846426418849 1
    endloop
  endfacet
  facet normal 0.9997902654770787 0.020479869561894116 0
    outer loop
      vertex 1.3289142847061157 12.692785711160727 1.2000000000000002
      vertex 1.3347285687923431 12.408942856958934 1
      vertex 1.3289142847061157 12.692785711160727 1
    endloop
  endfacet
  facet normal -1 0 0
    outer loop
      vertex 1.5208142846822739 12.676328570715018 1.2000000000000002
      vertex 1.5208142846822739 12.727671423128673 1
      vertex 1.5208142846822739 12.676328570715018 1
    endloop
  endfacet
  facet normal 0.1674584870527471 -0.9858791280446122 0
    outer loop
      vertex 0.6863928586244583 12.628128566912242 1.2000000000000002
      vertex 0.6863928586244583 12.628128566912242 1
      vertex 0.901699997484684 12.664699995091983 1.2000000000000002
    endloop
  endfacet
  facet normal -0.14549851037003755 0.9893584706667752 0
    outer loop
      vertex 0.6016250029206276 12.699210711887904 1.2000000000000002
      vertex 0.8939428552985191 12.74219999568803 1.2000000000000002
      vertex 0.8939428552985191 12.74219999568803 1
    endloop
  endfacet
  facet normal -0.18553934419489782 -0.9826368361483948 0
    outer loop
      vertex 0.9938500002026558 12.659007140568324 1.2000000000000002
      vertex 0.9938500002026558 12.659007140568324 1
      vertex 1.0842999964952469 12.641928569546767 1.2000000000000002
    endloop
  endfacet
  facet normal -0.06166057361347488 -0.9980971764621204 0
    outer loop
      vertex 0.901699997484684 12.664699995091983 1.2000000000000002
      vertex 0.901699997484684 12.664699995091983 1
      vertex 0.9938500002026558 12.659007140568324 1.2000000000000002
    endloop
  endfacet
  facet normal -0.3104010352414128 -0.9506057002359386 0
    outer loop
      vertex 1.0842999964952469 12.641928569546767 1.2000000000000002
      vertex 1.0842999964952469 12.641928569546767 1
      vertex 1.1684642881155014 12.61444642501218 1.2000000000000002
    endloop
  endfacet
  facet normal 0.058730969254236154 0.9982738468228334 0
    outer loop
      vertex 0.8939428552985191 12.74219999568803 1.2000000000000002
      vertex 1.103921428322792 12.729846426418849 1.2000000000000002
      vertex 1.103921428322792 12.729846426418849 1
    endloop
  endfacet
  facet normal 0 0 1
    outer loop
      vertex 0.6863928586244583 12.628128566912242 1.2000000000000002
      vertex 0.901699997484684 12.664699995091983 1.2000000000000002
      vertex 0.8939428552985191 12.74219999568803 1.2000000000000002
    endloop
  endfacet
  facet normal 0 0 1
    outer loop
      vertex 0.901699997484684 12.664699995091983 1.2000000000000002
      vertex 0.9938500002026558 12.659007140568324 1.2000000000000002
      vertex 0.8939428552985191 12.74219999568803 1.2000000000000002
    endloop
  endfacet
  facet normal 0 0 1
    outer loop
      vertex 0.8939428552985191 12.74219999568803 1.2000000000000002
      vertex 0.9938500002026558 12.659007140568324 1.2000000000000002
      vertex 1.103921428322792 12.729846426418849 1.2000000000000002
    endloop
  endfacet
  facet normal 0 0 1
    outer loop
      vertex 0.9938500002026558 12.659007140568324 1.2000000000000002
      vertex 1.0842999964952469 12.641928569546767 1.2000000000000002
      vertex 1.103921428322792 12.729846426418849 1.2000000000000002
    endloop
  endfacet
  facet normal 0 0 1
    outer loop
      vertex 1.0842999964952469 12.641928569546767 1.2000000000000002
      vertex 1.1684642881155014 12.61444642501218 1.2000000000000002
      vertex 1.103921428322792 12.729846426418849 1.2000000000000002
    endloop
  endfacet
  facet normal -0.4501363489702767 -0.8929598352309635 0
    outer loop
      vertex 1.1684642881155014 12.61444642501218 1.2000000000000002
      vertex 1.1684642881155014 12.61444642501218 1
      vertex 1.2417285740375519 12.577514284423419 1.2000000000000002
    endloop
  endfacet
  facet normal -0.9854668704235375 -0.16986773471627345 0
    outer loop
      vertex 1.2707857117056847 12.408942856958934 1.2000000000000002
      vertex 1.2417285740375519 12.577514284423419 1.2000000000000002
      vertex 1.2417285740375519 12.577514284423419 1
    endloop
  endfacet
  facet normal 0.9997902654770787 0.020479869561894116 0
    outer loop
      vertex 1.3347285687923431 12.408942856958934 1.2000000000000002
      vertex 1.3347285687923431 12.408942856958934 1
      vertex 1.3289142847061157 12.692785711160727 1.2000000000000002
    endloop
  endfacet
  facet normal 0.16252936090526457 0.9867037077277688 0
    outer loop
      vertex 1.103921428322792 12.729846426418849 1.2000000000000002
      vertex 1.3289142847061157 12.692785711160727 1.2000000000000002
      vertex 1.3289142847061157 12.692785711160727 1
    endloop
  endfacet
  facet normal -1 0 0
    outer loop
      vertex 1.5208142846822739 12.676328570715018 1.2000000000000002
      vertex 1.5208142846822739 12.727671423128673 1.2000000000000002
      vertex 1.5208142846822739 12.727671423128673 1
    endloop
  endfacet
  facet normal 0 0 1
    outer loop
      vertex 1.103921428322792 12.729846426418849 1.2000000000000002
      vertex 1.1684642881155014 12.61444642501218 1.2000000000000002
      vertex 1.3289142847061157 12.692785711160727 1.2000000000000002
    endloop
  endfacet
  facet normal 0 0 1
    outer loop
      vertex 1.1684642881155014 12.61444642501218 1.2000000000000002
      vertex 1.2417285740375519 12.577514284423419 1.2000000000000002
      vertex 1.3289142847061157 12.692785711160727 1.2000000000000002
    endloop
  endfacet
  facet normal 0 0 1
    outer loop
      vertex 1.3347285687923431 12.408942856958934 1.2000000000000002
      vertex 1.3289142847061157 12.692785711160727 1.2000000000000002
      vertex 1.2417285740375519 12.577514284423419 1.2000000000000002
    endloop
  endfacet
  facet normal -0.14953418367303856 -0.9887565564451333 0
    outer loop
      vertex 1.6874428540468216 12.65112856881959 1.2000000000000002
      vertex 1.5208142846822739 12.676328570715018 1
      vertex 1.6874428540468216 12.65112856881959 1
    endloop
  endfacet
  facet normal 0 1 0
    outer loop
      vertex 1.5208142846822739 12.727671423128673 1.2000000000000002
      vertex 2.0109999999403954 12.727671423128673 1
      vertex 1.5208142846822739 12.727671423128673 1
    endloop
  endfacet
  facet normal 0 -1 0
    outer loop
      vertex 1.9693428575992584 12.640471429697104 1.2000000000000002
      vertex 1.874414287507534 12.640471429697104 1
      vertex 1.9693428575992584 12.640471429697104 1
    endloop
  endfacet
  facet normal -0.11323950938283737 -0.9935677196420656 0
    outer loop
      vertex 2.1202249974012375 12.623274997941085 1.2000000000000002
      vertex 1.9693428575992584 12.640471429697104 1
      vertex 2.1202249974012375 12.623274997941085 1
    endloop
  endfacet
  facet normal 0.2585167384913236 0.9660067784026201 0
    outer loop
      vertex 2.0109999999403954 12.727671423128673 1.2000000000000002
      vertex 2.3684714287519455 12.632007138005324 1
      vertex 2.0109999999403954 12.727671423128673 1
    endloop
  endfacet
  facet normal -0.45841252147775546 -0.8887395344826324 0
    outer loop
      vertex 2.2202428579330444 12.571685710123607 1.2000000000000002
      vertex 2.1202249974012375 12.623274997941085 1
      vertex 2.2202428579330444 12.571685710123607 1
    endloop
  endfacet
  facet normal -0.853243152900244 -0.5215132999539426 0
    outer loop
      vertex 2.276192858815193 12.480146424046584 1.2000000000000002
      vertex 2.2202428579330444 12.571685710123607 1
      vertex 2.276192858815193 12.480146424046584 1
    endloop
  endfacet
  facet normal -0.14953418367303856 -0.9887565564451333 0
    outer loop
      vertex 1.5208142846822739 12.676328570715018 1.2000000000000002
      vertex 1.5208142846822739 12.676328570715018 1
      vertex 1.6874428540468216 12.65112856881959 1.2000000000000002
    endloop
  endfacet
  facet normal 0 -1 0
    outer loop
      vertex 1.874414287507534 12.640471429697104 1.2000000000000002
      vertex 1.874414287507534 12.640471429697104 1
      vertex 1.9693428575992584 12.640471429697104 1.2000000000000002
    endloop
  endfacet
  facet normal 0 1 0
    outer loop
      vertex 1.5208142846822739 12.727671423128673 1.2000000000000002
      vertex 2.0109999999403954 12.727671423128673 1.2000000000000002
      vertex 2.0109999999403954 12.727671423128673 1
    endloop
  endfacet
  facet normal 0 0 1
    outer loop
      vertex 1.5208142846822739 12.676328570715018 1.2000000000000002
      vertex 1.6874428540468216 12.65112856881959 1.2000000000000002
      vertex 1.5208142846822739 12.727671423128673 1.2000000000000002
    endloop
  endfacet
  facet normal 0 0 1
    outer loop
      vertex 1.5208142846822739 12.727671423128673 1.2000000000000002
      vertex 1.6874428540468216 12.65112856881959 1.2000000000000002
      vertex 2.0109999999403954 12.727671423128673 1.2000000000000002
    endloop
  endfacet
  facet normal 0 0 1
    outer loop
      vertex 1.6874428540468216 12.65112856881959 1.2000000000000002
      vertex 1.874414287507534 12.640471429697104 1.2000000000000002
      vertex 2.0109999999403954 12.727671423128673 1.2000000000000002
    endloop
  endfacet
  facet normal -0.11323950938283737 -0.9935677196420656 0
    outer loop
      vertex 1.9693428575992584 12.640471429697104 1.2000000000000002
      vertex 1.9693428575992584 12.640471429697104 1
      vertex 2.1202249974012375 12.623274997941085 1.2000000000000002
    endloop
  endfacet
  facet normal -0.45841252147775546 -0.8887395344826324 0
    outer loop
      vertex 2.1202249974012375 12.623274997941085 1.2000000000000002
      vertex 2.1202249974012375 12.623274997941085 1
      vertex 2.2202428579330444 12.571685710123607 1.2000000000000002
    endloop
  endfacet
  facet normal -0.853243152900244 -0.5215132999539426 0
    outer loop
      vertex 2.276192858815193 12.480146424046584 1.2000000000000002
      vertex 2.2202428579330444 12.571685710123607 1.2000000000000002
      vertex 2.2202428579330444 12.571685710123607 1
    endloop
  endfacet
  facet normal 0.2585167384913236 0.9660067784026201 0
    outer loop
      vertex 2.0109999999403954 12.727671423128673 1.2000000000000002
      vertex 2.3684714287519455 12.632007138005324 1.2000000000000002
      vertex 2.3684714287519455 12.632007138005324 1
    endloop
  endfacet
  facet normal 0 0 1
    outer loop
      vertex 1.874414287507534 12.640471429697104 1.2000000000000002
      vertex 1.9693428575992584 12.640471429697104 1.2000000000000002
      vertex 2.0109999999403954 12.727671423128673 1.2000000000000002
    endloop
  endfacet
  facet normal 0 0 1
    outer loop
      vertex 1.9693428575992584 12.640471429697104 1.2000000000000002
      vertex 2.1202249974012375 12.623274997941085 1.2000000000000002
      vertex 2.0109999999403954 12.727671423128673 1.2000000000000002
    endloop
  endfacet
  facet normal 0 0 1
    outer loop
      vertex 2.1202249974012375 12.623274997941085 1.2000000000000002
      vertex 2.2202428579330444 12.571685710123607 1.2000000000000002
      vertex 2.3684714287519455 12.632007138005324 1.2000000000000002
    endloop
  endfacet
  facet normal 0 0 1
    outer loop
      vertex 2.0109999999403954 12.727671423128673 1.2000000000000002
      vertex 2.1202249974012375 12.623274997941085 1.2000000000000002
      vertex 2.3684714287519455 12.632007138005324 1.2000000000000002
    endloop
  endfacet
  facet normal 0 0 1
    outer loop
      vertex 2.276192858815193 12.480146424046584 1.2000000000000002
      vertex 2.3684714287519455 12.632007138005324 1.2000000000000002
      vertex 2.2202428579330444 12.571685710123607 1.2000000000000002
    endloop
  endfacet
  facet normal -1 0 0
    outer loop
      vertex 1.5952128544449806 14.285714284649917 1.2000000000000002
      vertex 1.5952128544449806 14.378131427935191 1
      vertex 1.5952128544449806 14.285714284649917 1
    endloop
  endfacet
  facet normal -0.16742308043286624 0.9858851414532882 0
    outer loop
      vertex 1.5952128544449806 14.378131427935191 1.2000000000000002
      vertex 1.8724642843008041 14.425214284232684 1
      vertex 1.5952128544449806 14.378131427935191 1
    endloop
  endfacet
  facet normal 0 -1 0
    outer loop
      vertex 2.5804300010204315 14.285714284649917 1.2000000000000002
      vertex 1.5952128544449806 14.285714284649917 1
      vertex 2.5804300010204315 14.285714284649917 1
    endloop
  endfacet
  facet normal 0.12575902302212144 0.9920608187649189 0
    outer loop
      vertex 2.209012858569622 14.425214284232684 1.2000000000000002
      vertex 2.5804300010204315 14.378131427935191 1
      vertex 2.209012858569622 14.425214284232684 1
    endloop
  endfacet
  facet normal 1 0 0
    outer loop
      vertex 2.209012858569622 15.202917144766875 1.2000000000000002
      vertex 2.209012858569622 14.425214284232684 1
      vertex 2.209012858569622 15.202917144766875 1
    endloop
  endfacet
  facet normal -1 0 0
    outer loop
      vertex 1.5952128544449806 14.285714284649917 1.2000000000000002
      vertex 1.5952128544449806 14.378131427935191 1.2000000000000002
      vertex 1.5952128544449806 14.378131427935191 1
    endloop
  endfacet
  facet normal 0 -1 0
    outer loop
      vertex 1.5952128544449806 14.285714284649917 1.2000000000000002
      vertex 1.5952128544449806 14.285714284649917 1
      vertex 2.5804300010204315 14.285714284649917 1.2000000000000002
    endloop
  endfacet
  facet normal 0 0 1
    outer loop
      vertex 1.5952128544449806 14.285714284649917 1.2000000000000002
      vertex 1.8724642843008041 14.425214284232684 1.2000000000000002
      vertex 1.5952128544449806 14.378131427935191 1.2000000000000002
    endloop
  endfacet
  facet normal -0.16742308043286624 0.9858851414532882 0
    outer loop
      vertex 1.5952128544449806 14.378131427935191 1.2000000000000002
      vertex 1.8724642843008041 14.425214284232684 1.2000000000000002
      vertex 1.8724642843008041 14.425214284232684 1
    endloop
  endfacet
  facet normal 0 0 1
    outer loop
      vertex 1.5952128544449806 14.285714284649917 1.2000000000000002
      vertex 2.209012858569622 14.425214284232684 1.2000000000000002
      vertex 1.8724642843008041 14.425214284232684 1.2000000000000002
    endloop
  endfacet
  facet normal 0 0 1
    outer loop
      vertex 1.5952128544449806 14.285714284649917 1.2000000000000002
      vertex 2.5804300010204315 14.285714284649917 1.2000000000000002
      vertex 2.209012858569622 14.425214284232684 1.2000000000000002
    endloop
  endfacet
  facet normal 1 0 0
    outer loop
      vertex 2.209012858569622 14.425214284232684 1.2000000000000002
      vertex 2.209012858569622 14.425214284232684 1
      vertex 2.209012858569622 15.202917144766875 1.2000000000000002
    endloop
  endfacet
  facet normal 0 0 1
    outer loop
      vertex 1.8724642843008041 14.425214284232684 1.2000000000000002
      vertex 2.209012858569622 14.425214284232684 1.2000000000000002
      vertex 2.209012858569622 15.202917144766875 1.2000000000000002
    endloop
  endfacet
  facet normal 0 0 1
    outer loop
      vertex 1.8724642843008041 14.425214284232684 1.2000000000000002
      vertex 2.209012858569622 15.202917144766875 1.2000000000000002
      vertex 2.209012858569622 15.359877140394278 1.2000000000000002
    endloop
  endfacet
  facet normal -1 0 0
    outer loop
      vertex 2.624285712838173 11.42857142644269 1.2000000000000002
      vertex 2.624285712838173 11.479914286306926 1
      vertex 2.624285712838173 11.42857142644269 1
    endloop
  endfacet
  facet normal -0.15507959517321107 0.987901978518574 0
    outer loop
      vertex 2.624285712838173 11.479914286306926 1.2000000000000002
      vertex 2.7909142822027206 11.506071427038737 1
      vertex 2.624285712838173 11.479914286306926 1
    endloop
  endfacet
  facet normal 0.815867437126146 -0.578238986092441 0
    outer loop
      vertex 2.457474999129772 12.169421428016253 1.2000000000000002
      vertex 2.3670142889022827 12.041785710624286 1
      vertex 2.457474999129772 12.169421428016253 1
    endloop
  endfacet
  facet normal 0.9855736639003683 -0.1692470177758056 0
    outer loop
      vertex 2.487628571689129 12.34501428263528 1.2000000000000002
      vertex 2.457474999129772 12.169421428016253 1
      vertex 2.487628571689129 12.34501428263528 1
    endloop
  endfacet
  facet normal 0 -1 0
    outer loop
      vertex 3.06700000166893 11.42857142644269 1.2000000000000002
      vertex 2.624285712838173 11.42857142644269 1
      vertex 3.06700000166893 11.42857142644269 1
    endloop
  endfacet
  facet normal 1 0 0
    outer loop
      vertex 2.8926285728812218 11.506071427038737 1.2000000000000002
      vertex 2.8926285728812218 11.506071427038737 1
      vertex 2.8926285728812218 12.596885712019034 1
    endloop
  endfacet
  facet normal 0.1483483647139306 0.9889351660683843 0
    outer loop
      vertex 2.8926285728812218 11.506071427038737 1.2000000000000002
      vertex 3.06700000166893 11.479914286306926 1
      vertex 2.8926285728812218 11.506071427038737 1
    endloop
  endfacet
  facet normal 1 0 0
    outer loop
      vertex 3.06700000166893 11.479914286306926 1.2000000000000002
      vertex 3.06700000166893 11.42857142644269 1
      vertex 3.06700000166893 11.479914286306926 1
    endloop
  endfacet
  facet normal -1 0 0
    outer loop
      vertex 2.7909142822027206 12.65112856881959 1.2000000000000002
      vertex 2.7909142822027206 12.65112856881959 1
      vertex 2.7909142822027206 11.506071427038737 1
    endloop
  endfacet
  facet normal -1 0 0
    outer loop
      vertex 2.624285712838173 11.42857142644269 1.2000000000000002
      vertex 2.624285712838173 11.479914286306926 1.2000000000000002
      vertex 2.624285712838173 11.479914286306926 1
    endloop
  endfacet
  facet normal -0.15507959517321107 0.987901978518574 0
    outer loop
      vertex 2.624285712838173 11.479914286306926 1.2000000000000002
      vertex 2.7909142822027206 11.506071427038737 1.2000000000000002
      vertex 2.7909142822027206 11.506071427038737 1
    endloop
  endfacet
  facet normal 0 0 1
    outer loop
      vertex 2.624285712838173 11.42857142644269 1.2000000000000002
      vertex 2.7909142822027206 11.506071427038737 1.2000000000000002
      vertex 2.624285712838173 11.479914286306926 1.2000000000000002
    endloop
  endfacet
  facet normal 0.815867437126146 -0.578238986092441 0
    outer loop
      vertex 2.3670142889022827 12.041785710624286 1.2000000000000002
      vertex 2.3670142889022827 12.041785710624286 1
      vertex 2.457474999129772 12.169421428016253 1.2000000000000002
    endloop
  endfacet
  facet normal 0.9855736639003683 -0.1692470177758056 0
    outer loop
      vertex 2.457474999129772 12.169421428016253 1.2000000000000002
      vertex 2.457474999129772 12.169421428016253 1
      vertex 2.487628571689129 12.34501428263528 1.2000000000000002
    endloop
  endfacet
  facet normal 0.9235597175085355 0.38345462338528924 0
    outer loop
      vertex 2.487628571689129 12.34501428263528 1.2000000000000002
      vertex 2.487628571689129 12.34501428263528 1
      vertex 2.3684714287519455 12.632007138005324 1.2000000000000002
    endloop
  endfacet
  facet normal 0 0 1
    outer loop
      vertex 2.275346428155899 12.19800356881959 1.2000000000000002
      vertex 2.3670142889022827 12.041785710624286 1.2000000000000002
      vertex 2.457474999129772 12.169421428016253 1.2000000000000002
    endloop
  endfacet
  facet normal 0 0 1
    outer loop
      vertex 2.275346428155899 12.19800356881959 1.2000000000000002
      vertex 2.457474999129772 12.169421428016253 1.2000000000000002
      vertex 2.294842854142189 12.343071424535342 1.2000000000000002
    endloop
  endfacet
  facet normal 0 0 1
    outer loop
      vertex 2.294842854142189 12.343071424535342 1.2000000000000002
      vertex 2.457474999129772 12.169421428016253 1.2000000000000002
      vertex 2.487628571689129 12.34501428263528 1.2000000000000002
    endloop
  endfacet
  facet normal 0 0 1
    outer loop
      vertex 2.294842854142189 12.343071424535342 1.2000000000000002
      vertex 2.487628571689129 12.34501428263528 1.2000000000000002
      vertex 2.276192858815193 12.480146424046584 1.2000000000000002
    endloop
  endfacet
  facet normal 0 0 1
    outer loop
      vertex 2.276192858815193 12.480146424046584 1.2000000000000002
      vertex 2.487628571689129 12.34501428263528 1.2000000000000002
      vertex 2.3684714287519455 12.632007138005324 1.2000000000000002
    endloop
  endfacet
  facet normal 0 -1 0
    outer loop
      vertex 2.624285712838173 11.42857142644269 1.2000000000000002
      vertex 2.624285712838173 11.42857142644269 1
      vertex 3.06700000166893 11.42857142644269 1.2000000000000002
    endloop
  endfacet
  facet normal 0.1483483647139306 0.9889351660683843 0
    outer loop
      vertex 2.8926285728812218 11.506071427038737 1.2000000000000002
      vertex 3.06700000166893 11.479914286306926 1.2000000000000002
      vertex 3.06700000166893 11.479914286306926 1
    endloop
  endfacet
  facet normal 1 0 0
    outer loop
      vertex 3.06700000166893 11.42857142644269 1.2000000000000002
      vertex 3.06700000166893 11.42857142644269 1
      vertex 3.06700000166893 11.479914286306926 1.2000000000000002
    endloop
  endfacet
  facet normal 0 0 1
    outer loop
      vertex 2.624285712838173 11.42857142644269 1.2000000000000002
      vertex 3.06700000166893 11.42857142644269 1.2000000000000002
      vertex 2.7909142822027206 11.506071427038737 1.2000000000000002
    endloop
  endfacet
  facet normal 0 0 1
    outer loop
      vertex 2.7909142822027206 11.506071427038737 1.2000000000000002
      vertex 3.06700000166893 11.42857142644269 1.2000000000000002
      vertex 2.8926285728812218 11.506071427038737 1.2000000000000002
    endloop
  endfacet
  facet normal 0 0 1
    outer loop
      vertex 2.7909142822027206 11.506071427038737 1.2000000000000002
      vertex 2.8926285728812218 11.506071427038737 1.2000000000000002
      vertex 2.8926285728812218 12.596885712019034 1.2000000000000002
    endloop
  endfacet
  facet normal 0 0 1
    outer loop
      vertex 2.8926285728812218 11.506071427038737 1.2000000000000002
      vertex 3.06700000166893 11.42857142644269 1.2000000000000002
      vertex 3.06700000166893 11.479914286306926 1.2000000000000002
    endloop
  endfacet
  facet normal -1 0 0
    outer loop
      vertex 2.7909142822027206 11.506071427038737 1.2000000000000002
      vertex 2.7909142822027206 12.65112856881959 1.2000000000000002
      vertex 2.7909142822027206 11.506071427038737 1
    endloop
  endfacet
  facet normal 1 0 0
    outer loop
      vertex 2.8926285728812218 11.506071427038737 1.2000000000000002
      vertex 2.8926285728812218 12.596885712019034 1
      vertex 2.8926285728812218 12.596885712019034 1.2000000000000002
    endloop
  endfacet
  facet normal 0 0 1
    outer loop
      vertex 2.7909142822027206 11.506071427038737 1.2000000000000002
      vertex 2.8926285728812218 12.596885712019034 1.2000000000000002
      vertex 2.7909142822027206 12.65112856881959 1.2000000000000002
    endloop
  endfacet
  facet normal -0.8247198491999481 -0.5655414841862749 0
    outer loop
      vertex 3.693785712122917 11.42857142644269 1.2000000000000002
      vertex 2.8926285728812218 12.596885712019034 1
      vertex 3.693785712122917 11.42857142644269 1
    endloop
  endfacet
  facet normal 0.8212128096480882 0.5706220476549192 0
    outer loop
      vertex 3.0175999999046326 12.727671423128673 1.2000000000000002
      vertex 3.6860285699367523 11.765699998608657 1
      vertex 3.0175999999046326 12.727671423128673 1
    endloop
  endfacet
  facet normal 0 -1 0
    outer loop
      vertex 3.7877571433782578 11.42857142644269 1.2000000000000002
      vertex 3.693785712122917 11.42857142644269 1
      vertex 3.7877571433782578 11.42857142644269 1
    endloop
  endfacet
  facet normal -1 0 0
    outer loop
      vertex 3.6860285699367523 11.765699998608657 1.2000000000000002
      vertex 3.6860285699367523 12.65112856881959 1
      vertex 3.6860285699367523 11.765699998608657 1
    endloop
  endfacet
  facet normal 1 0 0
    outer loop
      vertex 3.7877571433782578 12.65112856881959 1.2000000000000002
      vertex 3.7877571433782578 11.42857142644269 1
      vertex 3.7877571433782578 12.65112856881959 1
    endloop
  endfacet
  facet normal 0 0 1
    outer loop
      vertex 3.693785712122917 11.42857142644269 1.2000000000000002
      vertex 3.7877571433782578 11.42857142644269 1.2000000000000002
      vertex 2.8926285728812218 12.596885712019034 1.2000000000000002
    endloop
  endfacet
  facet normal -0.8247198491999481 -0.5655414841862749 0
    outer loop
      vertex 3.693785712122917 11.42857142644269 1.2000000000000002
      vertex 2.8926285728812218 12.596885712019034 1.2000000000000002
      vertex 2.8926285728812218 12.596885712019034 1
    endloop
  endfacet
  facet normal 0.8212128096480882 0.5706220476549192 0
    outer loop
      vertex 3.6860285699367523 11.765699998608657 1.2000000000000002
      vertex 3.6860285699367523 11.765699998608657 1
      vertex 3.0175999999046326 12.727671423128673 1.2000000000000002
    endloop
  endfacet
  facet normal 0 0 1
    outer loop
      vertex 3.6860285699367523 11.765699998608657 1.2000000000000002
      vertex 3.0175999999046326 12.727671423128673 1.2000000000000002
      vertex 2.8926285728812218 12.596885712019034 1.2000000000000002
    endloop
  endfacet
  facet normal 0 0 1
    outer loop
      vertex 3.7877571433782578 11.42857142644269 1.2000000000000002
      vertex 3.6860285699367523 11.765699998608657 1.2000000000000002
      vertex 2.8926285728812218 12.596885712019034 1.2000000000000002
    endloop
  endfacet
  facet normal 0 -1 0
    outer loop
      vertex 3.693785712122917 11.42857142644269 1.2000000000000002
      vertex 3.693785712122917 11.42857142644269 1
      vertex 3.7877571433782578 11.42857142644269 1.2000000000000002
    endloop
  endfacet
  facet normal 1 0 0
    outer loop
      vertex 3.7877571433782578 11.42857142644269 1.2000000000000002
      vertex 3.7877571433782578 11.42857142644269 1
      vertex 3.7877571433782578 12.65112856881959 1.2000000000000002
    endloop
  endfacet
  facet normal -1 0 0
    outer loop
      vertex 3.6860285699367523 11.765699998608657 1.2000000000000002
      vertex 3.6860285699367523 12.65112856881959 1.2000000000000002
      vertex 3.6860285699367523 12.65112856881959 1
    endloop
  endfacet
  facet normal 0 0 1
    outer loop
      vertex 3.6860285699367523 11.765699998608657 1.2000000000000002
      vertex 3.7877571433782578 12.65112856881959 1.2000000000000002
      vertex 3.6860285699367523 12.65112856881959 1.2000000000000002
    endloop
  endfacet
  facet normal 0 0 1
    outer loop
      vertex 3.7877571433782578 11.42857142644269 1.2000000000000002
      vertex 3.7877571433782578 12.65112856881959 1.2000000000000002
      vertex 3.6860285699367523 11.765699998608657 1.2000000000000002
    endloop
  endfacet
  facet normal 0.9235597175085355 0.38345462338528924 0
    outer loop
      vertex 2.3684714287519455 12.632007138005324 1.2000000000000002
      vertex 2.487628571689129 12.34501428263528 1
      vertex 2.3684714287519455 12.632007138005324 1
    endloop
  endfacet
  facet normal -1 0 0
    outer loop
      vertex 2.624285712838173 12.676328570715018 1.2000000000000002
      vertex 2.624285712838173 12.727671423128673 1
      vertex 2.624285712838173 12.676328570715018 1
    endloop
  endfacet
  facet normal -0.14953418367303856 -0.9887565564451333 0
    outer loop
      vertex 2.7909142822027206 12.65112856881959 1.2000000000000002
      vertex 2.624285712838173 12.676328570715018 1
      vertex 2.7909142822027206 12.65112856881959 1
    endloop
  endfacet
  facet normal 0 1 0
    outer loop
      vertex 2.624285712838173 12.727671423128673 1.2000000000000002
      vertex 3.0175999999046326 12.727671423128673 1
      vertex 2.624285712838173 12.727671423128673 1
    endloop
  endfacet
  facet normal -1 0 0
    outer loop
      vertex 2.624285712838173 12.676328570715018 1.2000000000000002
      vertex 2.624285712838173 12.727671423128673 1.2000000000000002
      vertex 2.624285712838173 12.727671423128673 1
    endloop
  endfacet
  facet normal -0.14953418367303856 -0.9887565564451333 0
    outer loop
      vertex 2.624285712838173 12.676328570715018 1.2000000000000002
      vertex 2.624285712838173 12.676328570715018 1
      vertex 2.7909142822027206 12.65112856881959 1.2000000000000002
    endloop
  endfacet
  facet normal 0 0 1
    outer loop
      vertex 2.624285712838173 12.676328570715018 1.2000000000000002
      vertex 2.7909142822027206 12.65112856881959 1.2000000000000002
      vertex 2.624285712838173 12.727671423128673 1.2000000000000002
    endloop
  endfacet
  facet normal 0 1 0
    outer loop
      vertex 2.624285712838173 12.727671423128673 1.2000000000000002
      vertex 3.0175999999046326 12.727671423128673 1.2000000000000002
      vertex 3.0175999999046326 12.727671423128673 1
    endloop
  endfacet
  facet normal 0 0 1
    outer loop
      vertex 2.624285712838173 12.727671423128673 1.2000000000000002
      vertex 2.7909142822027206 12.65112856881959 1.2000000000000002
      vertex 3.0175999999046326 12.727671423128673 1.2000000000000002
    endloop
  endfacet
  facet normal 0 0 1
    outer loop
      vertex 2.7909142822027206 12.65112856881959 1.2000000000000002
      vertex 2.8926285728812218 12.596885712019034 1.2000000000000002
      vertex 3.0175999999046326 12.727671423128673 1.2000000000000002
    endloop
  endfacet
  facet normal 1 0 0
    outer loop
      vertex 2.5804300010204315 14.378131427935191 1.2000000000000002
      vertex 2.5804300010204315 14.285714284649917 1
      vertex 2.5804300010204315 14.378131427935191 1
    endloop
  endfacet
  facet normal 1 0 0
    outer loop
      vertex 2.5804300010204315 14.285714284649917 1.2000000000000002
      vertex 2.5804300010204315 14.285714284649917 1
      vertex 2.5804300010204315 14.378131427935191 1.2000000000000002
    endloop
  endfacet
  facet normal 0 0 1
    outer loop
      vertex 2.209012858569622 14.425214284232684 1.2000000000000002
      vertex 2.5804300010204315 14.285714284649917 1.2000000000000002
      vertex 2.5804300010204315 14.378131427935191 1.2000000000000002
    endloop
  endfacet
  facet normal 0.12575902302212144 0.9920608187649189 0
    outer loop
      vertex 2.209012858569622 14.425214284232684 1.2000000000000002
      vertex 2.5804300010204315 14.378131427935191 1.2000000000000002
      vertex 2.5804300010204315 14.378131427935191 1
    endloop
  endfacet
  facet normal -1 0 0
    outer loop
      vertex 3.511657141149044 12.676328570715018 1.2000000000000002
      vertex 3.511657141149044 12.727671423128673 1
      vertex 3.511657141149044 12.676328570715018 1
    endloop
  endfacet
  facet normal -0.14303313978089902 -0.9897178996685965 0
    outer loop
      vertex 3.6860285699367523 12.65112856881959 1.2000000000000002
      vertex 3.511657141149044 12.676328570715018 1
      vertex 3.6860285699367523 12.65112856881959 1
    endloop
  endfacet
  facet normal 0 1 0
    outer loop
      vertex 3.511657141149044 12.727671423128673 1.2000000000000002
      vertex 3.9543857127428055 12.727671423128673 1
      vertex 3.511657141149044 12.727671423128673 1
    endloop
  endfacet
  facet normal 0.14953418367303856 -0.9887565564451333 0
    outer loop
      vertex 3.9543857127428055 12.676328570715018 1.2000000000000002
      vertex 3.7877571433782578 12.65112856881959 1
      vertex 3.9543857127428055 12.676328570715018 1
    endloop
  endfacet
  facet normal -1 0 0
    outer loop
      vertex 3.511657141149044 12.676328570715018 1.2000000000000002
      vertex 3.511657141149044 12.727671423128673 1.2000000000000002
      vertex 3.511657141149044 12.727671423128673 1
    endloop
  endfacet
  facet normal -0.14303313978089902 -0.9897178996685965 0
    outer loop
      vertex 3.511657141149044 12.676328570715018 1.2000000000000002
      vertex 3.511657141149044 12.676328570715018 1
      vertex 3.6860285699367523 12.65112856881959 1.2000000000000002
    endloop
  endfacet
  facet normal 0 1 0
    outer loop
      vertex 3.511657141149044 12.727671423128673 1.2000000000000002
      vertex 3.9543857127428055 12.727671423128673 1.2000000000000002
      vertex 3.9543857127428055 12.727671423128673 1
    endloop
  endfacet
  facet normal 0.14953418367303856 -0.9887565564451333 0
    outer loop
      vertex 3.7877571433782578 12.65112856881959 1.2000000000000002
      vertex 3.7877571433782578 12.65112856881959 1
      vertex 3.9543857127428055 12.676328570715018 1.2000000000000002
    endloop
  endfacet
  facet normal 0 0 1
    outer loop
      vertex 3.511657141149044 12.676328570715018 1.2000000000000002
      vertex 3.6860285699367523 12.65112856881959 1.2000000000000002
      vertex 3.511657141149044 12.727671423128673 1.2000000000000002
    endloop
  endfacet
  facet normal 0 0 1
    outer loop
      vertex 3.511657141149044 12.727671423128673 1.2000000000000002
      vertex 3.6860285699367523 12.65112856881959 1.2000000000000002
      vertex 3.7877571433782578 12.65112856881959 1.2000000000000002
    endloop
  endfacet
  facet normal 0 0 1
    outer loop
      vertex 3.511657141149044 12.727671423128673 1.2000000000000002
      vertex 3.7877571433782578 12.65112856881959 1.2000000000000002
      vertex 3.9543857127428055 12.727671423128673 1.2000000000000002
    endloop
  endfacet
  facet normal 0 0 1
    outer loop
      vertex 3.7877571433782578 12.65112856881959 1.2000000000000002
      vertex 3.9543857127428055 12.676328570715018 1.2000000000000002
      vertex 3.9543857127428055 12.727671423128673 1.2000000000000002
    endloop
  endfacet
  facet normal -1 0 0
    outer loop
      vertex 3.58493285626173 14.285714284649917 1.2000000000000002
      vertex 3.58493285626173 14.378131427935191 1
      vertex 3.58493285626173 14.285714284649917 1
    endloop
  endfacet
  facet normal -0.1550796024974974 0.9879019773688168 0
    outer loop
      vertex 3.58493285626173 14.378131427935191 1.2000000000000002
      vertex 3.8848642855882645 14.425214284232684 1
      vertex 3.58493285626173 14.378131427935191 1
    endloop
  endfacet
  facet normal -1 0 0
    outer loop
      vertex 3.58493285626173 14.285714284649917 1.2000000000000002
      vertex 3.58493285626173 14.378131427935191 1.2000000000000002
      vertex 3.58493285626173 14.378131427935191 1
    endloop
  endfacet
  facet normal 0 -1 0
    outer loop
      vertex 3.58493285626173 14.285714284649917 1.2000000000000002
      vertex 3.58493285626173 14.285714284649917 1
      vertex 4.519595712423325 14.285714284649917 1.2000000000000002
    endloop
  endfacet
  facet normal 0 0 1
    outer loop
      vertex 3.58493285626173 14.285714284649917 1.2000000000000002
      vertex 3.8848642855882645 14.425214284232684 1.2000000000000002
      vertex 3.58493285626173 14.378131427935191 1.2000000000000002
    endloop
  endfacet
  facet normal -0.1550796024974974 0.9879019773688168 0
    outer loop
      vertex 3.58493285626173 14.378131427935191 1.2000000000000002
      vertex 3.8848642855882645 14.425214284232684 1.2000000000000002
      vertex 3.8848642855882645 14.425214284232684 1
    endloop
  endfacet
  facet normal -0.5703636843962637 -0.8213922738387056 0
    outer loop
      vertex 0.7844742834568024 17.096340001693793 1.2000000000000002
      vertex 0.6940799951553345 17.15910857277257 1
      vertex 0.7844742834568024 17.096340001693793 1
    endloop
  endfacet
  facet normal -0.18567536199403703 -0.982611143814471 0
    outer loop
      vertex 0.8951999992132187 17.07541713970048 1.2000000000000002
      vertex 0.7844742834568024 17.096340001693793 1
      vertex 0.8951999992132187 17.07541713970048 1
    endloop
  endfacet
  facet normal 0.18568924765289951 -0.9826085198623611 0
    outer loop
      vertex 1.005917139351368 17.096340001693793 1.2000000000000002
      vertex 0.8951999992132187 17.07541713970048 1
      vertex 1.005917139351368 17.096340001693793 1
    endloop
  endfacet
  facet normal 0.570473189983099 -0.8213162238203425 0
    outer loop
      vertex 1.0962857082486153 17.15910857277257 1.2000000000000002
      vertex 1.005917139351368 17.096340001693793 1
      vertex 1.0962857082486153 17.15910857277257 1
    endloop
  endfacet
  facet normal 0.8349098827486632 -0.5503866710673629 0
    outer loop
      vertex 1.1564571410417557 17.25038571762187 1.2000000000000002
      vertex 1.0962857082486153 17.15910857277257 1
      vertex 1.1564571410417557 17.25038571762187 1
    endloop
  endfacet
  facet normal 0.9826861415027057 -0.18527802702566823 0
    outer loop
      vertex 1.176514282822609 17.356765710881778 1.2000000000000002
      vertex 1.1564571410417557 17.25038571762187 1
      vertex 1.176514282822609 17.356765710881778 1
    endloop
  endfacet
  facet normal 0.9830958450900079 0.1830916692991878 0
    outer loop
      vertex 1.156165711581707 17.466025711170264 1.2000000000000002
      vertex 1.176514282822609 17.356765710881778 1
      vertex 1.156165711581707 17.466025711170264 1
    endloop
  endfacet
  facet normal -0.18567536199403703 -0.982611143814471 0
    outer loop
      vertex 0.7844742834568024 17.096340001693793 1.2000000000000002
      vertex 0.7844742834568024 17.096340001693793 1
      vertex 0.8951999992132187 17.07541713970048 1.2000000000000002
    endloop
  endfacet
  facet normal 0.18568924765289951 -0.9826085198623611 0
    outer loop
      vertex 0.8951999992132187 17.07541713970048 1.2000000000000002
      vertex 0.8951999992132187 17.07541713970048 1
      vertex 1.005917139351368 17.096340001693793 1.2000000000000002
    endloop
  endfacet
  facet normal 0.570473189983099 -0.8213162238203425 0
    outer loop
      vertex 1.005917139351368 17.096340001693793 1.2000000000000002
      vertex 1.005917139351368 17.096340001693793 1
      vertex 1.0962857082486153 17.15910857277257 1.2000000000000002
    endloop
  endfacet
  facet normal 0.8349098827486632 -0.5503866710673629 0
    outer loop
      vertex 1.0962857082486153 17.15910857277257 1.2000000000000002
      vertex 1.0962857082486153 17.15910857277257 1
      vertex 1.1564571410417557 17.25038571762187 1.2000000000000002
    endloop
  endfacet
  facet normal 0 0 1
    outer loop
      vertex 0.6138857081532478 17.356765710881778 1.2000000000000002
      vertex 0.6339342817664146 17.25038571762187 1.2000000000000002
      vertex 1.176514282822609 17.356765710881778 1.2000000000000002
    endloop
  endfacet
  facet normal 0 0 1
    outer loop
      vertex 0.6940799951553345 17.15910857277257 1.2000000000000002
      vertex 1.176514282822609 17.356765710881778 1.2000000000000002
      vertex 0.6339342817664146 17.25038571762187 1.2000000000000002
    endloop
  endfacet
  facet normal 0 0 1
    outer loop
      vertex 0.6940799951553345 17.15910857277257 1.2000000000000002
      vertex 0.7844742834568024 17.096340001693793 1.2000000000000002
      vertex 1.176514282822609 17.356765710881778 1.2000000000000002
    endloop
  endfacet
  facet normal 0 0 1
    outer loop
      vertex 0.7844742834568024 17.096340001693793 1.2000000000000002
      vertex 0.8951999992132187 17.07541713970048 1.2000000000000002
      vertex 1.176514282822609 17.356765710881778 1.2000000000000002
    endloop
  endfacet
  facet normal 0 0 1
    outer loop
      vertex 0.8951999992132187 17.07541713970048 1.2000000000000002
      vertex 1.005917139351368 17.096340001693793 1.2000000000000002
      vertex 1.0962857082486153 17.15910857277257 1.2000000000000002
    endloop
  endfacet
  facet normal 0 0 1
    outer loop
      vertex 0.8951999992132187 17.07541713970048 1.2000000000000002
      vertex 1.0962857082486153 17.15910857277257 1.2000000000000002
      vertex 1.1564571410417557 17.25038571762187 1.2000000000000002
    endloop
  endfacet
  facet normal 0 0 1
    outer loop
      vertex 0.6138857081532478 17.356765710881778 1.2000000000000002
      vertex 1.156165711581707 17.466025711170264 1.2000000000000002
      vertex 1.0951199978590012 17.55668571697814 1.2000000000000002
    endloop
  endfacet
  facet normal 0 0 1
    outer loop
      vertex 0.6138857081532478 17.356765710881778 1.2000000000000002
      vertex 1.176514282822609 17.356765710881778 1.2000000000000002
      vertex 1.156165711581707 17.466025711170264 1.2000000000000002
    endloop
  endfacet
  facet normal 0 0 1
    outer loop
      vertex 0.8951999992132187 17.07541713970048 1.2000000000000002
      vertex 1.1564571410417557 17.25038571762187 1.2000000000000002
      vertex 1.176514282822609 17.356765710881778 1.2000000000000002
    endloop
  endfacet
  facet normal 0.9826861415027057 -0.18527802702566823 0
    outer loop
      vertex 1.1564571410417557 17.25038571762187 1.2000000000000002
      vertex 1.1564571410417557 17.25038571762187 1
      vertex 1.176514282822609 17.356765710881778 1.2000000000000002
    endloop
  endfacet
  facet normal 0.9830958450900079 0.1830916692991878 0
    outer loop
      vertex 1.176514282822609 17.356765710881778 1.2000000000000002
      vertex 1.176514282822609 17.356765710881778 1
      vertex 1.156165711581707 17.466025711170264 1.2000000000000002
    endloop
  endfacet
  facet normal 0.8294836601074974 0.5585309817858538 0
    outer loop
      vertex 1.0951199978590012 17.55668571697814 1.2000000000000002
      vertex 1.156165711581707 17.466025711170264 1.2000000000000002
      vertex 1.156165711581707 17.466025711170264 1
    endloop
  endfacet
  facet normal -1 0 0
    outer loop
      vertex 1.8724642843008041 16.48631714390857 1.2000000000000002
      vertex 1.8724642843008041 16.48631714390857 1
      vertex 1.8724642843008041 14.425214284232684 1
    endloop
  endfacet
  facet normal 0 1 0
    outer loop
      vertex 2.209012858569622 15.359877140394278 1.2000000000000002
      vertex 2.3903499990701675 15.359877140394278 1
      vertex 2.209012858569622 15.359877140394278 1
    endloop
  endfacet
  facet normal 1 0 0
    outer loop
      vertex 2.209012858569622 16.46713428305728 1.2000000000000002
      vertex 2.209012858569622 15.359877140394278 1
      vertex 2.209012858569622 16.46713428305728 1
    endloop
  endfacet
  facet normal -1 0 0
    outer loop
      vertex 1.8724642843008041 14.425214284232684 1.2000000000000002
      vertex 1.8724642843008041 16.48631714390857 1.2000000000000002
      vertex 1.8724642843008041 14.425214284232684 1
    endloop
  endfacet
  facet normal 0 -1 0
    outer loop
      vertex 2.209012858569622 15.202917144766875 1.2000000000000002
      vertex 2.209012858569622 15.202917144766875 1
      vertex 2.4723014310002327 15.202917144766875 1.2000000000000002
    endloop
  endfacet
  facet normal 0 1 0
    outer loop
      vertex 2.209012858569622 15.359877140394278 1.2000000000000002
      vertex 2.3903499990701675 15.359877140394278 1.2000000000000002
      vertex 2.3903499990701675 15.359877140394278 1
    endloop
  endfacet
  facet normal 0 0 1
    outer loop
      vertex 1.8724642843008041 14.425214284232684 1.2000000000000002
      vertex 2.209012858569622 15.359877140394278 1.2000000000000002
      vertex 1.8724642843008041 16.48631714390857 1.2000000000000002
    endloop
  endfacet
  facet normal 0 0 1
    outer loop
      vertex 2.209012858569622 15.202917144766875 1.2000000000000002
      vertex 2.3903499990701675 15.359877140394278 1.2000000000000002
      vertex 2.209012858569622 15.359877140394278 1.2000000000000002
    endloop
  endfacet
  facet normal 1 0 0
    outer loop
      vertex 2.209012858569622 15.359877140394278 1.2000000000000002
      vertex 2.209012858569622 15.359877140394278 1
      vertex 2.209012858569622 16.46713428305728 1.2000000000000002
    endloop
  endfacet
  facet normal 0 0 1
    outer loop
      vertex 2.209012858569622 15.359877140394278 1.2000000000000002
      vertex 2.209012858569622 16.46713428305728 1.2000000000000002
      vertex 1.8724642843008041 16.48631714390857 1.2000000000000002
    endloop
  endfacet
  facet normal -1 0 0
    outer loop
      vertex 1.5725328549742699 16.53167714284999 1.2000000000000002
      vertex 1.5725328549742699 16.624094286135264 1
      vertex 1.5725328549742699 16.53167714284999 1
    endloop
  endfacet
  facet normal -0.14953416708666864 -0.9887565589535658 0
    outer loop
      vertex 1.8724642843008041 16.48631714390857 1.2000000000000002
      vertex 1.5725328549742699 16.53167714284999 1
      vertex 1.8724642843008041 16.48631714390857 1
    endloop
  endfacet
  facet normal 0 1 0
    outer loop
      vertex 1.5725328549742699 16.624094286135264 1.2000000000000002
      vertex 2.4548671394586563 16.624094286135264 1
      vertex 1.5725328549742699 16.624094286135264 1
    endloop
  endfacet
  facet normal 0 -1 0
    outer loop
      vertex 2.379884287714958 16.46713428305728 1.2000000000000002
      vertex 2.209012858569622 16.46713428305728 1
      vertex 2.379884287714958 16.46713428305728 1
    endloop
  endfacet
  facet normal -0.14953416708666864 -0.9887565589535658 0
    outer loop
      vertex 1.5725328549742699 16.53167714284999 1.2000000000000002
      vertex 1.5725328549742699 16.53167714284999 1
      vertex 1.8724642843008041 16.48631714390857 1.2000000000000002
    endloop
  endfacet
  facet normal -1 0 0
    outer loop
      vertex 1.5725328549742699 16.53167714284999 1.2000000000000002
      vertex 1.5725328549742699 16.624094286135264 1.2000000000000002
      vertex 1.5725328549742699 16.624094286135264 1
    endloop
  endfacet
  facet normal 0 0 1
    outer loop
      vertex 1.5725328549742699 16.53167714284999 1.2000000000000002
      vertex 1.8724642843008041 16.48631714390857 1.2000000000000002
      vertex 1.5725328549742699 16.624094286135264 1.2000000000000002
    endloop
  endfacet
  facet normal 0 -1 0
    outer loop
      vertex 2.209012858569622 16.46713428305728 1.2000000000000002
      vertex 2.209012858569622 16.46713428305728 1
      vertex 2.379884287714958 16.46713428305728 1.2000000000000002
    endloop
  endfacet
  facet normal 0 1 0
    outer loop
      vertex 1.5725328549742699 16.624094286135264 1.2000000000000002
      vertex 2.4548671394586563 16.624094286135264 1.2000000000000002
      vertex 2.4548671394586563 16.624094286135264 1
    endloop
  endfacet
  facet normal 0 0 1
    outer loop
      vertex 1.5725328549742699 16.624094286135264 1.2000000000000002
      vertex 1.8724642843008041 16.48631714390857 1.2000000000000002
      vertex 2.4548671394586563 16.624094286135264 1.2000000000000002
    endloop
  endfacet
  facet normal 0 0 1
    outer loop
      vertex 1.8724642843008041 16.48631714390857 1.2000000000000002
      vertex 2.209012858569622 16.46713428305728 1.2000000000000002
      vertex 2.4548671394586563 16.624094286135264 1.2000000000000002
    endloop
  endfacet
  facet normal -0.18307778154000537 0.9830984314433575 0
    outer loop
      vertex 0.7859314233064651 17.617731430700847 1.2000000000000002
      vertex 0.8951999992132187 17.63808000194175 1
      vertex 0.7859314233064651 17.617731430700847 1
    endloop
  endfacet
  facet normal 0.1830916692991878 0.9830958450900079 0
    outer loop
      vertex 0.8951999992132187 17.63808000194175 1.2000000000000002
      vertex 1.0044599995017052 17.617731430700847 1
      vertex 0.8951999992132187 17.63808000194175 1
    endloop
  endfacet
  facet normal 0.5585310133676868 0.8294836388419393 0
    outer loop
      vertex 1.0044599995017052 17.617731430700847 1.2000000000000002
      vertex 1.0951199978590012 17.55668571697814 1
      vertex 1.0044599995017052 17.617731430700847 1
    endloop
  endfacet
  facet normal 0.8294836601074974 0.5585309817858538 0
    outer loop
      vertex 1.0951199978590012 17.55668571697814 1.2000000000000002
      vertex 1.156165711581707 17.466025711170264 1
      vertex 1.0951199978590012 17.55668571697814 1
    endloop
  endfacet
  facet normal -0.5584220409021425 0.8295570048132231 0
    outer loop
      vertex 0.6952457129955292 17.55668571697814 1.2000000000000002
      vertex 0.7859314233064651 17.617731430700847 1.2000000000000002
      vertex 0.7859314233064651 17.617731430700847 1
    endloop
  endfacet
  facet normal -0.18307778154000537 0.9830984314433575 0
    outer loop
      vertex 0.7859314233064651 17.617731430700847 1.2000000000000002
      vertex 0.8951999992132187 17.63808000194175 1.2000000000000002
      vertex 0.8951999992132187 17.63808000194175 1
    endloop
  endfacet
  facet normal 0.1830916692991878 0.9830958450900079 0
    outer loop
      vertex 0.8951999992132187 17.63808000194175 1.2000000000000002
      vertex 1.0044599995017052 17.617731430700847 1.2000000000000002
      vertex 1.0044599995017052 17.617731430700847 1
    endloop
  endfacet
  facet normal 0.5585310133676868 0.8294836388419393 0
    outer loop
      vertex 1.0044599995017052 17.617731430700847 1.2000000000000002
      vertex 1.0951199978590012 17.55668571697814 1.2000000000000002
      vertex 1.0951199978590012 17.55668571697814 1
    endloop
  endfacet
  facet normal 0 0 1
    outer loop
      vertex 0.6138857081532478 17.356765710881778 1.2000000000000002
      vertex 0.8951999992132187 17.63808000194175 1.2000000000000002
      vertex 0.7859314233064651 17.617731430700847 1.2000000000000002
    endloop
  endfacet
  facet normal 0 0 1
    outer loop
      vertex 0.6138857081532478 17.356765710881778 1.2000000000000002
      vertex 1.0044599995017052 17.617731430700847 1.2000000000000002
      vertex 0.8951999992132187 17.63808000194175 1.2000000000000002
    endloop
  endfacet
  facet normal 0 0 1
    outer loop
      vertex 0.6138857081532478 17.356765710881778 1.2000000000000002
      vertex 1.0951199978590012 17.55668571697814 1.2000000000000002
      vertex 1.0044599995017052 17.617731430700847 1.2000000000000002
    endloop
  endfacet
  facet normal 0 -1 0
    outer loop
      vertex 2.4723014310002327 15.202917144766875 1.2000000000000002
      vertex 2.209012858569622 15.202917144766875 1
      vertex 2.4723014310002327 15.202917144766875 1
    endloop
  endfacet
  facet normal -0.1299413714396773 0.991521679030961 0
    outer loop
      vertex 2.3903499990701675 15.359877140394278 1.2000000000000002
      vertex 2.6464578583836555 15.393440709582396 1
      vertex 2.3903499990701675 15.359877140394278 1
    endloop
  endfacet
  facet normal 0.12884798579953669 -0.9916643568039554 0
    outer loop
      vertex 2.8313049972057343 15.249562853149005 1.2000000000000002
      vertex 2.4723014310002327 15.202917144766875 1
      vertex 2.8313049972057343 15.249562853149005 1
    endloop
  endfacet
  facet normal -0.49037272033503454 0.8715128198432986 0
    outer loop
      vertex 2.6464578583836555 15.393440709582396 1.2000000000000002
      vertex 2.8254100009799004 15.494131424597331 1
      vertex 2.6464578583836555 15.393440709582396 1
    endloop
  endfacet
  facet normal -0.8588969819799229 0.5121483909432692 0
    outer loop
      vertex 2.8254100009799004 15.494131424597331 1.2000000000000002
      vertex 2.930690713226795 15.67069213943822 1
      vertex 2.8254100009799004 15.494131424597331 1
    endloop
  endfacet
  facet normal 0.4678018218479688 -0.8838333867170449 0
    outer loop
      vertex 3.0956928580999374 15.389500000647136 1.2000000000000002
      vertex 2.8313049972057343 15.249562853149005 1
      vertex 3.0956928580999374 15.389500000647136 1
    endloop
  endfacet
  facet normal -0.9910894852766612 0.13319771835148994 0
    outer loop
      vertex 2.930690713226795 15.67069213943822 1.2000000000000002
      vertex 2.965784288942814 15.931814284196921 1
      vertex 2.930690713226795 15.67069213943822 1
    endloop
  endfacet
  facet normal -0.853243163201077 -0.521513283100843 0
    outer loop
      vertex 2.93221428245306 16.178549283317157 1.2000000000000002
      vertex 2.8315042853355408 16.343319998255797 1
      vertex 2.93221428245306 16.178549283317157 1
    endloop
  endfacet
  facet normal -0.9908708083668654 -0.13481484015639658 0
    outer loop
      vertex 2.965784288942814 15.931814284196921 1.2000000000000002
      vertex 2.93221428245306 16.178549283317157 1
      vertex 2.965784288942814 15.931814284196921 1
    endloop
  endfacet
  facet normal 0.12884798579953669 -0.9916643568039554 0
    outer loop
      vertex 2.4723014310002327 15.202917144766875 1.2000000000000002
      vertex 2.4723014310002327 15.202917144766875 1
      vertex 2.8313049972057343 15.249562853149005 1.2000000000000002
    endloop
  endfacet
  facet normal -0.1299413714396773 0.991521679030961 0
    outer loop
      vertex 2.3903499990701675 15.359877140394278 1.2000000000000002
      vertex 2.6464578583836555 15.393440709582396 1.2000000000000002
      vertex 2.6464578583836555 15.393440709582396 1
    endloop
  endfacet
  facet normal 0 0 1
    outer loop
      vertex 2.209012858569622 15.202917144766875 1.2000000000000002
      vertex 2.4723014310002327 15.202917144766875 1.2000000000000002
      vertex 2.3903499990701675 15.359877140394278 1.2000000000000002
    endloop
  endfacet
  facet normal 0 0 1
    outer loop
      vertex 2.4723014310002327 15.202917144766875 1.2000000000000002
      vertex 2.6464578583836555 15.393440709582396 1.2000000000000002
      vertex 2.3903499990701675 15.359877140394278 1.2000000000000002
    endloop
  endfacet
  facet normal 0 0 1
    outer loop
      vertex 2.4723014310002327 15.202917144766875 1.2000000000000002
      vertex 2.8313049972057343 15.249562853149005 1.2000000000000002
      vertex 2.6464578583836555 15.393440709582396 1.2000000000000002
    endloop
  endfacet
  facet normal 0.4678018218479688 -0.8838333867170449 0
    outer loop
      vertex 2.8313049972057343 15.249562853149005 1.2000000000000002
      vertex 2.8313049972057343 15.249562853149005 1
      vertex 3.0956928580999374 15.389500000647136 1.2000000000000002
    endloop
  endfacet
  facet normal -0.49037272033503454 0.8715128198432986 0
    outer loop
      vertex 2.6464578583836555 15.393440709582396 1.2000000000000002
      vertex 2.8254100009799004 15.494131424597331 1.2000000000000002
      vertex 2.8254100009799004 15.494131424597331 1
    endloop
  endfacet
  facet normal -0.8588969819799229 0.5121483909432692 0
    outer loop
      vertex 2.8254100009799004 15.494131424597331 1.2000000000000002
      vertex 2.930690713226795 15.67069213943822 1.2000000000000002
      vertex 2.930690713226795 15.67069213943822 1
    endloop
  endfacet
  facet normal 0 0 1
    outer loop
      vertex 2.6464578583836555 15.393440709582396 1.2000000000000002
      vertex 2.8313049972057343 15.249562853149005 1.2000000000000002
      vertex 2.8254100009799004 15.494131424597331 1.2000000000000002
    endloop
  endfacet
  facet normal 0 0 1
    outer loop
      vertex 2.8313049972057343 15.249562853149005 1.2000000000000002
      vertex 3.0956928580999374 15.389500000647136 1.2000000000000002
      vertex 2.8254100009799004 15.494131424597331 1.2000000000000002
    endloop
  endfacet
  facet normal 0 0 1
    outer loop
      vertex 2.8254100009799004 15.494131424597331 1.2000000000000002
      vertex 3.0956928580999374 15.389500000647136 1.2000000000000002
      vertex 2.930690713226795 15.67069213943822 1.2000000000000002
    endloop
  endfacet
  facet normal 0 0 1
    outer loop
      vertex 2.930690713226795 15.67069213943822 1.2000000000000002
      vertex 3.0956928580999374 15.389500000647136 1.2000000000000002
      vertex 3.258522145450115 15.619244285992213 1.2000000000000002
    endloop
  endfacet
  facet normal -0.9908708083668654 -0.13481484015639658 0
    outer loop
      vertex 2.93221428245306 16.178549283317157 1.2000000000000002
      vertex 2.93221428245306 16.178549283317157 1
      vertex 2.965784288942814 15.931814284196921 1.2000000000000002
    endloop
  endfacet
  facet normal -0.9910894852766612 0.13319771835148994 0
    outer loop
      vertex 2.930690713226795 15.67069213943822 1.2000000000000002
      vertex 2.965784288942814 15.931814284196921 1.2000000000000002
      vertex 2.965784288942814 15.931814284196921 1
    endloop
  endfacet
  facet normal 0 0 1
    outer loop
      vertex 2.930690713226795 15.67069213943822 1.2000000000000002
      vertex 3.258522145450115 15.619244285992213 1.2000000000000002
      vertex 2.965784288942814 15.931814284196921 1.2000000000000002
    endloop
  endfacet
  facet normal 0 0 1
    outer loop
      vertex 2.93221428245306 16.178549283317157 1.2000000000000002
      vertex 2.965784288942814 15.931814284196921 1.2000000000000002
      vertex 3.312798574566841 15.935311430266925 1.2000000000000002
    endloop
  endfacet
  facet normal 0 0 1
    outer loop
      vertex 2.93221428245306 16.178549283317157 1.2000000000000002
      vertex 3.312798574566841 15.935311430266925 1.2000000000000002
      vertex 3.098315715789795 16.45189856844289 1.2000000000000002
    endloop
  endfacet
  facet normal -0.1132394860168688 -0.9935677223051458 0
    outer loop
      vertex 2.651472143828869 16.43618071185691 1.2000000000000002
      vertex 2.379884287714958 16.46713428305728 1
      vertex 2.651472143828869 16.43618071185691 1
    endloop
  endfacet
  facet normal 0.25851674307810674 0.9660067771751336 0
    outer loop
      vertex 2.4548671394586563 16.624094286135264 1.2000000000000002
      vertex 3.098315715789795 16.45189856844289 1
      vertex 2.4548671394586563 16.624094286135264 1
    endloop
  endfacet
  facet normal -0.45841251903166913 -0.8887395357443256 0
    outer loop
      vertex 2.8315042853355408 16.343319998255797 1.2000000000000002
      vertex 2.651472143828869 16.43618071185691 1
      vertex 2.8315042853355408 16.343319998255797 1
    endloop
  endfacet
  facet normal -0.1132394860168688 -0.9935677223051458 0
    outer loop
      vertex 2.379884287714958 16.46713428305728 1.2000000000000002
      vertex 2.379884287714958 16.46713428305728 1
      vertex 2.651472143828869 16.43618071185691 1.2000000000000002
    endloop
  endfacet
  facet normal -0.45841251903166913 -0.8887395357443256 0
    outer loop
      vertex 2.651472143828869 16.43618071185691 1.2000000000000002
      vertex 2.651472143828869 16.43618071185691 1
      vertex 2.8315042853355408 16.343319998255797 1.2000000000000002
    endloop
  endfacet
  facet normal 0 0 1
    outer loop
      vertex 2.209012858569622 16.46713428305728 1.2000000000000002
      vertex 2.379884287714958 16.46713428305728 1.2000000000000002
      vertex 2.4548671394586563 16.624094286135264 1.2000000000000002
    endloop
  endfacet
  facet normal 0 0 1
    outer loop
      vertex 2.379884287714958 16.46713428305728 1.2000000000000002
      vertex 2.651472143828869 16.43618071185691 1.2000000000000002
      vertex 2.4548671394586563 16.624094286135264 1.2000000000000002
    endloop
  endfacet
  facet normal 0 0 1
    outer loop
      vertex 2.4548671394586563 16.624094286135264 1.2000000000000002
      vertex 2.651472143828869 16.43618071185691 1.2000000000000002
      vertex 3.098315715789795 16.45189856844289 1.2000000000000002
    endloop
  endfacet
  facet normal -0.853243163201077 -0.521513283100843 0
    outer loop
      vertex 2.93221428245306 16.178549283317157 1.2000000000000002
      vertex 2.8315042853355408 16.343319998255797 1.2000000000000002
      vertex 2.8315042853355408 16.343319998255797 1
    endloop
  endfacet
  facet normal 0.25851674307810674 0.9660067771751336 0
    outer loop
      vertex 2.4548671394586563 16.624094286135264 1.2000000000000002
      vertex 3.098315715789795 16.45189856844289 1.2000000000000002
      vertex 3.098315715789795 16.45189856844289 1
    endloop
  endfacet
  facet normal 0 0 1
    outer loop
      vertex 2.651472143828869 16.43618071185691 1.2000000000000002
      vertex 2.8315042853355408 16.343319998255797 1.2000000000000002
      vertex 3.098315715789795 16.45189856844289 1.2000000000000002
    endloop
  endfacet
  facet normal 0 0 1
    outer loop
      vertex 2.93221428245306 16.178549283317157 1.2000000000000002
      vertex 3.098315715789795 16.45189856844289 1.2000000000000002
      vertex 2.8315042853355408 16.343319998255797 1.2000000000000002
    endloop
  endfacet
  facet normal 0.8158674150701428 -0.5782390172124009 0
    outer loop
      vertex 3.258522145450115 15.619244285992213 1.2000000000000002
      vertex 3.0956928580999374 15.389500000647136 1
      vertex 3.258522145450115 15.619244285992213 1
    endloop
  endfacet
  facet normal 0.9855736652078289 -0.16924701016208873 0
    outer loop
      vertex 3.312798574566841 15.935311430266925 1.2000000000000002
      vertex 3.258522145450115 15.619244285992213 1
      vertex 3.312798574566841 15.935311430266925 1
    endloop
  endfacet
  facet normal -1 0 0
    outer loop
      vertex 3.8848642855882645 14.425214284232684 1.2000000000000002
      vertex 3.8848642855882645 16.48631714390857 1
      vertex 3.8848642855882645 14.425214284232684 1
    endloop
  endfacet
  facet normal 0.8158674150701428 -0.5782390172124009 0
    outer loop
      vertex 3.0956928580999374 15.389500000647136 1.2000000000000002
      vertex 3.0956928580999374 15.389500000647136 1
      vertex 3.258522145450115 15.619244285992213 1.2000000000000002
    endloop
  endfacet
  facet normal 0.9855736652078289 -0.16924701016208873 0
    outer loop
      vertex 3.258522145450115 15.619244285992213 1.2000000000000002
      vertex 3.258522145450115 15.619244285992213 1
      vertex 3.312798574566841 15.935311430266925 1.2000000000000002
    endloop
  endfacet
  facet normal 0.9235597161733679 0.38345462660107305 0
    outer loop
      vertex 3.098315715789795 16.45189856844289 1.2000000000000002
      vertex 3.312798574566841 15.935311430266925 1.2000000000000002
      vertex 3.312798574566841 15.935311430266925 1
    endloop
  endfacet
  facet normal 0 0 1
    outer loop
      vertex 3.258522145450115 15.619244285992213 1.2000000000000002
      vertex 3.312798574566841 15.935311430266925 1.2000000000000002
      vertex 2.965784288942814 15.931814284196921 1.2000000000000002
    endloop
  endfacet
  facet normal -1 0 0
    outer loop
      vertex 3.8848642855882645 14.425214284232684 1.2000000000000002
      vertex 3.8848642855882645 16.48631714390857 1.2000000000000002
      vertex 3.8848642855882645 16.48631714390857 1
    endloop
  endfacet
  facet normal 0.9235597161733679 0.38345462660107305 0
    outer loop
      vertex 3.098315715789795 16.45189856844289 1.2000000000000002
      vertex 3.312798574566841 15.935311430266925 1
      vertex 3.098315715789795 16.45189856844289 1
    endloop
  endfacet
  facet normal -1 0 0
    outer loop
      vertex 3.58493285626173 16.53167714284999 1.2000000000000002
      vertex 3.58493285626173 16.624094286135264 1
      vertex 3.58493285626173 16.53167714284999 1
    endloop
  endfacet
  facet normal -0.14953416708666864 -0.9887565589535658 0
    outer loop
      vertex 3.8848642855882645 16.48631714390857 1.2000000000000002
      vertex 3.58493285626173 16.53167714284999 1
      vertex 3.8848642855882645 16.48631714390857 1
    endloop
  endfacet
  facet normal 0 1 0
    outer loop
      vertex 3.58493285626173 16.624094286135264 1.2000000000000002
      vertex 4.519595712423325 16.624094286135264 1
      vertex 3.58493285626173 16.624094286135264 1
    endloop
  endfacet
  facet normal -0.14953416708666864 -0.9887565589535658 0
    outer loop
      vertex 3.58493285626173 16.53167714284999 1.2000000000000002
      vertex 3.58493285626173 16.53167714284999 1
      vertex 3.8848642855882645 16.48631714390857 1.2000000000000002
    endloop
  endfacet
  facet normal -1 0 0
    outer loop
      vertex 3.58493285626173 16.53167714284999 1.2000000000000002
      vertex 3.58493285626173 16.624094286135264 1.2000000000000002
      vertex 3.58493285626173 16.624094286135264 1
    endloop
  endfacet
  facet normal 0 0 1
    outer loop
      vertex 3.58493285626173 16.53167714284999 1.2000000000000002
      vertex 3.8848642855882645 16.48631714390857 1.2000000000000002
      vertex 3.58493285626173 16.624094286135264 1.2000000000000002
    endloop
  endfacet
  facet normal 0 0 1
    outer loop
      vertex 3.58493285626173 16.624094286135264 1.2000000000000002
      vertex 3.8848642855882645 16.48631714390857 1.2000000000000002
      vertex 4.21966428309679 16.48631714390857 1.2000000000000002
    endloop
  endfacet
  facet normal 0.9327989292512262 -0.36039722194790275 0
    outer loop
      vertex 4.226164288818836 3.722242855599948 1.2000000000000002
      vertex 3.880321428179741 2.827114285102912 1
      vertex 4.226164288818836 3.722242855599948 1
    endloop
  endfacet
  facet normal -0.9322305801610548 0.3618648164889527 0
    outer loop
      vertex 3.8996928557753563 3.164242857268878 1.2000000000000002
      vertex 4.249407142400742 4.065171429089137 1
      vertex 3.8996928557753563 3.164242857268878 1
    endloop
  endfacet
  facet normal 0 -1 0
    outer loop
      vertex 4.614621430635452 2.827114285102912 1.2000000000000002
      vertex 4.563278570771217 2.827114285102912 1
      vertex 4.614621430635452 2.827114285102912 1
    endloop
  endfacet
  facet normal -0.9358329260390982 -0.35244394524675837 0
    outer loop
      vertex 4.563278570771217 2.827114285102912 1.2000000000000002
      vertex 4.226164288818836 3.722242855599948 1
      vertex 4.563278570771217 2.827114285102912 1
    endloop
  endfacet
  facet normal -0.9519540357434213 0.3062409408159088 0
    outer loop
      vertex 4.630121432244778 3.164242857268878 1.2000000000000002
      vertex 4.9246214255690575 4.079700001648494 1
      vertex 4.630121432244778 3.164242857268878 1
    endloop
  endfacet
  facet normal 0.9327989292512262 -0.36039722194790275 0
    outer loop
      vertex 3.880321428179741 2.827114285102912 1.2000000000000002
      vertex 3.880321428179741 2.827114285102912 1
      vertex 4.226164288818836 3.722242855599948 1.2000000000000002
    endloop
  endfacet
  facet normal -0.9358329260390982 -0.35244394524675837 0
    outer loop
      vertex 4.226164288818836 3.722242855599948 1.2000000000000002
      vertex 4.226164288818836 3.722242855599948 1
      vertex 4.563278570771217 2.827114285102912 1.2000000000000002
    endloop
  endfacet
  facet normal 0 0 1
    outer loop
      vertex 3.880321428179741 2.827114285102912 1.2000000000000002
      vertex 4.226164288818836 3.722242855599948 1.2000000000000002
      vertex 3.8996928557753563 3.164242857268878 1.2000000000000002
    endloop
  endfacet
  facet normal 0 0 1
    outer loop
      vertex 3.8996928557753563 3.164242857268878 1.2000000000000002
      vertex 4.226164288818836 3.722242855599948 1.2000000000000002
      vertex 4.249407142400742 4.065171429089137 1.2000000000000002
    endloop
  endfacet
  facet normal 0 -1 0
    outer loop
      vertex 4.563278570771217 2.827114285102912 1.2000000000000002
      vertex 4.563278570771217 2.827114285102912 1
      vertex 4.614621430635452 2.827114285102912 1.2000000000000002
    endloop
  endfacet
  facet normal 0.9365797773147257 0.35045444885904775 0
    outer loop
      vertex 4.630121432244778 3.164242857268878 1.2000000000000002
      vertex 4.630121432244778 3.164242857268878 1
      vertex 4.293007142841816 4.065171429089137 1.2000000000000002
    endloop
  endfacet
  facet normal 0.9471327704786674 -0.32084188486761545 0
    outer loop
      vertex 4.614621430635452 2.827114285102912 1.2000000000000002
      vertex 4.614621430635452 2.827114285102912 1
      vertex 5.038935713469982 4.079700001648494 1.2000000000000002
    endloop
  endfacet
  facet normal 0 0 1
    outer loop
      vertex 4.226164288818836 3.722242855599948 1.2000000000000002
      vertex 4.563278570771217 2.827114285102912 1.2000000000000002
      vertex 4.630121432244778 3.164242857268878 1.2000000000000002
    endloop
  endfacet
  facet normal 0 0 1
    outer loop
      vertex 4.226164288818836 3.722242855599948 1.2000000000000002
      vertex 4.630121432244778 3.164242857268878 1.2000000000000002
      vertex 4.249407142400742 4.065171429089137 1.2000000000000002
    endloop
  endfacet
  facet normal 0 0 1
    outer loop
      vertex 4.563278570771217 2.827114285102912 1.2000000000000002
      vertex 4.614621430635452 2.827114285102912 1.2000000000000002
      vertex 5.038935713469982 4.079700001648494 1.2000000000000002
    endloop
  endfacet
  facet normal 0 0 1
    outer loop
      vertex 4.563278570771217 2.827114285102912 1.2000000000000002
      vertex 5.038935713469982 4.079700001648494 1.2000000000000002
      vertex 4.630121432244778 3.164242857268878 1.2000000000000002
    endloop
  endfacet
  facet normal 0 1 0
    outer loop
      vertex 4.249407142400742 4.065171429089137 1.2000000000000002
      vertex 4.293007142841816 4.065171429089137 1
      vertex 4.249407142400742 4.065171429089137 1
    endloop
  endfacet
  facet normal 0.9365797773147257 0.35045444885904775 0
    outer loop
      vertex 4.293007142841816 4.065171429089137 1.2000000000000002
      vertex 4.630121432244778 3.164242857268878 1
      vertex 4.293007142841816 4.065171429089137 1
    endloop
  endfacet
  facet normal -1 0 0
    outer loop
      vertex 4.722164288163185 4.104900003543921 1.2000000000000002
      vertex 4.722164288163185 4.156242855957576 1
      vertex 4.722164288163185 4.104900003543921 1
    endloop
  endfacet
  facet normal -0.9322305801610548 0.3618648164889527 0
    outer loop
      vertex 3.8996928557753563 3.164242857268878 1.2000000000000002
      vertex 4.249407142400742 4.065171429089137 1.2000000000000002
      vertex 4.249407142400742 4.065171429089137 1
    endloop
  endfacet
  facet normal 0 1 0
    outer loop
      vertex 4.249407142400742 4.065171429089137 1.2000000000000002
      vertex 4.293007142841816 4.065171429089137 1.2000000000000002
      vertex 4.293007142841816 4.065171429089137 1
    endloop
  endfacet
  facet normal -1 0 0
    outer loop
      vertex 4.722164288163185 4.104900003543921 1.2000000000000002
      vertex 4.722164288163185 4.156242855957576 1.2000000000000002
      vertex 4.722164288163185 4.156242855957576 1
    endloop
  endfacet
  facet normal 0 0 1
    outer loop
      vertex 4.630121432244778 3.164242857268878 1.2000000000000002
      vertex 4.293007142841816 4.065171429089137 1.2000000000000002
      vertex 4.249407142400742 4.065171429089137 1.2000000000000002
    endloop
  endfacet
  facet normal 0.9471327704786674 -0.32084188486761545 0
    outer loop
      vertex 5.038935713469982 4.079700001648494 1.2000000000000002
      vertex 4.614621430635452 2.827114285102912 1
      vertex 5.038935713469982 4.079700001648494 1
    endloop
  endfacet
  facet normal -1 0 0
    outer loop
      vertex 5.2134357169270515 2.857142859271594 1.2000000000000002
      vertex 5.2134357169270515 2.908485719135829 1
      vertex 5.2134357169270515 2.857142859271594 1
    endloop
  endfacet
  facet normal -0.15507959517321107 0.987901978518574 0
    outer loop
      vertex 5.2134357169270515 2.908485719135829 1.2000000000000002
      vertex 5.380064286291599 2.9346428598676404 1
      vertex 5.2134357169270515 2.908485719135829 1
    endloop
  endfacet
  facet normal 0 -1 0
    outer loop
      vertex 5.656149998307228 2.857142859271594 1.2000000000000002
      vertex 5.2134357169270515 2.857142859271594 1
      vertex 5.656149998307228 2.857142859271594 1
    endloop
  endfacet
  facet normal 0.1483483647139306 0.9889351660683843 0
    outer loop
      vertex 5.48177856951952 2.9346428598676404 1.2000000000000002
      vertex 5.656149998307228 2.908485719135829 1
      vertex 5.48177856951952 2.9346428598676404 1
    endloop
  endfacet
  facet normal -1 0 0
    outer loop
      vertex 5.380064286291599 2.9346428598676404 1.2000000000000002
      vertex 5.380064286291599 4.079700001648494 1
      vertex 5.380064286291599 2.9346428598676404 1
    endloop
  endfacet
  facet normal 1 0 0
    outer loop
      vertex 5.48177856951952 4.0254571448479375 1.2000000000000002
      vertex 5.48177856951952 2.9346428598676404 1
      vertex 5.48177856951952 4.0254571448479375 1
    endloop
  endfacet
  facet normal -1 0 0
    outer loop
      vertex 5.2134357169270515 2.857142859271594 1.2000000000000002
      vertex 5.2134357169270515 2.908485719135829 1.2000000000000002
      vertex 5.2134357169270515 2.908485719135829 1
    endloop
  endfacet
  facet normal 0 -1 0
    outer loop
      vertex 5.2134357169270515 2.857142859271594 1.2000000000000002
      vertex 5.2134357169270515 2.857142859271594 1
      vertex 5.656149998307228 2.857142859271594 1.2000000000000002
    endloop
  endfacet
  facet normal -0.15507959517321107 0.987901978518574 0
    outer loop
      vertex 5.2134357169270515 2.908485719135829 1.2000000000000002
      vertex 5.380064286291599 2.9346428598676404 1.2000000000000002
      vertex 5.380064286291599 2.9346428598676404 1
    endloop
  endfacet
  facet normal 0 0 1
    outer loop
      vertex 5.2134357169270515 2.857142859271594 1.2000000000000002
      vertex 5.380064286291599 2.9346428598676404 1.2000000000000002
      vertex 5.2134357169270515 2.908485719135829 1.2000000000000002
    endloop
  endfacet
  facet normal 0 0 1
    outer loop
      vertex 5.2134357169270515 2.857142859271594 1.2000000000000002
      vertex 5.656149998307228 2.857142859271594 1.2000000000000002
      vertex 5.380064286291599 2.9346428598676404 1.2000000000000002
    endloop
  endfacet
  facet normal 0 0 1
    outer loop
      vertex 5.380064286291599 2.9346428598676404 1.2000000000000002
      vertex 5.656149998307228 2.857142859271594 1.2000000000000002
      vertex 5.48177856951952 2.9346428598676404 1.2000000000000002
    endloop
  endfacet
  facet normal 1 0 0
    outer loop
      vertex 5.48177856951952 2.9346428598676404 1.2000000000000002
      vertex 5.48177856951952 2.9346428598676404 1
      vertex 5.48177856951952 4.0254571448479375 1.2000000000000002
    endloop
  endfacet
  facet normal -1 0 0
    outer loop
      vertex 5.380064286291599 2.9346428598676404 1.2000000000000002
      vertex 5.380064286291599 4.079700001648494 1.2000000000000002
      vertex 5.380064286291599 4.079700001648494 1
    endloop
  endfacet
  facet normal 0 0 1
    outer loop
      vertex 5.380064286291599 2.9346428598676404 1.2000000000000002
      vertex 5.48177856951952 2.9346428598676404 1.2000000000000002
      vertex 5.48177856951952 4.0254571448479375 1.2000000000000002
    endloop
  endfacet
  facet normal 0 0 1
    outer loop
      vertex 5.380064286291599 2.9346428598676404 1.2000000000000002
      vertex 5.48177856951952 4.0254571448479375 1.2000000000000002
      vertex 5.380064286291599 4.079700001648494 1.2000000000000002
    endloop
  endfacet
  facet normal -0.12351764953533019 -0.9923423755202976 0
    outer loop
      vertex 4.9246214255690575 4.079700001648494 1.2000000000000002
      vertex 4.722164288163185 4.104900003543921 1
      vertex 4.9246214255690575 4.079700001648494 1
    endloop
  endfacet
  facet normal 0 1 0
    outer loop
      vertex 4.722164288163185 4.156242855957576 1.2000000000000002
      vertex 5.152278572320938 4.156242855957576 1
      vertex 4.722164288163185 4.156242855957576 1
    endloop
  endfacet
  facet normal 0.21703468735239387 -0.9761638922260178 0
    outer loop
      vertex 5.152278572320938 4.104900003543921 1.2000000000000002
      vertex 5.038935713469982 4.079700001648494 1
      vertex 5.152278572320938 4.104900003543921 1
    endloop
  endfacet
  facet normal 1 0 0
    outer loop
      vertex 5.152278572320938 4.156242855957576 1.2000000000000002
      vertex 5.152278572320938 4.104900003543921 1
      vertex 5.152278572320938 4.156242855957576 1
    endloop
  endfacet
  facet normal -1 0 0
    outer loop
      vertex 5.2134357169270515 4.104900003543921 1.2000000000000002
      vertex 5.2134357169270515 4.156242855957576 1
      vertex 5.2134357169270515 4.104900003543921 1
    endloop
  endfacet
  facet normal -0.14953418367303856 -0.9887565564451333 0
    outer loop
      vertex 5.380064286291599 4.079700001648494 1.2000000000000002
      vertex 5.2134357169270515 4.104900003543921 1
      vertex 5.380064286291599 4.079700001648494 1
    endloop
  endfacet
  facet normal 0 1 0
    outer loop
      vertex 5.2134357169270515 4.156242855957576 1.2000000000000002
      vertex 5.606749996542931 4.156242855957576 1
      vertex 5.2134357169270515 4.156242855957576 1
    endloop
  endfacet
  facet normal -0.9519540357434213 0.3062409408159088 0
    outer loop
      vertex 4.630121432244778 3.164242857268878 1.2000000000000002
      vertex 4.9246214255690575 4.079700001648494 1.2000000000000002
      vertex 4.9246214255690575 4.079700001648494 1
    endloop
  endfacet
  facet normal -0.12351764953533019 -0.9923423755202976 0
    outer loop
      vertex 4.722164288163185 4.104900003543921 1.2000000000000002
      vertex 4.722164288163185 4.104900003543921 1
      vertex 4.9246214255690575 4.079700001648494 1.2000000000000002
    endloop
  endfacet
  facet normal 0 1 0
    outer loop
      vertex 4.722164288163185 4.156242855957576 1.2000000000000002
      vertex 5.152278572320938 4.156242855957576 1.2000000000000002
      vertex 5.152278572320938 4.156242855957576 1
    endloop
  endfacet
  facet normal 0.21703468735239387 -0.9761638922260178 0
    outer loop
      vertex 5.038935713469982 4.079700001648494 1.2000000000000002
      vertex 5.038935713469982 4.079700001648494 1
      vertex 5.152278572320938 4.104900003543921 1.2000000000000002
    endloop
  endfacet
  facet normal 1 0 0
    outer loop
      vertex 5.152278572320938 4.104900003543921 1.2000000000000002
      vertex 5.152278572320938 4.104900003543921 1
      vertex 5.152278572320938 4.156242855957576 1.2000000000000002
    endloop
  endfacet
  facet normal 0 0 1
    outer loop
      vertex 4.630121432244778 3.164242857268878 1.2000000000000002
      vertex 5.038935713469982 4.079700001648494 1.2000000000000002
      vertex 4.9246214255690575 4.079700001648494 1.2000000000000002
    endloop
  endfacet
  facet normal 0 0 1
    outer loop
      vertex 4.722164288163185 4.104900003543921 1.2000000000000002
      vertex 4.9246214255690575 4.079700001648494 1.2000000000000002
      vertex 4.722164288163185 4.156242855957576 1.2000000000000002
    endloop
  endfacet
  facet normal 0 0 1
    outer loop
      vertex 4.722164288163185 4.156242855957576 1.2000000000000002
      vertex 4.9246214255690575 4.079700001648494 1.2000000000000002
      vertex 5.038935713469982 4.079700001648494 1.2000000000000002
    endloop
  endfacet
  facet normal 0 0 1
    outer loop
      vertex 4.722164288163185 4.156242855957576 1.2000000000000002
      vertex 5.038935713469982 4.079700001648494 1.2000000000000002
      vertex 5.152278572320938 4.156242855957576 1.2000000000000002
    endloop
  endfacet
  facet normal 0 0 1
    outer loop
      vertex 5.038935713469982 4.079700001648494 1.2000000000000002
      vertex 5.152278572320938 4.104900003543921 1.2000000000000002
      vertex 5.152278572320938 4.156242855957576 1.2000000000000002
    endloop
  endfacet
  facet normal -1 0 0
    outer loop
      vertex 5.2134357169270515 4.104900003543921 1.2000000000000002
      vertex 5.2134357169270515 4.156242855957576 1.2000000000000002
      vertex 5.2134357169270515 4.156242855957576 1
    endloop
  endfacet
  facet normal -0.14953418367303856 -0.9887565564451333 0
    outer loop
      vertex 5.2134357169270515 4.104900003543921 1.2000000000000002
      vertex 5.2134357169270515 4.104900003543921 1
      vertex 5.380064286291599 4.079700001648494 1.2000000000000002
    endloop
  endfacet
  facet normal 0 1 0
    outer loop
      vertex 5.2134357169270515 4.156242855957576 1.2000000000000002
      vertex 5.606749996542931 4.156242855957576 1.2000000000000002
      vertex 5.606749996542931 4.156242855957576 1
    endloop
  endfacet
  facet normal 0 0 1
    outer loop
      vertex 5.2134357169270515 4.104900003543921 1.2000000000000002
      vertex 5.380064286291599 4.079700001648494 1.2000000000000002
      vertex 5.2134357169270515 4.156242855957576 1.2000000000000002
    endloop
  endfacet
  facet normal 0 0 1
    outer loop
      vertex 5.2134357169270515 4.156242855957576 1.2000000000000002
      vertex 5.380064286291599 4.079700001648494 1.2000000000000002
      vertex 5.606749996542931 4.156242855957576 1.2000000000000002
    endloop
  endfacet
  facet normal 0 0 1
    outer loop
      vertex 5.380064286291599 4.079700001648494 1.2000000000000002
      vertex 5.48177856951952 4.0254571448479375 1.2000000000000002
      vertex 5.606749996542931 4.156242855957576 1.2000000000000002
    endloop
  endfacet
  facet normal 1 0 0
    outer loop
      vertex 5.656149998307228 2.908485719135829 1.2000000000000002
      vertex 5.656149998307228 2.857142859271594 1
      vertex 5.656149998307228 2.908485719135829 1
    endloop
  endfacet
  facet normal 0 -1 0
    outer loop
      vertex 6.376907140016556 2.857142859271594 1.2000000000000002
      vertex 6.282935716211796 2.857142859271594 1
      vertex 6.376907140016556 2.857142859271594 1
    endloop
  endfacet
  facet normal -0.8247198467468901 -0.565541487763529 0
    outer loop
      vertex 6.282935716211796 2.857142859271594 1.2000000000000002
      vertex 5.48177856951952 4.0254571448479375 1
      vertex 6.282935716211796 2.857142859271594 1
    endloop
  endfacet
  facet normal -1 0 0
    outer loop
      vertex 6.275178574025631 3.19427143143756 1.2000000000000002
      vertex 6.275178574025631 4.079700001648494 1
      vertex 6.275178574025631 3.19427143143756 1
    endloop
  endfacet
  facet normal 0.1483483647139306 0.9889351660683843 0
    outer loop
      vertex 5.48177856951952 2.9346428598676404 1.2000000000000002
      vertex 5.656149998307228 2.908485719135829 1.2000000000000002
      vertex 5.656149998307228 2.908485719135829 1
    endloop
  endfacet
  facet normal 1 0 0
    outer loop
      vertex 5.656149998307228 2.857142859271594 1.2000000000000002
      vertex 5.656149998307228 2.857142859271594 1
      vertex 5.656149998307228 2.908485719135829 1.2000000000000002
    endloop
  endfacet
  facet normal 0 0 1
    outer loop
      vertex 5.48177856951952 2.9346428598676404 1.2000000000000002
      vertex 5.656149998307228 2.857142859271594 1.2000000000000002
      vertex 5.656149998307228 2.908485719135829 1.2000000000000002
    endloop
  endfacet
  facet normal -0.8247198467468901 -0.565541487763529 0
    outer loop
      vertex 5.48177856951952 4.0254571448479375 1.2000000000000002
      vertex 5.48177856951952 4.0254571448479375 1
      vertex 6.282935716211796 2.857142859271594 1.2000000000000002
    endloop
  endfacet
  facet normal 0 -1 0
    outer loop
      vertex 6.282935716211796 2.857142859271594 1.2000000000000002
      vertex 6.282935716211796 2.857142859271594 1
      vertex 6.376907140016556 2.857142859271594 1.2000000000000002
    endloop
  endfacet
  facet normal 0.8212128066675964 0.5706220519443047 0
    outer loop
      vertex 6.275178574025631 3.19427143143756 1.2000000000000002
      vertex 6.275178574025631 3.19427143143756 1
      vertex 5.606749996542931 4.156242855957576 1.2000000000000002
    endloop
  endfacet
  facet normal 0 0 1
    outer loop
      vertex 5.48177856951952 4.0254571448479375 1.2000000000000002
      vertex 6.282935716211796 2.857142859271594 1.2000000000000002
      vertex 6.376907140016556 2.857142859271594 1.2000000000000002
    endloop
  endfacet
  facet normal 0 0 1
    outer loop
      vertex 5.48177856951952 4.0254571448479375 1.2000000000000002
      vertex 6.376907140016556 2.857142859271594 1.2000000000000002
      vertex 6.275178574025631 3.19427143143756 1.2000000000000002
    endloop
  endfacet
  facet normal 0 0 1
    outer loop
      vertex 6.275178574025631 3.19427143143756 1.2000000000000002
      vertex 6.376907140016556 2.857142859271594 1.2000000000000002
      vertex 6.376907140016556 4.079700001648494 1.2000000000000002
    endloop
  endfacet
  facet normal 0.8212128066675964 0.5706220519443047 0
    outer loop
      vertex 5.606749996542931 4.156242855957576 1.2000000000000002
      vertex 6.275178574025631 3.19427143143756 1
      vertex 5.606749996542931 4.156242855957576 1
    endloop
  endfacet
  facet normal -1 0 0
    outer loop
      vertex 6.100807145237923 4.104900003543921 1.2000000000000002
      vertex 6.100807145237923 4.156242855957576 1
      vertex 6.100807145237923 4.104900003543921 1
    endloop
  endfacet
  facet normal -0.14303313978089902 -0.9897178996685965 0
    outer loop
      vertex 6.275178574025631 4.079700001648494 1.2000000000000002
      vertex 6.100807145237923 4.104900003543921 1
      vertex 6.275178574025631 4.079700001648494 1
    endloop
  endfacet
  facet normal 0 1 0
    outer loop
      vertex 6.100807145237923 4.156242855957576 1.2000000000000002
      vertex 6.543535716831684 4.156242855957576 1
      vertex 6.100807145237923 4.156242855957576 1
    endloop
  endfacet
  facet normal 0 0 1
    outer loop
      vertex 5.48177856951952 4.0254571448479375 1.2000000000000002
      vertex 6.275178574025631 3.19427143143756 1.2000000000000002
      vertex 5.606749996542931 4.156242855957576 1.2000000000000002
    endloop
  endfacet
  facet normal -1 0 0
    outer loop
      vertex 6.100807145237923 4.104900003543921 1.2000000000000002
      vertex 6.100807145237923 4.156242855957576 1.2000000000000002
      vertex 6.100807145237923 4.156242855957576 1
    endloop
  endfacet
  facet normal -0.14303313978089902 -0.9897178996685965 0
    outer loop
      vertex 6.100807145237923 4.104900003543921 1.2000000000000002
      vertex 6.100807145237923 4.104900003543921 1
      vertex 6.275178574025631 4.079700001648494 1.2000000000000002
    endloop
  endfacet
  facet normal -1 0 0
    outer loop
      vertex 6.275178574025631 3.19427143143756 1.2000000000000002
      vertex 6.275178574025631 4.079700001648494 1.2000000000000002
      vertex 6.275178574025631 4.079700001648494 1
    endloop
  endfacet
  facet normal 0 0 1
    outer loop
      vertex 6.100807145237923 4.104900003543921 1.2000000000000002
      vertex 6.275178574025631 4.079700001648494 1.2000000000000002
      vertex 6.100807145237923 4.156242855957576 1.2000000000000002
    endloop
  endfacet
  facet normal 0 0 1
    outer loop
      vertex 6.275178574025631 3.19427143143756 1.2000000000000002
      vertex 6.376907140016556 4.079700001648494 1.2000000000000002
      vertex 6.275178574025631 4.079700001648494 1.2000000000000002
    endloop
  endfacet
  facet normal 0 0 1
    outer loop
      vertex 6.100807145237923 4.156242855957576 1.2000000000000002
      vertex 6.275178574025631 4.079700001648494 1.2000000000000002
      vertex 6.376907140016556 4.079700001648494 1.2000000000000002
    endloop
  endfacet
  facet normal 0 0 1
    outer loop
      vertex 6.100807145237923 4.156242855957576 1.2000000000000002
      vertex 6.376907140016556 4.079700001648494 1.2000000000000002
      vertex 6.543535716831684 4.156242855957576 1.2000000000000002
    endloop
  endfacet
  facet normal -1 0 0
    outer loop
      vertex 6.64630714058876 2.857142859271594 1.2000000000000002
      vertex 6.64630714058876 2.908485719135829 1
      vertex 6.64630714058876 2.857142859271594 1
    endloop
  endfacet
  facet normal -0.15507958840579308 0.9879019795809145 0
    outer loop
      vertex 6.64630714058876 2.908485719135829 1.2000000000000002
      vertex 6.812935717403889 2.9346428598676404 1
      vertex 6.64630714058876 2.908485719135829 1
    endloop
  endfacet
  facet normal 1 0 0
    outer loop
      vertex 6.376907140016556 2.857142859271594 1.2000000000000002
      vertex 6.376907140016556 2.857142859271594 1
      vertex 6.376907140016556 4.079700001648494 1
    endloop
  endfacet
  facet normal 0 -1 0
    outer loop
      vertex 7.0890214294195175 2.857142859271594 1.2000000000000002
      vertex 6.64630714058876 2.857142859271594 1
      vertex 7.0890214294195175 2.857142859271594 1
    endloop
  endfacet
  facet normal 0.1483483647139306 0.9889351660683843 0
    outer loop
      vertex 6.914650000631809 2.9346428598676404 1.2000000000000002
      vertex 7.0890214294195175 2.908485719135829 1
      vertex 6.914650000631809 2.9346428598676404 1
    endloop
  endfacet
  facet normal 1 0 0
    outer loop
      vertex 7.0890214294195175 2.908485719135829 1.2000000000000002
      vertex 7.0890214294195175 2.857142859271594 1
      vertex 7.0890214294195175 2.908485719135829 1
    endloop
  endfacet
  facet normal -1 0 0
    outer loop
      vertex 6.812935717403889 2.9346428598676404 1.2000000000000002
      vertex 6.812935717403889 4.079700001648494 1
      vertex 6.812935717403889 2.9346428598676404 1
    endloop
  endfacet
  facet normal 1 0 0
    outer loop
      vertex 6.914650000631809 4.0254571448479375 1.2000000000000002
      vertex 6.914650000631809 2.9346428598676404 1
      vertex 6.914650000631809 4.0254571448479375 1
    endloop
  endfacet
  facet normal -1 0 0
    outer loop
      vertex 6.64630714058876 2.857142859271594 1.2000000000000002
      vertex 6.64630714058876 2.908485719135829 1.2000000000000002
      vertex 6.64630714058876 2.908485719135829 1
    endloop
  endfacet
  facet normal -0.15507958840579308 0.9879019795809145 0
    outer loop
      vertex 6.64630714058876 2.908485719135829 1.2000000000000002
      vertex 6.812935717403889 2.9346428598676404 1.2000000000000002
      vertex 6.812935717403889 2.9346428598676404 1
    endloop
  endfacet
  facet normal 0 0 1
    outer loop
      vertex 6.64630714058876 2.857142859271594 1.2000000000000002
      vertex 6.812935717403889 2.9346428598676404 1.2000000000000002
      vertex 6.64630714058876 2.908485719135829 1.2000000000000002
    endloop
  endfacet
  facet normal 1 0 0
    outer loop
      vertex 6.376907140016556 2.857142859271594 1.2000000000000002
      vertex 6.376907140016556 4.079700001648494 1
      vertex 6.376907140016556 4.079700001648494 1.2000000000000002
    endloop
  endfacet
  facet normal 0 -1 0
    outer loop
      vertex 6.64630714058876 2.857142859271594 1.2000000000000002
      vertex 6.64630714058876 2.857142859271594 1
      vertex 7.0890214294195175 2.857142859271594 1.2000000000000002
    endloop
  endfacet
  facet normal 0.1483483647139306 0.9889351660683843 0
    outer loop
      vertex 6.914650000631809 2.9346428598676404 1.2000000000000002
      vertex 7.0890214294195175 2.908485719135829 1.2000000000000002
      vertex 7.0890214294195175 2.908485719135829 1
    endloop
  endfacet
  facet normal 1 0 0
    outer loop
      vertex 7.0890214294195175 2.857142859271594 1.2000000000000002
      vertex 7.0890214294195175 2.857142859271594 1
      vertex 7.0890214294195175 2.908485719135829 1.2000000000000002
    endloop
  endfacet
  facet normal 0 0 1
    outer loop
      vertex 6.64630714058876 2.857142859271594 1.2000000000000002
      vertex 7.0890214294195175 2.857142859271594 1.2000000000000002
      vertex 6.812935717403889 2.9346428598676404 1.2000000000000002
    endloop
  endfacet
  facet normal 0 0 1
    outer loop
      vertex 6.812935717403889 2.9346428598676404 1.2000000000000002
      vertex 7.0890214294195175 2.857142859271594 1.2000000000000002
      vertex 6.914650000631809 2.9346428598676404 1.2000000000000002
    endloop
  endfacet
  facet normal 0 0 1
    outer loop
      vertex 6.914650000631809 2.9346428598676404 1.2000000000000002
      vertex 7.0890214294195175 2.857142859271594 1.2000000000000002
      vertex 7.0890214294195175 2.908485719135829 1.2000000000000002
    endloop
  endfacet
  facet normal 1 0 0
    outer loop
      vertex 6.914650000631809 2.9346428598676404 1.2000000000000002
      vertex 6.914650000631809 2.9346428598676404 1
      vertex 6.914650000631809 4.0254571448479375 1.2000000000000002
    endloop
  endfacet
  facet normal -1 0 0
    outer loop
      vertex 6.812935717403889 2.9346428598676404 1.2000000000000002
      vertex 6.812935717403889 4.079700001648494 1.2000000000000002
      vertex 6.812935717403889 4.079700001648494 1
    endloop
  endfacet
  facet normal 0 0 1
    outer loop
      vertex 6.812935717403889 2.9346428598676404 1.2000000000000002
      vertex 6.914650000631809 2.9346428598676404 1.2000000000000002
      vertex 6.914650000631809 4.0254571448479375 1.2000000000000002
    endloop
  endfacet
  facet normal 0 0 1
    outer loop
      vertex 6.812935717403889 2.9346428598676404 1.2000000000000002
      vertex 6.914650000631809 4.0254571448479375 1.2000000000000002
      vertex 6.812935717403889 4.079700001648494 1.2000000000000002
    endloop
  endfacet
  facet normal 0.14953417713631878 -0.9887565574337114 0
    outer loop
      vertex 6.543535716831684 4.104900003543921 1.2000000000000002
      vertex 6.376907140016556 4.079700001648494 1
      vertex 6.543535716831684 4.104900003543921 1
    endloop
  endfacet
  facet normal 1 0 0
    outer loop
      vertex 6.543535716831684 4.156242855957576 1.2000000000000002
      vertex 6.543535716831684 4.104900003543921 1
      vertex 6.543535716831684 4.156242855957576 1
    endloop
  endfacet
  facet normal -1 0 0
    outer loop
      vertex 6.64630714058876 4.104900003543921 1.2000000000000002
      vertex 6.64630714058876 4.156242855957576 1
      vertex 6.64630714058876 4.104900003543921 1
    endloop
  endfacet
  facet normal -0.14953417713631878 -0.9887565574337114 0
    outer loop
      vertex 6.812935717403889 4.079700001648494 1.2000000000000002
      vertex 6.64630714058876 4.104900003543921 1
      vertex 6.812935717403889 4.079700001648494 1
    endloop
  endfacet
  facet normal 0 1 0
    outer loop
      vertex 6.64630714058876 4.156242855957576 1.2000000000000002
      vertex 7.03962142765522 4.156242855957576 1
      vertex 6.64630714058876 4.156242855957576 1
    endloop
  endfacet
  facet normal 0 1 0
    outer loop
      vertex 6.100807145237923 4.156242855957576 1.2000000000000002
      vertex 6.543535716831684 4.156242855957576 1.2000000000000002
      vertex 6.543535716831684 4.156242855957576 1
    endloop
  endfacet
  facet normal 0.14953417713631878 -0.9887565574337114 0
    outer loop
      vertex 6.376907140016556 4.079700001648494 1.2000000000000002
      vertex 6.376907140016556 4.079700001648494 1
      vertex 6.543535716831684 4.104900003543921 1.2000000000000002
    endloop
  endfacet
  facet normal 1 0 0
    outer loop
      vertex 6.543535716831684 4.104900003543921 1.2000000000000002
      vertex 6.543535716831684 4.104900003543921 1
      vertex 6.543535716831684 4.156242855957576 1.2000000000000002
    endloop
  endfacet
  facet normal -1 0 0
    outer loop
      vertex 6.64630714058876 4.104900003543921 1.2000000000000002
      vertex 6.64630714058876 4.156242855957576 1.2000000000000002
      vertex 6.64630714058876 4.156242855957576 1
    endloop
  endfacet
  facet normal -0.14953417713631878 -0.9887565574337114 0
    outer loop
      vertex 6.64630714058876 4.104900003543921 1.2000000000000002
      vertex 6.64630714058876 4.104900003543921 1
      vertex 6.812935717403889 4.079700001648494 1.2000000000000002
    endloop
  endfacet
  facet normal 0 0 1
    outer loop
      vertex 6.376907140016556 4.079700001648494 1.2000000000000002
      vertex 6.543535716831684 4.104900003543921 1.2000000000000002
      vertex 6.543535716831684 4.156242855957576 1.2000000000000002
    endloop
  endfacet
  facet normal 0 0 1
    outer loop
      vertex 6.64630714058876 4.104900003543921 1.2000000000000002
      vertex 6.812935717403889 4.079700001648494 1.2000000000000002
      vertex 6.64630714058876 4.156242855957576 1.2000000000000002
    endloop
  endfacet
  facet normal 0 1 0
    outer loop
      vertex 6.64630714058876 4.156242855957576 1.2000000000000002
      vertex 7.03962142765522 4.156242855957576 1.2000000000000002
      vertex 7.03962142765522 4.156242855957576 1
    endloop
  endfacet
  facet normal 0 0 1
    outer loop
      vertex 6.64630714058876 4.156242855957576 1.2000000000000002
      vertex 6.812935717403889 4.079700001648494 1.2000000000000002
      vertex 7.03962142765522 4.156242855957576 1.2000000000000002
    endloop
  endfacet
  facet normal 0 0 1
    outer loop
      vertex 6.812935717403889 4.079700001648494 1.2000000000000002
      vertex 6.914650000631809 4.0254571448479375 1.2000000000000002
      vertex 7.03962142765522 4.156242855957576 1.2000000000000002
    endloop
  endfacet
  facet normal -1 0 0
    outer loop
      vertex 4.071685716509819 5.71428571747882 1.2000000000000002
      vertex 4.071685716509819 5.765628577343055 1
      vertex 4.071685716509819 5.71428571747882 1
    endloop
  endfacet
  facet normal -0.15507959517321107 0.987901978518574 0
    outer loop
      vertex 4.071685716509819 5.765628577343055 1.2000000000000002
      vertex 4.238314285874367 5.791785718074866 1
      vertex 4.071685716509819 5.765628577343055 1
    endloop
  endfacet
  facet normal -1 0 0
    outer loop
      vertex 4.238314285874367 5.791785718074866 1.2000000000000002
      vertex 4.238314285874367 6.9368428598557195 1
      vertex 4.238314285874367 5.791785718074866 1
    endloop
  endfacet
  facet normal 0 -1 0
    outer loop
      vertex 4.590942859649658 5.71428571747882 1.2000000000000002
      vertex 4.071685716509819 5.71428571747882 1
      vertex 4.590942859649658 5.71428571747882 1
    endloop
  endfacet
  facet normal 0.15507958840579308 0.9879019795809145 0
    outer loop
      vertex 4.42431428283453 5.791785718074866 1.2000000000000002
      vertex 4.590942859649658 5.765628577343055 1
      vertex 4.42431428283453 5.791785718074866 1
    endloop
  endfacet
  facet normal 1 0 0
    outer loop
      vertex 4.590942859649658 5.765628577343055 1.2000000000000002
      vertex 4.590942859649658 5.71428571747882 1
      vertex 4.590942859649658 5.765628577343055 1
    endloop
  endfacet
  facet normal -1 0 0
    outer loop
      vertex 4.732414282858372 5.71428571747882 1.2000000000000002
      vertex 4.732414282858372 5.765628577343055 1
      vertex 4.732414282858372 5.71428571747882 1
    endloop
  endfacet
  facet normal -1 0 0
    outer loop
      vertex 4.071685716509819 5.71428571747882 1.2000000000000002
      vertex 4.071685716509819 5.765628577343055 1.2000000000000002
      vertex 4.071685716509819 5.765628577343055 1
    endloop
  endfacet
  facet normal 0 -1 0
    outer loop
      vertex 4.071685716509819 5.71428571747882 1.2000000000000002
      vertex 4.071685716509819 5.71428571747882 1
      vertex 4.590942859649658 5.71428571747882 1.2000000000000002
    endloop
  endfacet
  facet normal -0.15507959517321107 0.987901978518574 0
    outer loop
      vertex 4.071685716509819 5.765628577343055 1.2000000000000002
      vertex 4.238314285874367 5.791785718074866 1.2000000000000002
      vertex 4.238314285874367 5.791785718074866 1
    endloop
  endfacet
  facet normal 0 0 1
    outer loop
      vertex 4.071685716509819 5.71428571747882 1.2000000000000002
      vertex 4.238314285874367 5.791785718074866 1.2000000000000002
      vertex 4.071685716509819 5.765628577343055 1.2000000000000002
    endloop
  endfacet
  facet normal 0 0 1
    outer loop
      vertex 4.071685716509819 5.71428571747882 1.2000000000000002
      vertex 4.42431428283453 5.791785718074866 1.2000000000000002
      vertex 4.238314285874367 5.791785718074866 1.2000000000000002
    endloop
  endfacet
  facet normal 0 0 1
    outer loop
      vertex 4.238314285874367 5.791785718074866 1.2000000000000002
      vertex 4.42431428283453 5.791785718074866 1.2000000000000002
      vertex 4.238314285874367 6.9368428598557195 1.2000000000000002
    endloop
  endfacet
  facet normal 0.15507958840579308 0.9879019795809145 0
    outer loop
      vertex 4.42431428283453 5.791785718074866 1.2000000000000002
      vertex 4.590942859649658 5.765628577343055 1.2000000000000002
      vertex 4.590942859649658 5.765628577343055 1
    endloop
  endfacet
  facet normal 1 0 0
    outer loop
      vertex 4.42431428283453 5.791785718074866 1.2000000000000002
      vertex 4.42431428283453 5.791785718074866 1
      vertex 4.42431428283453 6.9368428598557195 1.2000000000000002
    endloop
  endfacet
  facet normal 1 0 0
    outer loop
      vertex 4.590942859649658 5.71428571747882 1.2000000000000002
      vertex 4.590942859649658 5.71428571747882 1
      vertex 4.590942859649658 5.765628577343055 1.2000000000000002
    endloop
  endfacet
  facet normal -1 0 0
    outer loop
      vertex 4.732414282858372 5.71428571747882 1.2000000000000002
      vertex 4.732414282858372 5.765628577343055 1.2000000000000002
      vertex 4.732414282858372 5.765628577343055 1
    endloop
  endfacet
  facet normal 0 0 1
    outer loop
      vertex 4.071685716509819 5.71428571747882 1.2000000000000002
      vertex 4.590942859649658 5.71428571747882 1.2000000000000002
      vertex 4.42431428283453 5.791785718074866 1.2000000000000002
    endloop
  endfacet
  facet normal 0 0 1
    outer loop
      vertex 4.42431428283453 5.791785718074866 1.2000000000000002
      vertex 4.590942859649658 5.71428571747882 1.2000000000000002
      vertex 4.590942859649658 5.765628577343055 1.2000000000000002
    endloop
  endfacet
  facet normal -1 0 0
    outer loop
      vertex 4.071685716509819 6.962042861751147 1.2000000000000002
      vertex 4.071685716509819 7.0133857141648015 1
      vertex 4.071685716509819 6.962042861751147 1
    endloop
  endfacet
  facet normal -0.14953418367303856 -0.9887565564451333 0
    outer loop
      vertex 4.238314285874367 6.9368428598557195 1.2000000000000002
      vertex 4.071685716509819 6.962042861751147 1
      vertex 4.238314285874367 6.9368428598557195 1
    endloop
  endfacet
  facet normal 0 1 0
    outer loop
      vertex 4.071685716509819 7.0133857141648015 1.2000000000000002
      vertex 4.590942859649658 7.0133857141648015 1
      vertex 4.071685716509819 7.0133857141648015 1
    endloop
  endfacet
  facet normal 1 0 0
    outer loop
      vertex 4.42431428283453 6.9368428598557195 1.2000000000000002
      vertex 4.42431428283453 5.791785718074866 1
      vertex 4.42431428283453 6.9368428598557195 1
    endloop
  endfacet
  facet normal 0.14953417713631878 -0.9887565574337114 0
    outer loop
      vertex 4.590942859649658 6.962042861751147 1.2000000000000002
      vertex 4.42431428283453 6.9368428598557195 1
      vertex 4.590942859649658 6.962042861751147 1
    endloop
  endfacet
  facet normal 1 0 0
    outer loop
      vertex 4.590942859649658 7.0133857141648015 1.2000000000000002
      vertex 4.590942859649658 6.962042861751147 1
      vertex 4.590942859649658 7.0133857141648015 1
    endloop
  endfacet
  facet normal -1 0 0
    outer loop
      vertex 4.732414282858372 6.962042861751147 1.2000000000000002
      vertex 4.732414282858372 7.0133857141648015 1
      vertex 4.732414282858372 6.962042861751147 1
    endloop
  endfacet
  facet normal -1 0 0
    outer loop
      vertex 4.238314285874367 5.791785718074866 1.2000000000000002
      vertex 4.238314285874367 6.9368428598557195 1.2000000000000002
      vertex 4.238314285874367 6.9368428598557195 1
    endloop
  endfacet
  facet normal -1 0 0
    outer loop
      vertex 4.071685716509819 6.962042861751147 1.2000000000000002
      vertex 4.071685716509819 7.0133857141648015 1.2000000000000002
      vertex 4.071685716509819 7.0133857141648015 1
    endloop
  endfacet
  facet normal -0.14953418367303856 -0.9887565564451333 0
    outer loop
      vertex 4.071685716509819 6.962042861751147 1.2000000000000002
      vertex 4.071685716509819 6.962042861751147 1
      vertex 4.238314285874367 6.9368428598557195 1.2000000000000002
    endloop
  endfacet
  facet normal 0 0 1
    outer loop
      vertex 4.071685716509819 6.962042861751147 1.2000000000000002
      vertex 4.238314285874367 6.9368428598557195 1.2000000000000002
      vertex 4.071685716509819 7.0133857141648015 1.2000000000000002
    endloop
  endfacet
  facet normal 0 0 1
    outer loop
      vertex 4.238314285874367 6.9368428598557195 1.2000000000000002
      vertex 4.42431428283453 6.9368428598557195 1.2000000000000002
      vertex 4.071685716509819 7.0133857141648015 1.2000000000000002
    endloop
  endfacet
  facet normal 0 0 1
    outer loop
      vertex 4.42431428283453 5.791785718074866 1.2000000000000002
      vertex 4.42431428283453 6.9368428598557195 1.2000000000000002
      vertex 4.238314285874367 6.9368428598557195 1.2000000000000002
    endloop
  endfacet
  facet normal 0 1 0
    outer loop
      vertex 4.071685716509819 7.0133857141648015 1.2000000000000002
      vertex 4.590942859649658 7.0133857141648015 1.2000000000000002
      vertex 4.590942859649658 7.0133857141648015 1
    endloop
  endfacet
  facet normal 0.14953417713631878 -0.9887565574337114 0
    outer loop
      vertex 4.42431428283453 6.9368428598557195 1.2000000000000002
      vertex 4.42431428283453 6.9368428598557195 1
      vertex 4.590942859649658 6.962042861751147 1.2000000000000002
    endloop
  endfacet
  facet normal 1 0 0
    outer loop
      vertex 4.590942859649658 6.962042861751147 1.2000000000000002
      vertex 4.590942859649658 6.962042861751147 1
      vertex 4.590942859649658 7.0133857141648015 1.2000000000000002
    endloop
  endfacet
  facet normal -1 0 0
    outer loop
      vertex 4.732414282858372 6.962042861751147 1.2000000000000002
      vertex 4.732414282858372 7.0133857141648015 1.2000000000000002
      vertex 4.732414282858372 7.0133857141648015 1
    endloop
  endfacet
  facet normal 0 0 1
    outer loop
      vertex 4.071685716509819 7.0133857141648015 1.2000000000000002
      vertex 4.42431428283453 6.9368428598557195 1.2000000000000002
      vertex 4.590942859649658 7.0133857141648015 1.2000000000000002
    endloop
  endfacet
  facet normal 0 0 1
    outer loop
      vertex 4.42431428283453 6.9368428598557195 1.2000000000000002
      vertex 4.590942859649658 6.962042861751147 1.2000000000000002
      vertex 4.590942859649658 7.0133857141648015 1.2000000000000002
    endloop
  endfacet
  facet normal -0.15507958840579308 0.9879019795809145 0
    outer loop
      vertex 4.732414282858372 5.765628577343055 1.2000000000000002
      vertex 4.8990428596735 5.791785718074866 1
      vertex 4.732414282858372 5.765628577343055 1
    endloop
  endfacet
  facet normal -1 0 0
    outer loop
      vertex 4.8990428596735 5.791785718074866 1.2000000000000002
      vertex 4.8990428596735 6.9368428598557195 1
      vertex 4.8990428596735 5.791785718074866 1
    endloop
  endfacet
  facet normal 0 -1 0
    outer loop
      vertex 5.251671425998211 5.71428571747882 1.2000000000000002
      vertex 4.732414282858372 5.71428571747882 1
      vertex 5.251671425998211 5.71428571747882 1
    endloop
  endfacet
  facet normal 0.15507959517321107 0.987901978518574 0
    outer loop
      vertex 5.085042856633663 5.791785718074866 1.2000000000000002
      vertex 5.251671425998211 5.765628577343055 1
      vertex 5.085042856633663 5.791785718074866 1
    endloop
  endfacet
  facet normal 1 0 0
    outer loop
      vertex 5.251671425998211 5.765628577343055 1.2000000000000002
      vertex 5.251671425998211 5.71428571747882 1
      vertex 5.251671425998211 5.765628577343055 1
    endloop
  endfacet
  facet normal -1 0 0
    outer loop
      vertex 5.393142856657505 5.71428571747882 1.2000000000000002
      vertex 5.393142856657505 5.765628577343055 1
      vertex 5.393142856657505 5.71428571747882 1
    endloop
  endfacet
  facet normal -0.15507959517321107 0.987901978518574 0
    outer loop
      vertex 5.393142856657505 5.765628577343055 1.2000000000000002
      vertex 5.559771426022053 5.791785718074866 1
      vertex 5.393142856657505 5.765628577343055 1
    endloop
  endfacet
  facet normal -1 0 0
    outer loop
      vertex 5.559771426022053 5.791785718074866 1.2000000000000002
      vertex 5.559771426022053 6.9368428598557195 1
      vertex 5.559771426022053 5.791785718074866 1
    endloop
  endfacet
  facet normal -0.15507958840579308 0.9879019795809145 0
    outer loop
      vertex 4.732414282858372 5.765628577343055 1.2000000000000002
      vertex 4.8990428596735 5.791785718074866 1.2000000000000002
      vertex 4.8990428596735 5.791785718074866 1
    endloop
  endfacet
  facet normal 0 -1 0
    outer loop
      vertex 4.732414282858372 5.71428571747882 1.2000000000000002
      vertex 4.732414282858372 5.71428571747882 1
      vertex 5.251671425998211 5.71428571747882 1.2000000000000002
    endloop
  endfacet
  facet normal 1 0 0
    outer loop
      vertex 5.085042856633663 5.791785718074866 1.2000000000000002
      vertex 5.085042856633663 5.791785718074866 1
      vertex 5.085042856633663 6.9368428598557195 1.2000000000000002
    endloop
  endfacet
  facet normal 0 0 1
    outer loop
      vertex 4.732414282858372 5.71428571747882 1.2000000000000002
      vertex 4.8990428596735 5.791785718074866 1.2000000000000002
      vertex 4.732414282858372 5.765628577343055 1.2000000000000002
    endloop
  endfacet
  facet normal 0 0 1
    outer loop
      vertex 4.732414282858372 5.71428571747882 1.2000000000000002
      vertex 5.251671425998211 5.71428571747882 1.2000000000000002
      vertex 4.8990428596735 5.791785718074866 1.2000000000000002
    endloop
  endfacet
  facet normal 0 0 1
    outer loop
      vertex 4.8990428596735 5.791785718074866 1.2000000000000002
      vertex 5.251671425998211 5.71428571747882 1.2000000000000002
      vertex 5.085042856633663 5.791785718074866 1.2000000000000002
    endloop
  endfacet
  facet normal 0 0 1
    outer loop
      vertex 4.8990428596735 5.791785718074866 1.2000000000000002
      vertex 5.085042856633663 5.791785718074866 1.2000000000000002
      vertex 4.8990428596735 6.9368428598557195 1.2000000000000002
    endloop
  endfacet
  facet normal 0.15507959517321107 0.987901978518574 0
    outer loop
      vertex 5.085042856633663 5.791785718074866 1.2000000000000002
      vertex 5.251671425998211 5.765628577343055 1.2000000000000002
      vertex 5.251671425998211 5.765628577343055 1
    endloop
  endfacet
  facet normal 1 0 0
    outer loop
      vertex 5.251671425998211 5.71428571747882 1.2000000000000002
      vertex 5.251671425998211 5.71428571747882 1
      vertex 5.251671425998211 5.765628577343055 1.2000000000000002
    endloop
  endfacet
  facet normal -1 0 0
    outer loop
      vertex 5.393142856657505 5.71428571747882 1.2000000000000002
      vertex 5.393142856657505 5.765628577343055 1.2000000000000002
      vertex 5.393142856657505 5.765628577343055 1
    endloop
  endfacet
  facet normal -0.15507959517321107 0.987901978518574 0
    outer loop
      vertex 5.393142856657505 5.765628577343055 1.2000000000000002
      vertex 5.559771426022053 5.791785718074866 1.2000000000000002
      vertex 5.559771426022053 5.791785718074866 1
    endloop
  endfacet
  facet normal 0 0 1
    outer loop
      vertex 5.085042856633663 5.791785718074866 1.2000000000000002
      vertex 5.251671425998211 5.71428571747882 1.2000000000000002
      vertex 5.251671425998211 5.765628577343055 1.2000000000000002
    endloop
  endfacet
  facet normal 0 0 1
    outer loop
      vertex 5.393142856657505 5.71428571747882 1.2000000000000002
      vertex 5.559771426022053 5.791785718074866 1.2000000000000002
      vertex 5.393142856657505 5.765628577343055 1.2000000000000002
    endloop
  endfacet
  facet normal 1 0 0
    outer loop
      vertex 5.085042856633663 6.9368428598557195 1.2000000000000002
      vertex 5.085042856633663 5.791785718074866 1
      vertex 5.085042856633663 6.9368428598557195 1
    endloop
  endfacet
  facet normal -0.14953417713631878 -0.9887565574337114 0
    outer loop
      vertex 4.8990428596735 6.9368428598557195 1.2000000000000002
      vertex 4.732414282858372 6.962042861751147 1
      vertex 4.8990428596735 6.9368428598557195 1
    endloop
  endfacet
  facet normal 0 1 0
    outer loop
      vertex 4.732414282858372 7.0133857141648015 1.2000000000000002
      vertex 5.251671425998211 7.0133857141648015 1
      vertex 4.732414282858372 7.0133857141648015 1
    endloop
  endfacet
  facet normal 0.14953418367303856 -0.9887565564451333 0
    outer loop
      vertex 5.251671425998211 6.962042861751147 1.2000000000000002
      vertex 5.085042856633663 6.9368428598557195 1
      vertex 5.251671425998211 6.962042861751147 1
    endloop
  endfacet
  facet normal 1 0 0
    outer loop
      vertex 5.251671425998211 7.0133857141648015 1.2000000000000002
      vertex 5.251671425998211 6.962042861751147 1
      vertex 5.251671425998211 7.0133857141648015 1
    endloop
  endfacet
  facet normal -1 0 0
    outer loop
      vertex 5.393142856657505 6.962042861751147 1.2000000000000002
      vertex 5.393142856657505 7.0133857141648015 1
      vertex 5.393142856657505 6.962042861751147 1
    endloop
  endfacet
  facet normal -0.14953418367303856 -0.9887565564451333 0
    outer loop
      vertex 5.559771426022053 6.9368428598557195 1.2000000000000002
      vertex 5.393142856657505 6.962042861751147 1
      vertex 5.559771426022053 6.9368428598557195 1
    endloop
  endfacet
  facet normal -1 0 0
    outer loop
      vertex 4.8990428596735 5.791785718074866 1.2000000000000002
      vertex 4.8990428596735 6.9368428598557195 1.2000000000000002
      vertex 4.8990428596735 6.9368428598557195 1
    endloop
  endfacet
  facet normal 0 0 1
    outer loop
      vertex 5.085042856633663 5.791785718074866 1.2000000000000002
      vertex 5.085042856633663 6.9368428598557195 1.2000000000000002
      vertex 4.8990428596735 6.9368428598557195 1.2000000000000002
    endloop
  endfacet
  facet normal -0.14953417713631878 -0.9887565574337114 0
    outer loop
      vertex 4.732414282858372 6.962042861751147 1.2000000000000002
      vertex 4.732414282858372 6.962042861751147 1
      vertex 4.8990428596735 6.9368428598557195 1.2000000000000002
    endloop
  endfacet
  facet normal 0 1 0
    outer loop
      vertex 4.732414282858372 7.0133857141648015 1.2000000000000002
      vertex 5.251671425998211 7.0133857141648015 1.2000000000000002
      vertex 5.251671425998211 7.0133857141648015 1
    endloop
  endfacet
  facet normal 0.14953418367303856 -0.9887565564451333 0
    outer loop
      vertex 5.085042856633663 6.9368428598557195 1.2000000000000002
      vertex 5.085042856633663 6.9368428598557195 1
      vertex 5.251671425998211 6.962042861751147 1.2000000000000002
    endloop
  endfacet
  facet normal 0 0 1
    outer loop
      vertex 4.732414282858372 6.962042861751147 1.2000000000000002
      vertex 4.8990428596735 6.9368428598557195 1.2000000000000002
      vertex 4.732414282858372 7.0133857141648015 1.2000000000000002
    endloop
  endfacet
  facet normal 0 0 1
    outer loop
      vertex 4.732414282858372 7.0133857141648015 1.2000000000000002
      vertex 4.8990428596735 6.9368428598557195 1.2000000000000002
      vertex 5.251671425998211 7.0133857141648015 1.2000000000000002
    endloop
  endfacet
  facet normal 0 0 1
    outer loop
      vertex 4.8990428596735 6.9368428598557195 1.2000000000000002
      vertex 5.085042856633663 6.9368428598557195 1.2000000000000002
      vertex 5.251671425998211 7.0133857141648015 1.2000000000000002
    endloop
  endfacet
  facet normal -1 0 0
    outer loop
      vertex 5.559771426022053 5.791785718074866 1.2000000000000002
      vertex 5.559771426022053 6.9368428598557195 1.2000000000000002
      vertex 5.559771426022053 6.9368428598557195 1
    endloop
  endfacet
  facet normal 1 0 0
    outer loop
      vertex 5.251671425998211 6.962042861751147 1.2000000000000002
      vertex 5.251671425998211 6.962042861751147 1
      vertex 5.251671425998211 7.0133857141648015 1.2000000000000002
    endloop
  endfacet
  facet normal -1 0 0
    outer loop
      vertex 5.393142856657505 6.962042861751147 1.2000000000000002
      vertex 5.393142856657505 7.0133857141648015 1.2000000000000002
      vertex 5.393142856657505 7.0133857141648015 1
    endloop
  endfacet
  facet normal -0.14953418367303856 -0.9887565564451333 0
    outer loop
      vertex 5.393142856657505 6.962042861751147 1.2000000000000002
      vertex 5.393142856657505 6.962042861751147 1
      vertex 5.559771426022053 6.9368428598557195 1.2000000000000002
    endloop
  endfacet
  facet normal 0 0 1
    outer loop
      vertex 5.085042856633663 6.9368428598557195 1.2000000000000002
      vertex 5.251671425998211 6.962042861751147 1.2000000000000002
      vertex 5.251671425998211 7.0133857141648015 1.2000000000000002
    endloop
  endfacet
  facet normal 0 0 1
    outer loop
      vertex 5.393142856657505 6.962042861751147 1.2000000000000002
      vertex 5.559771426022053 6.9368428598557195 1.2000000000000002
      vertex 5.393142856657505 7.0133857141648015 1.2000000000000002
    endloop
  endfacet
  facet normal -0.5211469882408956 -0.8534669393992036 0
    outer loop
      vertex 4.468874998390675 8.595042855611869 1.2000000000000002
      vertex 4.257685713469982 8.724000000527926 1
      vertex 4.468874998390675 8.595042855611869 1
    endloop
  endfacet
  facet normal 0.6059528968841473 0.795500525931762 0
    outer loop
      vertex 4.403485715389252 8.775828571191855 1.2000000000000002
      vertex 4.550374999642372 8.663939283362456 1
      vertex 4.403485715389252 8.775828571191855 1
    endloop
  endfacet
  facet normal -0.15124694022386462 -0.9884960106509884 0
    outer loop
      vertex 4.749814286828041 8.55205714063985 1.2000000000000002
      vertex 4.468874998390675 8.595042855611869 1
      vertex 4.749814286828041 8.55205714063985 1
    endloop
  endfacet
  facet normal 0.1821054967830604 0.9832789980678905 0
    outer loop
      vertex 4.550374999642372 8.663939283362456 1.2000000000000002
      vertex 4.7517571449279785 8.62664285408599 1
      vertex 4.550374999642372 8.663939283362456 1
    endloop
  endfacet
  facet normal -0.5211469882408956 -0.8534669393992036 0
    outer loop
      vertex 4.257685713469982 8.724000000527926 1.2000000000000002
      vertex 4.257685713469982 8.724000000527926 1
      vertex 4.468874998390675 8.595042855611869 1.2000000000000002
    endloop
  endfacet
  facet normal 0.6059528968841473 0.795500525931762 0
    outer loop
      vertex 4.403485715389252 8.775828571191855 1.2000000000000002
      vertex 4.550374999642372 8.663939283362456 1.2000000000000002
      vertex 4.550374999642372 8.663939283362456 1
    endloop
  endfacet
  facet normal -0.15124694022386462 -0.9884960106509884 0
    outer loop
      vertex 4.468874998390675 8.595042855611869 1.2000000000000002
      vertex 4.468874998390675 8.595042855611869 1
      vertex 4.749814286828041 8.55205714063985 1.2000000000000002
    endloop
  endfacet
  facet normal 0.1821054967830604 0.9832789980678905 0
    outer loop
      vertex 4.550374999642372 8.663939283362456 1.2000000000000002
      vertex 4.7517571449279785 8.62664285408599 1.2000000000000002
      vertex 4.7517571449279785 8.62664285408599 1
    endloop
  endfacet
  facet normal 0 0 1
    outer loop
      vertex 4.257685713469982 8.724000000527926 1.2000000000000002
      vertex 4.468874998390675 8.595042855611869 1.2000000000000002
      vertex 4.403485715389252 8.775828571191855 1.2000000000000002
    endloop
  endfacet
  facet normal 0 0 1
    outer loop
      vertex 4.468874998390675 8.595042855611869 1.2000000000000002
      vertex 4.550374999642372 8.663939283362456 1.2000000000000002
      vertex 4.403485715389252 8.775828571191855 1.2000000000000002
    endloop
  endfacet
  facet normal 0 0 1
    outer loop
      vertex 4.468874998390675 8.595042855611869 1.2000000000000002
      vertex 4.749814286828041 8.55205714063985 1.2000000000000002
      vertex 4.550374999642372 8.663939283362456 1.2000000000000002
    endloop
  endfacet
  facet normal 0 0 1
    outer loop
      vertex 4.550374999642372 8.663939283362456 1.2000000000000002
      vertex 4.749814286828041 8.55205714063985 1.2000000000000002
      vertex 4.7517571449279785 8.62664285408599 1.2000000000000002
    endloop
  endfacet
  facet normal -0.9874404709348982 -0.15799150723968203 0
    outer loop
      vertex 4.125450000166893 8.930467852524348 1.2000000000000002
      vertex 4.081371426582336 9.205957138112613 1
      vertex 4.125450000166893 8.930467852524348 1
    endloop
  endfacet
  facet normal -0.9897944766951832 0.14250225929334764 0
    outer loop
      vertex 4.081371426582336 9.205957138112613 1.2000000000000002
      vertex 4.123753570020199 9.500335709324904 1
      vertex 4.081371426582336 9.205957138112613 1
    endloop
  endfacet
  facet normal -0.8420930493852727 -0.5393322688074695 0
    outer loop
      vertex 4.257685713469982 8.724000000527926 1.2000000000000002
      vertex 4.125450000166893 8.930467852524348 1
      vertex 4.257685713469982 8.724000000527926 1
    endloop
  endfacet
  facet normal 0.89750545327994 0.4410033575073655 0
    outer loop
      vertex 4.313753575086594 8.958446421793528 1.2000000000000002
      vertex 4.403485715389252 8.775828571191855 1
      vertex 4.313753575086594 8.958446421793528 1
    endloop
  endfacet
  facet normal 0.9928879970612955 0.11905219566059634 0
    outer loop
      vertex 4.283842854201794 9.20789999621255 1.2000000000000002
      vertex 4.313753575086594 8.958446421793528 1
      vertex 4.283842854201794 9.20789999621255 1
    endloop
  endfacet
  facet normal 1 0 0
    outer loop
      vertex 3.9543857127428055 9.870528564921447 1.2000000000000002
      vertex 3.9543857127428055 9.819185712507792 1
      vertex 3.9543857127428055 9.870528564921447 1
    endloop
  endfacet
  facet normal -0.8584031590736568 0.5129756490247528 0
    outer loop
      vertex 4.123753570020199 9.500335709324904 1.2000000000000002
      vertex 4.250900000333786 9.713099994829722 1
      vertex 4.123753570020199 9.500335709324904 1
    endloop
  endfacet
  facet normal 0.9943155949806928 -0.10647298989974335 0
    outer loop
      vertex 4.312421426177025 9.474785708955356 1.2000000000000002
      vertex 4.283842854201794 9.20789999621255 1
      vertex 4.312421426177025 9.474785708955356 1
    endloop
  endfacet
  facet normal -0.5224779135560226 0.8526528190571736 0
    outer loop
      vertex 4.250900000333786 9.713099994829722 1.2000000000000002
      vertex 4.4613678604364395 9.842067853680678 1
      vertex 4.250900000333786 9.713099994829722 1
    endloop
  endfacet
  facet normal 0.9085786901813488 -0.4177137342108164 0
    outer loop
      vertex 4.398157142102718 9.661271424165793 1.2000000000000002
      vertex 4.312421426177025 9.474785708955356 1
      vertex 4.398157142102718 9.661271424165793 1
    endloop
  endfacet
  facet normal 0.5955798551686317 -0.8032961073709443 0
    outer loop
      vertex 4.54613571614027 9.770985708705016 1.2000000000000002
      vertex 4.398157142102718 9.661271424165793 1
      vertex 4.54613571614027 9.770985708705016 1
    endloop
  endfacet
  facet normal -0.14549851037003755 0.9893584706667752 0
    outer loop
      vertex 4.4613678604364395 9.842067853680678 1.2000000000000002
      vertex 4.753685712814331 9.885057137480803 1
      vertex 4.4613678604364395 9.842067853680678 1
    endloop
  endfacet
  facet normal 0.1674584870527471 -0.9858791280446122 0
    outer loop
      vertex 4.761442855000496 9.807557136884757 1.2000000000000002
      vertex 4.54613571614027 9.770985708705016 1
      vertex 4.761442855000496 9.807557136884757 1
    endloop
  endfacet
  facet normal -0.9874404709348982 -0.15799150723968203 0
    outer loop
      vertex 4.125450000166893 8.930467852524348 1.2000000000000002
      vertex 4.081371426582336 9.205957138112613 1.2000000000000002
      vertex 4.081371426582336 9.205957138112613 1
    endloop
  endfacet
  facet normal -0.8420930493852727 -0.5393322688074695 0
    outer loop
      vertex 4.257685713469982 8.724000000527926 1.2000000000000002
      vertex 4.125450000166893 8.930467852524348 1.2000000000000002
      vertex 4.125450000166893 8.930467852524348 1
    endloop
  endfacet
  facet normal 0.9928879970612955 0.11905219566059634 0
    outer loop
      vertex 4.313753575086594 8.958446421793528 1.2000000000000002
      vertex 4.313753575086594 8.958446421793528 1
      vertex 4.283842854201794 9.20789999621255 1.2000000000000002
    endloop
  endfacet
  facet normal 0.9943155949806928 -0.10647298989974335 0
    outer loop
      vertex 4.283842854201794 9.20789999621255 1.2000000000000002
      vertex 4.283842854201794 9.20789999621255 1
      vertex 4.312421426177025 9.474785708955356 1.2000000000000002
    endloop
  endfacet
  facet normal 0 0 1
    outer loop
      vertex 4.257685713469982 8.724000000527926 1.2000000000000002
      vertex 4.313753575086594 8.958446421793528 1.2000000000000002
      vertex 4.125450000166893 8.930467852524348 1.2000000000000002
    endloop
  endfacet
  facet normal 0 0 1
    outer loop
      vertex 4.125450000166893 8.930467852524348 1.2000000000000002
      vertex 4.313753575086594 8.958446421793528 1.2000000000000002
      vertex 4.283842854201794 9.20789999621255 1.2000000000000002
    endloop
  endfacet
  facet normal 0 0 1
    outer loop
      vertex 4.257685713469982 8.724000000527926 1.2000000000000002
      vertex 4.403485715389252 8.775828571191855 1.2000000000000002
      vertex 4.313753575086594 8.958446421793528 1.2000000000000002
    endloop
  endfacet
  facet normal 0 0 1
    outer loop
      vertex 4.125450000166893 8.930467852524348 1.2000000000000002
      vertex 4.283842854201794 9.20789999621255 1.2000000000000002
      vertex 4.081371426582336 9.205957138112613 1.2000000000000002
    endloop
  endfacet
  facet normal 0 0 1
    outer loop
      vertex 4.081371426582336 9.205957138112613 1.2000000000000002
      vertex 4.283842854201794 9.20789999621255 1.2000000000000002
      vertex 4.123753570020199 9.500335709324904 1.2000000000000002
    endloop
  endfacet
  facet normal -0.9897944766951832 0.14250225929334764 0
    outer loop
      vertex 4.081371426582336 9.205957138112613 1.2000000000000002
      vertex 4.123753570020199 9.500335709324904 1.2000000000000002
      vertex 4.123753570020199 9.500335709324904 1
    endloop
  endfacet
  facet normal 1 0 0
    outer loop
      vertex 3.9543857127428055 9.819185712507792 1.2000000000000002
      vertex 3.9543857127428055 9.819185712507792 1
      vertex 3.9543857127428055 9.870528564921447 1.2000000000000002
    endloop
  endfacet
  facet normal -0.8584031590736568 0.5129756490247528 0
    outer loop
      vertex 4.123753570020199 9.500335709324904 1.2000000000000002
      vertex 4.250900000333786 9.713099994829722 1.2000000000000002
      vertex 4.250900000333786 9.713099994829722 1
    endloop
  endfacet
  facet normal 0.9085786901813488 -0.4177137342108164 0
    outer loop
      vertex 4.312421426177025 9.474785708955356 1.2000000000000002
      vertex 4.312421426177025 9.474785708955356 1
      vertex 4.398157142102718 9.661271424165793 1.2000000000000002
    endloop
  endfacet
  facet normal 0 0 1
    outer loop
      vertex 4.283842854201794 9.20789999621255 1.2000000000000002
      vertex 4.312421426177025 9.474785708955356 1.2000000000000002
      vertex 4.123753570020199 9.500335709324904 1.2000000000000002
    endloop
  endfacet
  facet normal 0 0 1
    outer loop
      vertex 4.123753570020199 9.500335709324904 1.2000000000000002
      vertex 4.312421426177025 9.474785708955356 1.2000000000000002
      vertex 4.250900000333786 9.713099994829722 1.2000000000000002
    endloop
  endfacet
  facet normal 0 0 1
    outer loop
      vertex 4.312421426177025 9.474785708955356 1.2000000000000002
      vertex 4.398157142102718 9.661271424165793 1.2000000000000002
      vertex 4.250900000333786 9.713099994829722 1.2000000000000002
    endloop
  endfacet
  facet normal 0.89750545327994 0.4410033575073655 0
    outer loop
      vertex 4.313753575086594 8.958446421793528 1.2000000000000002
      vertex 4.403485715389252 8.775828571191855 1.2000000000000002
      vertex 4.403485715389252 8.775828571191855 1
    endloop
  endfacet
  facet normal -0.5224779135560226 0.8526528190571736 0
    outer loop
      vertex 4.250900000333786 9.713099994829722 1.2000000000000002
      vertex 4.4613678604364395 9.842067853680678 1.2000000000000002
      vertex 4.4613678604364395 9.842067853680678 1
    endloop
  endfacet
  facet normal 0.5955798551686317 -0.8032961073709443 0
    outer loop
      vertex 4.398157142102718 9.661271424165793 1.2000000000000002
      vertex 4.398157142102718 9.661271424165793 1
      vertex 4.54613571614027 9.770985708705016 1.2000000000000002
    endloop
  endfacet
  facet normal 0.1674584870527471 -0.9858791280446122 0
    outer loop
      vertex 4.54613571614027 9.770985708705016 1.2000000000000002
      vertex 4.54613571614027 9.770985708705016 1
      vertex 4.761442855000496 9.807557136884757 1.2000000000000002
    endloop
  endfacet
  facet normal -0.14549851037003755 0.9893584706667752 0
    outer loop
      vertex 4.4613678604364395 9.842067853680678 1.2000000000000002
      vertex 4.753685712814331 9.885057137480803 1.2000000000000002
      vertex 4.753685712814331 9.885057137480803 1
    endloop
  endfacet
  facet normal 0 0 1
    outer loop
      vertex 4.250900000333786 9.713099994829722 1.2000000000000002
      vertex 4.398157142102718 9.661271424165793 1.2000000000000002
      vertex 4.4613678604364395 9.842067853680678 1.2000000000000002
    endloop
  endfacet
  facet normal 0 0 1
    outer loop
      vertex 4.398157142102718 9.661271424165793 1.2000000000000002
      vertex 4.54613571614027 9.770985708705016 1.2000000000000002
      vertex 4.4613678604364395 9.842067853680678 1.2000000000000002
    endloop
  endfacet
  facet normal 0 0 1
    outer loop
      vertex 4.4613678604364395 9.842067853680678 1.2000000000000002
      vertex 4.54613571614027 9.770985708705016 1.2000000000000002
      vertex 4.753685712814331 9.885057137480803 1.2000000000000002
    endloop
  endfacet
  facet normal 0 0 1
    outer loop
      vertex 4.54613571614027 9.770985708705016 1.2000000000000002
      vertex 4.761442855000496 9.807557136884757 1.2000000000000002
      vertex 4.753685712814331 9.885057137480803 1.2000000000000002
    endloop
  endfacet
  facet normal -0.06196664572509421 0.9980782207911265 0
    outer loop
      vertex 4.7517571449279785 8.62664285408599 1.2000000000000002
      vertex 4.859039284288883 8.633303568831511 1
      vertex 4.7517571449279785 8.62664285408599 1
    endloop
  endfacet
  facet normal 0.06421712488914796 -0.9979359502848726 0
    outer loop
      vertex 4.986910715699196 8.567314283124038 1.2000000000000002
      vertex 4.749814286828041 8.55205714063985 1
      vertex 4.986910715699196 8.567314283124038 1
    endloop
  endfacet
  facet normal -0.19410093074384488 0.9809815638860768 0
    outer loop
      vertex 4.859039284288883 8.633303568831511 1.2000000000000002
      vertex 4.960028573870659 8.653285713068076 1
      vertex 4.859039284288883 8.633303568831511 1
    endloop
  endfacet
  facet normal -0.33452639831674863 0.9423863797982354 0
    outer loop
      vertex 4.960028573870659 8.653285713068076 1.2000000000000002
      vertex 5.047700002789497 8.684407138398715 1
      vertex 4.960028573870659 8.653285713068076 1
    endloop
  endfacet
  facet normal -0.5115031009479624 0.8592814310344535 0
    outer loop
      vertex 5.047700002789497 8.684407138398715 1.2000000000000002
      vertex 5.115028575062752 8.72448571132762 1
      vertex 5.047700002789497 8.684407138398715 1
    endloop
  endfacet
  facet normal 0.20270287987097077 -0.9792402884338526 0
    outer loop
      vertex 5.208028569817543 8.613085710576602 1.2000000000000002
      vertex 4.986910715699196 8.567314283124038 1
      vertex 5.208028569817543 8.613085710576602 1
    endloop
  endfacet
  facet normal -1 0 0
    outer loop
      vertex 5.393157139420509 8.571428568235465 1.2000000000000002
      vertex 5.393157139420509 8.6227714280997 1
      vertex 5.393157139420509 8.571428568235465 1
    endloop
  endfacet
  facet normal -0.167423070132438 0.9858851432025074 0
    outer loop
      vertex 5.393157139420509 8.6227714280997 1.2000000000000002
      vertex 5.5471857115626335 8.648928568831511 1
      vertex 5.393157139420509 8.6227714280997 1
    endloop
  endfacet
  facet normal 0.06421712488914796 -0.9979359502848726 0
    outer loop
      vertex 4.749814286828041 8.55205714063985 1.2000000000000002
      vertex 4.749814286828041 8.55205714063985 1
      vertex 4.986910715699196 8.567314283124038 1.2000000000000002
    endloop
  endfacet
  facet normal -0.06196664572509421 0.9980782207911265 0
    outer loop
      vertex 4.7517571449279785 8.62664285408599 1.2000000000000002
      vertex 4.859039284288883 8.633303568831511 1.2000000000000002
      vertex 4.859039284288883 8.633303568831511 1
    endloop
  endfacet
  facet normal -0.19410093074384488 0.9809815638860768 0
    outer loop
      vertex 4.859039284288883 8.633303568831511 1.2000000000000002
      vertex 4.960028573870659 8.653285713068076 1.2000000000000002
      vertex 4.960028573870659 8.653285713068076 1
    endloop
  endfacet
  facet normal 0.20270287987097077 -0.9792402884338526 0
    outer loop
      vertex 4.986910715699196 8.567314283124038 1.2000000000000002
      vertex 4.986910715699196 8.567314283124038 1
      vertex 5.208028569817543 8.613085710576602 1.2000000000000002
    endloop
  endfacet
  facet normal -0.33452639831674863 0.9423863797982354 0
    outer loop
      vertex 4.960028573870659 8.653285713068076 1.2000000000000002
      vertex 5.047700002789497 8.684407138398715 1.2000000000000002
      vertex 5.047700002789497 8.684407138398715 1
    endloop
  endfacet
  facet normal -0.5115031009479624 0.8592814310344535 0
    outer loop
      vertex 5.047700002789497 8.684407138398715 1.2000000000000002
      vertex 5.115028575062752 8.72448571132762 1.2000000000000002
      vertex 5.115028575062752 8.72448571132762 1
    endloop
  endfacet
  facet normal 0 0 1
    outer loop
      vertex 4.749814286828041 8.55205714063985 1.2000000000000002
      vertex 4.859039284288883 8.633303568831511 1.2000000000000002
      vertex 4.7517571449279785 8.62664285408599 1.2000000000000002
    endloop
  endfacet
  facet normal 0 0 1
    outer loop
      vertex 4.749814286828041 8.55205714063985 1.2000000000000002
      vertex 4.986910715699196 8.567314283124038 1.2000000000000002
      vertex 4.859039284288883 8.633303568831511 1.2000000000000002
    endloop
  endfacet
  facet normal 0 0 1
    outer loop
      vertex 4.859039284288883 8.633303568831511 1.2000000000000002
      vertex 4.986910715699196 8.567314283124038 1.2000000000000002
      vertex 4.960028573870659 8.653285713068076 1.2000000000000002
    endloop
  endfacet
  facet normal 0 0 1
    outer loop
      vertex 4.960028573870659 8.653285713068076 1.2000000000000002
      vertex 4.986910715699196 8.567314283124038 1.2000000000000002
      vertex 5.047700002789497 8.684407138398715 1.2000000000000002
    endloop
  endfacet
  facet normal 0 0 1
    outer loop
      vertex 4.986910715699196 8.567314283124038 1.2000000000000002
      vertex 5.208028569817543 8.613085710576602 1.2000000000000002
      vertex 5.047700002789497 8.684407138398715 1.2000000000000002
    endloop
  endfacet
  facet normal 0 0 1
    outer loop
      vertex 5.047700002789497 8.684407138398715 1.2000000000000002
      vertex 5.208028569817543 8.613085710576602 1.2000000000000002
      vertex 5.115028575062752 8.72448571132762 1.2000000000000002
    endloop
  endfacet
  facet normal 0.9998185331918595 -0.019049952390457623 0
    outer loop
      vertex 5.208028569817543 8.613085710576602 1.2000000000000002
      vertex 5.208028569817543 8.613085710576602 1
      vertex 5.2138428539037704 8.918242850473948 1.2000000000000002
    endloop
  endfacet
  facet normal -1 0 0
    outer loop
      vertex 5.393157139420509 8.571428568235465 1.2000000000000002
      vertex 5.393157139420509 8.6227714280997 1.2000000000000002
      vertex 5.393157139420509 8.6227714280997 1
    endloop
  endfacet
  facet normal -0.167423070132438 0.9858851432025074 0
    outer loop
      vertex 5.393157139420509 8.6227714280997 1.2000000000000002
      vertex 5.5471857115626335 8.648928568831511 1.2000000000000002
      vertex 5.5471857115626335 8.648928568831511 1
    endloop
  endfacet
  facet normal 0 0 1
    outer loop
      vertex 5.393157139420509 8.571428568235465 1.2000000000000002
      vertex 5.5471857115626335 8.648928568831511 1.2000000000000002
      vertex 5.393157139420509 8.6227714280997 1.2000000000000002
    endloop
  endfacet
  facet normal 0 0 1
    outer loop
      vertex 5.393157139420509 8.571428568235465 1.2000000000000002
      vertex 5.734157145023346 8.648928568831511 1.2000000000000002
      vertex 5.5471857115626335 8.648928568831511 1.2000000000000002
    endloop
  endfacet
  facet normal -0.9833166077010449 0.1819023062506615 0
    outer loop
      vertex 5.115028575062752 8.72448571132762 1.2000000000000002
      vertex 5.150871425867081 8.918242850473948 1
      vertex 5.115028575062752 8.72448571132762 1
    endloop
  endfacet
  facet normal -0.06166057361347488 -0.9980971764621204 0
    outer loop
      vertex 4.853592857718468 9.801864282361098 1.2000000000000002
      vertex 4.761442855000496 9.807557136884757 1
      vertex 4.853592857718468 9.801864282361098 1
    endloop
  endfacet
  facet normal 0.058730969254236154 0.9982738468228334 0
    outer loop
      vertex 4.753685712814331 9.885057137480803 1.2000000000000002
      vertex 4.963664285838604 9.872703568211623 1
      vertex 4.753685712814331 9.885057137480803 1
    endloop
  endfacet
  facet normal -0.18553934419489782 -0.9826368361483948 0
    outer loop
      vertex 4.944042854011059 9.784785711339541 1.2000000000000002
      vertex 4.853592857718468 9.801864282361098 1
      vertex 4.944042854011059 9.784785711339541 1
    endloop
  endfacet
  facet normal -0.9854668704235375 -0.16986773471627345 0
    outer loop
      vertex 5.130528569221497 9.551799998751708 1.2000000000000002
      vertex 5.101471431553364 9.720371426216193 1
      vertex 5.130528569221497 9.551799998751708 1
    endloop
  endfacet
  facet normal -0.3104010352414128 -0.9506057002359386 0
    outer loop
      vertex 5.028207145631313 9.757303566804953 1.2000000000000002
      vertex 4.944042854011059 9.784785711339541 1
      vertex 5.028207145631313 9.757303566804953 1
    endloop
  endfacet
  facet normal 0.16252936090526457 0.9867037077277688 0
    outer loop
      vertex 4.963664285838604 9.872703568211623 1.2000000000000002
      vertex 5.188657142221928 9.835642852953502 1
      vertex 4.963664285838604 9.872703568211623 1
    endloop
  endfacet
  facet normal -0.4501363489702767 -0.8929598352309635 0
    outer loop
      vertex 5.101471431553364 9.720371426216193 1.2000000000000002
      vertex 5.028207145631313 9.757303566804953 1
      vertex 5.101471431553364 9.720371426216193 1
    endloop
  endfacet
  facet normal 0.9998185331918595 -0.019049952390457623 0
    outer loop
      vertex 5.2138428539037704 8.918242850473948 1.2000000000000002
      vertex 5.208028569817543 8.613085710576602 1
      vertex 5.2138428539037704 8.918242850473948 1
    endloop
  endfacet
  facet normal 0 1 0
    outer loop
      vertex 5.150871425867081 8.918242850473948 1.2000000000000002
      vertex 5.2138428539037704 8.918242850473948 1
      vertex 5.150871425867081 8.918242850473948 1
    endloop
  endfacet
  facet normal -1 0 0
    outer loop
      vertex 5.5471857115626335 8.648928568831511 1.2000000000000002
      vertex 5.5471857115626335 9.793985710612365 1
      vertex 5.5471857115626335 8.648928568831511 1
    endloop
  endfacet
  facet normal 0 -1 0
    outer loop
      vertex 5.194471426308155 9.551799998751708 1.2000000000000002
      vertex 5.130528569221497 9.551799998751708 1
      vertex 5.194471426308155 9.551799998751708 1
    endloop
  endfacet
  facet normal 0.9997902654770787 0.020479869561894116 0
    outer loop
      vertex 5.194471426308155 9.551799998751708 1.2000000000000002
      vertex 5.194471426308155 9.551799998751708 1
      vertex 5.188657142221928 9.835642852953502 1
    endloop
  endfacet
  facet normal -1 0 0
    outer loop
      vertex 5.380557142198086 9.819185712507792 1.2000000000000002
      vertex 5.380557142198086 9.870528564921447 1
      vertex 5.380557142198086 9.819185712507792 1
    endloop
  endfacet
  facet normal -0.14953418367303856 -0.9887565564451333 0
    outer loop
      vertex 5.5471857115626335 9.793985710612365 1.2000000000000002
      vertex 5.380557142198086 9.819185712507792 1
      vertex 5.5471857115626335 9.793985710612365 1
    endloop
  endfacet
  facet normal 0 1 0
    outer loop
      vertex 5.380557142198086 9.870528564921447 1.2000000000000002
      vertex 5.870742857456207 9.870528564921447 1
      vertex 5.380557142198086 9.870528564921447 1
    endloop
  endfacet
  facet normal -0.9833166077010449 0.1819023062506615 0
    outer loop
      vertex 5.115028575062752 8.72448571132762 1.2000000000000002
      vertex 5.150871425867081 8.918242850473948 1.2000000000000002
      vertex 5.150871425867081 8.918242850473948 1
    endloop
  endfacet
  facet normal 0 0 1
    outer loop
      vertex 5.115028575062752 8.72448571132762 1.2000000000000002
      vertex 5.2138428539037704 8.918242850473948 1.2000000000000002
      vertex 5.150871425867081 8.918242850473948 1.2000000000000002
    endloop
  endfacet
  facet normal -0.06166057361347488 -0.9980971764621204 0
    outer loop
      vertex 4.761442855000496 9.807557136884757 1.2000000000000002
      vertex 4.761442855000496 9.807557136884757 1
      vertex 4.853592857718468 9.801864282361098 1.2000000000000002
    endloop
  endfacet
  facet normal -0.18553934419489782 -0.9826368361483948 0
    outer loop
      vertex 4.853592857718468 9.801864282361098 1.2000000000000002
      vertex 4.853592857718468 9.801864282361098 1
      vertex 4.944042854011059 9.784785711339541 1.2000000000000002
    endloop
  endfacet
  facet normal 0.058730969254236154 0.9982738468228334 0
    outer loop
      vertex 4.753685712814331 9.885057137480803 1.2000000000000002
      vertex 4.963664285838604 9.872703568211623 1.2000000000000002
      vertex 4.963664285838604 9.872703568211623 1
    endloop
  endfacet
  facet normal -0.9854668704235375 -0.16986773471627345 0
    outer loop
      vertex 5.130528569221497 9.551799998751708 1.2000000000000002
      vertex 5.101471431553364 9.720371426216193 1.2000000000000002
      vertex 5.101471431553364 9.720371426216193 1
    endloop
  endfacet
  facet normal 0 -1 0
    outer loop
      vertex 5.130528569221497 9.551799998751708 1.2000000000000002
      vertex 5.130528569221497 9.551799998751708 1
      vertex 5.194471426308155 9.551799998751708 1.2000000000000002
    endloop
  endfacet
  facet normal -0.3104010352414128 -0.9506057002359386 0
    outer loop
      vertex 5.028207145631313 9.757303566804953 1.2000000000000002
      vertex 4.944042854011059 9.784785711339541 1.2000000000000002
      vertex 4.944042854011059 9.784785711339541 1
    endloop
  endfacet
  facet normal -0.4501363489702767 -0.8929598352309635 0
    outer loop
      vertex 5.028207145631313 9.757303566804953 1.2000000000000002
      vertex 5.028207145631313 9.757303566804953 1
      vertex 5.101471431553364 9.720371426216193 1.2000000000000002
    endloop
  endfacet
  facet normal 0.16252936090526457 0.9867037077277688 0
    outer loop
      vertex 4.963664285838604 9.872703568211623 1.2000000000000002
      vertex 5.188657142221928 9.835642852953502 1.2000000000000002
      vertex 5.188657142221928 9.835642852953502 1
    endloop
  endfacet
  facet normal 0 0 1
    outer loop
      vertex 4.753685712814331 9.885057137480803 1.2000000000000002
      vertex 4.761442855000496 9.807557136884757 1.2000000000000002
      vertex 4.853592857718468 9.801864282361098 1.2000000000000002
    endloop
  endfacet
  facet normal 0 0 1
    outer loop
      vertex 4.753685712814331 9.885057137480803 1.2000000000000002
      vertex 4.853592857718468 9.801864282361098 1.2000000000000002
      vertex 4.963664285838604 9.872703568211623 1.2000000000000002
    endloop
  endfacet
  facet normal 0 0 1
    outer loop
      vertex 4.853592857718468 9.801864282361098 1.2000000000000002
      vertex 4.944042854011059 9.784785711339541 1.2000000000000002
      vertex 4.963664285838604 9.872703568211623 1.2000000000000002
    endloop
  endfacet
  facet normal 0 0 1
    outer loop
      vertex 5.130528569221497 9.551799998751708 1.2000000000000002
      vertex 5.194471426308155 9.551799998751708 1.2000000000000002
      vertex 5.101471431553364 9.720371426216193 1.2000000000000002
    endloop
  endfacet
  facet normal 0 0 1
    outer loop
      vertex 5.028207145631313 9.757303566804953 1.2000000000000002
      vertex 4.963664285838604 9.872703568211623 1.2000000000000002
      vertex 4.944042854011059 9.784785711339541 1.2000000000000002
    endloop
  endfacet
  facet normal 0 0 1
    outer loop
      vertex 5.028207145631313 9.757303566804953 1.2000000000000002
      vertex 5.188657142221928 9.835642852953502 1.2000000000000002
      vertex 4.963664285838604 9.872703568211623 1.2000000000000002
    endloop
  endfacet
  facet normal 0 0 1
    outer loop
      vertex 5.028207145631313 9.757303566804953 1.2000000000000002
      vertex 5.101471431553364 9.720371426216193 1.2000000000000002
      vertex 5.188657142221928 9.835642852953502 1.2000000000000002
    endloop
  endfacet
  facet normal 0 0 1
    outer loop
      vertex 5.101471431553364 9.720371426216193 1.2000000000000002
      vertex 5.194471426308155 9.551799998751708 1.2000000000000002
      vertex 5.188657142221928 9.835642852953502 1.2000000000000002
    endloop
  endfacet
  facet normal 0 1 0
    outer loop
      vertex 5.150871425867081 8.918242850473948 1.2000000000000002
      vertex 5.2138428539037704 8.918242850473948 1.2000000000000002
      vertex 5.2138428539037704 8.918242850473948 1
    endloop
  endfacet
  facet normal 0 0 1
    outer loop
      vertex 5.115028575062752 8.72448571132762 1.2000000000000002
      vertex 5.208028569817543 8.613085710576602 1.2000000000000002
      vertex 5.2138428539037704 8.918242850473948 1.2000000000000002
    endloop
  endfacet
  facet normal 0.9997902654770787 0.020479869561894116 0
    outer loop
      vertex 5.194471426308155 9.551799998751708 1.2000000000000002
      vertex 5.188657142221928 9.835642852953502 1
      vertex 5.188657142221928 9.835642852953502 1.2000000000000002
    endloop
  endfacet
  facet normal -1 0 0
    outer loop
      vertex 5.5471857115626335 8.648928568831511 1.2000000000000002
      vertex 5.5471857115626335 9.793985710612365 1.2000000000000002
      vertex 5.5471857115626335 9.793985710612365 1
    endloop
  endfacet
  facet normal -0.14953418367303856 -0.9887565564451333 0
    outer loop
      vertex 5.380557142198086 9.819185712507792 1.2000000000000002
      vertex 5.380557142198086 9.819185712507792 1
      vertex 5.5471857115626335 9.793985710612365 1.2000000000000002
    endloop
  endfacet
  facet normal -1 0 0
    outer loop
      vertex 5.380557142198086 9.819185712507792 1.2000000000000002
      vertex 5.380557142198086 9.870528564921447 1.2000000000000002
      vertex 5.380557142198086 9.870528564921447 1
    endloop
  endfacet
  facet normal 0 0 1
    outer loop
      vertex 5.380557142198086 9.819185712507792 1.2000000000000002
      vertex 5.5471857115626335 9.793985710612365 1.2000000000000002
      vertex 5.380557142198086 9.870528564921447 1.2000000000000002
    endloop
  endfacet
  facet normal 0 -1 0
    outer loop
      vertex 5.912399999797344 5.71428571747882 1.2000000000000002
      vertex 5.393142856657505 5.71428571747882 1
      vertex 5.912399999797344 5.71428571747882 1
    endloop
  endfacet
  facet normal 0.15507959517321107 0.987901978518574 0
    outer loop
      vertex 5.7457714304327965 5.791785718074866 1.2000000000000002
      vertex 5.912399999797344 5.765628577343055 1
      vertex 5.7457714304327965 5.791785718074866 1
    endloop
  endfacet
  facet normal 1 0 0
    outer loop
      vertex 5.912399999797344 5.765628577343055 1.2000000000000002
      vertex 5.912399999797344 5.71428571747882 1
      vertex 5.912399999797344 5.765628577343055 1
    endloop
  endfacet
  facet normal 0 -1 0
    outer loop
      vertex 5.393142856657505 5.71428571747882 1.2000000000000002
      vertex 5.393142856657505 5.71428571747882 1
      vertex 5.912399999797344 5.71428571747882 1.2000000000000002
    endloop
  endfacet
  facet normal 1 0 0
    outer loop
      vertex 5.7457714304327965 5.791785718074866 1.2000000000000002
      vertex 5.7457714304327965 5.791785718074866 1
      vertex 5.7457714304327965 6.9368428598557195 1.2000000000000002
    endloop
  endfacet
  facet normal 0.15507959517321107 0.987901978518574 0
    outer loop
      vertex 5.7457714304327965 5.791785718074866 1.2000000000000002
      vertex 5.912399999797344 5.765628577343055 1.2000000000000002
      vertex 5.912399999797344 5.765628577343055 1
    endloop
  endfacet
  facet normal 1 0 0
    outer loop
      vertex 5.912399999797344 5.71428571747882 1.2000000000000002
      vertex 5.912399999797344 5.71428571747882 1
      vertex 5.912399999797344 5.765628577343055 1.2000000000000002
    endloop
  endfacet
  facet normal 0 0 1
    outer loop
      vertex 5.393142856657505 5.71428571747882 1.2000000000000002
      vertex 5.912399999797344 5.71428571747882 1.2000000000000002
      vertex 5.559771426022053 5.791785718074866 1.2000000000000002
    endloop
  endfacet
  facet normal 0 0 1
    outer loop
      vertex 5.559771426022053 5.791785718074866 1.2000000000000002
      vertex 5.912399999797344 5.71428571747882 1.2000000000000002
      vertex 5.7457714304327965 5.791785718074866 1.2000000000000002
    endloop
  endfacet
  facet normal 0 0 1
    outer loop
      vertex 5.559771426022053 5.791785718074866 1.2000000000000002
      vertex 5.7457714304327965 5.791785718074866 1.2000000000000002
      vertex 5.559771426022053 6.9368428598557195 1.2000000000000002
    endloop
  endfacet
  facet normal 0 0 1
    outer loop
      vertex 5.7457714304327965 5.791785718074866 1.2000000000000002
      vertex 5.912399999797344 5.71428571747882 1.2000000000000002
      vertex 5.912399999797344 5.765628577343055 1.2000000000000002
    endloop
  endfacet
  facet normal 1 0 0
    outer loop
      vertex 5.7457714304327965 6.9368428598557195 1.2000000000000002
      vertex 5.7457714304327965 5.791785718074866 1
      vertex 5.7457714304327965 6.9368428598557195 1
    endloop
  endfacet
  facet normal 0 1 0
    outer loop
      vertex 5.393142856657505 7.0133857141648015 1.2000000000000002
      vertex 5.912399999797344 7.0133857141648015 1
      vertex 5.393142856657505 7.0133857141648015 1
    endloop
  endfacet
  facet normal 0.14953418367303856 -0.9887565564451333 0
    outer loop
      vertex 5.912399999797344 6.962042861751147 1.2000000000000002
      vertex 5.7457714304327965 6.9368428598557195 1
      vertex 5.912399999797344 6.962042861751147 1
    endloop
  endfacet
  facet normal 1 0 0
    outer loop
      vertex 5.912399999797344 7.0133857141648015 1.2000000000000002
      vertex 5.912399999797344 6.962042861751147 1
      vertex 5.912399999797344 7.0133857141648015 1
    endloop
  endfacet
  facet normal 0 0 1
    outer loop
      vertex 5.7457714304327965 5.791785718074866 1.2000000000000002
      vertex 5.7457714304327965 6.9368428598557195 1.2000000000000002
      vertex 5.559771426022053 6.9368428598557195 1.2000000000000002
    endloop
  endfacet
  facet normal 0 1 0
    outer loop
      vertex 5.393142856657505 7.0133857141648015 1.2000000000000002
      vertex 5.912399999797344 7.0133857141648015 1.2000000000000002
      vertex 5.912399999797344 7.0133857141648015 1
    endloop
  endfacet
  facet normal 0.14953418367303856 -0.9887565564451333 0
    outer loop
      vertex 5.7457714304327965 6.9368428598557195 1.2000000000000002
      vertex 5.7457714304327965 6.9368428598557195 1
      vertex 5.912399999797344 6.962042861751147 1.2000000000000002
    endloop
  endfacet
  facet normal 1 0 0
    outer loop
      vertex 5.912399999797344 6.962042861751147 1.2000000000000002
      vertex 5.912399999797344 6.962042861751147 1
      vertex 5.912399999797344 7.0133857141648015 1.2000000000000002
    endloop
  endfacet
  facet normal 0 0 1
    outer loop
      vertex 5.559771426022053 6.9368428598557195 1.2000000000000002
      vertex 5.7457714304327965 6.9368428598557195 1.2000000000000002
      vertex 5.393142856657505 7.0133857141648015 1.2000000000000002
    endloop
  endfacet
  facet normal 0 0 1
    outer loop
      vertex 5.393142856657505 7.0133857141648015 1.2000000000000002
      vertex 5.7457714304327965 6.9368428598557195 1.2000000000000002
      vertex 5.912399999797344 7.0133857141648015 1.2000000000000002
    endloop
  endfacet
  facet normal 0 0 1
    outer loop
      vertex 5.7457714304327965 6.9368428598557195 1.2000000000000002
      vertex 5.912399999797344 6.962042861751147 1.2000000000000002
      vertex 5.912399999797344 7.0133857141648015 1.2000000000000002
    endloop
  endfacet
  facet normal 0 -1 0
    outer loop
      vertex 5.940499998629093 8.571428568235465 1.2000000000000002
      vertex 5.393157139420509 8.571428568235465 1
      vertex 5.940499998629093 8.571428568235465 1
    endloop
  endfacet
  facet normal 0.12575901717401977 0.9920608195062561 0
    outer loop
      vertex 5.734157145023346 8.648928568831511 1.2000000000000002
      vertex 5.940499998629093 8.6227714280997 1
      vertex 5.734157145023346 8.648928568831511 1
    endloop
  endfacet
  facet normal 1 0 0
    outer loop
      vertex 5.940499998629093 8.6227714280997 1.2000000000000002
      vertex 5.940499998629093 8.571428568235465 1
      vertex 5.940499998629093 8.6227714280997 1
    endloop
  endfacet
  facet normal 0 -1 0
    outer loop
      vertex 5.393157139420509 8.571428568235465 1.2000000000000002
      vertex 5.393157139420509 8.571428568235465 1
      vertex 5.940499998629093 8.571428568235465 1.2000000000000002
    endloop
  endfacet
  facet normal 1 0 0
    outer loop
      vertex 5.940499998629093 8.571428568235465 1.2000000000000002
      vertex 5.940499998629093 8.571428568235465 1
      vertex 5.940499998629093 8.6227714280997 1.2000000000000002
    endloop
  endfacet
  facet normal 0.12575901717401977 0.9920608195062561 0
    outer loop
      vertex 5.734157145023346 8.648928568831511 1.2000000000000002
      vertex 5.940499998629093 8.6227714280997 1.2000000000000002
      vertex 5.940499998629093 8.6227714280997 1
    endloop
  endfacet
  facet normal 0 0 1
    outer loop
      vertex 5.393157139420509 8.571428568235465 1.2000000000000002
      vertex 5.940499998629093 8.571428568235465 1.2000000000000002
      vertex 5.734157145023346 8.648928568831511 1.2000000000000002
    endloop
  endfacet
  facet normal 0 0 1
    outer loop
      vertex 5.734157145023346 8.648928568831511 1.2000000000000002
      vertex 5.940499998629093 8.571428568235465 1.2000000000000002
      vertex 5.940499998629093 8.6227714280997 1.2000000000000002
    endloop
  endfacet
  facet normal 1 0 0
    outer loop
      vertex 5.734157145023346 9.080985711089202 1.2000000000000002
      vertex 5.734157145023346 8.648928568831511 1
      vertex 5.734157145023346 9.080985711089202 1
    endloop
  endfacet
  facet normal 0 1 0
    outer loop
      vertex 5.734157145023346 9.16818571197135 1.2000000000000002
      vertex 5.834899999201298 9.16818571197135 1
      vertex 5.734157145023346 9.16818571197135 1
    endloop
  endfacet
  facet normal 0 -1 0
    outer loop
      vertex 5.880428574979305 9.080985711089202 1.2000000000000002
      vertex 5.734157145023346 9.080985711089202 1
      vertex 5.880428574979305 9.080985711089202 1
    endloop
  endfacet
  facet normal -0.12994136651137428 0.9915216796768271 0
    outer loop
      vertex 5.834899999201298 9.16818571197135 1.2000000000000002
      vertex 5.977182142436504 9.18683213847024 1
      vertex 5.834899999201298 9.16818571197135 1
    endloop
  endfacet
  facet normal 1 0 0
    outer loop
      vertex 5.734157145023346 9.783328571489879 1.2000000000000002
      vertex 5.734157145023346 9.16818571197135 1
      vertex 5.734157145023346 9.783328571489879 1
    endloop
  endfacet
  facet normal 0 -1 0
    outer loop
      vertex 5.82908571511507 9.783328571489879 1.2000000000000002
      vertex 5.734157145023346 9.783328571489879 1
      vertex 5.82908571511507 9.783328571489879 1
    endloop
  endfacet
  facet normal -0.11323950938283737 -0.9935677196420656 0
    outer loop
      vertex 5.979967854917049 9.766132139733859 1.2000000000000002
      vertex 5.82908571511507 9.783328571489879 1
      vertex 5.979967854917049 9.766132139733859 1
    endloop
  endfacet
  facet normal 0.12884801870759985 -0.9916643525281759 0
    outer loop
      vertex 6.079874999821186 9.106900000146457 1.2000000000000002
      vertex 5.880428574979305 9.080985711089202 1
      vertex 6.079874999821186 9.106900000146457 1
    endloop
  endfacet
  facet normal -0.49037272274558047 0.8715128184869606 0
    outer loop
      vertex 5.977182142436504 9.18683213847024 1.2000000000000002
      vertex 6.07660000026226 9.24277142541749 1
      vertex 5.977182142436504 9.18683213847024 1
    endloop
  endfacet
  facet normal -0.8588969768899585 0.5121483994793795 0
    outer loop
      vertex 6.07660000026226 9.24277142541749 1.2000000000000002
      vertex 6.135089285671711 9.340860710612365 1
      vertex 6.07660000026226 9.24277142541749 1
    endloop
  endfacet
  facet normal 0.46780178270747813 -0.8838334074336099 0
    outer loop
      vertex 6.226757146418095 9.18464285241706 1.2000000000000002
      vertex 6.079874999821186 9.106900000146457 1
      vertex 6.226757146418095 9.18464285241706 1
    endloop
  endfacet
  facet normal 0.815867437126146 -0.578238986092441 0
    outer loop
      vertex 6.317217856645584 9.312278569809028 1.2000000000000002
      vertex 6.226757146418095 9.18464285241706 1
      vertex 6.317217856645584 9.312278569809028 1
    endloop
  endfacet
  facet normal -0.9910894894553476 0.13319768725897024 0
    outer loop
      vertex 6.135089285671711 9.340860710612365 1.2000000000000002
      vertex 6.154585711658001 9.485928566328116 1
      vertex 6.135089285671711 9.340860710612365 1
    endloop
  endfacet
  facet normal -0.853243152900244 -0.5215132999539426 0
    outer loop
      vertex 6.135935716331005 9.623003565839358 1.2000000000000002
      vertex 6.079985715448856 9.71454285191638 1
      vertex 6.135935716331005 9.623003565839358 1
    endloop
  endfacet
  facet normal -0.9908708163608081 -0.1348147814019876 0
    outer loop
      vertex 6.154585711658001 9.485928566328116 1.2000000000000002
      vertex 6.135935716331005 9.623003565839358 1
      vertex 6.154585711658001 9.485928566328116 1
    endloop
  endfacet
  facet normal 0.2585167384913236 0.9660067784026201 0
    outer loop
      vertex 5.870742857456207 9.870528564921447 1.2000000000000002
      vertex 6.228214286267757 9.774864279798098 1
      vertex 5.870742857456207 9.870528564921447 1
    endloop
  endfacet
  facet normal -0.45841252147775546 -0.8887395344826324 0
    outer loop
      vertex 6.079985715448856 9.71454285191638 1.2000000000000002
      vertex 5.979967854917049 9.766132139733859 1
      vertex 6.079985715448856 9.71454285191638 1
    endloop
  endfacet
  facet normal 0.9235597175085355 0.38345462338528924 0
    outer loop
      vertex 6.228214286267757 9.774864279798098 1.2000000000000002
      vertex 6.347371429204941 9.487871424428054 1
      vertex 6.228214286267757 9.774864279798098 1
    endloop
  endfacet
  facet normal 0.9855736639003683 -0.1692470177758056 0
    outer loop
      vertex 6.347371429204941 9.487871424428054 1.2000000000000002
      vertex 6.317217856645584 9.312278569809028 1
      vertex 6.347371429204941 9.487871424428054 1
    endloop
  endfacet
  facet normal 1 0 0
    outer loop
      vertex 5.734157145023346 8.648928568831511 1.2000000000000002
      vertex 5.734157145023346 8.648928568831511 1
      vertex 5.734157145023346 9.080985711089202 1.2000000000000002
    endloop
  endfacet
  facet normal 1 0 0
    outer loop
      vertex 5.734157145023346 9.16818571197135 1.2000000000000002
      vertex 5.734157145023346 9.16818571197135 1
      vertex 5.734157145023346 9.783328571489879 1.2000000000000002
    endloop
  endfacet
  facet normal 0 -1 0
    outer loop
      vertex 5.734157145023346 9.080985711089202 1.2000000000000002
      vertex 5.734157145023346 9.080985711089202 1
      vertex 5.880428574979305 9.080985711089202 1.2000000000000002
    endloop
  endfacet
  facet normal 0 1 0
    outer loop
      vertex 5.734157145023346 9.16818571197135 1.2000000000000002
      vertex 5.834899999201298 9.16818571197135 1.2000000000000002
      vertex 5.834899999201298 9.16818571197135 1
    endloop
  endfacet
  facet normal 0.12884801870759985 -0.9916643525281759 0
    outer loop
      vertex 5.880428574979305 9.080985711089202 1.2000000000000002
      vertex 5.880428574979305 9.080985711089202 1
      vertex 6.079874999821186 9.106900000146457 1.2000000000000002
    endloop
  endfacet
  facet normal -0.12994136651137428 0.9915216796768271 0
    outer loop
      vertex 5.834899999201298 9.16818571197135 1.2000000000000002
      vertex 5.977182142436504 9.18683213847024 1.2000000000000002
      vertex 5.977182142436504 9.18683213847024 1
    endloop
  endfacet
  facet normal 0 0 1
    outer loop
      vertex 5.5471857115626335 8.648928568831511 1.2000000000000002
      vertex 5.734157145023346 8.648928568831511 1.2000000000000002
      vertex 5.734157145023346 9.080985711089202 1.2000000000000002
    endloop
  endfacet
  facet normal 0 0 1
    outer loop
      vertex 5.5471857115626335 8.648928568831511 1.2000000000000002
      vertex 5.734157145023346 9.080985711089202 1.2000000000000002
      vertex 5.734157145023346 9.16818571197135 1.2000000000000002
    endloop
  endfacet
  facet normal 0 0 1
    outer loop
      vertex 5.5471857115626335 8.648928568831511 1.2000000000000002
      vertex 5.734157145023346 9.16818571197135 1.2000000000000002
      vertex 5.5471857115626335 9.793985710612365 1.2000000000000002
    endloop
  endfacet
  facet normal 0 0 1
    outer loop
      vertex 5.734157145023346 9.080985711089202 1.2000000000000002
      vertex 5.834899999201298 9.16818571197135 1.2000000000000002
      vertex 5.734157145023346 9.16818571197135 1.2000000000000002
    endloop
  endfacet
  facet normal 0 0 1
    outer loop
      vertex 5.734157145023346 9.080985711089202 1.2000000000000002
      vertex 5.880428574979305 9.080985711089202 1.2000000000000002
      vertex 5.834899999201298 9.16818571197135 1.2000000000000002
    endloop
  endfacet
  facet normal 0 0 1
    outer loop
      vertex 5.834899999201298 9.16818571197135 1.2000000000000002
      vertex 5.880428574979305 9.080985711089202 1.2000000000000002
      vertex 5.977182142436504 9.18683213847024 1.2000000000000002
    endloop
  endfacet
  facet normal 0 -1 0
    outer loop
      vertex 5.734157145023346 9.783328571489879 1.2000000000000002
      vertex 5.734157145023346 9.783328571489879 1
      vertex 5.82908571511507 9.783328571489879 1.2000000000000002
    endloop
  endfacet
  facet normal 0 1 0
    outer loop
      vertex 5.380557142198086 9.870528564921447 1.2000000000000002
      vertex 5.870742857456207 9.870528564921447 1.2000000000000002
      vertex 5.870742857456207 9.870528564921447 1
    endloop
  endfacet
  facet normal -0.11323950938283737 -0.9935677196420656 0
    outer loop
      vertex 5.82908571511507 9.783328571489879 1.2000000000000002
      vertex 5.82908571511507 9.783328571489879 1
      vertex 5.979967854917049 9.766132139733859 1.2000000000000002
    endloop
  endfacet
  facet normal 0 0 1
    outer loop
      vertex 5.5471857115626335 9.793985710612365 1.2000000000000002
      vertex 5.734157145023346 9.16818571197135 1.2000000000000002
      vertex 5.734157145023346 9.783328571489879 1.2000000000000002
    endloop
  endfacet
  facet normal 0 0 1
    outer loop
      vertex 5.380557142198086 9.870528564921447 1.2000000000000002
      vertex 5.5471857115626335 9.793985710612365 1.2000000000000002
      vertex 5.870742857456207 9.870528564921447 1.2000000000000002
    endloop
  endfacet
  facet normal 0 0 1
    outer loop
      vertex 5.5471857115626335 9.793985710612365 1.2000000000000002
      vertex 5.734157145023346 9.783328571489879 1.2000000000000002
      vertex 5.870742857456207 9.870528564921447 1.2000000000000002
    endloop
  endfacet
  facet normal 0 0 1
    outer loop
      vertex 5.734157145023346 9.783328571489879 1.2000000000000002
      vertex 5.82908571511507 9.783328571489879 1.2000000000000002
      vertex 5.870742857456207 9.870528564921447 1.2000000000000002
    endloop
  endfacet
  facet normal 0 0 1
    outer loop
      vertex 5.82908571511507 9.783328571489879 1.2000000000000002
      vertex 5.979967854917049 9.766132139733859 1.2000000000000002
      vertex 5.870742857456207 9.870528564921447 1.2000000000000002
    endloop
  endfacet
  facet normal -0.49037272274558047 0.8715128184869606 0
    outer loop
      vertex 5.977182142436504 9.18683213847024 1.2000000000000002
      vertex 6.07660000026226 9.24277142541749 1.2000000000000002
      vertex 6.07660000026226 9.24277142541749 1
    endloop
  endfacet
  facet normal 0.46780178270747813 -0.8838334074336099 0
    outer loop
      vertex 6.079874999821186 9.106900000146457 1.2000000000000002
      vertex 6.079874999821186 9.106900000146457 1
      vertex 6.226757146418095 9.18464285241706 1.2000000000000002
    endloop
  endfacet
  facet normal -0.8588969768899585 0.5121483994793795 0
    outer loop
      vertex 6.07660000026226 9.24277142541749 1.2000000000000002
      vertex 6.135089285671711 9.340860710612365 1.2000000000000002
      vertex 6.135089285671711 9.340860710612365 1
    endloop
  endfacet
  facet normal 0.815867437126146 -0.578238986092441 0
    outer loop
      vertex 6.226757146418095 9.18464285241706 1.2000000000000002
      vertex 6.226757146418095 9.18464285241706 1
      vertex 6.317217856645584 9.312278569809028 1.2000000000000002
    endloop
  endfacet
  facet normal 0.9855736639003683 -0.1692470177758056 0
    outer loop
      vertex 6.317217856645584 9.312278569809028 1.2000000000000002
      vertex 6.317217856645584 9.312278569809028 1
      vertex 6.347371429204941 9.487871424428054 1.2000000000000002
    endloop
  endfacet
  facet normal 0 0 1
    outer loop
      vertex 5.880428574979305 9.080985711089202 1.2000000000000002
      vertex 6.079874999821186 9.106900000146457 1.2000000000000002
      vertex 5.977182142436504 9.18683213847024 1.2000000000000002
    endloop
  endfacet
  facet normal 0 0 1
    outer loop
      vertex 5.977182142436504 9.18683213847024 1.2000000000000002
      vertex 6.079874999821186 9.106900000146457 1.2000000000000002
      vertex 6.07660000026226 9.24277142541749 1.2000000000000002
    endloop
  endfacet
  facet normal 0 0 1
    outer loop
      vertex 6.079874999821186 9.106900000146457 1.2000000000000002
      vertex 6.226757146418095 9.18464285241706 1.2000000000000002
      vertex 6.07660000026226 9.24277142541749 1.2000000000000002
    endloop
  endfacet
  facet normal 0 0 1
    outer loop
      vertex 6.07660000026226 9.24277142541749 1.2000000000000002
      vertex 6.226757146418095 9.18464285241706 1.2000000000000002
      vertex 6.135089285671711 9.340860710612365 1.2000000000000002
    endloop
  endfacet
  facet normal 0 0 1
    outer loop
      vertex 6.226757146418095 9.18464285241706 1.2000000000000002
      vertex 6.317217856645584 9.312278569809028 1.2000000000000002
      vertex 6.135089285671711 9.340860710612365 1.2000000000000002
    endloop
  endfacet
  facet normal -0.9910894894553476 0.13319768725897024 0
    outer loop
      vertex 6.135089285671711 9.340860710612365 1.2000000000000002
      vertex 6.154585711658001 9.485928566328116 1.2000000000000002
      vertex 6.154585711658001 9.485928566328116 1
    endloop
  endfacet
  facet normal -0.853243152900244 -0.5215132999539426 0
    outer loop
      vertex 6.135935716331005 9.623003565839358 1.2000000000000002
      vertex 6.079985715448856 9.71454285191638 1.2000000000000002
      vertex 6.079985715448856 9.71454285191638 1
    endloop
  endfacet
  facet normal -0.9908708163608081 -0.1348147814019876 0
    outer loop
      vertex 6.154585711658001 9.485928566328116 1.2000000000000002
      vertex 6.135935716331005 9.623003565839358 1.2000000000000002
      vertex 6.135935716331005 9.623003565839358 1
    endloop
  endfacet
  facet normal -0.45841252147775546 -0.8887395344826324 0
    outer loop
      vertex 5.979967854917049 9.766132139733859 1.2000000000000002
      vertex 5.979967854917049 9.766132139733859 1
      vertex 6.079985715448856 9.71454285191638 1.2000000000000002
    endloop
  endfacet
  facet normal 0.2585167384913236 0.9660067784026201 0
    outer loop
      vertex 5.870742857456207 9.870528564921447 1.2000000000000002
      vertex 6.228214286267757 9.774864279798098 1.2000000000000002
      vertex 6.228214286267757 9.774864279798098 1
    endloop
  endfacet
  facet normal 0.9235597175085355 0.38345462338528924 0
    outer loop
      vertex 6.347371429204941 9.487871424428054 1.2000000000000002
      vertex 6.347371429204941 9.487871424428054 1
      vertex 6.228214286267757 9.774864279798098 1.2000000000000002
    endloop
  endfacet
  facet normal 0 0 1
    outer loop
      vertex 5.870742857456207 9.870528564921447 1.2000000000000002
      vertex 5.979967854917049 9.766132139733859 1.2000000000000002
      vertex 6.228214286267757 9.774864279798098 1.2000000000000002
    endloop
  endfacet
  facet normal 0 0 1
    outer loop
      vertex 5.979967854917049 9.766132139733859 1.2000000000000002
      vertex 6.079985715448856 9.71454285191638 1.2000000000000002
      vertex 6.228214286267757 9.774864279798098 1.2000000000000002
    endloop
  endfacet
  facet normal 0 0 1
    outer loop
      vertex 6.135935716331005 9.623003565839358 1.2000000000000002
      vertex 6.228214286267757 9.774864279798098 1.2000000000000002
      vertex 6.079985715448856 9.71454285191638 1.2000000000000002
    endloop
  endfacet
  facet normal 0 0 1
    outer loop
      vertex 6.135089285671711 9.340860710612365 1.2000000000000002
      vertex 6.317217856645584 9.312278569809028 1.2000000000000002
      vertex 6.154585711658001 9.485928566328116 1.2000000000000002
    endloop
  endfacet
  facet normal 0 0 1
    outer loop
      vertex 6.154585711658001 9.485928566328116 1.2000000000000002
      vertex 6.347371429204941 9.487871424428054 1.2000000000000002
      vertex 6.135935716331005 9.623003565839358 1.2000000000000002
    endloop
  endfacet
  facet normal 0 0 1
    outer loop
      vertex 6.135935716331005 9.623003565839358 1.2000000000000002
      vertex 6.347371429204941 9.487871424428054 1.2000000000000002
      vertex 6.228214286267757 9.774864279798098 1.2000000000000002
    endloop
  endfacet
  facet normal 0 0 1
    outer loop
      vertex 6.154585711658001 9.485928566328116 1.2000000000000002
      vertex 6.317217856645584 9.312278569809028 1.2000000000000002
      vertex 6.347371429204941 9.487871424428054 1.2000000000000002
    endloop
  endfacet
  facet normal -1 0 0
    outer loop
      vertex 6.484028570353985 8.571428568235465 1.2000000000000002
      vertex 6.484028570353985 8.6227714280997 1
      vertex 6.484028570353985 8.571428568235465 1
    endloop
  endfacet
  facet normal -0.15507959517321107 0.987901978518574 0
    outer loop
      vertex 6.484028570353985 8.6227714280997 1.2000000000000002
      vertex 6.650657139718533 8.648928568831511 1
      vertex 6.484028570353985 8.6227714280997 1
    endloop
  endfacet
  facet normal 0 -1 0
    outer loop
      vertex 6.926742859184742 8.571428568235465 1.2000000000000002
      vertex 6.484028570353985 8.571428568235465 1
      vertex 6.926742859184742 8.571428568235465 1
    endloop
  endfacet
  facet normal 0.1483483647139306 0.9889351660683843 0
    outer loop
      vertex 6.752371430397034 8.648928568831511 1.2000000000000002
      vertex 6.926742859184742 8.6227714280997 1
      vertex 6.752371430397034 8.648928568831511 1
    endloop
  endfacet
  facet normal 1 0 0
    outer loop
      vertex 6.926742859184742 8.6227714280997 1.2000000000000002
      vertex 6.926742859184742 8.571428568235465 1
      vertex 6.926742859184742 8.6227714280997 1
    endloop
  endfacet
  facet normal -1 0 0
    outer loop
      vertex 6.484028570353985 8.571428568235465 1.2000000000000002
      vertex 6.484028570353985 8.6227714280997 1.2000000000000002
      vertex 6.484028570353985 8.6227714280997 1
    endloop
  endfacet
  facet normal 0 -1 0
    outer loop
      vertex 6.484028570353985 8.571428568235465 1.2000000000000002
      vertex 6.484028570353985 8.571428568235465 1
      vertex 6.926742859184742 8.571428568235465 1.2000000000000002
    endloop
  endfacet
  facet normal -0.15507959517321107 0.987901978518574 0
    outer loop
      vertex 6.484028570353985 8.6227714280997 1.2000000000000002
      vertex 6.650657139718533 8.648928568831511 1.2000000000000002
      vertex 6.650657139718533 8.648928568831511 1
    endloop
  endfacet
  facet normal 0 0 1
    outer loop
      vertex 6.484028570353985 8.571428568235465 1.2000000000000002
      vertex 6.650657139718533 8.648928568831511 1.2000000000000002
      vertex 6.484028570353985 8.6227714280997 1.2000000000000002
    endloop
  endfacet
  facet normal 0 0 1
    outer loop
      vertex 6.484028570353985 8.571428568235465 1.2000000000000002
      vertex 6.926742859184742 8.571428568235465 1.2000000000000002
      vertex 6.650657139718533 8.648928568831511 1.2000000000000002
    endloop
  endfacet
  facet normal 0.1483483647139306 0.9889351660683843 0
    outer loop
      vertex 6.752371430397034 8.648928568831511 1.2000000000000002
      vertex 6.926742859184742 8.6227714280997 1.2000000000000002
      vertex 6.926742859184742 8.6227714280997 1
    endloop
  endfacet
  facet normal 1 0 0
    outer loop
      vertex 6.926742859184742 8.571428568235465 1.2000000000000002
      vertex 6.926742859184742 8.571428568235465 1
      vertex 6.926742859184742 8.6227714280997 1.2000000000000002
    endloop
  endfacet
  facet normal 0 0 1
    outer loop
      vertex 6.650657139718533 8.648928568831511 1.2000000000000002
      vertex 6.926742859184742 8.571428568235465 1.2000000000000002
      vertex 6.752371430397034 8.648928568831511 1.2000000000000002
    endloop
  endfacet
  facet normal 0 0 1
    outer loop
      vertex 6.752371430397034 8.648928568831511 1.2000000000000002
      vertex 6.926742859184742 8.571428568235465 1.2000000000000002
      vertex 6.926742859184742 8.6227714280997 1.2000000000000002
    endloop
  endfacet
  facet normal -1 0 0
    outer loop
      vertex 6.484028570353985 9.819185712507792 1.2000000000000002
      vertex 6.484028570353985 9.870528564921447 1
      vertex 6.484028570353985 9.819185712507792 1
    endloop
  endfacet
  facet normal -1 0 0
    outer loop
      vertex 6.650657139718533 9.793985710612365 1.2000000000000002
      vertex 6.650657139718533 9.793985710612365 1
      vertex 6.650657139718533 8.648928568831511 1
    endloop
  endfacet
  facet normal 1 0 0
    outer loop
      vertex 6.752371430397034 9.739742853811808 1.2000000000000002
      vertex 6.752371430397034 8.648928568831511 1
      vertex 6.752371430397034 9.739742853811808 1
    endloop
  endfacet
  facet normal -0.14953418367303856 -0.9887565564451333 0
    outer loop
      vertex 6.650657139718533 9.793985710612365 1.2000000000000002
      vertex 6.484028570353985 9.819185712507792 1
      vertex 6.650657139718533 9.793985710612365 1
    endloop
  endfacet
  facet normal 0 1 0
    outer loop
      vertex 6.484028570353985 9.870528564921447 1.2000000000000002
      vertex 6.8773428574204445 9.870528564921447 1
      vertex 6.484028570353985 9.870528564921447 1
    endloop
  endfacet
  facet normal 0.8212128096480882 0.5706220476549192 0
    outer loop
      vertex 6.8773428574204445 9.870528564921447 1.2000000000000002
      vertex 7.545771427452564 8.908557140401431 1
      vertex 6.8773428574204445 9.870528564921447 1
    endloop
  endfacet
  facet normal -1 0 0
    outer loop
      vertex 6.650657139718533 8.648928568831511 1.2000000000000002
      vertex 6.650657139718533 9.793985710612365 1.2000000000000002
      vertex 6.650657139718533 8.648928568831511 1
    endloop
  endfacet
  facet normal 1 0 0
    outer loop
      vertex 6.752371430397034 8.648928568831511 1.2000000000000002
      vertex 6.752371430397034 8.648928568831511 1
      vertex 6.752371430397034 9.739742853811808 1.2000000000000002
    endloop
  endfacet
  facet normal 0 0 1
    outer loop
      vertex 6.650657139718533 8.648928568831511 1.2000000000000002
      vertex 6.752371430397034 8.648928568831511 1.2000000000000002
      vertex 6.752371430397034 9.739742853811808 1.2000000000000002
    endloop
  endfacet
  facet normal -0.14953418367303856 -0.9887565564451333 0
    outer loop
      vertex 6.484028570353985 9.819185712507792 1.2000000000000002
      vertex 6.484028570353985 9.819185712507792 1
      vertex 6.650657139718533 9.793985710612365 1.2000000000000002
    endloop
  endfacet
  facet normal -1 0 0
    outer loop
      vertex 6.484028570353985 9.819185712507792 1.2000000000000002
      vertex 6.484028570353985 9.870528564921447 1.2000000000000002
      vertex 6.484028570353985 9.870528564921447 1
    endloop
  endfacet
  facet normal 0 1 0
    outer loop
      vertex 6.484028570353985 9.870528564921447 1.2000000000000002
      vertex 6.8773428574204445 9.870528564921447 1.2000000000000002
      vertex 6.8773428574204445 9.870528564921447 1
    endloop
  endfacet
  facet normal 0 0 1
    outer loop
      vertex 6.484028570353985 9.819185712507792 1.2000000000000002
      vertex 6.650657139718533 9.793985710612365 1.2000000000000002
      vertex 6.484028570353985 9.870528564921447 1.2000000000000002
    endloop
  endfacet
  facet normal 0 0 1
    outer loop
      vertex 6.650657139718533 8.648928568831511 1.2000000000000002
      vertex 6.752371430397034 9.739742853811808 1.2000000000000002
      vertex 6.650657139718533 9.793985710612365 1.2000000000000002
    endloop
  endfacet
  facet normal 0 0 1
    outer loop
      vertex 6.484028570353985 9.870528564921447 1.2000000000000002
      vertex 6.650657139718533 9.793985710612365 1.2000000000000002
      vertex 6.8773428574204445 9.870528564921447 1.2000000000000002
    endloop
  endfacet
  facet normal 0 0 1
    outer loop
      vertex 6.752371430397034 9.739742853811808 1.2000000000000002
      vertex 6.8773428574204445 9.870528564921447 1.2000000000000002
      vertex 6.650657139718533 9.793985710612365 1.2000000000000002
    endloop
  endfacet
  facet normal -0.8247198491999481 -0.5655414841862749 0
    outer loop
      vertex 6.752371430397034 9.739742853811808 1.2000000000000002
      vertex 6.752371430397034 9.739742853811808 1
      vertex 7.553528569638729 8.571428568235465 1.2000000000000002
    endloop
  endfacet
  facet normal 0 0 1
    outer loop
      vertex 6.752371430397034 9.739742853811808 1.2000000000000002
      vertex 7.545771427452564 8.908557140401431 1.2000000000000002
      vertex 6.8773428574204445 9.870528564921447 1.2000000000000002
    endloop
  endfacet
  facet normal 0 0 -1
    outer loop
      vertex 8.07917857170105 2.857142859271594 0.9
      vertex 8.07917857170105 2.908485719135829 0.9
      vertex 8.245807141065598 2.9346428598676404 0.9
    endloop
  endfacet
  facet normal 0 0 -1
    outer loop
      vertex 8.07917857170105 2.857142859271594 0.9
      vertex 8.245807141065598 2.9346428598676404 0.9
      vertex 8.521892860531807 2.857142859271594 0.9
    endloop
  endfacet
  facet normal 0 0 -1
    outer loop
      vertex 8.245807141065598 2.9346428598676404 0.9
      vertex 8.347521431744099 2.9346428598676404 0.9
      vertex 8.521892860531807 2.857142859271594 0.9
    endloop
  endfacet
  facet normal 0 0 -1
    outer loop
      vertex 8.245807141065598 2.9346428598676404 0.9
      vertex 8.347521431744099 4.0254571448479375 0.9
      vertex 8.347521431744099 2.9346428598676404 0.9
    endloop
  endfacet
  facet normal 0 0 -1
    outer loop
      vertex 8.245807141065598 2.9346428598676404 0.9
      vertex 8.245807141065598 4.079700001648494 0.9
      vertex 8.347521431744099 4.0254571448479375 0.9
    endloop
  endfacet
  facet normal 0 0 -1
    outer loop
      vertex 8.347521431744099 2.9346428598676404 0.9
      vertex 8.521892860531807 2.908485719135829 0.9
      vertex 8.521892860531807 2.857142859271594 0.9
    endloop
  endfacet
  facet normal 0 0 -1
    outer loop
      vertex 8.07917857170105 4.104900003543921 0.9
      vertex 8.07917857170105 4.156242855957576 0.9
      vertex 8.245807141065598 4.079700001648494 0.9
    endloop
  endfacet
  facet normal 0 0 -1
    outer loop
      vertex 8.07917857170105 4.156242855957576 0.9
      vertex 8.47249285876751 4.156242855957576 0.9
      vertex 8.245807141065598 4.079700001648494 0.9
    endloop
  endfacet
  facet normal 0 0 -1
    outer loop
      vertex 8.245807141065598 4.079700001648494 0.9
      vertex 8.47249285876751 4.156242855957576 0.9
      vertex 8.347521431744099 4.0254571448479375 0.9
    endloop
  endfacet
  facet normal 0 0 -1
    outer loop
      vertex 8.347521431744099 4.0254571448479375 0.9
      vertex 8.47249285876751 4.156242855957576 0.9
      vertex 9.14092142879963 3.19427143143756 0.9
    endloop
  endfacet
  facet normal 0 0 -1
    outer loop
      vertex 8.347521431744099 4.0254571448479375 0.9
      vertex 9.242650002241135 2.857142859271594 0.9
      vertex 9.148678570985794 2.857142859271594 0.9
    endloop
  endfacet
  facet normal 0 0 -1
    outer loop
      vertex 8.347521431744099 4.0254571448479375 0.9
      vertex 9.14092142879963 3.19427143143756 0.9
      vertex 9.242650002241135 2.857142859271594 0.9
    endloop
  endfacet
  facet normal 0 0 -1
    outer loop
      vertex 9.14092142879963 3.19427143143756 0.9
      vertex 9.242650002241135 4.079700001648494 0.9
      vertex 9.242650002241135 2.857142859271594 0.9
    endloop
  endfacet
  facet normal 0 0 -1
    outer loop
      vertex 9.14092142879963 3.19427143143756 0.9
      vertex 9.14092142879963 4.079700001648494 0.9
      vertex 9.242650002241135 4.079700001648494 0.9
    endloop
  endfacet
  facet normal 0 0 -1
    outer loop
      vertex 8.966550000011921 4.104900003543921 0.9
      vertex 8.966550000011921 4.156242855957576 0.9
      vertex 9.14092142879963 4.079700001648494 0.9
    endloop
  endfacet
  facet normal 0 0 -1
    outer loop
      vertex 8.966550000011921 4.156242855957576 0.9
      vertex 9.242650002241135 4.079700001648494 0.9
      vertex 9.14092142879963 4.079700001648494 0.9
    endloop
  endfacet
  facet normal 0 0 -1
    outer loop
      vertex 8.966550000011921 4.156242855957576 0.9
      vertex 9.409278571605682 4.156242855957576 0.9
      vertex 9.242650002241135 4.079700001648494 0.9
    endloop
  endfacet
  facet normal 0 0 -1
    outer loop
      vertex 9.242650002241135 4.079700001648494 0.9
      vertex 9.409278571605682 4.156242855957576 0.9
      vertex 9.409278571605682 4.104900003543921 0.9
    endloop
  endfacet
  facet normal -1 0 0
    outer loop
      vertex 8.07917857170105 2.857142859271594 0.9
      vertex 8.07917857170105 2.908485719135829 1.2000000000000002
      vertex 8.07917857170105 2.908485719135829 0.9
    endloop
  endfacet
  facet normal 0 -1 0
    outer loop
      vertex 8.07917857170105 2.857142859271594 0.9
      vertex 8.521892860531807 2.857142859271594 0.9
      vertex 8.07917857170105 2.857142859271594 1.2000000000000002
    endloop
  endfacet
  facet normal -0.1550795951732111 0.987901978518574 0
    outer loop
      vertex 8.07917857170105 2.908485719135829 0.9
      vertex 8.245807141065598 2.9346428598676404 1.2000000000000002
      vertex 8.245807141065598 2.9346428598676404 0.9
    endloop
  endfacet
  facet normal 1 0 0
    outer loop
      vertex 8.347521431744099 2.9346428598676404 0.9
      vertex 8.347521431744099 4.0254571448479375 0.9
      vertex 8.347521431744099 2.9346428598676404 1.2000000000000002
    endloop
  endfacet
  facet normal -1 0 0
    outer loop
      vertex 8.245807141065598 2.9346428598676404 0.9
      vertex 8.245807141065598 4.079700001648494 1.2000000000000002
      vertex 8.245807141065598 4.079700001648494 0.9
    endloop
  endfacet
  facet normal 0.1483483647139306 0.9889351660683842 0
    outer loop
      vertex 8.347521431744099 2.9346428598676404 0.9
      vertex 8.521892860531807 2.908485719135829 1.2000000000000002
      vertex 8.521892860531807 2.908485719135829 0.9
    endloop
  endfacet
  facet normal 1 0 0
    outer loop
      vertex 8.521892860531807 2.857142859271594 0.9
      vertex 8.521892860531807 2.908485719135829 0.9
      vertex 8.521892860531807 2.857142859271594 1.2000000000000002
    endloop
  endfacet
  facet normal -0.8247198491999482 -0.565541484186275 0
    outer loop
      vertex 8.347521431744099 4.0254571448479375 0.9
      vertex 9.148678570985794 2.857142859271594 0.9
      vertex 8.347521431744099 4.0254571448479375 1.2000000000000002
    endloop
  endfacet
  facet normal -1 0 0
    outer loop
      vertex 8.07917857170105 4.104900003543921 0.9
      vertex 8.07917857170105 4.156242855957576 1.2000000000000002
      vertex 8.07917857170105 4.156242855957576 0.9
    endloop
  endfacet
  facet normal -0.14953418367303858 -0.9887565564451333 0
    outer loop
      vertex 8.07917857170105 4.104900003543921 0.9
      vertex 8.245807141065598 4.079700001648494 0.9
      vertex 8.07917857170105 4.104900003543921 1.2000000000000002
    endloop
  endfacet
  facet normal 0 1 0
    outer loop
      vertex 8.07917857170105 4.156242855957576 0.9
      vertex 8.47249285876751 4.156242855957576 1.2000000000000002
      vertex 8.47249285876751 4.156242855957576 0.9
    endloop
  endfacet
  facet normal -0.8247198491999481 -0.5655414841862749 0
    outer loop
      vertex 7.715807139873505 2.857142859271594 1.2000000000000002
      vertex 6.914650000631809 4.0254571448479375 1
      vertex 7.715807139873505 2.857142859271594 1
    endloop
  endfacet
  facet normal 0 -1 0
    outer loop
      vertex 7.809778571128845 2.857142859271594 1.2000000000000002
      vertex 7.715807139873505 2.857142859271594 1
      vertex 7.809778571128845 2.857142859271594 1
    endloop
  endfacet
  facet normal -1 0 0
    outer loop
      vertex 7.70804999768734 3.19427143143756 1.2000000000000002
      vertex 7.70804999768734 4.079700001648494 1
      vertex 7.70804999768734 3.19427143143756 1
    endloop
  endfacet
  facet normal 1 0 0
    outer loop
      vertex 7.809778571128845 4.079700001648494 1.2000000000000002
      vertex 7.809778571128845 2.857142859271594 1
      vertex 7.809778571128845 4.079700001648494 1
    endloop
  endfacet
  facet normal -0.8247198491999481 -0.5655414841862749 0
    outer loop
      vertex 6.914650000631809 4.0254571448479375 1.2000000000000002
      vertex 6.914650000631809 4.0254571448479375 1
      vertex 7.715807139873505 2.857142859271594 1.2000000000000002
    endloop
  endfacet
  facet normal 0.8212128096480882 0.5706220476549192 0
    outer loop
      vertex 7.03962142765522 4.156242855957576 1.2000000000000002
      vertex 7.70804999768734 3.19427143143756 1.2000000000000002
      vertex 7.70804999768734 3.19427143143756 1
    endloop
  endfacet
  facet normal 0 0 1
    outer loop
      vertex 6.914650000631809 4.0254571448479375 1.2000000000000002
      vertex 7.809778571128845 2.857142859271594 1.2000000000000002
      vertex 7.70804999768734 3.19427143143756 1.2000000000000002
    endloop
  endfacet
  facet normal 0 0 1
    outer loop
      vertex 6.914650000631809 4.0254571448479375 1.2000000000000002
      vertex 7.715807139873505 2.857142859271594 1.2000000000000002
      vertex 7.809778571128845 2.857142859271594 1.2000000000000002
    endloop
  endfacet
  facet normal 0 -1 0
    outer loop
      vertex 7.715807139873505 2.857142859271594 1.2000000000000002
      vertex 7.715807139873505 2.857142859271594 1
      vertex 7.809778571128845 2.857142859271594 1.2000000000000002
    endloop
  endfacet
  facet normal 1 0 0
    outer loop
      vertex 7.809778571128845 2.857142859271594 1.2000000000000002
      vertex 7.809778571128845 2.857142859271594 1
      vertex 7.809778571128845 4.079700001648494 1.2000000000000002
    endloop
  endfacet
  facet normal 0 0 1
    outer loop
      vertex 7.70804999768734 3.19427143143756 1.2000000000000002
      vertex 7.809778571128845 2.857142859271594 1.2000000000000002
      vertex 7.809778571128845 4.079700001648494 1.2000000000000002
    endloop
  endfacet
  facet normal 0.8212128096480882 0.5706220476549192 0
    outer loop
      vertex 7.03962142765522 4.156242855957576 1.2000000000000002
      vertex 7.70804999768734 3.19427143143756 1
      vertex 7.03962142765522 4.156242855957576 1
    endloop
  endfacet
  facet normal -1 0 0
    outer loop
      vertex 7.5336785688996315 4.104900003543921 1.2000000000000002
      vertex 7.5336785688996315 4.156242855957576 1
      vertex 7.5336785688996315 4.104900003543921 1
    endloop
  endfacet
  facet normal -0.14303313978089902 -0.9897178996685965 0
    outer loop
      vertex 7.70804999768734 4.079700001648494 1.2000000000000002
      vertex 7.5336785688996315 4.104900003543921 1
      vertex 7.70804999768734 4.079700001648494 1
    endloop
  endfacet
  facet normal 0 1 0
    outer loop
      vertex 7.5336785688996315 4.156242855957576 1.2000000000000002
      vertex 7.976407140493393 4.156242855957576 1
      vertex 7.5336785688996315 4.156242855957576 1
    endloop
  endfacet
  facet normal 0.14953418367303856 -0.9887565564451333 0
    outer loop
      vertex 7.976407140493393 4.104900003543921 1.2000000000000002
      vertex 7.809778571128845 4.079700001648494 1
      vertex 7.976407140493393 4.104900003543921 1
    endloop
  endfacet
  facet normal 1 0 0
    outer loop
      vertex 7.976407140493393 4.156242855957576 1.2000000000000002
      vertex 7.976407140493393 4.104900003543921 1
      vertex 7.976407140493393 4.156242855957576 1
    endloop
  endfacet
  facet normal -1 0 0
    outer loop
      vertex 7.5336785688996315 4.104900003543921 1.2000000000000002
      vertex 7.5336785688996315 4.156242855957576 1.2000000000000002
      vertex 7.5336785688996315 4.156242855957576 1
    endloop
  endfacet
  facet normal 0 0 1
    outer loop
      vertex 6.914650000631809 4.0254571448479375 1.2000000000000002
      vertex 7.70804999768734 3.19427143143756 1.2000000000000002
      vertex 7.03962142765522 4.156242855957576 1.2000000000000002
    endloop
  endfacet
  facet normal -1 0 0
    outer loop
      vertex 7.70804999768734 3.19427143143756 1.2000000000000002
      vertex 7.70804999768734 4.079700001648494 1.2000000000000002
      vertex 7.70804999768734 4.079700001648494 1
    endloop
  endfacet
  facet normal -0.14303313978089902 -0.9897178996685965 0
    outer loop
      vertex 7.5336785688996315 4.104900003543921 1.2000000000000002
      vertex 7.5336785688996315 4.104900003543921 1
      vertex 7.70804999768734 4.079700001648494 1.2000000000000002
    endloop
  endfacet
  facet normal 0 1 0
    outer loop
      vertex 7.5336785688996315 4.156242855957576 1.2000000000000002
      vertex 7.976407140493393 4.156242855957576 1.2000000000000002
      vertex 7.976407140493393 4.156242855957576 1
    endloop
  endfacet
  facet normal 0.14953418367303856 -0.9887565564451333 0
    outer loop
      vertex 7.809778571128845 4.079700001648494 1.2000000000000002
      vertex 7.809778571128845 4.079700001648494 1
      vertex 7.976407140493393 4.104900003543921 1.2000000000000002
    endloop
  endfacet
  facet normal 1 0 0
    outer loop
      vertex 7.976407140493393 4.104900003543921 1.2000000000000002
      vertex 7.976407140493393 4.104900003543921 1
      vertex 7.976407140493393 4.156242855957576 1.2000000000000002
    endloop
  endfacet
  facet normal 0 0 1
    outer loop
      vertex 7.70804999768734 3.19427143143756 1.2000000000000002
      vertex 7.809778571128845 4.079700001648494 1.2000000000000002
      vertex 7.70804999768734 4.079700001648494 1.2000000000000002
    endloop
  endfacet
  facet normal 0 0 1
    outer loop
      vertex 7.5336785688996315 4.104900003543921 1.2000000000000002
      vertex 7.70804999768734 4.079700001648494 1.2000000000000002
      vertex 7.5336785688996315 4.156242855957576 1.2000000000000002
    endloop
  endfacet
  facet normal 0 0 1
    outer loop
      vertex 7.5336785688996315 4.156242855957576 1.2000000000000002
      vertex 7.70804999768734 4.079700001648494 1.2000000000000002
      vertex 7.809778571128845 4.079700001648494 1.2000000000000002
    endloop
  endfacet
  facet normal 0 0 1
    outer loop
      vertex 7.5336785688996315 4.156242855957576 1.2000000000000002
      vertex 7.809778571128845 4.079700001648494 1.2000000000000002
      vertex 7.976407140493393 4.156242855957576 1.2000000000000002
    endloop
  endfacet
  facet normal 0 0 1
    outer loop
      vertex 7.809778571128845 4.079700001648494 1.2000000000000002
      vertex 7.976407140493393 4.104900003543921 1.2000000000000002
      vertex 7.976407140493393 4.156242855957576 1.2000000000000002
    endloop
  endfacet
  facet normal -1 0 0
    outer loop
      vertex 8.07917857170105 2.857142859271594 0.9
      vertex 8.07917857170105 2.857142859271594 1.2000000000000002
      vertex 8.07917857170105 2.908485719135829 1.2000000000000002
    endloop
  endfacet
  facet normal -0.1550795951732111 0.987901978518574 0
    outer loop
      vertex 8.07917857170105 2.908485719135829 0.9
      vertex 8.07917857170105 2.908485719135829 1.2000000000000002
      vertex 8.245807141065598 2.9346428598676404 1.2000000000000002
    endloop
  endfacet
  facet normal 0 -1 0
    outer loop
      vertex 8.521892860531807 2.857142859271594 0.9
      vertex 8.521892860531807 2.857142859271594 1.2000000000000002
      vertex 8.07917857170105 2.857142859271594 1.2000000000000002
    endloop
  endfacet
  facet normal -1 0 0
    outer loop
      vertex 8.245807141065598 2.9346428598676404 0.9
      vertex 8.245807141065598 2.9346428598676404 1.2000000000000002
      vertex 8.245807141065598 4.079700001648494 1.2000000000000002
    endloop
  endfacet
  facet normal 1 0 0
    outer loop
      vertex 8.347521431744099 4.0254571448479375 0.9
      vertex 8.347521431744099 4.0254571448479375 1.2000000000000002
      vertex 8.347521431744099 2.9346428598676404 1.2000000000000002
    endloop
  endfacet
  facet normal 0.1483483647139306 0.9889351660683842 0
    outer loop
      vertex 8.347521431744099 2.9346428598676404 0.9
      vertex 8.347521431744099 2.9346428598676404 1.2000000000000002
      vertex 8.521892860531807 2.908485719135829 1.2000000000000002
    endloop
  endfacet
  facet normal 1 0 0
    outer loop
      vertex 8.521892860531807 2.908485719135829 0.9
      vertex 8.521892860531807 2.908485719135829 1.2000000000000002
      vertex 8.521892860531807 2.857142859271594 1.2000000000000002
    endloop
  endfacet
  facet normal 0 0 1
    outer loop
      vertex 8.07917857170105 2.857142859271594 1.2000000000000002
      vertex 8.245807141065598 2.9346428598676404 1.2000000000000002
      vertex 8.07917857170105 2.908485719135829 1.2000000000000002
    endloop
  endfacet
  facet normal 0 0 1
    outer loop
      vertex 8.07917857170105 2.857142859271594 1.2000000000000002
      vertex 8.521892860531807 2.857142859271594 1.2000000000000002
      vertex 8.245807141065598 2.9346428598676404 1.2000000000000002
    endloop
  endfacet
  facet normal 0 0 1
    outer loop
      vertex 8.245807141065598 2.9346428598676404 1.2000000000000002
      vertex 8.521892860531807 2.857142859271594 1.2000000000000002
      vertex 8.347521431744099 2.9346428598676404 1.2000000000000002
    endloop
  endfacet
  facet normal 0 0 1
    outer loop
      vertex 8.245807141065598 2.9346428598676404 1.2000000000000002
      vertex 8.347521431744099 2.9346428598676404 1.2000000000000002
      vertex 8.347521431744099 4.0254571448479375 1.2000000000000002
    endloop
  endfacet
  facet normal 0 0 1
    outer loop
      vertex 8.245807141065598 2.9346428598676404 1.2000000000000002
      vertex 8.347521431744099 4.0254571448479375 1.2000000000000002
      vertex 8.245807141065598 4.079700001648494 1.2000000000000002
    endloop
  endfacet
  facet normal 0 0 1
    outer loop
      vertex 8.347521431744099 2.9346428598676404 1.2000000000000002
      vertex 8.521892860531807 2.857142859271594 1.2000000000000002
      vertex 8.521892860531807 2.908485719135829 1.2000000000000002
    endloop
  endfacet
  facet normal -1 0 0
    outer loop
      vertex 8.07917857170105 4.104900003543921 0.9
      vertex 8.07917857170105 4.104900003543921 1.2000000000000002
      vertex 8.07917857170105 4.156242855957576 1.2000000000000002
    endloop
  endfacet
  facet normal -0.14953418367303858 -0.9887565564451333 0
    outer loop
      vertex 8.245807141065598 4.079700001648494 0.9
      vertex 8.245807141065598 4.079700001648494 1.2000000000000002
      vertex 8.07917857170105 4.104900003543921 1.2000000000000002
    endloop
  endfacet
  facet normal 0 1 0
    outer loop
      vertex 8.07917857170105 4.156242855957576 0.9
      vertex 8.07917857170105 4.156242855957576 1.2000000000000002
      vertex 8.47249285876751 4.156242855957576 1.2000000000000002
    endloop
  endfacet
  facet normal 0.8212128096480881 0.5706220476549192 0
    outer loop
      vertex 8.47249285876751 4.156242855957576 0.9
      vertex 8.47249285876751 4.156242855957576 1.2000000000000002
      vertex 9.14092142879963 3.19427143143756 1.2000000000000002
    endloop
  endfacet
  facet normal 0 0 1
    outer loop
      vertex 8.07917857170105 4.104900003543921 1.2000000000000002
      vertex 8.245807141065598 4.079700001648494 1.2000000000000002
      vertex 8.07917857170105 4.156242855957576 1.2000000000000002
    endloop
  endfacet
  facet normal 0 0 1
    outer loop
      vertex 8.07917857170105 4.156242855957576 1.2000000000000002
      vertex 8.245807141065598 4.079700001648494 1.2000000000000002
      vertex 8.47249285876751 4.156242855957576 1.2000000000000002
    endloop
  endfacet
  facet normal 0 0 1
    outer loop
      vertex 8.245807141065598 4.079700001648494 1.2000000000000002
      vertex 8.347521431744099 4.0254571448479375 1.2000000000000002
      vertex 8.47249285876751 4.156242855957576 1.2000000000000002
    endloop
  endfacet
  facet normal 0 0 1
    outer loop
      vertex 8.347521431744099 4.0254571448479375 1.2000000000000002
      vertex 9.14092142879963 3.19427143143756 1.2000000000000002
      vertex 8.47249285876751 4.156242855957576 1.2000000000000002
    endloop
  endfacet
  facet normal 0 -1 0
    outer loop
      vertex 9.148678570985794 2.857142859271594 0.9
      vertex 9.242650002241135 2.857142859271594 0.9
      vertex 9.148678570985794 2.857142859271594 1.2000000000000002
    endloop
  endfacet
  facet normal 0.8212128096480881 0.5706220476549192 0
    outer loop
      vertex 8.47249285876751 4.156242855957576 0.9
      vertex 9.14092142879963 3.19427143143756 1.2000000000000002
      vertex 9.14092142879963 3.19427143143756 0.9
    endloop
  endfacet
  facet normal 1 0 0
    outer loop
      vertex 9.242650002241135 2.857142859271594 0.9
      vertex 9.242650002241135 4.079700001648494 0.9
      vertex 9.242650002241135 2.857142859271594 1.2000000000000002
    endloop
  endfacet
  facet normal -1 0 0
    outer loop
      vertex 8.966550000011921 4.104900003543921 0.9
      vertex 8.966550000011921 4.156242855957576 1.2000000000000002
      vertex 8.966550000011921 4.156242855957576 0.9
    endloop
  endfacet
  facet normal -1 0 0
    outer loop
      vertex 9.14092142879963 3.19427143143756 0.9
      vertex 9.14092142879963 4.079700001648494 1.2000000000000002
      vertex 9.14092142879963 4.079700001648494 0.9
    endloop
  endfacet
  facet normal -0.14303313978089902 -0.9897178996685965 0
    outer loop
      vertex 8.966550000011921 4.104900003543921 0.9
      vertex 9.14092142879963 4.079700001648494 0.9
      vertex 8.966550000011921 4.104900003543921 1.2000000000000002
    endloop
  endfacet
  facet normal 0 1 0
    outer loop
      vertex 8.966550000011921 4.156242855957576 0.9
      vertex 9.409278571605682 4.156242855957576 1.2000000000000002
      vertex 9.409278571605682 4.156242855957576 0.9
    endloop
  endfacet
  facet normal 0.14953418367303858 -0.9887565564451333 0
    outer loop
      vertex 9.242650002241135 4.079700001648494 0.9
      vertex 9.409278571605682 4.104900003543921 0.9
      vertex 9.242650002241135 4.079700001648494 1.2000000000000002
    endloop
  endfacet
  facet normal 1 0 0
    outer loop
      vertex 9.409278571605682 4.104900003543921 0.9
      vertex 9.409278571605682 4.156242855957576 0.9
      vertex 9.409278571605682 4.104900003543921 1.2000000000000002
    endloop
  endfacet
  facet normal -0.8247198491999482 -0.565541484186275 0
    outer loop
      vertex 9.148678570985794 2.857142859271594 0.9
      vertex 9.148678570985794 2.857142859271594 1.2000000000000002
      vertex 8.347521431744099 4.0254571448479375 1.2000000000000002
    endloop
  endfacet
  facet normal -1 0 0
    outer loop
      vertex 9.14092142879963 3.19427143143756 0.9
      vertex 9.14092142879963 3.19427143143756 1.2000000000000002
      vertex 9.14092142879963 4.079700001648494 1.2000000000000002
    endloop
  endfacet
  facet normal 0 -1 0
    outer loop
      vertex 9.242650002241135 2.857142859271594 0.9
      vertex 9.242650002241135 2.857142859271594 1.2000000000000002
      vertex 9.148678570985794 2.857142859271594 1.2000000000000002
    endloop
  endfacet
  facet normal 1 0 0
    outer loop
      vertex 9.242650002241135 4.079700001648494 0.9
      vertex 9.242650002241135 4.079700001648494 1.2000000000000002
      vertex 9.242650002241135 2.857142859271594 1.2000000000000002
    endloop
  endfacet
  facet normal 0 0 1
    outer loop
      vertex 8.347521431744099 4.0254571448479375 1.2000000000000002
      vertex 9.148678570985794 2.857142859271594 1.2000000000000002
      vertex 9.242650002241135 2.857142859271594 1.2000000000000002
    endloop
  endfacet
  facet normal 0 0 1
    outer loop
      vertex 8.347521431744099 4.0254571448479375 1.2000000000000002
      vertex 9.242650002241135 2.857142859271594 1.2000000000000002
      vertex 9.14092142879963 3.19427143143756 1.2000000000000002
    endloop
  endfacet
  facet normal 0 0 1
    outer loop
      vertex 9.14092142879963 3.19427143143756 1.2000000000000002
      vertex 9.242650002241135 2.857142859271594 1.2000000000000002
      vertex 9.242650002241135 4.079700001648494 1.2000000000000002
    endloop
  endfacet
  facet normal -1 0 0
    outer loop
      vertex 8.966550000011921 4.104900003543921 0.9
      vertex 8.966550000011921 4.104900003543921 1.2000000000000002
      vertex 8.966550000011921 4.156242855957576 1.2000000000000002
    endloop
  endfacet
  facet normal -0.14303313978089902 -0.9897178996685965 0
    outer loop
      vertex 9.14092142879963 4.079700001648494 0.9
      vertex 9.14092142879963 4.079700001648494 1.2000000000000002
      vertex 8.966550000011921 4.104900003543921 1.2000000000000002
    endloop
  endfacet
  facet normal 0 1 0
    outer loop
      vertex 8.966550000011921 4.156242855957576 0.9
      vertex 8.966550000011921 4.156242855957576 1.2000000000000002
      vertex 9.409278571605682 4.156242855957576 1.2000000000000002
    endloop
  endfacet
  facet normal 0.14953418367303858 -0.9887565564451333 0
    outer loop
      vertex 9.409278571605682 4.104900003543921 0.9
      vertex 9.409278571605682 4.104900003543921 1.2000000000000002
      vertex 9.242650002241135 4.079700001648494 1.2000000000000002
    endloop
  endfacet
  facet normal 1 0 0
    outer loop
      vertex 9.409278571605682 4.156242855957576 0.9
      vertex 9.409278571605682 4.156242855957576 1.2000000000000002
      vertex 9.409278571605682 4.104900003543921 1.2000000000000002
    endloop
  endfacet
  facet normal 0 0 1
    outer loop
      vertex 9.14092142879963 3.19427143143756 1.2000000000000002
      vertex 9.242650002241135 4.079700001648494 1.2000000000000002
      vertex 9.14092142879963 4.079700001648494 1.2000000000000002
    endloop
  endfacet
  facet normal 0 0 1
    outer loop
      vertex 8.966550000011921 4.104900003543921 1.2000000000000002
      vertex 9.14092142879963 4.079700001648494 1.2000000000000002
      vertex 8.966550000011921 4.156242855957576 1.2000000000000002
    endloop
  endfacet
  facet normal 0 0 1
    outer loop
      vertex 8.966550000011921 4.156242855957576 1.2000000000000002
      vertex 9.14092142879963 4.079700001648494 1.2000000000000002
      vertex 9.242650002241135 4.079700001648494 1.2000000000000002
    endloop
  endfacet
  facet normal 0 0 1
    outer loop
      vertex 8.966550000011921 4.156242855957576 1.2000000000000002
      vertex 9.242650002241135 4.079700001648494 1.2000000000000002
      vertex 9.409278571605682 4.156242855957576 1.2000000000000002
    endloop
  endfacet
  facet normal 0 0 1
    outer loop
      vertex 9.242650002241135 4.079700001648494 1.2000000000000002
      vertex 9.409278571605682 4.104900003543921 1.2000000000000002
      vertex 9.409278571605682 4.156242855957576 1.2000000000000002
    endloop
  endfacet
  facet normal 0 -1 0
    outer loop
      vertex 7.64750000089407 8.571428568235465 1.2000000000000002
      vertex 7.553528569638729 8.571428568235465 1
      vertex 7.64750000089407 8.571428568235465 1
    endloop
  endfacet
  facet normal 0 -1 0
    outer loop
      vertex 7.553528569638729 8.571428568235465 1.2000000000000002
      vertex 7.553528569638729 8.571428568235465 1
      vertex 7.64750000089407 8.571428568235465 1.2000000000000002
    endloop
  endfacet
  facet normal -0.8247198491999481 -0.5655414841862749 0
    outer loop
      vertex 7.553528569638729 8.571428568235465 1.2000000000000002
      vertex 6.752371430397034 9.739742853811808 1
      vertex 7.553528569638729 8.571428568235465 1
    endloop
  endfacet
  facet normal -1 0 0
    outer loop
      vertex 7.545771427452564 8.908557140401431 1.2000000000000002
      vertex 7.545771427452564 9.793985710612365 1
      vertex 7.545771427452564 8.908557140401431 1
    endloop
  endfacet
  facet normal -1 0 0
    outer loop
      vertex 7.371399998664856 9.819185712507792 1.2000000000000002
      vertex 7.371399998664856 9.870528564921447 1
      vertex 7.371399998664856 9.819185712507792 1
    endloop
  endfacet
  facet normal -0.14303313978089902 -0.9897178996685965 0
    outer loop
      vertex 7.545771427452564 9.793985710612365 1.2000000000000002
      vertex 7.371399998664856 9.819185712507792 1
      vertex 7.545771427452564 9.793985710612365 1
    endloop
  endfacet
  facet normal 0 1 0
    outer loop
      vertex 7.371399998664856 9.870528564921447 1.2000000000000002
      vertex 7.814128570258617 9.870528564921447 1
      vertex 7.371399998664856 9.870528564921447 1
    endloop
  endfacet
  facet normal 1 0 0
    outer loop
      vertex 7.64750000089407 9.793985710612365 1.2000000000000002
      vertex 7.64750000089407 8.571428568235465 1
      vertex 7.64750000089407 9.793985710612365 1
    endloop
  endfacet
  facet normal 0.14953418367303856 -0.9887565564451333 0
    outer loop
      vertex 7.814128570258617 9.819185712507792 1.2000000000000002
      vertex 7.64750000089407 9.793985710612365 1
      vertex 7.814128570258617 9.819185712507792 1
    endloop
  endfacet
  facet normal 1 0 0
    outer loop
      vertex 7.814128570258617 9.870528564921447 1.2000000000000002
      vertex 7.814128570258617 9.819185712507792 1
      vertex 7.814128570258617 9.870528564921447 1
    endloop
  endfacet
  facet normal 0.8212128096480882 0.5706220476549192 0
    outer loop
      vertex 6.8773428574204445 9.870528564921447 1.2000000000000002
      vertex 7.545771427452564 8.908557140401431 1.2000000000000002
      vertex 7.545771427452564 8.908557140401431 1
    endloop
  endfacet
  facet normal 0 0 1
    outer loop
      vertex 6.752371430397034 9.739742853811808 1.2000000000000002
      vertex 7.553528569638729 8.571428568235465 1.2000000000000002
      vertex 7.64750000089407 8.571428568235465 1.2000000000000002
    endloop
  endfacet
  facet normal 0 0 1
    outer loop
      vertex 6.752371430397034 9.739742853811808 1.2000000000000002
      vertex 7.64750000089407 8.571428568235465 1.2000000000000002
      vertex 7.545771427452564 8.908557140401431 1.2000000000000002
    endloop
  endfacet
  facet normal -1 0 0
    outer loop
      vertex 7.371399998664856 9.819185712507792 1.2000000000000002
      vertex 7.371399998664856 9.870528564921447 1.2000000000000002
      vertex 7.371399998664856 9.870528564921447 1
    endloop
  endfacet
  facet normal -1 0 0
    outer loop
      vertex 7.545771427452564 8.908557140401431 1.2000000000000002
      vertex 7.545771427452564 9.793985710612365 1.2000000000000002
      vertex 7.545771427452564 9.793985710612365 1
    endloop
  endfacet
  facet normal -0.14303313978089902 -0.9897178996685965 0
    outer loop
      vertex 7.371399998664856 9.819185712507792 1.2000000000000002
      vertex 7.371399998664856 9.819185712507792 1
      vertex 7.545771427452564 9.793985710612365 1.2000000000000002
    endloop
  endfacet
  facet normal 0 0 1
    outer loop
      vertex 7.545771427452564 8.908557140401431 1.2000000000000002
      vertex 7.64750000089407 9.793985710612365 1.2000000000000002
      vertex 7.545771427452564 9.793985710612365 1.2000000000000002
    endloop
  endfacet
  facet normal 0 0 1
    outer loop
      vertex 7.371399998664856 9.819185712507792 1.2000000000000002
      vertex 7.545771427452564 9.793985710612365 1.2000000000000002
      vertex 7.371399998664856 9.870528564921447 1.2000000000000002
    endloop
  endfacet
  facet normal 0 0 1
    outer loop
      vertex 7.371399998664856 9.870528564921447 1.2000000000000002
      vertex 7.545771427452564 9.793985710612365 1.2000000000000002
      vertex 7.64750000089407 9.793985710612365 1.2000000000000002
    endloop
  endfacet
  facet normal 1 0 0
    outer loop
      vertex 7.64750000089407 8.571428568235465 1.2000000000000002
      vertex 7.64750000089407 8.571428568235465 1
      vertex 7.64750000089407 9.793985710612365 1.2000000000000002
    endloop
  endfacet
  facet normal 0 0 1
    outer loop
      vertex 7.545771427452564 8.908557140401431 1.2000000000000002
      vertex 7.64750000089407 8.571428568235465 1.2000000000000002
      vertex 7.64750000089407 9.793985710612365 1.2000000000000002
    endloop
  endfacet
  facet normal 0 1 0
    outer loop
      vertex 7.371399998664856 9.870528564921447 1.2000000000000002
      vertex 7.814128570258617 9.870528564921447 1.2000000000000002
      vertex 7.814128570258617 9.870528564921447 1
    endloop
  endfacet
  facet normal 0.14953418367303856 -0.9887565564451333 0
    outer loop
      vertex 7.64750000089407 9.793985710612365 1.2000000000000002
      vertex 7.64750000089407 9.793985710612365 1
      vertex 7.814128570258617 9.819185712507792 1.2000000000000002
    endloop
  endfacet
  facet normal 1 0 0
    outer loop
      vertex 7.814128570258617 9.819185712507792 1.2000000000000002
      vertex 7.814128570258617 9.819185712507792 1
      vertex 7.814128570258617 9.870528564921447 1.2000000000000002
    endloop
  endfacet
  facet normal 0 0 1
    outer loop
      vertex 7.371399998664856 9.870528564921447 1.2000000000000002
      vertex 7.64750000089407 9.793985710612365 1.2000000000000002
      vertex 7.814128570258617 9.870528564921447 1.2000000000000002
    endloop
  endfacet
  facet normal 0 0 1
    outer loop
      vertex 7.64750000089407 9.793985710612365 1.2000000000000002
      vertex 7.814128570258617 9.819185712507792 1.2000000000000002
      vertex 7.814128570258617 9.870528564921447 1.2000000000000002
    endloop
  endfacet
  facet normal -0.8420930493852727 -0.5393322688074695 0
    outer loop
      vertex 4.257685713469982 11.581142858735152 1.2000000000000002
      vertex 4.125450000166893 11.787610710731574 1
      vertex 4.257685713469982 11.581142858735152 1
    endloop
  endfacet
  facet normal 0.89750545327994 0.4410033575073655 0
    outer loop
      vertex 4.313753575086594 11.815589280000754 1.2000000000000002
      vertex 4.403485715389252 11.632971429399081 1
      vertex 4.313753575086594 11.815589280000754 1
    endloop
  endfacet
  facet normal -0.9874404709348982 -0.15799150723968203 0
    outer loop
      vertex 4.125450000166893 11.787610710731574 1.2000000000000002
      vertex 4.081371426582336 12.063099996319838 1
      vertex 4.125450000166893 11.787610710731574 1
    endloop
  endfacet
  facet normal -0.9897944766951832 0.14250225929334764 0
    outer loop
      vertex 4.081371426582336 12.063099996319838 1.2000000000000002
      vertex 4.123753570020199 12.35747856753213 1
      vertex 4.081371426582336 12.063099996319838 1
    endloop
  endfacet
  facet normal 0.9928879970612955 0.11905219566059634 0
    outer loop
      vertex 4.283842854201794 12.065042854419776 1.2000000000000002
      vertex 4.313753575086594 11.815589280000754 1
      vertex 4.283842854201794 12.065042854419776 1
    endloop
  endfacet
  facet normal -0.8584031590736568 0.5129756490247528 0
    outer loop
      vertex 4.123753570020199 12.35747856753213 1.2000000000000002
      vertex 4.250900000333786 12.570242853036948 1
      vertex 4.123753570020199 12.35747856753213 1
    endloop
  endfacet
  facet normal 0.9943155949806928 -0.10647298989974335 0
    outer loop
      vertex 4.312421426177025 12.331928567162581 1.2000000000000002
      vertex 4.283842854201794 12.065042854419776 1
      vertex 4.312421426177025 12.331928567162581 1
    endloop
  endfacet
  facet normal -0.5211469882408956 -0.8534669393992036 0
    outer loop
      vertex 4.468874998390675 11.452185713819095 1.2000000000000002
      vertex 4.257685713469982 11.581142858735152 1
      vertex 4.468874998390675 11.452185713819095 1
    endloop
  endfacet
  facet normal 0.6059528968841473 0.795500525931762 0
    outer loop
      vertex 4.403485715389252 11.632971429399081 1.2000000000000002
      vertex 4.550374999642372 11.521082141569682 1
      vertex 4.403485715389252 11.632971429399081 1
    endloop
  endfacet
  facet normal -0.15124694022386462 -0.9884960106509884 0
    outer loop
      vertex 4.749814286828041 11.409199998847075 1.2000000000000002
      vertex 4.468874998390675 11.452185713819095 1
      vertex 4.749814286828041 11.409199998847075 1
    endloop
  endfacet
  facet normal 0.1821054967830604 0.9832789980678905 0
    outer loop
      vertex 4.550374999642372 11.521082141569682 1.2000000000000002
      vertex 4.7517571449279785 11.483785712293216 1
      vertex 4.550374999642372 11.521082141569682 1
    endloop
  endfacet
  facet normal 0.9085786901813488 -0.4177137342108164 0
    outer loop
      vertex 4.398157142102718 12.51841428237302 1.2000000000000002
      vertex 4.312421426177025 12.331928567162581 1
      vertex 4.398157142102718 12.51841428237302 1
    endloop
  endfacet
  facet normal -0.5211469882408956 -0.8534669393992036 0
    outer loop
      vertex 4.257685713469982 11.581142858735152 1.2000000000000002
      vertex 4.257685713469982 11.581142858735152 1
      vertex 4.468874998390675 11.452185713819095 1.2000000000000002
    endloop
  endfacet
  facet normal -0.8420930493852727 -0.5393322688074695 0
    outer loop
      vertex 4.257685713469982 11.581142858735152 1.2000000000000002
      vertex 4.125450000166893 11.787610710731574 1.2000000000000002
      vertex 4.125450000166893 11.787610710731574 1
    endloop
  endfacet
  facet normal 0 0 1
    outer loop
      vertex 4.257685713469982 11.581142858735152 1.2000000000000002
      vertex 4.313753575086594 11.815589280000754 1.2000000000000002
      vertex 4.125450000166893 11.787610710731574 1.2000000000000002
    endloop
  endfacet
  facet normal 0 0 1
    outer loop
      vertex 4.257685713469982 11.581142858735152 1.2000000000000002
      vertex 4.403485715389252 11.632971429399081 1.2000000000000002
      vertex 4.313753575086594 11.815589280000754 1.2000000000000002
    endloop
  endfacet
  facet normal -0.9874404709348982 -0.15799150723968203 0
    outer loop
      vertex 4.125450000166893 11.787610710731574 1.2000000000000002
      vertex 4.081371426582336 12.063099996319838 1.2000000000000002
      vertex 4.081371426582336 12.063099996319838 1
    endloop
  endfacet
  facet normal -0.9897944766951832 0.14250225929334764 0
    outer loop
      vertex 4.081371426582336 12.063099996319838 1.2000000000000002
      vertex 4.123753570020199 12.35747856753213 1.2000000000000002
      vertex 4.123753570020199 12.35747856753213 1
    endloop
  endfacet
  facet normal 0.9928879970612955 0.11905219566059634 0
    outer loop
      vertex 4.313753575086594 11.815589280000754 1.2000000000000002
      vertex 4.313753575086594 11.815589280000754 1
      vertex 4.283842854201794 12.065042854419776 1.2000000000000002
    endloop
  endfacet
  facet normal 0.9943155949806928 -0.10647298989974335 0
    outer loop
      vertex 4.283842854201794 12.065042854419776 1.2000000000000002
      vertex 4.283842854201794 12.065042854419776 1
      vertex 4.312421426177025 12.331928567162581 1.2000000000000002
    endloop
  endfacet
  facet normal -0.8584031590736568 0.5129756490247528 0
    outer loop
      vertex 4.123753570020199 12.35747856753213 1.2000000000000002
      vertex 4.250900000333786 12.570242853036948 1.2000000000000002
      vertex 4.250900000333786 12.570242853036948 1
    endloop
  endfacet
  facet normal 0.9085786901813488 -0.4177137342108164 0
    outer loop
      vertex 4.312421426177025 12.331928567162581 1.2000000000000002
      vertex 4.312421426177025 12.331928567162581 1
      vertex 4.398157142102718 12.51841428237302 1.2000000000000002
    endloop
  endfacet
  facet normal 0 0 1
    outer loop
      vertex 4.125450000166893 11.787610710731574 1.2000000000000002
      vertex 4.283842854201794 12.065042854419776 1.2000000000000002
      vertex 4.081371426582336 12.063099996319838 1.2000000000000002
    endloop
  endfacet
  facet normal 0 0 1
    outer loop
      vertex 4.125450000166893 11.787610710731574 1.2000000000000002
      vertex 4.313753575086594 11.815589280000754 1.2000000000000002
      vertex 4.283842854201794 12.065042854419776 1.2000000000000002
    endloop
  endfacet
  facet normal 0 0 1
    outer loop
      vertex 4.081371426582336 12.063099996319838 1.2000000000000002
      vertex 4.283842854201794 12.065042854419776 1.2000000000000002
      vertex 4.123753570020199 12.35747856753213 1.2000000000000002
    endloop
  endfacet
  facet normal 0 0 1
    outer loop
      vertex 4.283842854201794 12.065042854419776 1.2000000000000002
      vertex 4.312421426177025 12.331928567162581 1.2000000000000002
      vertex 4.123753570020199 12.35747856753213 1.2000000000000002
    endloop
  endfacet
  facet normal 0 0 1
    outer loop
      vertex 4.123753570020199 12.35747856753213 1.2000000000000002
      vertex 4.312421426177025 12.331928567162581 1.2000000000000002
      vertex 4.250900000333786 12.570242853036948 1.2000000000000002
    endloop
  endfacet
  facet normal 0 0 1
    outer loop
      vertex 4.312421426177025 12.331928567162581 1.2000000000000002
      vertex 4.398157142102718 12.51841428237302 1.2000000000000002
      vertex 4.250900000333786 12.570242853036948 1.2000000000000002
    endloop
  endfacet
  facet normal 0.6059528968841473 0.795500525931762 0
    outer loop
      vertex 4.550374999642372 11.521082141569682 1.2000000000000002
      vertex 4.550374999642372 11.521082141569682 1
      vertex 4.403485715389252 11.632971429399081 1.2000000000000002
    endloop
  endfacet
  facet normal 0.89750545327994 0.4410033575073655 0
    outer loop
      vertex 4.313753575086594 11.815589280000754 1.2000000000000002
      vertex 4.403485715389252 11.632971429399081 1.2000000000000002
      vertex 4.403485715389252 11.632971429399081 1
    endloop
  endfacet
  facet normal -0.15124694022386462 -0.9884960106509884 0
    outer loop
      vertex 4.468874998390675 11.452185713819095 1.2000000000000002
      vertex 4.468874998390675 11.452185713819095 1
      vertex 4.749814286828041 11.409199998847075 1.2000000000000002
    endloop
  endfacet
  facet normal 0.1821054967830604 0.9832789980678905 0
    outer loop
      vertex 4.550374999642372 11.521082141569682 1.2000000000000002
      vertex 4.7517571449279785 11.483785712293216 1.2000000000000002
      vertex 4.7517571449279785 11.483785712293216 1
    endloop
  endfacet
  facet normal 0 0 1
    outer loop
      vertex 4.257685713469982 11.581142858735152 1.2000000000000002
      vertex 4.468874998390675 11.452185713819095 1.2000000000000002
      vertex 4.403485715389252 11.632971429399081 1.2000000000000002
    endloop
  endfacet
  facet normal 0 0 1
    outer loop
      vertex 4.468874998390675 11.452185713819095 1.2000000000000002
      vertex 4.550374999642372 11.521082141569682 1.2000000000000002
      vertex 4.403485715389252 11.632971429399081 1.2000000000000002
    endloop
  endfacet
  facet normal 0 0 1
    outer loop
      vertex 4.468874998390675 11.452185713819095 1.2000000000000002
      vertex 4.749814286828041 11.409199998847075 1.2000000000000002
      vertex 4.550374999642372 11.521082141569682 1.2000000000000002
    endloop
  endfacet
  facet normal 0 0 1
    outer loop
      vertex 4.550374999642372 11.521082141569682 1.2000000000000002
      vertex 4.749814286828041 11.409199998847075 1.2000000000000002
      vertex 4.7517571449279785 11.483785712293216 1.2000000000000002
    endloop
  endfacet
  facet normal -0.06196664572509421 0.9980782207911265 0
    outer loop
      vertex 4.7517571449279785 11.483785712293216 1.2000000000000002
      vertex 4.859039284288883 11.490446427038737 1
      vertex 4.7517571449279785 11.483785712293216 1
    endloop
  endfacet
  facet normal 0.06421712488914796 -0.9979359502848726 0
    outer loop
      vertex 4.986910715699196 11.424457141331263 1.2000000000000002
      vertex 4.749814286828041 11.409199998847075 1
      vertex 4.986910715699196 11.424457141331263 1
    endloop
  endfacet
  facet normal -0.19410093074384488 0.9809815638860768 0
    outer loop
      vertex 4.859039284288883 11.490446427038737 1.2000000000000002
      vertex 4.960028573870659 11.510428571275302 1
      vertex 4.859039284288883 11.490446427038737 1
    endloop
  endfacet
  facet normal -0.33452639831674863 0.9423863797982354 0
    outer loop
      vertex 4.960028573870659 11.510428571275302 1.2000000000000002
      vertex 5.047700002789497 11.54154999660594 1
      vertex 4.960028573870659 11.510428571275302 1
    endloop
  endfacet
  facet normal -0.5115031009479624 0.8592814310344535 0
    outer loop
      vertex 5.047700002789497 11.54154999660594 1.2000000000000002
      vertex 5.115028575062752 11.581628569534846 1
      vertex 5.047700002789497 11.54154999660594 1
    endloop
  endfacet
  facet normal 0.20270287987097077 -0.9792402884338526 0
    outer loop
      vertex 5.208028569817543 11.470228568783828 1.2000000000000002
      vertex 4.986910715699196 11.424457141331263 1
      vertex 5.208028569817543 11.470228568783828 1
    endloop
  endfacet
  facet normal -0.9833166077010449 0.1819023062506615 0
    outer loop
      vertex 5.115028575062752 11.581628569534846 1.2000000000000002
      vertex 5.150871425867081 11.775385708681174 1
      vertex 5.115028575062752 11.581628569534846 1
    endloop
  endfacet
  facet normal -0.9854668704235375 -0.16986773471627345 0
    outer loop
      vertex 5.130528569221497 12.408942856958934 1.2000000000000002
      vertex 5.101471431553364 12.577514284423419 1
      vertex 5.130528569221497 12.408942856958934 1
    endloop
  endfacet
  facet normal 0.9998185331918595 -0.019049952390457623 0
    outer loop
      vertex 5.2138428539037704 11.775385708681174 1.2000000000000002
      vertex 5.208028569817543 11.470228568783828 1
      vertex 5.2138428539037704 11.775385708681174 1
    endloop
  endfacet
  facet normal 0 1 0
    outer loop
      vertex 5.150871425867081 11.775385708681174 1.2000000000000002
      vertex 5.2138428539037704 11.775385708681174 1
      vertex 5.150871425867081 11.775385708681174 1
    endloop
  endfacet
  facet normal -1 0 0
    outer loop
      vertex 5.393157139420509 11.42857142644269 1.2000000000000002
      vertex 5.393157139420509 11.479914286306926 1
      vertex 5.393157139420509 11.42857142644269 1
    endloop
  endfacet
  facet normal -0.167423070132438 0.9858851432025074 0
    outer loop
      vertex 5.393157139420509 11.479914286306926 1.2000000000000002
      vertex 5.5471857115626335 11.506071427038737 1
      vertex 5.393157139420509 11.479914286306926 1
    endloop
  endfacet
  facet normal 0 -1 0
    outer loop
      vertex 5.194471426308155 12.408942856958934 1.2000000000000002
      vertex 5.130528569221497 12.408942856958934 1
      vertex 5.194471426308155 12.408942856958934 1
    endloop
  endfacet
  facet normal -1 0 0
    outer loop
      vertex 5.5471857115626335 11.506071427038737 1.2000000000000002
      vertex 5.5471857115626335 12.65112856881959 1
      vertex 5.5471857115626335 11.506071427038737 1
    endloop
  endfacet
  facet normal 0.06421712488914796 -0.9979359502848726 0
    outer loop
      vertex 4.749814286828041 11.409199998847075 1.2000000000000002
      vertex 4.749814286828041 11.409199998847075 1
      vertex 4.986910715699196 11.424457141331263 1.2000000000000002
    endloop
  endfacet
  facet normal -0.06196664572509421 0.9980782207911265 0
    outer loop
      vertex 4.7517571449279785 11.483785712293216 1.2000000000000002
      vertex 4.859039284288883 11.490446427038737 1.2000000000000002
      vertex 4.859039284288883 11.490446427038737 1
    endloop
  endfacet
  facet normal -0.19410093074384488 0.9809815638860768 0
    outer loop
      vertex 4.859039284288883 11.490446427038737 1.2000000000000002
      vertex 4.960028573870659 11.510428571275302 1.2000000000000002
      vertex 4.960028573870659 11.510428571275302 1
    endloop
  endfacet
  facet normal 0.20270287987097077 -0.9792402884338526 0
    outer loop
      vertex 4.986910715699196 11.424457141331263 1.2000000000000002
      vertex 4.986910715699196 11.424457141331263 1
      vertex 5.208028569817543 11.470228568783828 1.2000000000000002
    endloop
  endfacet
  facet normal -0.33452639831674863 0.9423863797982354 0
    outer loop
      vertex 4.960028573870659 11.510428571275302 1.2000000000000002
      vertex 5.047700002789497 11.54154999660594 1.2000000000000002
      vertex 5.047700002789497 11.54154999660594 1
    endloop
  endfacet
  facet normal -0.5115031009479624 0.8592814310344535 0
    outer loop
      vertex 5.047700002789497 11.54154999660594 1.2000000000000002
      vertex 5.115028575062752 11.581628569534846 1.2000000000000002
      vertex 5.115028575062752 11.581628569534846 1
    endloop
  endfacet
  facet normal -0.9833166077010449 0.1819023062506615 0
    outer loop
      vertex 5.115028575062752 11.581628569534846 1.2000000000000002
      vertex 5.150871425867081 11.775385708681174 1.2000000000000002
      vertex 5.150871425867081 11.775385708681174 1
    endloop
  endfacet
  facet normal 0 0 1
    outer loop
      vertex 4.749814286828041 11.409199998847075 1.2000000000000002
      vertex 4.859039284288883 11.490446427038737 1.2000000000000002
      vertex 4.7517571449279785 11.483785712293216 1.2000000000000002
    endloop
  endfacet
  facet normal 0 0 1
    outer loop
      vertex 4.749814286828041 11.409199998847075 1.2000000000000002
      vertex 4.986910715699196 11.424457141331263 1.2000000000000002
      vertex 4.859039284288883 11.490446427038737 1.2000000000000002
    endloop
  endfacet
  facet normal 0 0 1
    outer loop
      vertex 4.859039284288883 11.490446427038737 1.2000000000000002
      vertex 4.986910715699196 11.424457141331263 1.2000000000000002
      vertex 4.960028573870659 11.510428571275302 1.2000000000000002
    endloop
  endfacet
  facet normal 0 0 1
    outer loop
      vertex 4.960028573870659 11.510428571275302 1.2000000000000002
      vertex 4.986910715699196 11.424457141331263 1.2000000000000002
      vertex 5.047700002789497 11.54154999660594 1.2000000000000002
    endloop
  endfacet
  facet normal 0 0 1
    outer loop
      vertex 4.986910715699196 11.424457141331263 1.2000000000000002
      vertex 5.208028569817543 11.470228568783828 1.2000000000000002
      vertex 5.047700002789497 11.54154999660594 1.2000000000000002
    endloop
  endfacet
  facet normal 0 0 1
    outer loop
      vertex 5.047700002789497 11.54154999660594 1.2000000000000002
      vertex 5.208028569817543 11.470228568783828 1.2000000000000002
      vertex 5.115028575062752 11.581628569534846 1.2000000000000002
    endloop
  endfacet
  facet normal 0 0 1
    outer loop
      vertex 5.115028575062752 11.581628569534846 1.2000000000000002
      vertex 5.2138428539037704 11.775385708681174 1.2000000000000002
      vertex 5.150871425867081 11.775385708681174 1.2000000000000002
    endloop
  endfacet
  facet normal 0 -1 0
    outer loop
      vertex 5.130528569221497 12.408942856958934 1.2000000000000002
      vertex 5.130528569221497 12.408942856958934 1
      vertex 5.194471426308155 12.408942856958934 1.2000000000000002
    endloop
  endfacet
  facet normal 0 0 1
    outer loop
      vertex 5.130528569221497 12.408942856958934 1.2000000000000002
      vertex 5.194471426308155 12.408942856958934 1.2000000000000002
      vertex 5.101471431553364 12.577514284423419 1.2000000000000002
    endloop
  endfacet
  facet normal 0.9998185331918595 -0.019049952390457623 0
    outer loop
      vertex 5.208028569817543 11.470228568783828 1.2000000000000002
      vertex 5.208028569817543 11.470228568783828 1
      vertex 5.2138428539037704 11.775385708681174 1.2000000000000002
    endloop
  endfacet
  facet normal 0 1 0
    outer loop
      vertex 5.150871425867081 11.775385708681174 1.2000000000000002
      vertex 5.2138428539037704 11.775385708681174 1.2000000000000002
      vertex 5.2138428539037704 11.775385708681174 1
    endloop
  endfacet
  facet normal -1 0 0
    outer loop
      vertex 5.393157139420509 11.42857142644269 1.2000000000000002
      vertex 5.393157139420509 11.479914286306926 1.2000000000000002
      vertex 5.393157139420509 11.479914286306926 1
    endloop
  endfacet
  facet normal -0.167423070132438 0.9858851432025074 0
    outer loop
      vertex 5.393157139420509 11.479914286306926 1.2000000000000002
      vertex 5.5471857115626335 11.506071427038737 1.2000000000000002
      vertex 5.5471857115626335 11.506071427038737 1
    endloop
  endfacet
  facet normal 0 0 1
    outer loop
      vertex 5.115028575062752 11.581628569534846 1.2000000000000002
      vertex 5.208028569817543 11.470228568783828 1.2000000000000002
      vertex 5.2138428539037704 11.775385708681174 1.2000000000000002
    endloop
  endfacet
  facet normal 0 0 1
    outer loop
      vertex 5.393157139420509 11.42857142644269 1.2000000000000002
      vertex 5.5471857115626335 11.506071427038737 1.2000000000000002
      vertex 5.393157139420509 11.479914286306926 1.2000000000000002
    endloop
  endfacet
  facet normal 0 0 1
    outer loop
      vertex 5.393157139420509 11.42857142644269 1.2000000000000002
      vertex 5.734157145023346 11.506071427038737 1.2000000000000002
      vertex 5.5471857115626335 11.506071427038737 1.2000000000000002
    endloop
  endfacet
  facet normal -1 0 0
    outer loop
      vertex 5.5471857115626335 11.506071427038737 1.2000000000000002
      vertex 5.5471857115626335 12.65112856881959 1.2000000000000002
      vertex 5.5471857115626335 12.65112856881959 1
    endloop
  endfacet
  facet normal 1 0 0
    outer loop
      vertex 3.9543857127428055 12.727671423128673 1.2000000000000002
      vertex 3.9543857127428055 12.676328570715018 1
      vertex 3.9543857127428055 12.727671423128673 1
    endloop
  endfacet
  facet normal -0.5224779135560226 0.8526528190571736 0
    outer loop
      vertex 4.250900000333786 12.570242853036948 1.2000000000000002
      vertex 4.4613678604364395 12.699210711887904 1
      vertex 4.250900000333786 12.570242853036948 1
    endloop
  endfacet
  facet normal 0.5955798551686317 -0.8032961073709443 0
    outer loop
      vertex 4.54613571614027 12.628128566912242 1.2000000000000002
      vertex 4.398157142102718 12.51841428237302 1
      vertex 4.54613571614027 12.628128566912242 1
    endloop
  endfacet
  facet normal -0.14549851037003755 0.9893584706667752 0
    outer loop
      vertex 4.4613678604364395 12.699210711887904 1.2000000000000002
      vertex 4.753685712814331 12.74219999568803 1
      vertex 4.4613678604364395 12.699210711887904 1
    endloop
  endfacet
  facet normal 0.1674584870527471 -0.9858791280446122 0
    outer loop
      vertex 4.761442855000496 12.664699995091983 1.2000000000000002
      vertex 4.54613571614027 12.628128566912242 1
      vertex 4.761442855000496 12.664699995091983 1
    endloop
  endfacet
  facet normal 1 0 0
    outer loop
      vertex 3.9543857127428055 12.676328570715018 1.2000000000000002
      vertex 3.9543857127428055 12.676328570715018 1
      vertex 3.9543857127428055 12.727671423128673 1.2000000000000002
    endloop
  endfacet
  facet normal -0.5224779135560226 0.8526528190571736 0
    outer loop
      vertex 4.250900000333786 12.570242853036948 1.2000000000000002
      vertex 4.4613678604364395 12.699210711887904 1.2000000000000002
      vertex 4.4613678604364395 12.699210711887904 1
    endloop
  endfacet
  facet normal 0.5955798551686317 -0.8032961073709443 0
    outer loop
      vertex 4.398157142102718 12.51841428237302 1.2000000000000002
      vertex 4.398157142102718 12.51841428237302 1
      vertex 4.54613571614027 12.628128566912242 1.2000000000000002
    endloop
  endfacet
  facet normal 0.1674584870527471 -0.9858791280446122 0
    outer loop
      vertex 4.54613571614027 12.628128566912242 1.2000000000000002
      vertex 4.54613571614027 12.628128566912242 1
      vertex 4.761442855000496 12.664699995091983 1.2000000000000002
    endloop
  endfacet
  facet normal -0.14549851037003755 0.9893584706667752 0
    outer loop
      vertex 4.4613678604364395 12.699210711887904 1.2000000000000002
      vertex 4.753685712814331 12.74219999568803 1.2000000000000002
      vertex 4.753685712814331 12.74219999568803 1
    endloop
  endfacet
  facet normal 0 0 1
    outer loop
      vertex 4.250900000333786 12.570242853036948 1.2000000000000002
      vertex 4.398157142102718 12.51841428237302 1.2000000000000002
      vertex 4.4613678604364395 12.699210711887904 1.2000000000000002
    endloop
  endfacet
  facet normal 0 0 1
    outer loop
      vertex 4.398157142102718 12.51841428237302 1.2000000000000002
      vertex 4.54613571614027 12.628128566912242 1.2000000000000002
      vertex 4.4613678604364395 12.699210711887904 1.2000000000000002
    endloop
  endfacet
  facet normal 0 0 1
    outer loop
      vertex 4.54613571614027 12.628128566912242 1.2000000000000002
      vertex 4.753685712814331 12.74219999568803 1.2000000000000002
      vertex 4.4613678604364395 12.699210711887904 1.2000000000000002
    endloop
  endfacet
  facet normal 0 0 1
    outer loop
      vertex 4.54613571614027 12.628128566912242 1.2000000000000002
      vertex 4.761442855000496 12.664699995091983 1.2000000000000002
      vertex 4.753685712814331 12.74219999568803 1.2000000000000002
    endloop
  endfacet
  facet normal 0 -1 0
    outer loop
      vertex 4.519595712423325 14.285714284649917 1.2000000000000002
      vertex 3.58493285626173 14.285714284649917 1
      vertex 4.519595712423325 14.285714284649917 1
    endloop
  endfacet
  facet normal 0.1550796024974974 0.9879019773688168 0
    outer loop
      vertex 4.21966428309679 14.425214284232684 1.2000000000000002
      vertex 4.519595712423325 14.378131427935191 1
      vertex 4.21966428309679 14.425214284232684 1
    endloop
  endfacet
  facet normal 1 0 0
    outer loop
      vertex 4.519595712423325 14.378131427935191 1.2000000000000002
      vertex 4.519595712423325 14.285714284649917 1
      vertex 4.519595712423325 14.378131427935191 1
    endloop
  endfacet
  facet normal 0 0 1
    outer loop
      vertex 3.58493285626173 14.285714284649917 1.2000000000000002
      vertex 4.519595712423325 14.285714284649917 1.2000000000000002
      vertex 3.8848642855882645 14.425214284232684 1.2000000000000002
    endloop
  endfacet
  facet normal 0 0 1
    outer loop
      vertex 3.8848642855882645 14.425214284232684 1.2000000000000002
      vertex 4.519595712423325 14.285714284649917 1.2000000000000002
      vertex 4.21966428309679 14.425214284232684 1.2000000000000002
    endloop
  endfacet
  facet normal 1 0 0
    outer loop
      vertex 4.519595712423325 14.285714284649917 1.2000000000000002
      vertex 4.519595712423325 14.285714284649917 1
      vertex 4.519595712423325 14.378131427935191 1.2000000000000002
    endloop
  endfacet
  facet normal 0 0 1
    outer loop
      vertex 4.21966428309679 14.425214284232684 1.2000000000000002
      vertex 4.519595712423325 14.285714284649917 1.2000000000000002
      vertex 4.519595712423325 14.378131427935191 1.2000000000000002
    endloop
  endfacet
  facet normal 0.1550796024974974 0.9879019773688168 0
    outer loop
      vertex 4.21966428309679 14.425214284232684 1.2000000000000002
      vertex 4.519595712423325 14.378131427935191 1.2000000000000002
      vertex 4.519595712423325 14.378131427935191 1
    endloop
  endfacet
  facet normal -0.06166057361347488 -0.9980971764621204 0
    outer loop
      vertex 4.853592857718468 12.659007140568324 1.2000000000000002
      vertex 4.761442855000496 12.664699995091983 1
      vertex 4.853592857718468 12.659007140568324 1
    endloop
  endfacet
  facet normal 0.058730969254236154 0.9982738468228334 0
    outer loop
      vertex 4.753685712814331 12.74219999568803 1.2000000000000002
      vertex 4.963664285838604 12.729846426418849 1
      vertex 4.753685712814331 12.74219999568803 1
    endloop
  endfacet
  facet normal -0.18553934419489782 -0.9826368361483948 0
    outer loop
      vertex 4.944042854011059 12.641928569546767 1.2000000000000002
      vertex 4.853592857718468 12.659007140568324 1
      vertex 4.944042854011059 12.641928569546767 1
    endloop
  endfacet
  facet normal -0.3104010352414128 -0.9506057002359386 0
    outer loop
      vertex 5.028207145631313 12.61444642501218 1.2000000000000002
      vertex 4.944042854011059 12.641928569546767 1
      vertex 5.028207145631313 12.61444642501218 1
    endloop
  endfacet
  facet normal 0.16252936090526457 0.9867037077277688 0
    outer loop
      vertex 4.963664285838604 12.729846426418849 1.2000000000000002
      vertex 5.188657142221928 12.692785711160727 1
      vertex 4.963664285838604 12.729846426418849 1
    endloop
  endfacet
  facet normal -0.4501363489702767 -0.8929598352309635 0
    outer loop
      vertex 5.101471431553364 12.577514284423419 1.2000000000000002
      vertex 5.028207145631313 12.61444642501218 1
      vertex 5.101471431553364 12.577514284423419 1
    endloop
  endfacet
  facet normal 0.9997902654770787 0.020479869561894116 0
    outer loop
      vertex 5.188657142221928 12.692785711160727 1.2000000000000002
      vertex 5.194471426308155 12.408942856958934 1
      vertex 5.188657142221928 12.692785711160727 1
    endloop
  endfacet
  facet normal -1 0 0
    outer loop
      vertex 5.380557142198086 12.676328570715018 1.2000000000000002
      vertex 5.380557142198086 12.727671423128673 1
      vertex 5.380557142198086 12.676328570715018 1
    endloop
  endfacet
  facet normal -0.14953418367303856 -0.9887565564451333 0
    outer loop
      vertex 5.5471857115626335 12.65112856881959 1.2000000000000002
      vertex 5.380557142198086 12.676328570715018 1
      vertex 5.5471857115626335 12.65112856881959 1
    endloop
  endfacet
  facet normal 0 1 0
    outer loop
      vertex 5.380557142198086 12.727671423128673 1.2000000000000002
      vertex 5.870742857456207 12.727671423128673 1
      vertex 5.380557142198086 12.727671423128673 1
    endloop
  endfacet
  facet normal -0.06166057361347488 -0.9980971764621204 0
    outer loop
      vertex 4.853592857718468 12.659007140568324 1.2000000000000002
      vertex 4.761442855000496 12.664699995091983 1.2000000000000002
      vertex 4.761442855000496 12.664699995091983 1
    endloop
  endfacet
  facet normal -0.18553934419489782 -0.9826368361483948 0
    outer loop
      vertex 4.853592857718468 12.659007140568324 1.2000000000000002
      vertex 4.853592857718468 12.659007140568324 1
      vertex 4.944042854011059 12.641928569546767 1.2000000000000002
    endloop
  endfacet
  facet normal 0.058730969254236154 0.9982738468228334 0
    outer loop
      vertex 4.753685712814331 12.74219999568803 1.2000000000000002
      vertex 4.963664285838604 12.729846426418849 1.2000000000000002
      vertex 4.963664285838604 12.729846426418849 1
    endloop
  endfacet
  facet normal -0.3104010352414128 -0.9506057002359386 0
    outer loop
      vertex 4.944042854011059 12.641928569546767 1.2000000000000002
      vertex 4.944042854011059 12.641928569546767 1
      vertex 5.028207145631313 12.61444642501218 1.2000000000000002
    endloop
  endfacet
  facet normal -0.4501363489702767 -0.8929598352309635 0
    outer loop
      vertex 5.028207145631313 12.61444642501218 1.2000000000000002
      vertex 5.028207145631313 12.61444642501218 1
      vertex 5.101471431553364 12.577514284423419 1.2000000000000002
    endloop
  endfacet
  facet normal -0.9854668704235375 -0.16986773471627345 0
    outer loop
      vertex 5.130528569221497 12.408942856958934 1.2000000000000002
      vertex 5.101471431553364 12.577514284423419 1.2000000000000002
      vertex 5.101471431553364 12.577514284423419 1
    endloop
  endfacet
  facet normal 0.16252936090526457 0.9867037077277688 0
    outer loop
      vertex 4.963664285838604 12.729846426418849 1.2000000000000002
      vertex 5.188657142221928 12.692785711160727 1.2000000000000002
      vertex 5.188657142221928 12.692785711160727 1
    endloop
  endfacet
  facet normal 0 0 1
    outer loop
      vertex 4.753685712814331 12.74219999568803 1.2000000000000002
      vertex 4.761442855000496 12.664699995091983 1.2000000000000002
      vertex 4.853592857718468 12.659007140568324 1.2000000000000002
    endloop
  endfacet
  facet normal 0 0 1
    outer loop
      vertex 4.753685712814331 12.74219999568803 1.2000000000000002
      vertex 4.853592857718468 12.659007140568324 1.2000000000000002
      vertex 4.963664285838604 12.729846426418849 1.2000000000000002
    endloop
  endfacet
  facet normal 0 0 1
    outer loop
      vertex 4.853592857718468 12.659007140568324 1.2000000000000002
      vertex 4.944042854011059 12.641928569546767 1.2000000000000002
      vertex 4.963664285838604 12.729846426418849 1.2000000000000002
    endloop
  endfacet
  facet normal 0 0 1
    outer loop
      vertex 4.944042854011059 12.641928569546767 1.2000000000000002
      vertex 5.028207145631313 12.61444642501218 1.2000000000000002
      vertex 4.963664285838604 12.729846426418849 1.2000000000000002
    endloop
  endfacet
  facet normal 0 0 1
    outer loop
      vertex 5.028207145631313 12.61444642501218 1.2000000000000002
      vertex 5.188657142221928 12.692785711160727 1.2000000000000002
      vertex 4.963664285838604 12.729846426418849 1.2000000000000002
    endloop
  endfacet
  facet normal 0 0 1
    outer loop
      vertex 5.028207145631313 12.61444642501218 1.2000000000000002
      vertex 5.101471431553364 12.577514284423419 1.2000000000000002
      vertex 5.188657142221928 12.692785711160727 1.2000000000000002
    endloop
  endfacet
  facet normal 0 0 1
    outer loop
      vertex 5.101471431553364 12.577514284423419 1.2000000000000002
      vertex 5.194471426308155 12.408942856958934 1.2000000000000002
      vertex 5.188657142221928 12.692785711160727 1.2000000000000002
    endloop
  endfacet
  facet normal 0.9997902654770787 0.020479869561894116 0
    outer loop
      vertex 5.194471426308155 12.408942856958934 1.2000000000000002
      vertex 5.194471426308155 12.408942856958934 1
      vertex 5.188657142221928 12.692785711160727 1.2000000000000002
    endloop
  endfacet
  facet normal -1 0 0
    outer loop
      vertex 5.380557142198086 12.676328570715018 1.2000000000000002
      vertex 5.380557142198086 12.727671423128673 1.2000000000000002
      vertex 5.380557142198086 12.727671423128673 1
    endloop
  endfacet
  facet normal -0.14953418367303856 -0.9887565564451333 0
    outer loop
      vertex 5.380557142198086 12.676328570715018 1.2000000000000002
      vertex 5.380557142198086 12.676328570715018 1
      vertex 5.5471857115626335 12.65112856881959 1.2000000000000002
    endloop
  endfacet
  facet normal 0 0 1
    outer loop
      vertex 5.380557142198086 12.676328570715018 1.2000000000000002
      vertex 5.5471857115626335 12.65112856881959 1.2000000000000002
      vertex 5.380557142198086 12.727671423128673 1.2000000000000002
    endloop
  endfacet
  facet normal -0.8420930522111253 -0.53933226439529 0
    outer loop
      vertex 5.109044283628464 14.560342856815883 1.2000000000000002
      vertex 4.871019996702671 14.931984999350139 1
      vertex 5.109044283628464 14.560342856815883 1
    endloop
  endfacet
  facet normal -0.5211469867528735 -0.8534669403078249 0
    outer loop
      vertex 5.489184997975826 14.328219995966979 1.2000000000000002
      vertex 5.109044283628464 14.560342856815883 1
      vertex 5.489184997975826 14.328219995966979 1
    endloop
  endfacet
  facet normal 0.8975054531687056 0.4410033577337439 0
    outer loop
      vertex 5.2099664285779 14.982346424034663 1.2000000000000002
      vertex 5.371484287083149 14.653634281030723 1
      vertex 5.2099664285779 14.982346424034663 1
    endloop
  endfacet
  facet normal 0.6059528833745237 0.7955005362223844 0
    outer loop
      vertex 5.371484287083149 14.653634281030723 1.2000000000000002
      vertex 5.635885000228882 14.452233568898269 1
      vertex 5.371484287083149 14.653634281030723 1
    endloop
  endfacet
  facet normal -0.8420930522111253 -0.53933226439529 0
    outer loop
      vertex 5.109044283628464 14.560342856815883 1.2000000000000002
      vertex 4.871019996702671 14.931984999350139 1.2000000000000002
      vertex 4.871019996702671 14.931984999350139 1
    endloop
  endfacet
  facet normal 0 0 1
    outer loop
      vertex 5.109044283628464 14.560342856815883 1.2000000000000002
      vertex 5.2099664285779 14.982346424034663 1.2000000000000002
      vertex 4.871019996702671 14.931984999350139 1.2000000000000002
    endloop
  endfacet
  facet normal -0.5211469867528735 -0.8534669403078249 0
    outer loop
      vertex 5.109044283628464 14.560342856815883 1.2000000000000002
      vertex 5.109044283628464 14.560342856815883 1
      vertex 5.489184997975826 14.328219995966979 1.2000000000000002
    endloop
  endfacet
  facet normal 0.8975054531687056 0.4410033577337439 0
    outer loop
      vertex 5.371484287083149 14.653634281030723 1.2000000000000002
      vertex 5.371484287083149 14.653634281030723 1
      vertex 5.2099664285779 14.982346424034663 1.2000000000000002
    endloop
  endfacet
  facet normal 0.6059528833745237 0.7955005362223844 0
    outer loop
      vertex 5.371484287083149 14.653634281030723 1.2000000000000002
      vertex 5.635885000228882 14.452233568898269 1.2000000000000002
      vertex 5.635885000228882 14.452233568898269 1
    endloop
  endfacet
  facet normal 0 0 1
    outer loop
      vertex 5.109044283628464 14.560342856815883 1.2000000000000002
      vertex 5.489184997975826 14.328219995966979 1.2000000000000002
      vertex 5.371484287083149 14.653634281030723 1.2000000000000002
    endloop
  endfacet
  facet normal 0 0 1
    outer loop
      vertex 5.109044283628464 14.560342856815883 1.2000000000000002
      vertex 5.371484287083149 14.653634281030723 1.2000000000000002
      vertex 5.2099664285779 14.982346424034663 1.2000000000000002
    endloop
  endfacet
  facet normal 0 0 1
    outer loop
      vertex 5.489184997975826 14.328219995966979 1.2000000000000002
      vertex 5.635885000228882 14.452233568898269 1.2000000000000002
      vertex 5.371484287083149 14.653634281030723 1.2000000000000002
    endloop
  endfacet
  facet normal 0 -1 0
    outer loop
      vertex 5.940499998629093 11.42857142644269 1.2000000000000002
      vertex 5.393157139420509 11.42857142644269 1
      vertex 5.940499998629093 11.42857142644269 1
    endloop
  endfacet
  facet normal 1 0 0
    outer loop
      vertex 5.734157145023346 11.938128569296428 1.2000000000000002
      vertex 5.734157145023346 11.506071427038737 1
      vertex 5.734157145023346 11.938128569296428 1
    endloop
  endfacet
  facet normal 0.12575901717401977 0.9920608195062561 0
    outer loop
      vertex 5.734157145023346 11.506071427038737 1.2000000000000002
      vertex 5.940499998629093 11.479914286306926 1
      vertex 5.734157145023346 11.506071427038737 1
    endloop
  endfacet
  facet normal 1 0 0
    outer loop
      vertex 5.940499998629093 11.479914286306926 1.2000000000000002
      vertex 5.940499998629093 11.42857142644269 1
      vertex 5.940499998629093 11.479914286306926 1
    endloop
  endfacet
  facet normal 1 0 0
    outer loop
      vertex 5.734157145023346 12.640471429697104 1.2000000000000002
      vertex 5.734157145023346 12.025328570178576 1
      vertex 5.734157145023346 12.640471429697104 1
    endloop
  endfacet
  facet normal 0 1 0
    outer loop
      vertex 5.734157145023346 12.025328570178576 1.2000000000000002
      vertex 5.834899999201298 12.025328570178576 1
      vertex 5.734157145023346 12.025328570178576 1
    endloop
  endfacet
  facet normal 0 -1 0
    outer loop
      vertex 5.880428574979305 11.938128569296428 1.2000000000000002
      vertex 5.734157145023346 11.938128569296428 1
      vertex 5.880428574979305 11.938128569296428 1
    endloop
  endfacet
  facet normal -0.12994136651137428 0.9915216796768271 0
    outer loop
      vertex 5.834899999201298 12.025328570178576 1.2000000000000002
      vertex 5.977182142436504 12.043974996677466 1
      vertex 5.834899999201298 12.025328570178576 1
    endloop
  endfacet
  facet normal 0.12884801870759985 -0.9916643525281759 0
    outer loop
      vertex 6.079874999821186 11.964042858353682 1.2000000000000002
      vertex 5.880428574979305 11.938128569296428 1
      vertex 6.079874999821186 11.964042858353682 1
    endloop
  endfacet
  facet normal -0.49037272274558047 0.8715128184869606 0
    outer loop
      vertex 5.977182142436504 12.043974996677466 1.2000000000000002
      vertex 6.07660000026226 12.099914283624717 1
      vertex 5.977182142436504 12.043974996677466 1
    endloop
  endfacet
  facet normal -0.8588969768899585 0.5121483994793795 0
    outer loop
      vertex 6.07660000026226 12.099914283624717 1.2000000000000002
      vertex 6.135089285671711 12.19800356881959 1
      vertex 6.07660000026226 12.099914283624717 1
    endloop
  endfacet
  facet normal -0.9910894894553476 0.13319768725897024 0
    outer loop
      vertex 6.135089285671711 12.19800356881959 1.2000000000000002
      vertex 6.154585711658001 12.343071424535342 1
      vertex 6.135089285671711 12.19800356881959 1
    endloop
  endfacet
  facet normal -0.9908708163608081 -0.1348147814019876 0
    outer loop
      vertex 6.154585711658001 12.343071424535342 1.2000000000000002
      vertex 6.135935716331005 12.480146424046584 1
      vertex 6.154585711658001 12.343071424535342 1
    endloop
  endfacet
  facet normal 0.46780178270747813 -0.8838334074336099 0
    outer loop
      vertex 6.226757146418095 12.041785710624286 1.2000000000000002
      vertex 6.079874999821186 11.964042858353682 1
      vertex 6.226757146418095 12.041785710624286 1
    endloop
  endfacet
  facet normal 0.815867437126146 -0.578238986092441 0
    outer loop
      vertex 6.317217856645584 12.169421428016253 1.2000000000000002
      vertex 6.226757146418095 12.041785710624286 1
      vertex 6.317217856645584 12.169421428016253 1
    endloop
  endfacet
  facet normal 0.9855736639003683 -0.1692470177758056 0
    outer loop
      vertex 6.347371429204941 12.34501428263528 1.2000000000000002
      vertex 6.317217856645584 12.169421428016253 1
      vertex 6.347371429204941 12.34501428263528 1
    endloop
  endfacet
  facet normal 0 -1 0
    outer loop
      vertex 5.393157139420509 11.42857142644269 1.2000000000000002
      vertex 5.393157139420509 11.42857142644269 1
      vertex 5.940499998629093 11.42857142644269 1.2000000000000002
    endloop
  endfacet
  facet normal 1 0 0
    outer loop
      vertex 5.734157145023346 11.506071427038737 1.2000000000000002
      vertex 5.734157145023346 11.506071427038737 1
      vertex 5.734157145023346 11.938128569296428 1.2000000000000002
    endloop
  endfacet
  facet normal 0.12575901717401977 0.9920608195062561 0
    outer loop
      vertex 5.734157145023346 11.506071427038737 1.2000000000000002
      vertex 5.940499998629093 11.479914286306926 1.2000000000000002
      vertex 5.940499998629093 11.479914286306926 1
    endloop
  endfacet
  facet normal 1 0 0
    outer loop
      vertex 5.940499998629093 11.42857142644269 1.2000000000000002
      vertex 5.940499998629093 11.42857142644269 1
      vertex 5.940499998629093 11.479914286306926 1.2000000000000002
    endloop
  endfacet
  facet normal 0 0 1
    outer loop
      vertex 5.393157139420509 11.42857142644269 1.2000000000000002
      vertex 5.940499998629093 11.42857142644269 1.2000000000000002
      vertex 5.734157145023346 11.506071427038737 1.2000000000000002
    endloop
  endfacet
  facet normal 0 0 1
    outer loop
      vertex 5.5471857115626335 11.506071427038737 1.2000000000000002
      vertex 5.734157145023346 11.506071427038737 1.2000000000000002
      vertex 5.734157145023346 11.938128569296428 1.2000000000000002
    endloop
  endfacet
  facet normal 0 0 1
    outer loop
      vertex 5.5471857115626335 11.506071427038737 1.2000000000000002
      vertex 5.734157145023346 11.938128569296428 1.2000000000000002
      vertex 5.734157145023346 12.025328570178576 1.2000000000000002
    endloop
  endfacet
  facet normal 0 0 1
    outer loop
      vertex 5.734157145023346 11.506071427038737 1.2000000000000002
      vertex 5.940499998629093 11.42857142644269 1.2000000000000002
      vertex 5.940499998629093 11.479914286306926 1.2000000000000002
    endloop
  endfacet
  facet normal 1 0 0
    outer loop
      vertex 5.734157145023346 12.025328570178576 1.2000000000000002
      vertex 5.734157145023346 12.025328570178576 1
      vertex 5.734157145023346 12.640471429697104 1.2000000000000002
    endloop
  endfacet
  facet normal 0 -1 0
    outer loop
      vertex 5.734157145023346 11.938128569296428 1.2000000000000002
      vertex 5.734157145023346 11.938128569296428 1
      vertex 5.880428574979305 11.938128569296428 1.2000000000000002
    endloop
  endfacet
  facet normal 0 1 0
    outer loop
      vertex 5.734157145023346 12.025328570178576 1.2000000000000002
      vertex 5.834899999201298 12.025328570178576 1.2000000000000002
      vertex 5.834899999201298 12.025328570178576 1
    endloop
  endfacet
  facet normal 0.12884801870759985 -0.9916643525281759 0
    outer loop
      vertex 5.880428574979305 11.938128569296428 1.2000000000000002
      vertex 5.880428574979305 11.938128569296428 1
      vertex 6.079874999821186 11.964042858353682 1.2000000000000002
    endloop
  endfacet
  facet normal -0.12994136651137428 0.9915216796768271 0
    outer loop
      vertex 5.834899999201298 12.025328570178576 1.2000000000000002
      vertex 5.977182142436504 12.043974996677466 1.2000000000000002
      vertex 5.977182142436504 12.043974996677466 1
    endloop
  endfacet
  facet normal 0 0 1
    outer loop
      vertex 5.5471857115626335 11.506071427038737 1.2000000000000002
      vertex 5.734157145023346 12.025328570178576 1.2000000000000002
      vertex 5.5471857115626335 12.65112856881959 1.2000000000000002
    endloop
  endfacet
  facet normal 0 0 1
    outer loop
      vertex 5.5471857115626335 12.65112856881959 1.2000000000000002
      vertex 5.734157145023346 12.025328570178576 1.2000000000000002
      vertex 5.734157145023346 12.640471429697104 1.2000000000000002
    endloop
  endfacet
  facet normal 0 0 1
    outer loop
      vertex 5.734157145023346 11.938128569296428 1.2000000000000002
      vertex 5.834899999201298 12.025328570178576 1.2000000000000002
      vertex 5.734157145023346 12.025328570178576 1.2000000000000002
    endloop
  endfacet
  facet normal 0 0 1
    outer loop
      vertex 5.734157145023346 11.938128569296428 1.2000000000000002
      vertex 5.880428574979305 11.938128569296428 1.2000000000000002
      vertex 5.834899999201298 12.025328570178576 1.2000000000000002
    endloop
  endfacet
  facet normal 0 0 1
    outer loop
      vertex 5.834899999201298 12.025328570178576 1.2000000000000002
      vertex 5.880428574979305 11.938128569296428 1.2000000000000002
      vertex 5.977182142436504 12.043974996677466 1.2000000000000002
    endloop
  endfacet
  facet normal -0.49037272274558047 0.8715128184869606 0
    outer loop
      vertex 5.977182142436504 12.043974996677466 1.2000000000000002
      vertex 6.07660000026226 12.099914283624717 1.2000000000000002
      vertex 6.07660000026226 12.099914283624717 1
    endloop
  endfacet
  facet normal 0.46780178270747813 -0.8838334074336099 0
    outer loop
      vertex 6.079874999821186 11.964042858353682 1.2000000000000002
      vertex 6.079874999821186 11.964042858353682 1
      vertex 6.226757146418095 12.041785710624286 1.2000000000000002
    endloop
  endfacet
  facet normal -0.8588969768899585 0.5121483994793795 0
    outer loop
      vertex 6.07660000026226 12.099914283624717 1.2000000000000002
      vertex 6.135089285671711 12.19800356881959 1.2000000000000002
      vertex 6.135089285671711 12.19800356881959 1
    endloop
  endfacet
  facet normal -0.9910894894553476 0.13319768725897024 0
    outer loop
      vertex 6.135089285671711 12.19800356881959 1.2000000000000002
      vertex 6.154585711658001 12.343071424535342 1.2000000000000002
      vertex 6.154585711658001 12.343071424535342 1
    endloop
  endfacet
  facet normal -0.9908708163608081 -0.1348147814019876 0
    outer loop
      vertex 6.154585711658001 12.343071424535342 1.2000000000000002
      vertex 6.135935716331005 12.480146424046584 1.2000000000000002
      vertex 6.135935716331005 12.480146424046584 1
    endloop
  endfacet
  facet normal 0.815867437126146 -0.578238986092441 0
    outer loop
      vertex 6.226757146418095 12.041785710624286 1.2000000000000002
      vertex 6.226757146418095 12.041785710624286 1
      vertex 6.317217856645584 12.169421428016253 1.2000000000000002
    endloop
  endfacet
  facet normal 0.9855736639003683 -0.1692470177758056 0
    outer loop
      vertex 6.317217856645584 12.169421428016253 1.2000000000000002
      vertex 6.317217856645584 12.169421428016253 1
      vertex 6.347371429204941 12.34501428263528 1.2000000000000002
    endloop
  endfacet
  facet normal 0.9235597175085355 0.38345462338528924 0
    outer loop
      vertex 6.347371429204941 12.34501428263528 1.2000000000000002
      vertex 6.347371429204941 12.34501428263528 1
      vertex 6.228214286267757 12.632007138005324 1.2000000000000002
    endloop
  endfacet
  facet normal 0 0 1
    outer loop
      vertex 5.880428574979305 11.938128569296428 1.2000000000000002
      vertex 6.079874999821186 11.964042858353682 1.2000000000000002
      vertex 5.977182142436504 12.043974996677466 1.2000000000000002
    endloop
  endfacet
  facet normal 0 0 1
    outer loop
      vertex 5.977182142436504 12.043974996677466 1.2000000000000002
      vertex 6.079874999821186 11.964042858353682 1.2000000000000002
      vertex 6.07660000026226 12.099914283624717 1.2000000000000002
    endloop
  endfacet
  facet normal 0 0 1
    outer loop
      vertex 6.079874999821186 11.964042858353682 1.2000000000000002
      vertex 6.226757146418095 12.041785710624286 1.2000000000000002
      vertex 6.07660000026226 12.099914283624717 1.2000000000000002
    endloop
  endfacet
  facet normal 0 0 1
    outer loop
      vertex 6.226757146418095 12.041785710624286 1.2000000000000002
      vertex 6.135089285671711 12.19800356881959 1.2000000000000002
      vertex 6.07660000026226 12.099914283624717 1.2000000000000002
    endloop
  endfacet
  facet normal 0 0 1
    outer loop
      vertex 6.226757146418095 12.041785710624286 1.2000000000000002
      vertex 6.317217856645584 12.169421428016253 1.2000000000000002
      vertex 6.135089285671711 12.19800356881959 1.2000000000000002
    endloop
  endfacet
  facet normal 0 0 1
    outer loop
      vertex 6.135089285671711 12.19800356881959 1.2000000000000002
      vertex 6.317217856645584 12.169421428016253 1.2000000000000002
      vertex 6.154585711658001 12.343071424535342 1.2000000000000002
    endloop
  endfacet
  facet normal 0 0 1
    outer loop
      vertex 6.154585711658001 12.343071424535342 1.2000000000000002
      vertex 6.347371429204941 12.34501428263528 1.2000000000000002
      vertex 6.135935716331005 12.480146424046584 1.2000000000000002
    endloop
  endfacet
  facet normal 0 0 1
    outer loop
      vertex 6.135935716331005 12.480146424046584 1.2000000000000002
      vertex 6.347371429204941 12.34501428263528 1.2000000000000002
      vertex 6.228214286267757 12.632007138005324 1.2000000000000002
    endloop
  endfacet
  facet normal 0 0 1
    outer loop
      vertex 6.154585711658001 12.343071424535342 1.2000000000000002
      vertex 6.317217856645584 12.169421428016253 1.2000000000000002
      vertex 6.347371429204941 12.34501428263528 1.2000000000000002
    endloop
  endfacet
  facet normal -1 0 0
    outer loop
      vertex 6.484028570353985 11.42857142644269 1.2000000000000002
      vertex 6.484028570353985 11.479914286306926 1
      vertex 6.484028570353985 11.42857142644269 1
    endloop
  endfacet
  facet normal -0.15507959517321107 0.987901978518574 0
    outer loop
      vertex 6.484028570353985 11.479914286306926 1.2000000000000002
      vertex 6.650657139718533 11.506071427038737 1
      vertex 6.484028570353985 11.479914286306926 1
    endloop
  endfacet
  facet normal -1 0 0
    outer loop
      vertex 6.650657139718533 12.65112856881959 1.2000000000000002
      vertex 6.650657139718533 12.65112856881959 1
      vertex 6.650657139718533 11.506071427038737 1
    endloop
  endfacet
  facet normal 1 0 0
    outer loop
      vertex 6.752371430397034 12.596885712019034 1.2000000000000002
      vertex 6.752371430397034 11.506071427038737 1
      vertex 6.752371430397034 12.596885712019034 1
    endloop
  endfacet
  facet normal 0 -1 0
    outer loop
      vertex 6.926742859184742 11.42857142644269 1.2000000000000002
      vertex 6.484028570353985 11.42857142644269 1
      vertex 6.926742859184742 11.42857142644269 1
    endloop
  endfacet
  facet normal 0.1483483647139306 0.9889351660683843 0
    outer loop
      vertex 6.752371430397034 11.506071427038737 1.2000000000000002
      vertex 6.926742859184742 11.479914286306926 1
      vertex 6.752371430397034 11.506071427038737 1
    endloop
  endfacet
  facet normal 1 0 0
    outer loop
      vertex 6.926742859184742 11.479914286306926 1.2000000000000002
      vertex 6.926742859184742 11.42857142644269 1
      vertex 6.926742859184742 11.479914286306926 1
    endloop
  endfacet
  facet normal 0.8212128096480882 0.5706220476549192 0
    outer loop
      vertex 6.8773428574204445 12.727671423128673 1.2000000000000002
      vertex 7.545771427452564 11.765699998608657 1
      vertex 6.8773428574204445 12.727671423128673 1
    endloop
  endfacet
  facet normal -1 0 0
    outer loop
      vertex 6.484028570353985 11.42857142644269 1.2000000000000002
      vertex 6.484028570353985 11.479914286306926 1.2000000000000002
      vertex 6.484028570353985 11.479914286306926 1
    endloop
  endfacet
  facet normal -0.15507959517321107 0.987901978518574 0
    outer loop
      vertex 6.484028570353985 11.479914286306926 1.2000000000000002
      vertex 6.650657139718533 11.506071427038737 1.2000000000000002
      vertex 6.650657139718533 11.506071427038737 1
    endloop
  endfacet
  facet normal 0 -1 0
    outer loop
      vertex 6.484028570353985 11.42857142644269 1.2000000000000002
      vertex 6.484028570353985 11.42857142644269 1
      vertex 6.926742859184742 11.42857142644269 1.2000000000000002
    endloop
  endfacet
  facet normal 1 0 0
    outer loop
      vertex 6.752371430397034 11.506071427038737 1.2000000000000002
      vertex 6.752371430397034 11.506071427038737 1
      vertex 6.752371430397034 12.596885712019034 1.2000000000000002
    endloop
  endfacet
  facet normal 0 0 1
    outer loop
      vertex 6.484028570353985 11.42857142644269 1.2000000000000002
      vertex 6.650657139718533 11.506071427038737 1.2000000000000002
      vertex 6.484028570353985 11.479914286306926 1.2000000000000002
    endloop
  endfacet
  facet normal 0 0 1
    outer loop
      vertex 6.484028570353985 11.42857142644269 1.2000000000000002
      vertex 6.926742859184742 11.42857142644269 1.2000000000000002
      vertex 6.650657139718533 11.506071427038737 1.2000000000000002
    endloop
  endfacet
  facet normal 0 0 1
    outer loop
      vertex 6.650657139718533 11.506071427038737 1.2000000000000002
      vertex 6.752371430397034 11.506071427038737 1.2000000000000002
      vertex 6.752371430397034 12.596885712019034 1.2000000000000002
    endloop
  endfacet
  facet normal -1 0 0
    outer loop
      vertex 6.650657139718533 11.506071427038737 1.2000000000000002
      vertex 6.650657139718533 12.65112856881959 1.2000000000000002
      vertex 6.650657139718533 11.506071427038737 1
    endloop
  endfacet
  facet normal 0 0 1
    outer loop
      vertex 6.650657139718533 11.506071427038737 1.2000000000000002
      vertex 6.752371430397034 12.596885712019034 1.2000000000000002
      vertex 6.650657139718533 12.65112856881959 1.2000000000000002
    endloop
  endfacet
  facet normal 0.1483483647139306 0.9889351660683843 0
    outer loop
      vertex 6.752371430397034 11.506071427038737 1.2000000000000002
      vertex 6.926742859184742 11.479914286306926 1.2000000000000002
      vertex 6.926742859184742 11.479914286306926 1
    endloop
  endfacet
  facet normal 1 0 0
    outer loop
      vertex 6.926742859184742 11.42857142644269 1.2000000000000002
      vertex 6.926742859184742 11.42857142644269 1
      vertex 6.926742859184742 11.479914286306926 1.2000000000000002
    endloop
  endfacet
  facet normal 0 0 1
    outer loop
      vertex 6.650657139718533 11.506071427038737 1.2000000000000002
      vertex 6.926742859184742 11.42857142644269 1.2000000000000002
      vertex 6.752371430397034 11.506071427038737 1.2000000000000002
    endloop
  endfacet
  facet normal 0 0 1
    outer loop
      vertex 6.752371430397034 11.506071427038737 1.2000000000000002
      vertex 6.926742859184742 11.42857142644269 1.2000000000000002
      vertex 6.926742859184742 11.479914286306926 1.2000000000000002
    endloop
  endfacet
  facet normal -0.8247198491999481 -0.5655414841862749 0
    outer loop
      vertex 6.752371430397034 12.596885712019034 1.2000000000000002
      vertex 6.752371430397034 12.596885712019034 1
      vertex 7.553528569638729 11.42857142644269 1.2000000000000002
    endloop
  endfacet
  facet normal 0 0 1
    outer loop
      vertex 6.752371430397034 12.596885712019034 1.2000000000000002
      vertex 7.545771427452564 11.765699998608657 1.2000000000000002
      vertex 6.8773428574204445 12.727671423128673 1.2000000000000002
    endloop
  endfacet
  facet normal 0 -1 0
    outer loop
      vertex 5.82908571511507 12.640471429697104 1.2000000000000002
      vertex 5.734157145023346 12.640471429697104 1
      vertex 5.82908571511507 12.640471429697104 1
    endloop
  endfacet
  facet normal -0.11323950938283737 -0.9935677196420656 0
    outer loop
      vertex 5.979967854917049 12.623274997941085 1.2000000000000002
      vertex 5.82908571511507 12.640471429697104 1
      vertex 5.979967854917049 12.623274997941085 1
    endloop
  endfacet
  facet normal -0.45841252147775546 -0.8887395344826324 0
    outer loop
      vertex 6.079985715448856 12.571685710123607 1.2000000000000002
      vertex 5.979967854917049 12.623274997941085 1
      vertex 6.079985715448856 12.571685710123607 1
    endloop
  endfacet
  facet normal 0.2585167384913236 0.9660067784026201 0
    outer loop
      vertex 5.870742857456207 12.727671423128673 1.2000000000000002
      vertex 6.228214286267757 12.632007138005324 1
      vertex 5.870742857456207 12.727671423128673 1
    endloop
  endfacet
  facet normal -0.853243152900244 -0.5215132999539426 0
    outer loop
      vertex 6.135935716331005 12.480146424046584 1.2000000000000002
      vertex 6.079985715448856 12.571685710123607 1
      vertex 6.135935716331005 12.480146424046584 1
    endloop
  endfacet
  facet normal 0.9235597175085355 0.38345462338528924 0
    outer loop
      vertex 6.228214286267757 12.632007138005324 1.2000000000000002
      vertex 6.347371429204941 12.34501428263528 1
      vertex 6.228214286267757 12.632007138005324 1
    endloop
  endfacet
  facet normal 0 -1 0
    outer loop
      vertex 5.734157145023346 12.640471429697104 1.2000000000000002
      vertex 5.734157145023346 12.640471429697104 1
      vertex 5.82908571511507 12.640471429697104 1.2000000000000002
    endloop
  endfacet
  facet normal 0 1 0
    outer loop
      vertex 5.380557142198086 12.727671423128673 1.2000000000000002
      vertex 5.870742857456207 12.727671423128673 1.2000000000000002
      vertex 5.870742857456207 12.727671423128673 1
    endloop
  endfacet
  facet normal -0.11323950938283737 -0.9935677196420656 0
    outer loop
      vertex 5.82908571511507 12.640471429697104 1.2000000000000002
      vertex 5.82908571511507 12.640471429697104 1
      vertex 5.979967854917049 12.623274997941085 1.2000000000000002
    endloop
  endfacet
  facet normal 0 0 1
    outer loop
      vertex 5.380557142198086 12.727671423128673 1.2000000000000002
      vertex 5.5471857115626335 12.65112856881959 1.2000000000000002
      vertex 5.870742857456207 12.727671423128673 1.2000000000000002
    endloop
  endfacet
  facet normal 0 0 1
    outer loop
      vertex 5.5471857115626335 12.65112856881959 1.2000000000000002
      vertex 5.734157145023346 12.640471429697104 1.2000000000000002
      vertex 5.870742857456207 12.727671423128673 1.2000000000000002
    endloop
  endfacet
  facet normal 0 0 1
    outer loop
      vertex 5.734157145023346 12.640471429697104 1.2000000000000002
      vertex 5.82908571511507 12.640471429697104 1.2000000000000002
      vertex 5.870742857456207 12.727671423128673 1.2000000000000002
    endloop
  endfacet
  facet normal 0 0 1
    outer loop
      vertex 5.82908571511507 12.640471429697104 1.2000000000000002
      vertex 5.979967854917049 12.623274997941085 1.2000000000000002
      vertex 5.870742857456207 12.727671423128673 1.2000000000000002
    endloop
  endfacet
  facet normal -0.45841252147775546 -0.8887395344826324 0
    outer loop
      vertex 5.979967854917049 12.623274997941085 1.2000000000000002
      vertex 5.979967854917049 12.623274997941085 1
      vertex 6.079985715448856 12.571685710123607 1.2000000000000002
    endloop
  endfacet
  facet normal -0.853243152900244 -0.5215132999539426 0
    outer loop
      vertex 6.135935716331005 12.480146424046584 1.2000000000000002
      vertex 6.079985715448856 12.571685710123607 1.2000000000000002
      vertex 6.079985715448856 12.571685710123607 1
    endloop
  endfacet
  facet normal 0.2585167384913236 0.9660067784026201 0
    outer loop
      vertex 5.870742857456207 12.727671423128673 1.2000000000000002
      vertex 6.228214286267757 12.632007138005324 1.2000000000000002
      vertex 6.228214286267757 12.632007138005324 1
    endloop
  endfacet
  facet normal 0 0 1
    outer loop
      vertex 5.870742857456207 12.727671423128673 1.2000000000000002
      vertex 5.979967854917049 12.623274997941085 1.2000000000000002
      vertex 6.228214286267757 12.632007138005324 1.2000000000000002
    endloop
  endfacet
  facet normal 0 0 1
    outer loop
      vertex 5.979967854917049 12.623274997941085 1.2000000000000002
      vertex 6.079985715448856 12.571685710123607 1.2000000000000002
      vertex 6.228214286267757 12.632007138005324 1.2000000000000002
    endloop
  endfacet
  facet normal 0 0 1
    outer loop
      vertex 6.135935716331005 12.480146424046584 1.2000000000000002
      vertex 6.228214286267757 12.632007138005324 1.2000000000000002
      vertex 6.079985715448856 12.571685710123607 1.2000000000000002
    endloop
  endfacet
  facet normal -0.1512469268640122 -0.988496012695141 0
    outer loop
      vertex 5.994875714182854 14.250845716467925 1.2000000000000002
      vertex 5.489184997975826 14.328219995966979 1
      vertex 5.994875714182854 14.250845716467925 1
    endloop
  endfacet
  facet normal 0.1821054857827705 0.9832790001051691 0
    outer loop
      vertex 5.635885000228882 14.452233568898269 1.2000000000000002
      vertex 5.998372860252857 14.385100000670977 1
      vertex 5.635885000228882 14.452233568898269 1
    endloop
  endfacet
  facet normal 0.06421712164243384 -0.9979359504937984 0
    outer loop
      vertex 6.421649284660816 14.278308571449347 1.2000000000000002
      vertex 5.994875714182854 14.250845716467925 1
      vertex 6.421649284660816 14.278308571449347 1
    endloop
  endfacet
  facet normal -0.061966615036717854 0.9980782226964434 0
    outer loop
      vertex 5.998372860252857 14.385100000670977 1.2000000000000002
      vertex 6.191480711102486 14.397089281252452 1
      vertex 5.998372860252857 14.385100000670977 1
    endloop
  endfacet
  facet normal -0.19410095702156754 0.9809815586866614 0
    outer loop
      vertex 6.191480711102486 14.397089281252452 1.2000000000000002
      vertex 6.37326142936945 14.433057145348617 1
      vertex 6.191480711102486 14.397089281252452 1
    endloop
  endfacet
  facet normal -0.1512469268640122 -0.988496012695141 0
    outer loop
      vertex 5.489184997975826 14.328219995966979 1.2000000000000002
      vertex 5.489184997975826 14.328219995966979 1
      vertex 5.994875714182854 14.250845716467925 1.2000000000000002
    endloop
  endfacet
  facet normal 0 0 1
    outer loop
      vertex 5.489184997975826 14.328219995966979 1.2000000000000002
      vertex 5.994875714182854 14.250845716467925 1.2000000000000002
      vertex 5.635885000228882 14.452233568898269 1.2000000000000002
    endloop
  endfacet
  facet normal 0 0 1
    outer loop
      vertex 5.635885000228882 14.452233568898269 1.2000000000000002
      vertex 5.994875714182854 14.250845716467925 1.2000000000000002
      vertex 5.998372860252857 14.385100000670977 1.2000000000000002
    endloop
  endfacet
  facet normal 0.1821054857827705 0.9832790001051691 0
    outer loop
      vertex 5.635885000228882 14.452233568898269 1.2000000000000002
      vertex 5.998372860252857 14.385100000670977 1.2000000000000002
      vertex 5.998372860252857 14.385100000670977 1
    endloop
  endfacet
  facet normal 0.06421712164243384 -0.9979359504937984 0
    outer loop
      vertex 5.994875714182854 14.250845716467925 1.2000000000000002
      vertex 5.994875714182854 14.250845716467925 1
      vertex 6.421649284660816 14.278308571449347 1.2000000000000002
    endloop
  endfacet
  facet normal 0 0 1
    outer loop
      vertex 5.994875714182854 14.250845716467925 1.2000000000000002
      vertex 6.191480711102486 14.397089281252452 1.2000000000000002
      vertex 5.998372860252857 14.385100000670977 1.2000000000000002
    endloop
  endfacet
  facet normal 0 0 1
    outer loop
      vertex 5.994875714182854 14.250845716467925 1.2000000000000002
      vertex 6.421649284660816 14.278308571449347 1.2000000000000002
      vertex 6.191480711102486 14.397089281252452 1.2000000000000002
    endloop
  endfacet
  facet normal 0 0 1
    outer loop
      vertex 6.191480711102486 14.397089281252452 1.2000000000000002
      vertex 6.421649284660816 14.278308571449347 1.2000000000000002
      vertex 6.37326142936945 14.433057145348617 1.2000000000000002
    endloop
  endfacet
  facet normal -0.061966615036717854 0.9980782226964434 0
    outer loop
      vertex 5.998372860252857 14.385100000670977 1.2000000000000002
      vertex 6.191480711102486 14.397089281252452 1.2000000000000002
      vertex 6.191480711102486 14.397089281252452 1
    endloop
  endfacet
  facet normal -0.19410095702156754 0.9809815586866614 0
    outer loop
      vertex 6.191480711102486 14.397089281252452 1.2000000000000002
      vertex 6.37326142936945 14.433057145348617 1.2000000000000002
      vertex 6.37326142936945 14.433057145348617 1
    endloop
  endfacet
  facet normal -1 0 0
    outer loop
      vertex 6.484028570353985 12.676328570715018 1.2000000000000002
      vertex 6.484028570353985 12.727671423128673 1
      vertex 6.484028570353985 12.676328570715018 1
    endloop
  endfacet
  facet normal -0.14953418367303856 -0.9887565564451333 0
    outer loop
      vertex 6.650657139718533 12.65112856881959 1.2000000000000002
      vertex 6.484028570353985 12.676328570715018 1
      vertex 6.650657139718533 12.65112856881959 1
    endloop
  endfacet
  facet normal 0 1 0
    outer loop
      vertex 6.484028570353985 12.727671423128673 1.2000000000000002
      vertex 6.8773428574204445 12.727671423128673 1
      vertex 6.484028570353985 12.727671423128673 1
    endloop
  endfacet
  facet normal -1 0 0
    outer loop
      vertex 6.484028570353985 12.676328570715018 1.2000000000000002
      vertex 6.484028570353985 12.727671423128673 1.2000000000000002
      vertex 6.484028570353985 12.727671423128673 1
    endloop
  endfacet
  facet normal -0.14953418367303856 -0.9887565564451333 0
    outer loop
      vertex 6.484028570353985 12.676328570715018 1.2000000000000002
      vertex 6.484028570353985 12.676328570715018 1
      vertex 6.650657139718533 12.65112856881959 1.2000000000000002
    endloop
  endfacet
  facet normal 0 1 0
    outer loop
      vertex 6.484028570353985 12.727671423128673 1.2000000000000002
      vertex 6.8773428574204445 12.727671423128673 1.2000000000000002
      vertex 6.8773428574204445 12.727671423128673 1
    endloop
  endfacet
  facet normal 0 0 1
    outer loop
      vertex 6.484028570353985 12.676328570715018 1.2000000000000002
      vertex 6.650657139718533 12.65112856881959 1.2000000000000002
      vertex 6.484028570353985 12.727671423128673 1.2000000000000002
    endloop
  endfacet
  facet normal 0 0 1
    outer loop
      vertex 6.484028570353985 12.727671423128673 1.2000000000000002
      vertex 6.650657139718533 12.65112856881959 1.2000000000000002
      vertex 6.8773428574204445 12.727671423128673 1.2000000000000002
    endloop
  endfacet
  facet normal 0 0 1
    outer loop
      vertex 6.650657139718533 12.65112856881959 1.2000000000000002
      vertex 6.752371430397034 12.596885712019034 1.2000000000000002
      vertex 6.8773428574204445 12.727671423128673 1.2000000000000002
    endloop
  endfacet
  facet normal 0.2027028825357444 -0.9792402878822442 0
    outer loop
      vertex 6.819661431014538 14.360697143844195 1.2000000000000002
      vertex 6.421649284660816 14.278308571449347 1
      vertex 6.819661431014538 14.360697143844195 1
    endloop
  endfacet
  facet normal -0.3345264141221859 0.9423863741876533 0
    outer loop
      vertex 6.37326142936945 14.433057145348617 1.2000000000000002
      vertex 6.531070001423359 14.489075713923999 1
      vertex 6.37326142936945 14.433057145348617 1
    endloop
  endfacet
  facet normal -0.5115031102354304 0.8592814255059172 0
    outer loop
      vertex 6.531070001423359 14.489075713923999 1.2000000000000002
      vertex 6.652261428534985 14.561217145196029 1
      vertex 6.531070001423359 14.489075713923999 1
    endloop
  endfacet
  facet normal -0.9833166036092345 0.1819023283699235 0
    outer loop
      vertex 6.652261428534985 14.561217145196029 1.2000000000000002
      vertex 6.716778568923473 14.909980000129767 1
      vertex 6.652261428534985 14.561217145196029 1
    endloop
  endfacet
  facet normal 0 1 0
    outer loop
      vertex 6.716778568923473 14.909980000129767 1.2000000000000002
      vertex 6.830127142369747 14.909980000129767 1
      vertex 6.716778568923473 14.909980000129767 1
    endloop
  endfacet
  facet normal 0.9998185331948124 -0.019049952235475506 0
    outer loop
      vertex 6.830127142369747 14.909980000129767 1.2000000000000002
      vertex 6.819661431014538 14.360697143844195 1
      vertex 6.830127142369747 14.909980000129767 1
    endloop
  endfacet
  facet normal 0.2027028825357444 -0.9792402878822442 0
    outer loop
      vertex 6.421649284660816 14.278308571449347 1.2000000000000002
      vertex 6.421649284660816 14.278308571449347 1
      vertex 6.819661431014538 14.360697143844195 1.2000000000000002
    endloop
  endfacet
  facet normal -0.3345264141221859 0.9423863741876533 0
    outer loop
      vertex 6.37326142936945 14.433057145348617 1.2000000000000002
      vertex 6.531070001423359 14.489075713923999 1.2000000000000002
      vertex 6.531070001423359 14.489075713923999 1
    endloop
  endfacet
  facet normal -0.5115031102354304 0.8592814255059172 0
    outer loop
      vertex 6.531070001423359 14.489075713923999 1.2000000000000002
      vertex 6.652261428534985 14.561217145196029 1.2000000000000002
      vertex 6.652261428534985 14.561217145196029 1
    endloop
  endfacet
  facet normal -0.9833166036092345 0.1819023283699235 0
    outer loop
      vertex 6.652261428534985 14.561217145196029 1.2000000000000002
      vertex 6.716778568923473 14.909980000129767 1.2000000000000002
      vertex 6.716778568923473 14.909980000129767 1
    endloop
  endfacet
  facet normal 0 0 1
    outer loop
      vertex 6.421649284660816 14.278308571449347 1.2000000000000002
      vertex 6.531070001423359 14.489075713923999 1.2000000000000002
      vertex 6.37326142936945 14.433057145348617 1.2000000000000002
    endloop
  endfacet
  facet normal 0 0 1
    outer loop
      vertex 6.421649284660816 14.278308571449347 1.2000000000000002
      vertex 6.819661431014538 14.360697143844195 1.2000000000000002
      vertex 6.531070001423359 14.489075713923999 1.2000000000000002
    endloop
  endfacet
  facet normal 0 0 1
    outer loop
      vertex 6.531070001423359 14.489075713923999 1.2000000000000002
      vertex 6.819661431014538 14.360697143844195 1.2000000000000002
      vertex 6.652261428534985 14.561217145196029 1.2000000000000002
    endloop
  endfacet
  facet normal 0 0 1
    outer loop
      vertex 6.652261428534985 14.561217145196029 1.2000000000000002
      vertex 6.819661431014538 14.360697143844195 1.2000000000000002
      vertex 6.830127142369747 14.909980000129767 1.2000000000000002
    endloop
  endfacet
  facet normal 0 0 1
    outer loop
      vertex 6.652261428534985 14.561217145196029 1.2000000000000002
      vertex 6.830127142369747 14.909980000129767 1.2000000000000002
      vertex 6.716778568923473 14.909980000129767 1.2000000000000002
    endloop
  endfacet
  facet normal 0.9998185331948124 -0.019049952235475506 0
    outer loop
      vertex 6.819661431014538 14.360697143844195 1.2000000000000002
      vertex 6.819661431014538 14.360697143844195 1
      vertex 6.830127142369747 14.909980000129767 1.2000000000000002
    endloop
  endfacet
  facet normal 0 1 0
    outer loop
      vertex 6.716778568923473 14.909980000129767 1.2000000000000002
      vertex 6.830127142369747 14.909980000129767 1.2000000000000002
      vertex 6.830127142369747 14.909980000129767 1
    endloop
  endfacet
  facet normal 1 0 0
    outer loop
      vertex 4.21966428309679 16.48631714390857 1.2000000000000002
      vertex 4.21966428309679 14.425214284232684 1
      vertex 4.21966428309679 16.48631714390857 1
    endloop
  endfacet
  facet normal 1 0 0
    outer loop
      vertex 4.21966428309679 14.425214284232684 1.2000000000000002
      vertex 4.21966428309679 14.425214284232684 1
      vertex 4.21966428309679 16.48631714390857 1.2000000000000002
    endloop
  endfacet
  facet normal 0 0 1
    outer loop
      vertex 3.8848642855882645 14.425214284232684 1.2000000000000002
      vertex 4.21966428309679 14.425214284232684 1.2000000000000002
      vertex 3.8848642855882645 16.48631714390857 1.2000000000000002
    endloop
  endfacet
  facet normal 0 0 1
    outer loop
      vertex 3.8848642855882645 16.48631714390857 1.2000000000000002
      vertex 4.21966428309679 14.425214284232684 1.2000000000000002
      vertex 4.21966428309679 16.48631714390857 1.2000000000000002
    endloop
  endfacet
  facet normal 0.14953416708666864 -0.9887565589535658 0
    outer loop
      vertex 4.519595712423325 16.53167714284999 1.2000000000000002
      vertex 4.21966428309679 16.48631714390857 1
      vertex 4.519595712423325 16.53167714284999 1
    endloop
  endfacet
  facet normal 1 0 0
    outer loop
      vertex 4.519595712423325 16.624094286135264 1.2000000000000002
      vertex 4.519595712423325 16.53167714284999 1
      vertex 4.519595712423325 16.624094286135264 1
    endloop
  endfacet
  facet normal 0.14953416708666864 -0.9887565589535658 0
    outer loop
      vertex 4.21966428309679 16.48631714390857 1.2000000000000002
      vertex 4.21966428309679 16.48631714390857 1
      vertex 4.519595712423325 16.53167714284999 1.2000000000000002
    endloop
  endfacet
  facet normal 0 1 0
    outer loop
      vertex 3.58493285626173 16.624094286135264 1.2000000000000002
      vertex 4.519595712423325 16.624094286135264 1.2000000000000002
      vertex 4.519595712423325 16.624094286135264 1
    endloop
  endfacet
  facet normal 0 0 1
    outer loop
      vertex 3.58493285626173 16.624094286135264 1.2000000000000002
      vertex 4.21966428309679 16.48631714390857 1.2000000000000002
      vertex 4.519595712423325 16.624094286135264 1.2000000000000002
    endloop
  endfacet
  facet normal 1 0 0
    outer loop
      vertex 4.519595712423325 16.53167714284999 1.2000000000000002
      vertex 4.519595712423325 16.53167714284999 1
      vertex 4.519595712423325 16.624094286135264 1.2000000000000002
    endloop
  endfacet
  facet normal 0 0 1
    outer loop
      vertex 4.21966428309679 16.48631714390857 1.2000000000000002
      vertex 4.519595712423325 16.53167714284999 1.2000000000000002
      vertex 4.519595712423325 16.624094286135264 1.2000000000000002
    endloop
  endfacet
  facet normal -0.9874404728606127 -0.15799149520404437 0
    outer loop
      vertex 4.871019996702671 14.931984999350139 1.2000000000000002
      vertex 4.791678570210934 15.42786571489913 1
      vertex 4.871019996702671 14.931984999350139 1
    endloop
  endfacet
  facet normal -0.989794476582136 0.14250226007855293 0
    outer loop
      vertex 4.791678570210934 15.42786571489913 1.2000000000000002
      vertex 4.867966428399086 15.957747140101024 1
      vertex 4.791678570210934 15.42786571489913 1
    endloop
  endfacet
  facet normal -0.8584031581947684 0.5129756504954668 0
    outer loop
      vertex 4.867966428399086 15.957747140101024 1.2000000000000002
      vertex 5.096830002963543 16.34072285251958 1
      vertex 4.867966428399086 15.957747140101024 1
    endloop
  endfacet
  facet normal 0.9928879992581273 0.11905217733915137 0
    outer loop
      vertex 5.156127139925957 15.431362853518554 1.2000000000000002
      vertex 5.2099664285779 14.982346424034663 1
      vertex 5.156127139925957 15.431362853518554 1
    endloop
  endfacet
  facet normal 0.9943155947940299 -0.10647299164292606 0
    outer loop
      vertex 5.207568570971489 15.911757142416068 1.2000000000000002
      vertex 5.156127139925957 15.431362853518554 1
      vertex 5.207568570971489 15.911757142416068 1
    endloop
  endfacet
  facet normal 0.9085786925391041 -0.41771372908240867 0
    outer loop
      vertex 5.361892856657505 16.24743142830474 1.2000000000000002
      vertex 5.207568570971489 15.911757142416068 1
      vertex 5.361892856657505 16.24743142830474 1
    endloop
  endfacet
  facet normal -0.9874404728606127 -0.15799149520404437 0
    outer loop
      vertex 4.871019996702671 14.931984999350139 1.2000000000000002
      vertex 4.791678570210934 15.42786571489913 1.2000000000000002
      vertex 4.791678570210934 15.42786571489913 1
    endloop
  endfacet
  facet normal 0 0 1
    outer loop
      vertex 4.871019996702671 14.931984999350139 1.2000000000000002
      vertex 5.156127139925957 15.431362853518554 1.2000000000000002
      vertex 4.791678570210934 15.42786571489913 1.2000000000000002
    endloop
  endfacet
  facet normal 0 0 1
    outer loop
      vertex 4.791678570210934 15.42786571489913 1.2000000000000002
      vertex 5.156127139925957 15.431362853518554 1.2000000000000002
      vertex 4.867966428399086 15.957747140101024 1.2000000000000002
    endloop
  endfacet
  facet normal 0 0 1
    outer loop
      vertex 4.871019996702671 14.931984999350139 1.2000000000000002
      vertex 5.2099664285779 14.982346424034663 1.2000000000000002
      vertex 5.156127139925957 15.431362853518554 1.2000000000000002
    endloop
  endfacet
  facet normal -0.989794476582136 0.14250226007855293 0
    outer loop
      vertex 4.791678570210934 15.42786571489913 1.2000000000000002
      vertex 4.867966428399086 15.957747140101024 1.2000000000000002
      vertex 4.867966428399086 15.957747140101024 1
    endloop
  endfacet
  facet normal -0.8584031581947684 0.5129756504954668 0
    outer loop
      vertex 4.867966428399086 15.957747140101024 1.2000000000000002
      vertex 5.096830002963543 16.34072285251958 1.2000000000000002
      vertex 5.096830002963543 16.34072285251958 1
    endloop
  endfacet
  facet normal 0 0 1
    outer loop
      vertex 5.156127139925957 15.431362853518554 1.2000000000000002
      vertex 5.207568570971489 15.911757142416068 1.2000000000000002
      vertex 4.867966428399086 15.957747140101024 1.2000000000000002
    endloop
  endfacet
  facet normal 0 0 1
    outer loop
      vertex 4.867966428399086 15.957747140101024 1.2000000000000002
      vertex 5.207568570971489 15.911757142416068 1.2000000000000002
      vertex 5.096830002963543 16.34072285251958 1.2000000000000002
    endloop
  endfacet
  facet normal 0.9928879992581273 0.11905217733915137 0
    outer loop
      vertex 5.156127139925957 15.431362853518554 1.2000000000000002
      vertex 5.2099664285779 14.982346424034663 1.2000000000000002
      vertex 5.2099664285779 14.982346424034663 1
    endloop
  endfacet
  facet normal 0.9943155947940299 -0.10647299164292606 0
    outer loop
      vertex 5.156127139925957 15.431362853518554 1.2000000000000002
      vertex 5.156127139925957 15.431362853518554 1
      vertex 5.207568570971489 15.911757142416068 1.2000000000000002
    endloop
  endfacet
  facet normal 0.9085786925391041 -0.41771372908240867 0
    outer loop
      vertex 5.207568570971489 15.911757142416068 1.2000000000000002
      vertex 5.207568570971489 15.911757142416068 1
      vertex 5.361892856657505 16.24743142830474 1.2000000000000002
    endloop
  endfacet
  facet normal 0 0 1
    outer loop
      vertex 5.096830002963543 16.34072285251958 1.2000000000000002
      vertex 5.207568570971489 15.911757142416068 1.2000000000000002
      vertex 5.361892856657505 16.24743142830474 1.2000000000000002
    endloop
  endfacet
  facet normal -0.5224779191380885 0.8526528156366652 0
    outer loop
      vertex 5.096830002963543 16.34072285251958 1.2000000000000002
      vertex 5.475672140717506 16.57286499547107 1
      vertex 5.096830002963543 16.34072285251958 1
    endloop
  endfacet
  facet normal 0.5955798652683508 -0.8032960998828098 0
    outer loop
      vertex 5.628254286944866 16.444917143455573 1.2000000000000002
      vertex 5.361892856657505 16.24743142830474 1
      vertex 5.628254286944866 16.444917143455573 1
    endloop
  endfacet
  facet normal -0.5224779191380885 0.8526528156366652 0
    outer loop
      vertex 5.096830002963543 16.34072285251958 1.2000000000000002
      vertex 5.475672140717506 16.57286499547107 1.2000000000000002
      vertex 5.475672140717506 16.57286499547107 1
    endloop
  endfacet
  facet normal 0.5955798652683508 -0.8032960998828098 0
    outer loop
      vertex 5.361892856657505 16.24743142830474 1.2000000000000002
      vertex 5.361892856657505 16.24743142830474 1
      vertex 5.628254286944866 16.444917143455573 1.2000000000000002
    endloop
  endfacet
  facet normal 0 0 1
    outer loop
      vertex 5.096830002963543 16.34072285251958 1.2000000000000002
      vertex 5.361892856657505 16.24743142830474 1.2000000000000002
      vertex 5.475672140717506 16.57286499547107 1.2000000000000002
    endloop
  endfacet
  facet normal 0 0 1
    outer loop
      vertex 5.361892856657505 16.24743142830474 1.2000000000000002
      vertex 5.628254286944866 16.444917143455573 1.2000000000000002
      vertex 5.475672140717506 16.57286499547107 1.2000000000000002
    endloop
  endfacet
  facet normal -0.14549851811358314 0.9893584695279821 0
    outer loop
      vertex 5.475672140717506 16.57286499547107 1.2000000000000002
      vertex 6.00184428691864 16.650245712271758 1
      vertex 5.475672140717506 16.57286499547107 1
    endloop
  endfacet
  facet normal 0.16745848023934448 -0.9858791292019164 0
    outer loop
      vertex 6.015807144343853 16.51074571268899 1.2000000000000002
      vertex 5.628254286944866 16.444917143455573 1
      vertex 6.015807144343853 16.51074571268899 1
    endloop
  endfacet
  facet normal -0.06166059478936309 -0.9980971751539135 0
    outer loop
      vertex 6.1816771402955055 16.500498571566173 1.2000000000000002
      vertex 6.015807144343853 16.51074571268899 1
      vertex 6.1816771402955055 16.500498571566173 1
    endloop
  endfacet
  facet normal 0.05873098171286479 0.9982738460898609 0
    outer loop
      vertex 6.00184428691864 16.650245712271758 1.2000000000000002
      vertex 6.379805713891983 16.628009283116885 1
      vertex 6.00184428691864 16.650245712271758 1
    endloop
  endfacet
  facet normal -0.18553934844532988 -0.9826368353458375 0
    outer loop
      vertex 6.3444871455430984 16.469757140747138 1.2000000000000002
      vertex 6.1816771402955055 16.500498571566173 1
      vertex 6.3444871455430984 16.469757140747138 1
    endloop
  endfacet
  facet normal 0.16745848023934448 -0.9858791292019164 0
    outer loop
      vertex 5.628254286944866 16.444917143455573 1.2000000000000002
      vertex 5.628254286944866 16.444917143455573 1
      vertex 6.015807144343853 16.51074571268899 1.2000000000000002
    endloop
  endfacet
  facet normal -0.14549851811358314 0.9893584695279821 0
    outer loop
      vertex 5.475672140717506 16.57286499547107 1.2000000000000002
      vertex 6.00184428691864 16.650245712271758 1.2000000000000002
      vertex 6.00184428691864 16.650245712271758 1
    endloop
  endfacet
  facet normal 0 0 1
    outer loop
      vertex 5.475672140717506 16.57286499547107 1.2000000000000002
      vertex 5.628254286944866 16.444917143455573 1.2000000000000002
      vertex 6.00184428691864 16.650245712271758 1.2000000000000002
    endloop
  endfacet
  facet normal 0 0 1
    outer loop
      vertex 5.628254286944866 16.444917143455573 1.2000000000000002
      vertex 6.015807144343853 16.51074571268899 1.2000000000000002
      vertex 6.00184428691864 16.650245712271758 1.2000000000000002
    endloop
  endfacet
  facet normal -0.06166059478936309 -0.9980971751539135 0
    outer loop
      vertex 6.015807144343853 16.51074571268899 1.2000000000000002
      vertex 6.015807144343853 16.51074571268899 1
      vertex 6.1816771402955055 16.500498571566173 1.2000000000000002
    endloop
  endfacet
  facet normal -0.18553934844532988 -0.9826368353458375 0
    outer loop
      vertex 6.3444871455430984 16.469757140747138 1.2000000000000002
      vertex 6.1816771402955055 16.500498571566173 1.2000000000000002
      vertex 6.1816771402955055 16.500498571566173 1
    endloop
  endfacet
  facet normal 0.05873098171286479 0.9982738460898609 0
    outer loop
      vertex 6.00184428691864 16.650245712271758 1.2000000000000002
      vertex 6.379805713891983 16.628009283116885 1.2000000000000002
      vertex 6.379805713891983 16.628009283116885 1
    endloop
  endfacet
  facet normal 0 0 1
    outer loop
      vertex 6.015807144343853 16.51074571268899 1.2000000000000002
      vertex 6.1816771402955055 16.500498571566173 1.2000000000000002
      vertex 6.00184428691864 16.650245712271758 1.2000000000000002
    endloop
  endfacet
  facet normal 0 0 1
    outer loop
      vertex 6.3444871455430984 16.469757140747138 1.2000000000000002
      vertex 6.379805713891983 16.628009283116885 1.2000000000000002
      vertex 6.1816771402955055 16.500498571566173 1.2000000000000002
    endloop
  endfacet
  facet normal 0 0 1
    outer loop
      vertex 6.00184428691864 16.650245712271758 1.2000000000000002
      vertex 6.1816771402955055 16.500498571566173 1.2000000000000002
      vertex 6.379805713891983 16.628009283116885 1.2000000000000002
    endloop
  endfacet
  facet normal -0.985466864501022 -0.16986776907501983 0
    outer loop
      vertex 6.68016143143177 16.05038285361869 1.2000000000000002
      vertex 6.627858571708202 16.353811429015227 1
      vertex 6.68016143143177 16.05038285361869 1
    endloop
  endfacet
  facet normal 0 -1 0
    outer loop
      vertex 6.795258574187756 16.05038285361869 1.2000000000000002
      vertex 6.68016143143177 16.05038285361869 1
      vertex 6.795258574187756 16.05038285361869 1
    endloop
  endfacet
  facet normal 0 -1 0
    outer loop
      vertex 6.68016143143177 16.05038285361869 1.2000000000000002
      vertex 6.68016143143177 16.05038285361869 1
      vertex 6.795258574187756 16.05038285361869 1.2000000000000002
    endloop
  endfacet
  facet normal 0 0 1
    outer loop
      vertex 6.68016143143177 16.05038285361869 1.2000000000000002
      vertex 6.795258574187756 16.05038285361869 1.2000000000000002
      vertex 6.627858571708202 16.353811429015227 1.2000000000000002
    endloop
  endfacet
  facet normal 0.99979026518222 0.020479883956361022 0
    outer loop
      vertex 6.795258574187756 16.05038285361869 1.2000000000000002
      vertex 6.795258574187756 16.05038285361869 1
      vertex 6.784792855381966 16.561299995652266 1.2000000000000002
    endloop
  endfacet
  facet normal -0.31040102903368627 -0.950605702262946 0
    outer loop
      vertex 6.495982855558395 16.420289286545344 1.2000000000000002
      vertex 6.3444871455430984 16.469757140747138 1
      vertex 6.495982855558395 16.420289286545344 1
    endloop
  endfacet
  facet normal 0.16252936090526454 0.9867037077277688 0
    outer loop
      vertex 6.379805713891983 16.628009283116885 1.2000000000000002
      vertex 6.784792855381966 16.561299995652266 1
      vertex 6.379805713891983 16.628009283116885 1
    endloop
  endfacet
  facet normal -0.4501363690509905 -0.8929598251083811 0
    outer loop
      vertex 6.627858571708202 16.353811429015227 1.2000000000000002
      vertex 6.495982855558395 16.420289286545344 1
      vertex 6.627858571708202 16.353811429015227 1
    endloop
  endfacet
  facet normal 0.99979026518222 0.020479883956361022 0
    outer loop
      vertex 6.784792855381966 16.561299995652266 1.2000000000000002
      vertex 6.795258574187756 16.05038285361869 1
      vertex 6.784792855381966 16.561299995652266 1
    endloop
  endfacet
  facet normal -0.31040102903368627 -0.950605702262946 0
    outer loop
      vertex 6.3444871455430984 16.469757140747138 1.2000000000000002
      vertex 6.3444871455430984 16.469757140747138 1
      vertex 6.495982855558395 16.420289286545344 1.2000000000000002
    endloop
  endfacet
  facet normal -0.4501363690509905 -0.8929598251083811 0
    outer loop
      vertex 6.495982855558395 16.420289286545344 1.2000000000000002
      vertex 6.495982855558395 16.420289286545344 1
      vertex 6.627858571708202 16.353811429015227 1.2000000000000002
    endloop
  endfacet
  facet normal -0.985466864501022 -0.16986776907501983 0
    outer loop
      vertex 6.68016143143177 16.05038285361869 1.2000000000000002
      vertex 6.627858571708202 16.353811429015227 1.2000000000000002
      vertex 6.627858571708202 16.353811429015227 1
    endloop
  endfacet
  facet normal 0.16252936090526454 0.9867037077277688 0
    outer loop
      vertex 6.379805713891983 16.628009283116885 1.2000000000000002
      vertex 6.784792855381966 16.561299995652266 1.2000000000000002
      vertex 6.784792855381966 16.561299995652266 1
    endloop
  endfacet
  facet normal 0 0 1
    outer loop
      vertex 6.3444871455430984 16.469757140747138 1.2000000000000002
      vertex 6.495982855558395 16.420289286545344 1.2000000000000002
      vertex 6.379805713891983 16.628009283116885 1.2000000000000002
    endloop
  endfacet
  facet normal 0 0 1
    outer loop
      vertex 6.495982855558395 16.420289286545344 1.2000000000000002
      vertex 6.784792855381966 16.561299995652266 1.2000000000000002
      vertex 6.379805713891983 16.628009283116885 1.2000000000000002
    endloop
  endfacet
  facet normal 0 0 1
    outer loop
      vertex 6.495982855558395 16.420289286545344 1.2000000000000002
      vertex 6.627858571708202 16.353811429015227 1.2000000000000002
      vertex 6.784792855381966 16.561299995652266 1.2000000000000002
    endloop
  endfacet
  facet normal 0 0 1
    outer loop
      vertex 6.627858571708202 16.353811429015227 1.2000000000000002
      vertex 6.795258574187756 16.05038285361869 1.2000000000000002
      vertex 6.784792855381966 16.561299995652266 1.2000000000000002
    endloop
  endfacet
  facet normal 0 0 -1
    outer loop
      vertex 8.055277854204178 14.426950001290866 0.9
      vertex 8 14.27046684140847 0.9
      vertex 8 14.419661630092103 0.9
    endloop
  endfacet
  facet normal 0 0 -1
    outer loop
      vertex 8.1960828602314 14.295312144926616 0.9
      vertex 8 14.27046684140847 0.9
      vertex 8.055277854204178 14.426950001290866 0.9
    endloop
  endfacet
  facet normal 0 0 -1
    outer loop
      vertex 8.1960828602314 14.295312144926616 0.9
      vertex 8.055277854204178 14.426950001290866 0.9
      vertex 8.22180999815464 14.521102854183741 0.9
    endloop
  endfacet
  facet normal 0 0 -1
    outer loop
      vertex 8.1960828602314 14.295312144926616 0.9
      vertex 8.22180999815464 14.521102854183741 0.9
      vertex 8.457198575139046 14.428711430302688 0.9
    endloop
  endfacet
  facet normal 0 0 -1
    outer loop
      vertex 8.22180999815464 14.521102854183741 0.9
      vertex 8.319897145032883 14.688515716365405 0.9
      vertex 8.457198575139046 14.428711430302688 0.9
    endloop
  endfacet
  facet normal 0 0 -1
    outer loop
      vertex 8.319897145032883 14.688515716365405 0.9
      vertex 8.619372144341469 14.641015001705714 0.9
      vertex 8.457198575139046 14.428711430302688 0.9
    endloop
  endfacet
  facet normal 0 0 -1
    outer loop
      vertex 8.319897145032883 14.688515716365405 0.9
      vertex 8.35259285569191 14.939628572336265 0.9
      vertex 8.619372144341469 14.641015001705714 0.9
    endloop
  endfacet
  facet normal 0 0 -1
    outer loop
      vertex 8.619372144341469 14.641015001705714 0.9
      vertex 8.35259285569191 14.939628572336265 0.9
      vertex 8.673430003225803 14.922194288245269 0.9
    endloop
  endfacet
  facet normal 0 0 -1
    outer loop
      vertex 8.969992853701115 14.285714284649917 0.9
      vertex 8.969992853701115 14.54203428434474 0.9
      vertex 9.198438569903374 14.554248572460242 0.9
    endloop
  endfacet
  facet normal 0 0 -1
    outer loop
      vertex 8.969992853701115 14.54203428434474 0.9
      vertex 9.294327139854431 14.8367457102452 0.9
      vertex 9.198438569903374 14.554248572460242 0.9
    endloop
  endfacet
  facet normal 0 0 -1
    outer loop
      vertex 9.198438569903374 14.554248572460242 0.9
      vertex 9.294327139854431 14.8367457102452 0.9
      vertex 9.368011429905891 14.706393570772239 0.9
    endloop
  endfacet
  facet normal 0 0 -1
    outer loop
      vertex 8.969992853701115 14.285714284649917 0.9
      vertex 9.198438569903374 14.554248572460242 0.9
      vertex 10.401610001921654 14.285714284649917 0.9
    endloop
  endfacet
  facet normal 0 0 -1
    outer loop
      vertex 9.368011429905891 14.706393570772239 0.9
      vertex 9.294327139854431 14.8367457102452 0.9
      vertex 9.527992859482765 14.845462859741279 0.9
    endloop
  endfacet
  facet normal 0 0 -1
    outer loop
      vertex 9.294327139854431 14.8367457102452 0.9
      vertex 9.565053574740887 15.084348567894526 0.9
      vertex 9.527992859482765 14.845462859741279 0.9
    endloop
  endfacet
  facet normal 0 0 -1
    outer loop
      vertex 9.198438569903374 14.554248572460242 0.9
      vertex 10.401610001921654 14.554248572460242 0.9
      vertex 10.401610001921654 14.285714284649917 0.9
    endloop
  endfacet
  facet normal -0.8247198491999481 -0.5655414841862749 0
    outer loop
      vertex 7.553528569638729 11.42857142644269 1.2000000000000002
      vertex 6.752371430397034 12.596885712019034 1
      vertex 7.553528569638729 11.42857142644269 1
    endloop
  endfacet
  facet normal -1 0 0
    outer loop
      vertex 7.545771427452564 11.765699998608657 1.2000000000000002
      vertex 7.545771427452564 12.65112856881959 1
      vertex 7.545771427452564 11.765699998608657 1
    endloop
  endfacet
  facet normal 0 -1 0
    outer loop
      vertex 7.64750000089407 11.42857142644269 1.2000000000000002
      vertex 7.553528569638729 11.42857142644269 1
      vertex 7.64750000089407 11.42857142644269 1
    endloop
  endfacet
  facet normal 1 0 0
    outer loop
      vertex 7.64750000089407 12.65112856881959 1.2000000000000002
      vertex 7.64750000089407 11.42857142644269 1
      vertex 7.64750000089407 12.65112856881959 1
    endloop
  endfacet
  facet normal 0 0 1
    outer loop
      vertex 6.752371430397034 12.596885712019034 1.2000000000000002
      vertex 7.553528569638729 11.42857142644269 1.2000000000000002
      vertex 7.64750000089407 11.42857142644269 1.2000000000000002
    endloop
  endfacet
  facet normal 0.8212128096480882 0.5706220476549192 0
    outer loop
      vertex 6.8773428574204445 12.727671423128673 1.2000000000000002
      vertex 7.545771427452564 11.765699998608657 1.2000000000000002
      vertex 7.545771427452564 11.765699998608657 1
    endloop
  endfacet
  facet normal -1 0 0
    outer loop
      vertex 7.545771427452564 11.765699998608657 1.2000000000000002
      vertex 7.545771427452564 12.65112856881959 1.2000000000000002
      vertex 7.545771427452564 12.65112856881959 1
    endloop
  endfacet
  facet normal 0 0 1
    outer loop
      vertex 6.752371430397034 12.596885712019034 1.2000000000000002
      vertex 7.64750000089407 11.42857142644269 1.2000000000000002
      vertex 7.545771427452564 11.765699998608657 1.2000000000000002
    endloop
  endfacet
  facet normal 0 0 1
    outer loop
      vertex 7.545771427452564 11.765699998608657 1.2000000000000002
      vertex 7.64750000089407 12.65112856881959 1.2000000000000002
      vertex 7.545771427452564 12.65112856881959 1.2000000000000002
    endloop
  endfacet
  facet normal 0 -1 0
    outer loop
      vertex 7.553528569638729 11.42857142644269 1.2000000000000002
      vertex 7.553528569638729 11.42857142644269 1
      vertex 7.64750000089407 11.42857142644269 1.2000000000000002
    endloop
  endfacet
  facet normal 1 0 0
    outer loop
      vertex 7.64750000089407 11.42857142644269 1.2000000000000002
      vertex 7.64750000089407 11.42857142644269 1
      vertex 7.64750000089407 12.65112856881959 1.2000000000000002
    endloop
  endfacet
  facet normal 0 0 1
    outer loop
      vertex 7.545771427452564 11.765699998608657 1.2000000000000002
      vertex 7.64750000089407 11.42857142644269 1.2000000000000002
      vertex 7.64750000089407 12.65112856881959 1.2000000000000002
    endloop
  endfacet
  facet normal 0.12570312436332184 -0.99206790318269 0
    outer loop
      vertex 8.1960828602314 14.295312144926616 0.9
      vertex 8 14.27046684140847 1
      vertex 8 14.27046684140847 0.9
    endloop
  endfacet
  facet normal -0.13071841685807922 0.9914195355620734 0
    outer loop
      vertex 8.055277854204178 14.426950001290866 0.9
      vertex 8 14.419661630092103 0.9
      vertex 8 14.419661630092103 1
    endloop
  endfacet
  facet normal 0.45494919423103725 -0.8905173949275387 0
    outer loop
      vertex 8.1960828602314 14.295312144926616 0.9
      vertex 8.457198575139046 14.428711430302688 0.9
      vertex 8.1960828602314 14.295312144926616 1.2000000000000002
    endloop
  endfacet
  facet normal 0.12570312436332537 -0.9920679031826896 7.0343198907815674e-15
    outer loop
      vertex 8.1960828602314 14.295312144926616 0.9
      vertex 7.845147140324116 14.250845716467925 1.2000000000000002
      vertex 8 14.27046684140847 1
    endloop
  endfacet
  facet normal -0.49216021156220974 0.8705046387900761 0
    outer loop
      vertex 8.055277854204178 14.426950001290866 0.9
      vertex 8.22180999815464 14.521102854183741 1.2000000000000002
      vertex 8.22180999815464 14.521102854183741 0.9
    endloop
  endfacet
  facet normal -0.8628135832829816 0.5055222255276036 0
    outer loop
      vertex 8.22180999815464 14.521102854183741 0.9
      vertex 8.319897145032883 14.688515716365405 1.2000000000000002
      vertex 8.319897145032883 14.688515716365405 0.9
    endloop
  endfacet
  facet normal -0.9916298312896045 0.12911342957473745 0
    outer loop
      vertex 8.319897145032883 14.688515716365405 0.9
      vertex 8.35259285569191 14.939628572336265 1.2000000000000002
      vertex 8.35259285569191 14.939628572336265 0.9
    endloop
  endfacet
  facet normal -0.1307184168580792 0.9914195355620734 0
    outer loop
      vertex 8.055277854204178 14.426950001290866 0.9
      vertex 8 14.419661630092103 1
      vertex 8.055277854204178 14.426950001290866 1.2000000000000002
    endloop
  endfacet
  facet normal 0.7946760091783581 -0.6070338050194225 0
    outer loop
      vertex 8.457198575139046 14.428711430302688 0.9
      vertex 8.619372144341469 14.641015001705714 0.9
      vertex 8.457198575139046 14.428711430302688 1.2000000000000002
    endloop
  endfacet
  facet normal 0.9820162132263026 -0.18879660208984952 0
    outer loop
      vertex 8.619372144341469 14.641015001705714 0.9
      vertex 8.673430003225803 14.922194288245269 0.9
      vertex 8.619372144341469 14.641015001705714 1.2000000000000002
    endloop
  endfacet
  facet normal 0.9871125039606434 0.16002782421987954 0
    outer loop
      vertex 8.673430003225803 14.922194288245269 0.9
      vertex 8.635938569903374 15.153455712965556 0.9
      vertex 8.673430003225803 14.922194288245269 1.2000000000000002
    endloop
  endfacet
  facet normal -1 0 0
    outer loop
      vertex 7.371399998664856 12.676328570715018 1.2000000000000002
      vertex 7.371399998664856 12.727671423128673 1
      vertex 7.371399998664856 12.676328570715018 1
    endloop
  endfacet
  facet normal -0.14303313978089902 -0.9897178996685965 0
    outer loop
      vertex 7.545771427452564 12.65112856881959 1.2000000000000002
      vertex 7.371399998664856 12.676328570715018 1
      vertex 7.545771427452564 12.65112856881959 1
    endloop
  endfacet
  facet normal 0 1 0
    outer loop
      vertex 7.371399998664856 12.727671423128673 1.2000000000000002
      vertex 7.814128570258617 12.727671423128673 1
      vertex 7.371399998664856 12.727671423128673 1
    endloop
  endfacet
  facet normal 0.14953418367303856 -0.9887565564451333 0
    outer loop
      vertex 7.814128570258617 12.676328570715018 1.2000000000000002
      vertex 7.64750000089407 12.65112856881959 1
      vertex 7.814128570258617 12.676328570715018 1
    endloop
  endfacet
  facet normal 1 0 0
    outer loop
      vertex 7.814128570258617 12.727671423128673 1.2000000000000002
      vertex 7.814128570258617 12.676328570715018 1
      vertex 7.814128570258617 12.727671423128673 1
    endloop
  endfacet
  facet normal -1 0 0
    outer loop
      vertex 7.371399998664856 12.676328570715018 1.2000000000000002
      vertex 7.371399998664856 12.727671423128673 1.2000000000000002
      vertex 7.371399998664856 12.727671423128673 1
    endloop
  endfacet
  facet normal -0.14303313978089902 -0.9897178996685965 0
    outer loop
      vertex 7.371399998664856 12.676328570715018 1.2000000000000002
      vertex 7.371399998664856 12.676328570715018 1
      vertex 7.545771427452564 12.65112856881959 1.2000000000000002
    endloop
  endfacet
  facet normal 0 0 1
    outer loop
      vertex 7.371399998664856 12.676328570715018 1.2000000000000002
      vertex 7.545771427452564 12.65112856881959 1.2000000000000002
      vertex 7.371399998664856 12.727671423128673 1.2000000000000002
    endloop
  endfacet
  facet normal 0 0 1
    outer loop
      vertex 7.371399998664856 12.727671423128673 1.2000000000000002
      vertex 7.545771427452564 12.65112856881959 1.2000000000000002
      vertex 7.64750000089407 12.65112856881959 1.2000000000000002
    endloop
  endfacet
  facet normal 0 1 0
    outer loop
      vertex 7.371399998664856 12.727671423128673 1.2000000000000002
      vertex 7.814128570258617 12.727671423128673 1.2000000000000002
      vertex 7.814128570258617 12.727671423128673 1
    endloop
  endfacet
  facet normal 0.14953418367303856 -0.9887565564451333 0
    outer loop
      vertex 7.64750000089407 12.65112856881959 1.2000000000000002
      vertex 7.64750000089407 12.65112856881959 1
      vertex 7.814128570258617 12.676328570715018 1.2000000000000002
    endloop
  endfacet
  facet normal 1 0 0
    outer loop
      vertex 7.814128570258617 12.676328570715018 1.2000000000000002
      vertex 7.814128570258617 12.676328570715018 1
      vertex 7.814128570258617 12.727671423128673 1.2000000000000002
    endloop
  endfacet
  facet normal 0 0 1
    outer loop
      vertex 7.371399998664856 12.727671423128673 1.2000000000000002
      vertex 7.64750000089407 12.65112856881959 1.2000000000000002
      vertex 7.814128570258617 12.727671423128673 1.2000000000000002
    endloop
  endfacet
  facet normal 0 0 1
    outer loop
      vertex 7.64750000089407 12.65112856881959 1.2000000000000002
      vertex 7.814128570258617 12.676328570715018 1.2000000000000002
      vertex 7.814128570258617 12.727671423128673 1.2000000000000002
    endloop
  endfacet
  facet normal -0.18124045651617543 -0.9834388119866982 0
    outer loop
      vertex 7.522561430931091 14.26959142940385 1.2000000000000002
      vertex 7.217409998178482 14.325828568211623 1
      vertex 7.522561430931091 14.26959142940385 1
    endloop
  endfacet
  facet normal -0.9992399536301585 -0.038980957776828785 0
    outer loop
      vertex 7.217409998178482 14.325828568211623 1.2000000000000002
      vertex 7.198227144777775 14.817562856844493 1
      vertex 7.217409998178482 14.325828568211623 1
    endloop
  endfacet
  facet normal 0 1 0
    outer loop
      vertex 7.198227144777775 14.817562856844493 1.2000000000000002
      vertex 7.3132985681295395 14.817562856844493 1
      vertex 7.198227144777775 14.817562856844493 1
    endloop
  endfacet
  facet normal 0.9725214684357436 0.2328132157580082 0
    outer loop
      vertex 7.3132985681295395 14.817562856844493 1.2000000000000002
      vertex 7.391778573393822 14.489731424621173 1
      vertex 7.3132985681295395 14.817562856844493 1
    endloop
  endfacet
  facet normal 0.3989176086935034 0.9169867727913292 0
    outer loop
      vertex 7.391778573393822 14.489731424621173 1.2000000000000002
      vertex 7.473954997956753 14.45398213820798 1
      vertex 7.391778573393822 14.489731424621173 1
    endloop
  endfacet
  facet normal 0.26620028282721936 0.9639177399668026 0
    outer loop
      vertex 7.473954997956753 14.45398213820798 1.2000000000000002
      vertex 7.584455713629723 14.423465714922973 1
      vertex 7.473954997956753 14.45398213820798 1
    endloop
  endfacet
  facet normal -0.058012929455129925 -0.9983158317967488 0
    outer loop
      vertex 7.845147140324116 14.250845716467925 1.2000000000000002
      vertex 7.522561430931091 14.26959142940385 1
      vertex 7.845147140324116 14.250845716467925 1
    endloop
  endfacet
  facet normal 0.12570312436331643 -0.9920679031826907 0
    outer loop
      vertex 7.845147140324116 14.250845716467925 1.2000000000000002
      vertex 7.845147140324116 14.250845716467925 1
      vertex 8 14.27046684140847 1
    endloop
  endfacet
  facet normal 0.17103293413998205 0.9852653122075639 0
    outer loop
      vertex 7.584455713629723 14.423465714922973 1.2000000000000002
      vertex 7.704997859895229 14.402540714613028 1
      vertex 7.584455713629723 14.423465714922973 1
    endloop
  endfacet
  facet normal 0.06201888538549385 0.9980749760692035 0
    outer loop
      vertex 7.704997859895229 14.402540714613028 1.2000000000000002
      vertex 7.817247144877911 14.395565712026187 1
      vertex 7.704997859895229 14.402540714613028 1
    endloop
  endfacet
  facet normal -0.13071841685807112 0.9914195355620745 0
    outer loop
      vertex 7.817247144877911 14.395565712026187 1.2000000000000002
      vertex 8 14.419661630092103 1
      vertex 7.817247144877911 14.395565712026187 1
    endloop
  endfacet
  facet normal -0.18124045651617543 -0.9834388119866982 0
    outer loop
      vertex 7.217409998178482 14.325828568211623 1.2000000000000002
      vertex 7.217409998178482 14.325828568211623 1
      vertex 7.522561430931091 14.26959142940385 1.2000000000000002
    endloop
  endfacet
  facet normal 0 0 1
    outer loop
      vertex 7.217409998178482 14.325828568211623 1.2000000000000002
      vertex 7.522561430931091 14.26959142940385 1.2000000000000002
      vertex 7.473954997956753 14.45398213820798 1.2000000000000002
    endloop
  endfacet
  facet normal -0.9992399536301585 -0.038980957776828785 0
    outer loop
      vertex 7.217409998178482 14.325828568211623 1.2000000000000002
      vertex 7.198227144777775 14.817562856844493 1.2000000000000002
      vertex 7.198227144777775 14.817562856844493 1
    endloop
  endfacet
  facet normal 0.9725214684357436 0.2328132157580082 0
    outer loop
      vertex 7.3132985681295395 14.817562856844493 1.2000000000000002
      vertex 7.391778573393822 14.489731424621173 1.2000000000000002
      vertex 7.391778573393822 14.489731424621173 1
    endloop
  endfacet
  facet normal 0 1 0
    outer loop
      vertex 7.198227144777775 14.817562856844493 1.2000000000000002
      vertex 7.3132985681295395 14.817562856844493 1.2000000000000002
      vertex 7.3132985681295395 14.817562856844493 1
    endloop
  endfacet
  facet normal 0.3989176086935034 0.9169867727913292 0
    outer loop
      vertex 7.391778573393822 14.489731424621173 1.2000000000000002
      vertex 7.473954997956753 14.45398213820798 1.2000000000000002
      vertex 7.473954997956753 14.45398213820798 1
    endloop
  endfacet
  facet normal 0.26620028282721936 0.9639177399668026 0
    outer loop
      vertex 7.473954997956753 14.45398213820798 1.2000000000000002
      vertex 7.584455713629723 14.423465714922973 1.2000000000000002
      vertex 7.584455713629723 14.423465714922973 1
    endloop
  endfacet
  facet normal 0 0 1
    outer loop
      vertex 7.217409998178482 14.325828568211623 1.2000000000000002
      vertex 7.391778573393822 14.489731424621173 1.2000000000000002
      vertex 7.198227144777775 14.817562856844493 1.2000000000000002
    endloop
  endfacet
  facet normal 0 0 1
    outer loop
      vertex 7.217409998178482 14.325828568211623 1.2000000000000002
      vertex 7.473954997956753 14.45398213820798 1.2000000000000002
      vertex 7.391778573393822 14.489731424621173 1.2000000000000002
    endloop
  endfacet
  facet normal 0 0 1
    outer loop
      vertex 7.198227144777775 14.817562856844493 1.2000000000000002
      vertex 7.391778573393822 14.489731424621173 1.2000000000000002
      vertex 7.3132985681295395 14.817562856844493 1.2000000000000002
    endloop
  endfacet
  facet normal 0 0 1
    outer loop
      vertex 7.522561430931091 14.26959142940385 1.2000000000000002
      vertex 7.584455713629723 14.423465714922973 1.2000000000000002
      vertex 7.473954997956753 14.45398213820798 1.2000000000000002
    endloop
  endfacet
  facet normal -0.058012929455129925 -0.9983158317967488 0
    outer loop
      vertex 7.522561430931091 14.26959142940385 1.2000000000000002
      vertex 7.522561430931091 14.26959142940385 1
      vertex 7.845147140324116 14.250845716467925 1.2000000000000002
    endloop
  endfacet
  facet normal 0 0 1
    outer loop
      vertex 7.522561430931091 14.26959142940385 1.2000000000000002
      vertex 7.704997859895229 14.402540714613028 1.2000000000000002
      vertex 7.584455713629723 14.423465714922973 1.2000000000000002
    endloop
  endfacet
  facet normal 0 0 1
    outer loop
      vertex 7.522561430931091 14.26959142940385 1.2000000000000002
      vertex 7.845147140324116 14.250845716467925 1.2000000000000002
      vertex 7.704997859895229 14.402540714613028 1.2000000000000002
    endloop
  endfacet
  facet normal 0 0 1
    outer loop
      vertex 7.845147140324116 14.250845716467925 1.2000000000000002
      vertex 7.817247144877911 14.395565712026187 1.2000000000000002
      vertex 7.704997859895229 14.402540714613028 1.2000000000000002
    endloop
  endfacet
  facet normal 0 0 1
    outer loop
      vertex 7.845147140324116 14.250845716467925 1.2000000000000002
      vertex 8.055277854204178 14.426950001290866 1.2000000000000002
      vertex 7.817247144877911 14.395565712026187 1.2000000000000002
    endloop
  endfacet
  facet normal 0.17103293413998205 0.9852653122075639 0
    outer loop
      vertex 7.584455713629723 14.423465714922973 1.2000000000000002
      vertex 7.704997859895229 14.402540714613028 1.2000000000000002
      vertex 7.704997859895229 14.402540714613028 1
    endloop
  endfacet
  facet normal 0.06201888538549385 0.9980749760692035 0
    outer loop
      vertex 7.817247144877911 14.395565712026187 1.2000000000000002
      vertex 7.817247144877911 14.395565712026187 1
      vertex 7.704997859895229 14.402540714613028 1.2000000000000002
    endloop
  endfacet
  facet normal -0.130718416858073 0.9914195355620743 -1.7521306235201502e-15
    outer loop
      vertex 7.817247144877911 14.395565712026187 1.2000000000000002
      vertex 8.055277854204178 14.426950001290866 1.2000000000000002
      vertex 8 14.419661630092103 1
    endloop
  endfacet
  facet normal 0.12570312436331946 -0.9920679031826903 0
    outer loop
      vertex 8.1960828602314 14.295312144926616 0.9
      vertex 8.1960828602314 14.295312144926616 1.2000000000000002
      vertex 7.845147140324116 14.250845716467925 1.2000000000000002
    endloop
  endfacet
  facet normal -0.49216021156220974 0.8705046387900761 0
    outer loop
      vertex 8.055277854204178 14.426950001290866 0.9
      vertex 8.055277854204178 14.426950001290866 1.2000000000000002
      vertex 8.22180999815464 14.521102854183741 1.2000000000000002
    endloop
  endfacet
  facet normal -0.8628135832829816 0.5055222255276036 0
    outer loop
      vertex 8.22180999815464 14.521102854183741 0.9
      vertex 8.22180999815464 14.521102854183741 1.2000000000000002
      vertex 8.319897145032883 14.688515716365405 1.2000000000000002
    endloop
  endfacet
  facet normal 0.45494919423103725 -0.8905173949275387 0
    outer loop
      vertex 8.457198575139046 14.428711430302688 0.9
      vertex 8.457198575139046 14.428711430302688 1.2000000000000002
      vertex 8.1960828602314 14.295312144926616 1.2000000000000002
    endloop
  endfacet
  facet normal -0.9916298312896045 0.12911342957473745 0
    outer loop
      vertex 8.319897145032883 14.688515716365405 0.9
      vertex 8.319897145032883 14.688515716365405 1.2000000000000002
      vertex 8.35259285569191 14.939628572336265 1.2000000000000002
    endloop
  endfacet
  facet normal 0.7946760091783581 -0.6070338050194225 0
    outer loop
      vertex 8.619372144341469 14.641015001705714 0.9
      vertex 8.619372144341469 14.641015001705714 1.2000000000000002
      vertex 8.457198575139046 14.428711430302688 1.2000000000000002
    endloop
  endfacet
  facet normal 0.9820162132263026 -0.18879660208984952 0
    outer loop
      vertex 8.673430003225803 14.922194288245269 0.9
      vertex 8.673430003225803 14.922194288245269 1.2000000000000002
      vertex 8.619372144341469 14.641015001705714 1.2000000000000002
    endloop
  endfacet
  facet normal 0 0 1
    outer loop
      vertex 7.845147140324116 14.250845716467925 1.2000000000000002
      vertex 8.1960828602314 14.295312144926616 1.2000000000000002
      vertex 8.055277854204178 14.426950001290866 1.2000000000000002
    endloop
  endfacet
  facet normal 0 0 1
    outer loop
      vertex 8.1960828602314 14.295312144926616 1.2000000000000002
      vertex 8.22180999815464 14.521102854183741 1.2000000000000002
      vertex 8.055277854204178 14.426950001290866 1.2000000000000002
    endloop
  endfacet
  facet normal 0 0 1
    outer loop
      vertex 8.1960828602314 14.295312144926616 1.2000000000000002
      vertex 8.457198575139046 14.428711430302688 1.2000000000000002
      vertex 8.22180999815464 14.521102854183741 1.2000000000000002
    endloop
  endfacet
  facet normal 0 0 1
    outer loop
      vertex 8.22180999815464 14.521102854183741 1.2000000000000002
      vertex 8.457198575139046 14.428711430302688 1.2000000000000002
      vertex 8.319897145032883 14.688515716365405 1.2000000000000002
    endloop
  endfacet
  facet normal 0 0 1
    outer loop
      vertex 8.319897145032883 14.688515716365405 1.2000000000000002
      vertex 8.457198575139046 14.428711430302688 1.2000000000000002
      vertex 8.619372144341469 14.641015001705714 1.2000000000000002
    endloop
  endfacet
  facet normal 0 0 1
    outer loop
      vertex 8.319897145032883 14.688515716365405 1.2000000000000002
      vertex 8.619372144341469 14.641015001705714 1.2000000000000002
      vertex 8.35259285569191 14.939628572336265 1.2000000000000002
    endloop
  endfacet
  facet normal 0 0 1
    outer loop
      vertex 8.619372144341469 14.641015001705714 1.2000000000000002
      vertex 8.673430003225803 14.922194288245269 1.2000000000000002
      vertex 8.35259285569191 14.939628572336265 1.2000000000000002
    endloop
  endfacet
  facet normal -1 0 0
    outer loop
      vertex 8.969992853701115 14.285714284649917 0.9
      vertex 8.969992853701115 14.54203428434474 1.2000000000000002
      vertex 8.969992853701115 14.54203428434474 0.9
    endloop
  endfacet
  facet normal -0.672500457152295 0.7400967066066124 0
    outer loop
      vertex 8.969992853701115 14.54203428434474 0.9
      vertex 9.294327139854431 14.8367457102452 1.2000000000000002
      vertex 9.294327139854431 14.8367457102452 0.9
    endloop
  endfacet
  facet normal 0 -1 0
    outer loop
      vertex 8.969992853701115 14.285714284649917 0.9
      vertex 10.401610001921654 14.285714284649917 0.9
      vertex 8.969992853701115 14.285714284649917 1.2000000000000002
    endloop
  endfacet
  facet normal 0.6678227624098886 -0.7443203329261036 0
    outer loop
      vertex 9.198438569903374 14.554248572460242 0.9
      vertex 9.368011429905891 14.706393570772239 0.9
      vertex 9.198438569903374 14.554248572460242 1.2000000000000002
    endloop
  endfacet
  facet normal 0.6560578304209634 -0.7547106221217098 0
    outer loop
      vertex 9.368011429905891 14.706393570772239 0.9
      vertex 9.527992859482765 14.845462859741279 0.9
      vertex 9.368011429905891 14.706393570772239 1.2000000000000002
    endloop
  endfacet
  facet normal 0.6613274755614761 -0.7500973070658802 0
    outer loop
      vertex 9.527992859482765 14.845462859741279 0.9
      vertex 9.839251428842545 15.119885713926383 0.9
      vertex 9.527992859482765 14.845462859741279 1.2000000000000002
    endloop
  endfacet
  facet normal 0 1 0
    outer loop
      vertex 9.198438569903374 14.554248572460242 0.9
      vertex 10.401610001921654 14.554248572460242 1.2000000000000002
      vertex 10.401610001921654 14.554248572460242 0.9
    endloop
  endfacet
  facet normal 1 0 0
    outer loop
      vertex 10.401610001921654 14.285714284649917 0.9
      vertex 10.401610001921654 14.554248572460242 0.9
      vertex 10.401610001921654 14.285714284649917 1.2000000000000002
    endloop
  endfacet
  facet normal -1 0 0
    outer loop
      vertex 8.969992853701115 14.285714284649917 0.9
      vertex 8.969992853701115 14.285714284649917 1.2000000000000002
      vertex 8.969992853701115 14.54203428434474 1.2000000000000002
    endloop
  endfacet
  facet normal -0.672500457152295 0.7400967066066124 0
    outer loop
      vertex 8.969992853701115 14.54203428434474 0.9
      vertex 8.969992853701115 14.54203428434474 1.2000000000000002
      vertex 9.294327139854431 14.8367457102452 1.2000000000000002
    endloop
  endfacet
  facet normal 0.6678227624098886 -0.7443203329261036 0
    outer loop
      vertex 9.368011429905891 14.706393570772239 0.9
      vertex 9.368011429905891 14.706393570772239 1.2000000000000002
      vertex 9.198438569903374 14.554248572460242 1.2000000000000002
    endloop
  endfacet
  facet normal -0.6748902573843251 0.7379181123185142 0
    outer loop
      vertex 9.294327139854431 14.8367457102452 0.9
      vertex 9.294327139854431 14.8367457102452 1.2000000000000002
      vertex 9.565053574740887 15.084348567894526 1.2000000000000002
    endloop
  endfacet
  facet normal 0.6560578304209634 -0.7547106221217098 0
    outer loop
      vertex 9.527992859482765 14.845462859741279 0.9
      vertex 9.527992859482765 14.845462859741279 1.2000000000000002
      vertex 9.368011429905891 14.706393570772239 1.2000000000000002
    endloop
  endfacet
  facet normal 0 0 1
    outer loop
      vertex 8.969992853701115 14.285714284649917 1.2000000000000002
      vertex 9.198438569903374 14.554248572460242 1.2000000000000002
      vertex 8.969992853701115 14.54203428434474 1.2000000000000002
    endloop
  endfacet
  facet normal 0 0 1
    outer loop
      vertex 8.969992853701115 14.54203428434474 1.2000000000000002
      vertex 9.198438569903374 14.554248572460242 1.2000000000000002
      vertex 9.294327139854431 14.8367457102452 1.2000000000000002
    endloop
  endfacet
  facet normal 0 0 1
    outer loop
      vertex 9.198438569903374 14.554248572460242 1.2000000000000002
      vertex 9.368011429905891 14.706393570772239 1.2000000000000002
      vertex 9.294327139854431 14.8367457102452 1.2000000000000002
    endloop
  endfacet
  facet normal 0 0 1
    outer loop
      vertex 8.969992853701115 14.285714284649917 1.2000000000000002
      vertex 10.401610001921654 14.285714284649917 1.2000000000000002
      vertex 9.198438569903374 14.554248572460242 1.2000000000000002
    endloop
  endfacet
  facet normal 0 0 1
    outer loop
      vertex 9.368011429905891 14.706393570772239 1.2000000000000002
      vertex 9.527992859482765 14.845462859741279 1.2000000000000002
      vertex 9.294327139854431 14.8367457102452 1.2000000000000002
    endloop
  endfacet
  facet normal 0 0 1
    outer loop
      vertex 9.294327139854431 14.8367457102452 1.2000000000000002
      vertex 9.527992859482765 14.845462859741279 1.2000000000000002
      vertex 9.565053574740887 15.084348567894526 1.2000000000000002
    endloop
  endfacet
  facet normal 0 -1 0
    outer loop
      vertex 10.401610001921654 14.285714284649917 0.9
      vertex 10.401610001921654 14.285714284649917 1.2000000000000002
      vertex 8.969992853701115 14.285714284649917 1.2000000000000002
    endloop
  endfacet
  facet normal 0 1 0
    outer loop
      vertex 9.198438569903374 14.554248572460242 0.9
      vertex 9.198438569903374 14.554248572460242 1.2000000000000002
      vertex 10.401610001921654 14.554248572460242 1.2000000000000002
    endloop
  endfacet
  facet normal 1 0 0
    outer loop
      vertex 10.401610001921654 14.554248572460242 0.9
      vertex 10.401610001921654 14.554248572460242 1.2000000000000002
      vertex 10.401610001921654 14.285714284649917 1.2000000000000002
    endloop
  endfacet
  facet normal 0 0 1
    outer loop
      vertex 9.198438569903374 14.554248572460242 1.2000000000000002
      vertex 10.401610001921654 14.285714284649917 1.2000000000000002
      vertex 10.401610001921654 14.554248572460242 1.2000000000000002
    endloop
  endfacet
  facet normal 0 0 -1
    outer loop
      vertex 8.078806430101395 15.381875709763595 0.9
      vertex 8 15.395872931984933 0.9
      vertex 8.056132860481739 15.509817139378615 0.9
    endloop
  endfacet
  facet normal 0 0 -1
    outer loop
      vertex 8.056132860481739 15.509817139378615 0.9
      vertex 8 15.395872931984933 0.9
      vertex 8.030418574810028 15.629266427031585 0.9
    endloop
  endfacet
  facet normal 0 0 -1
    outer loop
      vertex 8.030418574810028 15.629266427031585 0.9
      vertex 8 15.395872931984933 0.9
      vertex 8 15.622918570071805 0.9
    endloop
  endfacet
  facet normal 0 0 -1
    outer loop
      vertex 8.078806430101395 15.381875709763595 0.9
      vertex 8.056132860481739 15.509817139378615 0.9
      vertex 8.33164857327938 15.4459557096873 0.9
    endloop
  endfacet
  facet normal 0 0 -1
    outer loop
      vertex 8.056132860481739 15.509817139378615 0.9
      vertex 8.030418574810028 15.629266427031585 0.9
      vertex 8.272576428949833 15.571949281862803 0.9
    endloop
  endfacet
  facet normal 0 0 -1
    outer loop
      vertex 8.23224999755621 15.289239996245929 0.9
      vertex 8.523464284837246 15.327605710497924 0.9
      vertex 8.32250714302063 15.1421157132302 0.9
    endloop
  endfacet
  facet normal 0 0 -1
    outer loop
      vertex 8.23224999755621 15.289239996245929 0.9
      vertex 8.078806430101395 15.381875709763595 0.9
      vertex 8.33164857327938 15.4459557096873 0.9
    endloop
  endfacet
  facet normal 0 0 -1
    outer loop
      vertex 8.23224999755621 15.289239996245929 0.9
      vertex 8.33164857327938 15.4459557096873 0.9
      vertex 8.523464284837246 15.327605710497924 0.9
    endloop
  endfacet
  facet normal 0 0 -1
    outer loop
      vertex 8.030418574810028 15.629266427031585 0.9
      vertex 8.150298573076725 15.715582856110164 0.9
      vertex 8.272576428949833 15.571949281862803 0.9
    endloop
  endfacet
  facet normal 0 0 -1
    outer loop
      vertex 8.150298573076725 15.715582856110164 0.9
      vertex 8.433644287288189 15.688557141593524 0.9
      vertex 8.272576428949833 15.571949281862803 0.9
    endloop
  endfacet
  facet normal 0 0 -1
    outer loop
      vertex 8.150298573076725 15.715582856110164 0.9
      vertex 8.220922857522964 15.855957144073077 0.9
      vertex 8.433644287288189 15.688557141593524 0.9
    endloop
  endfacet
  facet normal 0 0 -1
    outer loop
      vertex 8.220922857522964 15.855957144073077 0.9
      vertex 8.244464285671711 16.053879999688693 0.9
      vertex 8.533698573708534 15.857056425086089 0.9
    endloop
  endfacet
  facet normal 0 0 -1
    outer loop
      vertex 8.244464285671711 16.053879999688693 0.9
      vertex 8.218962140381336 16.25724785881383 0.9
      vertex 8.567050002515316 16.074811429849692 0.9
    endloop
  endfacet
  facet normal 0 0 -1
    outer loop
      vertex 8.35259285569191 14.939628572336265 0.9
      vertex 8.32250714302063 15.1421157132302 0.9
      vertex 8.635938569903374 15.153455712965556 0.9
    endloop
  endfacet
  facet normal 0 0 -1
    outer loop
      vertex 8.35259285569191 14.939628572336265 0.9
      vertex 8.635938569903374 15.153455712965556 0.9
      vertex 8.673430003225803 14.922194288245269 0.9
    endloop
  endfacet
  facet normal 0 0 -1
    outer loop
      vertex 8.32250714302063 15.1421157132302 0.9
      vertex 8.523464284837246 15.327605710497924 0.9
      vertex 8.635938569903374 15.153455712965556 0.9
    endloop
  endfacet
  facet normal 0 0 -1
    outer loop
      vertex 8.433644287288189 15.688557141593524 0.9
      vertex 8.220922857522964 15.855957144073077 0.9
      vertex 8.533698573708534 15.857056425086089 0.9
    endloop
  endfacet
  facet normal 0 0 -1
    outer loop
      vertex 8.244464285671711 16.053879999688693 0.9
      vertex 8.567050002515316 16.074811429849692 0.9
      vertex 8.533698573708534 15.857056425086089 0.9
    endloop
  endfacet
  facet normal 0 0 -1
    outer loop
      vertex 8.010149285197258 16.47696357326848 0.9
      vertex 8 16.478374332812095 0.9
      vertex 8 16.603494643305936 0.9
    endloop
  endfacet
  facet normal 0 0 -1
    outer loop
      vertex 8.010149285197258 16.47696357326848 0.9
      vertex 8 16.603494643305936 0.9
      vertex 8.379599288105965 16.506387145391532 0.9
    endloop
  endfacet
  facet normal 0 0 -1
    outer loop
      vertex 8.010149285197258 16.47696357326848 0.9
      vertex 8.379599288105965 16.506387145391532 0.9
      vertex 8.142455711960793 16.39652285831315 0.9
    endloop
  endfacet
  facet normal 0 0 -1
    outer loop
      vertex 8.142455711960793 16.39652285831315 0.9
      vertex 8.379599288105965 16.506387145391532 0.9
      vertex 8.218962140381336 16.25724785881383 0.9
    endloop
  endfacet
  facet normal 0 0 -1
    outer loop
      vertex 8.218962140381336 16.25724785881383 0.9
      vertex 8.379599288105965 16.506387145391532 0.9
      vertex 8.567050002515316 16.074811429849692 0.9
    endloop
  endfacet
  facet normal 0 0 -1
    outer loop
      vertex 9.048472858965397 16.125365712812968 0.9
      vertex 9.224590003490448 16.41133428471429 0.9
      vertex 9.163544282317162 16.125365712812968 0.9
    endloop
  endfacet
  facet normal 0 0 -1
    outer loop
      vertex 9.048472858965397 16.125365712812968 0.9
      vertex 9.048472858965397 16.57526285307748 0.9
      vertex 9.224590003490448 16.41133428471429 0.9
    endloop
  endfacet
  facet normal 0 0 -1
    outer loop
      vertex 9.048472858965397 16.57526285307748 0.9
      vertex 9.305236428976059 16.449050710669585 0.9
      vertex 9.224590003490448 16.41133428471429 0.9
    endloop
  endfacet
  facet normal 0 0 -1
    outer loop
      vertex 9.048472858965397 16.57526285307748 0.9
      vertex 9.341859996318817 16.631499999335833 0.9
      vertex 9.305236428976059 16.449050710669585 0.9
    endloop
  endfacet
  facet normal 0 0 -1
    outer loop
      vertex 9.305236428976059 16.449050710669585 0.9
      vertex 9.341859996318817 16.631499999335833 0.9
      vertex 9.397210001945496 16.478474282792636 0.9
    endloop
  endfacet
  facet normal 0 0 -1
    outer loop
      vertex 9.341859996318817 16.631499999335833 0.9
      vertex 9.493561431765556 16.497451425663062 0.9
      vertex 9.397210001945496 16.478474282792636 0.9
    endloop
  endfacet
  facet normal 0 0 -1
    outer loop
      vertex 9.493561431765556 16.497451425663062 0.9
      vertex 9.587289996445179 16.650245712271758 0.9
      vertex 9.587289996445179 16.503777139953204 0.9
    endloop
  endfacet
  facet normal 0 0 -1
    outer loop
      vertex 9.341859996318817 16.631499999335833 0.9
      vertex 9.587289996445179 16.650245712271758 0.9
      vertex 9.493561431765556 16.497451425663062 0.9
    endloop
  endfacet
  facet normal 0 0 -1
    outer loop
      vertex 9.527992859482765 14.845462859741279 0.9
      vertex 9.565053574740887 15.084348567894526 0.9
      vertex 9.839251428842545 15.119885713926383 0.9
    endloop
  endfacet
  facet normal 0 0 -1
    outer loop
      vertex 9.565053574740887 15.084348567894526 0.9
      vertex 9.75294142961502 15.279648573270865 0.9
      vertex 9.839251428842545 15.119885713926383 0.9
    endloop
  endfacet
  facet normal 0 0 -1
    outer loop
      vertex 9.75294142961502 15.279648573270865 0.9
      vertex 10.04762714356184 15.325857141188212 0.9
      vertex 9.839251428842545 15.119885713926383 0.9
    endloop
  endfacet
  facet normal 0 0 -1
    outer loop
      vertex 9.75294142961502 15.279648573270865 0.9
      vertex 9.878703571856022 15.451407143047877 0.9
      vertex 10.04762714356184 15.325857141188212 0.9
    endloop
  endfacet
  facet normal 0 0 -1
    outer loop
      vertex 9.878703571856022 15.451407143047877 0.9
      vertex 10.184292145073414 15.498059281281062 0.9
      vertex 10.04762714356184 15.325857141188212 0.9
    endloop
  endfacet
  facet normal 0 0 -1
    outer loop
      vertex 9.878703571856022 15.451407143047877 0.9
      vertex 9.963052853941917 15.628385716250964 0.9
      vertex 10.184292145073414 15.498059281281062 0.9
    endloop
  endfacet
  facet normal 0 0 -1
    outer loop
      vertex 9.963052853941917 15.628385716250964 0.9
      vertex 10.280418574810028 15.671122857502528 0.9
      vertex 10.184292145073414 15.498059281281062 0.9
    endloop
  endfacet
  facet normal 0 0 -1
    outer loop
      vertex 9.963052853941917 15.628385716250964 0.9
      vertex 10.010804288089275 15.821075716188975 0.9
      vertex 10.280418574810028 15.671122857502528 0.9
    endloop
  endfacet
  facet normal 0 0 -1
    outer loop
      vertex 10.010804288089275 15.821075716188975 0.9
      vertex 10.02672142535448 16.03991714226348 0.9
      vertex 10.337311431765556 15.850068570247718 0.9
    endloop
  endfacet
  facet normal 0 0 -1
    outer loop
      vertex 10.02672142535448 16.03991714226348 0.9
      vertex 10.001000717282295 16.239582144788333 0.9
      vertex 10.308106429874897 16.298217141202517 0.9
    endloop
  endfacet
  facet normal 0 0 -1
    outer loop
      vertex 10.280418574810028 15.671122857502528 0.9
      vertex 10.010804288089275 15.821075716188975 0.9
      vertex 10.337311431765556 15.850068570247718 0.9
    endloop
  endfacet
  facet normal 0 0 -1
    outer loop
      vertex 10.02672142535448 16.03991714226348 0.9
      vertex 10.356275714933872 16.03991714226348 0.9
      vertex 10.337311431765556 15.850068570247718 0.9
    endloop
  endfacet
  facet normal 0 0 -1
    outer loop
      vertex 10.02672142535448 16.03991714226348 0.9
      vertex 10.308106429874897 16.298217141202517 0.9
      vertex 10.356275714933872 16.03991714226348 0.9
    endloop
  endfacet
  facet normal 0 0 -1
    outer loop
      vertex 9.587289996445179 16.503777139953204 0.9
      vertex 9.587289996445179 16.650245712271758 0.9
      vertex 9.788259997963905 16.474128567746707 0.9
    endloop
  endfacet
  facet normal 0 0 -1
    outer loop
      vertex 9.587289996445179 16.650245712271758 0.9
      vertex 9.923182860016823 16.610356428793498 0.9
      vertex 9.788259997963905 16.474128567746707 0.9
    endloop
  endfacet
  facet normal 0 0 -1
    outer loop
      vertex 9.788259997963905 16.474128567746707 0.9
      vertex 9.923182860016823 16.610356428793498 0.9
      vertex 9.923838570713997 16.385182858577796 0.9
    endloop
  endfacet
  facet normal 0 0 -1
    outer loop
      vertex 9.923838570713997 16.385182858577796 0.9
      vertex 10.163598574697971 16.490688570908137 0.9
      vertex 10.001000717282295 16.239582144788333 0.9
    endloop
  endfacet
  facet normal 0 0 -1
    outer loop
      vertex 9.923838570713997 16.385182858577796 0.9
      vertex 9.923182860016823 16.610356428793498 0.9
      vertex 10.163598574697971 16.490688570908137 0.9
    endloop
  endfacet
  facet normal 0 0 -1
    outer loop
      vertex 10.001000717282295 16.239582144788333 0.9
      vertex 10.163598574697971 16.490688570908137 0.9
      vertex 10.308106429874897 16.298217141202517 0.9
    endloop
  endfacet
  facet normal -0.174878192959979 -0.984590075933661 8.758088669299705e-14
    outer loop
      vertex 8.078806430101395 15.381875709763595 0.9
      vertex 7.859109997749329 15.420897142163344 1.2000000000000002
      vertex 8 15.395872931984933 1
    endloop
  endfacet
  facet normal -0.17487819296008666 -0.9845900759336419 0
    outer loop
      vertex 8.078806430101395 15.381875709763595 0.9
      vertex 8 15.395872931984933 1
      vertex 8 15.395872931984933 0.9
    endloop
  endfacet
  facet normal -0.2042828371542995 0.9789119073972845 0
    outer loop
      vertex 8.030418574810028 15.629266427031585 0.9
      vertex 8 15.622918570071805 0.9
      vertex 8 15.622918570071805 1
    endloop
  endfacet
  facet normal -0.5168304225679579 -0.8560877959112757 0
    outer loop
      vertex 8.23224999755621 15.289239996245929 0.9
      vertex 8.078806430101395 15.381875709763595 1.2000000000000002
      vertex 8.078806430101395 15.381875709763595 0.9
    endloop
  endfacet
  facet normal 0.2759161619833414 -0.9611817057957266 0
    outer loop
      vertex 8.056132860481739 15.509817139378615 0.9
      vertex 8.272576428949833 15.571949281862803 0.9
      vertex 8.056132860481739 15.509817139378615 1.2000000000000002
    endloop
  endfacet
  facet normal -0.8523838407619099 -0.52291661668757 0
    outer loop
      vertex 8.23224999755621 15.289239996245929 0.9
      vertex 8.32250714302063 15.1421157132302 0.9
      vertex 8.23224999755621 15.289239996245929 1.2000000000000002
    endloop
  endfacet
  facet normal -0.9891413267555202 -0.14696746478159375 0
    outer loop
      vertex 8.35259285569191 14.939628572336265 0.9
      vertex 8.32250714302063 15.1421157132302 1.2000000000000002
      vertex 8.32250714302063 15.1421157132302 0.9
    endloop
  endfacet
  facet normal 0.22580232869454037 0.9741731408513186 0
    outer loop
      vertex 8.056132860481739 15.509817139378615 0.9
      vertex 8.33164857327938 15.4459557096873 1.2000000000000002
      vertex 8.33164857327938 15.4459557096873 0.9
    endloop
  endfacet
  facet normal 0.5864191310410648 -0.8100077794373598 0
    outer loop
      vertex 8.272576428949833 15.571949281862803 0.9
      vertex 8.433644287288189 15.688557141593524 0.9
      vertex 8.272576428949833 15.571949281862803 1.2000000000000002
    endloop
  endfacet
  facet normal -0.5843173442143468 0.8115252560766624 0
    outer loop
      vertex 8.030418574810028 15.629266427031585 0.9
      vertex 8.150298573076725 15.715582856110164 1.2000000000000002
      vertex 8.150298573076725 15.715582856110164 0.9
    endloop
  endfacet
  facet normal -0.8933116752504671 0.4494377052064104 0
    outer loop
      vertex 8.150298573076725 15.715582856110164 0.9
      vertex 8.220922857522964 15.855957144073077 1.2000000000000002
      vertex 8.220922857522964 15.855957144073077 0.9
    endloop
  endfacet
  facet normal -0.9930005283224906 0.1181099096234282 0
    outer loop
      vertex 8.220922857522964 15.855957144073077 0.9
      vertex 8.244464285671711 16.053879999688693 1.2000000000000002
      vertex 8.244464285671711 16.053879999688693 0.9
    endloop
  endfacet
  facet normal -0.992229062547676 -0.12442462551987139 0
    outer loop
      vertex 8.244464285671711 16.053879999688693 0.9
      vertex 8.218962140381336 16.25724785881383 1.2000000000000002
      vertex 8.218962140381336 16.25724785881383 0.9
    endloop
  endfacet
  facet normal -0.2042828371542995 0.9789119073972846 0
    outer loop
      vertex 8.030418574810028 15.629266427031585 0.9
      vertex 8 15.622918570071805 1
      vertex 8.030418574810028 15.629266427031585 1.2000000000000002
    endloop
  endfacet
  facet normal 0.525093265072637 0.8510446891764014 0
    outer loop
      vertex 8.33164857327938 15.4459557096873 0.9
      vertex 8.523464284837246 15.327605710497924 1.2000000000000002
      vertex 8.523464284837246 15.327605710497924 0.9
    endloop
  endfacet
  facet normal 0.8400340761010184 0.5425336404215949 0
    outer loop
      vertex 8.635938569903374 15.153455712965556 0.9
      vertex 8.523464284837246 15.327605710497924 0.9
      vertex 8.635938569903374 15.153455712965556 1.2000000000000002
    endloop
  endfacet
  facet normal 0.8598371878276773 -0.5105683210194224 0
    outer loop
      vertex 8.433644287288189 15.688557141593524 0.9
      vertex 8.533698573708534 15.857056425086089 0.9
      vertex 8.433644287288189 15.688557141593524 1.2000000000000002
    endloop
  endfacet
  facet normal 0.9884733592234543 -0.1513949077925016 0
    outer loop
      vertex 8.533698573708534 15.857056425086089 0.9
      vertex 8.567050002515316 16.074811429849692 0.9
      vertex 8.533698573708534 15.857056425086089 1.2000000000000002
    endloop
  endfacet
  facet normal 0.9172183474467842 0.3983848680697978 0
    outer loop
      vertex 8.379599288105965 16.506387145391532 0.9
      vertex 8.567050002515316 16.074811429849692 1.2000000000000002
      vertex 8.567050002515316 16.074811429849692 0.9
    endloop
  endfacet
  facet normal -0.13767719293706704 -0.9904771529646554 0
    outer loop
      vertex 8.010149285197258 16.47696357326848 0.9
      vertex 8 16.478374332812095 1
      vertex 8 16.478374332812095 0.9
    endloop
  endfacet
  facet normal -0.5195056574632441 -0.8544670104010351 0
    outer loop
      vertex 8.010149285197258 16.47696357326848 0.9
      vertex 8.142455711960793 16.39652285831315 0.9
      vertex 8.010149285197258 16.47696357326848 1.2000000000000002
    endloop
  endfacet
  facet normal -0.8764677617088129 -0.48146055153578615 0
    outer loop
      vertex 8.142455711960793 16.39652285831315 0.9
      vertex 8.218962140381336 16.25724785881383 0.9
      vertex 8.142455711960793 16.39652285831315 1.2000000000000002
    endloop
  endfacet
  facet normal 0.2478349346348171 0.9688022735184697 0
    outer loop
      vertex 8.379599288105965 16.506387145391532 0.9
      vertex 8 16.603494643305936 0.9
      vertex 8.379599288105965 16.506387145391532 1.2000000000000002
    endloop
  endfacet
  facet normal -0.13767719293706704 -0.9904771529646554 0
    outer loop
      vertex 8.010149285197258 16.47696357326848 0.9
      vertex 8.010149285197258 16.47696357326848 1.2000000000000002
      vertex 8 16.478374332812095 1
    endloop
  endfacet
  facet normal 0.24783493463481704 0.9688022735184698 0
    outer loop
      vertex 8.379599288105965 16.506387145391532 1.2000000000000002
      vertex 8 16.603494643305936 0.9
      vertex 8 16.603494643305936 1
    endloop
  endfacet
  facet normal 0 -1 0
    outer loop
      vertex 7.384810000658035 16.125365712812968 1.2000000000000002
      vertex 7.26971285790205 16.125365712812968 1
      vertex 7.384810000658035 16.125365712812968 1
    endloop
  endfacet
  facet normal -1 0 0
    outer loop
      vertex 7.609732858836651 15.434834287634917 1.2000000000000002
      vertex 7.609732858836651 15.577831425837108 1
      vertex 7.609732858836651 15.434834287634917 1
    endloop
  endfacet
  facet normal -0.05580074584419198 -0.9984419245821121 0
    outer loop
      vertex 7.859109997749329 15.420897142163344 1.2000000000000002
      vertex 7.609732858836651 15.434834287634917 1
      vertex 7.859109997749329 15.420897142163344 1
    endloop
  endfacet
  facet normal -0.06277551135478715 0.9980276725492861 0
    outer loop
      vertex 7.609732858836651 15.577831425837108 1.2000000000000002
      vertex 7.859109997749329 15.593517140618392 1
      vertex 7.609732858836651 15.577831425837108 1
    endloop
  endfacet
  facet normal -0.17487819296009943 -0.9845900759336397 0
    outer loop
      vertex 7.859109997749329 15.420897142163344 1.2000000000000002
      vertex 7.859109997749329 15.420897142163344 1
      vertex 8 15.395872931984933 1
    endloop
  endfacet
  facet normal -0.20428283715433154 0.978911907397278 0
    outer loop
      vertex 7.859109997749329 15.593517140618392 1.2000000000000002
      vertex 8 15.622918570071805 1
      vertex 7.859109997749329 15.593517140618392 1
    endloop
  endfacet
  facet normal 0 -1 0
    outer loop
      vertex 7.26971285790205 16.125365712812968 1.2000000000000002
      vertex 7.26971285790205 16.125365712812968 1
      vertex 7.384810000658035 16.125365712812968 1.2000000000000002
    endloop
  endfacet
  facet normal 0.9779835034342671 -0.20868221536689935 0
    outer loop
      vertex 7.384810000658035 16.125365712812968 1.2000000000000002
      vertex 7.384810000658035 16.125365712812968 1
      vertex 7.445830002427101 16.41133428471429 1.2000000000000002
    endloop
  endfacet
  facet normal 0 0 1
    outer loop
      vertex 7.26971285790205 16.125365712812968 1.2000000000000002
      vertex 7.384810000658035 16.125365712812968 1.2000000000000002
      vertex 7.445830002427101 16.41133428471429 1.2000000000000002
    endloop
  endfacet
  facet normal -1 0 0
    outer loop
      vertex 7.609732858836651 15.434834287634917 1.2000000000000002
      vertex 7.609732858836651 15.577831425837108 1.2000000000000002
      vertex 7.609732858836651 15.577831425837108 1
    endloop
  endfacet
  facet normal -0.05580074584419198 -0.9984419245821121 0
    outer loop
      vertex 7.609732858836651 15.434834287634917 1.2000000000000002
      vertex 7.609732858836651 15.434834287634917 1
      vertex 7.859109997749329 15.420897142163344 1.2000000000000002
    endloop
  endfacet
  facet normal -0.06277551135478715 0.9980276725492861 0
    outer loop
      vertex 7.609732858836651 15.577831425837108 1.2000000000000002
      vertex 7.859109997749329 15.593517140618392 1.2000000000000002
      vertex 7.859109997749329 15.593517140618392 1
    endloop
  endfacet
  facet normal -0.20428283715432588 0.9789119073972792 4.1881427187156735e-15
    outer loop
      vertex 7.859109997749329 15.593517140618392 1.2000000000000002
      vertex 8.030418574810028 15.629266427031585 1.2000000000000002
      vertex 8 15.622918570071805 1
    endloop
  endfacet
  facet normal 0 0 1
    outer loop
      vertex 7.609732858836651 15.434834287634917 1.2000000000000002
      vertex 7.859109997749329 15.420897142163344 1.2000000000000002
      vertex 7.609732858836651 15.577831425837108 1.2000000000000002
    endloop
  endfacet
  facet normal 0 0 1
    outer loop
      vertex 7.609732858836651 15.577831425837108 1.2000000000000002
      vertex 7.859109997749329 15.420897142163344 1.2000000000000002
      vertex 7.859109997749329 15.593517140618392 1.2000000000000002
    endloop
  endfacet
  facet normal 0 0 1
    outer loop
      vertex 7.859109997749329 15.420897142163344 1.2000000000000002
      vertex 8.030418574810028 15.629266427031585 1.2000000000000002
      vertex 7.859109997749329 15.593517140618392 1.2000000000000002
    endloop
  endfacet
  facet normal 0 0 1
    outer loop
      vertex 7.859109997749329 15.420897142163344 1.2000000000000002
      vertex 8.056132860481739 15.509817139378615 1.2000000000000002
      vertex 8.030418574810028 15.629266427031585 1.2000000000000002
    endloop
  endfacet
  facet normal -1 0 0
    outer loop
      vertex 7.26971285790205 16.125365712812968 1.2000000000000002
      vertex 7.26971285790205 16.57526285307748 1
      vertex 7.26971285790205 16.125365712812968 1
    endloop
  endfacet
  facet normal -0.22821726769150363 0.9736102293666724 0
    outer loop
      vertex 7.26971285790205 16.57526285307748 1.2000000000000002
      vertex 7.430562146008015 16.612966426781245 1
      vertex 7.26971285790205 16.57526285307748 1
    endloop
  endfacet
  facet normal 0.9779835034342671 -0.20868221536689935 0
    outer loop
      vertex 7.445830002427101 16.41133428471429 1.2000000000000002
      vertex 7.384810000658035 16.125365712812968 1
      vertex 7.445830002427101 16.41133428471429 1
    endloop
  endfacet
  facet normal 0.4143988517263395 -0.9100953750502698 0
    outer loop
      vertex 7.528662145137787 16.449050710669585 1.2000000000000002
      vertex 7.445830002427101 16.41133428471429 1
      vertex 7.528662145137787 16.449050710669585 1
    endloop
  endfacet
  facet normal -0.16130368898535638 0.986904818064901 0
    outer loop
      vertex 7.430562146008015 16.612966426781245 1.2000000000000002
      vertex 7.567869998514652 16.63540857391698 1
      vertex 7.430562146008015 16.612966426781245 1
    endloop
  endfacet
  facet normal 0.29576095616196885 -0.9552619833376381 0
    outer loop
      vertex 7.623695716261864 16.478474282792636 1.2000000000000002
      vertex 7.528662145137787 16.449050710669585 1
      vertex 7.623695716261864 16.478474282792636 1
    endloop
  endfacet
  facet normal 0.18834332823094987 -0.9821032484982873 0
    outer loop
      vertex 7.7226507142186165 16.497451425663062 1.2000000000000002
      vertex 7.623695716261864 16.478474282792636 1
      vertex 7.7226507142186165 16.497451425663062 1
    endloop
  endfacet
  facet normal -0.0885837531809868 0.9960687319017548 0
    outer loop
      vertex 7.567869998514652 16.63540857391698 1.2000000000000002
      vertex 7.692995712161064 16.64653642582042 1
      vertex 7.567869998514652 16.63540857391698 1
    endloop
  endfacet
  facet normal -0.029839774123276038 0.9995546947917716 0
    outer loop
      vertex 7.692995712161064 16.64653642582042 1.2000000000000002
      vertex 7.817247144877911 16.650245712271758 1
      vertex 7.692995712161064 16.64653642582042 1
    endloop
  endfacet
  facet normal 0.06672152694244095 -0.9977716361184402 0
    outer loop
      vertex 7.817247144877911 16.503777139953204 1.2000000000000002
      vertex 7.7226507142186165 16.497451425663062 1
      vertex 7.817247144877911 16.503777139953204 1
    endloop
  endfacet
  facet normal -0.1376771929370257 -0.9904771529646613 -2.1374382001742316e-15
    outer loop
      vertex 8.010149285197258 16.47696357326848 1.2000000000000002
      vertex 7.817247144877911 16.503777139953204 1
      vertex 8 16.478374332812095 1
    endloop
  endfacet
  facet normal 0.24783493463480602 0.9688022735184726 0
    outer loop
      vertex 7.817247144877911 16.650245712271758 1.2000000000000002
      vertex 8 16.603494643305936 1
      vertex 7.817247144877911 16.650245712271758 1
    endloop
  endfacet
  facet normal -1 0 0
    outer loop
      vertex 7.26971285790205 16.125365712812968 1.2000000000000002
      vertex 7.26971285790205 16.57526285307748 1.2000000000000002
      vertex 7.26971285790205 16.57526285307748 1
    endloop
  endfacet
  facet normal -0.22821726769150363 0.9736102293666724 0
    outer loop
      vertex 7.26971285790205 16.57526285307748 1.2000000000000002
      vertex 7.430562146008015 16.612966426781245 1.2000000000000002
      vertex 7.430562146008015 16.612966426781245 1
    endloop
  endfacet
  facet normal 0.4143988517263395 -0.9100953750502698 0
    outer loop
      vertex 7.445830002427101 16.41133428471429 1.2000000000000002
      vertex 7.445830002427101 16.41133428471429 1
      vertex 7.528662145137787 16.449050710669585 1.2000000000000002
    endloop
  endfacet
  facet normal 0.29576095616196885 -0.9552619833376381 0
    outer loop
      vertex 7.528662145137787 16.449050710669585 1.2000000000000002
      vertex 7.528662145137787 16.449050710669585 1
      vertex 7.623695716261864 16.478474282792636 1.2000000000000002
    endloop
  endfacet
  facet normal -0.16130368898535638 0.986904818064901 0
    outer loop
      vertex 7.430562146008015 16.612966426781245 1.2000000000000002
      vertex 7.567869998514652 16.63540857391698 1.2000000000000002
      vertex 7.567869998514652 16.63540857391698 1
    endloop
  endfacet
  facet normal 0 0 1
    outer loop
      vertex 7.26971285790205 16.125365712812968 1.2000000000000002
      vertex 7.445830002427101 16.41133428471429 1.2000000000000002
      vertex 7.26971285790205 16.57526285307748 1.2000000000000002
    endloop
  endfacet
  facet normal 0 0 1
    outer loop
      vertex 7.26971285790205 16.57526285307748 1.2000000000000002
      vertex 7.445830002427101 16.41133428471429 1.2000000000000002
      vertex 7.430562146008015 16.612966426781245 1.2000000000000002
    endloop
  endfacet
  facet normal 0 0 1
    outer loop
      vertex 7.445830002427101 16.41133428471429 1.2000000000000002
      vertex 7.528662145137787 16.449050710669585 1.2000000000000002
      vertex 7.430562146008015 16.612966426781245 1.2000000000000002
    endloop
  endfacet
  facet normal 0 0 1
    outer loop
      vertex 7.528662145137787 16.449050710669585 1.2000000000000002
      vertex 7.623695716261864 16.478474282792636 1.2000000000000002
      vertex 7.567869998514652 16.63540857391698 1.2000000000000002
    endloop
  endfacet
  facet normal 0 0 1
    outer loop
      vertex 7.528662145137787 16.449050710669585 1.2000000000000002
      vertex 7.567869998514652 16.63540857391698 1.2000000000000002
      vertex 7.430562146008015 16.612966426781245 1.2000000000000002
    endloop
  endfacet
  facet normal 0.18834332823094987 -0.9821032484982873 0
    outer loop
      vertex 7.623695716261864 16.478474282792636 1.2000000000000002
      vertex 7.623695716261864 16.478474282792636 1
      vertex 7.7226507142186165 16.497451425663062 1.2000000000000002
    endloop
  endfacet
  facet normal 0.06672152694244095 -0.9977716361184402 0
    outer loop
      vertex 7.7226507142186165 16.497451425663062 1.2000000000000002
      vertex 7.7226507142186165 16.497451425663062 1
      vertex 7.817247144877911 16.503777139953204 1.2000000000000002
    endloop
  endfacet
  facet normal -0.0885837531809868 0.9960687319017548 0
    outer loop
      vertex 7.567869998514652 16.63540857391698 1.2000000000000002
      vertex 7.692995712161064 16.64653642582042 1.2000000000000002
      vertex 7.692995712161064 16.64653642582042 1
    endloop
  endfacet
  facet normal -0.029839774123276038 0.9995546947917716 0
    outer loop
      vertex 7.692995712161064 16.64653642582042 1.2000000000000002
      vertex 7.817247144877911 16.650245712271758 1.2000000000000002
      vertex 7.817247144877911 16.650245712271758 1
    endloop
  endfacet
  facet normal -0.1376771929370279 -0.990477152964661 0
    outer loop
      vertex 7.817247144877911 16.503777139953204 1.2000000000000002
      vertex 7.817247144877911 16.503777139953204 1
      vertex 8.010149285197258 16.47696357326848 1.2000000000000002
    endloop
  endfacet
  facet normal 0 0 1
    outer loop
      vertex 7.623695716261864 16.478474282792636 1.2000000000000002
      vertex 7.7226507142186165 16.497451425663062 1.2000000000000002
      vertex 7.692995712161064 16.64653642582042 1.2000000000000002
    endloop
  endfacet
  facet normal 0 0 1
    outer loop
      vertex 7.567869998514652 16.63540857391698 1.2000000000000002
      vertex 7.623695716261864 16.478474282792636 1.2000000000000002
      vertex 7.692995712161064 16.64653642582042 1.2000000000000002
    endloop
  endfacet
  facet normal 0 0 1
    outer loop
      vertex 7.7226507142186165 16.497451425663062 1.2000000000000002
      vertex 7.817247144877911 16.650245712271758 1.2000000000000002
      vertex 7.692995712161064 16.64653642582042 1.2000000000000002
    endloop
  endfacet
  facet normal 0 0 1
    outer loop
      vertex 7.7226507142186165 16.497451425663062 1.2000000000000002
      vertex 7.817247144877911 16.503777139953204 1.2000000000000002
      vertex 7.817247144877911 16.650245712271758 1.2000000000000002
    endloop
  endfacet
  facet normal 0 0 1
    outer loop
      vertex 7.817247144877911 16.503777139953204 1.2000000000000002
      vertex 8.010149285197258 16.47696357326848 1.2000000000000002
      vertex 7.817247144877911 16.650245712271758 1.2000000000000002
    endloop
  endfacet
  facet normal -0.17487819296009488 -0.9845900759336406 0
    outer loop
      vertex 8.078806430101395 15.381875709763595 0.9
      vertex 8.078806430101395 15.381875709763595 1.2000000000000002
      vertex 7.859109997749329 15.420897142163344 1.2000000000000002
    endloop
  endfacet
  facet normal -0.5168304225679579 -0.8560877959112757 0
    outer loop
      vertex 8.23224999755621 15.289239996245929 0.9
      vertex 8.23224999755621 15.289239996245929 1.2000000000000002
      vertex 8.078806430101395 15.381875709763595 1.2000000000000002
    endloop
  endfacet
  facet normal 0.22580232869454037 0.9741731408513186 0
    outer loop
      vertex 8.056132860481739 15.509817139378615 0.9
      vertex 8.056132860481739 15.509817139378615 1.2000000000000002
      vertex 8.33164857327938 15.4459557096873 1.2000000000000002
    endloop
  endfacet
  facet normal -0.9891413267555202 -0.14696746478159375 0
    outer loop
      vertex 8.35259285569191 14.939628572336265 0.9
      vertex 8.35259285569191 14.939628572336265 1.2000000000000002
      vertex 8.32250714302063 15.1421157132302 1.2000000000000002
    endloop
  endfacet
  facet normal -0.8523838407619099 -0.52291661668757 0
    outer loop
      vertex 8.32250714302063 15.1421157132302 0.9
      vertex 8.32250714302063 15.1421157132302 1.2000000000000002
      vertex 8.23224999755621 15.289239996245929 1.2000000000000002
    endloop
  endfacet
  facet normal 0.2759161619833414 -0.9611817057957266 0
    outer loop
      vertex 8.272576428949833 15.571949281862803 0.9
      vertex 8.272576428949833 15.571949281862803 1.2000000000000002
      vertex 8.056132860481739 15.509817139378615 1.2000000000000002
    endloop
  endfacet
  facet normal -0.5843173442143468 0.8115252560766624 0
    outer loop
      vertex 8.030418574810028 15.629266427031585 0.9
      vertex 8.030418574810028 15.629266427031585 1.2000000000000002
      vertex 8.150298573076725 15.715582856110164 1.2000000000000002
    endloop
  endfacet
  facet normal -0.8933116752504671 0.4494377052064104 0
    outer loop
      vertex 8.150298573076725 15.715582856110164 0.9
      vertex 8.150298573076725 15.715582856110164 1.2000000000000002
      vertex 8.220922857522964 15.855957144073077 1.2000000000000002
    endloop
  endfacet
  facet normal -0.9930005283224906 0.1181099096234282 0
    outer loop
      vertex 8.220922857522964 15.855957144073077 0.9
      vertex 8.220922857522964 15.855957144073077 1.2000000000000002
      vertex 8.244464285671711 16.053879999688693 1.2000000000000002
    endloop
  endfacet
  facet normal 0.5864191310410648 -0.8100077794373598 0
    outer loop
      vertex 8.433644287288189 15.688557141593524 0.9
      vertex 8.433644287288189 15.688557141593524 1.2000000000000002
      vertex 8.272576428949833 15.571949281862803 1.2000000000000002
    endloop
  endfacet
  facet normal -0.992229062547676 -0.12442462551987139 0
    outer loop
      vertex 8.244464285671711 16.053879999688693 0.9
      vertex 8.244464285671711 16.053879999688693 1.2000000000000002
      vertex 8.218962140381336 16.25724785881383 1.2000000000000002
    endloop
  endfacet
  facet normal 0.8400340761010184 0.5425336404215949 0
    outer loop
      vertex 8.523464284837246 15.327605710497924 0.9
      vertex 8.523464284837246 15.327605710497924 1.2000000000000002
      vertex 8.635938569903374 15.153455712965556 1.2000000000000002
    endloop
  endfacet
  facet normal 0.525093265072637 0.8510446891764014 0
    outer loop
      vertex 8.33164857327938 15.4459557096873 0.9
      vertex 8.33164857327938 15.4459557096873 1.2000000000000002
      vertex 8.523464284837246 15.327605710497924 1.2000000000000002
    endloop
  endfacet
  facet normal 0.9871125039606434 0.16002782421987954 0
    outer loop
      vertex 8.635938569903374 15.153455712965556 0.9
      vertex 8.635938569903374 15.153455712965556 1.2000000000000002
      vertex 8.673430003225803 14.922194288245269 1.2000000000000002
    endloop
  endfacet
  facet normal 0.8598371878276773 -0.5105683210194224 0
    outer loop
      vertex 8.533698573708534 15.857056425086089 0.9
      vertex 8.533698573708534 15.857056425086089 1.2000000000000002
      vertex 8.433644287288189 15.688557141593524 1.2000000000000002
    endloop
  endfacet
  facet normal 0.9884733592234543 -0.1513949077925016 0
    outer loop
      vertex 8.567050002515316 16.074811429849692 0.9
      vertex 8.567050002515316 16.074811429849692 1.2000000000000002
      vertex 8.533698573708534 15.857056425086089 1.2000000000000002
    endloop
  endfacet
  facet normal 0 0 1
    outer loop
      vertex 7.859109997749329 15.420897142163344 1.2000000000000002
      vertex 8.078806430101395 15.381875709763595 1.2000000000000002
      vertex 8.056132860481739 15.509817139378615 1.2000000000000002
    endloop
  endfacet
  facet normal 0 0 1
    outer loop
      vertex 8.078806430101395 15.381875709763595 1.2000000000000002
      vertex 8.33164857327938 15.4459557096873 1.2000000000000002
      vertex 8.056132860481739 15.509817139378615 1.2000000000000002
    endloop
  endfacet
  facet normal 0 0 1
    outer loop
      vertex 8.056132860481739 15.509817139378615 1.2000000000000002
      vertex 8.272576428949833 15.571949281862803 1.2000000000000002
      vertex 8.030418574810028 15.629266427031585 1.2000000000000002
    endloop
  endfacet
  facet normal 0 0 1
    outer loop
      vertex 8.23224999755621 15.289239996245929 1.2000000000000002
      vertex 8.32250714302063 15.1421157132302 1.2000000000000002
      vertex 8.523464284837246 15.327605710497924 1.2000000000000002
    endloop
  endfacet
  facet normal 0 0 1
    outer loop
      vertex 8.23224999755621 15.289239996245929 1.2000000000000002
      vertex 8.33164857327938 15.4459557096873 1.2000000000000002
      vertex 8.078806430101395 15.381875709763595 1.2000000000000002
    endloop
  endfacet
  facet normal 0 0 1
    outer loop
      vertex 8.23224999755621 15.289239996245929 1.2000000000000002
      vertex 8.523464284837246 15.327605710497924 1.2000000000000002
      vertex 8.33164857327938 15.4459557096873 1.2000000000000002
    endloop
  endfacet
  facet normal 0 0 1
    outer loop
      vertex 8.030418574810028 15.629266427031585 1.2000000000000002
      vertex 8.272576428949833 15.571949281862803 1.2000000000000002
      vertex 8.150298573076725 15.715582856110164 1.2000000000000002
    endloop
  endfacet
  facet normal 0 0 1
    outer loop
      vertex 8.150298573076725 15.715582856110164 1.2000000000000002
      vertex 8.272576428949833 15.571949281862803 1.2000000000000002
      vertex 8.433644287288189 15.688557141593524 1.2000000000000002
    endloop
  endfacet
  facet normal 0 0 1
    outer loop
      vertex 8.150298573076725 15.715582856110164 1.2000000000000002
      vertex 8.433644287288189 15.688557141593524 1.2000000000000002
      vertex 8.220922857522964 15.855957144073077 1.2000000000000002
    endloop
  endfacet
  facet normal 0 0 1
    outer loop
      vertex 8.220922857522964 15.855957144073077 1.2000000000000002
      vertex 8.533698573708534 15.857056425086089 1.2000000000000002
      vertex 8.244464285671711 16.053879999688693 1.2000000000000002
    endloop
  endfacet
  facet normal 0 0 1
    outer loop
      vertex 8.244464285671711 16.053879999688693 1.2000000000000002
      vertex 8.567050002515316 16.074811429849692 1.2000000000000002
      vertex 8.218962140381336 16.25724785881383 1.2000000000000002
    endloop
  endfacet
  facet normal 0 0 1
    outer loop
      vertex 8.35259285569191 14.939628572336265 1.2000000000000002
      vertex 8.635938569903374 15.153455712965556 1.2000000000000002
      vertex 8.32250714302063 15.1421157132302 1.2000000000000002
    endloop
  endfacet
  facet normal 0 0 1
    outer loop
      vertex 8.35259285569191 14.939628572336265 1.2000000000000002
      vertex 8.673430003225803 14.922194288245269 1.2000000000000002
      vertex 8.635938569903374 15.153455712965556 1.2000000000000002
    endloop
  endfacet
  facet normal 0 0 1
    outer loop
      vertex 8.32250714302063 15.1421157132302 1.2000000000000002
      vertex 8.635938569903374 15.153455712965556 1.2000000000000002
      vertex 8.523464284837246 15.327605710497924 1.2000000000000002
    endloop
  endfacet
  facet normal 0 0 1
    outer loop
      vertex 8.433644287288189 15.688557141593524 1.2000000000000002
      vertex 8.533698573708534 15.857056425086089 1.2000000000000002
      vertex 8.220922857522964 15.855957144073077 1.2000000000000002
    endloop
  endfacet
  facet normal 0 0 1
    outer loop
      vertex 8.244464285671711 16.053879999688693 1.2000000000000002
      vertex 8.533698573708534 15.857056425086089 1.2000000000000002
      vertex 8.567050002515316 16.074811429849692 1.2000000000000002
    endloop
  endfacet
  facet normal -0.5195056574632441 -0.8544670104010351 0
    outer loop
      vertex 8.142455711960793 16.39652285831315 0.9
      vertex 8.142455711960793 16.39652285831315 1.2000000000000002
      vertex 8.010149285197258 16.47696357326848 1.2000000000000002
    endloop
  endfacet
  facet normal -0.8764677617088129 -0.48146055153578615 0
    outer loop
      vertex 8.218962140381336 16.25724785881383 0.9
      vertex 8.218962140381336 16.25724785881383 1.2000000000000002
      vertex 8.142455711960793 16.39652285831315 1.2000000000000002
    endloop
  endfacet
  facet normal 0.9172183474467842 0.3983848680697978 0
    outer loop
      vertex 8.379599288105965 16.506387145391532 0.9
      vertex 8.379599288105965 16.506387145391532 1.2000000000000002
      vertex 8.567050002515316 16.074811429849692 1.2000000000000002
    endloop
  endfacet
  facet normal 0.2478349346348135 0.9688022735184707 7.292003640715887e-15
    outer loop
      vertex 7.817247144877911 16.650245712271758 1.2000000000000002
      vertex 8.379599288105965 16.506387145391532 1.2000000000000002
      vertex 8 16.603494643305936 1
    endloop
  endfacet
  facet normal 0 0 1
    outer loop
      vertex 7.817247144877911 16.650245712271758 1.2000000000000002
      vertex 8.010149285197258 16.47696357326848 1.2000000000000002
      vertex 8.379599288105965 16.506387145391532 1.2000000000000002
    endloop
  endfacet
  facet normal 0 0 1
    outer loop
      vertex 8.010149285197258 16.47696357326848 1.2000000000000002
      vertex 8.142455711960793 16.39652285831315 1.2000000000000002
      vertex 8.379599288105965 16.506387145391532 1.2000000000000002
    endloop
  endfacet
  facet normal 0 0 1
    outer loop
      vertex 8.142455711960793 16.39652285831315 1.2000000000000002
      vertex 8.218962140381336 16.25724785881383 1.2000000000000002
      vertex 8.379599288105965 16.506387145391532 1.2000000000000002
    endloop
  endfacet
  facet normal 0 0 1
    outer loop
      vertex 8.218962140381336 16.25724785881383 1.2000000000000002
      vertex 8.567050002515316 16.074811429849692 1.2000000000000002
      vertex 8.379599288105965 16.506387145391532 1.2000000000000002
    endloop
  endfacet
  facet normal 0 -1 0
    outer loop
      vertex 9.048472858965397 16.125365712812968 0.9
      vertex 9.163544282317162 16.125365712812968 0.9
      vertex 9.048472858965397 16.125365712812968 1.2000000000000002
    endloop
  endfacet
  facet normal 0.9779655490444201 -0.20876634039577757 0
    outer loop
      vertex 9.163544282317162 16.125365712812968 0.9
      vertex 9.224590003490448 16.41133428471429 0.9
      vertex 9.163544282317162 16.125365712812968 1.2000000000000002
    endloop
  endfacet
  facet normal -0.6748902573843251 0.7379181123185142 0
    outer loop
      vertex 9.294327139854431 14.8367457102452 0.9
      vertex 9.565053574740887 15.084348567894526 1.2000000000000002
      vertex 9.565053574740887 15.084348567894526 0.9
    endloop
  endfacet
  facet normal -1 0 0
    outer loop
      vertex 9.048472858965397 16.125365712812968 0.9
      vertex 9.048472858965397 16.57526285307748 1.2000000000000002
      vertex 9.048472858965397 16.57526285307748 0.9
    endloop
  endfacet
  facet normal 0.4236363637733181 -0.9058323417106064 0
    outer loop
      vertex 9.224590003490448 16.41133428471429 0.9
      vertex 9.305236428976059 16.449050710669585 0.9
      vertex 9.224590003490448 16.41133428471429 1.2000000000000002
    endloop
  endfacet
  facet normal 0.3047008464359928 -0.9524481057680726 0
    outer loop
      vertex 9.305236428976059 16.449050710669585 0.9
      vertex 9.397210001945496 16.478474282792636 0.9
      vertex 9.305236428976059 16.449050710669585 1.2000000000000002
    endloop
  endfacet
  facet normal -0.18825513434807084 0.9821201578175605 0
    outer loop
      vertex 9.048472858965397 16.57526285307748 0.9
      vertex 9.341859996318817 16.631499999335833 1.2000000000000002
      vertex 9.341859996318817 16.631499999335833 0.9
    endloop
  endfacet
  facet normal 0.19324501800125665 -0.9811505302539942 0
    outer loop
      vertex 9.397210001945496 16.478474282792636 0.9
      vertex 9.493561431765556 16.497451425663062 0.9
      vertex 9.397210001945496 16.478474282792636 1.2000000000000002
    endloop
  endfacet
  facet normal 0.06733653675918227 -0.997730319684272 0
    outer loop
      vertex 9.493561431765556 16.497451425663062 0.9
      vertex 9.587289996445179 16.503777139953204 0.9
      vertex 9.493561431765556 16.497451425663062 1.2000000000000002
    endloop
  endfacet
  facet normal -0.0761572424042913 0.9970958200841954 0
    outer loop
      vertex 9.341859996318817 16.631499999335833 0.9
      vertex 9.587289996445179 16.650245712271758 1.2000000000000002
      vertex 9.587289996445179 16.650245712271758 0.9
    endloop
  endfacet
  facet normal -0.7206498113268494 0.6932992495557573 0
    outer loop
      vertex 9.565053574740887 15.084348567894526 0.9
      vertex 9.75294142961502 15.279648573270865 1.2000000000000002
      vertex 9.75294142961502 15.279648573270865 0.9
    endloop
  endfacet
  facet normal 0.7029918941607177 -0.7111978604750765 0
    outer loop
      vertex 9.839251428842545 15.119885713926383 0.9
      vertex 10.04762714356184 15.325857141188212 0.9
      vertex 9.839251428842545 15.119885713926383 1.2000000000000002
    endloop
  endfacet
  facet normal -0.8068396851497989 0.5907704482007994 0
    outer loop
      vertex 9.75294142961502 15.279648573270865 0.9
      vertex 9.878703571856022 15.451407143047877 1.2000000000000002
      vertex 9.878703571856022 15.451407143047877 0.9
    endloop
  endfacet
  facet normal -0.9027144046008657 0.4302402860334031 0
    outer loop
      vertex 9.878703571856022 15.451407143047877 0.9
      vertex 9.963052853941917 15.628385716250964 1.2000000000000002
      vertex 9.963052853941917 15.628385716250964 0.9
    endloop
  endfacet
  facet normal -0.9706395144320602 0.24053883890776237 0
    outer loop
      vertex 9.963052853941917 15.628385716250964 0.9
      vertex 10.010804288089275 15.821075716188975 1.2000000000000002
      vertex 10.010804288089275 15.821075716188975 0.9
    endloop
  endfacet
  facet normal 0.7832963532412509 -0.6216484722083354 0
    outer loop
      vertex 10.04762714356184 15.325857141188212 0.9
      vertex 10.184292145073414 15.498059281281062 0.9
      vertex 10.04762714356184 15.325857141188212 1.2000000000000002
    endloop
  endfacet
  facet normal 0.8742001645219742 -0.4855657240268849 0
    outer loop
      vertex 10.184292145073414 15.498059281281062 0.9
      vertex 10.280418574810028 15.671122857502528 0.9
      vertex 10.184292145073414 15.498059281281062 1.2000000000000002
    endloop
  endfacet
  facet normal -0.9973653562733187 0.0725420299260806 0
    outer loop
      vertex 10.010804288089275 15.821075716188975 0.9
      vertex 10.02672142535448 16.03991714226348 1.2000000000000002
      vertex 10.02672142535448 16.03991714226348 0.9
    endloop
  endfacet
  facet normal -0.9918046504285367 -0.12776359179487715 0
    outer loop
      vertex 10.02672142535448 16.03991714226348 0.9
      vertex 10.001000717282295 16.239582144788333 1.2000000000000002
      vertex 10.001000717282295 16.239582144788333 0.9
    endloop
  endfacet
  facet normal 0.9529940989326574 -0.3029888568900386 0
    outer loop
      vertex 10.280418574810028 15.671122857502528 0.9
      vertex 10.337311431765556 15.850068570247718 0.9
      vertex 10.280418574810028 15.671122857502528 1.2000000000000002
    endloop
  endfacet
  facet normal 0.995047861124492 -0.09939695202355907 0
    outer loop
      vertex 10.337311431765556 15.850068570247718 0.9
      vertex 10.356275714933872 16.03991714226348 0.9
      vertex 10.337311431765556 15.850068570247718 1.2000000000000002
    endloop
  endfacet
  facet normal 0.9830523036729581 0.18332530715449596 0
    outer loop
      vertex 10.356275714933872 16.03991714226348 0.9
      vertex 10.308106429874897 16.298217141202517 0.9
      vertex 10.356275714933872 16.03991714226348 1.2000000000000002
    endloop
  endfacet
  facet normal -0.14594767520937427 -0.9892923107459084 0
    outer loop
      vertex 9.587289996445179 16.503777139953204 0.9
      vertex 9.788259997963905 16.474128567746707 0.9
      vertex 9.587289996445179 16.503777139953204 1.2000000000000002
    endloop
  endfacet
  facet normal -0.548536904895067 -0.8361263445007221 0
    outer loop
      vertex 9.788259997963905 16.474128567746707 0.9
      vertex 9.923838570713997 16.385182858577796 0.9
      vertex 9.788259997963905 16.474128567746707 1.2000000000000002
    endloop
  endfacet
  facet normal -0.8835885473938396 -0.4682641123494778 0
    outer loop
      vertex 9.923838570713997 16.385182858577796 0.9
      vertex 10.001000717282295 16.239582144788333 0.9
      vertex 9.923838570713997 16.385182858577796 1.2000000000000002
    endloop
  endfacet
  facet normal 0.11792731994964384 0.9930222289604066 0
    outer loop
      vertex 9.587289996445179 16.650245712271758 0.9
      vertex 9.923182860016823 16.610356428793498 1.2000000000000002
      vertex 9.923182860016823 16.610356428793498 0.9
    endloop
  endfacet
  facet normal 0.4456042461164731 0.8952300574952616 0
    outer loop
      vertex 9.923182860016823 16.610356428793498 0.9
      vertex 10.163598574697971 16.490688570908137 1.2000000000000002
      vertex 10.163598574697971 16.490688570908137 0.9
    endloop
  endfacet
  facet normal 0.7996922032251025 0.6004101765468182 0
    outer loop
      vertex 10.163598574697971 16.490688570908137 0.9
      vertex 10.308106429874897 16.298217141202517 1.2000000000000002
      vertex 10.308106429874897 16.298217141202517 0.9
    endloop
  endfacet
  facet normal 0 -1 0
    outer loop
      vertex 9.163544282317162 16.125365712812968 0.9
      vertex 9.163544282317162 16.125365712812968 1.2000000000000002
      vertex 9.048472858965397 16.125365712812968 1.2000000000000002
    endloop
  endfacet
  facet normal 0 0 1
    outer loop
      vertex 9.048472858965397 16.125365712812968 1.2000000000000002
      vertex 9.163544282317162 16.125365712812968 1.2000000000000002
      vertex 9.224590003490448 16.41133428471429 1.2000000000000002
    endloop
  endfacet
  facet normal -1 0 0
    outer loop
      vertex 9.048472858965397 16.125365712812968 0.9
      vertex 9.048472858965397 16.125365712812968 1.2000000000000002
      vertex 9.048472858965397 16.57526285307748 1.2000000000000002
    endloop
  endfacet
  facet normal -0.18825513434807084 0.9821201578175605 0
    outer loop
      vertex 9.048472858965397 16.57526285307748 0.9
      vertex 9.048472858965397 16.57526285307748 1.2000000000000002
      vertex 9.341859996318817 16.631499999335833 1.2000000000000002
    endloop
  endfacet
  facet normal 0.9779655490444201 -0.20876634039577757 0
    outer loop
      vertex 9.224590003490448 16.41133428471429 0.9
      vertex 9.224590003490448 16.41133428471429 1.2000000000000002
      vertex 9.163544282317162 16.125365712812968 1.2000000000000002
    endloop
  endfacet
  facet normal 0.4236363637733181 -0.9058323417106064 0
    outer loop
      vertex 9.305236428976059 16.449050710669585 0.9
      vertex 9.305236428976059 16.449050710669585 1.2000000000000002
      vertex 9.224590003490448 16.41133428471429 1.2000000000000002
    endloop
  endfacet
  facet normal 0.3047008464359928 -0.9524481057680726 0
    outer loop
      vertex 9.397210001945496 16.478474282792636 0.9
      vertex 9.397210001945496 16.478474282792636 1.2000000000000002
      vertex 9.305236428976059 16.449050710669585 1.2000000000000002
    endloop
  endfacet
  facet normal 0.19324501800125665 -0.9811505302539942 0
    outer loop
      vertex 9.493561431765556 16.497451425663062 0.9
      vertex 9.493561431765556 16.497451425663062 1.2000000000000002
      vertex 9.397210001945496 16.478474282792636 1.2000000000000002
    endloop
  endfacet
  facet normal 0.06733653675918227 -0.997730319684272 0
    outer loop
      vertex 9.587289996445179 16.503777139953204 0.9
      vertex 9.587289996445179 16.503777139953204 1.2000000000000002
      vertex 9.493561431765556 16.497451425663062 1.2000000000000002
    endloop
  endfacet
  facet normal -0.0761572424042913 0.9970958200841954 0
    outer loop
      vertex 9.341859996318817 16.631499999335833 0.9
      vertex 9.341859996318817 16.631499999335833 1.2000000000000002
      vertex 9.587289996445179 16.650245712271758 1.2000000000000002
    endloop
  endfacet
  facet normal 0 0 1
    outer loop
      vertex 9.048472858965397 16.125365712812968 1.2000000000000002
      vertex 9.224590003490448 16.41133428471429 1.2000000000000002
      vertex 9.048472858965397 16.57526285307748 1.2000000000000002
    endloop
  endfacet
  facet normal 0 0 1
    outer loop
      vertex 9.048472858965397 16.57526285307748 1.2000000000000002
      vertex 9.224590003490448 16.41133428471429 1.2000000000000002
      vertex 9.305236428976059 16.449050710669585 1.2000000000000002
    endloop
  endfacet
  facet normal 0 0 1
    outer loop
      vertex 9.048472858965397 16.57526285307748 1.2000000000000002
      vertex 9.305236428976059 16.449050710669585 1.2000000000000002
      vertex 9.341859996318817 16.631499999335833 1.2000000000000002
    endloop
  endfacet
  facet normal 0 0 1
    outer loop
      vertex 9.305236428976059 16.449050710669585 1.2000000000000002
      vertex 9.397210001945496 16.478474282792636 1.2000000000000002
      vertex 9.341859996318817 16.631499999335833 1.2000000000000002
    endloop
  endfacet
  facet normal 0 0 1
    outer loop
      vertex 9.341859996318817 16.631499999335833 1.2000000000000002
      vertex 9.397210001945496 16.478474282792636 1.2000000000000002
      vertex 9.493561431765556 16.497451425663062 1.2000000000000002
    endloop
  endfacet
  facet normal 0 0 1
    outer loop
      vertex 9.493561431765556 16.497451425663062 1.2000000000000002
      vertex 9.587289996445179 16.503777139953204 1.2000000000000002
      vertex 9.587289996445179 16.650245712271758 1.2000000000000002
    endloop
  endfacet
  facet normal 0 0 1
    outer loop
      vertex 9.341859996318817 16.631499999335833 1.2000000000000002
      vertex 9.493561431765556 16.497451425663062 1.2000000000000002
      vertex 9.587289996445179 16.650245712271758 1.2000000000000002
    endloop
  endfacet
  facet normal -0.7206498113268494 0.6932992495557573 0
    outer loop
      vertex 9.565053574740887 15.084348567894526 0.9
      vertex 9.565053574740887 15.084348567894526 1.2000000000000002
      vertex 9.75294142961502 15.279648573270865 1.2000000000000002
    endloop
  endfacet
  facet normal 0.6613274755614761 -0.7500973070658802 0
    outer loop
      vertex 9.839251428842545 15.119885713926383 0.9
      vertex 9.839251428842545 15.119885713926383 1.2000000000000002
      vertex 9.527992859482765 14.845462859741279 1.2000000000000002
    endloop
  endfacet
  facet normal -0.8068396851497989 0.5907704482007994 0
    outer loop
      vertex 9.75294142961502 15.279648573270865 0.9
      vertex 9.75294142961502 15.279648573270865 1.2000000000000002
      vertex 9.878703571856022 15.451407143047877 1.2000000000000002
    endloop
  endfacet
  facet normal 0.7029918941607177 -0.7111978604750765 0
    outer loop
      vertex 10.04762714356184 15.325857141188212 0.9
      vertex 10.04762714356184 15.325857141188212 1.2000000000000002
      vertex 9.839251428842545 15.119885713926383 1.2000000000000002
    endloop
  endfacet
  facet normal -0.9027144046008657 0.4302402860334031 0
    outer loop
      vertex 9.878703571856022 15.451407143047877 0.9
      vertex 9.878703571856022 15.451407143047877 1.2000000000000002
      vertex 9.963052853941917 15.628385716250964 1.2000000000000002
    endloop
  endfacet
  facet normal -0.9706395144320602 0.24053883890776237 0
    outer loop
      vertex 9.963052853941917 15.628385716250964 0.9
      vertex 9.963052853941917 15.628385716250964 1.2000000000000002
      vertex 10.010804288089275 15.821075716188975 1.2000000000000002
    endloop
  endfacet
  facet normal 0.7832963532412509 -0.6216484722083354 0
    outer loop
      vertex 10.184292145073414 15.498059281281062 0.9
      vertex 10.184292145073414 15.498059281281062 1.2000000000000002
      vertex 10.04762714356184 15.325857141188212 1.2000000000000002
    endloop
  endfacet
  facet normal 0.8742001645219742 -0.4855657240268849 0
    outer loop
      vertex 10.280418574810028 15.671122857502528 0.9
      vertex 10.280418574810028 15.671122857502528 1.2000000000000002
      vertex 10.184292145073414 15.498059281281062 1.2000000000000002
    endloop
  endfacet
  facet normal -0.9973653562733187 0.0725420299260806 0
    outer loop
      vertex 10.010804288089275 15.821075716188975 0.9
      vertex 10.010804288089275 15.821075716188975 1.2000000000000002
      vertex 10.02672142535448 16.03991714226348 1.2000000000000002
    endloop
  endfacet
  facet normal -0.9918046504285367 -0.12776359179487715 0
    outer loop
      vertex 10.02672142535448 16.03991714226348 0.9
      vertex 10.02672142535448 16.03991714226348 1.2000000000000002
      vertex 10.001000717282295 16.239582144788333 1.2000000000000002
    endloop
  endfacet
  facet normal 0.9529940989326574 -0.3029888568900386 0
    outer loop
      vertex 10.337311431765556 15.850068570247718 0.9
      vertex 10.337311431765556 15.850068570247718 1.2000000000000002
      vertex 10.280418574810028 15.671122857502528 1.2000000000000002
    endloop
  endfacet
  facet normal 0.995047861124492 -0.09939695202355907 0
    outer loop
      vertex 10.356275714933872 16.03991714226348 0.9
      vertex 10.356275714933872 16.03991714226348 1.2000000000000002
      vertex 10.337311431765556 15.850068570247718 1.2000000000000002
    endloop
  endfacet
  facet normal 0.9830523036729581 0.18332530715449596 0
    outer loop
      vertex 10.308106429874897 16.298217141202517 0.9
      vertex 10.308106429874897 16.298217141202517 1.2000000000000002
      vertex 10.356275714933872 16.03991714226348 1.2000000000000002
    endloop
  endfacet
  facet normal 0 0 1
    outer loop
      vertex 9.527992859482765 14.845462859741279 1.2000000000000002
      vertex 9.839251428842545 15.119885713926383 1.2000000000000002
      vertex 9.565053574740887 15.084348567894526 1.2000000000000002
    endloop
  endfacet
  facet normal 0 0 1
    outer loop
      vertex 9.565053574740887 15.084348567894526 1.2000000000000002
      vertex 9.839251428842545 15.119885713926383 1.2000000000000002
      vertex 9.75294142961502 15.279648573270865 1.2000000000000002
    endloop
  endfacet
  facet normal 0 0 1
    outer loop
      vertex 9.75294142961502 15.279648573270865 1.2000000000000002
      vertex 9.839251428842545 15.119885713926383 1.2000000000000002
      vertex 10.04762714356184 15.325857141188212 1.2000000000000002
    endloop
  endfacet
  facet normal 0 0 1
    outer loop
      vertex 9.75294142961502 15.279648573270865 1.2000000000000002
      vertex 10.04762714356184 15.325857141188212 1.2000000000000002
      vertex 9.878703571856022 15.451407143047877 1.2000000000000002
    endloop
  endfacet
  facet normal 0 0 1
    outer loop
      vertex 9.878703571856022 15.451407143047877 1.2000000000000002
      vertex 10.04762714356184 15.325857141188212 1.2000000000000002
      vertex 10.184292145073414 15.498059281281062 1.2000000000000002
    endloop
  endfacet
  facet normal 0 0 1
    outer loop
      vertex 9.878703571856022 15.451407143047877 1.2000000000000002
      vertex 10.184292145073414 15.498059281281062 1.2000000000000002
      vertex 9.963052853941917 15.628385716250964 1.2000000000000002
    endloop
  endfacet
  facet normal 0 0 1
    outer loop
      vertex 9.963052853941917 15.628385716250964 1.2000000000000002
      vertex 10.184292145073414 15.498059281281062 1.2000000000000002
      vertex 10.280418574810028 15.671122857502528 1.2000000000000002
    endloop
  endfacet
  facet normal 0 0 1
    outer loop
      vertex 9.963052853941917 15.628385716250964 1.2000000000000002
      vertex 10.280418574810028 15.671122857502528 1.2000000000000002
      vertex 10.010804288089275 15.821075716188975 1.2000000000000002
    endloop
  endfacet
  facet normal 0 0 1
    outer loop
      vertex 10.010804288089275 15.821075716188975 1.2000000000000002
      vertex 10.337311431765556 15.850068570247718 1.2000000000000002
      vertex 10.02672142535448 16.03991714226348 1.2000000000000002
    endloop
  endfacet
  facet normal 0 0 1
    outer loop
      vertex 10.02672142535448 16.03991714226348 1.2000000000000002
      vertex 10.308106429874897 16.298217141202517 1.2000000000000002
      vertex 10.001000717282295 16.239582144788333 1.2000000000000002
    endloop
  endfacet
  facet normal 0 0 1
    outer loop
      vertex 10.280418574810028 15.671122857502528 1.2000000000000002
      vertex 10.337311431765556 15.850068570247718 1.2000000000000002
      vertex 10.010804288089275 15.821075716188975 1.2000000000000002
    endloop
  endfacet
  facet normal 0 0 1
    outer loop
      vertex 10.02672142535448 16.03991714226348 1.2000000000000002
      vertex 10.337311431765556 15.850068570247718 1.2000000000000002
      vertex 10.356275714933872 16.03991714226348 1.2000000000000002
    endloop
  endfacet
  facet normal 0 0 1
    outer loop
      vertex 10.02672142535448 16.03991714226348 1.2000000000000002
      vertex 10.356275714933872 16.03991714226348 1.2000000000000002
      vertex 10.308106429874897 16.298217141202517 1.2000000000000002
    endloop
  endfacet
  facet normal -0.14594767520937427 -0.9892923107459084 0
    outer loop
      vertex 9.788259997963905 16.474128567746707 0.9
      vertex 9.788259997963905 16.474128567746707 1.2000000000000002
      vertex 9.587289996445179 16.503777139953204 1.2000000000000002
    endloop
  endfacet
  facet normal 0.11792731994964384 0.9930222289604066 0
    outer loop
      vertex 9.587289996445179 16.650245712271758 0.9
      vertex 9.587289996445179 16.650245712271758 1.2000000000000002
      vertex 9.923182860016823 16.610356428793498 1.2000000000000002
    endloop
  endfacet
  facet normal -0.548536904895067 -0.8361263445007221 0
    outer loop
      vertex 9.923838570713997 16.385182858577796 0.9
      vertex 9.923838570713997 16.385182858577796 1.2000000000000002
      vertex 9.788259997963905 16.474128567746707 1.2000000000000002
    endloop
  endfacet
  facet normal -0.8835885473938396 -0.4682641123494778 0
    outer loop
      vertex 10.001000717282295 16.239582144788333 0.9
      vertex 10.001000717282295 16.239582144788333 1.2000000000000002
      vertex 9.923838570713997 16.385182858577796 1.2000000000000002
    endloop
  endfacet
  facet normal 0.4456042461164731 0.8952300574952616 0
    outer loop
      vertex 9.923182860016823 16.610356428793498 0.9
      vertex 9.923182860016823 16.610356428793498 1.2000000000000002
      vertex 10.163598574697971 16.490688570908137 1.2000000000000002
    endloop
  endfacet
  facet normal 0.7996922032251025 0.6004101765468182 0
    outer loop
      vertex 10.163598574697971 16.490688570908137 0.9
      vertex 10.163598574697971 16.490688570908137 1.2000000000000002
      vertex 10.308106429874897 16.298217141202517 1.2000000000000002
    endloop
  endfacet
  facet normal 0 0 1
    outer loop
      vertex 9.587289996445179 16.503777139953204 1.2000000000000002
      vertex 9.788259997963905 16.474128567746707 1.2000000000000002
      vertex 9.587289996445179 16.650245712271758 1.2000000000000002
    endloop
  endfacet
  facet normal 0 0 1
    outer loop
      vertex 9.587289996445179 16.650245712271758 1.2000000000000002
      vertex 9.788259997963905 16.474128567746707 1.2000000000000002
      vertex 9.923182860016823 16.610356428793498 1.2000000000000002
    endloop
  endfacet
  facet normal 0 0 1
    outer loop
      vertex 9.788259997963905 16.474128567746707 1.2000000000000002
      vertex 9.923838570713997 16.385182858577796 1.2000000000000002
      vertex 9.923182860016823 16.610356428793498 1.2000000000000002
    endloop
  endfacet
  facet normal 0 0 1
    outer loop
      vertex 9.923838570713997 16.385182858577796 1.2000000000000002
      vertex 10.001000717282295 16.239582144788333 1.2000000000000002
      vertex 10.163598574697971 16.490688570908137 1.2000000000000002
    endloop
  endfacet
  facet normal 0 0 1
    outer loop
      vertex 9.923838570713997 16.385182858577796 1.2000000000000002
      vertex 10.163598574697971 16.490688570908137 1.2000000000000002
      vertex 9.923182860016823 16.610356428793498 1.2000000000000002
    endloop
  endfacet
  facet normal 0 0 1
    outer loop
      vertex 10.001000717282295 16.239582144788333 1.2000000000000002
      vertex 10.308106429874897 16.298217141202517 1.2000000000000002
      vertex 10.163598574697971 16.490688570908137 1.2000000000000002
    endloop
  endfacet
endsolid OpenSCAD_Model
