solid OpenSCAD_Model
  facet normal -1 0 0
    outer loop
      vertex 0 0 0
      vertex 0 0 0.6
      vertex 0 5 0.6
    endloop
  endfacet
  facet normal 0 -1 0
    outer loop
      vertex 0 0 0
      vertex 10 0 0.6
      vertex 0 0 0.6
    endloop
  endfacet
  facet normal 0 0 1
    outer loop
      vertex 0 0 0.6
      vertex 3.7409017831087112 0.7142857110926082 0.6
      vertex 3.7409017831087112 0.7271214223333766 0.6
    endloop
  endfacet
  facet normal 0 0 1
    outer loop
      vertex 0 0 0.6
      vertex 3.7409017831087112 0.7271214223333766 0.6
      vertex 3.641848213970661 1.026224995298045 0.6
    endloop
  endfacet
  facet normal 0 0 1
    outer loop
      vertex 0 0 0.6
      vertex 3.641848213970661 1.026224995298045 0.6
      vertex 3.641848213970661 1.039060713989394 0.6
    endloop
  endfacet
  facet normal 0 0 1
    outer loop
      vertex 0 0 0.6
      vertex 4.066426783800125 2.9469026795455386 0.6
      vertex 1.1823964267969131 4.227567853672164 0.6
    endloop
  endfacet
  facet normal 0 0 1
    outer loop
      vertex 0 0 0.6
      vertex 3.890816070139408 0.7142857110926082 0.6
      vertex 3.7409017831087112 0.7142857110926082 0.6
    endloop
  endfacet
  facet normal 0 0 1
    outer loop
      vertex 0 0 0.6
      vertex 4.099119640886784 0.7142857110926082 0.6
      vertex 3.890816070139408 0.7142857110926082 0.6
    endloop
  endfacet
  facet normal 0 0 1
    outer loop
      vertex 0 0 0.6
      vertex 4.2490339279174805 0.7142857110926082 0.6
      vertex 4.099119640886784 0.7142857110926082 0.6
    endloop
  endfacet
  facet normal 0 0 1
    outer loop
      vertex 0 0 0.6
      vertex 4.489062502980232 0.7067785656877925 0.6
      vertex 4.2490339279174805 0.7142857110926082 0.6
    endloop
  endfacet
  facet normal 0 0 1
    outer loop
      vertex 0 0 0.6
      vertex 4.501901783049107 0.7067785656877925 0.6
      vertex 4.489062502980232 0.7067785656877925 0.6
    endloop
  endfacet
  facet normal 0 0 1
    outer loop
      vertex 0 0 0.6
      vertex 4.672641068696976 0.7067785656877925 0.6
      vertex 4.501901783049107 0.7067785656877925 0.6
    endloop
  endfacet
  facet normal 0 0 1
    outer loop
      vertex 0 0 0.6
      vertex 4.685476787388325 0.7067785656877925 0.6
      vertex 4.672641068696976 0.7067785656877925 0.6
    endloop
  endfacet
  facet normal 0 0 1
    outer loop
      vertex 0 0 0.6
      vertex 4.957241073250771 0.7067785656877925 0.6
      vertex 4.685476787388325 0.7067785656877925 0.6
    endloop
  endfacet
  facet normal 0 0 1
    outer loop
      vertex 0 0 0.6
      vertex 4.9700803607702255 0.7067785656877925 0.6
      vertex 4.957241073250771 0.7067785656877925 0.6
    endloop
  endfacet
  facet normal 0 0 1
    outer loop
      vertex 0 0 0.6
      vertex 5.140819646418095 0.7067785656877925 0.6
      vertex 4.9700803607702255 0.7067785656877925 0.6
    endloop
  endfacet
  facet normal 0 0 1
    outer loop
      vertex 0 0 0.6
      vertex 5.153655357658863 0.7067785656877925 0.6
      vertex 5.140819646418095 0.7067785656877925 0.6
    endloop
  endfacet
  facet normal 0 0 1
    outer loop
      vertex 0 0 0.6
      vertex 5.303358927369118 0.7142857110926082 0.6
      vertex 5.153655357658863 0.7067785656877925 0.6
    endloop
  endfacet
  facet normal 0 0 1
    outer loop
      vertex 0 0 0.6
      vertex 5.414037503302097 0.7142857110926082 0.6
      vertex 5.303358927369118 0.7142857110926082 0.6
    endloop
  endfacet
  facet normal 0 0 1
    outer loop
      vertex 0 0 0.6
      vertex 5.570733927190304 0.7142857110926082 0.6
      vertex 5.414037503302097 0.7142857110926082 0.6
    endloop
  endfacet
  facet normal 0 0 1
    outer loop
      vertex 0 0 0.6
      vertex 5.594226785004139 0.7142857110926082 0.6
      vertex 5.570733927190304 0.7142857110926082 0.6
    endloop
  endfacet
  facet normal 0 0 1
    outer loop
      vertex 0 0 0.6
      vertex 3.641848213970661 1.039060713989394 0.6
      vertex 4.222517855465412 2.1380142888852527 0.6
    endloop
  endfacet
  facet normal 0 0 1
    outer loop
      vertex 3.678416073322296 1.0199250004121234 0.6
      vertex 3.7409017831087112 0.7271214223333766 0.6
      vertex 3.7924875020980835 0.8407071403094699 0.6
    endloop
  endfacet
  facet normal 0 0 1
    outer loop
      vertex 3.641848213970661 1.026224995298045 0.6
      vertex 3.7409017831087112 0.7271214223333766 0.6
      vertex 3.678416073322296 1.0199250004121234 0.6
    endloop
  endfacet
  facet normal 0 0 1
    outer loop
      vertex 0 0 0.6
      vertex 5.66157678514719 0.7142857110926082 0.6
      vertex 5.594226785004139 0.7142857110926082 0.6
    endloop
  endfacet
  facet normal 0 0 1
    outer loop
      vertex 0 0 0.6
      vertex 5.772255353629589 0.7142857110926082 0.6
      vertex 5.66157678514719 0.7142857110926082 0.6
    endloop
  endfacet
  facet normal 0 0 1
    outer loop
      vertex 0 0 0.6
      vertex 5.928951784968376 0.7142857110926082 0.6
      vertex 5.772255353629589 0.7142857110926082 0.6
    endloop
  endfacet
  facet normal 0 0 1
    outer loop
      vertex 0 0 0.6
      vertex 5.952444642782211 0.7142857110926082 0.6
      vertex 5.928951784968376 0.7142857110926082 0.6
    endloop
  endfacet
  facet normal 0 0 1
    outer loop
      vertex 0 0 0.6
      vertex 6.0197946429252625 0.7142857110926082 0.6
      vertex 5.952444642782211 0.7142857110926082 0.6
    endloop
  endfacet
  facet normal 0 0 1
    outer loop
      vertex 0 0 0.6
      vertex 6.130473211407661 0.7142857110926082 0.6
      vertex 6.0197946429252625 0.7142857110926082 0.6
    endloop
  endfacet
  facet normal 0 0 1
    outer loop
      vertex 0 0 0.6
      vertex 6.2871696427464485 0.7142857110926082 0.6
      vertex 6.130473211407661 0.7142857110926082 0.6
    endloop
  endfacet
  facet normal 0 0 1
    outer loop
      vertex 0 0 0.6
      vertex 6.310662500560284 0.7142857110926082 0.6
      vertex 6.2871696427464485 0.7142857110926082 0.6
    endloop
  endfacet
  facet normal 0 0 1
    outer loop
      vertex 3.7924875020980835 0.7336607075163295 0.6
      vertex 3.7924875020980835 0.8407071403094699 0.6
      vertex 3.7409017831087112 0.7271214223333766 0.6
    endloop
  endfacet
  facet normal 0 0 1
    outer loop
      vertex 3.890816070139408 0.7142857110926082 0.6
      vertex 4.150705359876156 0.8407071403094699 0.6
      vertex 3.890816070139408 0.7271214223333766 0.6
    endloop
  endfacet
  facet normal 0 0 1
    outer loop
      vertex 4.099119640886784 0.7271214223333766 0.6
      vertex 3.890816070139408 0.7142857110926082 0.6
      vertex 4.099119640886784 0.7142857110926082 0.6
    endloop
  endfacet
  facet normal 0 0 1
    outer loop
      vertex 4.150705359876156 0.7336607075163295 0.6
      vertex 3.890816070139408 0.7142857110926082 0.6
      vertex 4.099119640886784 0.7271214223333766 0.6
    endloop
  endfacet
  facet normal 0 0 1
    outer loop
      vertex 3.8392303586006165 0.7336607075163295 0.6
      vertex 4.0366339311003685 1.0199250004121234 0.6
      vertex 3.8392303586006165 0.8421607113310268 0.6
    endloop
  endfacet
  facet normal 0 0 1
    outer loop
      vertex 3.8392303586006165 0.7336607075163295 0.6
      vertex 3.890816070139408 0.7271214223333766 0.6
      vertex 4.0366339311003685 1.0199250004121234 0.6
    endloop
  endfacet
  facet normal 0 0 1
    outer loop
      vertex 4.0366339311003685 1.0199250004121234 0.6
      vertex 3.890816070139408 0.7271214223333766 0.6
      vertex 4.150705359876156 0.8407071403094699 0.6
    endloop
  endfacet
  facet normal 0 0 1
    outer loop
      vertex 4.150705359876156 0.7336607075163295 0.6
      vertex 4.150705359876156 0.8407071403094699 0.6
      vertex 3.890816070139408 0.7142857110926082 0.6
    endloop
  endfacet
  facet normal 0 0 1
    outer loop
      vertex 4.2490339279174805 0.7142857110926082 0.6
      vertex 4.489062502980232 0.7067785656877925 0.6
      vertex 4.2490339279174805 0.7271214223333766 0.6
    endloop
  endfacet
  facet normal 0 0 1
    outer loop
      vertex 4.197448216378689 0.7336607075163295 0.6
      vertex 4.2490339279174805 0.7271214223333766 0.6
      vertex 4.381533928215504 1.0199250004121234 0.6
    endloop
  endfacet
  facet normal 0 0 1
    outer loop
      vertex 4.381533928215504 1.0199250004121234 0.6
      vertex 4.2490339279174805 0.7271214223333766 0.6
      vertex 4.489062502980232 0.7067785656877925 0.6
    endloop
  endfacet
  facet normal 0 0 1
    outer loop
      vertex 4.197448216378689 0.7336607075163295 0.6
      vertex 4.381533928215504 1.0199250004121234 0.6
      vertex 4.197448216378689 0.8421607113310268 0.6
    endloop
  endfacet
  facet normal 0 0 1
    outer loop
      vertex 3.828816071152687 0.8700107133814265 0.6
      vertex 3.7791660726070404 1.026224995298045 0.6
      vertex 3.7355732172727585 1.0199250004121234 0.6
    endloop
  endfacet
  facet normal 0 0 1
    outer loop
      vertex 3.828816071152687 0.8700107133814265 0.6
      vertex 3.9174553602933884 1.0199250004121234 0.6
      vertex 3.7791660726070404 1.026224995298045 0.6
    endloop
  endfacet
  facet normal 0 0 1
    outer loop
      vertex 3.7791660726070404 1.026224995298045 0.6
      vertex 3.8762839287519455 1.039060713989394 0.6
      vertex 3.7791660726070404 1.039060713989394 0.6
    endloop
  endfacet
  facet normal 0 0 1
    outer loop
      vertex 3.8762839287519455 1.039060713989394 0.6
      vertex 3.7791660726070404 1.026224995298045 0.6
      vertex 3.8762839287519455 1.026224995298045 0.6
    endloop
  endfacet
  facet normal 0 0 1
    outer loop
      vertex 3.9174553602933884 1.0199250004121234 0.6
      vertex 3.8762839287519455 1.026224995298045 0.6
      vertex 3.7791660726070404 1.026224995298045 0.6
    endloop
  endfacet
  facet normal 0 0 1
    outer loop
      vertex 3.8392303586006165 0.8421607113310268 0.6
      vertex 4.0366339311003685 1.0199250004121234 0.6
      vertex 3.9462767839431763 1.0199250004121234 0.6
    endloop
  endfacet
  facet normal 0 0 1
    outer loop
      vertex 3.9462767839431763 1.0199250004121234 0.6
      vertex 4.0366339311003685 1.0199250004121234 0.6
      vertex 3.9818767830729485 1.026224995298045 0.6
    endloop
  endfacet
  facet normal 0 0 1
    outer loop
      vertex 3.9818767830729485 1.026224995298045 0.6
      vertex 4.0000660717487335 1.039060713989394 0.6
      vertex 3.9818767830729485 1.039060713989394 0.6
    endloop
  endfacet
  facet normal 0 0 1
    outer loop
      vertex 4.0000660717487335 1.039060713989394 0.6
      vertex 3.9818767830729485 1.026224995298045 0.6
      vertex 4.0000660717487335 1.026224995298045 0.6
    endloop
  endfacet
  facet normal 0 0 1
    outer loop
      vertex 4.0366339311003685 1.0199250004121234 0.6
      vertex 4.0000660717487335 1.026224995298045 0.6
      vertex 3.9818767830729485 1.026224995298045 0.6
    endloop
  endfacet
  facet normal 0 0 1
    outer loop
      vertex 3.7791660726070404 1.039060713989394 0.6
      vertex 4.43978214263916 1.4414071387478282 0.6
      vertex 3.641848213970661 1.039060713989394 0.6
    endloop
  endfacet
  facet normal 0 0 1
    outer loop
      vertex 3.7791660726070404 1.039060713989394 0.6
      vertex 3.8762839287519455 1.039060713989394 0.6
      vertex 4.43978214263916 1.4414071387478282 0.6
    endloop
  endfacet
  facet normal 0 0 1
    outer loop
      vertex 4.187033928930759 0.8700107133814265 0.6
      vertex 4.137383930385113 1.026224995298045 0.6
      vertex 4.093791075050831 1.0199250004121234 0.6
    endloop
  endfacet
  facet normal 0 0 1
    outer loop
      vertex 4.187033928930759 0.8700107133814265 0.6
      vertex 4.27567321062088 1.0199250004121234 0.6
      vertex 4.137383930385113 1.026224995298045 0.6
    endloop
  endfacet
  facet normal 0 0 1
    outer loop
      vertex 4.137383930385113 1.026224995298045 0.6
      vertex 4.234501786530018 1.039060713989394 0.6
      vertex 4.137383930385113 1.039060713989394 0.6
    endloop
  endfacet
  facet normal 0 0 1
    outer loop
      vertex 4.27567321062088 1.0199250004121234 0.6
      vertex 4.234501786530018 1.026224995298045 0.6
      vertex 4.137383930385113 1.026224995298045 0.6
    endloop
  endfacet
  facet normal 0 0 1
    outer loop
      vertex 4.234501786530018 1.039060713989394 0.6
      vertex 4.137383930385113 1.026224995298045 0.6
      vertex 4.234501786530018 1.026224995298045 0.6
    endloop
  endfacet
  facet normal 0 0 1
    outer loop
      vertex 4.197448216378689 0.8421607113310268 0.6
      vertex 4.340094640851021 1.026224995298045 0.6
      vertex 4.304494641721249 1.0199250004121234 0.6
    endloop
  endfacet
  facet normal 0 0 1
    outer loop
      vertex 4.197448216378689 0.8421607113310268 0.6
      vertex 4.35319821536541 1.026224995298045 0.6
      vertex 4.340094640851021 1.026224995298045 0.6
    endloop
  endfacet
  facet normal 0 0 1
    outer loop
      vertex 4.197448216378689 0.8421607113310268 0.6
      vertex 4.381533928215504 1.0199250004121234 0.6
      vertex 4.35319821536541 1.026224995298045 0.6
    endloop
  endfacet
  facet normal 0 0 1
    outer loop
      vertex 4.340094640851021 1.026224995298045 0.6
      vertex 4.35319821536541 1.039060713989394 0.6
      vertex 4.340094640851021 1.039060713989394 0.6
    endloop
  endfacet
  facet normal 0 0 1
    outer loop
      vertex 4.35319821536541 1.039060713989394 0.6
      vertex 4.340094640851021 1.026224995298045 0.6
      vertex 4.35319821536541 1.026224995298045 0.6
    endloop
  endfacet
  facet normal 0 0 1
    outer loop
      vertex 3.9818767830729485 1.039060713989394 0.6
      vertex 4.43978214263916 1.4414071387478282 0.6
      vertex 3.8762839287519455 1.039060713989394 0.6
    endloop
  endfacet
  facet normal 0 0 1
    outer loop
      vertex 3.9818767830729485 1.039060713989394 0.6
      vertex 4.0000660717487335 1.039060713989394 0.6
      vertex 4.43978214263916 1.4414071387478282 0.6
    endloop
  endfacet
  facet normal 0 0 1
    outer loop
      vertex 4.137383930385113 1.039060713989394 0.6
      vertex 4.43978214263916 1.4414071387478282 0.6
      vertex 4.0000660717487335 1.039060713989394 0.6
    endloop
  endfacet
  facet normal 0 0 1
    outer loop
      vertex 4.137383930385113 1.039060713989394 0.6
      vertex 4.234501786530018 1.039060713989394 0.6
      vertex 4.43978214263916 1.4285714275070598 0.6
    endloop
  endfacet
  facet normal 0 0 1
    outer loop
      vertex 4.340094640851021 1.039060713989394 0.6
      vertex 4.43978214263916 1.4285714275070598 0.6
      vertex 4.234501786530018 1.039060713989394 0.6
    endloop
  endfacet
  facet normal 0 0 1
    outer loop
      vertex 4.588362500071526 0.9305607101746967 0.6
      vertex 4.501901783049107 0.7067785656877925 0.6
      vertex 4.672641068696976 0.7067785656877925 0.6
    endloop
  endfacet
  facet normal 0 0 1
    outer loop
      vertex 4.849712498486042 1.0199250004121234 0.6
      vertex 4.685476787388325 0.7067785656877925 0.6
      vertex 4.957241073250771 0.7067785656877925 0.6
    endloop
  endfacet
  facet normal 0 0 1
    outer loop
      vertex 4.685476787388325 0.7067785656877925 0.6
      vertex 4.819891072809696 1.026224995298045 0.6
      vertex 4.791555359959602 1.0199250004121234 0.6
    endloop
  endfacet
  facet normal 0 0 1
    outer loop
      vertex 4.685476787388325 0.7067785656877925 0.6
      vertex 4.849712498486042 1.0199250004121234 0.6
      vertex 4.821376785635948 1.026224995298045 0.6
    endloop
  endfacet
  facet normal 0 0 1
    outer loop
      vertex 4.685476787388325 0.7067785656877925 0.6
      vertex 4.821376785635948 1.026224995298045 0.6
      vertex 4.819891072809696 1.026224995298045 0.6
    endloop
  endfacet
  facet normal 0 0 1
    outer loop
      vertex 4.506744645535946 0.7910607105919292 0.6
      vertex 4.477198213338852 1.026224995298045 0.6
      vertex 4.429487496614456 1.0199250004121234 0.6
    endloop
  endfacet
  facet normal 0 0 1
    outer loop
      vertex 4.506744645535946 0.7910607105919292 0.6
      vertex 4.594173215329647 1.0162928572722842 0.6
      vertex 4.477198213338852 1.026224995298045 0.6
    endloop
  endfacet
  facet normal 0 0 1
    outer loop
      vertex 4.477198213338852 1.026224995298045 0.6
      vertex 4.594173215329647 1.0162928572722842 0.6
      vertex 4.477198213338852 1.039060713989394 0.6
    endloop
  endfacet
  facet normal 0 0 1
    outer loop
      vertex 4.689351782202721 0.7910607105919292 0.6
      vertex 4.712362498044968 1.026224995298045 0.6
      vertex 4.6050732135772705 1.0162928572722842 0.6
    endloop
  endfacet
  facet normal 0 0 1
    outer loop
      vertex 4.712362498044968 1.039060713989394 0.6
      vertex 4.6050732135772705 1.0162928572722842 0.6
      vertex 4.712362498044968 1.026224995298045 0.6
    endloop
  endfacet
  facet normal 0 0 1
    outer loop
      vertex 4.340094640851021 1.039060713989394 0.6
      vertex 4.35319821536541 1.039060713989394 0.6
      vertex 4.43978214263916 1.4285714275070598 0.6
    endloop
  endfacet
  facet normal 0 0 1
    outer loop
      vertex 4.477198213338852 1.039060713989394 0.6
      vertex 4.43978214263916 1.4285714275070598 0.6
      vertex 4.35319821536541 1.039060713989394 0.6
    endloop
  endfacet
  facet normal 0 0 1
    outer loop
      vertex 4.477198213338852 1.039060713989394 0.6
      vertex 4.594173215329647 1.0162928572722842 0.6
      vertex 4.546589285135269 1.4285714275070598 0.6
    endloop
  endfacet
  facet normal 0 0 1
    outer loop
      vertex 4.6050732135772705 1.0162928572722842 0.6
      vertex 4.546589285135269 1.4285714275070598 0.6
      vertex 4.594173215329647 1.0162928572722842 0.6
    endloop
  endfacet
  facet normal 0 0 1
    outer loop
      vertex 4.6050732135772705 1.0162928572722842 0.6
      vertex 4.712362498044968 1.039060713989394 0.6
      vertex 4.652182139456272 1.4285714275070598 0.6
    endloop
  endfacet
  facet normal 0 0 1
    outer loop
      vertex 4.689351782202721 0.7910607105919292 0.6
      vertex 4.762976787984371 1.0199250004121234 0.6
      vertex 4.712362498044968 1.026224995298045 0.6
    endloop
  endfacet
  facet normal 0 0 1
    outer loop
      vertex 4.819891072809696 1.026224995298045 0.6
      vertex 4.821376785635948 1.039060713989394 0.6
      vertex 4.819891072809696 1.039060713989394 0.6
    endloop
  endfacet
  facet normal 0 0 1
    outer loop
      vertex 4.821376785635948 1.039060713989394 0.6
      vertex 4.819891072809696 1.026224995298045 0.6
      vertex 4.821376785635948 1.026224995298045 0.6
    endloop
  endfacet
  facet normal 0 0 1
    outer loop
      vertex 4.974923215806484 0.7910607105919292 0.6
      vertex 4.94537678360939 1.026224995298045 0.6
      vertex 4.897666074335575 1.0199250004121234 0.6
    endloop
  endfacet
  facet normal 0 0 1
    outer loop
      vertex 4.974923215806484 0.7910607105919292 0.6
      vertex 5.062351785600185 1.0162928572722842 0.6
      vertex 4.94537678360939 1.026224995298045 0.6
    endloop
  endfacet
  facet normal 0 0 1
    outer loop
      vertex 4.94537678360939 1.026224995298045 0.6
      vertex 5.062351785600185 1.0162928572722842 0.6
      vertex 4.94537678360939 1.039060713989394 0.6
    endloop
  endfacet
  facet normal 0 0 1
    outer loop
      vertex 4.819891072809696 1.039060713989394 0.6
      vertex 4.652182139456272 1.4285714275070598 0.6
      vertex 4.712362498044968 1.039060713989394 0.6
    endloop
  endfacet
  facet normal 0 0 1
    outer loop
      vertex 4.819891072809696 1.039060713989394 0.6
      vertex 4.821376785635948 1.039060713989394 0.6
      vertex 4.81059642881155 1.4285714275070598 0.6
    endloop
  endfacet
  facet normal 0 0 1
    outer loop
      vertex 4.94537678360939 1.039060713989394 0.6
      vertex 4.81059642881155 1.4285714275070598 0.6
      vertex 4.821376785635948 1.039060713989394 0.6
    endloop
  endfacet
  facet normal 0 0 1
    outer loop
      vertex 0 0 0.6
      vertex 4.099485717713833 2.181000003857272 0.6
      vertex 4.066426783800125 2.232616963131087 0.6
    endloop
  endfacet
  facet normal 0 0 1
    outer loop
      vertex 0 0 0.6
      vertex 4.152283035218716 2.1487607157656123 0.6
      vertex 4.099485717713833 2.181000003857272 0.6
    endloop
  endfacet
  facet normal 0 0 1
    outer loop
      vertex 0 0 0.6
      vertex 4.222517855465412 2.1380142888852527 0.6
      vertex 4.152283035218716 2.1487607157656123 0.6
    endloop
  endfacet
  facet normal 0 0 1
    outer loop
      vertex 0 0 0.6
      vertex 4.066426783800125 2.232616963131087 0.6
      vertex 4.055407144129276 2.3014892882534435 0.6
    endloop
  endfacet
  facet normal 0 0 1
    outer loop
      vertex 0 0 0.6
      vertex 4.055407144129276 2.3014892882534435 0.6
      vertex 4.066002681851387 2.3750839329191615 0.6
    endloop
  endfacet
  facet normal 0 0 1
    outer loop
      vertex 0 0 0.6
      vertex 4.066002681851387 2.3750839329191615 0.6
      vertex 4.097789287567139 2.4282749987074306 0.6
    endloop
  endfacet
  facet normal 0 0 1
    outer loop
      vertex 0 0 0.6
      vertex 4.097789287567139 2.4282749987074306 0.6
      vertex 4.150406248867512 2.460516969008105 0.6
    endloop
  endfacet
  facet normal 0 0 1
    outer loop
      vertex 0 0 0.6
      vertex 4.150406248867512 2.460516969008105 0.6
      vertex 4.222517855465412 2.8523000052997043 0.6
    endloop
  endfacet
  facet normal 0 0 1
    outer loop
      vertex 0 0 0.6
      vertex 4.099485717713833 2.8952857202717235 0.6
      vertex 4.066426783800125 2.9469026795455386 0.6
    endloop
  endfacet
  facet normal 0 0 1
    outer loop
      vertex 0 0 0.6
      vertex 4.222517855465412 2.8523000052997043 0.6
      vertex 4.152283035218716 2.863046432180064 0.6
    endloop
  endfacet
  facet normal 0 0 1
    outer loop
      vertex 0 0 0.6
      vertex 4.152283035218716 2.863046432180064 0.6
      vertex 4.099485717713833 2.8952857202717235 0.6
    endloop
  endfacet
  facet normal 0 0 1
    outer loop
      vertex 4.137383930385113 1.039060713989394 0.6
      vertex 4.43978214263916 1.4285714275070598 0.6
      vertex 4.43978214263916 1.4414071387478282 0.6
    endloop
  endfacet
  facet normal 0 0 1
    outer loop
      vertex 4.587274998426437 1.756010713321822 0.6
      vertex 3.641848213970661 1.039060713989394 0.6
      vertex 4.43978214263916 1.4414071387478282 0.6
    endloop
  endfacet
  facet normal 0 0 1
    outer loop
      vertex 4.222517855465412 2.1380142888852527 0.6
      vertex 3.641848213970661 1.039060713989394 0.6
      vertex 4.281791962683201 2.1418285689183643 0.6
    endloop
  endfacet
  facet normal 0 0 1
    outer loop
      vertex 3.641848213970661 1.039060713989394 0.6
      vertex 4.587274998426437 1.756010713321822 0.6
      vertex 4.383353568613529 2.1428571439215114 0.6
    endloop
  endfacet
  facet normal 0 0 1
    outer loop
      vertex 4.281791962683201 2.1418285689183643 0.6
      vertex 3.641848213970661 1.039060713989394 0.6
      vertex 4.337071426212788 2.1532714313694408 0.6
    endloop
  endfacet
  facet normal 0 0 1
    outer loop
      vertex 3.641848213970661 1.039060713989394 0.6
      vertex 4.383353568613529 2.1428571439215114 0.6
      vertex 4.337071426212788 2.1532714313694408 0.6
    endloop
  endfacet
  facet normal 0 0 1
    outer loop
      vertex 4.43978214263916 1.4285714275070598 0.6
      vertex 4.477198213338852 1.039060713989394 0.6
      vertex 4.546589285135269 1.4285714275070598 0.6
    endloop
  endfacet
  facet normal 0 0 1
    outer loop
      vertex 4.6050732135772705 1.0162928572722842 0.6
      vertex 4.652182139456272 1.4285714275070598 0.6
      vertex 4.546589285135269 1.4285714275070598 0.6
    endloop
  endfacet
  facet normal 0 0 1
    outer loop
      vertex 4.476596429944038 1.447946423930781 0.6
      vertex 4.587274998426437 1.756010713321822 0.6
      vertex 4.43978214263916 1.4414071387478282 0.6
    endloop
  endfacet
  facet normal 0 0 1
    outer loop
      vertex 4.502992853522301 1.447946423930781 0.6
      vertex 4.546589285135269 1.4414071387478282 0.6
      vertex 4.652182139456272 1.4414071387478282 0.6
    endloop
  endfacet
  facet normal 0 0 1
    outer loop
      vertex 4.546589285135269 1.4285714275070598 0.6
      vertex 4.652182139456272 1.4414071387478282 0.6
      vertex 4.546589285135269 1.4414071387478282 0.6
    endloop
  endfacet
  facet normal 0 0 1
    outer loop
      vertex 4.502992853522301 1.447946423930781 0.6
      vertex 4.652182139456272 1.4414071387478282 0.6
      vertex 4.535689286887646 1.5416714272328784 0.6
    endloop
  endfacet
  facet normal 0 0 1
    outer loop
      vertex 4.652182139456272 1.4414071387478282 0.6
      vertex 4.546589285135269 1.4285714275070598 0.6
      vertex 4.652182139456272 1.4285714275070598 0.6
    endloop
  endfacet
  facet normal 0 0 1
    outer loop
      vertex 4.695775002241135 1.447946423930781 0.6
      vertex 4.535689286887646 1.5416714272328784 0.6
      vertex 4.652182139456272 1.4414071387478282 0.6
    endloop
  endfacet
  facet normal 0 0 1
    outer loop
      vertex 4.695775002241135 1.447946423930781 0.6
      vertex 4.663564287126064 1.5416714272328784 0.6
      vertex 4.535689286887646 1.5416714272328784 0.6
    endloop
  endfacet
  facet normal 0 0 1
    outer loop
      vertex 4.819891072809696 1.039060713989394 0.6
      vertex 4.789503574371338 1.4285714275070598 0.6
      vertex 4.652182139456272 1.4285714275070598 0.6
    endloop
  endfacet
  facet normal 0 0 1
    outer loop
      vertex 4.819891072809696 1.039060713989394 0.6
      vertex 4.81059642881155 1.4285714275070598 0.6
      vertex 4.789503574371338 1.4285714275070598 0.6
    endloop
  endfacet
  facet normal 0 0 1
    outer loop
      vertex 4.81059642881155 1.4285714275070598 0.6
      vertex 4.94537678360939 1.039060713989394 0.6
      vertex 4.945007145404816 1.4285714275070598 0.6
    endloop
  endfacet
  facet normal 0 0 1
    outer loop
      vertex 4.94537678360939 1.039060713989394 0.6
      vertex 5.0455178543925285 1.4285714275070598 0.6
      vertex 4.945007145404816 1.4285714275070598 0.6
    endloop
  endfacet
  facet normal 0 0 1
    outer loop
      vertex 4.81059642881155 1.4414071387478282 0.6
      vertex 4.789503574371338 1.4285714275070598 0.6
      vertex 4.81059642881155 1.4285714275070598 0.6
    endloop
  endfacet
  facet normal 0 0 1
    outer loop
      vertex 4.789503574371338 1.4285714275070598 0.6
      vertex 4.81059642881155 1.4414071387478282 0.6
      vertex 4.789503574371338 1.4414071387478282 0.6
    endloop
  endfacet
  facet normal 0 0 1
    outer loop
      vertex 4.789503574371338 1.4414071387478282 0.6
      vertex 4.849103569984436 1.734210716826575 0.6
      vertex 4.748328574001789 1.447946423930781 0.6
    endloop
  endfacet
  facet normal 0 0 1
    outer loop
      vertex 4.849103569984436 1.734210716826575 0.6
      vertex 4.789503574371338 1.4414071387478282 0.6
      vertex 4.81059642881155 1.4414071387478282 0.6
    endloop
  endfacet
  facet normal 0 0 1
    outer loop
      vertex 4.849103569984436 1.447946423930781 0.6
      vertex 4.849103569984436 1.734210716826575 0.6
      vertex 4.81059642881155 1.4414071387478282 0.6
    endloop
  endfacet
  facet normal 0 0 1
    outer loop
      vertex 4.945007145404816 1.4285714275070598 0.6
      vertex 5.0455178543925285 1.4285714275070598 0.6
      vertex 4.945007145404816 1.4414071387478282 0.6
    endloop
  endfacet
  facet normal 0 0 1
    outer loop
      vertex 4.954210713505745 1.570978569132941 0.6
      vertex 4.945007145404816 1.4414071387478282 0.6
      vertex 5.0455178543925285 1.4285714275070598 0.6
    endloop
  endfacet
  facet normal 0 0 1
    outer loop
      vertex 4.895846426486969 1.447946423930781 0.6
      vertex 4.945007145404816 1.4414071387478282 0.6
      vertex 4.895846426486969 1.570978569132941 0.6
    endloop
  endfacet
  facet normal 0 0 1
    outer loop
      vertex 4.895846426486969 1.570978569132941 0.6
      vertex 4.945007145404816 1.4414071387478282 0.6
      vertex 4.954210713505745 1.570978569132941 0.6
    endloop
  endfacet
  facet normal 0 0 1
    outer loop
      vertex 4.542953573167324 1.563471431178706 0.6
      vertex 4.656057141721249 1.563471431178706 0.6
      vertex 4.5986571460962296 1.7211357152887752 0.6
    endloop
  endfacet
  facet normal 0 0 1
    outer loop
      vertex 4.748328574001789 1.447946423930781 0.6
      vertex 4.807446427643299 1.7405107117124965 0.6
      vertex 4.633289285004139 1.756010713321822 0.6
    endloop
  endfacet
  facet normal 0 0 1
    outer loop
      vertex 4.748328574001789 1.447946423930781 0.6
      vertex 4.849103569984436 1.734210716826575 0.6
      vertex 4.807446427643299 1.7405107117124965 0.6
    endloop
  endfacet
  facet normal 0 0 1
    outer loop
      vertex 4.975734822452068 1.7276410705276897 0.6
      vertex 4.895846426486969 1.592774996800082 0.6
      vertex 4.9387107118964195 1.592774996800082 0.6
    endloop
  endfacet
  facet normal 0 0 1
    outer loop
      vertex 4.975796431303024 1.5968008882233073 0.6
      vertex 5.000346429646015 1.6088785699435642 0.6
      vertex 5.014060713350773 1.6305250025221278 0.6
    endloop
  endfacet
  facet normal 0 0 1
    outer loop
      vertex 4.9387107118964195 1.592774996800082 0.6
      vertex 4.975796431303024 1.5968008882233073 0.6
      vertex 5.014121428132057 1.6949473193713596 0.6
    endloop
  endfacet
  facet normal 0 0 1
    outer loop
      vertex 4.937257140874863 1.731546426458018 0.6
      vertex 4.895846426486969 1.731546426458018 0.6
      vertex 4.895846426486969 1.592774996800082 0.6
    endloop
  endfacet
  facet normal 0 0 1
    outer loop
      vertex 4.9387107118964195 1.592774996800082 0.6
      vertex 5.0005892887711525 1.715924995286124 0.6
      vertex 4.975734822452068 1.7276410705276897 0.6
    endloop
  endfacet
  facet normal 0 0 1
    outer loop
      vertex 4.9387107118964195 1.592774996800082 0.6
      vertex 5.014121428132057 1.6949473193713596 0.6
      vertex 5.0005892887711525 1.715924995286124 0.6
    endloop
  endfacet
  facet normal 0 0 1
    outer loop
      vertex 4.975734822452068 1.7276410705276897 0.6
      vertex 4.937257140874863 1.731546426458018 0.6
      vertex 4.895846426486969 1.592774996800082 0.6
    endloop
  endfacet
  facet normal 0 0 1
    outer loop
      vertex 4.807446427643299 1.7533464304038455 0.6
      vertex 4.633289285004139 1.756010713321822 0.6
      vertex 4.807446427643299 1.7405107117124965 0.6
    endloop
  endfacet
  facet normal 0 0 1
    outer loop
      vertex 4.383353568613529 2.15569285516228 0.6
      vertex 4.337071426212788 2.1532714313694408 0.6
      vertex 4.383353568613529 2.1428571439215114 0.6
    endloop
  endfacet
  facet normal 0 0 1
    outer loop
      vertex 4.172658033668995 2.165984818977969 0.6
      vertex 4.317696429789066 2.387949997825282 0.6
      vertex 4.135935716331005 2.193957144660609 0.6
    endloop
  endfacet
  facet normal 0 0 1
    outer loop
      vertex 4.135935716331005 2.193957144660609 0.6
      vertex 4.317696429789066 2.387949997825282 0.6
      vertex 4.113502681255341 2.239611605448382 0.6
    endloop
  endfacet
  facet normal 0 0 1
    outer loop
      vertex 4.113502681255341 2.239611605448382 0.6
      vertex 4.317696429789066 2.387949997825282 0.6
      vertex 4.106025002896786 2.3019749990531375 0.6
    endloop
  endfacet
  facet normal 0 0 1
    outer loop
      vertex 4.223003573715687 2.1566607153841426 0.6
      vertex 4.317696429789066 2.387949997825282 0.6
      vertex 4.172658033668995 2.165984818977969 0.6
    endloop
  endfacet
  facet normal 0 0 1
    outer loop
      vertex 4.249824106693268 2.1583258903452327 0.6
      vertex 4.333682142198086 2.387949997825282 0.6
      vertex 4.223003573715687 2.1566607153841426 0.6
    endloop
  endfacet
  facet normal 0 0 1
    outer loop
      vertex 4.275071427226067 2.163321430129664 0.6
      vertex 4.333682142198086 2.387949997825282 0.6
      vertex 4.249824106693268 2.1583258903452327 0.6
    endloop
  endfacet
  facet normal 0 0 1
    outer loop
      vertex 4.296989284455776 2.171101788324969 0.6
      vertex 4.333682142198086 2.387949997825282 0.6
      vertex 4.275071427226067 2.163321430129664 0.6
    endloop
  endfacet
  facet normal 0 0 1
    outer loop
      vertex 4.31382142752409 2.18112142596926 0.6
      vertex 4.333682142198086 2.387949997825282 0.6
      vertex 4.296989284455776 2.171101788324969 0.6
    endloop
  endfacet
  facet normal 0 0 1
    outer loop
      vertex 4.223003573715687 2.1566607153841426 0.6
      vertex 4.333682142198086 2.387949997825282 0.6
      vertex 4.317696429789066 2.387949997825282 0.6
    endloop
  endfacet
  facet normal 0 0 1
    outer loop
      vertex 4.31382142752409 2.18112142596926 0.6
      vertex 4.322782143950462 2.229560712618487 0.6
      vertex 4.333682142198086 2.387949997825282 0.6
    endloop
  endfacet
  facet normal 0 0 1
    outer loop
      vertex 4.337071426212788 2.1532714313694408 0.6
      vertex 4.421860717236996 2.4484964332410266 0.6
      vertex 4.3385249972343445 2.229560712618487 0.6
    endloop
  endfacet
  facet normal 0 0 1
    outer loop
      vertex 4.3385249972343445 2.229560712618487 0.6
      vertex 4.380203574895859 2.454796428126948 0.6
      vertex 4.322782143950462 2.229560712618487 0.6
    endloop
  endfacet
  facet normal 0 0 1
    outer loop
      vertex 4.106025002896786 2.3019749990531375 0.6
      vertex 4.317696429789066 2.387949997825282 0.6
      vertex 4.113169640302658 2.368696430964129 0.6
    endloop
  endfacet
  facet normal 0 0 1
    outer loop
      vertex 4.113169640302658 2.368696430964129 0.6
      vertex 4.317696429789066 2.387949997825282 0.6
      vertex 4.134603574872017 2.4153178579040935 0.6
    endloop
  endfacet
  facet normal 0 0 1
    outer loop
      vertex 4.134603574872017 2.4153178579040935 0.6
      vertex 4.317696429789066 2.387949997825282 0.6
      vertex 4.171598210930824 2.4427464327641895 0.6
    endloop
  endfacet
  facet normal 0 0 1
    outer loop
      vertex 4.322782143950462 2.229560712618487 0.6
      vertex 4.380203574895859 2.454796428126948 0.6
      vertex 4.333682142198086 2.387949997825282 0.6
    endloop
  endfacet
  facet normal 0 0 1
    outer loop
      vertex 4.310432143509388 2.4300928584166934 0.6
      vertex 4.271075002849102 2.4461964315601756 0.6
      vertex 4.317696429789066 2.387949997825282 0.6
    endloop
  endfacet
  facet normal 0 0 1
    outer loop
      vertex 4.171598210930824 2.4427464327641895 0.6
      vertex 4.317696429789066 2.387949997825282 0.6
      vertex 4.225424997508526 2.4518892860838344 0.6
    endloop
  endfacet
  facet normal 0 0 1
    outer loop
      vertex 4.225424997508526 2.4518892860838344 0.6
      vertex 4.317696429789066 2.387949997825282 0.6
      vertex 4.248462498188019 2.45046607617821 0.6
    endloop
  endfacet
  facet normal 0 0 1
    outer loop
      vertex 4.248462498188019 2.45046607617821 0.6
      vertex 4.317696429789066 2.387949997825282 0.6
      vertex 4.271075002849102 2.4461964315601756 0.6
    endloop
  endfacet
  facet normal 0 0 1
    outer loop
      vertex 4.271075002849102 2.4461964315601756 0.6
      vertex 4.310432143509388 2.4300928584166934 0.6
      vertex 4.292116068303585 2.4393258935638835 0.6
    endloop
  endfacet
  facet normal 0 0 1
    outer loop
      vertex 4.333682142198086 2.387949997825282 0.6
      vertex 4.380203574895859 2.454796428126948 0.6
      vertex 4.332228571176529 2.4589107132383754 0.6
    endloop
  endfacet
  facet normal 0 0 1
    outer loop
      vertex 4.380203574895859 2.467632146818297 0.6
      vertex 4.332228571176529 2.4589107132383754 0.6
      vertex 4.380203574895859 2.454796428126948 0.6
    endloop
  endfacet
  facet normal 0 0 1
    outer loop
      vertex 4.383353568613529 2.1428571439215114 0.6
      vertex 4.587274998426437 1.756010713321822 0.6
      vertex 4.52018928527832 2.1428571439215114 0.6
    endloop
  endfacet
  facet normal 0 0 1
    outer loop
      vertex 4.587274998426437 1.756010713321822 0.6
      vertex 4.6560714319348335 2.1428571439215114 0.6
      vertex 4.52018928527832 2.1428571439215114 0.6
    endloop
  endfacet
  facet normal 0 0 1
    outer loop
      vertex 4.6560714319348335 2.1428571439215114 0.6
      vertex 4.587274998426437 1.756010713321822 0.6
      vertex 4.7667500004172325 2.1428571439215114 0.6
    endloop
  endfacet
  facet normal 0 0 1
    outer loop
      vertex 4.337071426212788 2.1532714313694408 0.6
      vertex 4.383353568613529 2.15569285516228 0.6
      vertex 4.421860717236996 2.1622321403452327 0.6
    endloop
  endfacet
  facet normal 0 0 1
    outer loop
      vertex 4.52018928527832 2.1428571439215114 0.6
      vertex 4.6560714319348335 2.15569285516228 0.6
      vertex 4.52018928527832 2.15569285516228 0.6
    endloop
  endfacet
  facet normal 0 0 1
    outer loop
      vertex 4.6560714319348335 2.15569285516228 0.6
      vertex 4.52018928527832 2.1428571439215114 0.6
      vertex 4.6560714319348335 2.1428571439215114 0.6
    endloop
  endfacet
  facet normal 0 0 1
    outer loop
      vertex 4.587274998426437 1.756010713321822 0.6
      vertex 4.92344643175602 2.1428571439215114 0.6
      vertex 4.7667500004172325 2.1428571439215114 0.6
    endloop
  endfacet
  facet normal 0 0 1
    outer loop
      vertex 4.92344643175602 2.1428571439215114 0.6
      vertex 4.587274998426437 1.756010713321822 0.6
      vertex 4.946939282119274 2.1428571439215114 0.6
    endloop
  endfacet
  facet normal 0 0 1
    outer loop
      vertex 4.633289285004139 1.756010713321822 0.6
      vertex 5.348289288580418 2.15569285516228 0.6
      vertex 4.587274998426437 1.756010713321822 0.6
    endloop
  endfacet
  facet normal 0 0 1
    outer loop
      vertex 4.633289285004139 1.756010713321822 0.6
      vertex 4.807446427643299 1.7533464304038455 0.6
      vertex 5.348289288580418 2.15569285516228 0.6
    endloop
  endfacet
  facet normal 0 0 1
    outer loop
      vertex 4.587274998426437 1.756010713321822 0.6
      vertex 5.1172187477350235 2.1487607157656123 0.6
      vertex 4.946939282119274 2.1428571439215114 0.6
    endloop
  endfacet
  facet normal 0 0 1
    outer loop
      vertex 5.1172187477350235 2.1487607157656123 0.6
      vertex 4.587274998426437 1.756010713321822 0.6
      vertex 5.18745356798172 2.1380142888852527 0.6
    endloop
  endfacet
  facet normal 0 0 1
    outer loop
      vertex 4.7667500004172325 2.1428571439215114 0.6
      vertex 4.92344643175602 2.1428571439215114 0.6
      vertex 4.7667500004172325 2.15569285516228 0.6
    endloop
  endfacet
  facet normal 0 0 1
    outer loop
      vertex 4.337071426212788 2.1532714313694408 0.6
      vertex 4.421860717236996 2.1622321403452327 0.6
      vertex 4.421860717236996 2.4484964332410266 0.6
    endloop
  endfacet
  facet normal 0 0 1
    outer loop
      vertex 4.468603573739529 2.1622321403452327 0.6
      vertex 4.52018928527832 2.15569285516228 0.6
      vertex 4.468603573739529 2.270246433360236 0.6
    endloop
  endfacet
  facet normal 0 0 1
    outer loop
      vertex 4.468603573739529 2.270246433360236 0.6
      vertex 4.52018928527832 2.15569285516228 0.6
      vertex 4.505171425640583 2.270246433360236 0.6
    endloop
  endfacet
  facet normal 0 0 1
    outer loop
      vertex 4.505171425640583 2.270246433360236 0.6
      vertex 4.52018928527832 2.15569285516228 0.6
      vertex 4.5550330355763435 2.2767250037619045 0.6
    endloop
  endfacet
  facet normal 0 0 1
    outer loop
      vertex 4.4937892854213715 2.292046429855483 0.6
      vertex 4.529359824955463 2.29670803461756 0.6
      vertex 4.468603573739529 2.292046429855483 0.6
    endloop
  endfacet
  facet normal 0 0 1
    outer loop
      vertex 4.529359824955463 2.29670803461756 0.6
      vertex 4.554214283823967 2.3106928563543727 0.6
      vertex 4.468603573739529 2.292046429855483 0.6
    endloop
  endfacet
  facet normal 0 0 1
    outer loop
      vertex 4.554214283823967 2.3106928563543727 0.6
      vertex 4.568836607038975 2.3352151832410266 0.6
      vertex 4.468603573739529 2.292046429855483 0.6
    endloop
  endfacet
  facet normal 0 0 1
    outer loop
      vertex 4.52018928527832 2.15569285516228 0.6
      vertex 4.6560714319348335 2.15569285516228 0.6
      vertex 4.5550330355763435 2.2767250037619045 0.6
    endloop
  endfacet
  facet normal 0 0 1
    outer loop
      vertex 4.5550330355763435 2.2767250037619045 0.6
      vertex 4.6560714319348335 2.15569285516228 0.6
      vertex 4.591753572225571 2.29616071496691 0.6
    endloop
  endfacet
  facet normal 0 0 1
    outer loop
      vertex 4.6977285742759705 2.1622321403452327 0.6
      vertex 4.591753572225571 2.29616071496691 0.6
      vertex 4.6560714319348335 2.15569285516228 0.6
    endloop
  endfacet
  facet normal 0 0 1
    outer loop
      vertex 4.591753572225571 2.29616071496691 0.6
      vertex 4.6977285742759705 2.1622321403452327 0.6
      vertex 4.614368751645088 2.328069644314902 0.6
    endloop
  endfacet
  facet normal 0 0 1
    outer loop
      vertex 4.568836607038975 2.3352151832410266 0.6
      vertex 4.5737107172608376 2.3714821434446742 0.6
      vertex 4.468603573739529 2.292046429855483 0.6
    endloop
  endfacet
  facet normal 0 0 1
    outer loop
      vertex 4.614368751645088 2.328069644314902 0.6
      vertex 4.6977285742759705 2.1622321403452327 0.6
      vertex 4.621907144784927 2.371967861694949 0.6
    endloop
  endfacet
  facet normal 0 0 1
    outer loop
      vertex 4.6977285742759705 2.1622321403452327 0.6
      vertex 4.6977285742759705 2.4484964332410266 0.6
      vertex 4.621907144784927 2.371967861694949 0.6
    endloop
  endfacet
  facet normal 0 0 1
    outer loop
      vertex 4.421860717236996 2.4484964332410266 0.6
      vertex 4.380203574895859 2.454796428126948 0.6
      vertex 4.3385249972343445 2.229560712618487 0.6
    endloop
  endfacet
  facet normal 0 0 1
    outer loop
      vertex 4.569048210978508 2.40575089518513 0.6
      vertex 4.555060714483261 2.4286357185670306 0.6
      vertex 4.468603573739529 2.292046429855483 0.6
    endloop
  endfacet
  facet normal 0 0 1
    outer loop
      vertex 4.492335714399815 2.4458321428724696 0.6
      vertex 4.468603573739529 2.4458321428724696 0.6
      vertex 4.468603573739529 2.292046429855483 0.6
    endloop
  endfacet
  facet normal 0 0 1
    outer loop
      vertex 4.5300562530756 2.441533038658755 0.6
      vertex 4.492335714399815 2.4458321428724696 0.6
      vertex 4.468603573739529 2.292046429855483 0.6
    endloop
  endfacet
  facet normal 0 0 1
    outer loop
      vertex 4.555060714483261 2.4286357185670306 0.6
      vertex 4.5300562530756 2.441533038658755 0.6
      vertex 4.468603573739529 2.292046429855483 0.6
    endloop
  endfacet
  facet normal 0 0 1
    outer loop
      vertex 4.5737107172608376 2.3714821434446742 0.6
      vertex 4.569048210978508 2.40575089518513 0.6
      vertex 4.468603573739529 2.292046429855483 0.6
    endloop
  endfacet
  facet normal 0 0 1
    outer loop
      vertex 4.621907144784927 2.371967861694949 0.6
      vertex 4.6560714319348335 2.454796428126948 0.6
      vertex 4.592117853462696 2.443716073674815 0.6
    endloop
  endfacet
  facet normal 0 0 1
    outer loop
      vertex 4.6560714319348335 2.467632146818297 0.6
      vertex 4.592117853462696 2.443716073674815 0.6
      vertex 4.6560714319348335 2.454796428126948 0.6
    endloop
  endfacet
  facet normal 0 0 1
    outer loop
      vertex 4.6560714319348335 2.454796428126948 0.6
      vertex 4.621907144784927 2.371967861694949 0.6
      vertex 4.6977285742759705 2.4484964332410266 0.6
    endloop
  endfacet
  facet normal 0 0 1
    outer loop
      vertex 4.7667500004172325 2.15569285516228 0.6
      vertex 4.723157145082951 2.434935713452952 0.6
      vertex 4.723157145082951 2.1622321403452327 0.6
    endloop
  endfacet
  facet normal 0 0 1
    outer loop
      vertex 4.723157145082951 2.434935713452952 0.6
      vertex 4.7667500004172325 2.15569285516228 0.6
      vertex 4.92344643175602 2.1428571439215114 0.6
    endloop
  endfacet
  facet normal 0 0 1
    outer loop
      vertex 5.020342856645584 2.3014892882534435 0.6
      vertex 4.946939282119274 2.1428571439215114 0.6
      vertex 5.031362496316433 2.232616963131087 0.6
    endloop
  endfacet
  facet normal 0 0 1
    outer loop
      vertex 4.946939282119274 2.1428571439215114 0.6
      vertex 5.020342856645584 2.3014892882534435 0.6
      vertex 5.030938394367695 2.3750839329191615 0.6
    endloop
  endfacet
  facet normal 0 0 1
    outer loop
      vertex 4.946939282119274 2.1428571439215114 0.6
      vertex 5.030938394367695 2.3750839329191615 0.6
      vertex 4.946939282119274 2.4484964332410266 0.6
    endloop
  endfacet
  facet normal 0 0 1
    outer loop
      vertex 4.877914287149906 2.467632146818297 0.6
      vertex 4.754399999976158 2.467632146818297 0.6
      vertex 4.877914287149906 2.454796428126948 0.6
    endloop
  endfacet
  facet normal 0 0 1
    outer loop
      vertex 4.921507142484188 2.227139288825648 0.6
      vertex 4.921507142484188 2.4484964332410266 0.6
      vertex 4.877914287149906 2.454796428126948 0.6
    endloop
  endfacet
  facet normal 0 0 1
    outer loop
      vertex 4.921507142484188 2.227139288825648 0.6
      vertex 4.877914287149906 2.454796428126948 0.6
      vertex 4.754399999976158 2.467632146818297 0.6
    endloop
  endfacet
  facet normal 0 0 1
    outer loop
      vertex 4.946939282119274 2.4484964332410266 0.6
      vertex 5.030938394367695 2.3750839329191615 0.6
      vertex 4.988596431910992 2.454796428126948 0.6
    endloop
  endfacet
  facet normal -1 0 0
    outer loop
      vertex 0 0 0
      vertex 0 5 0.6
      vertex 0 5 0
    endloop
  endfacet
  facet normal 0 0 -1
    outer loop
      vertex 0 0 0
      vertex 0 5 0
      vertex 10 5 0
    endloop
  endfacet
  facet normal 0 1 0
    outer loop
      vertex 0 5 0
      vertex 0 5 0.6
      vertex 10 5 0
    endloop
  endfacet
  facet normal 0 0 1
    outer loop
      vertex 0 0 0.6
      vertex 0.9055928513407707 4.227567853672164 0.6
      vertex 0.7925999984145164 4.3060285693832805 0.6
    endloop
  endfacet
  facet normal 0 0 1
    outer loop
      vertex 0 0 0.6
      vertex 0.7925999984145164 4.3060285693832805 0.6
      vertex 0.7174178510904312 4.420125002307551 0.6
    endloop
  endfacet
  facet normal 0 0 1
    outer loop
      vertex 0 0 0.6
      vertex 0.7174178510904312 4.420125002307551 0.6
      vertex 0.692357137799263 4.55309999947037 0.6
    endloop
  endfacet
  facet normal 0 0 1
    outer loop
      vertex 0 0 0.6
      vertex 1.0439999997615814 4.201414289219039 0.6
      vertex 0.9055928513407707 4.227567853672164 0.6
    endloop
  endfacet
  facet normal 0 0 1
    outer loop
      vertex 0 0 0.6
      vertex 1.1823964267969131 4.227567853672164 0.6
      vertex 1.0439999997615814 4.201414289219039 0.6
    endloop
  endfacet
  facet normal 0 0 1
    outer loop
      vertex 0 0 0.6
      vertex 0.692357137799263 4.55309999947037 0.6
      vertex 0 5 0.6
    endloop
  endfacet
  facet normal 0 0 1
    outer loop
      vertex 0 5 0.6
      vertex 0.692357137799263 4.55309999947037 0.6
      vertex 0.7177821397781372 4.689674997968333 0.6
    endloop
  endfacet
  facet normal 0 0 1
    outer loop
      vertex 0 5 0.6
      vertex 0.7177821397781372 4.689674997968333 0.6
      vertex 0.7940571382641792 4.802999997777598 0.6
    endloop
  endfacet
  facet normal 0 0 1
    outer loop
      vertex 0 5 0.6
      vertex 0.7940571382641792 4.802999997777598 0.6
      vertex 0.9074142798781395 4.879307145518916 0.6
    endloop
  endfacet
  facet normal 0 0 1
    outer loop
      vertex 0 5 0.6
      vertex 0.9074142798781395 4.879307145518916 0.6
      vertex 1.0439999997615814 4.904742853982108 0.6
    endloop
  endfacet
  facet normal 0 0 1
    outer loop
      vertex 4.055407144129276 3.015775004667895 0.6
      vertex 1.2953571379184723 4.3060285693832805 0.6
      vertex 1.1823964267969131 4.227567853672164 0.6
    endloop
  endfacet
  facet normal 0 0 1
    outer loop
      vertex 1.2953571379184723 4.3060285693832805 0.6
      vertex 4.097789287567139 3.142560715121882 0.6
      vertex 1.3705714270472527 4.420125002307551 0.6
    endloop
  endfacet
  facet normal 0 0 1
    outer loop
      vertex 1.3705714270472527 4.420125002307551 0.6
      vertex 4.097789287567139 3.142560715121882 0.6
      vertex 1.3956428542733192 4.55309999947037 0.6
    endloop
  endfacet
  facet normal 0 0 1
    outer loop
      vertex 1.3956428542733192 4.55309999947037 0.6
      vertex 4.097789287567139 3.142560715121882 0.6
      vertex 1.3702071383595467 4.689674997968333 0.6
    endloop
  endfacet
  facet normal 0 0 1
    outer loop
      vertex 1.3702071383595467 4.689674997968333 0.6
      vertex 3.3760239258408546 4.156023571533816 0.6
      vertex 1.2938999980688095 4.802999997777598 0.6
    endloop
  endfacet
  facet normal 0 0 1
    outer loop
      vertex 1.2938999980688095 4.802999997777598 0.6
      vertex 3.553015358746052 4.156023571533816 0.6
      vertex 1.1805749982595444 4.879307145518916 0.6
    endloop
  endfacet
  facet normal 0 0 1
    outer loop
      vertex 4.055407144129276 3.015775004667895 0.6
      vertex 1.1823964267969131 4.227567853672164 0.6
      vertex 4.066426783800125 2.9469026795455386 0.6
    endloop
  endfacet
  facet normal 0 0 1
    outer loop
      vertex 3.3760239258408546 3.571428569299834 0.6
      vertex 4.097789287567139 3.142560715121882 0.6
      vertex 3.5752453580498695 3.571428569299834 0.6
    endloop
  endfacet
  facet normal 0 0 1
    outer loop
      vertex 1.2953571379184723 4.3060285693832805 0.6
      vertex 4.055407144129276 3.015775004667895 0.6
      vertex 4.066002681851387 3.089369649333613 0.6
    endloop
  endfacet
  facet normal 0 0 1
    outer loop
      vertex 1.2953571379184723 4.3060285693832805 0.6
      vertex 4.066002681851387 3.089369649333613 0.6
      vertex 4.097789287567139 3.142560715121882 0.6
    endloop
  endfacet
  facet normal 0 0 1
    outer loop
      vertex 3.5752453580498695 3.571428569299834 0.6
      vertex 3.710823930799961 3.571428569299834 0.6
      vertex 3.5752453580498695 3.5945328569837978 0.6
    endloop
  endfacet
  facet normal 0 0 1
    outer loop
      vertex 3.5752453580498695 3.5945328569837978 0.6
      vertex 3.710823930799961 3.571428569299834 0.6
      vertex 3.4967782124876976 4.074065709752696 0.6
    endloop
  endfacet
  facet normal 0 0 1
    outer loop
      vertex 4.223485715687275 2.4712642899581363 0.6
      vertex 4.222517855465412 2.8523000052997043 0.6
      vertex 4.150406248867512 2.460516969008105 0.6
    endloop
  endfacet
  facet normal 0 0 1
    outer loop
      vertex 4.275980360805988 2.468175897640841 0.6
      vertex 4.222517855465412 2.8523000052997043 0.6
      vertex 4.223485715687275 2.4712642899581363 0.6
    endloop
  endfacet
  facet normal 0 0 1
    outer loop
      vertex 4.332228571176529 2.4589107132383754 0.6
      vertex 4.222517855465412 2.8523000052997043 0.6
      vertex 4.275980360805988 2.468175897640841 0.6
    endloop
  endfacet
  facet normal 0 0 1
    outer loop
      vertex 4.332228571176529 2.4589107132383754 0.6
      vertex 4.380203574895859 2.467632146818297 0.6
      vertex 4.222517855465412 2.8523000052997043 0.6
    endloop
  endfacet
  facet normal 0 0 1
    outer loop
      vertex 4.380203574895859 2.467632146818297 0.6
      vertex 4.281791962683201 2.856114285332816 0.6
      vertex 4.222517855465412 2.8523000052997043 0.6
    endloop
  endfacet
  facet normal 0 0 1
    outer loop
      vertex 4.135935716331005 2.9082428610750606 0.6
      vertex 4.172658033668995 2.8802705353924205 0.6
      vertex 4.223003573715687 2.870946431798594 0.6
    endloop
  endfacet
  facet normal 0 0 1
    outer loop
      vertex 4.135935716331005 2.9082428610750606 0.6
      vertex 4.223003573715687 2.870946431798594 0.6
      vertex 4.249824106693268 2.8726116067596843 0.6
    endloop
  endfacet
  facet normal 0 0 1
    outer loop
      vertex 4.135935716331005 2.9082428610750606 0.6
      vertex 4.275071427226067 2.8776071465441158 0.6
      vertex 4.113502681255341 2.9538973218628337 0.6
    endloop
  endfacet
  facet normal 0 0 1
    outer loop
      vertex 4.135935716331005 2.9082428610750606 0.6
      vertex 4.249824106693268 2.8726116067596843 0.6
      vertex 4.275071427226067 2.8776071465441158 0.6
    endloop
  endfacet
  facet normal 0 0 1
    outer loop
      vertex 4.383353568613529 2.8699785715767314 0.6
      vertex 4.337071426212788 2.8675571477838924 0.6
      vertex 4.383353568613529 2.857142860335963 0.6
    endloop
  endfacet
  facet normal 0 0 1
    outer loop
      vertex 4.113502681255341 2.9538973218628337 0.6
      vertex 4.275071427226067 2.8776071465441158 0.6
      vertex 4.296989284455776 2.8853875047394206 0.6
    endloop
  endfacet
  facet normal 0 0 1
    outer loop
      vertex 4.113502681255341 2.9538973218628337 0.6
      vertex 4.296989284455776 2.8853875047394206 0.6
      vertex 4.31382142752409 2.8954071423837116 0.6
    endloop
  endfacet
  facet normal 0 0 1
    outer loop
      vertex 4.113502681255341 2.9538973218628337 0.6
      vertex 4.31382142752409 2.8954071423837116 0.6
      vertex 4.322782143950462 2.9438464290329387 0.6
    endloop
  endfacet
  facet normal 0 0 1
    outer loop
      vertex 4.337071426212788 2.8675571477838924 0.6
      vertex 4.383353568613529 2.8699785715767314 0.6
      vertex 4.3385249972343445 2.9438464290329387 0.6
    endloop
  endfacet
  facet normal 0 0 1
    outer loop
      vertex 4.113502681255341 2.9538973218628337 0.6
      vertex 4.322782143950462 2.9438464290329387 0.6
      vertex 4.106025002896786 3.016260715467589 0.6
    endloop
  endfacet
  facet normal 0 0 1
    outer loop
      vertex 4.106025002896786 3.016260715467589 0.6
      vertex 4.322782143950462 2.9438464290329387 0.6
      vertex 4.113169640302658 3.082982147378581 0.6
    endloop
  endfacet
  facet normal 0 0 1
    outer loop
      vertex 4.113169640302658 3.082982147378581 0.6
      vertex 4.322782143950462 2.9438464290329387 0.6
      vertex 4.134603574872017 3.129603574318545 0.6
    endloop
  endfacet
  facet normal 0 0 1
    outer loop
      vertex 4.134603574872017 3.129603574318545 0.6
      vertex 4.322782143950462 2.9438464290329387 0.6
      vertex 4.171598210930824 3.157032149178641 0.6
    endloop
  endfacet
  facet normal 0 0 1
    outer loop
      vertex 4.3385249972343445 2.9438464290329387 0.6
      vertex 4.171598210930824 3.157032149178641 0.6
      vertex 4.322782143950462 2.9438464290329387 0.6
    endloop
  endfacet
  facet normal 0 0 1
    outer loop
      vertex 4.3385249972343445 2.9438464290329387 0.6
      vertex 4.383353568613529 2.8699785715767314 0.6
      vertex 4.380203574895859 3.1690821445413997 0.6
    endloop
  endfacet
  facet normal 0 0 1
    outer loop
      vertex 4.171598210930824 3.157032149178641 0.6
      vertex 4.3385249972343445 2.9438464290329387 0.6
      vertex 4.225424997508526 3.166175002498286 0.6
    endloop
  endfacet
  facet normal 0 0 1
    outer loop
      vertex 4.225424997508526 3.166175002498286 0.6
      vertex 4.3385249972343445 2.9438464290329387 0.6
      vertex 4.248462498188019 3.1647517925926616 0.6
    endloop
  endfacet
  facet normal 0 0 1
    outer loop
      vertex 4.248462498188019 3.1647517925926616 0.6
      vertex 4.3385249972343445 2.9438464290329387 0.6
      vertex 4.271075002849102 3.1604821479746272 0.6
    endloop
  endfacet
  facet normal 0 0 1
    outer loop
      vertex 4.317696429789066 3.1022357142397334 0.6
      vertex 4.3385249972343445 2.9438464290329387 0.6
      vertex 4.333682142198086 3.1022357142397334 0.6
    endloop
  endfacet
  facet normal 0 0 1
    outer loop
      vertex 4.310432143509388 3.144378574831145 0.6
      vertex 4.3385249972343445 2.9438464290329387 0.6
      vertex 4.317696429789066 3.1022357142397334 0.6
    endloop
  endfacet
  facet normal 0 0 1
    outer loop
      vertex 4.271075002849102 3.1604821479746272 0.6
      vertex 4.3385249972343445 2.9438464290329387 0.6
      vertex 4.310432143509388 3.144378574831145 0.6
    endloop
  endfacet
  facet normal 0 0 1
    outer loop
      vertex 4.3385249972343445 2.9438464290329387 0.6
      vertex 4.380203574895859 3.1690821445413997 0.6
      vertex 4.333682142198086 3.1022357142397334 0.6
    endloop
  endfacet
  facet normal 0 0 1
    outer loop
      vertex 4.281791962683201 2.856114285332816 0.6
      vertex 4.380203574895859 2.467632146818297 0.6
      vertex 4.502750001847744 2.467632146818297 0.6
    endloop
  endfacet
  facet normal 0 0 1
    outer loop
      vertex 4.281791962683201 2.856114285332816 0.6
      vertex 4.502750001847744 2.467632146818297 0.6
      vertex 4.592117853462696 2.443716073674815 0.6
    endloop
  endfacet
  facet normal 0 0 1
    outer loop
      vertex 4.281791962683201 2.856114285332816 0.6
      vertex 4.592117853462696 2.443716073674815 0.6
      vertex 4.6560714319348335 2.467632146818297 0.6
    endloop
  endfacet
  facet normal 0 0 1
    outer loop
      vertex 4.281791962683201 2.856114285332816 0.6
      vertex 4.6560714319348335 2.467632146818297 0.6
      vertex 4.754399999976158 2.467632146818297 0.6
    endloop
  endfacet
  facet normal 0 0 1
    outer loop
      vertex 4.281791962683201 2.856114285332816 0.6
      vertex 4.754399999976158 2.467632146818297 0.6
      vertex 4.877914287149906 2.467632146818297 0.6
    endloop
  endfacet
  facet normal 0 0 1
    outer loop
      vertex 5.11534196138382 2.460516969008105 0.6
      vertex 4.337071426212788 2.8675571477838924 0.6
      vertex 4.281791962683201 2.856114285332816 0.6
    endloop
  endfacet
  facet normal 0 0 1
    outer loop
      vertex 5.188421428203583 2.4712642899581363 0.6
      vertex 4.383353568613529 2.857142860335963 0.6
      vertex 4.337071426212788 2.8675571477838924 0.6
    endloop
  endfacet
  facet normal 0 0 1
    outer loop
      vertex 4.281791962683201 2.856114285332816 0.6
      vertex 4.877914287149906 2.467632146818297 0.6
      vertex 4.988596431910992 2.467632146818297 0.6
    endloop
  endfacet
  facet normal 0 0 1
    outer loop
      vertex 5.11534196138382 2.460516969008105 0.6
      vertex 4.281791962683201 2.856114285332816 0.6
      vertex 4.988596431910992 2.467632146818297 0.6
    endloop
  endfacet
  facet normal 0 0 1
    outer loop
      vertex 5.188421428203583 2.4712642899581363 0.6
      vertex 4.337071426212788 2.8675571477838924 0.6
      vertex 5.11534196138382 2.460516969008105 0.6
    endloop
  endfacet
  facet normal 0 0 1
    outer loop
      vertex 5.188421428203583 2.4712642899581363 0.6
      vertex 4.52018928527832 2.857142860335963 0.6
      vertex 4.383353568613529 2.857142860335963 0.6
    endloop
  endfacet
  facet normal 0 0 1
    outer loop
      vertex 5.188421428203583 2.4712642899581363 0.6
      vertex 4.6560714319348335 2.857142860335963 0.6
      vertex 4.52018928527832 2.857142860335963 0.6
    endloop
  endfacet
  facet normal 0 0 1
    outer loop
      vertex 5.345139287412167 2.454796428126948 0.6
      vertex 4.7667500004172325 2.857142860335963 0.6
      vertex 4.6560714319348335 2.857142860335963 0.6
    endloop
  endfacet
  facet normal 0 0 1
    outer loop
      vertex 4.468603573739529 2.8765178567596843 0.6
      vertex 4.52018928527832 2.8699785715767314 0.6
      vertex 4.468603573739529 2.9845321497746875 0.6
    endloop
  endfacet
  facet normal 0 0 1
    outer loop
      vertex 4.468603573739529 2.9845321497746875 0.6
      vertex 4.52018928527832 2.8699785715767314 0.6
      vertex 4.505171425640583 2.9845321497746875 0.6
    endloop
  endfacet
  facet normal 0 0 1
    outer loop
      vertex 4.505171425640583 2.9845321497746875 0.6
      vertex 4.52018928527832 2.8699785715767314 0.6
      vertex 4.5550330355763435 2.991010720176356 0.6
    endloop
  endfacet
  facet normal 0 0 1
    outer loop
      vertex 4.52018928527832 2.857142860335963 0.6
      vertex 4.6560714319348335 2.8699785715767314 0.6
      vertex 4.52018928527832 2.8699785715767314 0.6
    endloop
  endfacet
  facet normal 0 0 1
    outer loop
      vertex 4.6560714319348335 2.8699785715767314 0.6
      vertex 4.52018928527832 2.857142860335963 0.6
      vertex 4.6560714319348335 2.857142860335963 0.6
    endloop
  endfacet
  facet normal 0 0 1
    outer loop
      vertex 4.52018928527832 2.8699785715767314 0.6
      vertex 4.6560714319348335 2.8699785715767314 0.6
      vertex 4.5550330355763435 2.991010720176356 0.6
    endloop
  endfacet
  facet normal 0 0 1
    outer loop
      vertex 4.5550330355763435 2.991010720176356 0.6
      vertex 4.6560714319348335 2.8699785715767314 0.6
      vertex 4.591753572225571 3.0104464313813617 0.6
    endloop
  endfacet
  facet normal 0 0 1
    outer loop
      vertex 4.6977285742759705 2.8765178567596843 0.6
      vertex 4.591753572225571 3.0104464313813617 0.6
      vertex 4.6560714319348335 2.8699785715767314 0.6
    endloop
  endfacet
  facet normal 0 0 1
    outer loop
      vertex 4.421860717236996 2.8765178567596843 0.6
      vertex 4.421860717236996 3.162782149655478 0.6
      vertex 4.383353568613529 2.8699785715767314 0.6
    endloop
  endfacet
  facet normal 0 0 1
    outer loop
      vertex 4.4937892854213715 3.0063321462699344 0.6
      vertex 4.529359824955463 3.0109937510320117 0.6
      vertex 4.468603573739529 3.0063321462699344 0.6
    endloop
  endfacet
  facet normal 0 0 1
    outer loop
      vertex 4.529359824955463 3.0109937510320117 0.6
      vertex 4.554214283823967 3.0249785727688243 0.6
      vertex 4.468603573739529 3.0063321462699344 0.6
    endloop
  endfacet
  facet normal 0 0 1
    outer loop
      vertex 4.554214283823967 3.0249785727688243 0.6
      vertex 4.568836607038975 3.049500899655478 0.6
      vertex 4.468603573739529 3.0063321462699344 0.6
    endloop
  endfacet
  facet normal 0 0 1
    outer loop
      vertex 4.421860717236996 3.162782149655478 0.6
      vertex 4.380203574895859 3.1690821445413997 0.6
      vertex 4.383353568613529 2.8699785715767314 0.6
    endloop
  endfacet
  facet normal 0 0 1
    outer loop
      vertex 4.492335714399815 3.1601178592869212 0.6
      vertex 4.468603573739529 3.1601178592869212 0.6
      vertex 4.468603573739529 3.0063321462699344 0.6
    endloop
  endfacet
  facet normal 0 0 1
    outer loop
      vertex 4.569048210978508 3.1200366115995815 0.6
      vertex 4.555060714483261 3.1429214349814822 0.6
      vertex 4.468603573739529 3.0063321462699344 0.6
    endloop
  endfacet
  facet normal 0 0 1
    outer loop
      vertex 4.555060714483261 3.1429214349814822 0.6
      vertex 4.5300562530756 3.1558187550732066 0.6
      vertex 4.468603573739529 3.0063321462699344 0.6
    endloop
  endfacet
  facet normal 0 0 1
    outer loop
      vertex 4.5300562530756 3.1558187550732066 0.6
      vertex 4.492335714399815 3.1601178592869212 0.6
      vertex 4.468603573739529 3.0063321462699344 0.6
    endloop
  endfacet
  facet normal 0 0 1
    outer loop
      vertex 4.591753572225571 3.0104464313813617 0.6
      vertex 4.6977285742759705 2.8765178567596843 0.6
      vertex 4.614368751645088 3.0423553607293536 0.6
    endloop
  endfacet
  facet normal 0 0 1
    outer loop
      vertex 4.614368751645088 3.0423553607293536 0.6
      vertex 4.6977285742759705 2.8765178567596843 0.6
      vertex 4.621907144784927 3.0862535781094005 0.6
    endloop
  endfacet
  facet normal 0 0 1
    outer loop
      vertex 4.6977285742759705 2.8765178567596843 0.6
      vertex 4.6977285742759705 3.162782149655478 0.6
      vertex 4.621907144784927 3.0862535781094005 0.6
    endloop
  endfacet
  facet normal 0 0 1
    outer loop
      vertex 4.568836607038975 3.049500899655478 0.6
      vertex 4.5737107172608376 3.085767859859126 0.6
      vertex 4.468603573739529 3.0063321462699344 0.6
    endloop
  endfacet
  facet normal 0 0 1
    outer loop
      vertex 4.5737107172608376 3.085767859859126 0.6
      vertex 4.569048210978508 3.1200366115995815 0.6
      vertex 4.468603573739529 3.0063321462699344 0.6
    endloop
  endfacet
  facet normal 0 0 1
    outer loop
      vertex 4.7667500004172325 2.857142860335963 0.6
      vertex 4.92344643175602 2.857142860335963 0.6
      vertex 4.7667500004172325 2.8699785715767314 0.6
    endloop
  endfacet
  facet normal 0 0 1
    outer loop
      vertex 4.7667500004172325 2.8699785715767314 0.6
      vertex 4.723157145082951 3.1492214298674037 0.6
      vertex 4.723157145082951 2.8765178567596843 0.6
    endloop
  endfacet
  facet normal 0 0 1
    outer loop
      vertex 4.723157145082951 3.1492214298674037 0.6
      vertex 4.7667500004172325 2.8699785715767314 0.6
      vertex 4.92344643175602 2.857142860335963 0.6
    endloop
  endfacet
  facet normal 0 0 1
    outer loop
      vertex 5.020342856645584 3.015775004667895 0.6
      vertex 4.946939282119274 2.857142860335963 0.6
      vertex 5.031362496316433 2.9469026795455386 0.6
    endloop
  endfacet
  facet normal 0 0 1
    outer loop
      vertex 4.946939282119274 2.857142860335963 0.6
      vertex 5.020342856645584 3.015775004667895 0.6
      vertex 5.030938394367695 3.089369649333613 0.6
    endloop
  endfacet
  facet normal 0 0 1
    outer loop
      vertex 4.946939282119274 2.857142860335963 0.6
      vertex 5.030938394367695 3.089369649333613 0.6
      vertex 4.988596431910992 3.1690821445413997 0.6
    endloop
  endfacet
  facet normal 0 0 1
    outer loop
      vertex 4.921507142484188 2.9414250052400996 0.6
      vertex 4.877914287149906 3.1690821445413997 0.6
      vertex 4.754399999976158 3.1819178632327487 0.6
    endloop
  endfacet
  facet normal 0 0 1
    outer loop
      vertex 4.921507142484188 2.9414250052400996 0.6
      vertex 4.921507142484188 3.162782149655478 0.6
      vertex 4.877914287149906 3.1690821445413997 0.6
    endloop
  endfacet
  facet normal 0 0 1
    outer loop
      vertex 4.946939282119274 2.857142860335963 0.6
      vertex 4.988596431910992 3.1690821445413997 0.6
      vertex 4.946939282119274 3.162782149655478 0.6
    endloop
  endfacet
  facet normal 0 0 1
    outer loop
      vertex 3.5752453580498695 3.571428569299834 0.6
      vertex 4.380203574895859 3.1690821445413997 0.6
      vertex 3.710823930799961 3.571428569299834 0.6
    endloop
  endfacet
  facet normal 0 0 1
    outer loop
      vertex 3.5752453580498695 3.571428569299834 0.6
      vertex 4.097789287567139 3.142560715121882 0.6
      vertex 4.150406248867512 3.1748026854225566 0.6
    endloop
  endfacet
  facet normal 0 0 1
    outer loop
      vertex 3.5752453580498695 3.571428569299834 0.6
      vertex 4.150406248867512 3.1748026854225566 0.6
      vertex 4.223485715687275 3.185550006372588 0.6
    endloop
  endfacet
  facet normal 0 0 1
    outer loop
      vertex 3.5752453580498695 3.571428569299834 0.6
      vertex 4.223485715687275 3.185550006372588 0.6
      vertex 4.275980360805988 3.182461614055293 0.6
    endloop
  endfacet
  facet normal 0 0 1
    outer loop
      vertex 3.5752453580498695 3.571428569299834 0.6
      vertex 4.275980360805988 3.182461614055293 0.6
      vertex 4.332228571176529 3.173196429652827 0.6
    endloop
  endfacet
  facet normal 0 0 1
    outer loop
      vertex 3.710823930799961 3.571428569299834 0.6
      vertex 4.380203574895859 3.1690821445413997 0.6
      vertex 3.7260789275169373 3.571428569299834 0.6
    endloop
  endfacet
  facet normal 0 0 1
    outer loop
      vertex 4.380203574895859 3.1690821445413997 0.6
      vertex 3.880840353667736 3.571428569299834 0.6
      vertex 3.7260789275169373 3.571428569299834 0.6
    endloop
  endfacet
  facet normal 0 0 1
    outer loop
      vertex 4.271075002849102 3.1604821479746272 0.6
      vertex 4.310432143509388 3.144378574831145 0.6
      vertex 4.292116068303585 3.153611609978335 0.6
    endloop
  endfacet
  facet normal 0 0 1
    outer loop
      vertex 4.333682142198086 3.1022357142397334 0.6
      vertex 4.380203574895859 3.1690821445413997 0.6
      vertex 4.332228571176529 3.173196429652827 0.6
    endloop
  endfacet
  facet normal 0 0 1
    outer loop
      vertex 3.5752453580498695 3.571428569299834 0.6
      vertex 4.332228571176529 3.173196429652827 0.6
      vertex 4.380203574895859 3.1690821445413997 0.6
    endloop
  endfacet
  facet normal 0 0 1
    outer loop
      vertex 4.380203574895859 3.1819178632327487 0.6
      vertex 3.880840353667736 3.571428569299834 0.6
      vertex 4.380203574895859 3.1690821445413997 0.6
    endloop
  endfacet
  facet normal 0 0 1
    outer loop
      vertex 3.880840353667736 3.5945328569837978 0.6
      vertex 3.7260789275169373 3.571428569299834 0.6
      vertex 3.880840353667736 3.571428569299834 0.6
    endloop
  endfacet
  facet normal 0 0 1
    outer loop
      vertex 3.7260789275169373 3.571428569299834 0.6
      vertex 3.880840353667736 3.5945328569837978 0.6
      vertex 3.959307499229908 4.074065709752696 0.6
    endloop
  endfacet
  facet normal 0 0 1
    outer loop
      vertex 3.880840353667736 3.571428569299834 0.6
      vertex 4.380203574895859 3.1819178632327487 0.6
      vertex 4.117990359663963 3.571428569299834 0.6
    endloop
  endfacet
  facet normal 0 0 1
    outer loop
      vertex 4.117990359663963 3.571428569299834 0.6
      vertex 4.3988032117486 3.5945328569837978 0.6
      vertex 4.117990359663963 3.5945328569837978 0.6
    endloop
  endfacet
  facet normal 0 0 1
    outer loop
      vertex 4.117990359663963 3.571428569299834 0.6
      vertex 4.380203574895859 3.1819178632327487 0.6
      vertex 4.3988032117486 3.571428569299834 0.6
    endloop
  endfacet
  facet normal 0 0 1
    outer loop
      vertex 4.3988032117486 3.5945328569837978 0.6
      vertex 4.117990359663963 3.571428569299834 0.6
      vertex 4.3988032117486 3.571428569299834 0.6
    endloop
  endfacet
  facet normal 0 0 1
    outer loop
      vertex 4.117990359663963 3.5945328569837978 0.6
      vertex 4.3988032117486 3.5945328569837978 0.6
      vertex 4.043007500469685 3.6063035673328807 0.6
    endloop
  endfacet
  facet normal 0 0 1
    outer loop
      vertex 4.621907144784927 3.0862535781094005 0.6
      vertex 4.6560714319348335 3.1690821445413997 0.6
      vertex 4.592117853462696 3.1580017900892665 0.6
    endloop
  endfacet
  facet normal 0 0 1
    outer loop
      vertex 4.6560714319348335 3.1690821445413997 0.6
      vertex 4.621907144784927 3.0862535781094005 0.6
      vertex 4.6977285742759705 3.162782149655478 0.6
    endloop
  endfacet
  facet normal 0 0 1
    outer loop
      vertex 4.6560714319348335 3.1819178632327487 0.6
      vertex 4.592117853462696 3.1580017900892665 0.6
      vertex 4.6560714319348335 3.1690821445413997 0.6
    endloop
  endfacet
  facet normal 0 0 1
    outer loop
      vertex 4.502750001847744 3.1819178632327487 0.6
      vertex 4.3988032117486 3.571428569299834 0.6
      vertex 4.380203574895859 3.1819178632327487 0.6
    endloop
  endfacet
  facet normal 0 0 1
    outer loop
      vertex 4.592117853462696 3.1580017900892665 0.6
      vertex 4.3988032117486 3.571428569299834 0.6
      vertex 4.502750001847744 3.1819178632327487 0.6
    endloop
  endfacet
  facet normal 0 0 1
    outer loop
      vertex 4.592117853462696 3.1580017900892665 0.6
      vertex 4.6560714319348335 3.1819178632327487 0.6
      vertex 4.3988032117486 3.571428569299834 0.6
    endloop
  endfacet
  facet normal 0 0 1
    outer loop
      vertex 4.754399999976158 3.1819178632327487 0.6
      vertex 4.645107500255108 3.571428569299834 0.6
      vertex 4.6560714319348335 3.1819178632327487 0.6
    endloop
  endfacet
  facet normal 0 0 1
    outer loop
      vertex 4.877914287149906 3.1819178632327487 0.6
      vertex 4.754399999976158 3.1819178632327487 0.6
      vertex 4.877914287149906 3.1690821445413997 0.6
    endloop
  endfacet
  facet normal 0 0 1
    outer loop
      vertex 4.754399999976158 3.1819178632327487 0.6
      vertex 4.877914287149906 3.1819178632327487 0.6
      vertex 4.645107500255108 3.571428569299834 0.6
    endloop
  endfacet
  facet normal 0 0 1
    outer loop
      vertex 4.988596431910992 3.1819178632327487 0.6
      vertex 4.645107500255108 3.571428569299834 0.6
      vertex 4.877914287149906 3.1819178632327487 0.6
    endloop
  endfacet
  facet normal 0 0 1
    outer loop
      vertex 5.188421428203583 3.185550006372588 0.6
      vertex 4.645107500255108 3.571428569299834 0.6
      vertex 4.988596431910992 3.1819178632327487 0.6
    endloop
  endfacet
  facet normal 0 0 1
    outer loop
      vertex 4.645107500255108 3.571428569299834 0.6
      vertex 5.345139287412167 3.1690821445413997 0.6
      vertex 4.896233215928078 3.571428569299834 0.6
    endloop
  endfacet
  facet normal 0 0 1
    outer loop
      vertex 4.3988032117486 3.571428569299834 0.6
      vertex 4.6560714319348335 3.1819178632327487 0.6
      vertex 4.645107500255108 3.571428569299834 0.6
    endloop
  endfacet
  facet normal 0 0 1
    outer loop
      vertex 4.552253216505051 3.6063035673328807 0.6
      vertex 4.645107500255108 3.5945328569837978 0.6
      vertex 4.552253216505051 3.8007292843290736 0.6
    endloop
  endfacet
  facet normal 0 0 1
    outer loop
      vertex 4.552253216505051 3.8007292843290736 0.6
      vertex 4.645107500255108 3.5945328569837978 0.6
      vertex 4.618075355887413 3.8007292843290736 0.6
    endloop
  endfacet
  facet normal 0 0 1
    outer loop
      vertex 4.618075355887413 3.8007292843290736 0.6
      vertex 4.645107500255108 3.5945328569837978 0.6
      vertex 4.707826249301434 3.812390709561961 0.6
    endloop
  endfacet
  facet normal 0 0 1
    outer loop
      vertex 4.645107500255108 3.571428569299834 0.6
      vertex 4.896233215928078 3.5945328569837978 0.6
      vertex 4.645107500255108 3.5945328569837978 0.6
    endloop
  endfacet
  facet normal 0 0 1
    outer loop
      vertex 4.896233215928078 3.5945328569837978 0.6
      vertex 4.645107500255108 3.571428569299834 0.6
      vertex 4.896233215928078 3.571428569299834 0.6
    endloop
  endfacet
  facet normal 0 0 1
    outer loop
      vertex 4.645107500255108 3.5945328569837978 0.6
      vertex 4.896233215928078 3.5945328569837978 0.6
      vertex 4.707826249301434 3.812390709561961 0.6
    endloop
  endfacet
  facet normal 0 0 1
    outer loop
      vertex 3.3760239258408546 3.5945328569837978 0.6
      vertex 1.3702071383595467 4.689674997968333 0.6
      vertex 3.3760239258408546 3.571428569299834 0.6
    endloop
  endfacet
  facet normal 0 0 1
    outer loop
      vertex 1.3702071383595467 4.689674997968333 0.6
      vertex 4.097789287567139 3.142560715121882 0.6
      vertex 3.3760239258408546 3.571428569299834 0.6
    endloop
  endfacet
  facet normal 0 0 1
    outer loop
      vertex 1.3702071383595467 4.689674997968333 0.6
      vertex 3.3760239258408546 3.5945328569837978 0.6
      vertex 3.3760239258408546 4.132919283849852 0.6
    endloop
  endfacet
  facet normal 0 0 1
    outer loop
      vertex 3.3760239258408546 4.156023571533816 0.6
      vertex 1.3702071383595467 4.689674997968333 0.6
      vertex 3.3760239258408546 4.132919283849852 0.6
    endloop
  endfacet
  facet normal 0 0 1
    outer loop
      vertex 3.553015358746052 4.156023571533816 0.6
      vertex 1.2938999980688095 4.802999997777598 0.6
      vertex 3.3760239258408546 4.156023571533816 0.6
    endloop
  endfacet
  facet normal 0 0 1
    outer loop
      vertex 3.4510067850351334 3.6063035673328807 0.6
      vertex 3.4510067850351334 4.121579284114497 0.6
      vertex 3.3760239258408546 3.5945328569837978 0.6
    endloop
  endfacet
  facet normal 0 0 1
    outer loop
      vertex 3.4510067850351334 4.121579284114497 0.6
      vertex 3.3760239258408546 4.132919283849852 0.6
      vertex 3.3760239258408546 3.5945328569837978 0.6
    endloop
  endfacet
  facet normal 0 0 1
    outer loop
      vertex 3.5752453580498695 3.5945328569837978 0.6
      vertex 3.4967782124876976 4.074065709752696 0.6
      vertex 3.4967782124876976 3.6063035673328807 0.6
    endloop
  endfacet
  facet normal 0 0 1
    outer loop
      vertex 3.553015358746052 4.156023571533816 0.6
      vertex 3.7430825009942055 3.711365709347384 0.6
      vertex 3.95059035718441 4.156023571533816 0.6
    endloop
  endfacet
  facet normal 0 0 1
    outer loop
      vertex 1.1805749982595444 4.879307145518916 0.6
      vertex 3.553015358746052 4.156023571533816 0.6
      vertex 3.95059035718441 4.156023571533816 0.6
    endloop
  endfacet
  facet normal 0 0 1
    outer loop
      vertex 1.1805749982595444 4.879307145518916 0.6
      vertex 3.95059035718441 4.156023571533816 0.6
      vertex 4.117990359663963 4.156023571533816 0.6
    endloop
  endfacet
  facet normal 0 0 1
    outer loop
      vertex 1.1805749982595444 4.879307145518916 0.6
      vertex 6.262118212878704 4.14381571326937 0.6
      vertex 1.0439999997615814 4.904742853982108 0.6
    endloop
  endfacet
  facet normal 0 0 1
    outer loop
      vertex 1.1805749982595444 4.879307145518916 0.6
      vertex 4.117990359663963 4.156023571533816 0.6
      vertex 4.393133215606213 4.156023571533816 0.6
    endloop
  endfacet
  facet normal 0 0 1
    outer loop
      vertex 1.1805749982595444 4.879307145518916 0.6
      vertex 4.393133215606213 4.156023571533816 0.6
      vertex 4.613716788589954 4.156023571533816 0.6
    endloop
  endfacet
  facet normal 0 0 1
    outer loop
      vertex 1.1805749982595444 4.879307145518916 0.6
      vertex 4.613716788589954 4.156023571533816 0.6
      vertex 4.896233215928078 4.156023571533816 0.6
    endloop
  endfacet
  facet normal 0 0 1
    outer loop
      vertex 1.1805749982595444 4.879307145518916 0.6
      vertex 4.896233215928078 4.156023571533816 0.6
      vertex 5.129898928105831 4.156023571533816 0.6
    endloop
  endfacet
  facet normal 0 0 1
    outer loop
      vertex 0 5 0.6
      vertex 1.0439999997615814 4.904742853982108 0.6
      vertex 10 5 0.6
    endloop
  endfacet
  facet normal 0 0 1
    outer loop
      vertex 3.959307499229908 3.6063035673328807 0.6
      vertex 3.959307499229908 4.074065709752696 0.6
      vertex 3.880840353667736 3.5945328569837978 0.6
    endloop
  endfacet
  facet normal 0 0 1
    outer loop
      vertex 4.043007500469685 3.6063035673328807 0.6
      vertex 4.3988032117486 3.5945328569837978 0.6
      vertex 4.468116074800491 4.121579284114497 0.6
    endloop
  endfacet
  facet normal 0 0 1
    outer loop
      vertex 4.043007500469685 3.6063035673328807 0.6
      vertex 4.117990359663963 4.132919283849852 0.6
      vertex 4.043007500469685 4.121579284114497 0.6
    endloop
  endfacet
  facet normal 0 0 1
    outer loop
      vertex 4.043007500469685 3.6063035673328807 0.6
      vertex 4.468116074800491 4.121579284114497 0.6
      vertex 4.117990359663963 4.132919283849852 0.6
    endloop
  endfacet
  facet normal 0 0 1
    outer loop
      vertex 4.117990359663963 4.132919283849852 0.6
      vertex 4.393133215606213 4.156023571533816 0.6
      vertex 4.117990359663963 4.156023571533816 0.6
    endloop
  endfacet
  facet normal 0 0 1
    outer loop
      vertex 4.393133215606213 4.156023571533816 0.6
      vertex 4.117990359663963 4.132919283849852 0.6
      vertex 4.393133215606213 4.132919283849852 0.6
    endloop
  endfacet
  facet normal 0 0 1
    outer loop
      vertex 4.468116074800491 4.121579284114497 0.6
      vertex 4.393133215606213 4.132919283849852 0.6
      vertex 4.117990359663963 4.132919283849852 0.6
    endloop
  endfacet
  facet normal 0 0 1
    outer loop
      vertex 4.468116074800491 3.6063035673328807 0.6
      vertex 4.468116074800491 4.121579284114497 0.6
      vertex 4.3988032117486 3.5945328569837978 0.6
    endloop
  endfacet
  facet normal 0 0 1
    outer loop
      vertex 4.597587503492832 3.8399692869612148 0.6
      vertex 4.661614462733269 3.848360175532954 0.6
      vertex 4.552253216505051 3.8399692869612148 0.6
    endloop
  endfacet
  facet normal 0 0 1
    outer loop
      vertex 4.661614462733269 3.848360175532954 0.6
      vertex 4.70635250210762 3.8735328561493327 0.6
      vertex 4.552253216505051 3.8399692869612148 0.6
    endloop
  endfacet
  facet normal 0 0 1
    outer loop
      vertex 4.70635250210762 3.8735328561493327 0.6
      vertex 4.732672676444054 3.9176730311342647 0.6
      vertex 4.552253216505051 3.8399692869612148 0.6
    endloop
  endfacet
  facet normal 0 0 1
    outer loop
      vertex 4.732672676444054 3.9176730311342647 0.6
      vertex 4.741446070373058 3.9829535729118755 0.6
      vertex 4.552253216505051 3.8399692869612148 0.6
    endloop
  endfacet
  facet normal 0 0 1
    outer loop
      vertex 4.741446070373058 3.9829535729118755 0.6
      vertex 4.73305357247591 4.044637317103999 0.6
      vertex 4.552253216505051 3.8399692869612148 0.6
    endloop
  endfacet
  facet normal 0 0 1
    outer loop
      vertex 4.662868037819862 4.109045179826873 0.6
      vertex 4.594971068203449 4.116783568901675 0.6
      vertex 4.552253216505051 3.8399692869612148 0.6
    endloop
  endfacet
  facet normal 0 0 1
    outer loop
      vertex 4.594971068203449 4.116783568901675 0.6
      vertex 4.552253216505051 4.116783568901675 0.6
      vertex 4.552253216505051 3.8399692869612148 0.6
    endloop
  endfacet
  facet normal 0 0 1
    outer loop
      vertex 4.707876071333885 4.085829997701304 0.6
      vertex 4.662868037819862 4.109045179826873 0.6
      vertex 4.552253216505051 3.8399692869612148 0.6
    endloop
  endfacet
  facet normal 0 0 1
    outer loop
      vertex 4.73305357247591 4.044637317103999 0.6
      vertex 4.707876071333885 4.085829997701304 0.6
      vertex 4.552253216505051 3.8399692869612148 0.6
    endloop
  endfacet
  facet normal 0 0 1
    outer loop
      vertex 4.707826249301434 3.812390709561961 0.6
      vertex 4.896233215928078 3.5945328569837978 0.6
      vertex 4.773923210799694 3.847375000161784 0.6
    endloop
  endfacet
  facet normal 0 0 1
    outer loop
      vertex 4.971216075122356 3.6063035673328807 0.6
      vertex 4.971216075122356 4.121579284114497 0.6
      vertex 4.896233215928078 3.5945328569837978 0.6
    endloop
  endfacet
  facet normal 0 0 1
    outer loop
      vertex 4.971216075122356 4.121579284114497 0.6
      vertex 4.773923210799694 3.847375000161784 0.6
      vertex 4.896233215928078 3.5945328569837978 0.6
    endloop
  endfacet
  facet normal 0 0 1
    outer loop
      vertex 4.773923210799694 3.847375000161784 0.6
      vertex 4.971216075122356 4.121579284114497 0.6
      vertex 4.814630538225174 3.9048110714980533 0.6
    endloop
  endfacet
  facet normal 0 0 1
    outer loop
      vertex 4.814630538225174 3.9048110714980533 0.6
      vertex 4.971216075122356 4.121579284114497 0.6
      vertex 4.82819963991642 3.983827853841441 0.6
    endloop
  endfacet
  facet normal 0 0 1
    outer loop
      vertex 4.82819963991642 3.983827853841441 0.6
      vertex 4.896233215928078 4.132919283849852 0.6
      vertex 4.774578928947449 4.112974638385432 0.6
    endloop
  endfacet
  facet normal 0 0 1
    outer loop
      vertex 4.774578928947449 4.112974638385432 0.6
      vertex 4.896233215928078 4.156023571533816 0.6
      vertex 4.613716788589954 4.156023571533816 0.6
    endloop
  endfacet
  facet normal 0 0 1
    outer loop
      vertex 4.896233215928078 4.132919283849852 0.6
      vertex 4.82819963991642 3.983827853841441 0.6
      vertex 4.971216075122356 4.121579284114497 0.6
    endloop
  endfacet
  facet normal 0 0 1
    outer loop
      vertex 4.896233215928078 4.156023571533816 0.6
      vertex 4.774578928947449 4.112974638385432 0.6
      vertex 4.896233215928078 4.132919283849852 0.6
    endloop
  endfacet
  facet normal 0 0 1
    outer loop
      vertex 1.1805749982595444 4.879307145518916 0.6
      vertex 5.129898928105831 4.156023571533816 0.6
      vertex 5.50046107172966 4.162561426205294 0.6
    endloop
  endfacet
  facet normal 0 0 1
    outer loop
      vertex 1.1805749982595444 4.879307145518916 0.6
      vertex 5.50046107172966 4.162561426205294 0.6
      vertex 5.594951428472996 4.157002317053931 0.6
    endloop
  endfacet
  facet normal 0 0 1
    outer loop
      vertex 1.1805749982595444 4.879307145518916 0.6
      vertex 5.594951428472996 4.157002317053931 0.6
      vertex 5.817428216338158 4.14381571326937 0.6
    endloop
  endfacet
  facet normal 0 0 1
    outer loop
      vertex 1.1805749982595444 4.879307145518916 0.6
      vertex 5.817428216338158 4.14381571326937 0.6
      vertex 5.8576405346393585 4.153241606695311 0.6
    endloop
  endfacet
  facet normal 0 0 1
    outer loop
      vertex 1.1805749982595444 4.879307145518916 0.6
      vertex 5.8576405346393585 4.153241606695311 0.6
      vertex 5.891967497766018 4.158852139753955 0.6
    endloop
  endfacet
  facet normal 0 0 1
    outer loop
      vertex 1.1805749982595444 4.879307145518916 0.6
      vertex 5.891967497766018 4.158852139753955 0.6
      vertex 5.923248931765556 4.161634104592459 0.6
    endloop
  endfacet
  facet normal 0 0 1
    outer loop
      vertex 1.1805749982595444 4.879307145518916 0.6
      vertex 5.923248931765556 4.161634104592459 0.6
      vertex 5.954311788082123 4.162561426205294 0.6
    endloop
  endfacet
  facet normal 0 0 1
    outer loop
      vertex 1.1805749982595444 4.879307145518916 0.6
      vertex 5.954311788082123 4.162561426205294 0.6
      vertex 6.262118212878704 4.14381571326937 0.6
    endloop
  endfacet
  facet normal 0 0 1
    outer loop
      vertex 1.0439999997615814 4.904742853982108 0.6
      vertex 6.262118212878704 4.14381571326937 0.6
      vertex 6.335464999079704 4.157874996108668 0.6
    endloop
  endfacet
  facet normal 0 0 1
    outer loop
      vertex 1.0439999997615814 4.904742853982108 0.6
      vertex 6.335464999079704 4.157874996108668 0.6
      vertex 6.39682249724865 4.162561426205294 0.6
    endloop
  endfacet
  facet normal 0 -1 0
    outer loop
      vertex 0 0 0
      vertex 10 0 0
      vertex 10 0 0.6
    endloop
  endfacet
  facet normal 0 0 -1
    outer loop
      vertex 0 0 0
      vertex 10 5 0
      vertex 10 0 0
    endloop
  endfacet
  facet normal 1 0 0
    outer loop
      vertex 10 0 0
      vertex 10 5 0
      vertex 10 0 0.6
    endloop
  endfacet
  facet normal 0 0 1
    outer loop
      vertex 0 0 0.6
      vertex 10 0 0.6
      vertex 6.310662500560284 0.7142857110926082 0.6
    endloop
  endfacet
  facet normal 0 0 1
    outer loop
      vertex 5.303358927369118 0.7271214223333766 0.6
      vertex 5.153655357658863 0.7067785656877925 0.6
      vertex 5.303358927369118 0.7142857110926082 0.6
    endloop
  endfacet
  facet normal 0 0 1
    outer loop
      vertex 5.056541070342064 0.9305607101746967 0.6
      vertex 4.9700803607702255 0.7067785656877925 0.6
      vertex 5.140819646418095 0.7067785656877925 0.6
    endloop
  endfacet
  facet normal 0 0 1
    outer loop
      vertex 5.153655357658863 0.7067785656877925 0.6
      vertex 5.303358927369118 0.7271214223333766 0.6
      vertex 5.345016069710255 1.0199250004121234 0.6
    endloop
  endfacet
  facet normal 0 0 1
    outer loop
      vertex 5.153655357658863 0.7067785656877925 0.6
      vertex 5.2880696430802345 1.026224995298045 0.6
      vertex 5.259733930230141 1.0199250004121234 0.6
    endloop
  endfacet
  facet normal 0 0 1
    outer loop
      vertex 5.153655357658863 0.7067785656877925 0.6
      vertex 5.345016069710255 1.0199250004121234 0.6
      vertex 5.303358927369118 1.026224995298045 0.6
    endloop
  endfacet
  facet normal 0 0 1
    outer loop
      vertex 5.153655357658863 0.7067785656877925 0.6
      vertex 5.303358927369118 1.026224995298045 0.6
      vertex 5.2880696430802345 1.026224995298045 0.6
    endloop
  endfacet
  facet normal 0 0 1
    outer loop
      vertex 5.414037503302097 0.7142857110926082 0.6
      vertex 5.570733927190304 0.7142857110926082 0.6
      vertex 5.414037503302097 0.7271214223333766 0.6
    endloop
  endfacet
  facet normal 0 0 1
    outer loop
      vertex 5.345016069710255 0.7336607075163295 0.6
      vertex 5.345016069710255 1.0199250004121234 0.6
      vertex 5.303358927369118 0.7271214223333766 0.6
    endloop
  endfacet
  facet normal 0 0 1
    outer loop
      vertex 5.414037503302097 0.7271214223333766 0.6
      vertex 5.370444640517235 1.006364280624049 0.6
      vertex 5.370444640517235 0.7336607075163295 0.6
    endloop
  endfacet
  facet normal 0 0 1
    outer loop
      vertex 5.370444640517235 1.006364280624049 0.6
      vertex 5.414037503302097 0.7271214223333766 0.6
      vertex 5.570733927190304 0.7142857110926082 0.6
    endloop
  endfacet
  facet normal 0 0 1
    outer loop
      vertex 5.594226785004139 0.7142857110926082 0.6
      vertex 5.635883927345276 1.026224995298045 0.6
      vertex 5.594226785004139 1.0199250004121234 0.6
    endloop
  endfacet
  facet normal 0 0 1
    outer loop
      vertex 5.15753035992384 0.7910607105919292 0.6
      vertex 5.180541068315506 1.026224995298045 0.6
      vertex 5.073251783847809 1.0162928572722842 0.6
    endloop
  endfacet
  facet normal 0 0 1
    outer loop
      vertex 5.180541068315506 1.039060713989394 0.6
      vertex 5.073251783847809 1.0162928572722842 0.6
      vertex 5.180541068315506 1.026224995298045 0.6
    endloop
  endfacet
  facet normal 0 0 1
    outer loop
      vertex 5.15753035992384 0.7910607105919292 0.6
      vertex 5.2311553582549095 1.0199250004121234 0.6
      vertex 5.180541068315506 1.026224995298045 0.6
    endloop
  endfacet
  facet normal 0 0 1
    outer loop
      vertex 5.2880696430802345 1.026224995298045 0.6
      vertex 5.303358927369118 1.039060713989394 0.6
      vertex 5.2880696430802345 1.039060713989394 0.6
    endloop
  endfacet
  facet normal 0 0 1
    outer loop
      vertex 5.303358927369118 1.039060713989394 0.6
      vertex 5.2880696430802345 1.026224995298045 0.6
      vertex 5.303358927369118 1.026224995298045 0.6
    endloop
  endfacet
  facet normal 0 0 1
    outer loop
      vertex 4.94537678360939 1.039060713989394 0.6
      vertex 5.062351785600185 1.0162928572722842 0.6
      vertex 5.0455178543925285 1.4285714275070598 0.6
    endloop
  endfacet
  facet normal 0 0 1
    outer loop
      vertex 5.073251783847809 1.0162928572722842 0.6
      vertex 5.0455178543925285 1.4285714275070598 0.6
      vertex 5.062351785600185 1.0162928572722842 0.6
    endloop
  endfacet
  facet normal 0 0 1
    outer loop
      vertex 5.073251783847809 1.0162928572722842 0.6
      vertex 5.180541068315506 1.039060713989394 0.6
      vertex 5.13829642534256 1.4285714275070598 0.6
    endloop
  endfacet
  facet normal 0 0 1
    outer loop
      vertex 5.2880696430802345 1.039060713989394 0.6
      vertex 5.13829642534256 1.4285714275070598 0.6
      vertex 5.180541068315506 1.039060713989394 0.6
    endloop
  endfacet
  facet normal 0 0 1
    outer loop
      vertex 5.2880696430802345 1.039060713989394 0.6
      vertex 5.303358927369118 1.039060713989394 0.6
      vertex 5.248975001275539 1.4285714275070598 0.6
    endloop
  endfacet
  facet normal 0 0 1
    outer loop
      vertex 5.568794645369053 0.7985678559967448 0.6
      vertex 5.52520178258419 1.026224995298045 0.6
      vertex 5.401687502861023 1.039060713989394 0.6
    endloop
  endfacet
  facet normal 0 0 1
    outer loop
      vertex 5.568794645369053 0.7985678559967448 0.6
      vertex 5.568794645369053 1.0199250004121234 0.6
      vertex 5.52520178258419 1.026224995298045 0.6
    endloop
  endfacet
  facet normal 0 0 1
    outer loop
      vertex 5.52520178258419 1.039060713989394 0.6
      vertex 5.401687502861023 1.039060713989394 0.6
      vertex 5.52520178258419 1.026224995298045 0.6
    endloop
  endfacet
  facet normal 0 0 1
    outer loop
      vertex 5.401687502861023 1.039060713989394 0.6
      vertex 5.332771427929401 1.4285714275070598 0.6
      vertex 5.303358927369118 1.039060713989394 0.6
    endloop
  endfacet
  facet normal 0 0 1
    outer loop
      vertex 5.418750002980232 1.4285714275070598 0.6
      vertex 5.401687502861023 1.039060713989394 0.6
      vertex 5.52520178258419 1.039060713989394 0.6
    endloop
  endfacet
  facet normal 0 0 1
    outer loop
      vertex 5.635883927345276 1.039060713989394 0.6
      vertex 5.550499998033047 1.4285714275070598 0.6
      vertex 5.52520178258419 1.039060713989394 0.6
    endloop
  endfacet
  facet normal 0 0 1
    outer loop
      vertex 5.635883927345276 1.039060713989394 0.6
      vertex 5.66157678514719 1.039060713989394 0.6
      vertex 5.550499998033047 1.4285714275070598 0.6
    endloop
  endfacet
  facet normal 0 0 1
    outer loop
      vertex 5.66157678514719 0.7271214223333766 0.6
      vertex 5.594226785004139 0.7142857110926082 0.6
      vertex 5.66157678514719 0.7142857110926082 0.6
    endloop
  endfacet
  facet normal 0 0 1
    outer loop
      vertex 5.772255353629589 0.7142857110926082 0.6
      vertex 5.928951784968376 0.7142857110926082 0.6
      vertex 5.772255353629589 0.7271214223333766 0.6
    endloop
  endfacet
  facet normal 0 0 1
    outer loop
      vertex 5.594226785004139 0.7142857110926082 0.6
      vertex 5.66157678514719 0.7271214223333766 0.6
      vertex 5.703233927488327 1.0199250004121234 0.6
    endloop
  endfacet
  facet normal 0 0 1
    outer loop
      vertex 5.703233927488327 0.7336607075163295 0.6
      vertex 5.703233927488327 1.0199250004121234 0.6
      vertex 5.66157678514719 0.7271214223333766 0.6
    endloop
  endfacet
  facet normal 0 0 1
    outer loop
      vertex 5.772255353629589 0.7271214223333766 0.6
      vertex 5.728662498295307 1.006364280624049 0.6
      vertex 5.728662498295307 0.7336607075163295 0.6
    endloop
  endfacet
  facet normal 0 0 1
    outer loop
      vertex 5.594226785004139 0.7142857110926082 0.6
      vertex 5.66157678514719 1.026224995298045 0.6
      vertex 5.635883927345276 1.026224995298045 0.6
    endloop
  endfacet
  facet normal 0 0 1
    outer loop
      vertex 5.594226785004139 0.7142857110926082 0.6
      vertex 5.703233927488327 1.0199250004121234 0.6
      vertex 5.66157678514719 1.026224995298045 0.6
    endloop
  endfacet
  facet normal 0 0 1
    outer loop
      vertex 5.728662498295307 1.006364280624049 0.6
      vertex 5.772255353629589 0.7271214223333766 0.6
      vertex 5.928951784968376 0.7142857110926082 0.6
    endloop
  endfacet
  facet normal 0 0 1
    outer loop
      vertex 6.0197946429252625 0.7271214223333766 0.6
      vertex 5.952444642782211 0.7142857110926082 0.6
      vertex 6.0197946429252625 0.7142857110926082 0.6
    endloop
  endfacet
  facet normal 0 0 1
    outer loop
      vertex 6.130473211407661 0.7142857110926082 0.6
      vertex 6.2871696427464485 0.7142857110926082 0.6
      vertex 6.130473211407661 0.7271214223333766 0.6
    endloop
  endfacet
  facet normal 0 0 1
    outer loop
      vertex 5.952444642782211 0.7142857110926082 0.6
      vertex 6.0197946429252625 0.7271214223333766 0.6
      vertex 6.061451785266399 1.0199250004121234 0.6
    endloop
  endfacet
  facet normal 0 0 1
    outer loop
      vertex 6.061451785266399 0.7336607075163295 0.6
      vertex 6.061451785266399 1.0199250004121234 0.6
      vertex 6.0197946429252625 0.7271214223333766 0.6
    endloop
  endfacet
  facet normal 0 0 1
    outer loop
      vertex 5.952444642782211 0.7142857110926082 0.6
      vertex 5.994101785123348 1.026224995298045 0.6
      vertex 5.952444642782211 1.0199250004121234 0.6
    endloop
  endfacet
  facet normal 0 0 1
    outer loop
      vertex 5.952444642782211 0.7142857110926082 0.6
      vertex 6.0197946429252625 1.026224995298045 0.6
      vertex 5.994101785123348 1.026224995298045 0.6
    endloop
  endfacet
  facet normal 0 0 1
    outer loop
      vertex 5.952444642782211 0.7142857110926082 0.6
      vertex 6.061451785266399 1.0199250004121234 0.6
      vertex 6.0197946429252625 1.026224995298045 0.6
    endloop
  endfacet
  facet normal 0 0 1
    outer loop
      vertex 6.0868803560733795 1.006364280624049 0.6
      vertex 6.130473211407661 0.7271214223333766 0.6
      vertex 6.2871696427464485 0.7142857110926082 0.6
    endloop
  endfacet
  facet normal 0 0 1
    outer loop
      vertex 6.130473211407661 0.7271214223333766 0.6
      vertex 6.0868803560733795 1.006364280624049 0.6
      vertex 6.0868803560733795 0.7336607075163295 0.6
    endloop
  endfacet
  facet normal 0 0 1
    outer loop
      vertex 5.635883927345276 1.026224995298045 0.6
      vertex 5.66157678514719 1.039060713989394 0.6
      vertex 5.635883927345276 1.039060713989394 0.6
    endloop
  endfacet
  facet normal 0 0 1
    outer loop
      vertex 5.66157678514719 1.039060713989394 0.6
      vertex 5.635883927345276 1.026224995298045 0.6
      vertex 5.66157678514719 1.026224995298045 0.6
    endloop
  endfacet
  facet normal 0 0 1
    outer loop
      vertex 5.927012503147125 0.7985678559967448 0.6
      vertex 5.883419640362263 1.026224995298045 0.6
      vertex 5.759905360639095 1.039060713989394 0.6
    endloop
  endfacet
  facet normal 0 0 1
    outer loop
      vertex 5.927012503147125 0.7985678559967448 0.6
      vertex 5.927012503147125 1.0199250004121234 0.6
      vertex 5.883419640362263 1.026224995298045 0.6
    endloop
  endfacet
  facet normal 0 0 1
    outer loop
      vertex 5.883419640362263 1.039060713989394 0.6
      vertex 5.759905360639095 1.039060713989394 0.6
      vertex 5.883419640362263 1.026224995298045 0.6
    endloop
  endfacet
  facet normal 0 0 1
    outer loop
      vertex 5.759905360639095 1.039060713989394 0.6
      vertex 5.550499998033047 1.4285714275070598 0.6
      vertex 5.66157678514719 1.039060713989394 0.6
    endloop
  endfacet
  facet normal 0 0 1
    outer loop
      vertex 5.759905360639095 1.039060713989394 0.6
      vertex 5.883419640362263 1.039060713989394 0.6
      vertex 5.550499998033047 1.4414071387478282 0.6
    endloop
  endfacet
  facet normal 0 0 1
    outer loop
      vertex 5.994101785123348 1.039060713989394 0.6
      vertex 5.550499998033047 1.4414071387478282 0.6
      vertex 5.883419640362263 1.039060713989394 0.6
    endloop
  endfacet
  facet normal 0 0 1
    outer loop
      vertex 5.994101785123348 1.026224995298045 0.6
      vertex 6.0197946429252625 1.039060713989394 0.6
      vertex 5.994101785123348 1.039060713989394 0.6
    endloop
  endfacet
  facet normal 0 0 1
    outer loop
      vertex 6.0197946429252625 1.039060713989394 0.6
      vertex 5.994101785123348 1.026224995298045 0.6
      vertex 6.0197946429252625 1.026224995298045 0.6
    endloop
  endfacet
  facet normal 0 0 1
    outer loop
      vertex 6.285230353474617 0.7985678559967448 0.6
      vertex 6.241637498140335 1.026224995298045 0.6
      vertex 6.118123210966587 1.039060713989394 0.6
    endloop
  endfacet
  facet normal 0 0 1
    outer loop
      vertex 6.241637498140335 1.039060713989394 0.6
      vertex 6.118123210966587 1.039060713989394 0.6
      vertex 6.241637498140335 1.026224995298045 0.6
    endloop
  endfacet
  facet normal 0 0 1
    outer loop
      vertex 6.310662500560284 0.7142857110926082 0.6
      vertex 6.352319642901421 1.026224995298045 0.6
      vertex 6.310662500560284 1.0199250004121234 0.6
    endloop
  endfacet
  facet normal 0 0 1
    outer loop
      vertex 6.285230353474617 0.7985678559967448 0.6
      vertex 6.285230353474617 1.0199250004121234 0.6
      vertex 6.241637498140335 1.026224995298045 0.6
    endloop
  endfacet
  facet normal 0 0 1
    outer loop
      vertex 10 0 0.6
      vertex 5.621007144451141 2.1428571439215114 0.6
      vertex 6.352319642901421 1.039060713989394 0.6
    endloop
  endfacet
  facet normal 0 0 1
    outer loop
      vertex 5.0455178543925285 1.4285714275070598 0.6
      vertex 5.073251783847809 1.0162928572722842 0.6
      vertex 5.123257145285606 1.4285714275070598 0.6
    endloop
  endfacet
  facet normal 0 0 1
    outer loop
      vertex 5.073251783847809 1.0162928572722842 0.6
      vertex 5.13829642534256 1.4285714275070598 0.6
      vertex 5.123257145285606 1.4285714275070598 0.6
    endloop
  endfacet
  facet normal 0 0 1
    outer loop
      vertex 5.2880696430802345 1.039060713989394 0.6
      vertex 5.248975001275539 1.4285714275070598 0.6
      vertex 5.13829642534256 1.4285714275070598 0.6
    endloop
  endfacet
  facet normal 0 0 1
    outer loop
      vertex 5.303358927369118 1.039060713989394 0.6
      vertex 5.3242964297533035 1.4285714275070598 0.6
      vertex 5.248975001275539 1.4285714275070598 0.6
    endloop
  endfacet
  facet normal 0 0 1
    outer loop
      vertex 5.13829642534256 1.4414071387478282 0.6
      vertex 5.123257145285606 1.4285714275070598 0.6
      vertex 5.13829642534256 1.4285714275070598 0.6
    endloop
  endfacet
  facet normal 0 0 1
    outer loop
      vertex 5.123257145285606 1.4285714275070598 0.6
      vertex 5.13829642534256 1.4414071387478282 0.6
      vertex 5.123257145285606 1.4414071387478282 0.6
    endloop
  endfacet
  facet normal 0 0 1
    outer loop
      vertex 5.088142856955528 1.447946423930781 0.6
      vertex 5.0280803591012955 1.5905642828771045 0.6
      vertex 5.000228568911552 1.5777607134410312 0.6
    endloop
  endfacet
  facet normal 0 0 1
    outer loop
      vertex 5.123257145285606 1.4414071387478282 0.6
      vertex 5.179953575134277 1.734210716826575 0.6
      vertex 5.088142856955528 1.447946423930781 0.6
    endloop
  endfacet
  facet normal 0 0 1
    outer loop
      vertex 5.179953575134277 1.734210716826575 0.6
      vertex 5.123257145285606 1.4414071387478282 0.6
      vertex 5.13829642534256 1.4414071387478282 0.6
    endloop
  endfacet
  facet normal 0 0 1
    outer loop
      vertex 5.248975001275539 1.4285714275070598 0.6
      vertex 5.3242964297533035 1.4285714275070598 0.6
      vertex 5.248975001275539 1.4414071387478282 0.6
    endloop
  endfacet
  facet normal 0 0 1
    outer loop
      vertex 5.179953575134277 1.447946423930781 0.6
      vertex 5.179953575134277 1.734210716826575 0.6
      vertex 5.13829642534256 1.4414071387478282 0.6
    endloop
  endfacet
  facet normal 0 0 1
    outer loop
      vertex 5.248975001275539 1.4414071387478282 0.6
      vertex 5.2053821459412575 1.707814285797732 0.6
      vertex 5.2053821459412575 1.447946423930781 0.6
    endloop
  endfacet
  facet normal 0 0 1
    outer loop
      vertex 5.2053821459412575 1.707814285797732 0.6
      vertex 5.248975001275539 1.4414071387478282 0.6
      vertex 5.3242964297533035 1.4285714275070598 0.6
    endloop
  endfacet
  facet normal 0 0 1
    outer loop
      vertex 5.3242964297533035 1.4285714275070598 0.6
      vertex 5.303358927369118 1.039060713989394 0.6
      vertex 5.332771427929401 1.4285714275070598 0.6
    endloop
  endfacet
  facet normal 0 0 1
    outer loop
      vertex 5.401687502861023 1.039060713989394 0.6
      vertex 5.418750002980232 1.4285714275070598 0.6
      vertex 5.332771427929401 1.4285714275070598 0.6
    endloop
  endfacet
  facet normal 0 0 1
    outer loop
      vertex 5.418750002980232 1.4285714275070598 0.6
      vertex 5.52520178258419 1.039060713989394 0.6
      vertex 5.550499998033047 1.4285714275070598 0.6
    endloop
  endfacet
  facet normal 0 0 1
    outer loop
      vertex 5.759905360639095 1.039060713989394 0.6
      vertex 5.550499998033047 1.4414071387478282 0.6
      vertex 5.550499998033047 1.4285714275070598 0.6
    endloop
  endfacet
  facet normal 0 0 1
    outer loop
      vertex 5.418750002980232 1.4414071387478282 0.6
      vertex 5.332771427929401 1.4285714275070598 0.6
      vertex 5.418750002980232 1.4285714275070598 0.6
    endloop
  endfacet
  facet normal 0 0 1
    outer loop
      vertex 5.332771427929401 1.4285714275070598 0.6
      vertex 5.418750002980232 1.4414071387478282 0.6
      vertex 5.462342858314514 1.707814285797732 0.6
    endloop
  endfacet
  facet normal 0 0 1
    outer loop
      vertex 5.462342858314514 1.447946423930781 0.6
      vertex 5.462342858314514 1.707814285797732 0.6
      vertex 5.418750002980232 1.4414071387478282 0.6
    endloop
  endfacet
  facet normal 0 0 1
    outer loop
      vertex 5.550499998033047 1.4414071387478282 0.6
      vertex 5.50884285569191 1.734210716826575 0.6
      vertex 5.50884285569191 1.447946423930781 0.6
    endloop
  endfacet
  facet normal 0 0 1
    outer loop
      vertex 4.975796431303024 1.5968008882233073 0.6
      vertex 5.014060713350773 1.6305250025221278 0.6
      vertex 5.018632143735886 1.6632500014134814 0.6
    endloop
  endfacet
  facet normal 0 0 1
    outer loop
      vertex 5.088142856955528 1.447946423930781 0.6
      vertex 5.179953575134277 1.734210716826575 0.6
      vertex 5.0280803591012955 1.5905642828771045 0.6
    endloop
  endfacet
  facet normal 0 0 1
    outer loop
      vertex 5.018632143735886 1.6632500014134814 0.6
      vertex 5.014121428132057 1.6949473193713596 0.6
      vertex 4.975796431303024 1.5968008882233073 0.6
    endloop
  endfacet
  facet normal 0 0 1
    outer loop
      vertex 5.0280803591012955 1.5905642828771045 0.6
      vertex 5.179953575134277 1.734210716826575 0.6
      vertex 5.049149997532368 1.6105750000902583 0.6
    endloop
  endfacet
  facet normal 0 0 1
    outer loop
      vertex 5.049149997532368 1.6105750000902583 0.6
      vertex 5.179953575134277 1.734210716826575 0.6
      vertex 5.062408931553364 1.636399107319968 0.6
    endloop
  endfacet
  facet normal 0 0 1
    outer loop
      vertex 5.062408931553364 1.636399107319968 0.6
      vertex 5.13829642534256 1.7405107117124965 0.6
      vertex 5.066828571259975 1.6666428542562892 0.6
    endloop
  endfacet
  facet normal 0 0 1
    outer loop
      vertex 5.066828571259975 1.6666428542562892 0.6
      vertex 5.13829642534256 1.7405107117124965 0.6
      vertex 5.059562496840954 1.705935711307185 0.6
    endloop
  endfacet
  facet normal 0 0 1
    outer loop
      vertex 5.13829642534256 1.7405107117124965 0.6
      vertex 5.062408931553364 1.636399107319968 0.6
      vertex 5.179953575134277 1.734210716826575 0.6
    endloop
  endfacet
  facet normal 0 0 1
    outer loop
      vertex 5.059562496840954 1.705935711307185 0.6
      vertex 5.13829642534256 1.7533464304038455 0.6
      vertex 5.03776428848505 1.7327571383544376 0.6
    endloop
  endfacet
  facet normal 0 0 1
    outer loop
      vertex 5.059562496840954 1.705935711307185 0.6
      vertex 5.13829642534256 1.7405107117124965 0.6
      vertex 5.13829642534256 1.7533464304038455 0.6
    endloop
  endfacet
  facet normal 0 0 1
    outer loop
      vertex 5.03776428848505 1.7327571383544376 0.6
      vertex 5.348289288580418 2.1428571439215114 0.6
      vertex 5.000710710883141 1.7481991073914935 0.6
    endloop
  endfacet
  facet normal 0 0 1
    outer loop
      vertex 5.342217855155468 1.5063142872282436 0.6
      vertex 5.4575000032782555 1.7533464304038455 0.6
      vertex 5.236625000834465 1.7533464304038455 0.6
    endloop
  endfacet
  facet normal 0 0 1
    outer loop
      vertex 5.50884285569191 1.734210716826575 0.6
      vertex 5.550499998033047 1.4414071387478282 0.6
      vertex 5.994101785123348 1.039060713989394 0.6
    endloop
  endfacet
  facet normal 0 0 1
    outer loop
      vertex 5.50884285569191 1.734210716826575 0.6
      vertex 5.994101785123348 1.039060713989394 0.6
      vertex 6.0197946429252625 1.039060713989394 0.6
    endloop
  endfacet
  facet normal 0 0 1
    outer loop
      vertex 5.50884285569191 1.734210716826575 0.6
      vertex 6.0197946429252625 1.039060713989394 0.6
      vertex 6.118123210966587 1.039060713989394 0.6
    endloop
  endfacet
  facet normal 0 0 1
    outer loop
      vertex 5.50884285569191 1.734210716826575 0.6
      vertex 6.241637498140335 1.039060713989394 0.6
      vertex 5.550499998033047 1.7405107117124965 0.6
    endloop
  endfacet
  facet normal 0 0 1
    outer loop
      vertex 5.550499998033047 1.7405107117124965 0.6
      vertex 6.241637498140335 1.039060713989394 0.6
      vertex 5.550499998033047 1.7533464304038455 0.6
    endloop
  endfacet
  facet normal 0 0 1
    outer loop
      vertex 5.50884285569191 1.734210716826575 0.6
      vertex 6.118123210966587 1.039060713989394 0.6
      vertex 6.241637498140335 1.039060713989394 0.6
    endloop
  endfacet
  facet normal 0 0 1
    outer loop
      vertex 5.621007144451141 2.1428571439215114 0.6
      vertex 6.241637498140335 1.039060713989394 0.6
      vertex 6.352319642901421 1.039060713989394 0.6
    endloop
  endfacet
  facet normal 0 0 1
    outer loop
      vertex 5.621007144451141 2.1428571439215114 0.6
      vertex 5.550499998033047 1.7533464304038455 0.6
      vertex 6.241637498140335 1.039060713989394 0.6
    endloop
  endfacet
  facet normal 0 0 1
    outer loop
      vertex 4.947671428322792 1.7533464304038455 0.6
      vertex 5.348289288580418 2.15569285516228 0.6
      vertex 4.807446427643299 1.7533464304038455 0.6
    endloop
  endfacet
  facet normal 0 0 1
    outer loop
      vertex 5.000710710883141 1.7481991073914935 0.6
      vertex 5.348289288580418 2.1428571439215114 0.6
      vertex 4.947671428322792 1.7533464304038455 0.6
    endloop
  endfacet
  facet normal 0 0 1
    outer loop
      vertex 5.18745356798172 2.1380142888852527 0.6
      vertex 4.587274998426437 1.756010713321822 0.6
      vertex 5.246727675199509 2.1418285689183643 0.6
    endloop
  endfacet
  facet normal 0 0 1
    outer loop
      vertex 5.246727675199509 2.1418285689183643 0.6
      vertex 4.587274998426437 1.756010713321822 0.6
      vertex 5.302007146179676 2.1532714313694408 0.6
    endloop
  endfacet
  facet normal 0 0 1
    outer loop
      vertex 4.587274998426437 1.756010713321822 0.6
      vertex 5.348289288580418 2.15569285516228 0.6
      vertex 5.302007146179676 2.1532714313694408 0.6
    endloop
  endfacet
  facet normal 0 0 1
    outer loop
      vertex 5.03776428848505 1.7327571383544376 0.6
      vertex 5.13829642534256 1.7533464304038455 0.6
      vertex 5.348289288580418 2.1428571439215114 0.6
    endloop
  endfacet
  facet normal 0 0 1
    outer loop
      vertex 5.236625000834465 1.7533464304038455 0.6
      vertex 5.348289288580418 2.1428571439215114 0.6
      vertex 5.13829642534256 1.7533464304038455 0.6
    endloop
  endfacet
  facet normal 0 0 1
    outer loop
      vertex 5.348289288580418 2.15569285516228 0.6
      vertex 4.947671428322792 1.7533464304038455 0.6
      vertex 5.348289288580418 2.1428571439215114 0.6
    endloop
  endfacet
  facet normal 0 0 1
    outer loop
      vertex 5.031362496316433 2.232616963131087 0.6
      vertex 4.946939282119274 2.1428571439215114 0.6
      vertex 5.064421430230141 2.181000003857272 0.6
    endloop
  endfacet
  facet normal 0 0 1
    outer loop
      vertex 5.064421430230141 2.181000003857272 0.6
      vertex 4.946939282119274 2.1428571439215114 0.6
      vertex 5.1172187477350235 2.1487607157656123 0.6
    endloop
  endfacet
  facet normal 0 0 1
    outer loop
      vertex 5.187939286231995 2.1566607153841426 0.6
      vertex 5.28771785646677 2.229560712618487 0.6
      vertex 5.137593753635883 2.165984818977969 0.6
    endloop
  endfacet
  facet normal 0 0 1
    outer loop
      vertex 5.214759819209576 2.1583258903452327 0.6
      vertex 5.28771785646677 2.229560712618487 0.6
      vertex 5.187939286231995 2.1566607153841426 0.6
    endloop
  endfacet
  facet normal 0 0 1
    outer loop
      vertex 5.240007139742374 2.163321430129664 0.6
      vertex 5.28771785646677 2.229560712618487 0.6
      vertex 5.214759819209576 2.1583258903452327 0.6
    endloop
  endfacet
  facet normal 0 0 1
    outer loop
      vertex 5.236625000834465 1.7533464304038455 0.6
      vertex 5.4575000032782555 1.7533464304038455 0.6
      vertex 5.348289288580418 2.1428571439215114 0.6
    endloop
  endfacet
  facet normal 0 0 1
    outer loop
      vertex 5.348289288580418 2.1428571439215114 0.6
      vertex 5.4575000032782555 1.7533464304038455 0.6
      vertex 5.485124997794628 2.1428571439215114 0.6
    endloop
  endfacet
  facet normal 0 0 1
    outer loop
      vertex 5.550499998033047 1.7533464304038455 0.6
      vertex 5.621007144451141 2.1428571439215114 0.6
      vertex 5.4575000032782555 1.7533464304038455 0.6
    endloop
  endfacet
  facet normal 0 0 1
    outer loop
      vertex 5.4575000032782555 1.7533464304038455 0.6
      vertex 5.621007144451141 2.1428571439215114 0.6
      vertex 5.485124997794628 2.1428571439215114 0.6
    endloop
  endfacet
  facet normal 0 0 1
    outer loop
      vertex 5.485124997794628 2.1428571439215114 0.6
      vertex 5.621007144451141 2.15569285516228 0.6
      vertex 5.485124997794628 2.15569285516228 0.6
    endloop
  endfacet
  facet normal 0 0 1
    outer loop
      vertex 5.621007144451141 2.15569285516228 0.6
      vertex 5.485124997794628 2.1428571439215114 0.6
      vertex 5.621007144451141 2.1428571439215114 0.6
    endloop
  endfacet
  facet normal 0 0 1
    outer loop
      vertex 5.137593753635883 2.165984818977969 0.6
      vertex 5.28771785646677 2.229560712618487 0.6
      vertex 5.100871428847313 2.193957144660609 0.6
    endloop
  endfacet
  facet normal 0 0 1
    outer loop
      vertex 5.100871428847313 2.193957144660609 0.6
      vertex 5.3867964297533035 2.3066017851233482 0.6
      vertex 5.078438393771648 2.239611605448382 0.6
    endloop
  endfacet
  facet normal 0 0 1
    outer loop
      vertex 5.261924996972084 2.171101788324969 0.6
      vertex 5.28771785646677 2.229560712618487 0.6
      vertex 5.240007139742374 2.163321430129664 0.6
    endloop
  endfacet
  facet normal 0 0 1
    outer loop
      vertex 5.278757140040398 2.18112142596926 0.6
      vertex 5.28771785646677 2.229560712618487 0.6
      vertex 5.261924996972084 2.171101788324969 0.6
    endloop
  endfacet
  facet normal 0 0 1
    outer loop
      vertex 5.100871428847313 2.193957144660609 0.6
      vertex 5.28771785646677 2.229560712618487 0.6
      vertex 5.3867964297533035 2.3066017851233482 0.6
    endloop
  endfacet
  facet normal 0 0 1
    outer loop
      vertex 5.078438393771648 2.239611605448382 0.6
      vertex 5.3867964297533035 2.3066017851233482 0.6
      vertex 5.070960715413094 2.3019749990531375 0.6
    endloop
  endfacet
  facet normal 0 0 1
    outer loop
      vertex 5.070960715413094 2.3019749990531375 0.6
      vertex 5.3867964297533035 2.3066017851233482 0.6
      vertex 5.0781053602695465 2.368696430964129 0.6
    endloop
  endfacet
  facet normal 0 0 1
    outer loop
      vertex 5.0627250000834465 2.4282749987074306 0.6
      vertex 4.988596431910992 2.454796428126948 0.6
      vertex 5.030938394367695 2.3750839329191615 0.6
    endloop
  endfacet
  facet normal 0 0 1
    outer loop
      vertex 4.988596431910992 2.454796428126948 0.6
      vertex 5.0627250000834465 2.4282749987074306 0.6
      vertex 4.988596431910992 2.467632146818297 0.6
    endloop
  endfacet
  facet normal 0 0 1
    outer loop
      vertex 5.11534196138382 2.460516969008105 0.6
      vertex 4.988596431910992 2.467632146818297 0.6
      vertex 5.0627250000834465 2.4282749987074306 0.6
    endloop
  endfacet
  facet normal 0 0 1
    outer loop
      vertex 5.0781053602695465 2.368696430964129 0.6
      vertex 5.3867964297533035 2.3066017851233482 0.6
      vertex 5.099539287388325 2.4153178579040935 0.6
    endloop
  endfacet
  facet normal 0 0 1
    outer loop
      vertex 5.099539287388325 2.4153178579040935 0.6
      vertex 5.282632142305374 2.387949997825282 0.6
      vertex 5.136533930897713 2.4427464327641895 0.6
    endloop
  endfacet
  facet normal 0 0 1
    outer loop
      vertex 5.3867964297533035 2.3066017851233482 0.6
      vertex 5.282632142305374 2.387949997825282 0.6
      vertex 5.099539287388325 2.4153178579040935 0.6
    endloop
  endfacet
  facet normal 0 0 1
    outer loop
      vertex 5.275367856025696 2.4300928584166934 0.6
      vertex 5.23601071536541 2.4461964315601756 0.6
      vertex 5.282632142305374 2.387949997825282 0.6
    endloop
  endfacet
  facet normal 0 0 1
    outer loop
      vertex 5.136533930897713 2.4427464327641895 0.6
      vertex 5.282632142305374 2.387949997825282 0.6
      vertex 5.190360717475414 2.4518892860838344 0.6
    endloop
  endfacet
  facet normal 0 0 1
    outer loop
      vertex 5.190360717475414 2.4518892860838344 0.6
      vertex 5.282632142305374 2.387949997825282 0.6
      vertex 5.213398210704327 2.45046607617821 0.6
    endloop
  endfacet
  facet normal 0 0 1
    outer loop
      vertex 5.213398210704327 2.45046607617821 0.6
      vertex 5.282632142305374 2.387949997825282 0.6
      vertex 5.23601071536541 2.4461964315601756 0.6
    endloop
  endfacet
  facet normal 0 0 1
    outer loop
      vertex 5.23601071536541 2.4461964315601756 0.6
      vertex 5.275367856025696 2.4300928584166934 0.6
      vertex 5.2570517882704735 2.4393258935638835 0.6
    endloop
  endfacet
  facet normal 0 0 1
    outer loop
      vertex 5.302007146179676 2.1532714313694408 0.6
      vertex 5.348289288580418 2.15569285516228 0.6
      vertex 5.3867964297533035 2.3066017851233482 0.6
    endloop
  endfacet
  facet normal 0 0 1
    outer loop
      vertex 5.3867964297533035 2.1622321403452327 0.6
      vertex 5.3867964297533035 2.3066017851233482 0.6
      vertex 5.348289288580418 2.15569285516228 0.6
    endloop
  endfacet
  facet normal 0 0 1
    outer loop
      vertex 5.302007146179676 2.1532714313694408 0.6
      vertex 5.3867964297533035 2.3066017851233482 0.6
      vertex 5.303460717201233 2.229560712618487 0.6
    endloop
  endfacet
  facet normal 0 0 1
    outer loop
      vertex 5.303460717201233 2.229560712618487 0.6
      vertex 5.3867964297533035 2.3066017851233482 0.6
      vertex 5.28771785646677 2.229560712618487 0.6
    endloop
  endfacet
  facet normal 0 0 1
    outer loop
      vertex 5.4335392862558365 2.1622321403452327 0.6
      vertex 5.485124997794628 2.15569285516228 0.6
      vertex 5.4335392862558365 2.270246433360236 0.6
    endloop
  endfacet
  facet normal 0 0 1
    outer loop
      vertex 5.458724997937679 2.292046429855483 0.6
      vertex 5.494295537471771 2.29670803461756 0.6
      vertex 5.4335392862558365 2.292046429855483 0.6
    endloop
  endfacet
  facet normal 0 0 1
    outer loop
      vertex 5.4335392862558365 2.270246433360236 0.6
      vertex 5.485124997794628 2.15569285516228 0.6
      vertex 5.621007144451141 2.15569285516228 0.6
    endloop
  endfacet
  facet normal 0 0 1
    outer loop
      vertex 5.4335392862558365 2.270246433360236 0.6
      vertex 5.662664286792278 2.1622321403452327 0.6
      vertex 5.4701071456074715 2.270246433360236 0.6
    endloop
  endfacet
  facet normal 0 0 1
    outer loop
      vertex 5.4335392862558365 2.270246433360236 0.6
      vertex 5.621007144451141 2.15569285516228 0.6
      vertex 5.662664286792278 2.1622321403452327 0.6
    endloop
  endfacet
  facet normal 0 0 1
    outer loop
      vertex 5.662664286792278 2.1622321403452327 0.6
      vertex 5.519968748092651 2.2767250037619045 0.6
      vertex 5.4701071456074715 2.270246433360236 0.6
    endloop
  endfacet
  facet normal 0 0 1
    outer loop
      vertex 5.519968748092651 2.2767250037619045 0.6
      vertex 5.662664286792278 2.1622321403452327 0.6
      vertex 5.5566892847418785 2.29616071496691 0.6
    endloop
  endfacet
  facet normal 0 0 1
    outer loop
      vertex 5.5566892847418785 2.29616071496691 0.6
      vertex 5.662664286792278 2.1622321403452327 0.6
      vertex 5.579304464161396 2.328069644314902 0.6
    endloop
  endfacet
  facet normal 0 0 1
    outer loop
      vertex 5.494295537471771 2.29670803461756 0.6
      vertex 5.519149996340275 2.3106928563543727 0.6
      vertex 5.4335392862558365 2.292046429855483 0.6
    endloop
  endfacet
  facet normal 0 0 1
    outer loop
      vertex 5.519149996340275 2.3106928563543727 0.6
      vertex 5.533772319555283 2.3352151832410266 0.6
      vertex 5.4335392862558365 2.292046429855483 0.6
    endloop
  endfacet
  facet normal 0 0 1
    outer loop
      vertex 5.533772319555283 2.3352151832410266 0.6
      vertex 5.538646429777145 2.3714821434446742 0.6
      vertex 5.4335392862558365 2.292046429855483 0.6
    endloop
  endfacet
  facet normal 0 0 1
    outer loop
      vertex 5.3867964297533035 2.3066017851233482 0.6
      vertex 5.298617854714394 2.387949997825282 0.6
      vertex 5.282632142305374 2.387949997825282 0.6
    endloop
  endfacet
  facet normal 0 0 1
    outer loop
      vertex 5.3867964297533035 2.3066017851233482 0.6
      vertex 5.345139287412167 2.454796428126948 0.6
      vertex 5.298617854714394 2.387949997825282 0.6
    endloop
  endfacet
  facet normal 0 0 1
    outer loop
      vertex 5.3867964297533035 2.3066017851233482 0.6
      vertex 5.3867964297533035 2.4484964332410266 0.6
      vertex 5.345139287412167 2.454796428126948 0.6
    endloop
  endfacet
  facet normal 0 0 1
    outer loop
      vertex 5.457271426916122 2.4458321428724696 0.6
      vertex 5.4335392862558365 2.4458321428724696 0.6
      vertex 5.4335392862558365 2.292046429855483 0.6
    endloop
  endfacet
  facet normal 0 0 1
    outer loop
      vertex 5.4949919655919075 2.441533038658755 0.6
      vertex 5.457271426916122 2.4458321428724696 0.6
      vertex 5.4335392862558365 2.292046429855483 0.6
    endloop
  endfacet
  facet normal 0 0 1
    outer loop
      vertex 5.298617854714394 2.387949997825282 0.6
      vertex 5.345139287412167 2.454796428126948 0.6
      vertex 5.297164283692837 2.4589107132383754 0.6
    endloop
  endfacet
  facet normal 0 0 1
    outer loop
      vertex 5.538646429777145 2.3714821434446742 0.6
      vertex 5.533983930945396 2.40575089518513 0.6
      vertex 5.4335392862558365 2.292046429855483 0.6
    endloop
  endfacet
  facet normal 0 0 1
    outer loop
      vertex 5.533983930945396 2.40575089518513 0.6
      vertex 5.519996426999569 2.4286357185670306 0.6
      vertex 5.4335392862558365 2.292046429855483 0.6
    endloop
  endfacet
  facet normal 0 0 1
    outer loop
      vertex 5.519996426999569 2.4286357185670306 0.6
      vertex 5.4949919655919075 2.441533038658755 0.6
      vertex 5.4335392862558365 2.292046429855483 0.6
    endloop
  endfacet
  facet normal 0 0 1
    outer loop
      vertex 5.579304464161396 2.328069644314902 0.6
      vertex 5.662664286792278 2.4484964332410266 0.6
      vertex 5.586842857301235 2.371967861694949 0.6
    endloop
  endfacet
  facet normal 0 0 1
    outer loop
      vertex 5.586842857301235 2.371967861694949 0.6
      vertex 5.621007144451141 2.454796428126948 0.6
      vertex 5.5570535734295845 2.443716073674815 0.6
    endloop
  endfacet
  facet normal 0 0 1
    outer loop
      vertex 5.621007144451141 2.454796428126948 0.6
      vertex 5.586842857301235 2.371967861694949 0.6
      vertex 5.662664286792278 2.4484964332410266 0.6
    endloop
  endfacet
  facet normal 0 0 1
    outer loop
      vertex 5.621007144451141 2.467632146818297 0.6
      vertex 5.5570535734295845 2.443716073674815 0.6
      vertex 5.621007144451141 2.454796428126948 0.6
    endloop
  endfacet
  facet normal 0 0 1
    outer loop
      vertex 5.73168571293354 2.15569285516228 0.6
      vertex 5.688092857599258 2.434935713452952 0.6
      vertex 5.688092857599258 2.1622321403452327 0.6
    endloop
  endfacet
  facet normal 0 0 1
    outer loop
      vertex 5.688092857599258 2.434935713452952 0.6
      vertex 5.73168571293354 2.15569285516228 0.6
      vertex 5.888382144272327 2.1428571439215114 0.6
    endloop
  endfacet
  facet normal 0 0 1
    outer loop
      vertex 5.579304464161396 2.328069644314902 0.6
      vertex 5.662664286792278 2.1622321403452327 0.6
      vertex 5.662664286792278 2.4484964332410266 0.6
    endloop
  endfacet
  facet normal 0 0 1
    outer loop
      vertex 5.886442855000496 2.227139288825648 0.6
      vertex 5.842849999666214 2.454796428126948 0.6
      vertex 5.719335712492466 2.467632146818297 0.6
    endloop
  endfacet
  facet normal 0 0 1
    outer loop
      vertex 5.886442855000496 2.227139288825648 0.6
      vertex 5.886442855000496 2.4484964332410266 0.6
      vertex 5.842849999666214 2.454796428126948 0.6
    endloop
  endfacet
  facet normal 0 0 1
    outer loop
      vertex 5.911875002086163 2.1428571439215114 0.6
      vertex 5.9535321444272995 2.454796428126948 0.6
      vertex 5.911875002086163 2.4484964332410266 0.6
    endloop
  endfacet
  facet normal 0 0 1
    outer loop
      vertex 5.842849999666214 2.467632146818297 0.6
      vertex 5.719335712492466 2.467632146818297 0.6
      vertex 5.842849999666214 2.454796428126948 0.6
    endloop
  endfacet
  facet normal 0 0 1
    outer loop
      vertex 10 0 0.6
      vertex 5.73168571293354 2.1428571439215114 0.6
      vertex 5.621007144451141 2.1428571439215114 0.6
    endloop
  endfacet
  facet normal 0 0 1
    outer loop
      vertex 10 0 0.6
      vertex 5.73168571293354 2.15569285516228 0.6
      vertex 5.73168571293354 2.1428571439215114 0.6
    endloop
  endfacet
  facet normal 0 0 1
    outer loop
      vertex 10 0 0.6
      vertex 5.888382144272327 2.1428571439215114 0.6
      vertex 5.73168571293354 2.15569285516228 0.6
    endloop
  endfacet
  facet normal 0 0 1
    outer loop
      vertex 10 0 0.6
      vertex 5.911875002086163 2.1428571439215114 0.6
      vertex 5.888382144272327 2.1428571439215114 0.6
    endloop
  endfacet
  facet normal 0 0 1
    outer loop
      vertex 10 0 0.6
      vertex 5.9535321444272995 2.454796428126948 0.6
      vertex 5.911875002086163 2.1428571439215114 0.6
    endloop
  endfacet
  facet normal 0 0 1
    outer loop
      vertex 10 0 0.6
      vertex 5.9535321444272995 2.467632146818297 0.6
      vertex 5.9535321444272995 2.454796428126948 0.6
    endloop
  endfacet
  facet normal 0 0 1
    outer loop
      vertex 10 0 0.6
      vertex 5.911875002086163 2.857142860335963 0.6
      vertex 5.9535321444272995 2.467632146818297 0.6
    endloop
  endfacet
  facet normal 0 0 1
    outer loop
      vertex 10 0 0.6
      vertex 5.9535321444272995 3.1690821445413997 0.6
      vertex 5.911875002086163 2.857142860335963 0.6
    endloop
  endfacet
  facet normal 0 0 1
    outer loop
      vertex 10 0 0.6
      vertex 5.9535321444272995 3.1819178632327487 0.6
      vertex 5.9535321444272995 3.1690821445413997 0.6
    endloop
  endfacet
  facet normal 0 0 1
    outer loop
      vertex 10 0 0.6
      vertex 6.352319642901421 1.026224995298045 0.6
      vertex 6.310662500560284 0.7142857110926082 0.6
    endloop
  endfacet
  facet normal 0 0 1
    outer loop
      vertex 10 0 0.6
      vertex 6.352319642901421 1.039060713989394 0.6
      vertex 6.352319642901421 1.026224995298045 0.6
    endloop
  endfacet
  facet normal 0 1 0
    outer loop
      vertex 0 5 0.6
      vertex 10 5 0.6
      vertex 10 5 0
    endloop
  endfacet
  facet normal 1 0 0
    outer loop
      vertex 10 0 0.6
      vertex 10 5 0
      vertex 10 5 0.6
    endloop
  endfacet
  facet normal 0 0 1
    outer loop
      vertex 5.240916073322296 2.468175897640841 0.6
      vertex 4.6560714319348335 2.857142860335963 0.6
      vertex 5.188421428203583 2.4712642899581363 0.6
    endloop
  endfacet
  facet normal 0 0 1
    outer loop
      vertex 5.297164283692837 2.4589107132383754 0.6
      vertex 4.6560714319348335 2.857142860335963 0.6
      vertex 5.240916073322296 2.468175897640841 0.6
    endloop
  endfacet
  facet normal 0 0 1
    outer loop
      vertex 5.297164283692837 2.4589107132383754 0.6
      vertex 5.345139287412167 2.454796428126948 0.6
      vertex 4.6560714319348335 2.857142860335963 0.6
    endloop
  endfacet
  facet normal 0 0 1
    outer loop
      vertex 5.345139287412167 2.467632146818297 0.6
      vertex 4.946939282119274 2.857142860335963 0.6
      vertex 5.345139287412167 2.454796428126948 0.6
    endloop
  endfacet
  facet normal 0 0 1
    outer loop
      vertex 5.345139287412167 2.454796428126948 0.6
      vertex 4.92344643175602 2.857142860335963 0.6
      vertex 4.7667500004172325 2.857142860335963 0.6
    endloop
  endfacet
  facet normal 0 0 1
    outer loop
      vertex 5.345139287412167 2.454796428126948 0.6
      vertex 4.946939282119274 2.857142860335963 0.6
      vertex 4.92344643175602 2.857142860335963 0.6
    endloop
  endfacet
  facet normal 0 0 1
    outer loop
      vertex 5.345139287412167 2.467632146818297 0.6
      vertex 5.1172187477350235 2.863046432180064 0.6
      vertex 4.946939282119274 2.857142860335963 0.6
    endloop
  endfacet
  facet normal 0 0 1
    outer loop
      vertex 5.345139287412167 2.467632146818297 0.6
      vertex 5.18745356798172 2.8523000052997043 0.6
      vertex 5.1172187477350235 2.863046432180064 0.6
    endloop
  endfacet
  facet normal 0 0 1
    outer loop
      vertex 5.345139287412167 2.467632146818297 0.6
      vertex 5.246727675199509 2.856114285332816 0.6
      vertex 5.18745356798172 2.8523000052997043 0.6
    endloop
  endfacet
  facet normal 0 0 1
    outer loop
      vertex 5.345139287412167 2.467632146818297 0.6
      vertex 5.302007146179676 2.8675571477838924 0.6
      vertex 5.246727675199509 2.856114285332816 0.6
    endloop
  endfacet
  facet normal 0 0 1
    outer loop
      vertex 5.467685714364052 2.467632146818297 0.6
      vertex 5.348289288580418 2.857142860335963 0.6
      vertex 5.345139287412167 2.467632146818297 0.6
    endloop
  endfacet
  facet normal 0 0 1
    outer loop
      vertex 5.5570535734295845 2.443716073674815 0.6
      vertex 5.485124997794628 2.857142860335963 0.6
      vertex 5.467685714364052 2.467632146818297 0.6
    endloop
  endfacet
  facet normal 0 0 1
    outer loop
      vertex 5.5570535734295845 2.443716073674815 0.6
      vertex 5.621007144451141 2.467632146818297 0.6
      vertex 5.485124997794628 2.857142860335963 0.6
    endloop
  endfacet
  facet normal 0 0 1
    outer loop
      vertex 5.719335712492466 2.467632146818297 0.6
      vertex 5.485124997794628 2.857142860335963 0.6
      vertex 5.621007144451141 2.467632146818297 0.6
    endloop
  endfacet
  facet normal 0 0 1
    outer loop
      vertex 5.345139287412167 2.467632146818297 0.6
      vertex 5.348289288580418 2.857142860335963 0.6
      vertex 5.302007146179676 2.8675571477838924 0.6
    endloop
  endfacet
  facet normal 0 0 1
    outer loop
      vertex 5.467685714364052 2.467632146818297 0.6
      vertex 5.485124997794628 2.857142860335963 0.6
      vertex 5.348289288580418 2.857142860335963 0.6
    endloop
  endfacet
  facet normal 0 0 1
    outer loop
      vertex 5.064421430230141 2.8952857202717235 0.6
      vertex 4.946939282119274 2.857142860335963 0.6
      vertex 5.1172187477350235 2.863046432180064 0.6
    endloop
  endfacet
  facet normal 0 0 1
    outer loop
      vertex 5.031362496316433 2.9469026795455386 0.6
      vertex 4.946939282119274 2.857142860335963 0.6
      vertex 5.064421430230141 2.8952857202717235 0.6
    endloop
  endfacet
  facet normal 0 0 1
    outer loop
      vertex 5.137593753635883 2.8802705353924205 0.6
      vertex 5.282632142305374 3.1022357142397334 0.6
      vertex 5.100871428847313 2.9082428610750606 0.6
    endloop
  endfacet
  facet normal 0 0 1
    outer loop
      vertex 5.214759819209576 2.8726116067596843 0.6
      vertex 5.298617854714394 3.1022357142397334 0.6
      vertex 5.187939286231995 2.870946431798594 0.6
    endloop
  endfacet
  facet normal 0 0 1
    outer loop
      vertex 5.187939286231995 2.870946431798594 0.6
      vertex 5.282632142305374 3.1022357142397334 0.6
      vertex 5.137593753635883 2.8802705353924205 0.6
    endloop
  endfacet
  facet normal 0 0 1
    outer loop
      vertex 5.240007139742374 2.8776071465441158 0.6
      vertex 5.298617854714394 3.1022357142397334 0.6
      vertex 5.214759819209576 2.8726116067596843 0.6
    endloop
  endfacet
  facet normal 0 0 1
    outer loop
      vertex 5.261924996972084 2.8853875047394206 0.6
      vertex 5.298617854714394 3.1022357142397334 0.6
      vertex 5.240007139742374 2.8776071465441158 0.6
    endloop
  endfacet
  facet normal 0 0 1
    outer loop
      vertex 5.278757140040398 2.8954071423837116 0.6
      vertex 5.298617854714394 3.1022357142397334 0.6
      vertex 5.261924996972084 2.8853875047394206 0.6
    endloop
  endfacet
  facet normal 0 0 1
    outer loop
      vertex 5.100871428847313 2.9082428610750606 0.6
      vertex 5.282632142305374 3.1022357142397334 0.6
      vertex 5.078438393771648 2.9538973218628337 0.6
    endloop
  endfacet
  facet normal 0 0 1
    outer loop
      vertex 5.078438393771648 2.9538973218628337 0.6
      vertex 5.282632142305374 3.1022357142397334 0.6
      vertex 5.070960715413094 3.016260715467589 0.6
    endloop
  endfacet
  facet normal 0 0 1
    outer loop
      vertex 5.070960715413094 3.016260715467589 0.6
      vertex 5.282632142305374 3.1022357142397334 0.6
      vertex 5.0781053602695465 3.082982147378581 0.6
    endloop
  endfacet
  facet normal 0 0 1
    outer loop
      vertex 5.0781053602695465 3.082982147378581 0.6
      vertex 5.282632142305374 3.1022357142397334 0.6
      vertex 5.099539287388325 3.129603574318545 0.6
    endloop
  endfacet
  facet normal 0 0 1
    outer loop
      vertex 5.278757140040398 2.8954071423837116 0.6
      vertex 5.28771785646677 2.9438464290329387 0.6
      vertex 5.298617854714394 3.1022357142397334 0.6
    endloop
  endfacet
  facet normal 0 0 1
    outer loop
      vertex 5.187939286231995 2.870946431798594 0.6
      vertex 5.298617854714394 3.1022357142397334 0.6
      vertex 5.282632142305374 3.1022357142397334 0.6
    endloop
  endfacet
  facet normal 0 0 1
    outer loop
      vertex 5.303460717201233 2.9438464290329387 0.6
      vertex 5.345139287412167 3.1690821445413997 0.6
      vertex 5.28771785646677 2.9438464290329387 0.6
    endloop
  endfacet
  facet normal 0 0 1
    outer loop
      vertex 5.28771785646677 2.9438464290329387 0.6
      vertex 5.345139287412167 3.1690821445413997 0.6
      vertex 5.298617854714394 3.1022357142397334 0.6
    endloop
  endfacet
  facet normal 0 0 1
    outer loop
      vertex 5.348289288580418 2.8699785715767314 0.6
      vertex 5.302007146179676 2.8675571477838924 0.6
      vertex 5.348289288580418 2.857142860335963 0.6
    endloop
  endfacet
  facet normal 0 0 1
    outer loop
      vertex 5.302007146179676 2.8675571477838924 0.6
      vertex 5.348289288580418 2.8699785715767314 0.6
      vertex 5.3867964297533035 2.8765178567596843 0.6
    endloop
  endfacet
  facet normal 0 0 1
    outer loop
      vertex 5.4335392862558365 2.8765178567596843 0.6
      vertex 5.485124997794628 2.8699785715767314 0.6
      vertex 5.4335392862558365 2.9845321497746875 0.6
    endloop
  endfacet
  facet normal 0 0 1
    outer loop
      vertex 5.4335392862558365 2.9845321497746875 0.6
      vertex 5.485124997794628 2.8699785715767314 0.6
      vertex 5.4701071456074715 2.9845321497746875 0.6
    endloop
  endfacet
  facet normal 0 0 1
    outer loop
      vertex 5.485124997794628 2.857142860335963 0.6
      vertex 5.621007144451141 2.8699785715767314 0.6
      vertex 5.485124997794628 2.8699785715767314 0.6
    endloop
  endfacet
  facet normal 0 0 1
    outer loop
      vertex 5.621007144451141 2.8699785715767314 0.6
      vertex 5.485124997794628 2.857142860335963 0.6
      vertex 5.621007144451141 2.857142860335963 0.6
    endloop
  endfacet
  facet normal 0 0 1
    outer loop
      vertex 5.485124997794628 2.8699785715767314 0.6
      vertex 5.621007144451141 2.8699785715767314 0.6
      vertex 5.519968748092651 2.991010720176356 0.6
    endloop
  endfacet
  facet normal 0 0 1
    outer loop
      vertex 5.4701071456074715 2.9845321497746875 0.6
      vertex 5.485124997794628 2.8699785715767314 0.6
      vertex 5.519968748092651 2.991010720176356 0.6
    endloop
  endfacet
  facet normal 0 0 1
    outer loop
      vertex 5.662664286792278 2.8765178567596843 0.6
      vertex 5.5566892847418785 3.0104464313813617 0.6
      vertex 5.621007144451141 2.8699785715767314 0.6
    endloop
  endfacet
  facet normal 0 0 1
    outer loop
      vertex 5.519968748092651 2.991010720176356 0.6
      vertex 5.621007144451141 2.8699785715767314 0.6
      vertex 5.5566892847418785 3.0104464313813617 0.6
    endloop
  endfacet
  facet normal 0 0 1
    outer loop
      vertex 5.302007146179676 2.8675571477838924 0.6
      vertex 5.3867964297533035 3.162782149655478 0.6
      vertex 5.303460717201233 2.9438464290329387 0.6
    endloop
  endfacet
  facet normal 0 0 1
    outer loop
      vertex 5.302007146179676 2.8675571477838924 0.6
      vertex 5.3867964297533035 2.8765178567596843 0.6
      vertex 5.3867964297533035 3.162782149655478 0.6
    endloop
  endfacet
  facet normal 0 0 1
    outer loop
      vertex 5.458724997937679 3.0063321462699344 0.6
      vertex 5.494295537471771 3.0109937510320117 0.6
      vertex 5.4335392862558365 3.0063321462699344 0.6
    endloop
  endfacet
  facet normal 0 0 1
    outer loop
      vertex 5.3867964297533035 3.162782149655478 0.6
      vertex 5.345139287412167 3.1690821445413997 0.6
      vertex 5.303460717201233 2.9438464290329387 0.6
    endloop
  endfacet
  facet normal 0 0 1
    outer loop
      vertex 5.457271426916122 3.1601178592869212 0.6
      vertex 5.4335392862558365 3.1601178592869212 0.6
      vertex 5.4335392862558365 3.0063321462699344 0.6
    endloop
  endfacet
  facet normal 0 0 1
    outer loop
      vertex 5.4949919655919075 3.1558187550732066 0.6
      vertex 5.457271426916122 3.1601178592869212 0.6
      vertex 5.4335392862558365 3.0063321462699344 0.6
    endloop
  endfacet
  facet normal 0 0 1
    outer loop
      vertex 5.494295537471771 3.0109937510320117 0.6
      vertex 5.519149996340275 3.0249785727688243 0.6
      vertex 5.4335392862558365 3.0063321462699344 0.6
    endloop
  endfacet
  facet normal 0 0 1
    outer loop
      vertex 5.519149996340275 3.0249785727688243 0.6
      vertex 5.533772319555283 3.049500899655478 0.6
      vertex 5.4335392862558365 3.0063321462699344 0.6
    endloop
  endfacet
  facet normal 0 0 1
    outer loop
      vertex 5.5566892847418785 3.0104464313813617 0.6
      vertex 5.662664286792278 2.8765178567596843 0.6
      vertex 5.579304464161396 3.0423553607293536 0.6
    endloop
  endfacet
  facet normal 0 0 1
    outer loop
      vertex 5.579304464161396 3.0423553607293536 0.6
      vertex 5.662664286792278 2.8765178567596843 0.6
      vertex 5.586842857301235 3.0862535781094005 0.6
    endloop
  endfacet
  facet normal 0 0 1
    outer loop
      vertex 5.533772319555283 3.049500899655478 0.6
      vertex 5.538646429777145 3.085767859859126 0.6
      vertex 5.4335392862558365 3.0063321462699344 0.6
    endloop
  endfacet
  facet normal 0 0 1
    outer loop
      vertex 5.538646429777145 3.085767859859126 0.6
      vertex 5.533983930945396 3.1200366115995815 0.6
      vertex 5.4335392862558365 3.0063321462699344 0.6
    endloop
  endfacet
  facet normal 0 0 1
    outer loop
      vertex 5.519996426999569 3.1429214349814822 0.6
      vertex 5.4949919655919075 3.1558187550732066 0.6
      vertex 5.4335392862558365 3.0063321462699344 0.6
    endloop
  endfacet
  facet normal 0 0 1
    outer loop
      vertex 5.533983930945396 3.1200366115995815 0.6
      vertex 5.519996426999569 3.1429214349814822 0.6
      vertex 5.4335392862558365 3.0063321462699344 0.6
    endloop
  endfacet
  facet normal 0 0 1
    outer loop
      vertex 5.719335712492466 2.467632146818297 0.6
      vertex 5.842849999666214 2.467632146818297 0.6
      vertex 5.485124997794628 2.857142860335963 0.6
    endloop
  endfacet
  facet normal 0 0 1
    outer loop
      vertex 5.9535321444272995 2.467632146818297 0.6
      vertex 5.888382144272327 2.857142860335963 0.6
      vertex 5.842849999666214 2.467632146818297 0.6
    endloop
  endfacet
  facet normal 0 0 1
    outer loop
      vertex 5.842849999666214 2.467632146818297 0.6
      vertex 5.621007144451141 2.857142860335963 0.6
      vertex 5.485124997794628 2.857142860335963 0.6
    endloop
  endfacet
  facet normal 0 0 1
    outer loop
      vertex 5.842849999666214 2.467632146818297 0.6
      vertex 5.73168571293354 2.857142860335963 0.6
      vertex 5.621007144451141 2.857142860335963 0.6
    endloop
  endfacet
  facet normal 0 0 1
    outer loop
      vertex 5.842849999666214 2.467632146818297 0.6
      vertex 5.888382144272327 2.857142860335963 0.6
      vertex 5.73168571293354 2.857142860335963 0.6
    endloop
  endfacet
  facet normal 0 0 1
    outer loop
      vertex 5.9535321444272995 2.467632146818297 0.6
      vertex 5.911875002086163 2.857142860335963 0.6
      vertex 5.888382144272327 2.857142860335963 0.6
    endloop
  endfacet
  facet normal 0 0 1
    outer loop
      vertex 5.73168571293354 2.8699785715767314 0.6
      vertex 5.688092857599258 3.1492214298674037 0.6
      vertex 5.688092857599258 2.8765178567596843 0.6
    endloop
  endfacet
  facet normal 0 0 1
    outer loop
      vertex 5.688092857599258 3.1492214298674037 0.6
      vertex 5.73168571293354 2.8699785715767314 0.6
      vertex 5.888382144272327 2.857142860335963 0.6
    endloop
  endfacet
  facet normal 0 0 1
    outer loop
      vertex 5.73168571293354 2.857142860335963 0.6
      vertex 5.888382144272327 2.857142860335963 0.6
      vertex 5.73168571293354 2.8699785715767314 0.6
    endloop
  endfacet
  facet normal 0 0 1
    outer loop
      vertex 5.662664286792278 2.8765178567596843 0.6
      vertex 5.662664286792278 3.162782149655478 0.6
      vertex 5.586842857301235 3.0862535781094005 0.6
    endloop
  endfacet
  facet normal 0 0 1
    outer loop
      vertex 5.886442855000496 2.9414250052400996 0.6
      vertex 5.842849999666214 3.1690821445413997 0.6
      vertex 5.719335712492466 3.1819178632327487 0.6
    endloop
  endfacet
  facet normal 0 0 1
    outer loop
      vertex 5.911875002086163 2.857142860335963 0.6
      vertex 5.9535321444272995 3.1690821445413997 0.6
      vertex 5.911875002086163 3.162782149655478 0.6
    endloop
  endfacet
  facet normal 0 0 1
    outer loop
      vertex 5.886442855000496 2.9414250052400996 0.6
      vertex 5.886442855000496 3.162782149655478 0.6
      vertex 5.842849999666214 3.1690821445413997 0.6
    endloop
  endfacet
  facet normal 0 0 1
    outer loop
      vertex 5.0627250000834465 3.142560715121882 0.6
      vertex 4.988596431910992 3.1690821445413997 0.6
      vertex 5.030938394367695 3.089369649333613 0.6
    endloop
  endfacet
  facet normal 0 0 1
    outer loop
      vertex 4.988596431910992 3.1690821445413997 0.6
      vertex 5.0627250000834465 3.142560715121882 0.6
      vertex 4.988596431910992 3.1819178632327487 0.6
    endloop
  endfacet
  facet normal 0 0 1
    outer loop
      vertex 5.11534196138382 3.1748026854225566 0.6
      vertex 4.988596431910992 3.1819178632327487 0.6
      vertex 5.0627250000834465 3.142560715121882 0.6
    endloop
  endfacet
  facet normal 0 0 1
    outer loop
      vertex 5.188421428203583 3.185550006372588 0.6
      vertex 4.988596431910992 3.1819178632327487 0.6
      vertex 5.11534196138382 3.1748026854225566 0.6
    endloop
  endfacet
  facet normal 0 0 1
    outer loop
      vertex 5.099539287388325 3.129603574318545 0.6
      vertex 5.282632142305374 3.1022357142397334 0.6
      vertex 5.136533930897713 3.157032149178641 0.6
    endloop
  endfacet
  facet normal 0 0 1
    outer loop
      vertex 5.136533930897713 3.157032149178641 0.6
      vertex 5.282632142305374 3.1022357142397334 0.6
      vertex 5.190360717475414 3.166175002498286 0.6
    endloop
  endfacet
  facet normal 0 0 1
    outer loop
      vertex 5.190360717475414 3.166175002498286 0.6
      vertex 5.282632142305374 3.1022357142397334 0.6
      vertex 5.213398210704327 3.1647517925926616 0.6
    endloop
  endfacet
  facet normal 0 0 1
    outer loop
      vertex 5.213398210704327 3.1647517925926616 0.6
      vertex 5.282632142305374 3.1022357142397334 0.6
      vertex 5.23601071536541 3.1604821479746272 0.6
    endloop
  endfacet
  facet normal 0 0 1
    outer loop
      vertex 5.275367856025696 3.144378574831145 0.6
      vertex 5.23601071536541 3.1604821479746272 0.6
      vertex 5.282632142305374 3.1022357142397334 0.6
    endloop
  endfacet
  facet normal 0 0 1
    outer loop
      vertex 5.275367856025696 3.144378574831145 0.6
      vertex 5.2570517882704735 3.153611609978335 0.6
      vertex 5.23601071536541 3.1604821479746272 0.6
    endloop
  endfacet
  facet normal 0 0 1
    outer loop
      vertex 5.240916073322296 3.182461614055293 0.6
      vertex 4.645107500255108 3.571428569299834 0.6
      vertex 5.188421428203583 3.185550006372588 0.6
    endloop
  endfacet
  facet normal 0 0 1
    outer loop
      vertex 5.297164283692837 3.173196429652827 0.6
      vertex 4.645107500255108 3.571428569299834 0.6
      vertex 5.240916073322296 3.182461614055293 0.6
    endloop
  endfacet
  facet normal 0 0 1
    outer loop
      vertex 4.645107500255108 3.571428569299834 0.6
      vertex 5.297164283692837 3.173196429652827 0.6
      vertex 5.345139287412167 3.1690821445413997 0.6
    endloop
  endfacet
  facet normal 0 0 1
    outer loop
      vertex 5.345139287412167 3.1819178632327487 0.6
      vertex 4.896233215928078 3.571428569299834 0.6
      vertex 5.345139287412167 3.1690821445413997 0.6
    endloop
  endfacet
  facet normal 0 0 1
    outer loop
      vertex 5.298617854714394 3.1022357142397334 0.6
      vertex 5.345139287412167 3.1690821445413997 0.6
      vertex 5.297164283692837 3.173196429652827 0.6
    endloop
  endfacet
  facet normal 0 0 1
    outer loop
      vertex 5.586842857301235 3.0862535781094005 0.6
      vertex 5.621007144451141 3.1690821445413997 0.6
      vertex 5.5570535734295845 3.1580017900892665 0.6
    endloop
  endfacet
  facet normal 0 0 1
    outer loop
      vertex 5.621007144451141 3.1690821445413997 0.6
      vertex 5.586842857301235 3.0862535781094005 0.6
      vertex 5.662664286792278 3.162782149655478 0.6
    endloop
  endfacet
  facet normal 0 0 1
    outer loop
      vertex 5.621007144451141 3.1819178632327487 0.6
      vertex 5.5570535734295845 3.1580017900892665 0.6
      vertex 5.621007144451141 3.1690821445413997 0.6
    endloop
  endfacet
  facet normal 0 0 1
    outer loop
      vertex 5.467685714364052 3.1819178632327487 0.6
      vertex 5.8043524995446205 3.5814571401902606 0.6
      vertex 5.345139287412167 3.1819178632327487 0.6
    endloop
  endfacet
  facet normal 0 0 1
    outer loop
      vertex 5.5570535734295845 3.1580017900892665 0.6
      vertex 5.8043524995446205 3.5814571401902606 0.6
      vertex 5.467685714364052 3.1819178632327487 0.6
    endloop
  endfacet
  facet normal 0 0 1
    outer loop
      vertex 4.896233215928078 3.571428569299834 0.6
      vertex 5.345139287412167 3.1819178632327487 0.6
      vertex 5.129898928105831 3.571428569299834 0.6
    endloop
  endfacet
  facet normal 0 0 1
    outer loop
      vertex 5.129898928105831 3.571428569299834 0.6
      vertex 5.345139287412167 3.1819178632327487 0.6
      vertex 5.372296251356602 3.5820549971290996 0.6
    endloop
  endfacet
  facet normal 0 0 1
    outer loop
      vertex 5.129898928105831 3.5945328569837978 0.6
      vertex 5.197919644415379 3.8569664231368472 0.6
      vertex 5.054916068911552 3.6063035673328807 0.6
    endloop
  endfacet
  facet normal 0 0 1
    outer loop
      vertex 5.129898928105831 3.571428569299834 0.6
      vertex 5.277261070907116 3.6400857142039706 0.6
      vertex 5.129898928105831 3.5945328569837978 0.6
    endloop
  endfacet
  facet normal 0 0 1
    outer loop
      vertex 5.217754997313023 3.7329962498375346 0.6
      vertex 5.129898928105831 3.5945328569837978 0.6
      vertex 5.277261070907116 3.6400857142039706 0.6
    endloop
  endfacet
  facet normal 0 0 1
    outer loop
      vertex 5.277261070907116 3.6400857142039706 0.6
      vertex 5.129898928105831 3.571428569299834 0.6
      vertex 5.372296251356602 3.5820549971290996 0.6
    endloop
  endfacet
  facet normal 0 0 1
    outer loop
      vertex 5.129898928105831 3.5945328569837978 0.6
      vertex 5.217754997313023 3.7329962498375346 0.6
      vertex 5.197919644415379 3.8569664231368472 0.6
    endloop
  endfacet
  facet normal 0 0 1
    outer loop
      vertex 5.372296251356602 3.5820549971290996 0.6
      vertex 5.345139287412167 3.1819178632327487 0.6
      vertex 5.498718932271004 3.562711427254336 0.6
    endloop
  endfacet
  facet normal 0 0 1
    outer loop
      vertex 5.498718932271004 3.562711427254336 0.6
      vertex 5.345139287412167 3.1819178632327487 0.6
      vertex 5.605412319302559 3.5695771372744014 0.6
    endloop
  endfacet
  facet normal 0 0 1
    outer loop
      vertex 5.605412319302559 3.5695771372744014 0.6
      vertex 5.345139287412167 3.1819178632327487 0.6
      vertex 5.70491535961628 3.5901742822357585 0.6
    endloop
  endfacet
  facet normal 0 0 1
    outer loop
      vertex 5.8043524995446205 3.5814571401902606 0.6
      vertex 5.70491535961628 3.5901742822357585 0.6
      vertex 5.345139287412167 3.1819178632327487 0.6
    endloop
  endfacet
  facet normal 0 0 1
    outer loop
      vertex 5.499593213200569 3.596274996442454 0.6
      vertex 5.670040354132652 4.0125957152673175 0.6
      vertex 5.4089712500572205 3.613058390361922 0.6
    endloop
  endfacet
  facet normal 0 0 1
    outer loop
      vertex 5.547870181500912 3.599272320313113 0.6
      vertex 5.698814645409584 4.0125957152673175 0.6
      vertex 5.499593213200569 3.596274996442454 0.6
    endloop
  endfacet
  facet normal 0 0 1
    outer loop
      vertex 5.593315355479717 3.608264284474509 0.6
      vertex 5.698814645409584 4.0125957152673175 0.6
      vertex 5.547870181500912 3.599272320313113 0.6
    endloop
  endfacet
  facet normal 0 0 1
    outer loop
      vertex 5.842849999666214 3.1819178632327487 0.6
      vertex 5.719335712492466 3.1819178632327487 0.6
      vertex 5.842849999666214 3.1690821445413997 0.6
    endloop
  endfacet
  facet normal 0 0 1
    outer loop
      vertex 5.5570535734295845 3.1580017900892665 0.6
      vertex 5.621007144451141 3.1819178632327487 0.6
      vertex 5.8043524995446205 3.5814571401902606 0.6
    endloop
  endfacet
  facet normal 0 0 1
    outer loop
      vertex 5.719335712492466 3.1819178632327487 0.6
      vertex 5.8043524995446205 3.5814571401902606 0.6
      vertex 5.621007144451141 3.1819178632327487 0.6
    endloop
  endfacet
  facet normal 0 0 1
    outer loop
      vertex 5.8043524995446205 3.5814571401902606 0.6
      vertex 5.719335712492466 3.1819178632327487 0.6
      vertex 5.842849999666214 3.1819178632327487 0.6
    endloop
  endfacet
  facet normal 0 0 1
    outer loop
      vertex 5.9535321444272995 3.1819178632327487 0.6
      vertex 5.880640357732773 3.5673978573509624 0.6
      vertex 5.842849999666214 3.1819178632327487 0.6
    endloop
  endfacet
  facet normal 0 0 1
    outer loop
      vertex 5.9535321444272995 3.1819178632327487 0.6
      vertex 5.961286783218384 3.562711427254336 0.6
      vertex 5.880640357732773 3.5673978573509624 0.6
    endloop
  endfacet
  facet normal 0 0 1
    outer loop
      vertex 5.8043524995446205 3.5814571401902606 0.6
      vertex 5.842849999666214 3.1819178632327487 0.6
      vertex 5.880640357732773 3.5673978573509624 0.6
    endloop
  endfacet
  facet normal 0 0 1
    outer loop
      vertex 5.70491535961628 3.5901742822357585 0.6
      vertex 5.8043524995446205 3.5814571401902606 0.6
      vertex 5.7995567843317986 3.704390714211123 0.6
    endloop
  endfacet
  facet normal 0 0 1
    outer loop
      vertex 5.632767498493195 3.6222689247557094 0.6
      vertex 5.698814645409584 4.0125957152673175 0.6
      vertex 5.593315355479717 3.608264284474509 0.6
    endloop
  endfacet
  facet normal 0 0 1
    outer loop
      vertex 5.70491535961628 3.5901742822357585 0.6
      vertex 5.7995567843317986 3.704390714211123 0.6
      vertex 5.707531787455082 3.7274949944445064 0.6
    endloop
  endfacet
  facet normal 0 0 1
    outer loop
      vertex 5.828324645757675 3.704390714211123 0.6
      vertex 5.707531787455082 3.7274949944445064 0.6
      vertex 5.7995567843317986 3.704390714211123 0.6
    endloop
  endfacet
  facet normal 0 0 1
    outer loop
      vertex 5.847944639623165 3.622432852430003 0.6
      vertex 5.896113932132721 3.605866426868098 0.6
      vertex 5.9262494668364525 3.6006351730653217 0.6
    endloop
  endfacet
  facet normal 0 0 1
    outer loop
      vertex 5.847944639623165 3.622432852430003 0.6
      vertex 5.868488751351833 3.6134955308267047 0.6
      vertex 5.896113932132721 3.605866426868098 0.6
    endloop
  endfacet
  facet normal 0 0 1
    outer loop
      vertex 5.847944639623165 3.622432852430003 0.6
      vertex 5.9262494668364525 3.6006351730653217 0.6
      vertex 5.828324645757675 3.704390714211123 0.6
    endloop
  endfacet
  facet normal 0 0 1
    outer loop
      vertex 5.954311788082123 3.5988914242812564 0.6
      vertex 5.828324645757675 3.704390714211123 0.6
      vertex 5.9262494668364525 3.6006351730653217 0.6
    endloop
  endfacet
  facet normal 0 0 1
    outer loop
      vertex 6.0138194635510445 3.606737496597426 0.6
      vertex 5.828324645757675 3.704390714211123 0.6
      vertex 5.954311788082123 3.5988914242812564 0.6
    endloop
  endfacet
  facet normal 0 0 1
    outer loop
      vertex 5.707531787455082 3.7274949944445064 0.6
      vertex 5.828324645757675 3.704390714211123 0.6
      vertex 6.0881482139229774 3.7349071374961307 0.6
    endloop
  endfacet
  facet normal 0 0 1
    outer loop
      vertex 5.961286783218384 3.562711427254336 0.6
      vertex 5.9535321444272995 3.1819178632327487 0.6
      vertex 6.04902071505785 3.573828036231654 0.6
    endloop
  endfacet
  facet normal 0 0 1
    outer loop
      vertex 6.04902071505785 3.573828036231654 0.6
      vertex 5.9535321444272995 3.1819178632327487 0.6
      vertex 6.114299640059471 3.6071778557130267 0.6
    endloop
  endfacet
  facet normal 0 0 1
    outer loop
      vertex 5.9535321444272995 3.1819178632327487 0.6
      vertex 6.2424982115626335 3.571428569299834 0.6
      vertex 6.114299640059471 3.6071778557130267 0.6
    endloop
  endfacet
  facet normal 0 0 1
    outer loop
      vertex 6.05545250326395 3.6302757135459354 0.6
      vertex 5.828324645757675 3.704390714211123 0.6
      vertex 6.0138194635510445 3.606737496597426 0.6
    endloop
  endfacet
  facet normal 0 0 1
    outer loop
      vertex 6.079974286258221 3.672128925366061 0.6
      vertex 5.828324645757675 3.704390714211123 0.6
      vertex 6.05545250326395 3.6302757135459354 0.6
    endloop
  endfacet
  facet normal 0 0 1
    outer loop
      vertex 6.0881482139229774 3.7349071374961307 0.6
      vertex 5.828324645757675 3.704390714211123 0.6
      vertex 6.079974286258221 3.672128925366061 0.6
    endloop
  endfacet
  facet normal 0 0 1
    outer loop
      vertex 6.0806267857551575 3.7855289227196147 0.6
      vertex 5.707531787455082 3.7274949944445064 0.6
      vertex 6.0881482139229774 3.7349071374961307 0.6
    endloop
  endfacet
  facet normal 0 0 1
    outer loop
      vertex 6.114299640059471 3.6071778557130267 0.6
      vertex 6.2424982115626335 3.63550856922354 0.6
      vertex 6.154843032360077 3.6602537504264285 0.6
    endloop
  endfacet
  facet normal 0 0 1
    outer loop
      vertex 6.2424982115626335 3.63550856922354 0.6
      vertex 6.114299640059471 3.6071778557130267 0.6
      vertex 6.2424982115626335 3.571428569299834 0.6
    endloop
  endfacet
  facet normal 0 0 1
    outer loop
      vertex 6.154843032360077 3.6602537504264285 0.6
      vertex 6.2424982115626335 3.63550856922354 0.6
      vertex 6.323581784963608 3.709186429423945 0.6
    endloop
  endfacet
  facet normal 0 0 1
    outer loop
      vertex 6.154843032360077 3.6602537504264285 0.6
      vertex 6.323581784963608 3.709186429423945 0.6
      vertex 6.168357498943806 3.730548570198672 0.6
    endloop
  endfacet
  facet normal 0 0 1
    outer loop
      vertex 6.2424982115626335 3.571428569299834 0.6
      vertex 5.9535321444272995 3.1819178632327487 0.6
      vertex 6.600402496755123 3.571428569299834 0.6
    endloop
  endfacet
  facet normal 0 0 1
    outer loop
      vertex 6.391263395547867 3.7710871419736316 0.6
      vertex 6.168357498943806 3.730548570198672 0.6
      vertex 6.323581784963608 3.709186429423945 0.6
    endloop
  endfacet
  facet normal 0 0 1
    outer loop
      vertex 6.299609646201134 3.638562137527125 0.6
      vertex 6.600402496755123 3.638562137527125 0.6
      vertex 6.342002853751183 3.676598387105124 0.6
    endloop
  endfacet
  facet normal 0 0 1
    outer loop
      vertex 6.342002853751183 3.676598387105124 0.6
      vertex 6.600402496755123 3.638562137527125 0.6
      vertex 6.381998211145401 3.711365709347384 0.6
    endloop
  endfacet
  facet normal 0 0 1
    outer loop
      vertex 6.381998211145401 3.711365709347384 0.6
      vertex 6.600402496755123 3.638562137527125 0.6
      vertex 6.459812857210636 3.7799714228936603 0.6
    endloop
  endfacet
  facet normal 0 0 1
    outer loop
      vertex 5.054916068911552 3.6063035673328807 0.6
      vertex 5.197919644415379 3.8569664231368472 0.6
      vertex 5.216991610825062 3.989436785025256 0.6
    endloop
  endfacet
  facet normal 0 0 1
    outer loop
      vertex 5.054916068911552 3.6063035673328807 0.6
      vertex 5.216991610825062 3.989436785025256 0.6
      vertex 5.129898928105831 4.132919283849852 0.6
    endloop
  endfacet
  facet normal 0 0 1
    outer loop
      vertex 5.054916068911552 3.6063035673328807 0.6
      vertex 5.129898928105831 4.132919283849852 0.6
      vertex 5.054916068911552 4.121579284114497 0.6
    endloop
  endfacet
  facet normal 0 0 1
    outer loop
      vertex 5.342871069908142 3.663408572120326 0.6
      vertex 5.670040354132652 4.0125957152673175 0.6
      vertex 5.30249160528183 3.7455866060086658 0.6
    endloop
  endfacet
  facet normal 0 0 1
    outer loop
      vertex 5.30249160528183 3.7455866060086658 0.6
      vertex 5.670040354132652 4.0125957152673175 0.6
      vertex 5.2890317887067795 3.8578407115169933 0.6
    endloop
  endfacet
  facet normal 0 0 1
    outer loop
      vertex 5.4089712500572205 3.613058390361922 0.6
      vertex 5.670040354132652 4.0125957152673175 0.6
      vertex 5.342871069908142 3.663408572120326 0.6
    endloop
  endfacet
  facet normal 0 0 1
    outer loop
      vertex 5.499593213200569 3.596274996442454 0.6
      vertex 5.698814645409584 4.0125957152673175 0.6
      vertex 5.670040354132652 4.0125957152673175 0.6
    endloop
  endfacet
  facet normal 0 0 1
    outer loop
      vertex 5.2890317887067795 3.8578407115169933 0.6
      vertex 5.670040354132652 4.0125957152673175 0.6
      vertex 5.3018921464681625 3.9779392800160815 0.6
    endloop
  endfacet
  facet normal 0 0 1
    outer loop
      vertex 5.3018921464681625 3.9779392800160815 0.6
      vertex 5.670040354132652 4.0125957152673175 0.6
      vertex 5.340473212301731 4.0618578514882495 0.6
    endloop
  endfacet
  facet normal 0 0 1
    outer loop
      vertex 5.340473212301731 4.0618578514882495 0.6
      vertex 5.670040354132652 4.0125957152673175 0.6
      vertex 5.407063573598862 4.111229280275958 0.6
    endloop
  endfacet
  facet normal 0 0 1
    outer loop
      vertex 5.274207502603531 4.085180709404605 0.6
      vertex 5.129898928105831 4.132919283849852 0.6
      vertex 5.216991610825062 3.989436785025256 0.6
    endloop
  endfacet
  facet normal 0 0 1
    outer loop
      vertex 5.129898928105831 4.132919283849852 0.6
      vertex 5.274207502603531 4.085180709404605 0.6
      vertex 5.129898928105831 4.156023571533816 0.6
    endloop
  endfacet
  facet normal 0 0 1
    outer loop
      vertex 5.368918038904667 4.143216247005122 0.6
      vertex 5.129898928105831 4.156023571533816 0.6
      vertex 5.274207502603531 4.085180709404605 0.6
    endloop
  endfacet
  facet normal 0 0 1
    outer loop
      vertex 5.50046107172966 4.162561426205294 0.6
      vertex 5.129898928105831 4.156023571533816 0.6
      vertex 5.368918038904667 4.143216247005122 0.6
    endloop
  endfacet
  facet normal 0 0 1
    outer loop
      vertex 5.407063573598862 4.111229280275958 0.6
      vertex 5.670040354132652 4.0125957152673175 0.6
      vertex 5.503951787948608 4.127686428172248 0.6
    endloop
  endfacet
  facet normal 0 0 1
    outer loop
      vertex 5.503951787948608 4.127686428172248 0.6
      vertex 5.670040354132652 4.0125957152673175 0.6
      vertex 5.545419283211231 4.125124642891543 0.6
    endloop
  endfacet
  facet normal 0 0 1
    outer loop
      vertex 5.545419283211231 4.125124642891543 0.6
      vertex 5.670040354132652 4.0125957152673175 0.6
      vertex 5.586121782660484 4.11743928704943 0.6
    endloop
  endfacet
  facet normal 0 0 1
    outer loop
      vertex 5.586121782660484 4.11743928704943 0.6
      vertex 5.656964644789696 4.088452855391162 0.6
      vertex 5.623995713889599 4.105072321636336 0.6
    endloop
  endfacet
  facet normal 0 0 1
    outer loop
      vertex 5.663065358996391 3.640304284436362 0.6
      vertex 5.698814645409584 4.0125957152673175 0.6
      vertex 5.632767498493195 3.6222689247557094 0.6
    endloop
  endfacet
  facet normal 0 0 1
    outer loop
      vertex 5.663065358996391 3.640304284436362 0.6
      vertex 5.6791946440935135 3.7274949944445064 0.6
      vertex 5.698814645409584 4.0125957152673175 0.6
    endloop
  endfacet
  facet normal 0 0 1
    outer loop
      vertex 5.707531787455082 3.7274949944445064 0.6
      vertex 5.698814645409584 4.0125957152673175 0.6
      vertex 5.6791946440935135 3.7274949944445064 0.6
    endloop
  endfacet
  facet normal 0 0 1
    outer loop
      vertex 5.707531787455082 3.7274949944445064 0.6
      vertex 5.902433216571808 3.858708570046084 0.6
      vertex 5.698814645409584 4.0125957152673175 0.6
    endloop
  endfacet
  facet normal 0 0 1
    outer loop
      vertex 5.902433216571808 3.858708570046084 0.6
      vertex 5.707531787455082 3.7274949944445064 0.6
      vertex 5.964777499437332 3.855224283678191 0.6
    endloop
  endfacet
  facet normal 0 0 1
    outer loop
      vertex 5.964777499437332 3.855224283678191 0.6
      vertex 5.707531787455082 3.7274949944445064 0.6
      vertex 6.019701607525349 3.8454689255782535 0.6
    endloop
  endfacet
  facet normal 0 0 1
    outer loop
      vertex 6.019701607525349 3.8454689255782535 0.6
      vertex 5.707531787455082 3.7274949944445064 0.6
      vertex 6.0580625012516975 3.822309995336192 0.6
    endloop
  endfacet
  facet normal 0 0 1
    outer loop
      vertex 5.902433216571808 3.894457856459277 0.6
      vertex 5.698814645409584 4.0125957152673175 0.6
      vertex 5.902433216571808 3.858708570046084 0.6
    endloop
  endfacet
  facet normal 0 0 1
    outer loop
      vertex 5.698814645409584 4.0125957152673175 0.6
      vertex 5.902433216571808 3.894457856459277 0.6
      vertex 5.817428216338158 4.031341428203242 0.6
    endloop
  endfacet
  facet normal 0 0 1
    outer loop
      vertex 5.964777499437332 3.898379283291953 0.6
      vertex 5.846202500164509 4.031341428203242 0.6
      vertex 5.902433216571808 3.894457856459277 0.6
    endloop
  endfacet
  facet normal 0 0 1
    outer loop
      vertex 5.817428216338158 4.031341428203242 0.6
      vertex 5.902433216571808 3.894457856459277 0.6
      vertex 5.846202500164509 4.031341428203242 0.6
    endloop
  endfacet
  facet normal 0 0 1
    outer loop
      vertex 6.0580625012516975 3.822309995336192 0.6
      vertex 5.707531787455082 3.7274949944445064 0.6
      vertex 6.0806267857551575 3.7855289227196147 0.6
    endloop
  endfacet
  facet normal 0 0 1
    outer loop
      vertex 6.01403321325779 3.8774542829820087 0.6
      vertex 6.082912139594555 3.86148892555918 0.6
      vertex 6.068144105374813 3.892987320465701 0.6
    endloop
  endfacet
  facet normal 0 0 1
    outer loop
      vertex 6.168357498943806 3.730548570198672 0.6
      vertex 6.391263395547867 3.7710871419736316 0.6
      vertex 6.158984646201134 3.788363928241389 0.6
    endloop
  endfacet
  facet normal 0 0 1
    outer loop
      vertex 6.158984646201134 3.788363928241389 0.6
      vertex 6.438235357403755 3.819912137729781 0.6
      vertex 6.130866073071957 3.831901425761836 0.6
    endloop
  endfacet
  facet normal 0 0 1
    outer loop
      vertex 6.130866073071957 3.831901425761836 0.6
      vertex 6.068144105374813 3.892987320465701 0.6
      vertex 6.082912139594555 3.86148892555918 0.6
    endloop
  endfacet
  facet normal 0 0 1
    outer loop
      vertex 6.130866073071957 3.831901425761836 0.6
      vertex 6.108411073684692 3.9221392816730907 0.6
      vertex 6.068144105374813 3.892987320465701 0.6
    endloop
  endfacet
  facet normal 0 0 1
    outer loop
      vertex 6.130866073071957 3.831901425761836 0.6
      vertex 6.438235357403755 3.819912137729781 0.6
      vertex 6.108411073684692 3.9221392816730907 0.6
    endloop
  endfacet
  facet normal 0 0 1
    outer loop
      vertex 6.108411073684692 3.9221392816730907 0.6
      vertex 6.438235357403755 3.819912137729781 0.6
      vertex 6.133424639701843 3.964264104408877 0.6
    endloop
  endfacet
  facet normal 0 0 1
    outer loop
      vertex 6.007604643702507 3.907316604895251 0.6
      vertex 5.846202500164509 4.031341428203242 0.6
      vertex 5.964777499437332 3.898379283291953 0.6
    endloop
  endfacet
  facet normal 0 0 1
    outer loop
      vertex 6.037574641406536 3.928895714027541 0.6
      vertex 5.846202500164509 4.031341428203242 0.6
      vertex 6.007604643702507 3.907316604895251 0.6
    endloop
  endfacet
  facet normal 0 0 1
    outer loop
      vertex 6.055230714380741 3.963989282292979 0.6
      vertex 5.846202500164509 4.031341428203242 0.6
      vertex 6.037574641406536 3.928895714027541 0.6
    endloop
  endfacet
  facet normal 0 0 1
    outer loop
      vertex 6.061116069555283 4.013469996196883 0.6
      vertex 5.846202500164509 4.031341428203242 0.6
      vertex 6.055230714380741 3.963989282292979 0.6
    endloop
  endfacet
  facet normal 0 0 1
    outer loop
      vertex 6.054740533232689 4.064311960978167 0.6
      vertex 5.846202500164509 4.031341428203242 0.6
      vertex 6.061116069555283 4.013469996196883 0.6
    endloop
  endfacet
  facet normal 0 0 1
    outer loop
      vertex 6.133424639701843 3.964264104408877 0.6
      vertex 6.262118212878704 4.031341428203242 0.6
      vertex 6.141762502491474 4.018702851874488 0.6
    endloop
  endfacet
  facet normal 0 0 1
    outer loop
      vertex 6.262118212878704 4.031341428203242 0.6
      vertex 6.133424639701843 3.964264104408877 0.6
      vertex 6.290886074304581 4.031341428203242 0.6
    endloop
  endfacet
  facet normal 0 0 1
    outer loop
      vertex 5.656964644789696 4.088452855391162 0.6
      vertex 5.586121782660484 4.11743928704943 0.6
      vertex 5.670040354132652 4.0125957152673175 0.6
    endloop
  endfacet
  facet normal 0 0 1
    outer loop
      vertex 5.698814645409584 4.0125957152673175 0.6
      vertex 5.817428216338158 4.14381571326937 0.6
      vertex 5.696198217570782 4.1403249970504215 0.6
    endloop
  endfacet
  facet normal 0 0 1
    outer loop
      vertex 5.817428216338158 4.14381571326937 0.6
      vertex 5.698814645409584 4.0125957152673175 0.6
      vertex 5.817428216338158 4.031341428203242 0.6
    endloop
  endfacet
  facet normal 0 0 1
    outer loop
      vertex 5.696198217570782 4.1403249970504215 0.6
      vertex 5.817428216338158 4.14381571326937 0.6
      vertex 5.594951428472996 4.157002317053931 0.6
    endloop
  endfacet
  facet normal 0 0 1
    outer loop
      vertex 5.846202500164509 4.031341428203242 0.6
      vertex 5.882165536284447 4.112262675804751 0.6
      vertex 5.861457496881485 4.102833571178572 0.6
    endloop
  endfacet
  facet normal 0 0 1
    outer loop
      vertex 5.882165536284447 4.112262675804751 0.6
      vertex 5.846202500164509 4.031341428203242 0.6
      vertex 5.905923925340176 4.119618566972869 0.6
    endloop
  endfacet
  facet normal 0 0 1
    outer loop
      vertex 5.905923925340176 4.119618566972869 0.6
      vertex 5.846202500164509 4.031341428203242 0.6
      vertex 5.930662676692009 4.124362858278411 0.6
    endloop
  endfacet
  facet normal 0 0 1
    outer loop
      vertex 5.930662676692009 4.124362858278411 0.6
      vertex 5.846202500164509 4.031341428203242 0.6
      vertex 5.954311788082123 4.125944281263011 0.6
    endloop
  endfacet
  facet normal 0 0 1
    outer loop
      vertex 5.954311788082123 4.125944281263011 0.6
      vertex 5.846202500164509 4.031341428203242 0.6
      vertex 6.002537325024605 4.11924088959183 0.6
    endloop
  endfacet
  facet normal 0 0 1
    outer loop
      vertex 6.002537325024605 4.11924088959183 0.6
      vertex 5.846202500164509 4.031341428203242 0.6
      vertex 6.035613931715488 4.099130714578288 0.6
    endloop
  endfacet
  facet normal 0 0 1
    outer loop
      vertex 6.035613931715488 4.099130714578288 0.6
      vertex 5.846202500164509 4.031341428203242 0.6
      vertex 6.054740533232689 4.064311960978167 0.6
    endloop
  endfacet
  facet normal 0 0 1
    outer loop
      vertex 6.141762502491474 4.018702851874488 0.6
      vertex 6.262118212878704 4.14381571326937 0.6
      vertex 6.094899818301201 4.1265967807599475 0.6
    endloop
  endfacet
  facet normal 0 0 1
    outer loop
      vertex 6.262118212878704 4.14381571326937 0.6
      vertex 6.141762502491474 4.018702851874488 0.6
      vertex 6.262118212878704 4.031341428203242 0.6
    endloop
  endfacet
  facet normal 0 0 1
    outer loop
      vertex 6.094899818301201 4.1265967807599475 0.6
      vertex 6.262118212878704 4.14381571326937 0.6
      vertex 5.954311788082123 4.162561426205294 0.6
    endloop
  endfacet
  facet normal 0 0 1
    outer loop
      vertex 10 5 0.6
      vertex 1.0439999997615814 4.904742853982108 0.6
      vertex 6.39682249724865 4.162561426205294 0.6
    endloop
  endfacet
  facet normal 0 0 1
    outer loop
      vertex 6.158984646201134 3.788363928241389 0.6
      vertex 6.391263395547867 3.7710871419736316 0.6
      vertex 6.438235357403755 3.819912137729781 0.6
    endloop
  endfacet
  facet normal 0 0 1
    outer loop
      vertex 6.46967589110136 3.8628517857619693 0.6
      vertex 6.133424639701843 3.964264104408877 0.6
      vertex 6.438235357403755 3.819912137729781 0.6
    endloop
  endfacet
  facet normal 0 0 1
    outer loop
      vertex 6.133424639701843 3.964264104408877 0.6
      vertex 6.502701073884964 3.955268929047244 0.6
      vertex 6.290886074304581 4.031341428203242 0.6
    endloop
  endfacet
  facet normal 0 0 1
    outer loop
      vertex 6.49076321721077 3.9070964253374507 0.6
      vertex 6.133424639701843 3.964264104408877 0.6
      vertex 6.46967589110136 3.8628517857619693 0.6
    endloop
  endfacet
  facet normal 0 0 1
    outer loop
      vertex 6.502701073884964 3.955268929047244 0.6
      vertex 6.133424639701843 3.964264104408877 0.6
      vertex 6.49076321721077 3.9070964253374507 0.6
    endloop
  endfacet
  facet normal 0 0 1
    outer loop
      vertex 6.506680354475975 4.009979279977935 0.6
      vertex 6.290886074304581 4.031341428203242 0.6
      vertex 6.502701073884964 3.955268929047244 0.6
    endloop
  endfacet
  facet normal 0 0 1
    outer loop
      vertex 6.5002501755952835 4.059895532471793 0.6
      vertex 6.290886074304581 4.031341428203242 0.6
      vertex 6.506680354475975 4.009979279977935 0.6
    endloop
  endfacet
  facet normal 0 0 1
    outer loop
      vertex 6.290886074304581 4.031341428203242 0.6
      vertex 6.326309107244015 4.112262675804751 0.6
      vertex 6.306147500872612 4.102833571178572 0.6
    endloop
  endfacet
  facet normal 0 0 1
    outer loop
      vertex 6.326309107244015 4.112262675804751 0.6
      vertex 6.290886074304581 4.031341428203242 0.6
      vertex 6.349302500486374 4.119618566972869 0.6
    endloop
  endfacet
  facet normal 0 0 1
    outer loop
      vertex 6.349302500486374 4.119618566972869 0.6
      vertex 6.290886074304581 4.031341428203242 0.6
      vertex 6.373390354216099 4.124362858278411 0.6
    endloop
  endfacet
  facet normal 0 0 1
    outer loop
      vertex 6.373390354216099 4.124362858278411 0.6
      vertex 6.290886074304581 4.031341428203242 0.6
      vertex 6.39682249724865 4.125944281263011 0.6
    endloop
  endfacet
  facet normal 0 0 1
    outer loop
      vertex 6.39682249724865 4.125944281263011 0.6
      vertex 6.290886074304581 4.031341428203242 0.6
      vertex 6.447065003216267 4.118532138211386 0.6
    endloop
  endfacet
  facet normal 0 0 1
    outer loop
      vertex 6.4809596464037895 4.0962957090565135 0.6
      vertex 6.290886074304581 4.031341428203242 0.6
      vertex 6.5002501755952835 4.059895532471793 0.6
    endloop
  endfacet
  facet normal 0 0 1
    outer loop
      vertex 6.447065003216267 4.118532138211386 0.6
      vertex 6.290886074304581 4.031341428203242 0.6
      vertex 6.4809596464037895 4.0962957090565135 0.6
    endloop
  endfacet
  facet normal 0 0 1
    outer loop
      vertex 10 0 0.6
      vertex 10 5 0.6
      vertex 5.9535321444272995 3.1819178632327487 0.6
    endloop
  endfacet
  facet normal 0 0 1
    outer loop
      vertex 10 5 0.6
      vertex 6.600402496755123 3.571428569299834 0.6
      vertex 5.9535321444272995 3.1819178632327487 0.6
    endloop
  endfacet
  facet normal 0 0 1
    outer loop
      vertex 10 5 0.6
      vertex 6.600402496755123 3.638562137527125 0.6
      vertex 6.600402496755123 3.571428569299834 0.6
    endloop
  endfacet
  facet normal 0 0 1
    outer loop
      vertex 10 5 0.6
      vertex 6.459812857210636 3.7799714228936603 0.6
      vertex 6.600402496755123 3.638562137527125 0.6
    endloop
  endfacet
  facet normal 0 0 1
    outer loop
      vertex 10 5 0.6
      vertex 6.511906787753105 3.831464285297053 0.6
      vertex 6.459812857210636 3.7799714228936603 0.6
    endloop
  endfacet
  facet normal 0 0 1
    outer loop
      vertex 10 5 0.6
      vertex 6.546073034405708 3.8745148203202655 0.6
      vertex 6.511906787753105 3.831464285297053 0.6
    endloop
  endfacet
  facet normal 0 0 1
    outer loop
      vertex 10 5 0.6
      vertex 6.570104643702507 3.917780714375632 0.6
      vertex 6.546073034405708 3.8745148203202655 0.6
    endloop
  endfacet
  facet normal 0 0 1
    outer loop
      vertex 10 5 0.6
      vertex 6.584327854216099 3.9625171444245746 0.6
      vertex 6.570104643702507 3.917780714375632 0.6
    endloop
  endfacet
  facet normal 0 0 1
    outer loop
      vertex 10 5 0.6
      vertex 6.589068926870823 4.009979279977935 0.6
      vertex 6.584327854216099 3.9625171444245746 0.6
    endloop
  endfacet
  facet normal 0 0 1
    outer loop
      vertex 10 5 0.6
      vertex 6.577026605606079 4.074554281575339 0.6
      vertex 6.589068926870823 4.009979279977935 0.6
    endloop
  endfacet
  facet normal 0 0 1
    outer loop
      vertex 10 5 0.6
      vertex 6.39682249724865 4.162561426205294 0.6
      vertex 6.480795711278915 4.1525891071983745 0.6
    endloop
  endfacet
  facet normal 0 0 1
    outer loop
      vertex 10 5 0.6
      vertex 6.540899641811848 4.122672142727034 0.6
      vertex 6.577026605606079 4.074554281575339 0.6
    endloop
  endfacet
  facet normal 0 0 1
    outer loop
      vertex 10 5 0.6
      vertex 6.480795711278915 4.1525891071983745 0.6
      vertex 6.540899641811848 4.122672142727034 0.6
    endloop
  endfacet
  facet normal -1 0 0
    outer loop
      vertex 3.7409017831087112 0.7142857110926082 0.8
      vertex 3.7409017831087112 0.7271214223333766 0.6
      vertex 3.7409017831087112 0.7142857110926082 0.6
    endloop
  endfacet
  facet normal -1 0 0
    outer loop
      vertex 3.641848213970661 1.026224995298045 0.8
      vertex 3.641848213970661 1.039060713989394 0.6
      vertex 3.641848213970661 1.026224995298045 0.6
    endloop
  endfacet
  facet normal -0.16978107117506672 -0.9854818049414443 0
    outer loop
      vertex 3.678416073322296 1.0199250004121234 0.8
      vertex 3.641848213970661 1.026224995298045 0.6
      vertex 3.678416073322296 1.0199250004121234 0.6
    endloop
  endfacet
  facet normal 0 1 0
    outer loop
      vertex 3.641848213970661 1.039060713989394 0.8
      vertex 3.7791660726070404 1.039060713989394 0.6
      vertex 3.641848213970661 1.039060713989394 0.6
    endloop
  endfacet
  facet normal -1 0 0
    outer loop
      vertex 3.7409017831087112 0.7142857110926082 0.8
      vertex 3.7409017831087112 0.7271214223333766 0.8
      vertex 3.7409017831087112 0.7271214223333766 0.6
    endloop
  endfacet
  facet normal -0.843610954600141 -0.5369548931508482 0
    outer loop
      vertex 3.7924875020980835 0.8407071403094699 0.8
      vertex 3.678416073322296 1.0199250004121234 0.8
      vertex 3.678416073322296 1.0199250004121234 0.6
    endloop
  endfacet
  facet normal -1 0 0
    outer loop
      vertex 3.641848213970661 1.026224995298045 0.8
      vertex 3.641848213970661 1.039060713989394 0.8
      vertex 3.641848213970661 1.039060713989394 0.6
    endloop
  endfacet
  facet normal -0.16978107117506672 -0.9854818049414443 0
    outer loop
      vertex 3.641848213970661 1.026224995298045 0.8
      vertex 3.641848213970661 1.026224995298045 0.6
      vertex 3.678416073322296 1.0199250004121234 0.8
    endloop
  endfacet
  facet normal 0 1 0
    outer loop
      vertex 3.641848213970661 1.039060713989394 0.8
      vertex 3.7791660726070404 1.039060713989394 0.8
      vertex 3.7791660726070404 1.039060713989394 0.6
    endloop
  endfacet
  facet normal 0 0 1
    outer loop
      vertex 3.7924875020980835 0.8407071403094699 0.8
      vertex 3.7355732172727585 1.0199250004121234 0.8
      vertex 3.678416073322296 1.0199250004121234 0.8
    endloop
  endfacet
  facet normal 0 0 1
    outer loop
      vertex 3.641848213970661 1.026224995298045 0.8
      vertex 3.678416073322296 1.0199250004121234 0.8
      vertex 3.641848213970661 1.039060713989394 0.8
    endloop
  endfacet
  facet normal 0 0 1
    outer loop
      vertex 3.641848213970661 1.039060713989394 0.8
      vertex 3.678416073322296 1.0199250004121234 0.8
      vertex 3.7355732172727585 1.0199250004121234 0.8
    endloop
  endfacet
  facet normal 0 0 1
    outer loop
      vertex 3.641848213970661 1.039060713989394 0.8
      vertex 3.7355732172727585 1.0199250004121234 0.8
      vertex 3.7791660726070404 1.039060713989394 0.8
    endloop
  endfacet
  facet normal -0.1257590037668341 0.9920608212058237 0
    outer loop
      vertex 3.7409017831087112 0.7271214223333766 0.8
      vertex 3.7924875020980835 0.7336607075163295 0.6
      vertex 3.7409017831087112 0.7271214223333766 0.6
    endloop
  endfacet
  facet normal -1 0 0
    outer loop
      vertex 3.7924875020980835 0.7336607075163295 0.8
      vertex 3.7924875020980835 0.8407071403094699 0.6
      vertex 3.7924875020980835 0.7336607075163295 0.6
    endloop
  endfacet
  facet normal 0 -1 0
    outer loop
      vertex 3.890816070139408 0.7142857110926082 0.8
      vertex 3.7409017831087112 0.7142857110926082 0.6
      vertex 3.890816070139408 0.7142857110926082 0.6
    endloop
  endfacet
  facet normal 0.1257590216430823 0.9920608189397335 0
    outer loop
      vertex 3.8392303586006165 0.7336607075163295 0.8
      vertex 3.890816070139408 0.7271214223333766 0.6
      vertex 3.8392303586006165 0.7336607075163295 0.6
    endloop
  endfacet
  facet normal 1 0 0
    outer loop
      vertex 3.890816070139408 0.7271214223333766 0.8
      vertex 3.890816070139408 0.7142857110926082 0.6
      vertex 3.890816070139408 0.7271214223333766 0.6
    endloop
  endfacet
  facet normal 1 0 0
    outer loop
      vertex 3.8392303586006165 0.8421607113310268 0.8
      vertex 3.8392303586006165 0.7336607075163295 0.6
      vertex 3.8392303586006165 0.8421607113310268 0.6
    endloop
  endfacet
  facet normal -0.843610954600141 -0.5369548931508482 0
    outer loop
      vertex 3.7924875020980835 0.8407071403094699 0.8
      vertex 3.678416073322296 1.0199250004121234 0.6
      vertex 3.7924875020980835 0.8407071403094699 0.6
    endloop
  endfacet
  facet normal -0.8607917685431072 0.5089572980205996 0
    outer loop
      vertex 3.828816071152687 0.8700107133814265 0.8
      vertex 3.9174553602933884 1.0199250004121234 0.6
      vertex 3.828816071152687 0.8700107133814265 0.6
    endloop
  endfacet
  facet normal -1 0 0
    outer loop
      vertex 4.099119640886784 0.7142857110926082 0.8
      vertex 4.099119640886784 0.7271214223333766 0.6
      vertex 4.099119640886784 0.7142857110926082 0.6
    endloop
  endfacet
  facet normal -0.1257590037668341 0.9920608212058237 0
    outer loop
      vertex 4.099119640886784 0.7271214223333766 0.8
      vertex 4.150705359876156 0.7336607075163295 0.6
      vertex 4.099119640886784 0.7271214223333766 0.6
    endloop
  endfacet
  facet normal 0 -1 0
    outer loop
      vertex 4.2490339279174805 0.7142857110926082 0.8
      vertex 4.099119640886784 0.7142857110926082 0.6
      vertex 4.2490339279174805 0.7142857110926082 0.6
    endloop
  endfacet
  facet normal 0.1257590216430823 0.9920608189397335 0
    outer loop
      vertex 4.197448216378689 0.7336607075163295 0.8
      vertex 4.2490339279174805 0.7271214223333766 0.6
      vertex 4.197448216378689 0.7336607075163295 0.6
    endloop
  endfacet
  facet normal -1 0 0
    outer loop
      vertex 4.150705359876156 0.7336607075163295 0.8
      vertex 4.150705359876156 0.8407071403094699 0.6
      vertex 4.150705359876156 0.7336607075163295 0.6
    endloop
  endfacet
  facet normal 1 0 0
    outer loop
      vertex 4.2490339279174805 0.7271214223333766 0.8
      vertex 4.2490339279174805 0.7142857110926082 0.6
      vertex 4.2490339279174805 0.7271214223333766 0.6
    endloop
  endfacet
  facet normal 1 0 0
    outer loop
      vertex 4.197448216378689 0.8421607113310268 0.8
      vertex 4.197448216378689 0.7336607075163295 0.6
      vertex 4.197448216378689 0.8421607113310268 0.6
    endloop
  endfacet
  facet normal -0.843610954600141 -0.5369548931508482 0
    outer loop
      vertex 4.150705359876156 0.8407071403094699 0.8
      vertex 4.0366339311003685 1.0199250004121234 0.6
      vertex 4.150705359876156 0.8407071403094699 0.6
    endloop
  endfacet
  facet normal -0.8607917872854832 0.5089572663219017 0
    outer loop
      vertex 4.187033928930759 0.8700107133814265 0.8
      vertex 4.27567321062088 1.0199250004121234 0.6
      vertex 4.187033928930759 0.8700107133814265 0.6
    endloop
  endfacet
  facet normal 0.8491509710404203 0.5281501949077663 0
    outer loop
      vertex 3.7355732172727585 1.0199250004121234 0.8
      vertex 3.828816071152687 0.8700107133814265 0.6
      vertex 3.7355732172727585 1.0199250004121234 0.6
    endloop
  endfacet
  facet normal 0.14303302149625838 -0.9897179167629789 0
    outer loop
      vertex 3.7791660726070404 1.026224995298045 0.8
      vertex 3.7355732172727585 1.0199250004121234 0.6
      vertex 3.7791660726070404 1.026224995298045 0.6
    endloop
  endfacet
  facet normal 1 0 0
    outer loop
      vertex 3.7791660726070404 1.039060713989394 0.8
      vertex 3.7791660726070404 1.026224995298045 0.6
      vertex 3.7791660726070404 1.039060713989394 0.6
    endloop
  endfacet
  facet normal -1 0 0
    outer loop
      vertex 3.8762839287519455 1.026224995298045 0.8
      vertex 3.8762839287519455 1.039060713989394 0.6
      vertex 3.8762839287519455 1.026224995298045 0.6
    endloop
  endfacet
  facet normal -0.1512580179980047 -0.9884943156090051 0
    outer loop
      vertex 3.9174553602933884 1.0199250004121234 0.8
      vertex 3.8762839287519455 1.026224995298045 0.6
      vertex 3.9174553602933884 1.0199250004121234 0.6
    endloop
  endfacet
  facet normal 0.8566672194991117 -0.5158694360355733 0
    outer loop
      vertex 3.9462767839431763 1.0199250004121234 0.8
      vertex 3.8392303586006165 0.8421607113310268 0.6
      vertex 3.9462767839431763 1.0199250004121234 0.6
    endloop
  endfacet
  facet normal 0 1 0
    outer loop
      vertex 3.8762839287519455 1.039060713989394 0.8
      vertex 3.9818767830729485 1.039060713989394 0.6
      vertex 3.8762839287519455 1.039060713989394 0.6
    endloop
  endfacet
  facet normal 0.17425855851855027 -0.984699931341034 0
    outer loop
      vertex 3.9818767830729485 1.026224995298045 0.8
      vertex 3.9462767839431763 1.0199250004121234 0.6
      vertex 3.9818767830729485 1.026224995298045 0.6
    endloop
  endfacet
  facet normal 1 0 0
    outer loop
      vertex 3.9818767830729485 1.039060713989394 0.8
      vertex 3.9818767830729485 1.026224995298045 0.6
      vertex 3.9818767830729485 1.039060713989394 0.6
    endloop
  endfacet
  facet normal -1 0 0
    outer loop
      vertex 4.0000660717487335 1.026224995298045 0.8
      vertex 4.0000660717487335 1.039060713989394 0.6
      vertex 4.0000660717487335 1.026224995298045 0.6
    endloop
  endfacet
  facet normal -0.16978107117506672 -0.9854818049414443 0
    outer loop
      vertex 4.0366339311003685 1.0199250004121234 0.8
      vertex 4.0000660717487335 1.026224995298045 0.6
      vertex 4.0366339311003685 1.0199250004121234 0.6
    endloop
  endfacet
  facet normal 0 1 0
    outer loop
      vertex 4.0000660717487335 1.039060713989394 0.8
      vertex 4.137383930385113 1.039060713989394 0.6
      vertex 4.0000660717487335 1.039060713989394 0.6
    endloop
  endfacet
  facet normal 0.8491509710404203 0.5281501949077663 0
    outer loop
      vertex 4.093791075050831 1.0199250004121234 0.8
      vertex 4.187033928930759 0.8700107133814265 0.6
      vertex 4.093791075050831 1.0199250004121234 0.6
    endloop
  endfacet
  facet normal 0.14303302149625838 -0.9897179167629789 0
    outer loop
      vertex 4.137383930385113 1.026224995298045 0.8
      vertex 4.093791075050831 1.0199250004121234 0.6
      vertex 4.137383930385113 1.026224995298045 0.6
    endloop
  endfacet
  facet normal 1 0 0
    outer loop
      vertex 4.137383930385113 1.039060713989394 0.8
      vertex 4.137383930385113 1.026224995298045 0.6
      vertex 4.137383930385113 1.039060713989394 0.6
    endloop
  endfacet
  facet normal 0.8566672194991117 -0.5158694360355733 0
    outer loop
      vertex 4.304494641721249 1.0199250004121234 0.8
      vertex 4.197448216378689 0.8421607113310268 0.6
      vertex 4.304494641721249 1.0199250004121234 0.6
    endloop
  endfacet
  facet normal -1 0 0
    outer loop
      vertex 4.234501786530018 1.026224995298045 0.8
      vertex 4.234501786530018 1.039060713989394 0.6
      vertex 4.234501786530018 1.026224995298045 0.6
    endloop
  endfacet
  facet normal -0.15125804474413662 -0.9884943115163489 0
    outer loop
      vertex 4.27567321062088 1.0199250004121234 0.8
      vertex 4.234501786530018 1.026224995298045 0.6
      vertex 4.27567321062088 1.0199250004121234 0.6
    endloop
  endfacet
  facet normal 0 1 0
    outer loop
      vertex 4.234501786530018 1.039060713989394 0.8
      vertex 4.340094640851021 1.039060713989394 0.6
      vertex 4.234501786530018 1.039060713989394 0.6
    endloop
  endfacet
  facet normal 0.17425855851855027 -0.984699931341034 0
    outer loop
      vertex 4.340094640851021 1.026224995298045 0.8
      vertex 4.304494641721249 1.0199250004121234 0.6
      vertex 4.340094640851021 1.026224995298045 0.6
    endloop
  endfacet
  facet normal 1 0 0
    outer loop
      vertex 4.340094640851021 1.039060713989394 0.8
      vertex 4.340094640851021 1.026224995298045 0.6
      vertex 4.340094640851021 1.039060713989394 0.6
    endloop
  endfacet
  facet normal -1 0 0
    outer loop
      vertex 4.35319821536541 1.026224995298045 0.8
      vertex 4.35319821536541 1.039060713989394 0.6
      vertex 4.35319821536541 1.026224995298045 0.6
    endloop
  endfacet
  facet normal -0.21703451751074146 -0.9761639299876224 0
    outer loop
      vertex 4.381533928215504 1.0199250004121234 0.8
      vertex 4.35319821536541 1.026224995298045 0.6
      vertex 4.381533928215504 1.0199250004121234 0.6
    endloop
  endfacet
  facet normal 0 -1 0
    outer loop
      vertex 4.501901783049107 0.7067785656877925 0.8
      vertex 4.489062502980232 0.7067785656877925 0.6
      vertex 4.501901783049107 0.7067785656877925 0.6
    endloop
  endfacet
  facet normal 0 -1 0
    outer loop
      vertex 4.685476787388325 0.7067785656877925 0.8
      vertex 4.672641068696976 0.7067785656877925 0.6
      vertex 4.685476787388325 0.7067785656877925 0.6
    endloop
  endfacet
  facet normal -0.9457938019373064 -0.3247677388796106 0
    outer loop
      vertex 4.489062502980232 0.7067785656877925 0.8
      vertex 4.381533928215504 1.0199250004121234 0.6
      vertex 4.489062502980232 0.7067785656877925 0.6
    endloop
  endfacet
  facet normal 0.9327989276495487 -0.36039722609344826 0
    outer loop
      vertex 4.588362500071526 0.9305607101746967 0.8
      vertex 4.501901783049107 0.7067785656877925 0.6
      vertex 4.588362500071526 0.9305607101746967 0.6
    endloop
  endfacet
  facet normal -0.9358329295758312 -0.3524439358557862 0
    outer loop
      vertex 4.672641068696976 0.7067785656877925 0.8
      vertex 4.588362500071526 0.9305607101746967 0.6
      vertex 4.672641068696976 0.7067785656877925 0.6
    endloop
  endfacet
  facet normal -0.9322305847808139 0.3618648045875995 0
    outer loop
      vertex 4.506744645535946 0.7910607105919292 0.8
      vertex 4.594173215329647 1.0162928572722842 0.6
      vertex 4.506744645535946 0.7910607105919292 0.6
    endloop
  endfacet
  facet normal 0 -1 0
    outer loop
      vertex 4.9700803607702255 0.7067785656877925 0.8
      vertex 4.957241073250771 0.7067785656877925 0.6
      vertex 4.9700803607702255 0.7067785656877925 0.6
    endloop
  endfacet
  facet normal -0.9519540281620524 0.3062409643826939 0
    outer loop
      vertex 4.689351782202721 0.7910607105919292 0.8
      vertex 4.762976787984371 1.0199250004121234 0.6
      vertex 4.689351782202721 0.7910607105919292 0.6
    endloop
  endfacet
  facet normal 0.9471327705064903 -0.3208418847854811 0
    outer loop
      vertex 4.791555359959602 1.0199250004121234 0.8
      vertex 4.685476787388325 0.7067785656877925 0.6
      vertex 4.791555359959602 1.0199250004121234 0.6
    endloop
  endfacet
  facet normal -0.9457938019373064 -0.3247677388796106 0
    outer loop
      vertex 4.957241073250771 0.7067785656877925 0.8
      vertex 4.849712498486042 1.0199250004121234 0.6
      vertex 4.957241073250771 0.7067785656877925 0.6
    endloop
  endfacet
  facet normal 0.9474728963665722 0.31983606840182816 0
    outer loop
      vertex 4.429487496614456 1.0199250004121234 0.8
      vertex 4.506744645535946 0.7910607105919292 0.6
      vertex 4.429487496614456 1.0199250004121234 0.6
    endloop
  endfacet
  facet normal 0 1 0
    outer loop
      vertex 4.35319821536541 1.039060713989394 0.8
      vertex 4.477198213338852 1.039060713989394 0.6
      vertex 4.35319821536541 1.039060713989394 0.6
    endloop
  endfacet
  facet normal 0.1309093576723447 -0.9913943413565633 0
    outer loop
      vertex 4.477198213338852 1.026224995298045 0.8
      vertex 4.429487496614456 1.0199250004121234 0.6
      vertex 4.477198213338852 1.026224995298045 0.6
    endloop
  endfacet
  facet normal 1 0 0
    outer loop
      vertex 4.477198213338852 1.039060713989394 0.8
      vertex 4.477198213338852 1.026224995298045 0.6
      vertex 4.477198213338852 1.039060713989394 0.6
    endloop
  endfacet
  facet normal 0.9365797843018132 0.35045443018624967 0
    outer loop
      vertex 4.6050732135772705 1.0162928572722842 0.8
      vertex 4.689351782202721 0.7910607105919292 0.6
      vertex 4.6050732135772705 1.0162928572722842 0.6
    endloop
  endfacet
  facet normal 0 1 0
    outer loop
      vertex 4.594173215329647 1.0162928572722842 0.8
      vertex 4.6050732135772705 1.0162928572722842 0.6
      vertex 4.594173215329647 1.0162928572722842 0.6
    endloop
  endfacet
  facet normal -1 0 0
    outer loop
      vertex 4.712362498044968 1.026224995298045 0.8
      vertex 4.712362498044968 1.039060713989394 0.6
      vertex 4.712362498044968 1.026224995298045 0.6
    endloop
  endfacet
  facet normal -0.1235175282212986 -0.9923423906203447 0
    outer loop
      vertex 4.762976787984371 1.0199250004121234 0.8
      vertex 4.712362498044968 1.026224995298045 0.6
      vertex 4.762976787984371 1.0199250004121234 0.6
    endloop
  endfacet
  facet normal 0 1 0
    outer loop
      vertex 4.712362498044968 1.039060713989394 0.8
      vertex 4.819891072809696 1.039060713989394 0.6
      vertex 4.712362498044968 1.039060713989394 0.6
    endloop
  endfacet
  facet normal 0.21703451751074146 -0.9761639299876224 0
    outer loop
      vertex 4.819891072809696 1.026224995298045 0.8
      vertex 4.791555359959602 1.0199250004121234 0.6
      vertex 4.819891072809696 1.026224995298045 0.6
    endloop
  endfacet
  facet normal -1 0 0
    outer loop
      vertex 4.821376785635948 1.026224995298045 0.8
      vertex 4.821376785635948 1.039060713989394 0.6
      vertex 4.821376785635948 1.026224995298045 0.6
    endloop
  endfacet
  facet normal 1 0 0
    outer loop
      vertex 4.819891072809696 1.039060713989394 0.8
      vertex 4.819891072809696 1.026224995298045 0.6
      vertex 4.819891072809696 1.039060713989394 0.6
    endloop
  endfacet
  facet normal -0.21703451751074146 -0.9761639299876224 0
    outer loop
      vertex 4.849712498486042 1.0199250004121234 0.8
      vertex 4.821376785635948 1.026224995298045 0.6
      vertex 4.849712498486042 1.0199250004121234 0.6
    endloop
  endfacet
  facet normal 0.9474729057135904 0.31983604071249633 0
    outer loop
      vertex 4.897666074335575 1.0199250004121234 0.8
      vertex 4.974923215806484 0.7910607105919292 0.6
      vertex 4.897666074335575 1.0199250004121234 0.6
    endloop
  endfacet
  facet normal 0 1 0
    outer loop
      vertex 4.821376785635948 1.039060713989394 0.8
      vertex 4.94537678360939 1.039060713989394 0.6
      vertex 4.821376785635948 1.039060713989394 0.6
    endloop
  endfacet
  facet normal 0.13090937776502184 -0.9913943387034115 0
    outer loop
      vertex 4.94537678360939 1.026224995298045 0.8
      vertex 4.897666074335575 1.0199250004121234 0.6
      vertex 4.94537678360939 1.026224995298045 0.6
    endloop
  endfacet
  facet normal 1 0 0
    outer loop
      vertex 4.94537678360939 1.039060713989394 0.8
      vertex 4.94537678360939 1.026224995298045 0.6
      vertex 4.94537678360939 1.039060713989394 0.6
    endloop
  endfacet
  facet normal -0.1257590037668341 0.9920608212058237 0
    outer loop
      vertex 3.7409017831087112 0.7271214223333766 0.8
      vertex 3.7924875020980835 0.7336607075163295 0.8
      vertex 3.7924875020980835 0.7336607075163295 0.6
    endloop
  endfacet
  facet normal 0 -1 0
    outer loop
      vertex 3.7409017831087112 0.7142857110926082 0.8
      vertex 3.7409017831087112 0.7142857110926082 0.6
      vertex 3.890816070139408 0.7142857110926082 0.8
    endloop
  endfacet
  facet normal 1 0 0
    outer loop
      vertex 3.890816070139408 0.7142857110926082 0.8
      vertex 3.890816070139408 0.7142857110926082 0.6
      vertex 3.890816070139408 0.7271214223333766 0.8
    endloop
  endfacet
  facet normal 0.1257590216430823 0.9920608189397335 0
    outer loop
      vertex 3.8392303586006165 0.7336607075163295 0.8
      vertex 3.890816070139408 0.7271214223333766 0.8
      vertex 3.890816070139408 0.7271214223333766 0.6
    endloop
  endfacet
  facet normal 1 0 0
    outer loop
      vertex 3.8392303586006165 0.7336607075163295 0.8
      vertex 3.8392303586006165 0.7336607075163295 0.6
      vertex 3.8392303586006165 0.8421607113310268 0.8
    endloop
  endfacet
  facet normal -1 0 0
    outer loop
      vertex 3.7924875020980835 0.7336607075163295 0.8
      vertex 3.7924875020980835 0.8407071403094699 0.8
      vertex 3.7924875020980835 0.8407071403094699 0.6
    endloop
  endfacet
  facet normal 0.8491509710404203 0.5281501949077663 0
    outer loop
      vertex 3.828816071152687 0.8700107133814265 0.8
      vertex 3.828816071152687 0.8700107133814265 0.6
      vertex 3.7355732172727585 1.0199250004121234 0.8
    endloop
  endfacet
  facet normal 0.8566672194991117 -0.5158694360355733 0
    outer loop
      vertex 3.8392303586006165 0.8421607113310268 0.8
      vertex 3.8392303586006165 0.8421607113310268 0.6
      vertex 3.9462767839431763 1.0199250004121234 0.8
    endloop
  endfacet
  facet normal -1 0 0
    outer loop
      vertex 4.099119640886784 0.7142857110926082 0.8
      vertex 4.099119640886784 0.7271214223333766 0.8
      vertex 4.099119640886784 0.7271214223333766 0.6
    endloop
  endfacet
  facet normal -0.1257590037668341 0.9920608212058237 0
    outer loop
      vertex 4.099119640886784 0.7271214223333766 0.8
      vertex 4.150705359876156 0.7336607075163295 0.8
      vertex 4.150705359876156 0.7336607075163295 0.6
    endloop
  endfacet
  facet normal 0 -1 0
    outer loop
      vertex 4.099119640886784 0.7142857110926082 0.8
      vertex 4.099119640886784 0.7142857110926082 0.6
      vertex 4.2490339279174805 0.7142857110926082 0.8
    endloop
  endfacet
  facet normal 1 0 0
    outer loop
      vertex 4.197448216378689 0.7336607075163295 0.8
      vertex 4.197448216378689 0.7336607075163295 0.6
      vertex 4.197448216378689 0.8421607113310268 0.8
    endloop
  endfacet
  facet normal 1 0 0
    outer loop
      vertex 4.2490339279174805 0.7142857110926082 0.8
      vertex 4.2490339279174805 0.7142857110926082 0.6
      vertex 4.2490339279174805 0.7271214223333766 0.8
    endloop
  endfacet
  facet normal 0.1257590216430823 0.9920608189397335 0
    outer loop
      vertex 4.197448216378689 0.7336607075163295 0.8
      vertex 4.2490339279174805 0.7271214223333766 0.8
      vertex 4.2490339279174805 0.7271214223333766 0.6
    endloop
  endfacet
  facet normal -1 0 0
    outer loop
      vertex 4.150705359876156 0.7336607075163295 0.8
      vertex 4.150705359876156 0.8407071403094699 0.8
      vertex 4.150705359876156 0.8407071403094699 0.6
    endloop
  endfacet
  facet normal 0.8491509710404203 0.5281501949077663 0
    outer loop
      vertex 4.187033928930759 0.8700107133814265 0.8
      vertex 4.187033928930759 0.8700107133814265 0.6
      vertex 4.093791075050831 1.0199250004121234 0.8
    endloop
  endfacet
  facet normal 0.8566672194991117 -0.5158694360355733 0
    outer loop
      vertex 4.197448216378689 0.8421607113310268 0.8
      vertex 4.197448216378689 0.8421607113310268 0.6
      vertex 4.304494641721249 1.0199250004121234 0.8
    endloop
  endfacet
  facet normal 0 0 1
    outer loop
      vertex 3.7409017831087112 0.7142857110926082 0.8
      vertex 3.7924875020980835 0.7336607075163295 0.8
      vertex 3.7409017831087112 0.7271214223333766 0.8
    endloop
  endfacet
  facet normal 0 0 1
    outer loop
      vertex 3.7409017831087112 0.7142857110926082 0.8
      vertex 3.890816070139408 0.7142857110926082 0.8
      vertex 3.7924875020980835 0.7336607075163295 0.8
    endloop
  endfacet
  facet normal 0 0 1
    outer loop
      vertex 3.7924875020980835 0.7336607075163295 0.8
      vertex 3.8392303586006165 0.7336607075163295 0.8
      vertex 3.7924875020980835 0.8407071403094699 0.8
    endloop
  endfacet
  facet normal 0 0 1
    outer loop
      vertex 3.7924875020980835 0.7336607075163295 0.8
      vertex 3.890816070139408 0.7142857110926082 0.8
      vertex 3.8392303586006165 0.7336607075163295 0.8
    endloop
  endfacet
  facet normal 0 0 1
    outer loop
      vertex 3.8392303586006165 0.7336607075163295 0.8
      vertex 3.890816070139408 0.7142857110926082 0.8
      vertex 3.890816070139408 0.7271214223333766 0.8
    endloop
  endfacet
  facet normal 0 0 1
    outer loop
      vertex 3.7924875020980835 0.8407071403094699 0.8
      vertex 3.8392303586006165 0.7336607075163295 0.8
      vertex 3.8392303586006165 0.8421607113310268 0.8
    endloop
  endfacet
  facet normal 0 0 1
    outer loop
      vertex 3.7924875020980835 0.8407071403094699 0.8
      vertex 3.8392303586006165 0.8421607113310268 0.8
      vertex 3.828816071152687 0.8700107133814265 0.8
    endloop
  endfacet
  facet normal 0 0 1
    outer loop
      vertex 3.7924875020980835 0.8407071403094699 0.8
      vertex 3.828816071152687 0.8700107133814265 0.8
      vertex 3.7355732172727585 1.0199250004121234 0.8
    endloop
  endfacet
  facet normal 0 0 1
    outer loop
      vertex 3.828816071152687 0.8700107133814265 0.8
      vertex 3.8392303586006165 0.8421607113310268 0.8
      vertex 3.9174553602933884 1.0199250004121234 0.8
    endloop
  endfacet
  facet normal 0 0 1
    outer loop
      vertex 4.099119640886784 0.7142857110926082 0.8
      vertex 4.150705359876156 0.7336607075163295 0.8
      vertex 4.099119640886784 0.7271214223333766 0.8
    endloop
  endfacet
  facet normal 0 0 1
    outer loop
      vertex 4.099119640886784 0.7142857110926082 0.8
      vertex 4.2490339279174805 0.7142857110926082 0.8
      vertex 4.150705359876156 0.7336607075163295 0.8
    endloop
  endfacet
  facet normal 0 0 1
    outer loop
      vertex 4.150705359876156 0.7336607075163295 0.8
      vertex 4.2490339279174805 0.7142857110926082 0.8
      vertex 4.197448216378689 0.7336607075163295 0.8
    endloop
  endfacet
  facet normal 0 0 1
    outer loop
      vertex 4.150705359876156 0.7336607075163295 0.8
      vertex 4.197448216378689 0.7336607075163295 0.8
      vertex 4.150705359876156 0.8407071403094699 0.8
    endloop
  endfacet
  facet normal 0 0 1
    outer loop
      vertex 4.197448216378689 0.7336607075163295 0.8
      vertex 4.2490339279174805 0.7142857110926082 0.8
      vertex 4.2490339279174805 0.7271214223333766 0.8
    endloop
  endfacet
  facet normal 0 0 1
    outer loop
      vertex 4.197448216378689 0.7336607075163295 0.8
      vertex 4.197448216378689 0.8421607113310268 0.8
      vertex 4.150705359876156 0.8407071403094699 0.8
    endloop
  endfacet
  facet normal 0 0 1
    outer loop
      vertex 4.150705359876156 0.8407071403094699 0.8
      vertex 4.197448216378689 0.8421607113310268 0.8
      vertex 4.187033928930759 0.8700107133814265 0.8
    endloop
  endfacet
  facet normal 0 0 1
    outer loop
      vertex 4.150705359876156 0.8407071403094699 0.8
      vertex 4.187033928930759 0.8700107133814265 0.8
      vertex 4.093791075050831 1.0199250004121234 0.8
    endloop
  endfacet
  facet normal 0 0 1
    outer loop
      vertex 4.197448216378689 0.8421607113310268 0.8
      vertex 4.27567321062088 1.0199250004121234 0.8
      vertex 4.187033928930759 0.8700107133814265 0.8
    endloop
  endfacet
  facet normal -0.8607917685431072 0.5089572980205996 0
    outer loop
      vertex 3.828816071152687 0.8700107133814265 0.8
      vertex 3.9174553602933884 1.0199250004121234 0.8
      vertex 3.9174553602933884 1.0199250004121234 0.6
    endloop
  endfacet
  facet normal 0.14303302149625838 -0.9897179167629789 0
    outer loop
      vertex 3.7355732172727585 1.0199250004121234 0.8
      vertex 3.7355732172727585 1.0199250004121234 0.6
      vertex 3.7791660726070404 1.026224995298045 0.8
    endloop
  endfacet
  facet normal 1 0 0
    outer loop
      vertex 3.7791660726070404 1.026224995298045 0.8
      vertex 3.7791660726070404 1.026224995298045 0.6
      vertex 3.7791660726070404 1.039060713989394 0.8
    endloop
  endfacet
  facet normal -1 0 0
    outer loop
      vertex 3.8762839287519455 1.026224995298045 0.8
      vertex 3.8762839287519455 1.039060713989394 0.8
      vertex 3.8762839287519455 1.039060713989394 0.6
    endloop
  endfacet
  facet normal -0.1512580179980047 -0.9884943156090051 0
    outer loop
      vertex 3.8762839287519455 1.026224995298045 0.8
      vertex 3.8762839287519455 1.026224995298045 0.6
      vertex 3.9174553602933884 1.0199250004121234 0.8
    endloop
  endfacet
  facet normal 0.17425855851855027 -0.984699931341034 0
    outer loop
      vertex 3.9462767839431763 1.0199250004121234 0.8
      vertex 3.9462767839431763 1.0199250004121234 0.6
      vertex 3.9818767830729485 1.026224995298045 0.8
    endloop
  endfacet
  facet normal 1 0 0
    outer loop
      vertex 3.9818767830729485 1.026224995298045 0.8
      vertex 3.9818767830729485 1.026224995298045 0.6
      vertex 3.9818767830729485 1.039060713989394 0.8
    endloop
  endfacet
  facet normal 0 1 0
    outer loop
      vertex 3.8762839287519455 1.039060713989394 0.8
      vertex 3.9818767830729485 1.039060713989394 0.8
      vertex 3.9818767830729485 1.039060713989394 0.6
    endloop
  endfacet
  facet normal -1 0 0
    outer loop
      vertex 4.0000660717487335 1.026224995298045 0.8
      vertex 4.0000660717487335 1.039060713989394 0.8
      vertex 4.0000660717487335 1.039060713989394 0.6
    endloop
  endfacet
  facet normal -0.16978107117506672 -0.9854818049414443 0
    outer loop
      vertex 4.0000660717487335 1.026224995298045 0.8
      vertex 4.0000660717487335 1.026224995298045 0.6
      vertex 4.0366339311003685 1.0199250004121234 0.8
    endloop
  endfacet
  facet normal -0.843610954600141 -0.5369548931508482 0
    outer loop
      vertex 4.150705359876156 0.8407071403094699 0.8
      vertex 4.0366339311003685 1.0199250004121234 0.8
      vertex 4.0366339311003685 1.0199250004121234 0.6
    endloop
  endfacet
  facet normal 0 1 0
    outer loop
      vertex 4.0000660717487335 1.039060713989394 0.8
      vertex 4.137383930385113 1.039060713989394 0.8
      vertex 4.137383930385113 1.039060713989394 0.6
    endloop
  endfacet
  facet normal 0.14303302149625838 -0.9897179167629789 0
    outer loop
      vertex 4.093791075050831 1.0199250004121234 0.8
      vertex 4.093791075050831 1.0199250004121234 0.6
      vertex 4.137383930385113 1.026224995298045 0.8
    endloop
  endfacet
  facet normal 1 0 0
    outer loop
      vertex 4.137383930385113 1.026224995298045 0.8
      vertex 4.137383930385113 1.026224995298045 0.6
      vertex 4.137383930385113 1.039060713989394 0.8
    endloop
  endfacet
  facet normal -0.8607917872854832 0.5089572663219017 0
    outer loop
      vertex 4.187033928930759 0.8700107133814265 0.8
      vertex 4.27567321062088 1.0199250004121234 0.8
      vertex 4.27567321062088 1.0199250004121234 0.6
    endloop
  endfacet
  facet normal -1 0 0
    outer loop
      vertex 4.234501786530018 1.026224995298045 0.8
      vertex 4.234501786530018 1.039060713989394 0.8
      vertex 4.234501786530018 1.039060713989394 0.6
    endloop
  endfacet
  facet normal -0.15125804474413662 -0.9884943115163489 0
    outer loop
      vertex 4.234501786530018 1.026224995298045 0.8
      vertex 4.234501786530018 1.026224995298045 0.6
      vertex 4.27567321062088 1.0199250004121234 0.8
    endloop
  endfacet
  facet normal 0.17425855851855027 -0.984699931341034 0
    outer loop
      vertex 4.304494641721249 1.0199250004121234 0.8
      vertex 4.304494641721249 1.0199250004121234 0.6
      vertex 4.340094640851021 1.026224995298045 0.8
    endloop
  endfacet
  facet normal 0 1 0
    outer loop
      vertex 4.234501786530018 1.039060713989394 0.8
      vertex 4.340094640851021 1.039060713989394 0.8
      vertex 4.340094640851021 1.039060713989394 0.6
    endloop
  endfacet
  facet normal 1 0 0
    outer loop
      vertex 4.340094640851021 1.026224995298045 0.8
      vertex 4.340094640851021 1.026224995298045 0.6
      vertex 4.340094640851021 1.039060713989394 0.8
    endloop
  endfacet
  facet normal -1 0 0
    outer loop
      vertex 4.35319821536541 1.026224995298045 0.8
      vertex 4.35319821536541 1.039060713989394 0.8
      vertex 4.35319821536541 1.039060713989394 0.6
    endloop
  endfacet
  facet normal -0.21703451751074146 -0.9761639299876224 0
    outer loop
      vertex 4.35319821536541 1.026224995298045 0.8
      vertex 4.35319821536541 1.026224995298045 0.6
      vertex 4.381533928215504 1.0199250004121234 0.8
    endloop
  endfacet
  facet normal 0 0 1
    outer loop
      vertex 3.8392303586006165 0.8421607113310268 0.8
      vertex 3.9462767839431763 1.0199250004121234 0.8
      vertex 3.9174553602933884 1.0199250004121234 0.8
    endloop
  endfacet
  facet normal 0 0 1
    outer loop
      vertex 3.7355732172727585 1.0199250004121234 0.8
      vertex 3.7791660726070404 1.026224995298045 0.8
      vertex 3.7791660726070404 1.039060713989394 0.8
    endloop
  endfacet
  facet normal 0 0 1
    outer loop
      vertex 3.8762839287519455 1.026224995298045 0.8
      vertex 3.9174553602933884 1.0199250004121234 0.8
      vertex 3.8762839287519455 1.039060713989394 0.8
    endloop
  endfacet
  facet normal 0 0 1
    outer loop
      vertex 3.9174553602933884 1.0199250004121234 0.8
      vertex 3.9462767839431763 1.0199250004121234 0.8
      vertex 3.8762839287519455 1.039060713989394 0.8
    endloop
  endfacet
  facet normal 0 0 1
    outer loop
      vertex 3.8762839287519455 1.039060713989394 0.8
      vertex 3.9462767839431763 1.0199250004121234 0.8
      vertex 3.9818767830729485 1.039060713989394 0.8
    endloop
  endfacet
  facet normal 0 0 1
    outer loop
      vertex 3.9462767839431763 1.0199250004121234 0.8
      vertex 3.9818767830729485 1.026224995298045 0.8
      vertex 3.9818767830729485 1.039060713989394 0.8
    endloop
  endfacet
  facet normal 0 0 1
    outer loop
      vertex 4.0000660717487335 1.026224995298045 0.8
      vertex 4.0366339311003685 1.0199250004121234 0.8
      vertex 4.0000660717487335 1.039060713989394 0.8
    endloop
  endfacet
  facet normal 0 0 1
    outer loop
      vertex 4.0000660717487335 1.039060713989394 0.8
      vertex 4.0366339311003685 1.0199250004121234 0.8
      vertex 4.093791075050831 1.0199250004121234 0.8
    endloop
  endfacet
  facet normal 0 0 1
    outer loop
      vertex 4.150705359876156 0.8407071403094699 0.8
      vertex 4.093791075050831 1.0199250004121234 0.8
      vertex 4.0366339311003685 1.0199250004121234 0.8
    endloop
  endfacet
  facet normal 0 0 1
    outer loop
      vertex 4.0000660717487335 1.039060713989394 0.8
      vertex 4.093791075050831 1.0199250004121234 0.8
      vertex 4.137383930385113 1.039060713989394 0.8
    endloop
  endfacet
  facet normal 0 0 1
    outer loop
      vertex 4.093791075050831 1.0199250004121234 0.8
      vertex 4.137383930385113 1.026224995298045 0.8
      vertex 4.137383930385113 1.039060713989394 0.8
    endloop
  endfacet
  facet normal 0 0 1
    outer loop
      vertex 4.197448216378689 0.8421607113310268 0.8
      vertex 4.304494641721249 1.0199250004121234 0.8
      vertex 4.27567321062088 1.0199250004121234 0.8
    endloop
  endfacet
  facet normal 0 0 1
    outer loop
      vertex 4.234501786530018 1.026224995298045 0.8
      vertex 4.27567321062088 1.0199250004121234 0.8
      vertex 4.234501786530018 1.039060713989394 0.8
    endloop
  endfacet
  facet normal 0 0 1
    outer loop
      vertex 4.27567321062088 1.0199250004121234 0.8
      vertex 4.304494641721249 1.0199250004121234 0.8
      vertex 4.234501786530018 1.039060713989394 0.8
    endloop
  endfacet
  facet normal 0 0 1
    outer loop
      vertex 4.234501786530018 1.039060713989394 0.8
      vertex 4.304494641721249 1.0199250004121234 0.8
      vertex 4.340094640851021 1.039060713989394 0.8
    endloop
  endfacet
  facet normal 0 0 1
    outer loop
      vertex 4.304494641721249 1.0199250004121234 0.8
      vertex 4.340094640851021 1.026224995298045 0.8
      vertex 4.340094640851021 1.039060713989394 0.8
    endloop
  endfacet
  facet normal 0 0 1
    outer loop
      vertex 4.35319821536541 1.026224995298045 0.8
      vertex 4.381533928215504 1.0199250004121234 0.8
      vertex 4.35319821536541 1.039060713989394 0.8
    endloop
  endfacet
  facet normal 0 -1 0
    outer loop
      vertex 4.489062502980232 0.7067785656877925 0.8
      vertex 4.489062502980232 0.7067785656877925 0.6
      vertex 4.501901783049107 0.7067785656877925 0.8
    endloop
  endfacet
  facet normal 0 -1 0
    outer loop
      vertex 4.672641068696976 0.7067785656877925 0.8
      vertex 4.672641068696976 0.7067785656877925 0.6
      vertex 4.685476787388325 0.7067785656877925 0.8
    endloop
  endfacet
  facet normal 0.9327989276495487 -0.36039722609344826 0
    outer loop
      vertex 4.501901783049107 0.7067785656877925 0.8
      vertex 4.501901783049107 0.7067785656877925 0.6
      vertex 4.588362500071526 0.9305607101746967 0.8
    endloop
  endfacet
  facet normal -0.9457938019373064 -0.3247677388796106 0
    outer loop
      vertex 4.381533928215504 1.0199250004121234 0.8
      vertex 4.381533928215504 1.0199250004121234 0.6
      vertex 4.489062502980232 0.7067785656877925 0.8
    endloop
  endfacet
  facet normal 0.9474728963665722 0.31983606840182816 0
    outer loop
      vertex 4.506744645535946 0.7910607105919292 0.8
      vertex 4.506744645535946 0.7910607105919292 0.6
      vertex 4.429487496614456 1.0199250004121234 0.8
    endloop
  endfacet
  facet normal -0.9358329295758312 -0.3524439358557862 0
    outer loop
      vertex 4.672641068696976 0.7067785656877925 0.8
      vertex 4.588362500071526 0.9305607101746967 0.8
      vertex 4.588362500071526 0.9305607101746967 0.6
    endloop
  endfacet
  facet normal 0.9365797843018132 0.35045443018624967 0
    outer loop
      vertex 4.689351782202721 0.7910607105919292 0.8
      vertex 4.689351782202721 0.7910607105919292 0.6
      vertex 4.6050732135772705 1.0162928572722842 0.8
    endloop
  endfacet
  facet normal 0 -1 0
    outer loop
      vertex 4.957241073250771 0.7067785656877925 0.8
      vertex 4.957241073250771 0.7067785656877925 0.6
      vertex 4.9700803607702255 0.7067785656877925 0.8
    endloop
  endfacet
  facet normal 0.9471327705064903 -0.3208418847854811 0
    outer loop
      vertex 4.685476787388325 0.7067785656877925 0.8
      vertex 4.685476787388325 0.7067785656877925 0.6
      vertex 4.791555359959602 1.0199250004121234 0.8
    endloop
  endfacet
  facet normal 0.9327989380900702 -0.3603971990707441 0
    outer loop
      vertex 4.9700803607702255 0.7067785656877925 0.8
      vertex 4.9700803607702255 0.7067785656877925 0.6
      vertex 5.056541070342064 0.9305607101746967 0.8
    endloop
  endfacet
  facet normal -0.9457938019373064 -0.3247677388796106 0
    outer loop
      vertex 4.957241073250771 0.7067785656877925 0.8
      vertex 4.849712498486042 1.0199250004121234 0.8
      vertex 4.849712498486042 1.0199250004121234 0.6
    endloop
  endfacet
  facet normal 0.9474729057135904 0.31983604071249633 0
    outer loop
      vertex 4.974923215806484 0.7910607105919292 0.8
      vertex 4.974923215806484 0.7910607105919292 0.6
      vertex 4.897666074335575 1.0199250004121234 0.8
    endloop
  endfacet
  facet normal 0 0 1
    outer loop
      vertex 4.381533928215504 1.0199250004121234 0.8
      vertex 4.489062502980232 0.7067785656877925 0.8
      vertex 4.501901783049107 0.7067785656877925 0.8
    endloop
  endfacet
  facet normal 0 0 1
    outer loop
      vertex 4.381533928215504 1.0199250004121234 0.8
      vertex 4.501901783049107 0.7067785656877925 0.8
      vertex 4.506744645535946 0.7910607105919292 0.8
    endloop
  endfacet
  facet normal 0 0 1
    outer loop
      vertex 4.501901783049107 0.7067785656877925 0.8
      vertex 4.588362500071526 0.9305607101746967 0.8
      vertex 4.506744645535946 0.7910607105919292 0.8
    endloop
  endfacet
  facet normal 0 0 1
    outer loop
      vertex 4.672641068696976 0.7067785656877925 0.8
      vertex 4.689351782202721 0.7910607105919292 0.8
      vertex 4.588362500071526 0.9305607101746967 0.8
    endloop
  endfacet
  facet normal 0 0 1
    outer loop
      vertex 4.506744645535946 0.7910607105919292 0.8
      vertex 4.588362500071526 0.9305607101746967 0.8
      vertex 4.594173215329647 1.0162928572722842 0.8
    endloop
  endfacet
  facet normal 0 0 1
    outer loop
      vertex 4.689351782202721 0.7910607105919292 0.8
      vertex 4.594173215329647 1.0162928572722842 0.8
      vertex 4.588362500071526 0.9305607101746967 0.8
    endloop
  endfacet
  facet normal 0 0 1
    outer loop
      vertex 4.672641068696976 0.7067785656877925 0.8
      vertex 4.685476787388325 0.7067785656877925 0.8
      vertex 4.791555359959602 1.0199250004121234 0.8
    endloop
  endfacet
  facet normal 0 0 1
    outer loop
      vertex 4.672641068696976 0.7067785656877925 0.8
      vertex 4.791555359959602 1.0199250004121234 0.8
      vertex 4.689351782202721 0.7910607105919292 0.8
    endloop
  endfacet
  facet normal 0 0 1
    outer loop
      vertex 4.957241073250771 0.7067785656877925 0.8
      vertex 4.9700803607702255 0.7067785656877925 0.8
      vertex 4.849712498486042 1.0199250004121234 0.8
    endloop
  endfacet
  facet normal 0 0 1
    outer loop
      vertex 4.9700803607702255 0.7067785656877925 0.8
      vertex 4.974923215806484 0.7910607105919292 0.8
      vertex 4.849712498486042 1.0199250004121234 0.8
    endloop
  endfacet
  facet normal 0.1309093576723447 -0.9913943413565633 0
    outer loop
      vertex 4.429487496614456 1.0199250004121234 0.8
      vertex 4.429487496614456 1.0199250004121234 0.6
      vertex 4.477198213338852 1.026224995298045 0.8
    endloop
  endfacet
  facet normal 0 1 0
    outer loop
      vertex 4.35319821536541 1.039060713989394 0.8
      vertex 4.477198213338852 1.039060713989394 0.8
      vertex 4.477198213338852 1.039060713989394 0.6
    endloop
  endfacet
  facet normal 1 0 0
    outer loop
      vertex 4.477198213338852 1.026224995298045 0.8
      vertex 4.477198213338852 1.026224995298045 0.6
      vertex 4.477198213338852 1.039060713989394 0.8
    endloop
  endfacet
  facet normal -0.9322305847808139 0.3618648045875995 0
    outer loop
      vertex 4.506744645535946 0.7910607105919292 0.8
      vertex 4.594173215329647 1.0162928572722842 0.8
      vertex 4.594173215329647 1.0162928572722842 0.6
    endloop
  endfacet
  facet normal 0 1 0
    outer loop
      vertex 4.594173215329647 1.0162928572722842 0.8
      vertex 4.6050732135772705 1.0162928572722842 0.8
      vertex 4.6050732135772705 1.0162928572722842 0.6
    endloop
  endfacet
  facet normal -0.9519540281620524 0.3062409643826939 0
    outer loop
      vertex 4.689351782202721 0.7910607105919292 0.8
      vertex 4.762976787984371 1.0199250004121234 0.8
      vertex 4.762976787984371 1.0199250004121234 0.6
    endloop
  endfacet
  facet normal -1 0 0
    outer loop
      vertex 4.712362498044968 1.026224995298045 0.8
      vertex 4.712362498044968 1.039060713989394 0.8
      vertex 4.712362498044968 1.039060713989394 0.6
    endloop
  endfacet
  facet normal -0.1235175282212986 -0.9923423906203447 0
    outer loop
      vertex 4.712362498044968 1.026224995298045 0.8
      vertex 4.712362498044968 1.026224995298045 0.6
      vertex 4.762976787984371 1.0199250004121234 0.8
    endloop
  endfacet
  facet normal 0.21703451751074146 -0.9761639299876224 0
    outer loop
      vertex 4.791555359959602 1.0199250004121234 0.8
      vertex 4.791555359959602 1.0199250004121234 0.6
      vertex 4.819891072809696 1.026224995298045 0.8
    endloop
  endfacet
  facet normal 0 1 0
    outer loop
      vertex 4.712362498044968 1.039060713989394 0.8
      vertex 4.819891072809696 1.039060713989394 0.8
      vertex 4.819891072809696 1.039060713989394 0.6
    endloop
  endfacet
  facet normal -1 0 0
    outer loop
      vertex 4.821376785635948 1.026224995298045 0.8
      vertex 4.821376785635948 1.039060713989394 0.8
      vertex 4.821376785635948 1.039060713989394 0.6
    endloop
  endfacet
  facet normal 1 0 0
    outer loop
      vertex 4.819891072809696 1.026224995298045 0.8
      vertex 4.819891072809696 1.026224995298045 0.6
      vertex 4.819891072809696 1.039060713989394 0.8
    endloop
  endfacet
  facet normal -0.21703451751074146 -0.9761639299876224 0
    outer loop
      vertex 4.821376785635948 1.026224995298045 0.8
      vertex 4.821376785635948 1.026224995298045 0.6
      vertex 4.849712498486042 1.0199250004121234 0.8
    endloop
  endfacet
  facet normal 0.13090937776502184 -0.9913943387034115 0
    outer loop
      vertex 4.897666074335575 1.0199250004121234 0.8
      vertex 4.897666074335575 1.0199250004121234 0.6
      vertex 4.94537678360939 1.026224995298045 0.8
    endloop
  endfacet
  facet normal 0 1 0
    outer loop
      vertex 4.821376785635948 1.039060713989394 0.8
      vertex 4.94537678360939 1.039060713989394 0.8
      vertex 4.94537678360939 1.039060713989394 0.6
    endloop
  endfacet
  facet normal 1 0 0
    outer loop
      vertex 4.94537678360939 1.026224995298045 0.8
      vertex 4.94537678360939 1.026224995298045 0.6
      vertex 4.94537678360939 1.039060713989394 0.8
    endloop
  endfacet
  facet normal 0 0 1
    outer loop
      vertex 4.381533928215504 1.0199250004121234 0.8
      vertex 4.506744645535946 0.7910607105919292 0.8
      vertex 4.429487496614456 1.0199250004121234 0.8
    endloop
  endfacet
  facet normal 0 0 1
    outer loop
      vertex 4.381533928215504 1.0199250004121234 0.8
      vertex 4.429487496614456 1.0199250004121234 0.8
      vertex 4.35319821536541 1.039060713989394 0.8
    endloop
  endfacet
  facet normal 0 0 1
    outer loop
      vertex 4.35319821536541 1.039060713989394 0.8
      vertex 4.429487496614456 1.0199250004121234 0.8
      vertex 4.477198213338852 1.039060713989394 0.8
    endloop
  endfacet
  facet normal 0 0 1
    outer loop
      vertex 4.429487496614456 1.0199250004121234 0.8
      vertex 4.477198213338852 1.026224995298045 0.8
      vertex 4.477198213338852 1.039060713989394 0.8
    endloop
  endfacet
  facet normal 0 0 1
    outer loop
      vertex 4.689351782202721 0.7910607105919292 0.8
      vertex 4.6050732135772705 1.0162928572722842 0.8
      vertex 4.594173215329647 1.0162928572722842 0.8
    endloop
  endfacet
  facet normal 0 0 1
    outer loop
      vertex 4.689351782202721 0.7910607105919292 0.8
      vertex 4.791555359959602 1.0199250004121234 0.8
      vertex 4.762976787984371 1.0199250004121234 0.8
    endloop
  endfacet
  facet normal 0 0 1
    outer loop
      vertex 4.712362498044968 1.026224995298045 0.8
      vertex 4.762976787984371 1.0199250004121234 0.8
      vertex 4.712362498044968 1.039060713989394 0.8
    endloop
  endfacet
  facet normal 0 0 1
    outer loop
      vertex 4.712362498044968 1.039060713989394 0.8
      vertex 4.762976787984371 1.0199250004121234 0.8
      vertex 4.791555359959602 1.0199250004121234 0.8
    endloop
  endfacet
  facet normal 0 0 1
    outer loop
      vertex 4.712362498044968 1.039060713989394 0.8
      vertex 4.791555359959602 1.0199250004121234 0.8
      vertex 4.819891072809696 1.039060713989394 0.8
    endloop
  endfacet
  facet normal 0 0 1
    outer loop
      vertex 4.791555359959602 1.0199250004121234 0.8
      vertex 4.819891072809696 1.026224995298045 0.8
      vertex 4.819891072809696 1.039060713989394 0.8
    endloop
  endfacet
  facet normal 0 0 1
    outer loop
      vertex 4.821376785635948 1.026224995298045 0.8
      vertex 4.849712498486042 1.0199250004121234 0.8
      vertex 4.821376785635948 1.039060713989394 0.8
    endloop
  endfacet
  facet normal 0 0 1
    outer loop
      vertex 4.974923215806484 0.7910607105919292 0.8
      vertex 4.897666074335575 1.0199250004121234 0.8
      vertex 4.849712498486042 1.0199250004121234 0.8
    endloop
  endfacet
  facet normal 0 0 1
    outer loop
      vertex 4.821376785635948 1.039060713989394 0.8
      vertex 4.849712498486042 1.0199250004121234 0.8
      vertex 4.897666074335575 1.0199250004121234 0.8
    endloop
  endfacet
  facet normal 0 0 1
    outer loop
      vertex 4.821376785635948 1.039060713989394 0.8
      vertex 4.897666074335575 1.0199250004121234 0.8
      vertex 4.94537678360939 1.039060713989394 0.8
    endloop
  endfacet
  facet normal 0 0 1
    outer loop
      vertex 4.897666074335575 1.0199250004121234 0.8
      vertex 4.94537678360939 1.026224995298045 0.8
      vertex 4.94537678360939 1.039060713989394 0.8
    endloop
  endfacet
  facet normal -1 0 0
    outer loop
      vertex 4.43978214263916 1.4285714275070598 0.8
      vertex 4.43978214263916 1.4414071387478282 0.6
      vertex 4.43978214263916 1.4285714275070598 0.6
    endloop
  endfacet
  facet normal -0.17489133964104286 0.9845877407923386 0
    outer loop
      vertex 4.43978214263916 1.4414071387478282 0.8
      vertex 4.476596429944038 1.447946423930781 0.6
      vertex 4.43978214263916 1.4414071387478282 0.6
    endloop
  endfacet
  facet normal 0 -1 0
    outer loop
      vertex 4.546589285135269 1.4285714275070598 0.8
      vertex 4.43978214263916 1.4285714275070598 0.6
      vertex 4.546589285135269 1.4285714275070598 0.6
    endloop
  endfacet
  facet normal 0.14833646945947498 0.9889369503807096 0
    outer loop
      vertex 4.502992853522301 1.447946423930781 0.8
      vertex 4.546589285135269 1.4414071387478282 0.6
      vertex 4.502992853522301 1.447946423930781 0.6
    endloop
  endfacet
  facet normal 0.9441949656366286 -0.3293871079238619 0
    outer loop
      vertex 4.535689286887646 1.5416714272328784 0.8
      vertex 4.502992853522301 1.447946423930781 0.6
      vertex 4.535689286887646 1.5416714272328784 0.6
    endloop
  endfacet
  facet normal -0.9411058599138397 0.3381120530768345 0
    outer loop
      vertex 4.476596429944038 1.447946423930781 0.8
      vertex 4.587274998426437 1.756010713321822 0.6
      vertex 4.476596429944038 1.447946423930781 0.6
    endloop
  endfacet
  facet normal 1 0 0
    outer loop
      vertex 4.546589285135269 1.4414071387478282 0.8
      vertex 4.546589285135269 1.4285714275070598 0.6
      vertex 4.546589285135269 1.4414071387478282 0.6
    endloop
  endfacet
  facet normal -1 0 0
    outer loop
      vertex 4.652182139456272 1.4285714275070598 0.8
      vertex 4.652182139456272 1.4414071387478282 0.6
      vertex 4.652182139456272 1.4285714275070598 0.6
    endloop
  endfacet
  facet normal -0.14834834611643793 0.9889351688581601 0
    outer loop
      vertex 4.652182139456272 1.4414071387478282 0.8
      vertex 4.695775002241135 1.447946423930781 0.6
      vertex 4.652182139456272 1.4414071387478282 0.6
    endloop
  endfacet
  facet normal -0.9457091012052764 -0.3250143010661353 0
    outer loop
      vertex 4.695775002241135 1.447946423930781 0.8
      vertex 4.663564287126064 1.5416714272328784 0.6
      vertex 4.695775002241135 1.447946423930781 0.6
    endloop
  endfacet
  facet normal 0 -1 0
    outer loop
      vertex 4.663564287126064 1.5416714272328784 0.8
      vertex 4.535689286887646 1.5416714272328784 0.6
      vertex 4.663564287126064 1.5416714272328784 0.6
    endloop
  endfacet
  facet normal 0 -1 0
    outer loop
      vertex 4.789503574371338 1.4285714275070598 0.8
      vertex 4.652182139456272 1.4285714275070598 0.6
      vertex 4.789503574371338 1.4285714275070598 0.6
    endloop
  endfacet
  facet normal 0.15685108872136574 0.9876222638068272 0
    outer loop
      vertex 4.748328574001789 1.447946423930781 0.8
      vertex 4.789503574371338 1.4414071387478282 0.6
      vertex 4.748328574001789 1.447946423930781 0.6
    endloop
  endfacet
  facet normal 1 0 0
    outer loop
      vertex 4.789503574371338 1.4414071387478282 0.8
      vertex 4.789503574371338 1.4285714275070598 0.6
      vertex 4.789503574371338 1.4414071387478282 0.6
    endloop
  endfacet
  facet normal -1 0 0
    outer loop
      vertex 4.81059642881155 1.4285714275070598 0.8
      vertex 4.81059642881155 1.4414071387478282 0.6
      vertex 4.81059642881155 1.4285714275070598 0.6
    endloop
  endfacet
  facet normal -0.16742307800392522 0.985885141865771 0
    outer loop
      vertex 4.81059642881155 1.4414071387478282 0.8
      vertex 4.849103569984436 1.447946423930781 0.6
      vertex 4.81059642881155 1.4414071387478282 0.6
    endloop
  endfacet
  facet normal 0 -1 0
    outer loop
      vertex 4.945007145404816 1.4285714275070598 0.8
      vertex 4.81059642881155 1.4285714275070598 0.6
      vertex 4.945007145404816 1.4285714275070598 0.6
    endloop
  endfacet
  facet normal 0.13185708243709304 0.9912687374325783 0
    outer loop
      vertex 4.895846426486969 1.447946423930781 0.8
      vertex 4.945007145404816 1.4414071387478282 0.6
      vertex 4.895846426486969 1.447946423930781 0.6
    endloop
  endfacet
  facet normal 1 0 0
    outer loop
      vertex 4.945007145404816 1.4414071387478282 0.8
      vertex 4.945007145404816 1.4285714275070598 0.6
      vertex 4.945007145404816 1.4414071387478282 0.6
    endloop
  endfacet
  facet normal -1 0 0
    outer loop
      vertex 4.849103569984436 1.447946423930781 0.8
      vertex 4.849103569984436 1.734210716826575 0.6
      vertex 4.849103569984436 1.447946423930781 0.6
    endloop
  endfacet
  facet normal 1 0 0
    outer loop
      vertex 4.895846426486969 1.570978569132941 0.8
      vertex 4.895846426486969 1.447946423930781 0.6
      vertex 4.895846426486969 1.570978569132941 0.6
    endloop
  endfacet
  facet normal 0 1 0
    outer loop
      vertex 4.542953573167324 1.563471431178706 0.8
      vertex 4.656057141721249 1.563471431178706 0.6
      vertex 4.542953573167324 1.563471431178706 0.6
    endloop
  endfacet
  facet normal -0.9396640976033385 -0.34209849996061625 0
    outer loop
      vertex 4.656057141721249 1.563471431178706 0.8
      vertex 4.5986571460962296 1.7211357152887752 0.6
      vertex 4.656057141721249 1.563471431178706 0.6
    endloop
  endfacet
  facet normal 0.9428826346444573 -0.33312510755859737 0
    outer loop
      vertex 4.5986571460962296 1.7211357152887752 0.8
      vertex 4.542953573167324 1.563471431178706 0.6
      vertex 4.5986571460962296 1.7211357152887752 0.6
    endloop
  endfacet
  facet normal 0.9368129932402572 0.34983055283412484 0
    outer loop
      vertex 4.633289285004139 1.756010713321822 0.8
      vertex 4.748328574001789 1.447946423930781 0.6
      vertex 4.633289285004139 1.756010713321822 0.6
    endloop
  endfacet
  facet normal 0 1 0
    outer loop
      vertex 4.587274998426437 1.756010713321822 0.8
      vertex 4.633289285004139 1.756010713321822 0.6
      vertex 4.587274998426437 1.756010713321822 0.6
    endloop
  endfacet
  facet normal 0 1 0
    outer loop
      vertex 4.895846426486969 1.592774996800082 0.8
      vertex 4.9387107118964195 1.592774996800082 0.6
      vertex 4.895846426486969 1.592774996800082 0.6
    endloop
  endfacet
  facet normal 0 -1 0
    outer loop
      vertex 4.954210713505745 1.570978569132941 0.8
      vertex 4.895846426486969 1.570978569132941 0.6
      vertex 4.954210713505745 1.570978569132941 0.6
    endloop
  endfacet
  facet normal -0.10792233709794118 0.9941593278520895 0
    outer loop
      vertex 4.9387107118964195 1.592774996800082 0.8
      vertex 4.975796431303024 1.5968008882233073 0.6
      vertex 4.9387107118964195 1.592774996800082 0.6
    endloop
  endfacet
  facet normal -0.44143478762448307 0.8972933345762285 0
    outer loop
      vertex 4.975796431303024 1.5968008882233073 0.8
      vertex 5.000346429646015 1.6088785699435642 0.6
      vertex 4.975796431303024 1.5968008882233073 0.6
    endloop
  endfacet
  facet normal 1 0 0
    outer loop
      vertex 4.895846426486969 1.731546426458018 0.8
      vertex 4.895846426486969 1.592774996800082 0.6
      vertex 4.895846426486969 1.731546426458018 0.6
    endloop
  endfacet
  facet normal -0.1495340540058639 -0.9887565760552853 0
    outer loop
      vertex 4.849103569984436 1.734210716826575 0.8
      vertex 4.807446427643299 1.7405107117124965 0.6
      vertex 4.849103569984436 1.734210716826575 0.6
    endloop
  endfacet
  facet normal -1 0 0
    outer loop
      vertex 4.807446427643299 1.7405107117124965 0.8
      vertex 4.807446427643299 1.7533464304038455 0.6
      vertex 4.807446427643299 1.7405107117124965 0.6
    endloop
  endfacet
  facet normal 0 1 0
    outer loop
      vertex 4.807446427643299 1.7533464304038455 0.8
      vertex 4.947671428322792 1.7533464304038455 0.6
      vertex 4.807446427643299 1.7533464304038455 0.6
    endloop
  endfacet
  facet normal 0 -1 0
    outer loop
      vertex 4.937257140874863 1.731546426458018 0.8
      vertex 4.895846426486969 1.731546426458018 0.6
      vertex 4.937257140874863 1.731546426458018 0.6
    endloop
  endfacet
  facet normal -0.1009778712140829 -0.9948886719251919 0
    outer loop
      vertex 4.975734822452068 1.7276410705276897 0.8
      vertex 4.937257140874863 1.731546426458018 0.6
      vertex 4.975734822452068 1.7276410705276897 0.6
    endloop
  endfacet
  facet normal -0.4263885530614337 -0.9045401051463539 0
    outer loop
      vertex 5.0005892887711525 1.715924995286124 0.8
      vertex 4.975734822452068 1.7276410705276897 0.6
      vertex 5.0005892887711525 1.715924995286124 0.6
    endloop
  endfacet
  facet normal 0.09659357008740427 0.9953239081915846 0
    outer loop
      vertex 4.947671428322792 1.7533464304038455 0.8
      vertex 5.000710710883141 1.7481991073914935 0.6
      vertex 4.947671428322792 1.7533464304038455 0.6
    endloop
  endfacet
  facet normal -1 0 0
    outer loop
      vertex 4.43978214263916 1.4285714275070598 0.8
      vertex 4.43978214263916 1.4414071387478282 0.8
      vertex 4.43978214263916 1.4414071387478282 0.6
    endloop
  endfacet
  facet normal 0 -1 0
    outer loop
      vertex 4.43978214263916 1.4285714275070598 0.8
      vertex 4.43978214263916 1.4285714275070598 0.6
      vertex 4.546589285135269 1.4285714275070598 0.8
    endloop
  endfacet
  facet normal -0.17489133964104286 0.9845877407923386 0
    outer loop
      vertex 4.43978214263916 1.4414071387478282 0.8
      vertex 4.476596429944038 1.447946423930781 0.8
      vertex 4.476596429944038 1.447946423930781 0.6
    endloop
  endfacet
  facet normal 0.9441949656366286 -0.3293871079238619 0
    outer loop
      vertex 4.502992853522301 1.447946423930781 0.8
      vertex 4.502992853522301 1.447946423930781 0.6
      vertex 4.535689286887646 1.5416714272328784 0.8
    endloop
  endfacet
  facet normal 1 0 0
    outer loop
      vertex 4.546589285135269 1.4285714275070598 0.8
      vertex 4.546589285135269 1.4285714275070598 0.6
      vertex 4.546589285135269 1.4414071387478282 0.8
    endloop
  endfacet
  facet normal 0.14833646945947498 0.9889369503807096 0
    outer loop
      vertex 4.502992853522301 1.447946423930781 0.8
      vertex 4.546589285135269 1.4414071387478282 0.8
      vertex 4.546589285135269 1.4414071387478282 0.6
    endloop
  endfacet
  facet normal -1 0 0
    outer loop
      vertex 4.652182139456272 1.4285714275070598 0.8
      vertex 4.652182139456272 1.4414071387478282 0.8
      vertex 4.652182139456272 1.4414071387478282 0.6
    endloop
  endfacet
  facet normal -0.14834834611643793 0.9889351688581601 0
    outer loop
      vertex 4.652182139456272 1.4414071387478282 0.8
      vertex 4.695775002241135 1.447946423930781 0.8
      vertex 4.695775002241135 1.447946423930781 0.6
    endloop
  endfacet
  facet normal 0 -1 0
    outer loop
      vertex 4.535689286887646 1.5416714272328784 0.8
      vertex 4.535689286887646 1.5416714272328784 0.6
      vertex 4.663564287126064 1.5416714272328784 0.8
    endloop
  endfacet
  facet normal -0.9457091012052764 -0.3250143010661353 0
    outer loop
      vertex 4.695775002241135 1.447946423930781 0.8
      vertex 4.663564287126064 1.5416714272328784 0.8
      vertex 4.663564287126064 1.5416714272328784 0.6
    endloop
  endfacet
  facet normal 0 -1 0
    outer loop
      vertex 4.652182139456272 1.4285714275070598 0.8
      vertex 4.652182139456272 1.4285714275070598 0.6
      vertex 4.789503574371338 1.4285714275070598 0.8
    endloop
  endfacet
  facet normal 0.15685108872136574 0.9876222638068272 0
    outer loop
      vertex 4.748328574001789 1.447946423930781 0.8
      vertex 4.789503574371338 1.4414071387478282 0.8
      vertex 4.789503574371338 1.4414071387478282 0.6
    endloop
  endfacet
  facet normal 1 0 0
    outer loop
      vertex 4.789503574371338 1.4285714275070598 0.8
      vertex 4.789503574371338 1.4285714275070598 0.6
      vertex 4.789503574371338 1.4414071387478282 0.8
    endloop
  endfacet
  facet normal -1 0 0
    outer loop
      vertex 4.81059642881155 1.4285714275070598 0.8
      vertex 4.81059642881155 1.4414071387478282 0.8
      vertex 4.81059642881155 1.4414071387478282 0.6
    endloop
  endfacet
  facet normal -0.16742307800392522 0.985885141865771 0
    outer loop
      vertex 4.81059642881155 1.4414071387478282 0.8
      vertex 4.849103569984436 1.447946423930781 0.8
      vertex 4.849103569984436 1.447946423930781 0.6
    endloop
  endfacet
  facet normal 0.9368129932402572 0.34983055283412484 0
    outer loop
      vertex 4.748328574001789 1.447946423930781 0.8
      vertex 4.748328574001789 1.447946423930781 0.6
      vertex 4.633289285004139 1.756010713321822 0.8
    endloop
  endfacet
  facet normal 0 -1 0
    outer loop
      vertex 4.81059642881155 1.4285714275070598 0.8
      vertex 4.81059642881155 1.4285714275070598 0.6
      vertex 4.945007145404816 1.4285714275070598 0.8
    endloop
  endfacet
  facet normal 0.13185708243709304 0.9912687374325783 0
    outer loop
      vertex 4.895846426486969 1.447946423930781 0.8
      vertex 4.945007145404816 1.4414071387478282 0.8
      vertex 4.945007145404816 1.4414071387478282 0.6
    endloop
  endfacet
  facet normal 1 0 0
    outer loop
      vertex 4.945007145404816 1.4285714275070598 0.8
      vertex 4.945007145404816 1.4285714275070598 0.6
      vertex 4.945007145404816 1.4414071387478282 0.8
    endloop
  endfacet
  facet normal 1 0 0
    outer loop
      vertex 4.895846426486969 1.447946423930781 0.8
      vertex 4.895846426486969 1.447946423930781 0.6
      vertex 4.895846426486969 1.570978569132941 0.8
    endloop
  endfacet
  facet normal -0.8418240455852111 -0.5397520507367699 0
    outer loop
      vertex 5.0455178543925285 1.4285714275070598 0.8
      vertex 4.954210713505745 1.570978569132941 0.8
      vertex 4.954210713505745 1.570978569132941 0.6
    endloop
  endfacet
  facet normal 0 0 1
    outer loop
      vertex 4.43978214263916 1.4285714275070598 0.8
      vertex 4.476596429944038 1.447946423930781 0.8
      vertex 4.43978214263916 1.4414071387478282 0.8
    endloop
  endfacet
  facet normal 0 0 1
    outer loop
      vertex 4.43978214263916 1.4285714275070598 0.8
      vertex 4.546589285135269 1.4285714275070598 0.8
      vertex 4.476596429944038 1.447946423930781 0.8
    endloop
  endfacet
  facet normal 0 0 1
    outer loop
      vertex 4.476596429944038 1.447946423930781 0.8
      vertex 4.546589285135269 1.4285714275070598 0.8
      vertex 4.502992853522301 1.447946423930781 0.8
    endloop
  endfacet
  facet normal 0 0 1
    outer loop
      vertex 4.476596429944038 1.447946423930781 0.8
      vertex 4.502992853522301 1.447946423930781 0.8
      vertex 4.535689286887646 1.5416714272328784 0.8
    endloop
  endfacet
  facet normal 0 0 1
    outer loop
      vertex 4.476596429944038 1.447946423930781 0.8
      vertex 4.535689286887646 1.5416714272328784 0.8
      vertex 4.542953573167324 1.563471431178706 0.8
    endloop
  endfacet
  facet normal 0 0 1
    outer loop
      vertex 4.502992853522301 1.447946423930781 0.8
      vertex 4.546589285135269 1.4285714275070598 0.8
      vertex 4.546589285135269 1.4414071387478282 0.8
    endloop
  endfacet
  facet normal 0 0 1
    outer loop
      vertex 4.652182139456272 1.4285714275070598 0.8
      vertex 4.695775002241135 1.447946423930781 0.8
      vertex 4.652182139456272 1.4414071387478282 0.8
    endloop
  endfacet
  facet normal 0 0 1
    outer loop
      vertex 4.535689286887646 1.5416714272328784 0.8
      vertex 4.663564287126064 1.5416714272328784 0.8
      vertex 4.542953573167324 1.563471431178706 0.8
    endloop
  endfacet
  facet normal 0 0 1
    outer loop
      vertex 4.542953573167324 1.563471431178706 0.8
      vertex 4.663564287126064 1.5416714272328784 0.8
      vertex 4.656057141721249 1.563471431178706 0.8
    endloop
  endfacet
  facet normal 0 0 1
    outer loop
      vertex 4.652182139456272 1.4285714275070598 0.8
      vertex 4.789503574371338 1.4285714275070598 0.8
      vertex 4.695775002241135 1.447946423930781 0.8
    endloop
  endfacet
  facet normal 0 0 1
    outer loop
      vertex 4.695775002241135 1.447946423930781 0.8
      vertex 4.789503574371338 1.4285714275070598 0.8
      vertex 4.748328574001789 1.447946423930781 0.8
    endloop
  endfacet
  facet normal 0 0 1
    outer loop
      vertex 4.695775002241135 1.447946423930781 0.8
      vertex 4.748328574001789 1.447946423930781 0.8
      vertex 4.663564287126064 1.5416714272328784 0.8
    endloop
  endfacet
  facet normal 0 0 1
    outer loop
      vertex 4.748328574001789 1.447946423930781 0.8
      vertex 4.789503574371338 1.4285714275070598 0.8
      vertex 4.789503574371338 1.4414071387478282 0.8
    endloop
  endfacet
  facet normal 0 0 1
    outer loop
      vertex 4.81059642881155 1.4285714275070598 0.8
      vertex 4.849103569984436 1.447946423930781 0.8
      vertex 4.81059642881155 1.4414071387478282 0.8
    endloop
  endfacet
  facet normal 0 0 1
    outer loop
      vertex 4.748328574001789 1.447946423930781 0.8
      vertex 4.656057141721249 1.563471431178706 0.8
      vertex 4.663564287126064 1.5416714272328784 0.8
    endloop
  endfacet
  facet normal 0 0 1
    outer loop
      vertex 4.81059642881155 1.4285714275070598 0.8
      vertex 4.895846426486969 1.447946423930781 0.8
      vertex 4.849103569984436 1.447946423930781 0.8
    endloop
  endfacet
  facet normal 0 0 1
    outer loop
      vertex 4.81059642881155 1.4285714275070598 0.8
      vertex 4.945007145404816 1.4285714275070598 0.8
      vertex 4.895846426486969 1.447946423930781 0.8
    endloop
  endfacet
  facet normal 0 0 1
    outer loop
      vertex 4.895846426486969 1.447946423930781 0.8
      vertex 4.945007145404816 1.4285714275070598 0.8
      vertex 4.945007145404816 1.4414071387478282 0.8
    endloop
  endfacet
  facet normal 0 0 1
    outer loop
      vertex 4.849103569984436 1.447946423930781 0.8
      vertex 4.895846426486969 1.447946423930781 0.8
      vertex 4.895846426486969 1.570978569132941 0.8
    endloop
  endfacet
  facet normal 0 0 1
    outer loop
      vertex 4.849103569984436 1.447946423930781 0.8
      vertex 4.895846426486969 1.570978569132941 0.8
      vertex 4.895846426486969 1.592774996800082 0.8
    endloop
  endfacet
  facet normal 0 0 1
    outer loop
      vertex 5.0455178543925285 1.4285714275070598 0.8
      vertex 5.000228568911552 1.5777607134410312 0.8
      vertex 4.954210713505745 1.570978569132941 0.8
    endloop
  endfacet
  facet normal 0.9428826346444573 -0.33312510755859737 0
    outer loop
      vertex 4.542953573167324 1.563471431178706 0.8
      vertex 4.542953573167324 1.563471431178706 0.6
      vertex 4.5986571460962296 1.7211357152887752 0.8
    endloop
  endfacet
  facet normal 0 1 0
    outer loop
      vertex 4.542953573167324 1.563471431178706 0.8
      vertex 4.656057141721249 1.563471431178706 0.8
      vertex 4.656057141721249 1.563471431178706 0.6
    endloop
  endfacet
  facet normal -0.9411058599138397 0.3381120530768345 0
    outer loop
      vertex 4.476596429944038 1.447946423930781 0.8
      vertex 4.587274998426437 1.756010713321822 0.8
      vertex 4.587274998426437 1.756010713321822 0.6
    endloop
  endfacet
  facet normal -0.9396640976033385 -0.34209849996061625 0
    outer loop
      vertex 4.656057141721249 1.563471431178706 0.8
      vertex 4.5986571460962296 1.7211357152887752 0.8
      vertex 4.5986571460962296 1.7211357152887752 0.6
    endloop
  endfacet
  facet normal 0 1 0
    outer loop
      vertex 4.587274998426437 1.756010713321822 0.8
      vertex 4.633289285004139 1.756010713321822 0.8
      vertex 4.633289285004139 1.756010713321822 0.6
    endloop
  endfacet
  facet normal 0 -1 0
    outer loop
      vertex 4.895846426486969 1.570978569132941 0.8
      vertex 4.895846426486969 1.570978569132941 0.6
      vertex 4.954210713505745 1.570978569132941 0.8
    endloop
  endfacet
  facet normal -1 0 0
    outer loop
      vertex 4.849103569984436 1.447946423930781 0.8
      vertex 4.849103569984436 1.734210716826575 0.8
      vertex 4.849103569984436 1.734210716826575 0.6
    endloop
  endfacet
  facet normal 1 0 0
    outer loop
      vertex 4.895846426486969 1.592774996800082 0.8
      vertex 4.895846426486969 1.592774996800082 0.6
      vertex 4.895846426486969 1.731546426458018 0.8
    endloop
  endfacet
  facet normal 0 1 0
    outer loop
      vertex 4.895846426486969 1.592774996800082 0.8
      vertex 4.9387107118964195 1.592774996800082 0.8
      vertex 4.9387107118964195 1.592774996800082 0.6
    endloop
  endfacet
  facet normal -0.10792233709794118 0.9941593278520895 0
    outer loop
      vertex 4.9387107118964195 1.592774996800082 0.8
      vertex 4.975796431303024 1.5968008882233073 0.8
      vertex 4.975796431303024 1.5968008882233073 0.6
    endloop
  endfacet
  facet normal -0.44143478762448307 0.8972933345762285 0
    outer loop
      vertex 4.975796431303024 1.5968008882233073 0.8
      vertex 5.000346429646015 1.6088785699435642 0.8
      vertex 5.000346429646015 1.6088785699435642 0.6
    endloop
  endfacet
  facet normal -0.1495340540058639 -0.9887565760552853 0
    outer loop
      vertex 4.807446427643299 1.7405107117124965 0.8
      vertex 4.807446427643299 1.7405107117124965 0.6
      vertex 4.849103569984436 1.734210716826575 0.8
    endloop
  endfacet
  facet normal -1 0 0
    outer loop
      vertex 4.807446427643299 1.7405107117124965 0.8
      vertex 4.807446427643299 1.7533464304038455 0.8
      vertex 4.807446427643299 1.7533464304038455 0.6
    endloop
  endfacet
  facet normal 0 -1 0
    outer loop
      vertex 4.895846426486969 1.731546426458018 0.8
      vertex 4.895846426486969 1.731546426458018 0.6
      vertex 4.937257140874863 1.731546426458018 0.8
    endloop
  endfacet
  facet normal 0 1 0
    outer loop
      vertex 4.807446427643299 1.7533464304038455 0.8
      vertex 4.947671428322792 1.7533464304038455 0.8
      vertex 4.947671428322792 1.7533464304038455 0.6
    endloop
  endfacet
  facet normal -0.1009778712140829 -0.9948886719251919 0
    outer loop
      vertex 4.937257140874863 1.731546426458018 0.8
      vertex 4.937257140874863 1.731546426458018 0.6
      vertex 4.975734822452068 1.7276410705276897 0.8
    endloop
  endfacet
  facet normal -0.4263885530614337 -0.9045401051463539 0
    outer loop
      vertex 4.975734822452068 1.7276410705276897 0.8
      vertex 4.975734822452068 1.7276410705276897 0.6
      vertex 5.0005892887711525 1.715924995286124 0.8
    endloop
  endfacet
  facet normal 0.09659357008740427 0.9953239081915846 0
    outer loop
      vertex 4.947671428322792 1.7533464304038455 0.8
      vertex 5.000710710883141 1.7481991073914935 0.8
      vertex 5.000710710883141 1.7481991073914935 0.6
    endloop
  endfacet
  facet normal 0 0 1
    outer loop
      vertex 4.476596429944038 1.447946423930781 0.8
      vertex 4.542953573167324 1.563471431178706 0.8
      vertex 4.587274998426437 1.756010713321822 0.8
    endloop
  endfacet
  facet normal 0 0 1
    outer loop
      vertex 4.748328574001789 1.447946423930781 0.8
      vertex 4.633289285004139 1.756010713321822 0.8
      vertex 4.656057141721249 1.563471431178706 0.8
    endloop
  endfacet
  facet normal 0 0 1
    outer loop
      vertex 4.542953573167324 1.563471431178706 0.8
      vertex 4.5986571460962296 1.7211357152887752 0.8
      vertex 4.587274998426437 1.756010713321822 0.8
    endloop
  endfacet
  facet normal 0 0 1
    outer loop
      vertex 4.656057141721249 1.563471431178706 0.8
      vertex 4.633289285004139 1.756010713321822 0.8
      vertex 4.5986571460962296 1.7211357152887752 0.8
    endloop
  endfacet
  facet normal 0 0 1
    outer loop
      vertex 4.5986571460962296 1.7211357152887752 0.8
      vertex 4.633289285004139 1.756010713321822 0.8
      vertex 4.587274998426437 1.756010713321822 0.8
    endloop
  endfacet
  facet normal 0 0 1
    outer loop
      vertex 4.849103569984436 1.447946423930781 0.8
      vertex 4.895846426486969 1.592774996800082 0.8
      vertex 4.849103569984436 1.734210716826575 0.8
    endloop
  endfacet
  facet normal 0 0 1
    outer loop
      vertex 4.895846426486969 1.570978569132941 0.8
      vertex 4.9387107118964195 1.592774996800082 0.8
      vertex 4.895846426486969 1.592774996800082 0.8
    endloop
  endfacet
  facet normal 0 0 1
    outer loop
      vertex 4.895846426486969 1.570978569132941 0.8
      vertex 4.954210713505745 1.570978569132941 0.8
      vertex 4.9387107118964195 1.592774996800082 0.8
    endloop
  endfacet
  facet normal 0 0 1
    outer loop
      vertex 4.9387107118964195 1.592774996800082 0.8
      vertex 4.954210713505745 1.570978569132941 0.8
      vertex 4.975796431303024 1.5968008882233073 0.8
    endloop
  endfacet
  facet normal 0 0 1
    outer loop
      vertex 4.954210713505745 1.570978569132941 0.8
      vertex 5.000228568911552 1.5777607134410312 0.8
      vertex 4.975796431303024 1.5968008882233073 0.8
    endloop
  endfacet
  facet normal 0 0 1
    outer loop
      vertex 4.975796431303024 1.5968008882233073 0.8
      vertex 5.000228568911552 1.5777607134410312 0.8
      vertex 5.000346429646015 1.6088785699435642 0.8
    endloop
  endfacet
  facet normal 0 0 1
    outer loop
      vertex 4.895846426486969 1.592774996800082 0.8
      vertex 4.895846426486969 1.731546426458018 0.8
      vertex 4.849103569984436 1.734210716826575 0.8
    endloop
  endfacet
  facet normal 0 0 1
    outer loop
      vertex 4.807446427643299 1.7405107117124965 0.8
      vertex 4.849103569984436 1.734210716826575 0.8
      vertex 4.807446427643299 1.7533464304038455 0.8
    endloop
  endfacet
  facet normal 0 0 1
    outer loop
      vertex 4.807446427643299 1.7533464304038455 0.8
      vertex 4.849103569984436 1.734210716826575 0.8
      vertex 4.947671428322792 1.7533464304038455 0.8
    endloop
  endfacet
  facet normal 0 0 1
    outer loop
      vertex 4.849103569984436 1.734210716826575 0.8
      vertex 4.895846426486969 1.731546426458018 0.8
      vertex 4.947671428322792 1.7533464304038455 0.8
    endloop
  endfacet
  facet normal 0 0 1
    outer loop
      vertex 4.937257140874863 1.731546426458018 0.8
      vertex 4.975734822452068 1.7276410705276897 0.8
      vertex 4.947671428322792 1.7533464304038455 0.8
    endloop
  endfacet
  facet normal 0 0 1
    outer loop
      vertex 4.895846426486969 1.731546426458018 0.8
      vertex 4.937257140874863 1.731546426458018 0.8
      vertex 4.947671428322792 1.7533464304038455 0.8
    endloop
  endfacet
  facet normal 0 0 1
    outer loop
      vertex 4.975734822452068 1.7276410705276897 0.8
      vertex 5.0005892887711525 1.715924995286124 0.8
      vertex 5.000710710883141 1.7481991073914935 0.8
    endloop
  endfacet
  facet normal 0 0 1
    outer loop
      vertex 4.947671428322792 1.7533464304038455 0.8
      vertex 4.975734822452068 1.7276410705276897 0.8
      vertex 5.000710710883141 1.7481991073914935 0.8
    endloop
  endfacet
  facet normal -0.5211470369572987 -0.85346690965182 0
    outer loop
      vertex 4.152283035218716 2.1487607157656123 0.8
      vertex 4.099485717713833 2.181000003857272 0.6
      vertex 4.152283035218716 2.1487607157656123 0.6
    endloop
  endfacet
  facet normal -0.15124691852773992 -0.9884960139706499 0
    outer loop
      vertex 4.222517855465412 2.1380142888852527 0.8
      vertex 4.152283035218716 2.1487607157656123 0.6
      vertex 4.222517855465412 2.1380142888852527 0.6
    endloop
  endfacet
  facet normal 0.6059529868524645 0.7955004574006084 0
    outer loop
      vertex 4.135935716331005 2.193957144660609 0.8
      vertex 4.172658033668995 2.165984818977969 0.6
      vertex 4.135935716331005 2.193957144660609 0.6
    endloop
  endfacet
  facet normal 0.18210541341073982 0.9832790135086295 0
    outer loop
      vertex 4.172658033668995 2.165984818977969 0.8
      vertex 4.223003573715687 2.1566607153841426 0.6
      vertex 4.172658033668995 2.165984818977969 0.6
    endloop
  endfacet
  facet normal 0.06421703119890447 -0.9979359563138303 0
    outer loop
      vertex 4.281791962683201 2.1418285689183643 0.8
      vertex 4.222517855465412 2.1380142888852527 0.6
      vertex 4.281791962683201 2.1418285689183643 0.6
    endloop
  endfacet
  facet normal -0.06196651191435408 0.9980782290988858 0
    outer loop
      vertex 4.223003573715687 2.1566607153841426 0.8
      vertex 4.249824106693268 2.1583258903452327 0.6
      vertex 4.223003573715687 2.1566607153841426 0.6
    endloop
  endfacet
  facet normal -0.19410108381669303 0.9809815335984593 0
    outer loop
      vertex 4.249824106693268 2.1583258903452327 0.8
      vertex 4.275071427226067 2.163321430129664 0.6
      vertex 4.249824106693268 2.1583258903452327 0.6
    endloop
  endfacet
  facet normal -0.3345264694412143 0.9423863545506144 0
    outer loop
      vertex 4.275071427226067 2.163321430129664 0.8
      vertex 4.296989284455776 2.171101788324969 0.6
      vertex 4.275071427226067 2.163321430129664 0.6
    endloop
  endfacet
  facet normal 0.20270297479045443 -0.979240268785501 0
    outer loop
      vertex 4.337071426212788 2.1532714313694408 0.8
      vertex 4.281791962683201 2.1418285689183643 0.6
      vertex 4.337071426212788 2.1532714313694408 0.6
    endloop
  endfacet
  facet normal -0.5115028903188769 0.8592815564152619 0
    outer loop
      vertex 4.296989284455776 2.171101788324969 0.8
      vertex 4.31382142752409 2.18112142596926 0.6
      vertex 4.296989284455776 2.171101788324969 0.6
    endloop
  endfacet
  facet normal -0.9897944736704719 0.1425022803024347 0
    outer loop
      vertex 4.055407144129276 2.3014892882534435 0.8
      vertex 4.066002681851387 2.3750839329191615 0.6
      vertex 4.055407144129276 2.3014892882534435 0.6
    endloop
  endfacet
  facet normal -0.8420929903036128 -0.5393323610553324 0
    outer loop
      vertex 4.099485717713833 2.181000003857272 0.8
      vertex 4.066426783800125 2.232616963131087 0.6
      vertex 4.099485717713833 2.181000003857272 0.6
    endloop
  endfacet
  facet normal 0.8975054461585004 0.4410033720005223 0
    outer loop
      vertex 4.113502681255341 2.239611605448382 0.8
      vertex 4.135935716331005 2.193957144660609 0.6
      vertex 4.113502681255341 2.239611605448382 0.6
    endloop
  endfacet
  facet normal -0.9874404806005082 -0.15799144683000235 0
    outer loop
      vertex 4.066426783800125 2.232616963131087 0.8
      vertex 4.055407144129276 2.3014892882534435 0.6
      vertex 4.066426783800125 2.232616963131087 0.6
    endloop
  endfacet
  facet normal 0.9928880005667009 0.11905216642572614 0
    outer loop
      vertex 4.106025002896786 2.3019749990531375 0.8
      vertex 4.113502681255341 2.239611605448382 0.6
      vertex 4.106025002896786 2.3019749990531375 0.6
    endloop
  endfacet
  facet normal -0.9833165954256128 0.18190237260844516 0
    outer loop
      vertex 4.31382142752409 2.18112142596926 0.8
      vertex 4.322782143950462 2.229560712618487 0.6
      vertex 4.31382142752409 2.18112142596926 0.6
    endloop
  endfacet
  facet normal 0.9998185331741418 -0.019049953320350366 0
    outer loop
      vertex 4.3385249972343445 2.229560712618487 0.8
      vertex 4.337071426212788 2.1532714313694408 0.6
      vertex 4.3385249972343445 2.229560712618487 0.6
    endloop
  endfacet
  facet normal 0 1 0
    outer loop
      vertex 4.322782143950462 2.229560712618487 0.8
      vertex 4.3385249972343445 2.229560712618487 0.6
      vertex 4.322782143950462 2.229560712618487 0.6
    endloop
  endfacet
  facet normal 0.9943156044260957 -0.10647290169225128 0
    outer loop
      vertex 4.113169640302658 2.368696430964129 0.8
      vertex 4.106025002896786 2.3019749990531375 0.6
      vertex 4.113169640302658 2.368696430964129 0.6
    endloop
  endfacet
  facet normal -0.8584031485800978 0.5129756665844633 0
    outer loop
      vertex 4.066002681851387 2.3750839329191615 0.8
      vertex 4.097789287567139 2.4282749987074306 0.6
      vertex 4.066002681851387 2.3750839329191615 0.6
    endloop
  endfacet
  facet normal 0.9085786425171358 -0.4177138378863199 0
    outer loop
      vertex 4.134603574872017 2.4153178579040935 0.8
      vertex 4.113169640302658 2.368696430964129 0.6
      vertex 4.134603574872017 2.4153178579040935 0.6
    endloop
  endfacet
  facet normal -0.5224780062822763 0.8526527622375346 0
    outer loop
      vertex 4.097789287567139 2.4282749987074306 0.8
      vertex 4.150406248867512 2.460516969008105 0.6
      vertex 4.097789287567139 2.4282749987074306 0.6
    endloop
  endfacet
  facet normal 0.5955799847662527 -0.8032960112846511 0
    outer loop
      vertex 4.171598210930824 2.4427464327641895 0.8
      vertex 4.134603574872017 2.4153178579040935 0.6
      vertex 4.171598210930824 2.4427464327641895 0.6
    endloop
  endfacet
  facet normal 0.1674584151022475 -0.9858791402659067 0
    outer loop
      vertex 4.225424997508526 2.4518892860838344 0.8
      vertex 4.171598210930824 2.4427464327641895 0.6
      vertex 4.225424997508526 2.4518892860838344 0.6
    endloop
  endfacet
  facet normal -0.14549850311013732 0.9893584717344414 0
    outer loop
      vertex 4.150406248867512 2.460516969008105 0.8
      vertex 4.223485715687275 2.4712642899581363 0.6
      vertex 4.150406248867512 2.460516969008105 0.6
    endloop
  endfacet
  facet normal -0.9854668656459246 -0.16986776243300883 0
    outer loop
      vertex 4.317696429789066 2.387949997825282 0.8
      vertex 4.310432143509388 2.4300928584166934 0.6
      vertex 4.317696429789066 2.387949997825282 0.6
    endloop
  endfacet
  facet normal 0 -1 0
    outer loop
      vertex 4.333682142198086 2.387949997825282 0.8
      vertex 4.317696429789066 2.387949997825282 0.6
      vertex 4.333682142198086 2.387949997825282 0.6
    endloop
  endfacet
  facet normal -0.06166041282931977 -0.9980971863950514 0
    outer loop
      vertex 4.248462498188019 2.45046607617821 0.8
      vertex 4.225424997508526 2.4518892860838344 0.6
      vertex 4.248462498188019 2.45046607617821 0.6
    endloop
  endfacet
  facet normal -0.18553937807902482 -0.9826368297504672 0
    outer loop
      vertex 4.271075002849102 2.4461964315601756 0.8
      vertex 4.248462498188019 2.45046607617821 0.6
      vertex 4.271075002849102 2.4461964315601756 0.6
    endloop
  endfacet
  facet normal -0.3104012106073783 -0.9506056429737171 0
    outer loop
      vertex 4.292116068303585 2.4393258935638835 0.8
      vertex 4.271075002849102 2.4461964315601756 0.6
      vertex 4.292116068303585 2.4393258935638835 0.6
    endloop
  endfacet
  facet normal 0.058730967177498324 0.9982738469450132 0
    outer loop
      vertex 4.223485715687275 2.4712642899581363 0.8
      vertex 4.275980360805988 2.468175897640841 0.6
      vertex 4.223485715687275 2.4712642899581363 0.6
    endloop
  endfacet
  facet normal 0.16252946681911404 0.9867036902816845 0
    outer loop
      vertex 4.275980360805988 2.468175897640841 0.8
      vertex 4.332228571176529 2.4589107132383754 0.6
      vertex 4.275980360805988 2.468175897640841 0.6
    endloop
  endfacet
  facet normal -0.4501362759681244 -0.8929598720309601 0
    outer loop
      vertex 4.310432143509388 2.4300928584166934 0.8
      vertex 4.292116068303585 2.4393258935638835 0.6
      vertex 4.310432143509388 2.4300928584166934 0.6
    endloop
  endfacet
  facet normal 0.999790265488086 0.020479869024544267 0
    outer loop
      vertex 4.332228571176529 2.4589107132383754 0.8
      vertex 4.333682142198086 2.387949997825282 0.6
      vertex 4.332228571176529 2.4589107132383754 0.6
    endloop
  endfacet
  facet normal -1 0 0
    outer loop
      vertex 4.383353568613529 2.1428571439215114 0.8
      vertex 4.383353568613529 2.15569285516228 0.6
      vertex 4.383353568613529 2.1428571439215114 0.6
    endloop
  endfacet
  facet normal -0.16742304651798082 0.9858851472127156 0
    outer loop
      vertex 4.383353568613529 2.15569285516228 0.8
      vertex 4.421860717236996 2.1622321403452327 0.6
      vertex 4.383353568613529 2.15569285516228 0.6
    endloop
  endfacet
  facet normal 0 -1 0
    outer loop
      vertex 4.52018928527832 2.1428571439215114 0.8
      vertex 4.383353568613529 2.1428571439215114 0.6
      vertex 4.52018928527832 2.1428571439215114 0.6
    endloop
  endfacet
  facet normal 0.1257590216430823 0.9920608189397335 0
    outer loop
      vertex 4.468603573739529 2.1622321403452327 0.8
      vertex 4.52018928527832 2.15569285516228 0.6
      vertex 4.468603573739529 2.1622321403452327 0.6
    endloop
  endfacet
  facet normal 1 0 0
    outer loop
      vertex 4.52018928527832 2.15569285516228 0.8
      vertex 4.52018928527832 2.1428571439215114 0.6
      vertex 4.52018928527832 2.15569285516228 0.6
    endloop
  endfacet
  facet normal -1 0 0
    outer loop
      vertex 4.6560714319348335 2.1428571439215114 0.8
      vertex 4.6560714319348335 2.15569285516228 0.6
      vertex 4.6560714319348335 2.1428571439215114 0.6
    endloop
  endfacet
  facet normal -0.15507959517321107 0.987901978518574 0
    outer loop
      vertex 4.6560714319348335 2.15569285516228 0.8
      vertex 4.6977285742759705 2.1622321403452327 0.6
      vertex 4.6560714319348335 2.15569285516228 0.6
    endloop
  endfacet
  facet normal 0 -1 0
    outer loop
      vertex 4.7667500004172325 2.1428571439215114 0.8
      vertex 4.6560714319348335 2.1428571439215114 0.6
      vertex 4.7667500004172325 2.1428571439215114 0.6
    endloop
  endfacet
  facet normal 0.14834837091309588 0.9889351651384587 0
    outer loop
      vertex 4.723157145082951 2.1622321403452327 0.8
      vertex 4.7667500004172325 2.15569285516228 0.6
      vertex 4.723157145082951 2.1622321403452327 0.6
    endloop
  endfacet
  facet normal 1 0 0
    outer loop
      vertex 4.7667500004172325 2.15569285516228 0.8
      vertex 4.7667500004172325 2.1428571439215114 0.6
      vertex 4.7667500004172325 2.15569285516228 0.6
    endloop
  endfacet
  facet normal 0 -1 0
    outer loop
      vertex 4.946939282119274 2.1428571439215114 0.8
      vertex 4.92344643175602 2.1428571439215114 0.6
      vertex 4.946939282119274 2.1428571439215114 0.6
    endloop
  endfacet
  facet normal -1 0 0
    outer loop
      vertex 4.421860717236996 2.1622321403452327 0.8
      vertex 4.421860717236996 2.4484964332410266 0.6
      vertex 4.421860717236996 2.1622321403452327 0.6
    endloop
  endfacet
  facet normal 1 0 0
    outer loop
      vertex 4.468603573739529 2.270246433360236 0.8
      vertex 4.468603573739529 2.1622321403452327 0.6
      vertex 4.468603573739529 2.270246433360236 0.6
    endloop
  endfacet
  facet normal 0 1 0
    outer loop
      vertex 4.468603573739529 2.292046429855483 0.8
      vertex 4.4937892854213715 2.292046429855483 0.6
      vertex 4.468603573739529 2.292046429855483 0.6
    endloop
  endfacet
  facet normal 0 -1 0
    outer loop
      vertex 4.505171425640583 2.270246433360236 0.8
      vertex 4.468603573739529 2.270246433360236 0.6
      vertex 4.505171425640583 2.270246433360236 0.6
    endloop
  endfacet
  facet normal -0.12994130208824897 0.9915216881196349 0
    outer loop
      vertex 4.4937892854213715 2.292046429855483 0.8
      vertex 4.529359824955463 2.29670803461756 0.6
      vertex 4.4937892854213715 2.292046429855483 0.6
    endloop
  endfacet
  facet normal 0.12884797281095176 -0.9916643584915756 0
    outer loop
      vertex 4.5550330355763435 2.2767250037619045 0.8
      vertex 4.505171425640583 2.270246433360236 0.6
      vertex 4.5550330355763435 2.2767250037619045 0.6
    endloop
  endfacet
  facet normal -0.49037280648325493 0.871512771370412 0
    outer loop
      vertex 4.529359824955463 2.29670803461756 0.8
      vertex 4.554214283823967 2.3106928563543727 0.6
      vertex 4.529359824955463 2.29670803461756 0.6
    endloop
  endfacet
  facet normal 0.46780174768617033 -0.8838334259699417 0
    outer loop
      vertex 4.591753572225571 2.29616071496691 0.8
      vertex 4.5550330355763435 2.2767250037619045 0.6
      vertex 4.591753572225571 2.29616071496691 0.6
    endloop
  endfacet
  facet normal -0.858896999528349 0.5121483615137309 0
    outer loop
      vertex 4.554214283823967 2.3106928563543727 0.8
      vertex 4.568836607038975 2.3352151832410266 0.6
      vertex 4.554214283823967 2.3106928563543727 0.6
    endloop
  endfacet
  facet normal 0.8158674146581435 -0.578239017793712 0
    outer loop
      vertex 4.614368751645088 2.328069644314902 0.8
      vertex 4.591753572225571 2.29616071496691 0.6
      vertex 4.614368751645088 2.328069644314902 0.6
    endloop
  endfacet
  facet normal 1 0 0
    outer loop
      vertex 4.468603573739529 2.4458321428724696 0.8
      vertex 4.468603573739529 2.292046429855483 0.6
      vertex 4.468603573739529 2.4458321428724696 0.6
    endloop
  endfacet
  facet normal -1 0 0
    outer loop
      vertex 4.380203574895859 2.454796428126948 0.8
      vertex 4.380203574895859 2.467632146818297 0.6
      vertex 4.380203574895859 2.454796428126948 0.6
    endloop
  endfacet
  facet normal -0.1495340540058639 -0.9887565760552853 0
    outer loop
      vertex 4.421860717236996 2.4484964332410266 0.8
      vertex 4.380203574895859 2.454796428126948 0.6
      vertex 4.421860717236996 2.4484964332410266 0.6
    endloop
  endfacet
  facet normal 0 1 0
    outer loop
      vertex 4.380203574895859 2.467632146818297 0.8
      vertex 4.502750001847744 2.467632146818297 0.6
      vertex 4.380203574895859 2.467632146818297 0.6
    endloop
  endfacet
  facet normal 0 -1 0
    outer loop
      vertex 4.492335714399815 2.4458321428724696 0.8
      vertex 4.468603573739529 2.4458321428724696 0.6
      vertex 4.492335714399815 2.4458321428724696 0.6
    endloop
  endfacet
  facet normal -0.11323940147594719 -0.99356773194049 0
    outer loop
      vertex 4.5300562530756 2.441533038658755 0.8
      vertex 4.492335714399815 2.4458321428724696 0.6
      vertex 4.5300562530756 2.441533038658755 0.6
    endloop
  endfacet
  facet normal -0.9910894742100482 0.13319780069524445 0
    outer loop
      vertex 4.568836607038975 2.3352151832410266 0.8
      vertex 4.5737107172608376 2.3714821434446742 0.6
      vertex 4.568836607038975 2.3352151832410266 0.6
    endloop
  endfacet
  facet normal -0.8532432335932431 -0.52151316793284 0
    outer loop
      vertex 4.569048210978508 2.40575089518513 0.8
      vertex 4.555060714483261 2.4286357185670306 0.6
      vertex 4.569048210978508 2.40575089518513 0.6
    endloop
  endfacet
  facet normal -0.990870788561469 -0.1348149857232958 0
    outer loop
      vertex 4.5737107172608376 2.3714821434446742 0.8
      vertex 4.569048210978508 2.40575089518513 0.6
      vertex 4.5737107172608376 2.3714821434446742 0.6
    endloop
  endfacet
  facet normal 0.9235596885098616 0.38345469322928805 0
    outer loop
      vertex 4.592117853462696 2.443716073674815 0.8
      vertex 4.621907144784927 2.371967861694949 0.6
      vertex 4.592117853462696 2.443716073674815 0.6
    endloop
  endfacet
  facet normal 0.9855736662961341 -0.16924700382457744 0
    outer loop
      vertex 4.621907144784927 2.371967861694949 0.8
      vertex 4.614368751645088 2.328069644314902 0.6
      vertex 4.621907144784927 2.371967861694949 0.6
    endloop
  endfacet
  facet normal -0.4584125231302647 -0.8887395336302669 0
    outer loop
      vertex 4.555060714483261 2.4286357185670306 0.8
      vertex 4.5300562530756 2.441533038658755 0.6
      vertex 4.555060714483261 2.4286357185670306 0.6
    endloop
  endfacet
  facet normal 0.2585167723637916 0.9660067693378797 0
    outer loop
      vertex 4.502750001847744 2.467632146818297 0.8
      vertex 4.592117853462696 2.443716073674815 0.6
      vertex 4.502750001847744 2.467632146818297 0.6
    endloop
  endfacet
  facet normal -1 0 0
    outer loop
      vertex 4.6560714319348335 2.454796428126948 0.8
      vertex 4.6560714319348335 2.467632146818297 0.6
      vertex 4.6560714319348335 2.454796428126948 0.6
    endloop
  endfacet
  facet normal -0.1495340540058639 -0.9887565760552853 0
    outer loop
      vertex 4.6977285742759705 2.4484964332410266 0.8
      vertex 4.6560714319348335 2.454796428126948 0.6
      vertex 4.6977285742759705 2.4484964332410266 0.6
    endloop
  endfacet
  facet normal -0.824719845064736 -0.5655414902165867 0
    outer loop
      vertex 4.92344643175602 2.1428571439215114 0.8
      vertex 4.723157145082951 2.434935713452952 0.6
      vertex 4.92344643175602 2.1428571439215114 0.6
    endloop
  endfacet
  facet normal -1 0 0
    outer loop
      vertex 4.921507142484188 2.227139288825648 0.8
      vertex 4.921507142484188 2.4484964332410266 0.6
      vertex 4.921507142484188 2.227139288825648 0.6
    endloop
  endfacet
  facet normal -1 0 0
    outer loop
      vertex 4.6977285742759705 2.4484964332410266 0.8
      vertex 4.6977285742759705 2.4484964332410266 0.6
      vertex 4.6977285742759705 2.1622321403452327 0.6
    endloop
  endfacet
  facet normal 1 0 0
    outer loop
      vertex 4.723157145082951 2.434935713452952 0.8
      vertex 4.723157145082951 2.1622321403452327 0.6
      vertex 4.723157145082951 2.434935713452952 0.6
    endloop
  endfacet
  facet normal 0.8212128117190912 0.5706220446744275 0
    outer loop
      vertex 4.754399999976158 2.467632146818297 0.8
      vertex 4.921507142484188 2.227139288825648 0.6
      vertex 4.754399999976158 2.467632146818297 0.6
    endloop
  endfacet
  facet normal 0 1 0
    outer loop
      vertex 4.6560714319348335 2.467632146818297 0.8
      vertex 4.754399999976158 2.467632146818297 0.6
      vertex 4.6560714319348335 2.467632146818297 0.6
    endloop
  endfacet
  facet normal 1 0 0
    outer loop
      vertex 4.946939282119274 2.4484964332410266 0.8
      vertex 4.946939282119274 2.1428571439215114 0.6
      vertex 4.946939282119274 2.4484964332410266 0.6
    endloop
  endfacet
  facet normal -1 0 0
    outer loop
      vertex 4.877914287149906 2.454796428126948 0.8
      vertex 4.877914287149906 2.467632146818297 0.6
      vertex 4.877914287149906 2.454796428126948 0.6
    endloop
  endfacet
  facet normal -0.14303302149625838 -0.9897179167629789 0
    outer loop
      vertex 4.921507142484188 2.4484964332410266 0.8
      vertex 4.877914287149906 2.454796428126948 0.6
      vertex 4.921507142484188 2.4484964332410266 0.6
    endloop
  endfacet
  facet normal 0 1 0
    outer loop
      vertex 4.877914287149906 2.467632146818297 0.8
      vertex 4.988596431910992 2.467632146818297 0.6
      vertex 4.877914287149906 2.467632146818297 0.6
    endloop
  endfacet
  facet normal 0.14953402785900968 -0.98875658000959 0
    outer loop
      vertex 4.988596431910992 2.454796428126948 0.8
      vertex 4.946939282119274 2.4484964332410266 0.6
      vertex 4.988596431910992 2.454796428126948 0.6
    endloop
  endfacet
  facet normal 1 0 0
    outer loop
      vertex 4.988596431910992 2.467632146818297 0.8
      vertex 4.988596431910992 2.454796428126948 0.6
      vertex 4.988596431910992 2.467632146818297 0.6
    endloop
  endfacet
  facet normal -0.5211470369572987 -0.85346690965182 0
    outer loop
      vertex 4.152283035218716 2.1487607157656123 0.8
      vertex 4.099485717713833 2.181000003857272 0.8
      vertex 4.099485717713833 2.181000003857272 0.6
    endloop
  endfacet
  facet normal -0.15124691852773992 -0.9884960139706499 0
    outer loop
      vertex 4.152283035218716 2.1487607157656123 0.8
      vertex 4.152283035218716 2.1487607157656123 0.6
      vertex 4.222517855465412 2.1380142888852527 0.8
    endloop
  endfacet
  facet normal 0.6059529868524645 0.7955004574006084 0
    outer loop
      vertex 4.135935716331005 2.193957144660609 0.8
      vertex 4.172658033668995 2.165984818977969 0.8
      vertex 4.172658033668995 2.165984818977969 0.6
    endloop
  endfacet
  facet normal 0.18210541341073982 0.9832790135086295 0
    outer loop
      vertex 4.172658033668995 2.165984818977969 0.8
      vertex 4.223003573715687 2.1566607153841426 0.8
      vertex 4.223003573715687 2.1566607153841426 0.6
    endloop
  endfacet
  facet normal 0.06421703119890447 -0.9979359563138303 0
    outer loop
      vertex 4.222517855465412 2.1380142888852527 0.8
      vertex 4.222517855465412 2.1380142888852527 0.6
      vertex 4.281791962683201 2.1418285689183643 0.8
    endloop
  endfacet
  facet normal -0.06196651191435408 0.9980782290988858 0
    outer loop
      vertex 4.223003573715687 2.1566607153841426 0.8
      vertex 4.249824106693268 2.1583258903452327 0.8
      vertex 4.249824106693268 2.1583258903452327 0.6
    endloop
  endfacet
  facet normal -0.19410108381669303 0.9809815335984593 0
    outer loop
      vertex 4.249824106693268 2.1583258903452327 0.8
      vertex 4.275071427226067 2.163321430129664 0.8
      vertex 4.275071427226067 2.163321430129664 0.6
    endloop
  endfacet
  facet normal -0.3345264694412143 0.9423863545506144 0
    outer loop
      vertex 4.275071427226067 2.163321430129664 0.8
      vertex 4.296989284455776 2.171101788324969 0.8
      vertex 4.296989284455776 2.171101788324969 0.6
    endloop
  endfacet
  facet normal 0.20270297479045443 -0.979240268785501 0
    outer loop
      vertex 4.281791962683201 2.1418285689183643 0.8
      vertex 4.281791962683201 2.1418285689183643 0.6
      vertex 4.337071426212788 2.1532714313694408 0.8
    endloop
  endfacet
  facet normal -0.5115028903188769 0.8592815564152619 0
    outer loop
      vertex 4.296989284455776 2.171101788324969 0.8
      vertex 4.31382142752409 2.18112142596926 0.8
      vertex 4.31382142752409 2.18112142596926 0.6
    endloop
  endfacet
  facet normal 0.9998185331741418 -0.019049953320350366 0
    outer loop
      vertex 4.337071426212788 2.1532714313694408 0.8
      vertex 4.337071426212788 2.1532714313694408 0.6
      vertex 4.3385249972343445 2.229560712618487 0.8
    endloop
  endfacet
  facet normal 0 0 1
    outer loop
      vertex 4.152283035218716 2.1487607157656123 0.8
      vertex 4.135935716331005 2.193957144660609 0.8
      vertex 4.099485717713833 2.181000003857272 0.8
    endloop
  endfacet
  facet normal 0 0 1
    outer loop
      vertex 4.152283035218716 2.1487607157656123 0.8
      vertex 4.172658033668995 2.165984818977969 0.8
      vertex 4.135935716331005 2.193957144660609 0.8
    endloop
  endfacet
  facet normal 0 0 1
    outer loop
      vertex 4.152283035218716 2.1487607157656123 0.8
      vertex 4.222517855465412 2.1380142888852527 0.8
      vertex 4.172658033668995 2.165984818977969 0.8
    endloop
  endfacet
  facet normal 0 0 1
    outer loop
      vertex 4.172658033668995 2.165984818977969 0.8
      vertex 4.222517855465412 2.1380142888852527 0.8
      vertex 4.223003573715687 2.1566607153841426 0.8
    endloop
  endfacet
  facet normal 0 0 1
    outer loop
      vertex 4.222517855465412 2.1380142888852527 0.8
      vertex 4.281791962683201 2.1418285689183643 0.8
      vertex 4.249824106693268 2.1583258903452327 0.8
    endloop
  endfacet
  facet normal 0 0 1
    outer loop
      vertex 4.222517855465412 2.1380142888852527 0.8
      vertex 4.249824106693268 2.1583258903452327 0.8
      vertex 4.223003573715687 2.1566607153841426 0.8
    endloop
  endfacet
  facet normal 0 0 1
    outer loop
      vertex 4.281791962683201 2.1418285689183643 0.8
      vertex 4.275071427226067 2.163321430129664 0.8
      vertex 4.249824106693268 2.1583258903452327 0.8
    endloop
  endfacet
  facet normal 0 0 1
    outer loop
      vertex 4.281791962683201 2.1418285689183643 0.8
      vertex 4.296989284455776 2.171101788324969 0.8
      vertex 4.275071427226067 2.163321430129664 0.8
    endloop
  endfacet
  facet normal 0 0 1
    outer loop
      vertex 4.281791962683201 2.1418285689183643 0.8
      vertex 4.337071426212788 2.1532714313694408 0.8
      vertex 4.296989284455776 2.171101788324969 0.8
    endloop
  endfacet
  facet normal 0 0 1
    outer loop
      vertex 4.296989284455776 2.171101788324969 0.8
      vertex 4.337071426212788 2.1532714313694408 0.8
      vertex 4.31382142752409 2.18112142596926 0.8
    endloop
  endfacet
  facet normal -0.9874404806005082 -0.15799144683000235 0
    outer loop
      vertex 4.066426783800125 2.232616963131087 0.8
      vertex 4.055407144129276 2.3014892882534435 0.8
      vertex 4.055407144129276 2.3014892882534435 0.6
    endloop
  endfacet
  facet normal -0.9897944736704719 0.1425022803024347 0
    outer loop
      vertex 4.055407144129276 2.3014892882534435 0.8
      vertex 4.066002681851387 2.3750839329191615 0.8
      vertex 4.066002681851387 2.3750839329191615 0.6
    endloop
  endfacet
  facet normal -0.8420929903036128 -0.5393323610553324 0
    outer loop
      vertex 4.099485717713833 2.181000003857272 0.8
      vertex 4.066426783800125 2.232616963131087 0.8
      vertex 4.066426783800125 2.232616963131087 0.6
    endloop
  endfacet
  facet normal 0.8975054461585004 0.4410033720005223 0
    outer loop
      vertex 4.135935716331005 2.193957144660609 0.8
      vertex 4.135935716331005 2.193957144660609 0.6
      vertex 4.113502681255341 2.239611605448382 0.8
    endloop
  endfacet
  facet normal 0.9928880005667009 0.11905216642572614 0
    outer loop
      vertex 4.113502681255341 2.239611605448382 0.8
      vertex 4.113502681255341 2.239611605448382 0.6
      vertex 4.106025002896786 2.3019749990531375 0.8
    endloop
  endfacet
  facet normal 0.9943156044260957 -0.10647290169225128 0
    outer loop
      vertex 4.106025002896786 2.3019749990531375 0.8
      vertex 4.106025002896786 2.3019749990531375 0.6
      vertex 4.113169640302658 2.368696430964129 0.8
    endloop
  endfacet
  facet normal -0.9833165954256128 0.18190237260844516 0
    outer loop
      vertex 4.31382142752409 2.18112142596926 0.8
      vertex 4.322782143950462 2.229560712618487 0.8
      vertex 4.322782143950462 2.229560712618487 0.6
    endloop
  endfacet
  facet normal 0 1 0
    outer loop
      vertex 4.322782143950462 2.229560712618487 0.8
      vertex 4.3385249972343445 2.229560712618487 0.8
      vertex 4.3385249972343445 2.229560712618487 0.6
    endloop
  endfacet
  facet normal -0.8584031485800978 0.5129756665844633 0
    outer loop
      vertex 4.066002681851387 2.3750839329191615 0.8
      vertex 4.097789287567139 2.4282749987074306 0.8
      vertex 4.097789287567139 2.4282749987074306 0.6
    endloop
  endfacet
  facet normal 0.9085786425171358 -0.4177138378863199 0
    outer loop
      vertex 4.113169640302658 2.368696430964129 0.8
      vertex 4.113169640302658 2.368696430964129 0.6
      vertex 4.134603574872017 2.4153178579040935 0.8
    endloop
  endfacet
  facet normal -0.5224780062822763 0.8526527622375346 0
    outer loop
      vertex 4.097789287567139 2.4282749987074306 0.8
      vertex 4.150406248867512 2.460516969008105 0.8
      vertex 4.150406248867512 2.460516969008105 0.6
    endloop
  endfacet
  facet normal 0.5955799847662527 -0.8032960112846511 0
    outer loop
      vertex 4.134603574872017 2.4153178579040935 0.8
      vertex 4.134603574872017 2.4153178579040935 0.6
      vertex 4.171598210930824 2.4427464327641895 0.8
    endloop
  endfacet
  facet normal 0.1674584151022475 -0.9858791402659067 0
    outer loop
      vertex 4.171598210930824 2.4427464327641895 0.8
      vertex 4.171598210930824 2.4427464327641895 0.6
      vertex 4.225424997508526 2.4518892860838344 0.8
    endloop
  endfacet
  facet normal -0.14549850311013732 0.9893584717344414 0
    outer loop
      vertex 4.150406248867512 2.460516969008105 0.8
      vertex 4.223485715687275 2.4712642899581363 0.8
      vertex 4.223485715687275 2.4712642899581363 0.6
    endloop
  endfacet
  facet normal 0 -1 0
    outer loop
      vertex 4.317696429789066 2.387949997825282 0.8
      vertex 4.317696429789066 2.387949997825282 0.6
      vertex 4.333682142198086 2.387949997825282 0.8
    endloop
  endfacet
  facet normal -0.9854668656459246 -0.16986776243300883 0
    outer loop
      vertex 4.317696429789066 2.387949997825282 0.8
      vertex 4.310432143509388 2.4300928584166934 0.8
      vertex 4.310432143509388 2.4300928584166934 0.6
    endloop
  endfacet
  facet normal 0.999790265488086 0.020479869024544267 0
    outer loop
      vertex 4.333682142198086 2.387949997825282 0.8
      vertex 4.333682142198086 2.387949997825282 0.6
      vertex 4.332228571176529 2.4589107132383754 0.8
    endloop
  endfacet
  facet normal -0.06166041282931977 -0.9980971863950514 0
    outer loop
      vertex 4.225424997508526 2.4518892860838344 0.8
      vertex 4.225424997508526 2.4518892860838344 0.6
      vertex 4.248462498188019 2.45046607617821 0.8
    endloop
  endfacet
  facet normal -0.18553937807902482 -0.9826368297504672 0
    outer loop
      vertex 4.248462498188019 2.45046607617821 0.8
      vertex 4.248462498188019 2.45046607617821 0.6
      vertex 4.271075002849102 2.4461964315601756 0.8
    endloop
  endfacet
  facet normal -0.3104012106073783 -0.9506056429737171 0
    outer loop
      vertex 4.292116068303585 2.4393258935638835 0.8
      vertex 4.271075002849102 2.4461964315601756 0.8
      vertex 4.271075002849102 2.4461964315601756 0.6
    endloop
  endfacet
  facet normal 0.058730967177498324 0.9982738469450132 0
    outer loop
      vertex 4.223485715687275 2.4712642899581363 0.8
      vertex 4.275980360805988 2.468175897640841 0.8
      vertex 4.275980360805988 2.468175897640841 0.6
    endloop
  endfacet
  facet normal -0.4501362759681244 -0.8929598720309601 0
    outer loop
      vertex 4.292116068303585 2.4393258935638835 0.8
      vertex 4.292116068303585 2.4393258935638835 0.6
      vertex 4.310432143509388 2.4300928584166934 0.8
    endloop
  endfacet
  facet normal 0.16252946681911404 0.9867036902816845 0
    outer loop
      vertex 4.275980360805988 2.468175897640841 0.8
      vertex 4.332228571176529 2.4589107132383754 0.8
      vertex 4.332228571176529 2.4589107132383754 0.6
    endloop
  endfacet
  facet normal 0 0 1
    outer loop
      vertex 4.099485717713833 2.181000003857272 0.8
      vertex 4.113502681255341 2.239611605448382 0.8
      vertex 4.066426783800125 2.232616963131087 0.8
    endloop
  endfacet
  facet normal 0 0 1
    outer loop
      vertex 4.099485717713833 2.181000003857272 0.8
      vertex 4.135935716331005 2.193957144660609 0.8
      vertex 4.113502681255341 2.239611605448382 0.8
    endloop
  endfacet
  facet normal 0 0 1
    outer loop
      vertex 4.066426783800125 2.232616963131087 0.8
      vertex 4.113502681255341 2.239611605448382 0.8
      vertex 4.106025002896786 2.3019749990531375 0.8
    endloop
  endfacet
  facet normal 0 0 1
    outer loop
      vertex 4.066426783800125 2.232616963131087 0.8
      vertex 4.106025002896786 2.3019749990531375 0.8
      vertex 4.055407144129276 2.3014892882534435 0.8
    endloop
  endfacet
  facet normal 0 0 1
    outer loop
      vertex 4.055407144129276 2.3014892882534435 0.8
      vertex 4.106025002896786 2.3019749990531375 0.8
      vertex 4.066002681851387 2.3750839329191615 0.8
    endloop
  endfacet
  facet normal 0 0 1
    outer loop
      vertex 4.31382142752409 2.18112142596926 0.8
      vertex 4.337071426212788 2.1532714313694408 0.8
      vertex 4.3385249972343445 2.229560712618487 0.8
    endloop
  endfacet
  facet normal 0 0 1
    outer loop
      vertex 4.31382142752409 2.18112142596926 0.8
      vertex 4.3385249972343445 2.229560712618487 0.8
      vertex 4.322782143950462 2.229560712618487 0.8
    endloop
  endfacet
  facet normal 0 0 1
    outer loop
      vertex 4.106025002896786 2.3019749990531375 0.8
      vertex 4.113169640302658 2.368696430964129 0.8
      vertex 4.066002681851387 2.3750839329191615 0.8
    endloop
  endfacet
  facet normal 0 0 1
    outer loop
      vertex 4.066002681851387 2.3750839329191615 0.8
      vertex 4.113169640302658 2.368696430964129 0.8
      vertex 4.097789287567139 2.4282749987074306 0.8
    endloop
  endfacet
  facet normal 0 0 1
    outer loop
      vertex 4.113169640302658 2.368696430964129 0.8
      vertex 4.134603574872017 2.4153178579040935 0.8
      vertex 4.097789287567139 2.4282749987074306 0.8
    endloop
  endfacet
  facet normal 0 0 1
    outer loop
      vertex 4.097789287567139 2.4282749987074306 0.8
      vertex 4.134603574872017 2.4153178579040935 0.8
      vertex 4.150406248867512 2.460516969008105 0.8
    endloop
  endfacet
  facet normal 0 0 1
    outer loop
      vertex 4.134603574872017 2.4153178579040935 0.8
      vertex 4.171598210930824 2.4427464327641895 0.8
      vertex 4.150406248867512 2.460516969008105 0.8
    endloop
  endfacet
  facet normal 0 0 1
    outer loop
      vertex 4.150406248867512 2.460516969008105 0.8
      vertex 4.171598210930824 2.4427464327641895 0.8
      vertex 4.223485715687275 2.4712642899581363 0.8
    endloop
  endfacet
  facet normal 0 0 1
    outer loop
      vertex 4.171598210930824 2.4427464327641895 0.8
      vertex 4.225424997508526 2.4518892860838344 0.8
      vertex 4.223485715687275 2.4712642899581363 0.8
    endloop
  endfacet
  facet normal 0 0 1
    outer loop
      vertex 4.317696429789066 2.387949997825282 0.8
      vertex 4.333682142198086 2.387949997825282 0.8
      vertex 4.310432143509388 2.4300928584166934 0.8
    endloop
  endfacet
  facet normal 0 0 1
    outer loop
      vertex 4.225424997508526 2.4518892860838344 0.8
      vertex 4.248462498188019 2.45046607617821 0.8
      vertex 4.223485715687275 2.4712642899581363 0.8
    endloop
  endfacet
  facet normal 0 0 1
    outer loop
      vertex 4.248462498188019 2.45046607617821 0.8
      vertex 4.271075002849102 2.4461964315601756 0.8
      vertex 4.275980360805988 2.468175897640841 0.8
    endloop
  endfacet
  facet normal 0 0 1
    outer loop
      vertex 4.292116068303585 2.4393258935638835 0.8
      vertex 4.275980360805988 2.468175897640841 0.8
      vertex 4.271075002849102 2.4461964315601756 0.8
    endloop
  endfacet
  facet normal 0 0 1
    outer loop
      vertex 4.223485715687275 2.4712642899581363 0.8
      vertex 4.248462498188019 2.45046607617821 0.8
      vertex 4.275980360805988 2.468175897640841 0.8
    endloop
  endfacet
  facet normal 0 0 1
    outer loop
      vertex 4.333682142198086 2.387949997825282 0.8
      vertex 4.332228571176529 2.4589107132383754 0.8
      vertex 4.310432143509388 2.4300928584166934 0.8
    endloop
  endfacet
  facet normal 0 0 1
    outer loop
      vertex 4.292116068303585 2.4393258935638835 0.8
      vertex 4.310432143509388 2.4300928584166934 0.8
      vertex 4.332228571176529 2.4589107132383754 0.8
    endloop
  endfacet
  facet normal 0 0 1
    outer loop
      vertex 4.292116068303585 2.4393258935638835 0.8
      vertex 4.332228571176529 2.4589107132383754 0.8
      vertex 4.275980360805988 2.468175897640841 0.8
    endloop
  endfacet
  facet normal 0 -1 0
    outer loop
      vertex 4.383353568613529 2.1428571439215114 0.8
      vertex 4.383353568613529 2.1428571439215114 0.6
      vertex 4.52018928527832 2.1428571439215114 0.8
    endloop
  endfacet
  facet normal -1 0 0
    outer loop
      vertex 4.383353568613529 2.1428571439215114 0.8
      vertex 4.383353568613529 2.15569285516228 0.8
      vertex 4.383353568613529 2.15569285516228 0.6
    endloop
  endfacet
  facet normal -0.16742304651798082 0.9858851472127156 0
    outer loop
      vertex 4.383353568613529 2.15569285516228 0.8
      vertex 4.421860717236996 2.1622321403452327 0.8
      vertex 4.421860717236996 2.1622321403452327 0.6
    endloop
  endfacet
  facet normal 1 0 0
    outer loop
      vertex 4.52018928527832 2.1428571439215114 0.8
      vertex 4.52018928527832 2.1428571439215114 0.6
      vertex 4.52018928527832 2.15569285516228 0.8
    endloop
  endfacet
  facet normal 0.1257590216430823 0.9920608189397335 0
    outer loop
      vertex 4.468603573739529 2.1622321403452327 0.8
      vertex 4.52018928527832 2.15569285516228 0.8
      vertex 4.52018928527832 2.15569285516228 0.6
    endloop
  endfacet
  facet normal -1 0 0
    outer loop
      vertex 4.6560714319348335 2.1428571439215114 0.8
      vertex 4.6560714319348335 2.15569285516228 0.8
      vertex 4.6560714319348335 2.15569285516228 0.6
    endloop
  endfacet
  facet normal -0.15507959517321107 0.987901978518574 0
    outer loop
      vertex 4.6560714319348335 2.15569285516228 0.8
      vertex 4.6977285742759705 2.1622321403452327 0.8
      vertex 4.6977285742759705 2.1622321403452327 0.6
    endloop
  endfacet
  facet normal 0 -1 0
    outer loop
      vertex 4.6560714319348335 2.1428571439215114 0.8
      vertex 4.6560714319348335 2.1428571439215114 0.6
      vertex 4.7667500004172325 2.1428571439215114 0.8
    endloop
  endfacet
  facet normal 0.14834837091309588 0.9889351651384587 0
    outer loop
      vertex 4.723157145082951 2.1622321403452327 0.8
      vertex 4.7667500004172325 2.15569285516228 0.8
      vertex 4.7667500004172325 2.15569285516228 0.6
    endloop
  endfacet
  facet normal 1 0 0
    outer loop
      vertex 4.7667500004172325 2.1428571439215114 0.8
      vertex 4.7667500004172325 2.1428571439215114 0.6
      vertex 4.7667500004172325 2.15569285516228 0.8
    endloop
  endfacet
  facet normal 0 -1 0
    outer loop
      vertex 4.92344643175602 2.1428571439215114 0.8
      vertex 4.92344643175602 2.1428571439215114 0.6
      vertex 4.946939282119274 2.1428571439215114 0.8
    endloop
  endfacet
  facet normal 0 0 1
    outer loop
      vertex 4.383353568613529 2.1428571439215114 0.8
      vertex 4.421860717236996 2.1622321403452327 0.8
      vertex 4.383353568613529 2.15569285516228 0.8
    endloop
  endfacet
  facet normal 0 0 1
    outer loop
      vertex 4.383353568613529 2.1428571439215114 0.8
      vertex 4.468603573739529 2.1622321403452327 0.8
      vertex 4.421860717236996 2.1622321403452327 0.8
    endloop
  endfacet
  facet normal 0 0 1
    outer loop
      vertex 4.383353568613529 2.1428571439215114 0.8
      vertex 4.52018928527832 2.1428571439215114 0.8
      vertex 4.468603573739529 2.1622321403452327 0.8
    endloop
  endfacet
  facet normal 0 0 1
    outer loop
      vertex 4.52018928527832 2.1428571439215114 0.8
      vertex 4.52018928527832 2.15569285516228 0.8
      vertex 4.468603573739529 2.1622321403452327 0.8
    endloop
  endfacet
  facet normal 0 0 1
    outer loop
      vertex 4.6560714319348335 2.1428571439215114 0.8
      vertex 4.6977285742759705 2.1622321403452327 0.8
      vertex 4.6560714319348335 2.15569285516228 0.8
    endloop
  endfacet
  facet normal 0 0 1
    outer loop
      vertex 4.6560714319348335 2.1428571439215114 0.8
      vertex 4.7667500004172325 2.1428571439215114 0.8
      vertex 4.6977285742759705 2.1622321403452327 0.8
    endloop
  endfacet
  facet normal 0 0 1
    outer loop
      vertex 4.6977285742759705 2.1622321403452327 0.8
      vertex 4.7667500004172325 2.1428571439215114 0.8
      vertex 4.723157145082951 2.1622321403452327 0.8
    endloop
  endfacet
  facet normal 0 0 1
    outer loop
      vertex 4.723157145082951 2.1622321403452327 0.8
      vertex 4.7667500004172325 2.1428571439215114 0.8
      vertex 4.7667500004172325 2.15569285516228 0.8
    endloop
  endfacet
  facet normal 1 0 0
    outer loop
      vertex 4.468603573739529 2.1622321403452327 0.8
      vertex 4.468603573739529 2.1622321403452327 0.6
      vertex 4.468603573739529 2.270246433360236 0.8
    endloop
  endfacet
  facet normal 0 -1 0
    outer loop
      vertex 4.468603573739529 2.270246433360236 0.8
      vertex 4.468603573739529 2.270246433360236 0.6
      vertex 4.505171425640583 2.270246433360236 0.8
    endloop
  endfacet
  facet normal 0 1 0
    outer loop
      vertex 4.468603573739529 2.292046429855483 0.8
      vertex 4.4937892854213715 2.292046429855483 0.8
      vertex 4.4937892854213715 2.292046429855483 0.6
    endloop
  endfacet
  facet normal 0.12884797281095176 -0.9916643584915756 0
    outer loop
      vertex 4.505171425640583 2.270246433360236 0.8
      vertex 4.505171425640583 2.270246433360236 0.6
      vertex 4.5550330355763435 2.2767250037619045 0.8
    endloop
  endfacet
  facet normal -0.12994130208824897 0.9915216881196349 0
    outer loop
      vertex 4.4937892854213715 2.292046429855483 0.8
      vertex 4.529359824955463 2.29670803461756 0.8
      vertex 4.529359824955463 2.29670803461756 0.6
    endloop
  endfacet
  facet normal 1 0 0
    outer loop
      vertex 4.468603573739529 2.292046429855483 0.8
      vertex 4.468603573739529 2.292046429855483 0.6
      vertex 4.468603573739529 2.4458321428724696 0.8
    endloop
  endfacet
  facet normal 0.46780174768617033 -0.8838334259699417 0
    outer loop
      vertex 4.5550330355763435 2.2767250037619045 0.8
      vertex 4.5550330355763435 2.2767250037619045 0.6
      vertex 4.591753572225571 2.29616071496691 0.8
    endloop
  endfacet
  facet normal -0.49037280648325493 0.871512771370412 0
    outer loop
      vertex 4.529359824955463 2.29670803461756 0.8
      vertex 4.554214283823967 2.3106928563543727 0.8
      vertex 4.554214283823967 2.3106928563543727 0.6
    endloop
  endfacet
  facet normal -0.858896999528349 0.5121483615137309 0
    outer loop
      vertex 4.554214283823967 2.3106928563543727 0.8
      vertex 4.568836607038975 2.3352151832410266 0.8
      vertex 4.568836607038975 2.3352151832410266 0.6
    endloop
  endfacet
  facet normal 0.8158674146581435 -0.578239017793712 0
    outer loop
      vertex 4.591753572225571 2.29616071496691 0.8
      vertex 4.591753572225571 2.29616071496691 0.6
      vertex 4.614368751645088 2.328069644314902 0.8
    endloop
  endfacet
  facet normal 0.9855736662961341 -0.16924700382457744 0
    outer loop
      vertex 4.614368751645088 2.328069644314902 0.8
      vertex 4.614368751645088 2.328069644314902 0.6
      vertex 4.621907144784927 2.371967861694949 0.8
    endloop
  endfacet
  facet normal -1 0 0
    outer loop
      vertex 4.421860717236996 2.1622321403452327 0.8
      vertex 4.421860717236996 2.4484964332410266 0.8
      vertex 4.421860717236996 2.4484964332410266 0.6
    endloop
  endfacet
  facet normal -0.1495340540058639 -0.9887565760552853 0
    outer loop
      vertex 4.380203574895859 2.454796428126948 0.8
      vertex 4.380203574895859 2.454796428126948 0.6
      vertex 4.421860717236996 2.4484964332410266 0.8
    endloop
  endfacet
  facet normal -1 0 0
    outer loop
      vertex 4.380203574895859 2.454796428126948 0.8
      vertex 4.380203574895859 2.467632146818297 0.8
      vertex 4.380203574895859 2.467632146818297 0.6
    endloop
  endfacet
  facet normal 0 -1 0
    outer loop
      vertex 4.468603573739529 2.4458321428724696 0.8
      vertex 4.468603573739529 2.4458321428724696 0.6
      vertex 4.492335714399815 2.4458321428724696 0.8
    endloop
  endfacet
  facet normal -0.11323940147594719 -0.99356773194049 0
    outer loop
      vertex 4.492335714399815 2.4458321428724696 0.8
      vertex 4.492335714399815 2.4458321428724696 0.6
      vertex 4.5300562530756 2.441533038658755 0.8
    endloop
  endfacet
  facet normal 0 1 0
    outer loop
      vertex 4.380203574895859 2.467632146818297 0.8
      vertex 4.502750001847744 2.467632146818297 0.8
      vertex 4.502750001847744 2.467632146818297 0.6
    endloop
  endfacet
  facet normal -0.9910894742100482 0.13319780069524445 0
    outer loop
      vertex 4.568836607038975 2.3352151832410266 0.8
      vertex 4.5737107172608376 2.3714821434446742 0.8
      vertex 4.5737107172608376 2.3714821434446742 0.6
    endloop
  endfacet
  facet normal -0.8532432335932431 -0.52151316793284 0
    outer loop
      vertex 4.569048210978508 2.40575089518513 0.8
      vertex 4.555060714483261 2.4286357185670306 0.8
      vertex 4.555060714483261 2.4286357185670306 0.6
    endloop
  endfacet
  facet normal -0.990870788561469 -0.1348149857232958 0
    outer loop
      vertex 4.569048210978508 2.40575089518513 0.8
      vertex 4.569048210978508 2.40575089518513 0.6
      vertex 4.5737107172608376 2.3714821434446742 0.8
    endloop
  endfacet
  facet normal 0.9235596885098616 0.38345469322928805 0
    outer loop
      vertex 4.621907144784927 2.371967861694949 0.8
      vertex 4.621907144784927 2.371967861694949 0.6
      vertex 4.592117853462696 2.443716073674815 0.8
    endloop
  endfacet
  facet normal -0.4584125231302647 -0.8887395336302669 0
    outer loop
      vertex 4.5300562530756 2.441533038658755 0.8
      vertex 4.5300562530756 2.441533038658755 0.6
      vertex 4.555060714483261 2.4286357185670306 0.8
    endloop
  endfacet
  facet normal 0.2585167723637916 0.9660067693378797 0
    outer loop
      vertex 4.502750001847744 2.467632146818297 0.8
      vertex 4.592117853462696 2.443716073674815 0.8
      vertex 4.592117853462696 2.443716073674815 0.6
    endloop
  endfacet
  facet normal -0.1495340540058639 -0.9887565760552853 0
    outer loop
      vertex 4.6560714319348335 2.454796428126948 0.8
      vertex 4.6560714319348335 2.454796428126948 0.6
      vertex 4.6977285742759705 2.4484964332410266 0.8
    endloop
  endfacet
  facet normal -1 0 0
    outer loop
      vertex 4.6560714319348335 2.454796428126948 0.8
      vertex 4.6560714319348335 2.467632146818297 0.8
      vertex 4.6560714319348335 2.467632146818297 0.6
    endloop
  endfacet
  facet normal -1 0 0
    outer loop
      vertex 4.6977285742759705 2.1622321403452327 0.8
      vertex 4.6977285742759705 2.4484964332410266 0.8
      vertex 4.6977285742759705 2.1622321403452327 0.6
    endloop
  endfacet
  facet normal 1 0 0
    outer loop
      vertex 4.723157145082951 2.1622321403452327 0.8
      vertex 4.723157145082951 2.1622321403452327 0.6
      vertex 4.723157145082951 2.434935713452952 0.8
    endloop
  endfacet
  facet normal -0.824719845064736 -0.5655414902165867 0
    outer loop
      vertex 4.92344643175602 2.1428571439215114 0.8
      vertex 4.723157145082951 2.434935713452952 0.8
      vertex 4.723157145082951 2.434935713452952 0.6
    endloop
  endfacet
  facet normal 1 0 0
    outer loop
      vertex 4.946939282119274 2.1428571439215114 0.8
      vertex 4.946939282119274 2.1428571439215114 0.6
      vertex 4.946939282119274 2.4484964332410266 0.8
    endloop
  endfacet
  facet normal 0.8212128117190912 0.5706220446744275 0
    outer loop
      vertex 4.921507142484188 2.227139288825648 0.8
      vertex 4.921507142484188 2.227139288825648 0.6
      vertex 4.754399999976158 2.467632146818297 0.8
    endloop
  endfacet
  facet normal 0 1 0
    outer loop
      vertex 4.6560714319348335 2.467632146818297 0.8
      vertex 4.754399999976158 2.467632146818297 0.8
      vertex 4.754399999976158 2.467632146818297 0.6
    endloop
  endfacet
  facet normal -1 0 0
    outer loop
      vertex 4.921507142484188 2.227139288825648 0.8
      vertex 4.921507142484188 2.4484964332410266 0.8
      vertex 4.921507142484188 2.4484964332410266 0.6
    endloop
  endfacet
  facet normal -0.14303302149625838 -0.9897179167629789 0
    outer loop
      vertex 4.877914287149906 2.454796428126948 0.8
      vertex 4.877914287149906 2.454796428126948 0.6
      vertex 4.921507142484188 2.4484964332410266 0.8
    endloop
  endfacet
  facet normal -1 0 0
    outer loop
      vertex 4.877914287149906 2.454796428126948 0.8
      vertex 4.877914287149906 2.467632146818297 0.8
      vertex 4.877914287149906 2.467632146818297 0.6
    endloop
  endfacet
  facet normal 0.14953402785900968 -0.98875658000959 0
    outer loop
      vertex 4.946939282119274 2.4484964332410266 0.8
      vertex 4.946939282119274 2.4484964332410266 0.6
      vertex 4.988596431910992 2.454796428126948 0.8
    endloop
  endfacet
  facet normal 1 0 0
    outer loop
      vertex 4.988596431910992 2.454796428126948 0.8
      vertex 4.988596431910992 2.454796428126948 0.6
      vertex 4.988596431910992 2.467632146818297 0.8
    endloop
  endfacet
  facet normal 0 1 0
    outer loop
      vertex 4.877914287149906 2.467632146818297 0.8
      vertex 4.988596431910992 2.467632146818297 0.8
      vertex 4.988596431910992 2.467632146818297 0.6
    endloop
  endfacet
  facet normal 0 0 1
    outer loop
      vertex 4.421860717236996 2.1622321403452327 0.8
      vertex 4.468603573739529 2.1622321403452327 0.8
      vertex 4.468603573739529 2.270246433360236 0.8
    endloop
  endfacet
  facet normal 0 0 1
    outer loop
      vertex 4.421860717236996 2.1622321403452327 0.8
      vertex 4.468603573739529 2.270246433360236 0.8
      vertex 4.468603573739529 2.292046429855483 0.8
    endloop
  endfacet
  facet normal 0 0 1
    outer loop
      vertex 4.421860717236996 2.1622321403452327 0.8
      vertex 4.468603573739529 2.292046429855483 0.8
      vertex 4.421860717236996 2.4484964332410266 0.8
    endloop
  endfacet
  facet normal 0 0 1
    outer loop
      vertex 4.468603573739529 2.270246433360236 0.8
      vertex 4.4937892854213715 2.292046429855483 0.8
      vertex 4.468603573739529 2.292046429855483 0.8
    endloop
  endfacet
  facet normal 0 0 1
    outer loop
      vertex 4.468603573739529 2.270246433360236 0.8
      vertex 4.505171425640583 2.270246433360236 0.8
      vertex 4.4937892854213715 2.292046429855483 0.8
    endloop
  endfacet
  facet normal 0 0 1
    outer loop
      vertex 4.505171425640583 2.270246433360236 0.8
      vertex 4.5550330355763435 2.2767250037619045 0.8
      vertex 4.529359824955463 2.29670803461756 0.8
    endloop
  endfacet
  facet normal 0 0 1
    outer loop
      vertex 4.505171425640583 2.270246433360236 0.8
      vertex 4.529359824955463 2.29670803461756 0.8
      vertex 4.4937892854213715 2.292046429855483 0.8
    endloop
  endfacet
  facet normal 0 0 1
    outer loop
      vertex 4.5550330355763435 2.2767250037619045 0.8
      vertex 4.554214283823967 2.3106928563543727 0.8
      vertex 4.529359824955463 2.29670803461756 0.8
    endloop
  endfacet
  facet normal 0 0 1
    outer loop
      vertex 4.5550330355763435 2.2767250037619045 0.8
      vertex 4.591753572225571 2.29616071496691 0.8
      vertex 4.554214283823967 2.3106928563543727 0.8
    endloop
  endfacet
  facet normal 0 0 1
    outer loop
      vertex 4.554214283823967 2.3106928563543727 0.8
      vertex 4.591753572225571 2.29616071496691 0.8
      vertex 4.568836607038975 2.3352151832410266 0.8
    endloop
  endfacet
  facet normal 0 0 1
    outer loop
      vertex 4.568836607038975 2.3352151832410266 0.8
      vertex 4.591753572225571 2.29616071496691 0.8
      vertex 4.614368751645088 2.328069644314902 0.8
    endloop
  endfacet
  facet normal 0 0 1
    outer loop
      vertex 4.468603573739529 2.292046429855483 0.8
      vertex 4.468603573739529 2.4458321428724696 0.8
      vertex 4.421860717236996 2.4484964332410266 0.8
    endloop
  endfacet
  facet normal 0 0 1
    outer loop
      vertex 4.380203574895859 2.454796428126948 0.8
      vertex 4.421860717236996 2.4484964332410266 0.8
      vertex 4.380203574895859 2.467632146818297 0.8
    endloop
  endfacet
  facet normal 0 0 1
    outer loop
      vertex 4.380203574895859 2.467632146818297 0.8
      vertex 4.421860717236996 2.4484964332410266 0.8
      vertex 4.502750001847744 2.467632146818297 0.8
    endloop
  endfacet
  facet normal 0 0 1
    outer loop
      vertex 4.421860717236996 2.4484964332410266 0.8
      vertex 4.468603573739529 2.4458321428724696 0.8
      vertex 4.502750001847744 2.467632146818297 0.8
    endloop
  endfacet
  facet normal 0 0 1
    outer loop
      vertex 4.468603573739529 2.4458321428724696 0.8
      vertex 4.492335714399815 2.4458321428724696 0.8
      vertex 4.502750001847744 2.467632146818297 0.8
    endloop
  endfacet
  facet normal 0 0 1
    outer loop
      vertex 4.492335714399815 2.4458321428724696 0.8
      vertex 4.5300562530756 2.441533038658755 0.8
      vertex 4.502750001847744 2.467632146818297 0.8
    endloop
  endfacet
  facet normal 0 0 1
    outer loop
      vertex 4.568836607038975 2.3352151832410266 0.8
      vertex 4.614368751645088 2.328069644314902 0.8
      vertex 4.5737107172608376 2.3714821434446742 0.8
    endloop
  endfacet
  facet normal 0 0 1
    outer loop
      vertex 4.614368751645088 2.328069644314902 0.8
      vertex 4.621907144784927 2.371967861694949 0.8
      vertex 4.5737107172608376 2.3714821434446742 0.8
    endloop
  endfacet
  facet normal 0 0 1
    outer loop
      vertex 4.569048210978508 2.40575089518513 0.8
      vertex 4.5737107172608376 2.3714821434446742 0.8
      vertex 4.621907144784927 2.371967861694949 0.8
    endloop
  endfacet
  facet normal 0 0 1
    outer loop
      vertex 4.569048210978508 2.40575089518513 0.8
      vertex 4.621907144784927 2.371967861694949 0.8
      vertex 4.592117853462696 2.443716073674815 0.8
    endloop
  endfacet
  facet normal 0 0 1
    outer loop
      vertex 4.5300562530756 2.441533038658755 0.8
      vertex 4.555060714483261 2.4286357185670306 0.8
      vertex 4.592117853462696 2.443716073674815 0.8
    endloop
  endfacet
  facet normal 0 0 1
    outer loop
      vertex 4.502750001847744 2.467632146818297 0.8
      vertex 4.5300562530756 2.441533038658755 0.8
      vertex 4.592117853462696 2.443716073674815 0.8
    endloop
  endfacet
  facet normal 0 0 1
    outer loop
      vertex 4.569048210978508 2.40575089518513 0.8
      vertex 4.592117853462696 2.443716073674815 0.8
      vertex 4.555060714483261 2.4286357185670306 0.8
    endloop
  endfacet
  facet normal 0 0 1
    outer loop
      vertex 4.6560714319348335 2.454796428126948 0.8
      vertex 4.6977285742759705 2.4484964332410266 0.8
      vertex 4.6560714319348335 2.467632146818297 0.8
    endloop
  endfacet
  facet normal 0 0 1
    outer loop
      vertex 4.6977285742759705 2.1622321403452327 0.8
      vertex 4.723157145082951 2.1622321403452327 0.8
      vertex 4.723157145082951 2.434935713452952 0.8
    endloop
  endfacet
  facet normal 0 0 1
    outer loop
      vertex 4.92344643175602 2.1428571439215114 0.8
      vertex 4.946939282119274 2.1428571439215114 0.8
      vertex 4.723157145082951 2.434935713452952 0.8
    endloop
  endfacet
  facet normal 0 0 1
    outer loop
      vertex 4.921507142484188 2.227139288825648 0.8
      vertex 4.723157145082951 2.434935713452952 0.8
      vertex 4.946939282119274 2.1428571439215114 0.8
    endloop
  endfacet
  facet normal 0 0 1
    outer loop
      vertex 4.921507142484188 2.227139288825648 0.8
      vertex 4.946939282119274 2.1428571439215114 0.8
      vertex 4.946939282119274 2.4484964332410266 0.8
    endloop
  endfacet
  facet normal 0 0 1
    outer loop
      vertex 4.6977285742759705 2.1622321403452327 0.8
      vertex 4.723157145082951 2.434935713452952 0.8
      vertex 4.6977285742759705 2.4484964332410266 0.8
    endloop
  endfacet
  facet normal 0 0 1
    outer loop
      vertex 4.921507142484188 2.227139288825648 0.8
      vertex 4.754399999976158 2.467632146818297 0.8
      vertex 4.723157145082951 2.434935713452952 0.8
    endloop
  endfacet
  facet normal 0 0 1
    outer loop
      vertex 4.6977285742759705 2.4484964332410266 0.8
      vertex 4.723157145082951 2.434935713452952 0.8
      vertex 4.754399999976158 2.467632146818297 0.8
    endloop
  endfacet
  facet normal 0 0 1
    outer loop
      vertex 4.6560714319348335 2.467632146818297 0.8
      vertex 4.6977285742759705 2.4484964332410266 0.8
      vertex 4.754399999976158 2.467632146818297 0.8
    endloop
  endfacet
  facet normal 0 0 1
    outer loop
      vertex 4.921507142484188 2.227139288825648 0.8
      vertex 4.946939282119274 2.4484964332410266 0.8
      vertex 4.921507142484188 2.4484964332410266 0.8
    endloop
  endfacet
  facet normal 0 0 1
    outer loop
      vertex 4.877914287149906 2.454796428126948 0.8
      vertex 4.921507142484188 2.4484964332410266 0.8
      vertex 4.877914287149906 2.467632146818297 0.8
    endloop
  endfacet
  facet normal 0 0 1
    outer loop
      vertex 4.877914287149906 2.467632146818297 0.8
      vertex 4.921507142484188 2.4484964332410266 0.8
      vertex 4.946939282119274 2.4484964332410266 0.8
    endloop
  endfacet
  facet normal 0 0 1
    outer loop
      vertex 4.946939282119274 2.4484964332410266 0.8
      vertex 4.988596431910992 2.454796428126948 0.8
      vertex 4.988596431910992 2.467632146818297 0.8
    endloop
  endfacet
  facet normal 0 0 1
    outer loop
      vertex 4.877914287149906 2.467632146818297 0.8
      vertex 4.946939282119274 2.4484964332410266 0.8
      vertex 4.988596431910992 2.467632146818297 0.8
    endloop
  endfacet
  facet normal -0.8350179710209973 -0.550222671354041 0
    outer loop
      vertex 0.7925999984145164 4.3060285693832805 0.8
      vertex 0.7174178510904312 4.420125002307551 0.6
      vertex 0.7925999984145164 4.3060285693832805 0.6
    endloop
  endfacet
  facet normal -0.5703637189059271 -0.8213922498756612 0
    outer loop
      vertex 0.9055928513407707 4.227567853672164 0.8
      vertex 0.7925999984145164 4.3060285693832805 0.6
      vertex 0.9055928513407707 4.227567853672164 0.6
    endloop
  endfacet
  facet normal -0.1856752677940696 -0.9826111616146036 0
    outer loop
      vertex 1.0439999997615814 4.201414289219039 0.8
      vertex 0.9055928513407707 4.227567853672164 0.6
      vertex 1.0439999997615814 4.201414289219039 0.6
    endloop
  endfacet
  facet normal 0.18568915585899184 -0.9826085372091854 0
    outer loop
      vertex 1.1823964267969131 4.227567853672164 0.8
      vertex 1.0439999997615814 4.201414289219039 0.6
      vertex 1.1823964267969131 4.227567853672164 0.6
    endloop
  endfacet
  facet normal -0.5703637189059271 -0.8213922498756612 0
    outer loop
      vertex 0.7925999984145164 4.3060285693832805 0.8
      vertex 0.7925999984145164 4.3060285693832805 0.6
      vertex 0.9055928513407707 4.227567853672164 0.8
    endloop
  endfacet
  facet normal 0.18568915585899184 -0.9826085372091854 0
    outer loop
      vertex 1.0439999997615814 4.201414289219039 0.8
      vertex 1.0439999997615814 4.201414289219039 0.6
      vertex 1.1823964267969131 4.227567853672164 0.8
    endloop
  endfacet
  facet normal -0.1856752677940696 -0.9826111616146036 0
    outer loop
      vertex 0.9055928513407707 4.227567853672164 0.8
      vertex 0.9055928513407707 4.227567853672164 0.6
      vertex 1.0439999997615814 4.201414289219039 0.8
    endloop
  endfacet
  facet normal 0.5704731991186325 -0.8213162174749462 0
    outer loop
      vertex 1.1823964267969131 4.227567853672164 0.8
      vertex 1.1823964267969131 4.227567853672164 0.6
      vertex 1.2953571379184723 4.3060285693832805 0.8
    endloop
  endfacet
  facet normal 0 0 1
    outer loop
      vertex 0.7925999984145164 4.3060285693832805 0.8
      vertex 0.9055928513407707 4.227567853672164 0.8
      vertex 1.3956428542733192 4.55309999947037 0.8
    endloop
  endfacet
  facet normal 0 0 1
    outer loop
      vertex 1.0439999997615814 4.201414289219039 0.8
      vertex 1.1823964267969131 4.227567853672164 0.8
      vertex 1.2953571379184723 4.3060285693832805 0.8
    endloop
  endfacet
  facet normal 0 0 1
    outer loop
      vertex 0.9055928513407707 4.227567853672164 0.8
      vertex 1.0439999997615814 4.201414289219039 0.8
      vertex 1.3956428542733192 4.55309999947037 0.8
    endloop
  endfacet
  facet normal 0 0 1
    outer loop
      vertex 1.0439999997615814 4.201414289219039 0.8
      vertex 1.2953571379184723 4.3060285693832805 0.8
      vertex 1.3705714270472527 4.420125002307551 0.8
    endloop
  endfacet
  facet normal -0.9827005557523536 -0.18520155972349508 0
    outer loop
      vertex 0.7174178510904312 4.420125002307551 0.8
      vertex 0.692357137799263 4.55309999947037 0.6
      vertex 0.7174178510904312 4.420125002307551 0.6
    endloop
  endfacet
  facet normal -0.9831097211531749 0.18301714721338805 0
    outer loop
      vertex 0.692357137799263 4.55309999947037 0.8
      vertex 0.7177821397781372 4.689674997968333 0.6
      vertex 0.692357137799263 4.55309999947037 0.6
    endloop
  endfacet
  facet normal -0.8295926431596916 0.5583690951470331 0
    outer loop
      vertex 0.7177821397781372 4.689674997968333 0.8
      vertex 0.7940571382641792 4.802999997777598 0.6
      vertex 0.7177821397781372 4.689674997968333 0.6
    endloop
  endfacet
  facet normal -0.5584220564143292 0.829556994371087 0
    outer loop
      vertex 0.7940571382641792 4.802999997777598 0.8
      vertex 0.9074142798781395 4.879307145518916 0.6
      vertex 0.7940571382641792 4.802999997777598 0.6
    endloop
  endfacet
  facet normal -0.18307774266798632 0.9830984386823094 0
    outer loop
      vertex 0.9074142798781395 4.879307145518916 0.8
      vertex 1.0439999997615814 4.904742853982108 0.6
      vertex 0.9074142798781395 4.879307145518916 0.6
    endloop
  endfacet
  facet normal 0.18309163283776808 0.9830958518805784 0
    outer loop
      vertex 1.0439999997615814 4.904742853982108 0.8
      vertex 1.1805749982595444 4.879307145518916 0.6
      vertex 1.0439999997615814 4.904742853982108 0.6
    endloop
  endfacet
  facet normal 0.5585310351929414 0.829483624145951 0
    outer loop
      vertex 1.1805749982595444 4.879307145518916 0.8
      vertex 1.2938999980688095 4.802999997777598 0.6
      vertex 1.1805749982595444 4.879307145518916 0.6
    endloop
  endfacet
  facet normal -0.8350179710209973 -0.550222671354041 0
    outer loop
      vertex 0.7925999984145164 4.3060285693832805 0.8
      vertex 0.7174178510904312 4.420125002307551 0.8
      vertex 0.7174178510904312 4.420125002307551 0.6
    endloop
  endfacet
  facet normal -0.9827005557523536 -0.18520155972349508 0
    outer loop
      vertex 0.7174178510904312 4.420125002307551 0.8
      vertex 0.692357137799263 4.55309999947037 0.8
      vertex 0.692357137799263 4.55309999947037 0.6
    endloop
  endfacet
  facet normal -0.9831097211531749 0.18301714721338805 0
    outer loop
      vertex 0.692357137799263 4.55309999947037 0.8
      vertex 0.7177821397781372 4.689674997968333 0.8
      vertex 0.7177821397781372 4.689674997968333 0.6
    endloop
  endfacet
  facet normal 0 0 1
    outer loop
      vertex 0.7174178510904312 4.420125002307551 0.8
      vertex 1.3956428542733192 4.55309999947037 0.8
      vertex 0.692357137799263 4.55309999947037 0.8
    endloop
  endfacet
  facet normal 0 0 1
    outer loop
      vertex 0.692357137799263 4.55309999947037 0.8
      vertex 0.7940571382641792 4.802999997777598 0.8
      vertex 0.7177821397781372 4.689674997968333 0.8
    endloop
  endfacet
  facet normal 0 0 1
    outer loop
      vertex 0.7925999984145164 4.3060285693832805 0.8
      vertex 1.3956428542733192 4.55309999947037 0.8
      vertex 0.7174178510904312 4.420125002307551 0.8
    endloop
  endfacet
  facet normal 0 0 1
    outer loop
      vertex 0.692357137799263 4.55309999947037 0.8
      vertex 1.3956428542733192 4.55309999947037 0.8
      vertex 1.3702071383595467 4.689674997968333 0.8
    endloop
  endfacet
  facet normal 0 0 1
    outer loop
      vertex 0.692357137799263 4.55309999947037 0.8
      vertex 1.3702071383595467 4.689674997968333 0.8
      vertex 1.2938999980688095 4.802999997777598 0.8
    endloop
  endfacet
  facet normal -0.8295926431596916 0.5583690951470331 0
    outer loop
      vertex 0.7177821397781372 4.689674997968333 0.8
      vertex 0.7940571382641792 4.802999997777598 0.8
      vertex 0.7940571382641792 4.802999997777598 0.6
    endloop
  endfacet
  facet normal -0.5584220564143292 0.829556994371087 0
    outer loop
      vertex 0.7940571382641792 4.802999997777598 0.8
      vertex 0.9074142798781395 4.879307145518916 0.8
      vertex 0.9074142798781395 4.879307145518916 0.6
    endloop
  endfacet
  facet normal -0.18307774266798632 0.9830984386823094 0
    outer loop
      vertex 0.9074142798781395 4.879307145518916 0.8
      vertex 1.0439999997615814 4.904742853982108 0.8
      vertex 1.0439999997615814 4.904742853982108 0.6
    endloop
  endfacet
  facet normal 0.18309163283776808 0.9830958518805784 0
    outer loop
      vertex 1.0439999997615814 4.904742853982108 0.8
      vertex 1.1805749982595444 4.879307145518916 0.8
      vertex 1.1805749982595444 4.879307145518916 0.6
    endloop
  endfacet
  facet normal 0 0 1
    outer loop
      vertex 0.692357137799263 4.55309999947037 0.8
      vertex 0.9074142798781395 4.879307145518916 0.8
      vertex 0.7940571382641792 4.802999997777598 0.8
    endloop
  endfacet
  facet normal 0 0 1
    outer loop
      vertex 0.692357137799263 4.55309999947037 0.8
      vertex 1.0439999997615814 4.904742853982108 0.8
      vertex 0.9074142798781395 4.879307145518916 0.8
    endloop
  endfacet
  facet normal 0 0 1
    outer loop
      vertex 0.692357137799263 4.55309999947037 0.8
      vertex 1.2938999980688095 4.802999997777598 0.8
      vertex 1.1805749982595444 4.879307145518916 0.8
    endloop
  endfacet
  facet normal 0 0 1
    outer loop
      vertex 0.692357137799263 4.55309999947037 0.8
      vertex 1.1805749982595444 4.879307145518916 0.8
      vertex 1.0439999997615814 4.904742853982108 0.8
    endloop
  endfacet
  facet normal 0.5704731991186325 -0.8213162174749462 0
    outer loop
      vertex 1.2953571379184723 4.3060285693832805 0.8
      vertex 1.1823964267969131 4.227567853672164 0.6
      vertex 1.2953571379184723 4.3060285693832805 0.6
    endloop
  endfacet
  facet normal 0.8349098931408829 -0.5503866553028692 0
    outer loop
      vertex 1.2953571379184723 4.3060285693832805 0.8
      vertex 1.2953571379184723 4.3060285693832805 0.6
      vertex 1.3705714270472527 4.420125002307551 0.8
    endloop
  endfacet
  facet normal 0.8349098931408829 -0.5503866553028692 0
    outer loop
      vertex 1.3705714270472527 4.420125002307551 0.8
      vertex 1.2953571379184723 4.3060285693832805 0.6
      vertex 1.3705714270472527 4.420125002307551 0.6
    endloop
  endfacet
  facet normal 0.9826861429202741 -0.18527801950710296 0
    outer loop
      vertex 1.3956428542733192 4.55309999947037 0.8
      vertex 1.3705714270472527 4.420125002307551 0.6
      vertex 1.3956428542733192 4.55309999947037 0.6
    endloop
  endfacet
  facet normal 0.9830958422272029 0.18309168467078618 0
    outer loop
      vertex 1.3702071383595467 4.689674997968333 0.8
      vertex 1.3956428542733192 4.55309999947037 0.6
      vertex 1.3702071383595467 4.689674997968333 0.6
    endloop
  endfacet
  facet normal 0.8294836494114181 0.5585309976707791 0
    outer loop
      vertex 1.2938999980688095 4.802999997777598 0.8
      vertex 1.3702071383595467 4.689674997968333 0.6
      vertex 1.2938999980688095 4.802999997777598 0.6
    endloop
  endfacet
  facet normal 0.9826861429202741 -0.18527801950710296 0
    outer loop
      vertex 1.3705714270472527 4.420125002307551 0.8
      vertex 1.3705714270472527 4.420125002307551 0.6
      vertex 1.3956428542733192 4.55309999947037 0.8
    endloop
  endfacet
  facet normal 0.9830958422272029 0.18309168467078618 0
    outer loop
      vertex 1.3956428542733192 4.55309999947037 0.8
      vertex 1.3956428542733192 4.55309999947037 0.6
      vertex 1.3702071383595467 4.689674997968333 0.8
    endloop
  endfacet
  facet normal 0 0 1
    outer loop
      vertex 1.0439999997615814 4.201414289219039 0.8
      vertex 1.3705714270472527 4.420125002307551 0.8
      vertex 1.3956428542733192 4.55309999947037 0.8
    endloop
  endfacet
  facet normal 0.8294836494114181 0.5585309976707791 0
    outer loop
      vertex 1.3702071383595467 4.689674997968333 0.8
      vertex 1.3702071383595467 4.689674997968333 0.6
      vertex 1.2938999980688095 4.802999997777598 0.8
    endloop
  endfacet
  facet normal 0.5585310351929414 0.829483624145951 0
    outer loop
      vertex 1.1805749982595444 4.879307145518916 0.8
      vertex 1.2938999980688095 4.802999997777598 0.8
      vertex 1.2938999980688095 4.802999997777598 0.6
    endloop
  endfacet
  facet normal -1 0 0
    outer loop
      vertex 3.3760239258408546 3.571428569299834 0.8
      vertex 3.3760239258408546 3.5945328569837978 0.6
      vertex 3.3760239258408546 3.571428569299834 0.6
    endloop
  endfacet
  facet normal -0.15507955083735936 0.9879019854783585 0
    outer loop
      vertex 3.3760239258408546 3.5945328569837978 0.8
      vertex 3.4510067850351334 3.6063035673328807 0.6
      vertex 3.3760239258408546 3.5945328569837978 0.6
    endloop
  endfacet
  facet normal 0 -1 0
    outer loop
      vertex 3.5752453580498695 3.571428569299834 0.8
      vertex 3.3760239258408546 3.571428569299834 0.6
      vertex 3.5752453580498695 3.571428569299834 0.6
    endloop
  endfacet
  facet normal 1 0 0
    outer loop
      vertex 3.5752453580498695 3.5945328569837978 0.8
      vertex 3.5752453580498695 3.571428569299834 0.6
      vertex 3.5752453580498695 3.5945328569837978 0.6
    endloop
  endfacet
  facet normal 0 -1 0
    outer loop
      vertex 3.7260789275169373 3.571428569299834 0.8
      vertex 3.710823930799961 3.571428569299834 0.6
      vertex 3.7260789275169373 3.571428569299834 0.6
    endloop
  endfacet
  facet normal 0.14834832315856955 0.9889351723020274 0
    outer loop
      vertex 3.4967782124876976 3.6063035673328807 0.8
      vertex 3.5752453580498695 3.5945328569837978 0.6
      vertex 3.4967782124876976 3.6063035673328807 0.6
    endloop
  endfacet
  facet normal -0.9200506844601039 -0.39179935939775895 0
    outer loop
      vertex 3.710823930799961 3.571428569299834 0.8
      vertex 3.4967782124876976 4.074065709752696 0.6
      vertex 3.710823930799961 3.571428569299834 0.6
    endloop
  endfacet
  facet normal -1 0 0
    outer loop
      vertex 3.3760239258408546 3.571428569299834 0.8
      vertex 3.3760239258408546 3.5945328569837978 0.8
      vertex 3.3760239258408546 3.5945328569837978 0.6
    endloop
  endfacet
  facet normal -0.15507955083735936 0.9879019854783585 0
    outer loop
      vertex 3.3760239258408546 3.5945328569837978 0.8
      vertex 3.4510067850351334 3.6063035673328807 0.8
      vertex 3.4510067850351334 3.6063035673328807 0.6
    endloop
  endfacet
  facet normal 0 -1 0
    outer loop
      vertex 3.3760239258408546 3.571428569299834 0.8
      vertex 3.3760239258408546 3.571428569299834 0.6
      vertex 3.5752453580498695 3.571428569299834 0.8
    endloop
  endfacet
  facet normal 1 0 0
    outer loop
      vertex 3.5752453580498695 3.571428569299834 0.8
      vertex 3.5752453580498695 3.571428569299834 0.6
      vertex 3.5752453580498695 3.5945328569837978 0.8
    endloop
  endfacet
  facet normal 0 -1 0
    outer loop
      vertex 3.710823930799961 3.571428569299834 0.8
      vertex 3.710823930799961 3.571428569299834 0.6
      vertex 3.7260789275169373 3.571428569299834 0.8
    endloop
  endfacet
  facet normal 0.14834832315856955 0.9889351723020274 0
    outer loop
      vertex 3.4967782124876976 3.6063035673328807 0.8
      vertex 3.5752453580498695 3.5945328569837978 0.8
      vertex 3.5752453580498695 3.5945328569837978 0.6
    endloop
  endfacet
  facet normal 0 0 1
    outer loop
      vertex 3.3760239258408546 3.571428569299834 0.8
      vertex 3.4510067850351334 3.6063035673328807 0.8
      vertex 3.3760239258408546 3.5945328569837978 0.8
    endloop
  endfacet
  facet normal 0 0 1
    outer loop
      vertex 3.3760239258408546 3.571428569299834 0.8
      vertex 3.5752453580498695 3.571428569299834 0.8
      vertex 3.4510067850351334 3.6063035673328807 0.8
    endloop
  endfacet
  facet normal 0 0 1
    outer loop
      vertex 3.5752453580498695 3.571428569299834 0.8
      vertex 3.5752453580498695 3.5945328569837978 0.8
      vertex 3.4967782124876976 3.6063035673328807 0.8
    endloop
  endfacet
  facet normal 0 0 1
    outer loop
      vertex 3.5752453580498695 3.571428569299834 0.8
      vertex 3.4967782124876976 3.6063035673328807 0.8
      vertex 3.4510067850351334 3.6063035673328807 0.8
    endloop
  endfacet
  facet normal 0 0 1
    outer loop
      vertex 3.4967782124876976 4.074065709752696 0.8
      vertex 3.710823930799961 3.571428569299834 0.8
      vertex 3.7260789275169373 3.571428569299834 0.8
    endloop
  endfacet
  facet normal -0.9897944736704719 0.1425022803024347 0
    outer loop
      vertex 4.055407144129276 3.015775004667895 0.8
      vertex 4.066002681851387 3.089369649333613 0.6
      vertex 4.055407144129276 3.015775004667895 0.6
    endloop
  endfacet
  facet normal -0.5211470369572987 -0.85346690965182 0
    outer loop
      vertex 4.152283035218716 2.863046432180064 0.8
      vertex 4.099485717713833 2.8952857202717235 0.6
      vertex 4.152283035218716 2.863046432180064 0.6
    endloop
  endfacet
  facet normal -0.15124691852773992 -0.9884960139706499 0
    outer loop
      vertex 4.222517855465412 2.8523000052997043 0.8
      vertex 4.152283035218716 2.863046432180064 0.6
      vertex 4.222517855465412 2.8523000052997043 0.6
    endloop
  endfacet
  facet normal 0.18210541341073982 0.9832790135086295 0
    outer loop
      vertex 4.172658033668995 2.8802705353924205 0.8
      vertex 4.223003573715687 2.870946431798594 0.6
      vertex 4.172658033668995 2.8802705353924205 0.6
    endloop
  endfacet
  facet normal -0.8420929903036128 -0.5393323610553324 0
    outer loop
      vertex 4.099485717713833 2.8952857202717235 0.8
      vertex 4.066426783800125 2.9469026795455386 0.6
      vertex 4.099485717713833 2.8952857202717235 0.6
    endloop
  endfacet
  facet normal 0.8975054461585004 0.4410033720005223 0
    outer loop
      vertex 4.113502681255341 2.9538973218628337 0.8
      vertex 4.135935716331005 2.9082428610750606 0.6
      vertex 4.113502681255341 2.9538973218628337 0.6
    endloop
  endfacet
  facet normal 0.6059529868524645 0.7955004574006084 0
    outer loop
      vertex 4.135935716331005 2.9082428610750606 0.8
      vertex 4.172658033668995 2.8802705353924205 0.6
      vertex 4.135935716331005 2.9082428610750606 0.6
    endloop
  endfacet
  facet normal -0.06196651191435408 0.9980782290988858 0
    outer loop
      vertex 4.223003573715687 2.870946431798594 0.8
      vertex 4.249824106693268 2.8726116067596843 0.6
      vertex 4.223003573715687 2.870946431798594 0.6
    endloop
  endfacet
  facet normal 0.06421703119890447 -0.9979359563138303 0
    outer loop
      vertex 4.281791962683201 2.856114285332816 0.8
      vertex 4.222517855465412 2.8523000052997043 0.6
      vertex 4.281791962683201 2.856114285332816 0.6
    endloop
  endfacet
  facet normal -0.19410108381669303 0.9809815335984593 0
    outer loop
      vertex 4.249824106693268 2.8726116067596843 0.8
      vertex 4.275071427226067 2.8776071465441158 0.6
      vertex 4.249824106693268 2.8726116067596843 0.6
    endloop
  endfacet
  facet normal -0.3345264694412143 0.9423863545506144 0
    outer loop
      vertex 4.275071427226067 2.8776071465441158 0.8
      vertex 4.296989284455776 2.8853875047394206 0.6
      vertex 4.275071427226067 2.8776071465441158 0.6
    endloop
  endfacet
  facet normal 0.20270297479045443 -0.979240268785501 0
    outer loop
      vertex 4.337071426212788 2.8675571477838924 0.8
      vertex 4.281791962683201 2.856114285332816 0.6
      vertex 4.337071426212788 2.8675571477838924 0.6
    endloop
  endfacet
  facet normal -0.5115028903188769 0.8592815564152619 0
    outer loop
      vertex 4.296989284455776 2.8853875047394206 0.8
      vertex 4.31382142752409 2.8954071423837116 0.6
      vertex 4.296989284455776 2.8853875047394206 0.6
    endloop
  endfacet
  facet normal -0.9833165954256128 0.18190237260844516 0
    outer loop
      vertex 4.31382142752409 2.8954071423837116 0.8
      vertex 4.322782143950462 2.9438464290329387 0.6
      vertex 4.31382142752409 2.8954071423837116 0.6
    endloop
  endfacet
  facet normal 0.9998185331741418 -0.019049953320350366 0
    outer loop
      vertex 4.3385249972343445 2.9438464290329387 0.8
      vertex 4.337071426212788 2.8675571477838924 0.6
      vertex 4.3385249972343445 2.9438464290329387 0.6
    endloop
  endfacet
  facet normal 0 1 0
    outer loop
      vertex 4.322782143950462 2.9438464290329387 0.8
      vertex 4.3385249972343445 2.9438464290329387 0.6
      vertex 4.322782143950462 2.9438464290329387 0.6
    endloop
  endfacet
  facet normal -0.9874404806005082 -0.15799144683000235 0
    outer loop
      vertex 4.066426783800125 2.9469026795455386 0.8
      vertex 4.055407144129276 3.015775004667895 0.6
      vertex 4.066426783800125 2.9469026795455386 0.6
    endloop
  endfacet
  facet normal 0.9928880005667009 0.11905216642572614 0
    outer loop
      vertex 4.106025002896786 3.016260715467589 0.8
      vertex 4.113502681255341 2.9538973218628337 0.6
      vertex 4.106025002896786 3.016260715467589 0.6
    endloop
  endfacet
  facet normal 0.9943156044260957 -0.10647290169225128 0
    outer loop
      vertex 4.113169640302658 3.082982147378581 0.8
      vertex 4.106025002896786 3.016260715467589 0.6
      vertex 4.113169640302658 3.082982147378581 0.6
    endloop
  endfacet
  facet normal -0.8584031485800978 0.5129756665844633 0
    outer loop
      vertex 4.066002681851387 3.089369649333613 0.8
      vertex 4.097789287567139 3.142560715121882 0.6
      vertex 4.066002681851387 3.089369649333613 0.6
    endloop
  endfacet
  facet normal 0.9085786425171358 -0.4177138378863199 0
    outer loop
      vertex 4.134603574872017 3.129603574318545 0.8
      vertex 4.113169640302658 3.082982147378581 0.6
      vertex 4.134603574872017 3.129603574318545 0.6
    endloop
  endfacet
  facet normal 0 -1 0
    outer loop
      vertex 4.333682142198086 3.1022357142397334 0.8
      vertex 4.317696429789066 3.1022357142397334 0.6
      vertex 4.333682142198086 3.1022357142397334 0.6
    endloop
  endfacet
  facet normal -0.9854668656459246 -0.16986776243300883 0
    outer loop
      vertex 4.317696429789066 3.1022357142397334 0.8
      vertex 4.310432143509388 3.144378574831145 0.6
      vertex 4.317696429789066 3.1022357142397334 0.6
    endloop
  endfacet
  facet normal -1 0 0
    outer loop
      vertex 4.383353568613529 2.857142860335963 0.8
      vertex 4.383353568613529 2.8699785715767314 0.6
      vertex 4.383353568613529 2.857142860335963 0.6
    endloop
  endfacet
  facet normal -0.16742304651798082 0.9858851472127156 0
    outer loop
      vertex 4.383353568613529 2.8699785715767314 0.8
      vertex 4.421860717236996 2.8765178567596843 0.6
      vertex 4.383353568613529 2.8699785715767314 0.6
    endloop
  endfacet
  facet normal 0 -1 0
    outer loop
      vertex 4.52018928527832 2.857142860335963 0.8
      vertex 4.383353568613529 2.857142860335963 0.6
      vertex 4.52018928527832 2.857142860335963 0.6
    endloop
  endfacet
  facet normal 0.1257590216430823 0.9920608189397335 0
    outer loop
      vertex 4.468603573739529 2.8765178567596843 0.8
      vertex 4.52018928527832 2.8699785715767314 0.6
      vertex 4.468603573739529 2.8765178567596843 0.6
    endloop
  endfacet
  facet normal 1 0 0
    outer loop
      vertex 4.52018928527832 2.8699785715767314 0.8
      vertex 4.52018928527832 2.857142860335963 0.6
      vertex 4.52018928527832 2.8699785715767314 0.6
    endloop
  endfacet
  facet normal 1 0 0
    outer loop
      vertex 4.468603573739529 2.9845321497746875 0.8
      vertex 4.468603573739529 2.8765178567596843 0.6
      vertex 4.468603573739529 2.9845321497746875 0.6
    endloop
  endfacet
  facet normal -1 0 0
    outer loop
      vertex 4.6560714319348335 2.857142860335963 0.8
      vertex 4.6560714319348335 2.8699785715767314 0.6
      vertex 4.6560714319348335 2.857142860335963 0.6
    endloop
  endfacet
  facet normal -0.15507959517321107 0.987901978518574 0
    outer loop
      vertex 4.6560714319348335 2.8699785715767314 0.8
      vertex 4.6977285742759705 2.8765178567596843 0.6
      vertex 4.6560714319348335 2.8699785715767314 0.6
    endloop
  endfacet
  facet normal -1 0 0
    outer loop
      vertex 4.421860717236996 2.8765178567596843 0.8
      vertex 4.421860717236996 3.162782149655478 0.6
      vertex 4.421860717236996 2.8765178567596843 0.6
    endloop
  endfacet
  facet normal 0 1 0
    outer loop
      vertex 4.468603573739529 3.0063321462699344 0.8
      vertex 4.4937892854213715 3.0063321462699344 0.6
      vertex 4.468603573739529 3.0063321462699344 0.6
    endloop
  endfacet
  facet normal 0 -1 0
    outer loop
      vertex 4.505171425640583 2.9845321497746875 0.8
      vertex 4.468603573739529 2.9845321497746875 0.6
      vertex 4.505171425640583 2.9845321497746875 0.6
    endloop
  endfacet
  facet normal -0.12994130208824897 0.9915216881196349 0
    outer loop
      vertex 4.4937892854213715 3.0063321462699344 0.8
      vertex 4.529359824955463 3.0109937510320117 0.6
      vertex 4.4937892854213715 3.0063321462699344 0.6
    endloop
  endfacet
  facet normal 1 0 0
    outer loop
      vertex 4.468603573739529 3.1601178592869212 0.8
      vertex 4.468603573739529 3.0063321462699344 0.6
      vertex 4.468603573739529 3.1601178592869212 0.6
    endloop
  endfacet
  facet normal 0.12884797281095176 -0.9916643584915756 0
    outer loop
      vertex 4.5550330355763435 2.991010720176356 0.8
      vertex 4.505171425640583 2.9845321497746875 0.6
      vertex 4.5550330355763435 2.991010720176356 0.6
    endloop
  endfacet
  facet normal 0.46780174768617033 -0.8838334259699417 0
    outer loop
      vertex 4.591753572225571 3.0104464313813617 0.8
      vertex 4.5550330355763435 2.991010720176356 0.6
      vertex 4.591753572225571 3.0104464313813617 0.6
    endloop
  endfacet
  facet normal -0.49037280648325493 0.871512771370412 0
    outer loop
      vertex 4.529359824955463 3.0109937510320117 0.8
      vertex 4.554214283823967 3.0249785727688243 0.6
      vertex 4.529359824955463 3.0109937510320117 0.6
    endloop
  endfacet
  facet normal -0.858896999528349 0.5121483615137309 0
    outer loop
      vertex 4.554214283823967 3.0249785727688243 0.8
      vertex 4.568836607038975 3.049500899655478 0.6
      vertex 4.554214283823967 3.0249785727688243 0.6
    endloop
  endfacet
  facet normal 0.8158674146581435 -0.578239017793712 0
    outer loop
      vertex 4.614368751645088 3.0423553607293536 0.8
      vertex 4.591753572225571 3.0104464313813617 0.6
      vertex 4.614368751645088 3.0423553607293536 0.6
    endloop
  endfacet
  facet normal -0.9910894742100482 0.13319780069524445 0
    outer loop
      vertex 4.568836607038975 3.049500899655478 0.8
      vertex 4.5737107172608376 3.085767859859126 0.6
      vertex 4.568836607038975 3.049500899655478 0.6
    endloop
  endfacet
  facet normal -0.990870788561469 -0.1348149857232958 0
    outer loop
      vertex 4.5737107172608376 3.085767859859126 0.8
      vertex 4.569048210978508 3.1200366115995815 0.6
      vertex 4.5737107172608376 3.085767859859126 0.6
    endloop
  endfacet
  facet normal 0.9855736662961341 -0.16924700382457744 0
    outer loop
      vertex 4.621907144784927 3.0862535781094005 0.8
      vertex 4.614368751645088 3.0423553607293536 0.6
      vertex 4.621907144784927 3.0862535781094005 0.6
    endloop
  endfacet
  facet normal 0 -1 0
    outer loop
      vertex 4.7667500004172325 2.857142860335963 0.8
      vertex 4.6560714319348335 2.857142860335963 0.6
      vertex 4.7667500004172325 2.857142860335963 0.6
    endloop
  endfacet
  facet normal 0.14834837091309588 0.9889351651384587 0
    outer loop
      vertex 4.723157145082951 2.8765178567596843 0.8
      vertex 4.7667500004172325 2.8699785715767314 0.6
      vertex 4.723157145082951 2.8765178567596843 0.6
    endloop
  endfacet
  facet normal 1 0 0
    outer loop
      vertex 4.7667500004172325 2.8699785715767314 0.8
      vertex 4.7667500004172325 2.857142860335963 0.6
      vertex 4.7667500004172325 2.8699785715767314 0.6
    endloop
  endfacet
  facet normal 0 -1 0
    outer loop
      vertex 4.946939282119274 2.857142860335963 0.8
      vertex 4.92344643175602 2.857142860335963 0.6
      vertex 4.946939282119274 2.857142860335963 0.6
    endloop
  endfacet
  facet normal -0.824719845064736 -0.5655414902165867 0
    outer loop
      vertex 4.92344643175602 2.857142860335963 0.8
      vertex 4.723157145082951 3.1492214298674037 0.6
      vertex 4.92344643175602 2.857142860335963 0.6
    endloop
  endfacet
  facet normal 1 0 0
    outer loop
      vertex 4.723157145082951 3.1492214298674037 0.8
      vertex 4.723157145082951 2.8765178567596843 0.6
      vertex 4.723157145082951 3.1492214298674037 0.6
    endloop
  endfacet
  facet normal -1 0 0
    outer loop
      vertex 4.6977285742759705 3.162782149655478 0.8
      vertex 4.6977285742759705 3.162782149655478 0.6
      vertex 4.6977285742759705 2.8765178567596843 0.6
    endloop
  endfacet
  facet normal 0.8212128117190912 0.5706220446744275 0
    outer loop
      vertex 4.754399999976158 3.1819178632327487 0.8
      vertex 4.921507142484188 2.9414250052400996 0.6
      vertex 4.754399999976158 3.1819178632327487 0.6
    endloop
  endfacet
  facet normal -1 0 0
    outer loop
      vertex 4.921507142484188 2.9414250052400996 0.8
      vertex 4.921507142484188 3.162782149655478 0.6
      vertex 4.921507142484188 2.9414250052400996 0.6
    endloop
  endfacet
  facet normal 1 0 0
    outer loop
      vertex 4.946939282119274 3.162782149655478 0.8
      vertex 4.946939282119274 2.857142860335963 0.6
      vertex 4.946939282119274 3.162782149655478 0.6
    endloop
  endfacet
  facet normal -0.9874404806005082 -0.15799144683000235 0
    outer loop
      vertex 4.066426783800125 2.9469026795455386 0.8
      vertex 4.055407144129276 3.015775004667895 0.8
      vertex 4.055407144129276 3.015775004667895 0.6
    endloop
  endfacet
  facet normal -0.9897944736704719 0.1425022803024347 0
    outer loop
      vertex 4.055407144129276 3.015775004667895 0.8
      vertex 4.066002681851387 3.089369649333613 0.8
      vertex 4.066002681851387 3.089369649333613 0.6
    endloop
  endfacet
  facet normal -0.5211470369572987 -0.85346690965182 0
    outer loop
      vertex 4.099485717713833 2.8952857202717235 0.8
      vertex 4.099485717713833 2.8952857202717235 0.6
      vertex 4.152283035218716 2.863046432180064 0.8
    endloop
  endfacet
  facet normal -0.15124691852773992 -0.9884960139706499 0
    outer loop
      vertex 4.152283035218716 2.863046432180064 0.8
      vertex 4.152283035218716 2.863046432180064 0.6
      vertex 4.222517855465412 2.8523000052997043 0.8
    endloop
  endfacet
  facet normal 0.6059529868524645 0.7955004574006084 0
    outer loop
      vertex 4.135935716331005 2.9082428610750606 0.8
      vertex 4.172658033668995 2.8802705353924205 0.8
      vertex 4.172658033668995 2.8802705353924205 0.6
    endloop
  endfacet
  facet normal 0.18210541341073982 0.9832790135086295 0
    outer loop
      vertex 4.172658033668995 2.8802705353924205 0.8
      vertex 4.223003573715687 2.870946431798594 0.8
      vertex 4.223003573715687 2.870946431798594 0.6
    endloop
  endfacet
  facet normal 0.8975054461585004 0.4410033720005223 0
    outer loop
      vertex 4.135935716331005 2.9082428610750606 0.8
      vertex 4.135935716331005 2.9082428610750606 0.6
      vertex 4.113502681255341 2.9538973218628337 0.8
    endloop
  endfacet
  facet normal -0.8420929903036128 -0.5393323610553324 0
    outer loop
      vertex 4.099485717713833 2.8952857202717235 0.8
      vertex 4.066426783800125 2.9469026795455386 0.8
      vertex 4.066426783800125 2.9469026795455386 0.6
    endloop
  endfacet
  facet normal 0.06421703119890447 -0.9979359563138303 0
    outer loop
      vertex 4.222517855465412 2.8523000052997043 0.8
      vertex 4.222517855465412 2.8523000052997043 0.6
      vertex 4.281791962683201 2.856114285332816 0.8
    endloop
  endfacet
  facet normal -0.06196651191435408 0.9980782290988858 0
    outer loop
      vertex 4.223003573715687 2.870946431798594 0.8
      vertex 4.249824106693268 2.8726116067596843 0.8
      vertex 4.249824106693268 2.8726116067596843 0.6
    endloop
  endfacet
  facet normal -0.19410108381669303 0.9809815335984593 0
    outer loop
      vertex 4.249824106693268 2.8726116067596843 0.8
      vertex 4.275071427226067 2.8776071465441158 0.8
      vertex 4.275071427226067 2.8776071465441158 0.6
    endloop
  endfacet
  facet normal -0.3345264694412143 0.9423863545506144 0
    outer loop
      vertex 4.275071427226067 2.8776071465441158 0.8
      vertex 4.296989284455776 2.8853875047394206 0.8
      vertex 4.296989284455776 2.8853875047394206 0.6
    endloop
  endfacet
  facet normal 0.20270297479045443 -0.979240268785501 0
    outer loop
      vertex 4.281791962683201 2.856114285332816 0.8
      vertex 4.281791962683201 2.856114285332816 0.6
      vertex 4.337071426212788 2.8675571477838924 0.8
    endloop
  endfacet
  facet normal -0.5115028903188769 0.8592815564152619 0
    outer loop
      vertex 4.296989284455776 2.8853875047394206 0.8
      vertex 4.31382142752409 2.8954071423837116 0.8
      vertex 4.31382142752409 2.8954071423837116 0.6
    endloop
  endfacet
  facet normal -0.9833165954256128 0.18190237260844516 0
    outer loop
      vertex 4.31382142752409 2.8954071423837116 0.8
      vertex 4.322782143950462 2.9438464290329387 0.8
      vertex 4.322782143950462 2.9438464290329387 0.6
    endloop
  endfacet
  facet normal 0.9998185331741418 -0.019049953320350366 0
    outer loop
      vertex 4.337071426212788 2.8675571477838924 0.8
      vertex 4.337071426212788 2.8675571477838924 0.6
      vertex 4.3385249972343445 2.9438464290329387 0.8
    endloop
  endfacet
  facet normal 0 1 0
    outer loop
      vertex 4.322782143950462 2.9438464290329387 0.8
      vertex 4.3385249972343445 2.9438464290329387 0.8
      vertex 4.3385249972343445 2.9438464290329387 0.6
    endloop
  endfacet
  facet normal 0.9928880005667009 0.11905216642572614 0
    outer loop
      vertex 4.106025002896786 3.016260715467589 0.8
      vertex 4.113502681255341 2.9538973218628337 0.8
      vertex 4.113502681255341 2.9538973218628337 0.6
    endloop
  endfacet
  facet normal 0.9943156044260957 -0.10647290169225128 0
    outer loop
      vertex 4.106025002896786 3.016260715467589 0.8
      vertex 4.106025002896786 3.016260715467589 0.6
      vertex 4.113169640302658 3.082982147378581 0.8
    endloop
  endfacet
  facet normal -0.8584031485800978 0.5129756665844633 0
    outer loop
      vertex 4.066002681851387 3.089369649333613 0.8
      vertex 4.097789287567139 3.142560715121882 0.8
      vertex 4.097789287567139 3.142560715121882 0.6
    endloop
  endfacet
  facet normal 0.9085786425171358 -0.4177138378863199 0
    outer loop
      vertex 4.113169640302658 3.082982147378581 0.8
      vertex 4.113169640302658 3.082982147378581 0.6
      vertex 4.134603574872017 3.129603574318545 0.8
    endloop
  endfacet
  facet normal 0 -1 0
    outer loop
      vertex 4.317696429789066 3.1022357142397334 0.8
      vertex 4.317696429789066 3.1022357142397334 0.6
      vertex 4.333682142198086 3.1022357142397334 0.8
    endloop
  endfacet
  facet normal 0 0 1
    outer loop
      vertex 4.099485717713833 2.8952857202717235 0.8
      vertex 4.152283035218716 2.863046432180064 0.8
      vertex 4.135935716331005 2.9082428610750606 0.8
    endloop
  endfacet
  facet normal 0 0 1
    outer loop
      vertex 4.152283035218716 2.863046432180064 0.8
      vertex 4.172658033668995 2.8802705353924205 0.8
      vertex 4.135935716331005 2.9082428610750606 0.8
    endloop
  endfacet
  facet normal 0 0 1
    outer loop
      vertex 4.152283035218716 2.863046432180064 0.8
      vertex 4.222517855465412 2.8523000052997043 0.8
      vertex 4.172658033668995 2.8802705353924205 0.8
    endloop
  endfacet
  facet normal 0 0 1
    outer loop
      vertex 4.172658033668995 2.8802705353924205 0.8
      vertex 4.222517855465412 2.8523000052997043 0.8
      vertex 4.223003573715687 2.870946431798594 0.8
    endloop
  endfacet
  facet normal 0 0 1
    outer loop
      vertex 4.099485717713833 2.8952857202717235 0.8
      vertex 4.135935716331005 2.9082428610750606 0.8
      vertex 4.113502681255341 2.9538973218628337 0.8
    endloop
  endfacet
  facet normal 0 0 1
    outer loop
      vertex 4.099485717713833 2.8952857202717235 0.8
      vertex 4.113502681255341 2.9538973218628337 0.8
      vertex 4.066426783800125 2.9469026795455386 0.8
    endloop
  endfacet
  facet normal 0 0 1
    outer loop
      vertex 4.222517855465412 2.8523000052997043 0.8
      vertex 4.249824106693268 2.8726116067596843 0.8
      vertex 4.223003573715687 2.870946431798594 0.8
    endloop
  endfacet
  facet normal 0 0 1
    outer loop
      vertex 4.222517855465412 2.8523000052997043 0.8
      vertex 4.281791962683201 2.856114285332816 0.8
      vertex 4.249824106693268 2.8726116067596843 0.8
    endloop
  endfacet
  facet normal 0 0 1
    outer loop
      vertex 4.281791962683201 2.856114285332816 0.8
      vertex 4.275071427226067 2.8776071465441158 0.8
      vertex 4.249824106693268 2.8726116067596843 0.8
    endloop
  endfacet
  facet normal 0 0 1
    outer loop
      vertex 4.281791962683201 2.856114285332816 0.8
      vertex 4.296989284455776 2.8853875047394206 0.8
      vertex 4.275071427226067 2.8776071465441158 0.8
    endloop
  endfacet
  facet normal 0 0 1
    outer loop
      vertex 4.281791962683201 2.856114285332816 0.8
      vertex 4.337071426212788 2.8675571477838924 0.8
      vertex 4.296989284455776 2.8853875047394206 0.8
    endloop
  endfacet
  facet normal 0 0 1
    outer loop
      vertex 4.337071426212788 2.8675571477838924 0.8
      vertex 4.31382142752409 2.8954071423837116 0.8
      vertex 4.296989284455776 2.8853875047394206 0.8
    endloop
  endfacet
  facet normal 0 0 1
    outer loop
      vertex 4.337071426212788 2.8675571477838924 0.8
      vertex 4.3385249972343445 2.9438464290329387 0.8
      vertex 4.31382142752409 2.8954071423837116 0.8
    endloop
  endfacet
  facet normal 0 0 1
    outer loop
      vertex 4.31382142752409 2.8954071423837116 0.8
      vertex 4.3385249972343445 2.9438464290329387 0.8
      vertex 4.322782143950462 2.9438464290329387 0.8
    endloop
  endfacet
  facet normal 0 0 1
    outer loop
      vertex 4.066426783800125 2.9469026795455386 0.8
      vertex 4.113502681255341 2.9538973218628337 0.8
      vertex 4.106025002896786 3.016260715467589 0.8
    endloop
  endfacet
  facet normal 0 0 1
    outer loop
      vertex 4.066426783800125 2.9469026795455386 0.8
      vertex 4.106025002896786 3.016260715467589 0.8
      vertex 4.055407144129276 3.015775004667895 0.8
    endloop
  endfacet
  facet normal 0 0 1
    outer loop
      vertex 4.055407144129276 3.015775004667895 0.8
      vertex 4.106025002896786 3.016260715467589 0.8
      vertex 4.066002681851387 3.089369649333613 0.8
    endloop
  endfacet
  facet normal 0 0 1
    outer loop
      vertex 4.106025002896786 3.016260715467589 0.8
      vertex 4.113169640302658 3.082982147378581 0.8
      vertex 4.066002681851387 3.089369649333613 0.8
    endloop
  endfacet
  facet normal 0 0 1
    outer loop
      vertex 4.066002681851387 3.089369649333613 0.8
      vertex 4.113169640302658 3.082982147378581 0.8
      vertex 4.097789287567139 3.142560715121882 0.8
    endloop
  endfacet
  facet normal 0 0 1
    outer loop
      vertex 4.097789287567139 3.142560715121882 0.8
      vertex 4.113169640302658 3.082982147378581 0.8
      vertex 4.134603574872017 3.129603574318545 0.8
    endloop
  endfacet
  facet normal 0 0 1
    outer loop
      vertex 4.317696429789066 3.1022357142397334 0.8
      vertex 4.333682142198086 3.1022357142397334 0.8
      vertex 4.310432143509388 3.144378574831145 0.8
    endloop
  endfacet
  facet normal -1 0 0
    outer loop
      vertex 4.383353568613529 2.857142860335963 0.8
      vertex 4.383353568613529 2.8699785715767314 0.8
      vertex 4.383353568613529 2.8699785715767314 0.6
    endloop
  endfacet
  facet normal -0.16742304651798082 0.9858851472127156 0
    outer loop
      vertex 4.383353568613529 2.8699785715767314 0.8
      vertex 4.421860717236996 2.8765178567596843 0.8
      vertex 4.421860717236996 2.8765178567596843 0.6
    endloop
  endfacet
  facet normal 0 -1 0
    outer loop
      vertex 4.383353568613529 2.857142860335963 0.8
      vertex 4.383353568613529 2.857142860335963 0.6
      vertex 4.52018928527832 2.857142860335963 0.8
    endloop
  endfacet
  facet normal 1 0 0
    outer loop
      vertex 4.52018928527832 2.857142860335963 0.8
      vertex 4.52018928527832 2.857142860335963 0.6
      vertex 4.52018928527832 2.8699785715767314 0.8
    endloop
  endfacet
  facet normal 0.1257590216430823 0.9920608189397335 0
    outer loop
      vertex 4.468603573739529 2.8765178567596843 0.8
      vertex 4.52018928527832 2.8699785715767314 0.8
      vertex 4.52018928527832 2.8699785715767314 0.6
    endloop
  endfacet
  facet normal 1 0 0
    outer loop
      vertex 4.468603573739529 2.8765178567596843 0.8
      vertex 4.468603573739529 2.8765178567596843 0.6
      vertex 4.468603573739529 2.9845321497746875 0.8
    endloop
  endfacet
  facet normal -1 0 0
    outer loop
      vertex 4.6560714319348335 2.857142860335963 0.8
      vertex 4.6560714319348335 2.8699785715767314 0.8
      vertex 4.6560714319348335 2.8699785715767314 0.6
    endloop
  endfacet
  facet normal -0.15507959517321107 0.987901978518574 0
    outer loop
      vertex 4.6560714319348335 2.8699785715767314 0.8
      vertex 4.6977285742759705 2.8765178567596843 0.8
      vertex 4.6977285742759705 2.8765178567596843 0.6
    endloop
  endfacet
  facet normal 0 -1 0
    outer loop
      vertex 4.468603573739529 2.9845321497746875 0.8
      vertex 4.468603573739529 2.9845321497746875 0.6
      vertex 4.505171425640583 2.9845321497746875 0.8
    endloop
  endfacet
  facet normal 0 1 0
    outer loop
      vertex 4.468603573739529 3.0063321462699344 0.8
      vertex 4.4937892854213715 3.0063321462699344 0.8
      vertex 4.4937892854213715 3.0063321462699344 0.6
    endloop
  endfacet
  facet normal 0.12884797281095176 -0.9916643584915756 0
    outer loop
      vertex 4.505171425640583 2.9845321497746875 0.8
      vertex 4.505171425640583 2.9845321497746875 0.6
      vertex 4.5550330355763435 2.991010720176356 0.8
    endloop
  endfacet
  facet normal -0.12994130208824897 0.9915216881196349 0
    outer loop
      vertex 4.4937892854213715 3.0063321462699344 0.8
      vertex 4.529359824955463 3.0109937510320117 0.8
      vertex 4.529359824955463 3.0109937510320117 0.6
    endloop
  endfacet
  facet normal -1 0 0
    outer loop
      vertex 4.421860717236996 2.8765178567596843 0.8
      vertex 4.421860717236996 3.162782149655478 0.8
      vertex 4.421860717236996 3.162782149655478 0.6
    endloop
  endfacet
  facet normal 1 0 0
    outer loop
      vertex 4.468603573739529 3.0063321462699344 0.8
      vertex 4.468603573739529 3.0063321462699344 0.6
      vertex 4.468603573739529 3.1601178592869212 0.8
    endloop
  endfacet
  facet normal 0.46780174768617033 -0.8838334259699417 0
    outer loop
      vertex 4.5550330355763435 2.991010720176356 0.8
      vertex 4.5550330355763435 2.991010720176356 0.6
      vertex 4.591753572225571 3.0104464313813617 0.8
    endloop
  endfacet
  facet normal -0.49037280648325493 0.871512771370412 0
    outer loop
      vertex 4.529359824955463 3.0109937510320117 0.8
      vertex 4.554214283823967 3.0249785727688243 0.8
      vertex 4.554214283823967 3.0249785727688243 0.6
    endloop
  endfacet
  facet normal -0.858896999528349 0.5121483615137309 0
    outer loop
      vertex 4.554214283823967 3.0249785727688243 0.8
      vertex 4.568836607038975 3.049500899655478 0.8
      vertex 4.568836607038975 3.049500899655478 0.6
    endloop
  endfacet
  facet normal 0.8158674146581435 -0.578239017793712 0
    outer loop
      vertex 4.591753572225571 3.0104464313813617 0.8
      vertex 4.591753572225571 3.0104464313813617 0.6
      vertex 4.614368751645088 3.0423553607293536 0.8
    endloop
  endfacet
  facet normal -0.9910894742100482 0.13319780069524445 0
    outer loop
      vertex 4.568836607038975 3.049500899655478 0.8
      vertex 4.5737107172608376 3.085767859859126 0.8
      vertex 4.5737107172608376 3.085767859859126 0.6
    endloop
  endfacet
  facet normal -0.990870788561469 -0.1348149857232958 0
    outer loop
      vertex 4.569048210978508 3.1200366115995815 0.8
      vertex 4.569048210978508 3.1200366115995815 0.6
      vertex 4.5737107172608376 3.085767859859126 0.8
    endloop
  endfacet
  facet normal 0.9855736662961341 -0.16924700382457744 0
    outer loop
      vertex 4.614368751645088 3.0423553607293536 0.8
      vertex 4.614368751645088 3.0423553607293536 0.6
      vertex 4.621907144784927 3.0862535781094005 0.8
    endloop
  endfacet
  facet normal 0.9235596885098616 0.38345469322928805 0
    outer loop
      vertex 4.621907144784927 3.0862535781094005 0.8
      vertex 4.621907144784927 3.0862535781094005 0.6
      vertex 4.592117853462696 3.1580017900892665 0.8
    endloop
  endfacet
  facet normal 0 -1 0
    outer loop
      vertex 4.6560714319348335 2.857142860335963 0.8
      vertex 4.6560714319348335 2.857142860335963 0.6
      vertex 4.7667500004172325 2.857142860335963 0.8
    endloop
  endfacet
  facet normal 0.14834837091309588 0.9889351651384587 0
    outer loop
      vertex 4.723157145082951 2.8765178567596843 0.8
      vertex 4.7667500004172325 2.8699785715767314 0.8
      vertex 4.7667500004172325 2.8699785715767314 0.6
    endloop
  endfacet
  facet normal 1 0 0
    outer loop
      vertex 4.7667500004172325 2.857142860335963 0.8
      vertex 4.7667500004172325 2.857142860335963 0.6
      vertex 4.7667500004172325 2.8699785715767314 0.8
    endloop
  endfacet
  facet normal 1 0 0
    outer loop
      vertex 4.723157145082951 2.8765178567596843 0.8
      vertex 4.723157145082951 2.8765178567596843 0.6
      vertex 4.723157145082951 3.1492214298674037 0.8
    endloop
  endfacet
  facet normal 0 -1 0
    outer loop
      vertex 4.92344643175602 2.857142860335963 0.8
      vertex 4.92344643175602 2.857142860335963 0.6
      vertex 4.946939282119274 2.857142860335963 0.8
    endloop
  endfacet
  facet normal 1 0 0
    outer loop
      vertex 4.946939282119274 2.857142860335963 0.8
      vertex 4.946939282119274 2.857142860335963 0.6
      vertex 4.946939282119274 3.162782149655478 0.8
    endloop
  endfacet
  facet normal -1 0 0
    outer loop
      vertex 4.6977285742759705 2.8765178567596843 0.8
      vertex 4.6977285742759705 3.162782149655478 0.8
      vertex 4.6977285742759705 2.8765178567596843 0.6
    endloop
  endfacet
  facet normal -0.824719845064736 -0.5655414902165867 0
    outer loop
      vertex 4.723157145082951 3.1492214298674037 0.8
      vertex 4.723157145082951 3.1492214298674037 0.6
      vertex 4.92344643175602 2.857142860335963 0.8
    endloop
  endfacet
  facet normal 0.8212128117190912 0.5706220446744275 0
    outer loop
      vertex 4.921507142484188 2.9414250052400996 0.8
      vertex 4.921507142484188 2.9414250052400996 0.6
      vertex 4.754399999976158 3.1819178632327487 0.8
    endloop
  endfacet
  facet normal -1 0 0
    outer loop
      vertex 4.921507142484188 2.9414250052400996 0.8
      vertex 4.921507142484188 3.162782149655478 0.8
      vertex 4.921507142484188 3.162782149655478 0.6
    endloop
  endfacet
  facet normal 0 0 1
    outer loop
      vertex 4.383353568613529 2.857142860335963 0.8
      vertex 4.421860717236996 2.8765178567596843 0.8
      vertex 4.383353568613529 2.8699785715767314 0.8
    endloop
  endfacet
  facet normal 0 0 1
    outer loop
      vertex 4.383353568613529 2.857142860335963 0.8
      vertex 4.468603573739529 2.8765178567596843 0.8
      vertex 4.421860717236996 2.8765178567596843 0.8
    endloop
  endfacet
  facet normal 0 0 1
    outer loop
      vertex 4.383353568613529 2.857142860335963 0.8
      vertex 4.52018928527832 2.857142860335963 0.8
      vertex 4.468603573739529 2.8765178567596843 0.8
    endloop
  endfacet
  facet normal 0 0 1
    outer loop
      vertex 4.468603573739529 2.8765178567596843 0.8
      vertex 4.52018928527832 2.857142860335963 0.8
      vertex 4.52018928527832 2.8699785715767314 0.8
    endloop
  endfacet
  facet normal 0 0 1
    outer loop
      vertex 4.421860717236996 2.8765178567596843 0.8
      vertex 4.468603573739529 2.8765178567596843 0.8
      vertex 4.468603573739529 2.9845321497746875 0.8
    endloop
  endfacet
  facet normal 0 0 1
    outer loop
      vertex 4.421860717236996 2.8765178567596843 0.8
      vertex 4.468603573739529 2.9845321497746875 0.8
      vertex 4.468603573739529 3.0063321462699344 0.8
    endloop
  endfacet
  facet normal 0 0 1
    outer loop
      vertex 4.6560714319348335 2.857142860335963 0.8
      vertex 4.6977285742759705 2.8765178567596843 0.8
      vertex 4.6560714319348335 2.8699785715767314 0.8
    endloop
  endfacet
  facet normal 0 0 1
    outer loop
      vertex 4.421860717236996 2.8765178567596843 0.8
      vertex 4.468603573739529 3.0063321462699344 0.8
      vertex 4.421860717236996 3.162782149655478 0.8
    endloop
  endfacet
  facet normal 0 0 1
    outer loop
      vertex 4.468603573739529 2.9845321497746875 0.8
      vertex 4.505171425640583 2.9845321497746875 0.8
      vertex 4.4937892854213715 3.0063321462699344 0.8
    endloop
  endfacet
  facet normal 0 0 1
    outer loop
      vertex 4.468603573739529 2.9845321497746875 0.8
      vertex 4.4937892854213715 3.0063321462699344 0.8
      vertex 4.468603573739529 3.0063321462699344 0.8
    endloop
  endfacet
  facet normal 0 0 1
    outer loop
      vertex 4.505171425640583 2.9845321497746875 0.8
      vertex 4.529359824955463 3.0109937510320117 0.8
      vertex 4.4937892854213715 3.0063321462699344 0.8
    endloop
  endfacet
  facet normal 0 0 1
    outer loop
      vertex 4.505171425640583 2.9845321497746875 0.8
      vertex 4.5550330355763435 2.991010720176356 0.8
      vertex 4.529359824955463 3.0109937510320117 0.8
    endloop
  endfacet
  facet normal 0 0 1
    outer loop
      vertex 4.468603573739529 3.0063321462699344 0.8
      vertex 4.468603573739529 3.1601178592869212 0.8
      vertex 4.421860717236996 3.162782149655478 0.8
    endloop
  endfacet
  facet normal 0 0 1
    outer loop
      vertex 4.5550330355763435 2.991010720176356 0.8
      vertex 4.554214283823967 3.0249785727688243 0.8
      vertex 4.529359824955463 3.0109937510320117 0.8
    endloop
  endfacet
  facet normal 0 0 1
    outer loop
      vertex 4.5550330355763435 2.991010720176356 0.8
      vertex 4.591753572225571 3.0104464313813617 0.8
      vertex 4.554214283823967 3.0249785727688243 0.8
    endloop
  endfacet
  facet normal 0 0 1
    outer loop
      vertex 4.554214283823967 3.0249785727688243 0.8
      vertex 4.591753572225571 3.0104464313813617 0.8
      vertex 4.568836607038975 3.049500899655478 0.8
    endloop
  endfacet
  facet normal 0 0 1
    outer loop
      vertex 4.568836607038975 3.049500899655478 0.8
      vertex 4.591753572225571 3.0104464313813617 0.8
      vertex 4.614368751645088 3.0423553607293536 0.8
    endloop
  endfacet
  facet normal 0 0 1
    outer loop
      vertex 4.568836607038975 3.049500899655478 0.8
      vertex 4.614368751645088 3.0423553607293536 0.8
      vertex 4.5737107172608376 3.085767859859126 0.8
    endloop
  endfacet
  facet normal 0 0 1
    outer loop
      vertex 4.614368751645088 3.0423553607293536 0.8
      vertex 4.621907144784927 3.0862535781094005 0.8
      vertex 4.5737107172608376 3.085767859859126 0.8
    endloop
  endfacet
  facet normal 0 0 1
    outer loop
      vertex 4.569048210978508 3.1200366115995815 0.8
      vertex 4.5737107172608376 3.085767859859126 0.8
      vertex 4.621907144784927 3.0862535781094005 0.8
    endloop
  endfacet
  facet normal 0 0 1
    outer loop
      vertex 4.569048210978508 3.1200366115995815 0.8
      vertex 4.621907144784927 3.0862535781094005 0.8
      vertex 4.592117853462696 3.1580017900892665 0.8
    endloop
  endfacet
  facet normal 0 0 1
    outer loop
      vertex 4.6560714319348335 2.857142860335963 0.8
      vertex 4.7667500004172325 2.857142860335963 0.8
      vertex 4.6977285742759705 2.8765178567596843 0.8
    endloop
  endfacet
  facet normal 0 0 1
    outer loop
      vertex 4.6977285742759705 2.8765178567596843 0.8
      vertex 4.7667500004172325 2.857142860335963 0.8
      vertex 4.723157145082951 2.8765178567596843 0.8
    endloop
  endfacet
  facet normal 0 0 1
    outer loop
      vertex 4.723157145082951 2.8765178567596843 0.8
      vertex 4.7667500004172325 2.857142860335963 0.8
      vertex 4.7667500004172325 2.8699785715767314 0.8
    endloop
  endfacet
  facet normal 0 0 1
    outer loop
      vertex 4.6977285742759705 2.8765178567596843 0.8
      vertex 4.723157145082951 2.8765178567596843 0.8
      vertex 4.723157145082951 3.1492214298674037 0.8
    endloop
  endfacet
  facet normal 0 0 1
    outer loop
      vertex 4.723157145082951 3.1492214298674037 0.8
      vertex 4.92344643175602 2.857142860335963 0.8
      vertex 4.946939282119274 2.857142860335963 0.8
    endloop
  endfacet
  facet normal 0 0 1
    outer loop
      vertex 4.6977285742759705 2.8765178567596843 0.8
      vertex 4.723157145082951 3.1492214298674037 0.8
      vertex 4.6977285742759705 3.162782149655478 0.8
    endloop
  endfacet
  facet normal 0 0 1
    outer loop
      vertex 4.723157145082951 3.1492214298674037 0.8
      vertex 4.921507142484188 2.9414250052400996 0.8
      vertex 4.754399999976158 3.1819178632327487 0.8
    endloop
  endfacet
  facet normal 0 0 1
    outer loop
      vertex 4.723157145082951 3.1492214298674037 0.8
      vertex 4.946939282119274 2.857142860335963 0.8
      vertex 4.921507142484188 2.9414250052400996 0.8
    endloop
  endfacet
  facet normal 0 0 1
    outer loop
      vertex 4.921507142484188 2.9414250052400996 0.8
      vertex 4.946939282119274 2.857142860335963 0.8
      vertex 4.946939282119274 3.162782149655478 0.8
    endloop
  endfacet
  facet normal 0 0 1
    outer loop
      vertex 4.921507142484188 2.9414250052400996 0.8
      vertex 4.946939282119274 3.162782149655478 0.8
      vertex 4.921507142484188 3.162782149655478 0.8
    endloop
  endfacet
  facet normal -0.5224780062822763 0.8526527622375346 0
    outer loop
      vertex 4.150406248867512 3.1748026854225566 0.8
      vertex 4.150406248867512 3.1748026854225566 0.6
      vertex 4.097789287567139 3.142560715121882 0.6
    endloop
  endfacet
  facet normal 0.5955799847662527 -0.8032960112846511 0
    outer loop
      vertex 4.171598210930824 3.157032149178641 0.8
      vertex 4.134603574872017 3.129603574318545 0.6
      vertex 4.171598210930824 3.157032149178641 0.6
    endloop
  endfacet
  facet normal 0.1674584151022475 -0.9858791402659067 0
    outer loop
      vertex 4.225424997508526 3.166175002498286 0.8
      vertex 4.171598210930824 3.157032149178641 0.6
      vertex 4.225424997508526 3.166175002498286 0.6
    endloop
  endfacet
  facet normal -0.14549850311013732 0.9893584717344414 0
    outer loop
      vertex 4.150406248867512 3.1748026854225566 0.8
      vertex 4.223485715687275 3.185550006372588 0.6
      vertex 4.150406248867512 3.1748026854225566 0.6
    endloop
  endfacet
  facet normal -0.18553937807902482 -0.9826368297504672 0
    outer loop
      vertex 4.271075002849102 3.1604821479746272 0.8
      vertex 4.248462498188019 3.1647517925926616 0.6
      vertex 4.271075002849102 3.1604821479746272 0.6
    endloop
  endfacet
  facet normal -0.3104012106073783 -0.9506056429737171 0
    outer loop
      vertex 4.292116068303585 3.153611609978335 0.8
      vertex 4.271075002849102 3.1604821479746272 0.6
      vertex 4.292116068303585 3.153611609978335 0.6
    endloop
  endfacet
  facet normal -0.06166041282931977 -0.9980971863950514 0
    outer loop
      vertex 4.248462498188019 3.1647517925926616 0.8
      vertex 4.225424997508526 3.166175002498286 0.6
      vertex 4.248462498188019 3.1647517925926616 0.6
    endloop
  endfacet
  facet normal 0.058730967177498324 0.9982738469450132 0
    outer loop
      vertex 4.223485715687275 3.185550006372588 0.8
      vertex 4.275980360805988 3.182461614055293 0.6
      vertex 4.223485715687275 3.185550006372588 0.6
    endloop
  endfacet
  facet normal 0.16252946681911404 0.9867036902816845 0
    outer loop
      vertex 4.275980360805988 3.182461614055293 0.8
      vertex 4.332228571176529 3.173196429652827 0.6
      vertex 4.275980360805988 3.182461614055293 0.6
    endloop
  endfacet
  facet normal -0.4501362759681244 -0.8929598720309601 0
    outer loop
      vertex 4.310432143509388 3.144378574831145 0.8
      vertex 4.292116068303585 3.153611609978335 0.6
      vertex 4.310432143509388 3.144378574831145 0.6
    endloop
  endfacet
  facet normal 0.999790265488086 0.020479869024544267 0
    outer loop
      vertex 4.332228571176529 3.173196429652827 0.8
      vertex 4.333682142198086 3.1022357142397334 0.6
      vertex 4.332228571176529 3.173196429652827 0.6
    endloop
  endfacet
  facet normal -1 0 0
    outer loop
      vertex 3.880840353667736 3.571428569299834 0.8
      vertex 3.880840353667736 3.5945328569837978 0.6
      vertex 3.880840353667736 3.571428569299834 0.6
    endloop
  endfacet
  facet normal 0 -1 0
    outer loop
      vertex 4.117990359663963 3.571428569299834 0.8
      vertex 3.880840353667736 3.571428569299834 0.6
      vertex 4.117990359663963 3.571428569299834 0.6
    endloop
  endfacet
  facet normal -0.14834832315856955 0.9889351723020274 0
    outer loop
      vertex 3.880840353667736 3.5945328569837978 0.8
      vertex 3.959307499229908 3.6063035673328807 0.6
      vertex 3.880840353667736 3.5945328569837978 0.6
    endloop
  endfacet
  facet normal 1 0 0
    outer loop
      vertex 4.117990359663963 3.5945328569837978 0.8
      vertex 4.117990359663963 3.571428569299834 0.6
      vertex 4.117990359663963 3.5945328569837978 0.6
    endloop
  endfacet
  facet normal 0.15507955083735936 0.9879019854783585 0
    outer loop
      vertex 4.043007500469685 3.6063035673328807 0.8
      vertex 4.117990359663963 3.5945328569837978 0.6
      vertex 4.043007500469685 3.6063035673328807 0.6
    endloop
  endfacet
  facet normal -1 0 0
    outer loop
      vertex 4.380203574895859 3.1690821445413997 0.8
      vertex 4.380203574895859 3.1819178632327487 0.6
      vertex 4.380203574895859 3.1690821445413997 0.6
    endloop
  endfacet
  facet normal -0.1495340540058639 -0.9887565760552853 0
    outer loop
      vertex 4.421860717236996 3.162782149655478 0.8
      vertex 4.380203574895859 3.1690821445413997 0.6
      vertex 4.421860717236996 3.162782149655478 0.6
    endloop
  endfacet
  facet normal 0 1 0
    outer loop
      vertex 4.380203574895859 3.1819178632327487 0.8
      vertex 4.502750001847744 3.1819178632327487 0.6
      vertex 4.380203574895859 3.1819178632327487 0.6
    endloop
  endfacet
  facet normal 0 -1 0
    outer loop
      vertex 4.492335714399815 3.1601178592869212 0.8
      vertex 4.468603573739529 3.1601178592869212 0.6
      vertex 4.492335714399815 3.1601178592869212 0.6
    endloop
  endfacet
  facet normal -0.11323940147594719 -0.99356773194049 0
    outer loop
      vertex 4.5300562530756 3.1558187550732066 0.8
      vertex 4.492335714399815 3.1601178592869212 0.6
      vertex 4.5300562530756 3.1558187550732066 0.6
    endloop
  endfacet
  facet normal -0.8532432335932431 -0.52151316793284 0
    outer loop
      vertex 4.569048210978508 3.1200366115995815 0.8
      vertex 4.555060714483261 3.1429214349814822 0.6
      vertex 4.569048210978508 3.1200366115995815 0.6
    endloop
  endfacet
  facet normal -0.4584125231302647 -0.8887395336302669 0
    outer loop
      vertex 4.555060714483261 3.1429214349814822 0.8
      vertex 4.5300562530756 3.1558187550732066 0.6
      vertex 4.555060714483261 3.1429214349814822 0.6
    endloop
  endfacet
  facet normal 0.9235596885098616 0.38345469322928805 0
    outer loop
      vertex 4.592117853462696 3.1580017900892665 0.8
      vertex 4.621907144784927 3.0862535781094005 0.6
      vertex 4.592117853462696 3.1580017900892665 0.6
    endloop
  endfacet
  facet normal 0.2585167723637916 0.9660067693378797 0
    outer loop
      vertex 4.502750001847744 3.1819178632327487 0.8
      vertex 4.592117853462696 3.1580017900892665 0.6
      vertex 4.502750001847744 3.1819178632327487 0.6
    endloop
  endfacet
  facet normal -1 0 0
    outer loop
      vertex 4.6560714319348335 3.1690821445413997 0.8
      vertex 4.6560714319348335 3.1819178632327487 0.6
      vertex 4.6560714319348335 3.1690821445413997 0.6
    endloop
  endfacet
  facet normal -0.1495340540058639 -0.9887565760552853 0
    outer loop
      vertex 4.6977285742759705 3.162782149655478 0.8
      vertex 4.6560714319348335 3.1690821445413997 0.6
      vertex 4.6977285742759705 3.162782149655478 0.6
    endloop
  endfacet
  facet normal 0 1 0
    outer loop
      vertex 4.6560714319348335 3.1819178632327487 0.8
      vertex 4.754399999976158 3.1819178632327487 0.6
      vertex 4.6560714319348335 3.1819178632327487 0.6
    endloop
  endfacet
  facet normal -1 0 0
    outer loop
      vertex 4.877914287149906 3.1690821445413997 0.8
      vertex 4.877914287149906 3.1819178632327487 0.6
      vertex 4.877914287149906 3.1690821445413997 0.6
    endloop
  endfacet
  facet normal -0.14303302149625838 -0.9897179167629789 0
    outer loop
      vertex 4.921507142484188 3.162782149655478 0.8
      vertex 4.877914287149906 3.1690821445413997 0.6
      vertex 4.921507142484188 3.162782149655478 0.6
    endloop
  endfacet
  facet normal 0 1 0
    outer loop
      vertex 4.877914287149906 3.1819178632327487 0.8
      vertex 4.988596431910992 3.1819178632327487 0.6
      vertex 4.877914287149906 3.1819178632327487 0.6
    endloop
  endfacet
  facet normal 0.14953402785900968 -0.98875658000959 0
    outer loop
      vertex 4.988596431910992 3.1690821445413997 0.8
      vertex 4.946939282119274 3.162782149655478 0.6
      vertex 4.988596431910992 3.1690821445413997 0.6
    endloop
  endfacet
  facet normal 1 0 0
    outer loop
      vertex 4.988596431910992 3.1819178632327487 0.8
      vertex 4.988596431910992 3.1690821445413997 0.6
      vertex 4.988596431910992 3.1819178632327487 0.6
    endloop
  endfacet
  facet normal -1 0 0
    outer loop
      vertex 4.3988032117486 3.571428569299834 0.8
      vertex 4.3988032117486 3.5945328569837978 0.6
      vertex 4.3988032117486 3.571428569299834 0.6
    endloop
  endfacet
  facet normal 0 -1 0
    outer loop
      vertex 4.645107500255108 3.571428569299834 0.8
      vertex 4.3988032117486 3.571428569299834 0.6
      vertex 4.645107500255108 3.571428569299834 0.6
    endloop
  endfacet
  facet normal 1 0 0
    outer loop
      vertex 4.645107500255108 3.5945328569837978 0.8
      vertex 4.645107500255108 3.571428569299834 0.6
      vertex 4.645107500255108 3.5945328569837978 0.6
    endloop
  endfacet
  facet normal -0.16742301581158403 0.9858851524272765 0
    outer loop
      vertex 4.3988032117486 3.5945328569837978 0.8
      vertex 4.468116074800491 3.6063035673328807 0.6
      vertex 4.3988032117486 3.5945328569837978 0.6
    endloop
  endfacet
  facet normal 0.1257589863331751 0.9920608234158086 0
    outer loop
      vertex 4.552253216505051 3.6063035673328807 0.8
      vertex 4.645107500255108 3.5945328569837978 0.6
      vertex 4.552253216505051 3.6063035673328807 0.6
    endloop
  endfacet
  facet normal 1 0 0
    outer loop
      vertex 4.552253216505051 3.8007292843290736 0.8
      vertex 4.552253216505051 3.6063035673328807 0.6
      vertex 4.552253216505051 3.8007292843290736 0.6
    endloop
  endfacet
  facet normal -1 0 0
    outer loop
      vertex 4.896233215928078 3.571428569299834 0.8
      vertex 4.896233215928078 3.5945328569837978 0.6
      vertex 4.896233215928078 3.571428569299834 0.6
    endloop
  endfacet
  facet normal -0.15507955083735936 0.9879019854783585 0
    outer loop
      vertex 4.896233215928078 3.5945328569837978 0.8
      vertex 4.971216075122356 3.6063035673328807 0.6
      vertex 4.896233215928078 3.5945328569837978 0.6
    endloop
  endfacet
  facet normal -0.5224780062822763 0.8526527622375346 0
    outer loop
      vertex 4.097789287567139 3.142560715121882 0.8
      vertex 4.150406248867512 3.1748026854225566 0.8
      vertex 4.097789287567139 3.142560715121882 0.6
    endloop
  endfacet
  facet normal 0.5955799847662527 -0.8032960112846511 0
    outer loop
      vertex 4.134603574872017 3.129603574318545 0.8
      vertex 4.134603574872017 3.129603574318545 0.6
      vertex 4.171598210930824 3.157032149178641 0.8
    endloop
  endfacet
  facet normal 0.1674584151022475 -0.9858791402659067 0
    outer loop
      vertex 4.171598210930824 3.157032149178641 0.8
      vertex 4.171598210930824 3.157032149178641 0.6
      vertex 4.225424997508526 3.166175002498286 0.8
    endloop
  endfacet
  facet normal -0.14549850311013732 0.9893584717344414 0
    outer loop
      vertex 4.150406248867512 3.1748026854225566 0.8
      vertex 4.223485715687275 3.185550006372588 0.8
      vertex 4.223485715687275 3.185550006372588 0.6
    endloop
  endfacet
  facet normal -0.18553937807902482 -0.9826368297504672 0
    outer loop
      vertex 4.248462498188019 3.1647517925926616 0.8
      vertex 4.248462498188019 3.1647517925926616 0.6
      vertex 4.271075002849102 3.1604821479746272 0.8
    endloop
  endfacet
  facet normal -0.3104012106073783 -0.9506056429737171 0
    outer loop
      vertex 4.271075002849102 3.1604821479746272 0.8
      vertex 4.271075002849102 3.1604821479746272 0.6
      vertex 4.292116068303585 3.153611609978335 0.8
    endloop
  endfacet
  facet normal -0.06166041282931977 -0.9980971863950514 0
    outer loop
      vertex 4.225424997508526 3.166175002498286 0.8
      vertex 4.225424997508526 3.166175002498286 0.6
      vertex 4.248462498188019 3.1647517925926616 0.8
    endloop
  endfacet
  facet normal 0.058730967177498324 0.9982738469450132 0
    outer loop
      vertex 4.223485715687275 3.185550006372588 0.8
      vertex 4.275980360805988 3.182461614055293 0.8
      vertex 4.275980360805988 3.182461614055293 0.6
    endloop
  endfacet
  facet normal -0.9854668656459246 -0.16986776243300883 0
    outer loop
      vertex 4.317696429789066 3.1022357142397334 0.8
      vertex 4.310432143509388 3.144378574831145 0.8
      vertex 4.310432143509388 3.144378574831145 0.6
    endloop
  endfacet
  facet normal 0.999790265488086 0.020479869024544267 0
    outer loop
      vertex 4.333682142198086 3.1022357142397334 0.8
      vertex 4.333682142198086 3.1022357142397334 0.6
      vertex 4.332228571176529 3.173196429652827 0.8
    endloop
  endfacet
  facet normal -0.4501362759681244 -0.8929598720309601 0
    outer loop
      vertex 4.292116068303585 3.153611609978335 0.8
      vertex 4.292116068303585 3.153611609978335 0.6
      vertex 4.310432143509388 3.144378574831145 0.8
    endloop
  endfacet
  facet normal 0.16252946681911404 0.9867036902816845 0
    outer loop
      vertex 4.275980360805988 3.182461614055293 0.8
      vertex 4.332228571176529 3.173196429652827 0.8
      vertex 4.332228571176529 3.173196429652827 0.6
    endloop
  endfacet
  facet normal 0 0 1
    outer loop
      vertex 4.097789287567139 3.142560715121882 0.8
      vertex 4.134603574872017 3.129603574318545 0.8
      vertex 4.150406248867512 3.1748026854225566 0.8
    endloop
  endfacet
  facet normal 0 0 1
    outer loop
      vertex 4.134603574872017 3.129603574318545 0.8
      vertex 4.171598210930824 3.157032149178641 0.8
      vertex 4.150406248867512 3.1748026854225566 0.8
    endloop
  endfacet
  facet normal 0 0 1
    outer loop
      vertex 4.150406248867512 3.1748026854225566 0.8
      vertex 4.171598210930824 3.157032149178641 0.8
      vertex 4.223485715687275 3.185550006372588 0.8
    endloop
  endfacet
  facet normal 0 0 1
    outer loop
      vertex 4.171598210930824 3.157032149178641 0.8
      vertex 4.225424997508526 3.166175002498286 0.8
      vertex 4.223485715687275 3.185550006372588 0.8
    endloop
  endfacet
  facet normal 0 0 1
    outer loop
      vertex 4.225424997508526 3.166175002498286 0.8
      vertex 4.248462498188019 3.1647517925926616 0.8
      vertex 4.223485715687275 3.185550006372588 0.8
    endloop
  endfacet
  facet normal 0 0 1
    outer loop
      vertex 4.223485715687275 3.185550006372588 0.8
      vertex 4.248462498188019 3.1647517925926616 0.8
      vertex 4.275980360805988 3.182461614055293 0.8
    endloop
  endfacet
  facet normal 0 0 1
    outer loop
      vertex 4.248462498188019 3.1647517925926616 0.8
      vertex 4.271075002849102 3.1604821479746272 0.8
      vertex 4.275980360805988 3.182461614055293 0.8
    endloop
  endfacet
  facet normal 0 0 1
    outer loop
      vertex 4.271075002849102 3.1604821479746272 0.8
      vertex 4.292116068303585 3.153611609978335 0.8
      vertex 4.275980360805988 3.182461614055293 0.8
    endloop
  endfacet
  facet normal 0 0 1
    outer loop
      vertex 4.333682142198086 3.1022357142397334 0.8
      vertex 4.332228571176529 3.173196429652827 0.8
      vertex 4.310432143509388 3.144378574831145 0.8
    endloop
  endfacet
  facet normal 0 0 1
    outer loop
      vertex 4.292116068303585 3.153611609978335 0.8
      vertex 4.310432143509388 3.144378574831145 0.8
      vertex 4.332228571176529 3.173196429652827 0.8
    endloop
  endfacet
  facet normal 0 0 1
    outer loop
      vertex 4.292116068303585 3.153611609978335 0.8
      vertex 4.332228571176529 3.173196429652827 0.8
      vertex 4.275980360805988 3.182461614055293 0.8
    endloop
  endfacet
  facet normal -1 0 0
    outer loop
      vertex 3.880840353667736 3.571428569299834 0.8
      vertex 3.880840353667736 3.5945328569837978 0.8
      vertex 3.880840353667736 3.5945328569837978 0.6
    endloop
  endfacet
  facet normal 0 -1 0
    outer loop
      vertex 3.880840353667736 3.571428569299834 0.8
      vertex 3.880840353667736 3.571428569299834 0.6
      vertex 4.117990359663963 3.571428569299834 0.8
    endloop
  endfacet
  facet normal 0.907104531691804 -0.42090541524693276 0
    outer loop
      vertex 3.7260789275169373 3.571428569299834 0.8
      vertex 3.7260789275169373 3.571428569299834 0.6
      vertex 3.959307499229908 4.074065709752696 0.8
    endloop
  endfacet
  facet normal -0.14834832315856955 0.9889351723020274 0
    outer loop
      vertex 3.880840353667736 3.5945328569837978 0.8
      vertex 3.959307499229908 3.6063035673328807 0.8
      vertex 3.959307499229908 3.6063035673328807 0.6
    endloop
  endfacet
  facet normal 1 0 0
    outer loop
      vertex 4.117990359663963 3.571428569299834 0.8
      vertex 4.117990359663963 3.571428569299834 0.6
      vertex 4.117990359663963 3.5945328569837978 0.8
    endloop
  endfacet
  facet normal 0.15507955083735936 0.9879019854783585 0
    outer loop
      vertex 4.043007500469685 3.6063035673328807 0.8
      vertex 4.117990359663963 3.5945328569837978 0.8
      vertex 4.117990359663963 3.5945328569837978 0.6
    endloop
  endfacet
  facet normal 0 0 1
    outer loop
      vertex 3.880840353667736 3.571428569299834 0.8
      vertex 3.959307499229908 3.6063035673328807 0.8
      vertex 3.880840353667736 3.5945328569837978 0.8
    endloop
  endfacet
  facet normal 0 0 1
    outer loop
      vertex 3.880840353667736 3.571428569299834 0.8
      vertex 4.117990359663963 3.571428569299834 0.8
      vertex 3.959307499229908 3.6063035673328807 0.8
    endloop
  endfacet
  facet normal 0 0 1
    outer loop
      vertex 3.959307499229908 3.6063035673328807 0.8
      vertex 4.117990359663963 3.571428569299834 0.8
      vertex 4.043007500469685 3.6063035673328807 0.8
    endloop
  endfacet
  facet normal 0 0 1
    outer loop
      vertex 4.117990359663963 3.571428569299834 0.8
      vertex 4.117990359663963 3.5945328569837978 0.8
      vertex 4.043007500469685 3.6063035673328807 0.8
    endloop
  endfacet
  facet normal -0.1495340540058639 -0.9887565760552853 0
    outer loop
      vertex 4.380203574895859 3.1690821445413997 0.8
      vertex 4.380203574895859 3.1690821445413997 0.6
      vertex 4.421860717236996 3.162782149655478 0.8
    endloop
  endfacet
  facet normal -1 0 0
    outer loop
      vertex 4.380203574895859 3.1690821445413997 0.8
      vertex 4.380203574895859 3.1819178632327487 0.8
      vertex 4.380203574895859 3.1819178632327487 0.6
    endloop
  endfacet
  facet normal 0 -1 0
    outer loop
      vertex 4.468603573739529 3.1601178592869212 0.8
      vertex 4.468603573739529 3.1601178592869212 0.6
      vertex 4.492335714399815 3.1601178592869212 0.8
    endloop
  endfacet
  facet normal -0.11323940147594719 -0.99356773194049 0
    outer loop
      vertex 4.492335714399815 3.1601178592869212 0.8
      vertex 4.492335714399815 3.1601178592869212 0.6
      vertex 4.5300562530756 3.1558187550732066 0.8
    endloop
  endfacet
  facet normal 0 1 0
    outer loop
      vertex 4.380203574895859 3.1819178632327487 0.8
      vertex 4.502750001847744 3.1819178632327487 0.8
      vertex 4.502750001847744 3.1819178632327487 0.6
    endloop
  endfacet
  facet normal -0.8532432335932431 -0.52151316793284 0
    outer loop
      vertex 4.569048210978508 3.1200366115995815 0.8
      vertex 4.555060714483261 3.1429214349814822 0.8
      vertex 4.555060714483261 3.1429214349814822 0.6
    endloop
  endfacet
  facet normal -0.4584125231302647 -0.8887395336302669 0
    outer loop
      vertex 4.5300562530756 3.1558187550732066 0.8
      vertex 4.5300562530756 3.1558187550732066 0.6
      vertex 4.555060714483261 3.1429214349814822 0.8
    endloop
  endfacet
  facet normal 0.2585167723637916 0.9660067693378797 0
    outer loop
      vertex 4.502750001847744 3.1819178632327487 0.8
      vertex 4.592117853462696 3.1580017900892665 0.8
      vertex 4.592117853462696 3.1580017900892665 0.6
    endloop
  endfacet
  facet normal -1 0 0
    outer loop
      vertex 4.6560714319348335 3.1690821445413997 0.8
      vertex 4.6560714319348335 3.1819178632327487 0.8
      vertex 4.6560714319348335 3.1819178632327487 0.6
    endloop
  endfacet
  facet normal -0.1495340540058639 -0.9887565760552853 0
    outer loop
      vertex 4.6560714319348335 3.1690821445413997 0.8
      vertex 4.6560714319348335 3.1690821445413997 0.6
      vertex 4.6977285742759705 3.162782149655478 0.8
    endloop
  endfacet
  facet normal 0 1 0
    outer loop
      vertex 4.6560714319348335 3.1819178632327487 0.8
      vertex 4.754399999976158 3.1819178632327487 0.8
      vertex 4.754399999976158 3.1819178632327487 0.6
    endloop
  endfacet
  facet normal -1 0 0
    outer loop
      vertex 4.877914287149906 3.1690821445413997 0.8
      vertex 4.877914287149906 3.1819178632327487 0.8
      vertex 4.877914287149906 3.1819178632327487 0.6
    endloop
  endfacet
  facet normal -0.14303302149625838 -0.9897179167629789 0
    outer loop
      vertex 4.877914287149906 3.1690821445413997 0.8
      vertex 4.877914287149906 3.1690821445413997 0.6
      vertex 4.921507142484188 3.162782149655478 0.8
    endloop
  endfacet
  facet normal 0.14953402785900968 -0.98875658000959 0
    outer loop
      vertex 4.946939282119274 3.162782149655478 0.8
      vertex 4.946939282119274 3.162782149655478 0.6
      vertex 4.988596431910992 3.1690821445413997 0.8
    endloop
  endfacet
  facet normal 0 1 0
    outer loop
      vertex 4.877914287149906 3.1819178632327487 0.8
      vertex 4.988596431910992 3.1819178632327487 0.8
      vertex 4.988596431910992 3.1819178632327487 0.6
    endloop
  endfacet
  facet normal 1 0 0
    outer loop
      vertex 4.988596431910992 3.1690821445413997 0.8
      vertex 4.988596431910992 3.1690821445413997 0.6
      vertex 4.988596431910992 3.1819178632327487 0.8
    endloop
  endfacet
  facet normal 0 0 1
    outer loop
      vertex 4.380203574895859 3.1690821445413997 0.8
      vertex 4.421860717236996 3.162782149655478 0.8
      vertex 4.380203574895859 3.1819178632327487 0.8
    endloop
  endfacet
  facet normal 0 0 1
    outer loop
      vertex 4.380203574895859 3.1819178632327487 0.8
      vertex 4.421860717236996 3.162782149655478 0.8
      vertex 4.502750001847744 3.1819178632327487 0.8
    endloop
  endfacet
  facet normal 0 0 1
    outer loop
      vertex 4.421860717236996 3.162782149655478 0.8
      vertex 4.468603573739529 3.1601178592869212 0.8
      vertex 4.502750001847744 3.1819178632327487 0.8
    endloop
  endfacet
  facet normal 0 0 1
    outer loop
      vertex 4.468603573739529 3.1601178592869212 0.8
      vertex 4.492335714399815 3.1601178592869212 0.8
      vertex 4.502750001847744 3.1819178632327487 0.8
    endloop
  endfacet
  facet normal 0 0 1
    outer loop
      vertex 4.492335714399815 3.1601178592869212 0.8
      vertex 4.5300562530756 3.1558187550732066 0.8
      vertex 4.502750001847744 3.1819178632327487 0.8
    endloop
  endfacet
  facet normal 0 0 1
    outer loop
      vertex 4.5300562530756 3.1558187550732066 0.8
      vertex 4.555060714483261 3.1429214349814822 0.8
      vertex 4.592117853462696 3.1580017900892665 0.8
    endloop
  endfacet
  facet normal 0 0 1
    outer loop
      vertex 4.569048210978508 3.1200366115995815 0.8
      vertex 4.592117853462696 3.1580017900892665 0.8
      vertex 4.555060714483261 3.1429214349814822 0.8
    endloop
  endfacet
  facet normal 0 0 1
    outer loop
      vertex 4.502750001847744 3.1819178632327487 0.8
      vertex 4.5300562530756 3.1558187550732066 0.8
      vertex 4.592117853462696 3.1580017900892665 0.8
    endloop
  endfacet
  facet normal 0 0 1
    outer loop
      vertex 4.6560714319348335 3.1690821445413997 0.8
      vertex 4.6977285742759705 3.162782149655478 0.8
      vertex 4.6560714319348335 3.1819178632327487 0.8
    endloop
  endfacet
  facet normal 0 0 1
    outer loop
      vertex 4.6560714319348335 3.1819178632327487 0.8
      vertex 4.6977285742759705 3.162782149655478 0.8
      vertex 4.754399999976158 3.1819178632327487 0.8
    endloop
  endfacet
  facet normal 0 0 1
    outer loop
      vertex 4.6977285742759705 3.162782149655478 0.8
      vertex 4.723157145082951 3.1492214298674037 0.8
      vertex 4.754399999976158 3.1819178632327487 0.8
    endloop
  endfacet
  facet normal 0 0 1
    outer loop
      vertex 4.877914287149906 3.1690821445413997 0.8
      vertex 4.921507142484188 3.162782149655478 0.8
      vertex 4.877914287149906 3.1819178632327487 0.8
    endloop
  endfacet
  facet normal 0 0 1
    outer loop
      vertex 4.877914287149906 3.1819178632327487 0.8
      vertex 4.921507142484188 3.162782149655478 0.8
      vertex 4.946939282119274 3.162782149655478 0.8
    endloop
  endfacet
  facet normal 0 0 1
    outer loop
      vertex 4.877914287149906 3.1819178632327487 0.8
      vertex 4.946939282119274 3.162782149655478 0.8
      vertex 4.988596431910992 3.1819178632327487 0.8
    endloop
  endfacet
  facet normal 0 0 1
    outer loop
      vertex 4.946939282119274 3.162782149655478 0.8
      vertex 4.988596431910992 3.1690821445413997 0.8
      vertex 4.988596431910992 3.1819178632327487 0.8
    endloop
  endfacet
  facet normal -1 0 0
    outer loop
      vertex 4.3988032117486 3.571428569299834 0.8
      vertex 4.3988032117486 3.5945328569837978 0.8
      vertex 4.3988032117486 3.5945328569837978 0.6
    endloop
  endfacet
  facet normal 0 -1 0
    outer loop
      vertex 4.3988032117486 3.571428569299834 0.8
      vertex 4.3988032117486 3.571428569299834 0.6
      vertex 4.645107500255108 3.571428569299834 0.8
    endloop
  endfacet
  facet normal 1 0 0
    outer loop
      vertex 4.645107500255108 3.571428569299834 0.8
      vertex 4.645107500255108 3.571428569299834 0.6
      vertex 4.645107500255108 3.5945328569837978 0.8
    endloop
  endfacet
  facet normal -0.16742301581158403 0.9858851524272765 0
    outer loop
      vertex 4.3988032117486 3.5945328569837978 0.8
      vertex 4.468116074800491 3.6063035673328807 0.8
      vertex 4.468116074800491 3.6063035673328807 0.6
    endloop
  endfacet
  facet normal 1 0 0
    outer loop
      vertex 4.552253216505051 3.6063035673328807 0.8
      vertex 4.552253216505051 3.6063035673328807 0.6
      vertex 4.552253216505051 3.8007292843290736 0.8
    endloop
  endfacet
  facet normal 0.1257589863331751 0.9920608234158086 0
    outer loop
      vertex 4.552253216505051 3.6063035673328807 0.8
      vertex 4.645107500255108 3.5945328569837978 0.8
      vertex 4.645107500255108 3.5945328569837978 0.6
    endloop
  endfacet
  facet normal -1 0 0
    outer loop
      vertex 4.896233215928078 3.571428569299834 0.8
      vertex 4.896233215928078 3.5945328569837978 0.8
      vertex 4.896233215928078 3.5945328569837978 0.6
    endloop
  endfacet
  facet normal 0 -1 0
    outer loop
      vertex 4.896233215928078 3.571428569299834 0.8
      vertex 4.896233215928078 3.571428569299834 0.6
      vertex 5.129898928105831 3.571428569299834 0.8
    endloop
  endfacet
  facet normal -0.15507955083735936 0.9879019854783585 0
    outer loop
      vertex 4.896233215928078 3.5945328569837978 0.8
      vertex 4.971216075122356 3.6063035673328807 0.8
      vertex 4.971216075122356 3.6063035673328807 0.6
    endloop
  endfacet
  facet normal 0 0 1
    outer loop
      vertex 4.3988032117486 3.571428569299834 0.8
      vertex 4.468116074800491 3.6063035673328807 0.8
      vertex 4.3988032117486 3.5945328569837978 0.8
    endloop
  endfacet
  facet normal 0 0 1
    outer loop
      vertex 4.3988032117486 3.571428569299834 0.8
      vertex 4.645107500255108 3.571428569299834 0.8
      vertex 4.552253216505051 3.6063035673328807 0.8
    endloop
  endfacet
  facet normal 0 0 1
    outer loop
      vertex 4.645107500255108 3.571428569299834 0.8
      vertex 4.645107500255108 3.5945328569837978 0.8
      vertex 4.552253216505051 3.6063035673328807 0.8
    endloop
  endfacet
  facet normal 0 0 1
    outer loop
      vertex 4.3988032117486 3.571428569299834 0.8
      vertex 4.552253216505051 3.6063035673328807 0.8
      vertex 4.468116074800491 3.6063035673328807 0.8
    endloop
  endfacet
  facet normal 0 0 1
    outer loop
      vertex 4.468116074800491 3.6063035673328807 0.8
      vertex 4.552253216505051 3.6063035673328807 0.8
      vertex 4.552253216505051 3.8007292843290736 0.8
    endloop
  endfacet
  facet normal 0 0 1
    outer loop
      vertex 4.468116074800491 3.6063035673328807 0.8
      vertex 4.552253216505051 3.8007292843290736 0.8
      vertex 4.552253216505051 3.8399692869612148 0.8
    endloop
  endfacet
  facet normal 0 0 1
    outer loop
      vertex 4.896233215928078 3.571428569299834 0.8
      vertex 4.971216075122356 3.6063035673328807 0.8
      vertex 4.896233215928078 3.5945328569837978 0.8
    endloop
  endfacet
  facet normal 0 0 1
    outer loop
      vertex 4.896233215928078 3.571428569299834 0.8
      vertex 5.129898928105831 3.571428569299834 0.8
      vertex 4.971216075122356 3.6063035673328807 0.8
    endloop
  endfacet
  facet normal -1 0 0
    outer loop
      vertex 3.4510067850351334 3.6063035673328807 0.8
      vertex 3.4510067850351334 4.121579284114497 0.6
      vertex 3.4510067850351334 3.6063035673328807 0.6
    endloop
  endfacet
  facet normal 1 0 0
    outer loop
      vertex 3.4967782124876976 4.074065709752696 0.8
      vertex 3.4967782124876976 3.6063035673328807 0.6
      vertex 3.4967782124876976 4.074065709752696 0.6
    endloop
  endfacet
  facet normal 0.9195193640023299 0.39304470385027535 0
    outer loop
      vertex 3.553015358746052 4.156023571533816 0.8
      vertex 3.7430825009942055 3.711365709347384 0.6
      vertex 3.553015358746052 4.156023571533816 0.6
    endloop
  endfacet
  facet normal -1 0 0
    outer loop
      vertex 3.3760239258408546 4.132919283849852 0.8
      vertex 3.3760239258408546 4.156023571533816 0.6
      vertex 3.3760239258408546 4.132919283849852 0.6
    endloop
  endfacet
  facet normal -0.149534163455158 -0.9887565595027756 0
    outer loop
      vertex 3.4510067850351334 4.121579284114497 0.8
      vertex 3.3760239258408546 4.132919283849852 0.6
      vertex 3.4510067850351334 4.121579284114497 0.6
    endloop
  endfacet
  facet normal 0 1 0
    outer loop
      vertex 3.3760239258408546 4.156023571533816 0.8
      vertex 3.553015358746052 4.156023571533816 0.6
      vertex 3.3760239258408546 4.156023571533816 0.6
    endloop
  endfacet
  facet normal 1 0 0
    outer loop
      vertex 3.4967782124876976 3.6063035673328807 0.8
      vertex 3.4967782124876976 3.6063035673328807 0.6
      vertex 3.4967782124876976 4.074065709752696 0.8
    endloop
  endfacet
  facet normal 0.9195193640023299 0.39304470385027535 0
    outer loop
      vertex 3.553015358746052 4.156023571533816 0.8
      vertex 3.7430825009942055 3.711365709347384 0.8
      vertex 3.7430825009942055 3.711365709347384 0.6
    endloop
  endfacet
  facet normal -1 0 0
    outer loop
      vertex 3.4510067850351334 3.6063035673328807 0.8
      vertex 3.4510067850351334 4.121579284114497 0.8
      vertex 3.4510067850351334 4.121579284114497 0.6
    endloop
  endfacet
  facet normal -0.9200506844601039 -0.39179935939775895 0
    outer loop
      vertex 3.4967782124876976 4.074065709752696 0.8
      vertex 3.4967782124876976 4.074065709752696 0.6
      vertex 3.710823930799961 3.571428569299834 0.8
    endloop
  endfacet
  facet normal 0 0 1
    outer loop
      vertex 3.4510067850351334 3.6063035673328807 0.8
      vertex 3.4967782124876976 3.6063035673328807 0.8
      vertex 3.4967782124876976 4.074065709752696 0.8
    endloop
  endfacet
  facet normal 0 0 1
    outer loop
      vertex 3.4967782124876976 4.074065709752696 0.8
      vertex 3.7260789275169373 3.571428569299834 0.8
      vertex 3.7430825009942055 3.711365709347384 0.8
    endloop
  endfacet
  facet normal 0 0 1
    outer loop
      vertex 3.4510067850351334 3.6063035673328807 0.8
      vertex 3.4967782124876976 4.074065709752696 0.8
      vertex 3.4510067850351334 4.121579284114497 0.8
    endloop
  endfacet
  facet normal 0 0 1
    outer loop
      vertex 3.4967782124876976 4.074065709752696 0.8
      vertex 3.7430825009942055 3.711365709347384 0.8
      vertex 3.553015358746052 4.156023571533816 0.8
    endloop
  endfacet
  facet normal -0.149534163455158 -0.9887565595027756 0
    outer loop
      vertex 3.3760239258408546 4.132919283849852 0.8
      vertex 3.3760239258408546 4.132919283849852 0.6
      vertex 3.4510067850351334 4.121579284114497 0.8
    endloop
  endfacet
  facet normal -1 0 0
    outer loop
      vertex 3.3760239258408546 4.132919283849852 0.8
      vertex 3.3760239258408546 4.156023571533816 0.8
      vertex 3.3760239258408546 4.156023571533816 0.6
    endloop
  endfacet
  facet normal 0 1 0
    outer loop
      vertex 3.3760239258408546 4.156023571533816 0.8
      vertex 3.553015358746052 4.156023571533816 0.8
      vertex 3.553015358746052 4.156023571533816 0.6
    endloop
  endfacet
  facet normal 0 0 1
    outer loop
      vertex 3.3760239258408546 4.132919283849852 0.8
      vertex 3.4510067850351334 4.121579284114497 0.8
      vertex 3.3760239258408546 4.156023571533816 0.8
    endloop
  endfacet
  facet normal 0 0 1
    outer loop
      vertex 3.4967782124876976 4.074065709752696 0.8
      vertex 3.553015358746052 4.156023571533816 0.8
      vertex 3.4510067850351334 4.121579284114497 0.8
    endloop
  endfacet
  facet normal 0 0 1
    outer loop
      vertex 3.3760239258408546 4.156023571533816 0.8
      vertex 3.4510067850351334 4.121579284114497 0.8
      vertex 3.553015358746052 4.156023571533816 0.8
    endloop
  endfacet
  facet normal -0.9061824731825281 0.4228868942126214 0
    outer loop
      vertex 3.7430825009942055 3.711365709347384 0.8
      vertex 3.95059035718441 4.156023571533816 0.6
      vertex 3.7430825009942055 3.711365709347384 0.6
    endloop
  endfacet
  facet normal -1 0 0
    outer loop
      vertex 3.959307499229908 3.6063035673328807 0.8
      vertex 3.959307499229908 4.074065709752696 0.6
      vertex 3.959307499229908 3.6063035673328807 0.6
    endloop
  endfacet
  facet normal 0.907104531691804 -0.42090541524693276 0
    outer loop
      vertex 3.959307499229908 4.074065709752696 0.8
      vertex 3.7260789275169373 3.571428569299834 0.6
      vertex 3.959307499229908 4.074065709752696 0.6
    endloop
  endfacet
  facet normal 1 0 0
    outer loop
      vertex 4.043007500469685 4.121579284114497 0.8
      vertex 4.043007500469685 3.6063035673328807 0.6
      vertex 4.043007500469685 4.121579284114497 0.6
    endloop
  endfacet
  facet normal 0 1 0
    outer loop
      vertex 3.95059035718441 4.156023571533816 0.8
      vertex 4.117990359663963 4.156023571533816 0.6
      vertex 3.95059035718441 4.156023571533816 0.6
    endloop
  endfacet
  facet normal 0.149534163455158 -0.9887565595027756 0
    outer loop
      vertex 4.117990359663963 4.132919283849852 0.8
      vertex 4.043007500469685 4.121579284114497 0.6
      vertex 4.117990359663963 4.132919283849852 0.6
    endloop
  endfacet
  facet normal 1 0 0
    outer loop
      vertex 4.117990359663963 4.156023571533816 0.8
      vertex 4.117990359663963 4.132919283849852 0.6
      vertex 4.117990359663963 4.156023571533816 0.6
    endloop
  endfacet
  facet normal -1 0 0
    outer loop
      vertex 4.468116074800491 3.6063035673328807 0.8
      vertex 4.468116074800491 4.121579284114497 0.6
      vertex 4.468116074800491 3.6063035673328807 0.6
    endloop
  endfacet
  facet normal 0 -1 0
    outer loop
      vertex 4.618075355887413 3.8007292843290736 0.8
      vertex 4.552253216505051 3.8007292843290736 0.6
      vertex 4.618075355887413 3.8007292843290736 0.6
    endloop
  endfacet
  facet normal 0.12884796293105139 -0.9916643597752812 0
    outer loop
      vertex 4.707826249301434 3.812390709561961 0.8
      vertex 4.618075355887413 3.8007292843290736 0.6
      vertex 4.707826249301434 3.812390709561961 0.6
    endloop
  endfacet
  facet normal 0 1 0
    outer loop
      vertex 4.552253216505051 3.8399692869612148 0.8
      vertex 4.597587503492832 3.8399692869612148 0.6
      vertex 4.552253216505051 3.8399692869612148 0.6
    endloop
  endfacet
  facet normal -0.12994132587301432 0.9915216850025839 0
    outer loop
      vertex 4.597587503492832 3.8399692869612148 0.8
      vertex 4.661614462733269 3.848360175532954 0.6
      vertex 4.597587503492832 3.8399692869612148 0.6
    endloop
  endfacet
  facet normal -0.49037271688078987 0.8715128217868929 0
    outer loop
      vertex 4.661614462733269 3.848360175532954 0.8
      vertex 4.70635250210762 3.8735328561493327 0.6
      vertex 4.661614462733269 3.848360175532954 0.6
    endloop
  endfacet
  facet normal 1 0 0
    outer loop
      vertex 4.552253216505051 4.116783568901675 0.8
      vertex 4.552253216505051 3.8399692869612148 0.6
      vertex 4.552253216505051 4.116783568901675 0.6
    endloop
  endfacet
  facet normal 0.4678018813564553 -0.8838333552199539 0
    outer loop
      vertex 4.773923210799694 3.847375000161784 0.8
      vertex 4.707826249301434 3.812390709561961 0.6
      vertex 4.773923210799694 3.847375000161784 0.6
    endloop
  endfacet
  facet normal -0.8588969948528605 0.512148369354746 0
    outer loop
      vertex 4.70635250210762 3.8735328561493327 0.8
      vertex 4.732672676444054 3.9176730311342647 0.6
      vertex 4.70635250210762 3.8735328561493327 0.6
    endloop
  endfacet
  facet normal 0.8158673776234711 -0.5782390700478484 0
    outer loop
      vertex 4.814630538225174 3.9048110714980533 0.8
      vertex 4.773923210799694 3.847375000161784 0.6
      vertex 4.814630538225174 3.9048110714980533 0.6
    endloop
  endfacet
  facet normal -1 0 0
    outer loop
      vertex 4.971216075122356 3.6063035673328807 0.8
      vertex 4.971216075122356 4.121579284114497 0.6
      vertex 4.971216075122356 3.6063035673328807 0.6
    endloop
  endfacet
  facet normal -0.9910894867817913 0.13319770715220863 0
    outer loop
      vertex 4.732672676444054 3.9176730311342647 0.8
      vertex 4.741446070373058 3.9829535729118755 0.6
      vertex 4.732672676444054 3.9176730311342647 0.6
    endloop
  endfacet
  facet normal 0.9855736755028706 -0.1692469502111117 0
    outer loop
      vertex 4.82819963991642 3.983827853841441 0.8
      vertex 4.814630538225174 3.9048110714980533 0.6
      vertex 4.82819963991642 3.983827853841441 0.6
    endloop
  endfacet
  facet normal -0.990870814729362 -0.13481479339290023 0
    outer loop
      vertex 4.741446070373058 3.9829535729118755 0.8
      vertex 4.73305357247591 4.044637317103999 0.6
      vertex 4.741446070373058 3.9829535729118755 0.6
    endloop
  endfacet
  facet normal -0.8532431565263601 -0.521513294021287 0
    outer loop
      vertex 4.73305357247591 4.044637317103999 0.8
      vertex 4.707876071333885 4.085829997701304 0.6
      vertex 4.73305357247591 4.044637317103999 0.6
    endloop
  endfacet
  facet normal -1 0 0
    outer loop
      vertex 4.393133215606213 4.132919283849852 0.8
      vertex 4.393133215606213 4.156023571533816 0.6
      vertex 4.393133215606213 4.132919283849852 0.6
    endloop
  endfacet
  facet normal -0.149534163455158 -0.9887565595027756 0
    outer loop
      vertex 4.468116074800491 4.121579284114497 0.8
      vertex 4.393133215606213 4.132919283849852 0.6
      vertex 4.468116074800491 4.121579284114497 0.6
    endloop
  endfacet
  facet normal 0 1 0
    outer loop
      vertex 4.393133215606213 4.156023571533816 0.8
      vertex 4.613716788589954 4.156023571533816 0.6
      vertex 4.393133215606213 4.156023571533816 0.6
    endloop
  endfacet
  facet normal 0 -1 0
    outer loop
      vertex 4.594971068203449 4.116783568901675 0.8
      vertex 4.552253216505051 4.116783568901675 0.6
      vertex 4.594971068203449 4.116783568901675 0.6
    endloop
  endfacet
  facet normal -0.11323942300188868 -0.9935677294871242 0
    outer loop
      vertex 4.662868037819862 4.109045179826873 0.8
      vertex 4.594971068203449 4.116783568901675 0.6
      vertex 4.662868037819862 4.109045179826873 0.6
    endloop
  endfacet
  facet normal 0.2585167695407823 0.9660067700933561 0
    outer loop
      vertex 4.613716788589954 4.156023571533816 0.8
      vertex 4.774578928947449 4.112974638385432 0.6
      vertex 4.613716788589954 4.156023571533816 0.6
    endloop
  endfacet
  facet normal -0.4584125921186131 -0.8887394980460213 0
    outer loop
      vertex 4.707876071333885 4.085829997701304 0.8
      vertex 4.662868037819862 4.109045179826873 0.6
      vertex 4.707876071333885 4.085829997701304 0.6
    endloop
  endfacet
  facet normal 0.9235597256079019 0.38345460387776914 0
    outer loop
      vertex 4.774578928947449 4.112974638385432 0.8
      vertex 4.82819963991642 3.983827853841441 0.6
      vertex 4.774578928947449 4.112974638385432 0.6
    endloop
  endfacet
  facet normal -1 0 0
    outer loop
      vertex 4.896233215928078 4.132919283849852 0.8
      vertex 4.896233215928078 4.156023571533816 0.6
      vertex 4.896233215928078 4.132919283849852 0.6
    endloop
  endfacet
  facet normal -0.149534163455158 -0.9887565595027756 0
    outer loop
      vertex 4.971216075122356 4.121579284114497 0.8
      vertex 4.896233215928078 4.132919283849852 0.6
      vertex 4.971216075122356 4.121579284114497 0.6
    endloop
  endfacet
  facet normal 0 1 0
    outer loop
      vertex 4.896233215928078 4.156023571533816 0.8
      vertex 5.129898928105831 4.156023571533816 0.6
      vertex 4.896233215928078 4.156023571533816 0.6
    endloop
  endfacet
  facet normal 1 0 0
    outer loop
      vertex 4.043007500469685 3.6063035673328807 0.8
      vertex 4.043007500469685 3.6063035673328807 0.6
      vertex 4.043007500469685 4.121579284114497 0.8
    endloop
  endfacet
  facet normal -0.9061824731825281 0.4228868942126214 0
    outer loop
      vertex 3.7430825009942055 3.711365709347384 0.8
      vertex 3.95059035718441 4.156023571533816 0.8
      vertex 3.95059035718441 4.156023571533816 0.6
    endloop
  endfacet
  facet normal -1 0 0
    outer loop
      vertex 3.959307499229908 3.6063035673328807 0.8
      vertex 3.959307499229908 4.074065709752696 0.8
      vertex 3.959307499229908 4.074065709752696 0.6
    endloop
  endfacet
  facet normal 0 0 1
    outer loop
      vertex 3.7260789275169373 3.571428569299834 0.8
      vertex 3.959307499229908 4.074065709752696 0.8
      vertex 3.7430825009942055 3.711365709347384 0.8
    endloop
  endfacet
  facet normal 0 0 1
    outer loop
      vertex 3.959307499229908 3.6063035673328807 0.8
      vertex 4.043007500469685 3.6063035673328807 0.8
      vertex 3.959307499229908 4.074065709752696 0.8
    endloop
  endfacet
  facet normal 0 0 1
    outer loop
      vertex 3.7430825009942055 3.711365709347384 0.8
      vertex 3.959307499229908 4.074065709752696 0.8
      vertex 3.95059035718441 4.156023571533816 0.8
    endloop
  endfacet
  facet normal 0 0 1
    outer loop
      vertex 4.043007500469685 3.6063035673328807 0.8
      vertex 3.95059035718441 4.156023571533816 0.8
      vertex 3.959307499229908 4.074065709752696 0.8
    endloop
  endfacet
  facet normal 0 0 1
    outer loop
      vertex 4.043007500469685 3.6063035673328807 0.8
      vertex 4.043007500469685 4.121579284114497 0.8
      vertex 3.95059035718441 4.156023571533816 0.8
    endloop
  endfacet
  facet normal 0 1 0
    outer loop
      vertex 3.95059035718441 4.156023571533816 0.8
      vertex 4.117990359663963 4.156023571533816 0.8
      vertex 4.117990359663963 4.156023571533816 0.6
    endloop
  endfacet
  facet normal 0.149534163455158 -0.9887565595027756 0
    outer loop
      vertex 4.043007500469685 4.121579284114497 0.8
      vertex 4.043007500469685 4.121579284114497 0.6
      vertex 4.117990359663963 4.132919283849852 0.8
    endloop
  endfacet
  facet normal 1 0 0
    outer loop
      vertex 4.117990359663963 4.132919283849852 0.8
      vertex 4.117990359663963 4.132919283849852 0.6
      vertex 4.117990359663963 4.156023571533816 0.8
    endloop
  endfacet
  facet normal 0 0 1
    outer loop
      vertex 3.95059035718441 4.156023571533816 0.8
      vertex 4.043007500469685 4.121579284114497 0.8
      vertex 4.117990359663963 4.156023571533816 0.8
    endloop
  endfacet
  facet normal 0 0 1
    outer loop
      vertex 4.043007500469685 4.121579284114497 0.8
      vertex 4.117990359663963 4.132919283849852 0.8
      vertex 4.117990359663963 4.156023571533816 0.8
    endloop
  endfacet
  facet normal 0 -1 0
    outer loop
      vertex 4.552253216505051 3.8007292843290736 0.8
      vertex 4.552253216505051 3.8007292843290736 0.6
      vertex 4.618075355887413 3.8007292843290736 0.8
    endloop
  endfacet
  facet normal 0.12884796293105139 -0.9916643597752812 0
    outer loop
      vertex 4.618075355887413 3.8007292843290736 0.8
      vertex 4.618075355887413 3.8007292843290736 0.6
      vertex 4.707826249301434 3.812390709561961 0.8
    endloop
  endfacet
  facet normal 0 1 0
    outer loop
      vertex 4.552253216505051 3.8399692869612148 0.8
      vertex 4.597587503492832 3.8399692869612148 0.8
      vertex 4.597587503492832 3.8399692869612148 0.6
    endloop
  endfacet
  facet normal -0.12994132587301432 0.9915216850025839 0
    outer loop
      vertex 4.597587503492832 3.8399692869612148 0.8
      vertex 4.661614462733269 3.848360175532954 0.8
      vertex 4.661614462733269 3.848360175532954 0.6
    endloop
  endfacet
  facet normal -1 0 0
    outer loop
      vertex 4.468116074800491 3.6063035673328807 0.8
      vertex 4.468116074800491 4.121579284114497 0.8
      vertex 4.468116074800491 4.121579284114497 0.6
    endloop
  endfacet
  facet normal 1 0 0
    outer loop
      vertex 4.552253216505051 3.8399692869612148 0.8
      vertex 4.552253216505051 3.8399692869612148 0.6
      vertex 4.552253216505051 4.116783568901675 0.8
    endloop
  endfacet
  facet normal 0.4678018813564553 -0.8838333552199539 0
    outer loop
      vertex 4.707826249301434 3.812390709561961 0.8
      vertex 4.707826249301434 3.812390709561961 0.6
      vertex 4.773923210799694 3.847375000161784 0.8
    endloop
  endfacet
  facet normal -0.49037271688078987 0.8715128217868929 0
    outer loop
      vertex 4.661614462733269 3.848360175532954 0.8
      vertex 4.70635250210762 3.8735328561493327 0.8
      vertex 4.70635250210762 3.8735328561493327 0.6
    endloop
  endfacet
  facet normal -0.8588969948528605 0.512148369354746 0
    outer loop
      vertex 4.70635250210762 3.8735328561493327 0.8
      vertex 4.732672676444054 3.9176730311342647 0.8
      vertex 4.732672676444054 3.9176730311342647 0.6
    endloop
  endfacet
  facet normal 0.8158673776234711 -0.5782390700478484 0
    outer loop
      vertex 4.773923210799694 3.847375000161784 0.8
      vertex 4.773923210799694 3.847375000161784 0.6
      vertex 4.814630538225174 3.9048110714980533 0.8
    endloop
  endfacet
  facet normal -0.9910894867817913 0.13319770715220863 0
    outer loop
      vertex 4.732672676444054 3.9176730311342647 0.8
      vertex 4.741446070373058 3.9829535729118755 0.8
      vertex 4.741446070373058 3.9829535729118755 0.6
    endloop
  endfacet
  facet normal 0.9855736755028706 -0.1692469502111117 0
    outer loop
      vertex 4.814630538225174 3.9048110714980533 0.8
      vertex 4.814630538225174 3.9048110714980533 0.6
      vertex 4.82819963991642 3.983827853841441 0.8
    endloop
  endfacet
  facet normal -0.990870814729362 -0.13481479339290023 0
    outer loop
      vertex 4.741446070373058 3.9829535729118755 0.8
      vertex 4.73305357247591 4.044637317103999 0.8
      vertex 4.73305357247591 4.044637317103999 0.6
    endloop
  endfacet
  facet normal 0.9235597256079019 0.38345460387776914 0
    outer loop
      vertex 4.82819963991642 3.983827853841441 0.8
      vertex 4.82819963991642 3.983827853841441 0.6
      vertex 4.774578928947449 4.112974638385432 0.8
    endloop
  endfacet
  facet normal -1 0 0
    outer loop
      vertex 4.971216075122356 3.6063035673328807 0.8
      vertex 4.971216075122356 4.121579284114497 0.8
      vertex 4.971216075122356 4.121579284114497 0.6
    endloop
  endfacet
  facet normal 0 0 1
    outer loop
      vertex 4.468116074800491 3.6063035673328807 0.8
      vertex 4.552253216505051 3.8399692869612148 0.8
      vertex 4.468116074800491 4.121579284114497 0.8
    endloop
  endfacet
  facet normal 0 0 1
    outer loop
      vertex 4.552253216505051 3.8007292843290736 0.8
      vertex 4.597587503492832 3.8399692869612148 0.8
      vertex 4.552253216505051 3.8399692869612148 0.8
    endloop
  endfacet
  facet normal 0 0 1
    outer loop
      vertex 4.552253216505051 3.8007292843290736 0.8
      vertex 4.618075355887413 3.8007292843290736 0.8
      vertex 4.597587503492832 3.8399692869612148 0.8
    endloop
  endfacet
  facet normal 0 0 1
    outer loop
      vertex 4.618075355887413 3.8007292843290736 0.8
      vertex 4.707826249301434 3.812390709561961 0.8
      vertex 4.661614462733269 3.848360175532954 0.8
    endloop
  endfacet
  facet normal 0 0 1
    outer loop
      vertex 4.597587503492832 3.8399692869612148 0.8
      vertex 4.618075355887413 3.8007292843290736 0.8
      vertex 4.661614462733269 3.848360175532954 0.8
    endloop
  endfacet
  facet normal 0 0 1
    outer loop
      vertex 4.552253216505051 3.8399692869612148 0.8
      vertex 4.552253216505051 4.116783568901675 0.8
      vertex 4.468116074800491 4.121579284114497 0.8
    endloop
  endfacet
  facet normal 0 0 1
    outer loop
      vertex 4.661614462733269 3.848360175532954 0.8
      vertex 4.707826249301434 3.812390709561961 0.8
      vertex 4.70635250210762 3.8735328561493327 0.8
    endloop
  endfacet
  facet normal 0 0 1
    outer loop
      vertex 4.707826249301434 3.812390709561961 0.8
      vertex 4.773923210799694 3.847375000161784 0.8
      vertex 4.70635250210762 3.8735328561493327 0.8
    endloop
  endfacet
  facet normal 0 0 1
    outer loop
      vertex 4.773923210799694 3.847375000161784 0.8
      vertex 4.732672676444054 3.9176730311342647 0.8
      vertex 4.70635250210762 3.8735328561493327 0.8
    endloop
  endfacet
  facet normal 0 0 1
    outer loop
      vertex 4.773923210799694 3.847375000161784 0.8
      vertex 4.814630538225174 3.9048110714980533 0.8
      vertex 4.732672676444054 3.9176730311342647 0.8
    endloop
  endfacet
  facet normal 0 0 1
    outer loop
      vertex 4.971216075122356 3.6063035673328807 0.8
      vertex 5.054916068911552 3.6063035673328807 0.8
      vertex 4.971216075122356 4.121579284114497 0.8
    endloop
  endfacet
  facet normal 0 0 1
    outer loop
      vertex 4.732672676444054 3.9176730311342647 0.8
      vertex 4.814630538225174 3.9048110714980533 0.8
      vertex 4.741446070373058 3.9829535729118755 0.8
    endloop
  endfacet
  facet normal 0 0 1
    outer loop
      vertex 4.741446070373058 3.9829535729118755 0.8
      vertex 4.814630538225174 3.9048110714980533 0.8
      vertex 4.82819963991642 3.983827853841441 0.8
    endloop
  endfacet
  facet normal 0 0 1
    outer loop
      vertex 4.741446070373058 3.9829535729118755 0.8
      vertex 4.82819963991642 3.983827853841441 0.8
      vertex 4.73305357247591 4.044637317103999 0.8
    endloop
  endfacet
  facet normal 0 0 1
    outer loop
      vertex 4.73305357247591 4.044637317103999 0.8
      vertex 4.82819963991642 3.983827853841441 0.8
      vertex 4.774578928947449 4.112974638385432 0.8
    endloop
  endfacet
  facet normal -0.149534163455158 -0.9887565595027756 0
    outer loop
      vertex 4.393133215606213 4.132919283849852 0.8
      vertex 4.393133215606213 4.132919283849852 0.6
      vertex 4.468116074800491 4.121579284114497 0.8
    endloop
  endfacet
  facet normal -1 0 0
    outer loop
      vertex 4.393133215606213 4.132919283849852 0.8
      vertex 4.393133215606213 4.156023571533816 0.8
      vertex 4.393133215606213 4.156023571533816 0.6
    endloop
  endfacet
  facet normal 0 -1 0
    outer loop
      vertex 4.552253216505051 4.116783568901675 0.8
      vertex 4.552253216505051 4.116783568901675 0.6
      vertex 4.594971068203449 4.116783568901675 0.8
    endloop
  endfacet
  facet normal -0.4584125921186131 -0.8887394980460213 0
    outer loop
      vertex 4.662868037819862 4.109045179826873 0.8
      vertex 4.662868037819862 4.109045179826873 0.6
      vertex 4.707876071333885 4.085829997701304 0.8
    endloop
  endfacet
  facet normal -0.11323942300188868 -0.9935677294871242 0
    outer loop
      vertex 4.594971068203449 4.116783568901675 0.8
      vertex 4.594971068203449 4.116783568901675 0.6
      vertex 4.662868037819862 4.109045179826873 0.8
    endloop
  endfacet
  facet normal 0 1 0
    outer loop
      vertex 4.393133215606213 4.156023571533816 0.8
      vertex 4.613716788589954 4.156023571533816 0.8
      vertex 4.613716788589954 4.156023571533816 0.6
    endloop
  endfacet
  facet normal -0.8532431565263601 -0.521513294021287 0
    outer loop
      vertex 4.73305357247591 4.044637317103999 0.8
      vertex 4.707876071333885 4.085829997701304 0.8
      vertex 4.707876071333885 4.085829997701304 0.6
    endloop
  endfacet
  facet normal 0.2585167695407823 0.9660067700933561 0
    outer loop
      vertex 4.613716788589954 4.156023571533816 0.8
      vertex 4.774578928947449 4.112974638385432 0.8
      vertex 4.774578928947449 4.112974638385432 0.6
    endloop
  endfacet
  facet normal -0.149534163455158 -0.9887565595027756 0
    outer loop
      vertex 4.896233215928078 4.132919283849852 0.8
      vertex 4.896233215928078 4.132919283849852 0.6
      vertex 4.971216075122356 4.121579284114497 0.8
    endloop
  endfacet
  facet normal -1 0 0
    outer loop
      vertex 4.896233215928078 4.132919283849852 0.8
      vertex 4.896233215928078 4.156023571533816 0.8
      vertex 4.896233215928078 4.156023571533816 0.6
    endloop
  endfacet
  facet normal 0 0 1
    outer loop
      vertex 4.393133215606213 4.132919283849852 0.8
      vertex 4.468116074800491 4.121579284114497 0.8
      vertex 4.393133215606213 4.156023571533816 0.8
    endloop
  endfacet
  facet normal 0 0 1
    outer loop
      vertex 4.393133215606213 4.156023571533816 0.8
      vertex 4.468116074800491 4.121579284114497 0.8
      vertex 4.613716788589954 4.156023571533816 0.8
    endloop
  endfacet
  facet normal 0 0 1
    outer loop
      vertex 4.552253216505051 4.116783568901675 0.8
      vertex 4.613716788589954 4.156023571533816 0.8
      vertex 4.468116074800491 4.121579284114497 0.8
    endloop
  endfacet
  facet normal 0 0 1
    outer loop
      vertex 4.552253216505051 4.116783568901675 0.8
      vertex 4.594971068203449 4.116783568901675 0.8
      vertex 4.613716788589954 4.156023571533816 0.8
    endloop
  endfacet
  facet normal 0 0 1
    outer loop
      vertex 4.594971068203449 4.116783568901675 0.8
      vertex 4.662868037819862 4.109045179826873 0.8
      vertex 4.613716788589954 4.156023571533816 0.8
    endloop
  endfacet
  facet normal 0 0 1
    outer loop
      vertex 4.662868037819862 4.109045179826873 0.8
      vertex 4.774578928947449 4.112974638385432 0.8
      vertex 4.613716788589954 4.156023571533816 0.8
    endloop
  endfacet
  facet normal 0 0 1
    outer loop
      vertex 4.73305357247591 4.044637317103999 0.8
      vertex 4.774578928947449 4.112974638385432 0.8
      vertex 4.707876071333885 4.085829997701304 0.8
    endloop
  endfacet
  facet normal 0 0 1
    outer loop
      vertex 4.662868037819862 4.109045179826873 0.8
      vertex 4.707876071333885 4.085829997701304 0.8
      vertex 4.774578928947449 4.112974638385432 0.8
    endloop
  endfacet
  facet normal 0 0 1
    outer loop
      vertex 4.896233215928078 4.132919283849852 0.8
      vertex 4.971216075122356 4.121579284114497 0.8
      vertex 4.896233215928078 4.156023571533816 0.8
    endloop
  endfacet
  facet normal 0 0 1
    outer loop
      vertex 4.896233215928078 4.156023571533816 0.8
      vertex 4.971216075122356 4.121579284114497 0.8
      vertex 5.054916068911552 4.121579284114497 0.8
    endloop
  endfacet
  facet normal 0 -1 0
    outer loop
      vertex 5.153655357658863 0.7067785656877925 0.8
      vertex 5.140819646418095 0.7067785656877925 0.6
      vertex 5.153655357658863 0.7067785656877925 0.6
    endloop
  endfacet
  facet normal -1 0 0
    outer loop
      vertex 5.303358927369118 0.7142857110926082 0.8
      vertex 5.303358927369118 0.7271214223333766 0.6
      vertex 5.303358927369118 0.7142857110926082 0.6
    endloop
  endfacet
  facet normal 0.9327989380900702 -0.3603971990707441 0
    outer loop
      vertex 5.056541070342064 0.9305607101746967 0.8
      vertex 4.9700803607702255 0.7067785656877925 0.6
      vertex 5.056541070342064 0.9305607101746967 0.6
    endloop
  endfacet
  facet normal -0.9358329192991854 -0.3524439631430285 0
    outer loop
      vertex 5.140819646418095 0.7067785656877925 0.8
      vertex 5.056541070342064 0.9305607101746967 0.6
      vertex 5.140819646418095 0.7067785656877925 0.6
    endloop
  endfacet
  facet normal -0.9322305847808139 0.3618648045875995 0
    outer loop
      vertex 4.974923215806484 0.7910607105919292 0.8
      vertex 5.062351785600185 1.0162928572722842 0.6
      vertex 4.974923215806484 0.7910607105919292 0.6
    endloop
  endfacet
  facet normal -0.9519540371966185 0.3062409362986258 0
    outer loop
      vertex 5.15753035992384 0.7910607105919292 0.8
      vertex 5.2311553582549095 1.0199250004121234 0.6
      vertex 5.15753035992384 0.7910607105919292 0.6
    endloop
  endfacet
  facet normal 0.9471327705064903 -0.3208418847854811 0
    outer loop
      vertex 5.259733930230141 1.0199250004121234 0.8
      vertex 5.153655357658863 0.7067785656877925 0.6
      vertex 5.259733930230141 1.0199250004121234 0.6
    endloop
  endfacet
  facet normal -0.15507959517321107 0.987901978518574 0
    outer loop
      vertex 5.303358927369118 0.7271214223333766 0.8
      vertex 5.345016069710255 0.7336607075163295 0.6
      vertex 5.303358927369118 0.7271214223333766 0.6
    endloop
  endfacet
  facet normal 0 -1 0
    outer loop
      vertex 5.414037503302097 0.7142857110926082 0.8
      vertex 5.303358927369118 0.7142857110926082 0.6
      vertex 5.414037503302097 0.7142857110926082 0.6
    endloop
  endfacet
  facet normal 0.14834834611643793 0.9889351688581601 0
    outer loop
      vertex 5.370444640517235 0.7336607075163295 0.8
      vertex 5.414037503302097 0.7271214223333766 0.6
      vertex 5.370444640517235 0.7336607075163295 0.6
    endloop
  endfacet
  facet normal 1 0 0
    outer loop
      vertex 5.414037503302097 0.7271214223333766 0.8
      vertex 5.414037503302097 0.7142857110926082 0.6
      vertex 5.414037503302097 0.7271214223333766 0.6
    endloop
  endfacet
  facet normal 0 -1 0
    outer loop
      vertex 5.594226785004139 0.7142857110926082 0.8
      vertex 5.570733927190304 0.7142857110926082 0.6
      vertex 5.594226785004139 0.7142857110926082 0.6
    endloop
  endfacet
  facet normal -1 0 0
    outer loop
      vertex 5.345016069710255 0.7336607075163295 0.8
      vertex 5.345016069710255 1.0199250004121234 0.6
      vertex 5.345016069710255 0.7336607075163295 0.6
    endloop
  endfacet
  facet normal 1 0 0
    outer loop
      vertex 5.370444640517235 1.006364280624049 0.8
      vertex 5.370444640517235 0.7336607075163295 0.6
      vertex 5.370444640517235 1.006364280624049 0.6
    endloop
  endfacet
  facet normal -0.824719845064736 -0.5655414902165867 0
    outer loop
      vertex 5.570733927190304 0.7142857110926082 0.8
      vertex 5.370444640517235 1.006364280624049 0.6
      vertex 5.570733927190304 0.7142857110926082 0.6
    endloop
  endfacet
  facet normal -1 0 0
    outer loop
      vertex 5.568794645369053 0.7985678559967448 0.8
      vertex 5.568794645369053 1.0199250004121234 0.6
      vertex 5.568794645369053 0.7985678559967448 0.6
    endloop
  endfacet
  facet normal 1 0 0
    outer loop
      vertex 5.594226785004139 1.0199250004121234 0.8
      vertex 5.594226785004139 0.7142857110926082 0.6
      vertex 5.594226785004139 1.0199250004121234 0.6
    endloop
  endfacet
  facet normal 0.936579774132752 0.35045445736278397 0
    outer loop
      vertex 5.073251783847809 1.0162928572722842 0.8
      vertex 5.15753035992384 0.7910607105919292 0.6
      vertex 5.073251783847809 1.0162928572722842 0.6
    endloop
  endfacet
  facet normal 0 1 0
    outer loop
      vertex 5.062351785600185 1.0162928572722842 0.8
      vertex 5.073251783847809 1.0162928572722842 0.6
      vertex 5.062351785600185 1.0162928572722842 0.6
    endloop
  endfacet
  facet normal -1 0 0
    outer loop
      vertex 5.180541068315506 1.026224995298045 0.8
      vertex 5.180541068315506 1.039060713989394 0.6
      vertex 5.180541068315506 1.026224995298045 0.6
    endloop
  endfacet
  facet normal -0.1235175282212986 -0.9923423906203447 0
    outer loop
      vertex 5.2311553582549095 1.0199250004121234 0.8
      vertex 5.180541068315506 1.026224995298045 0.6
      vertex 5.2311553582549095 1.0199250004121234 0.6
    endloop
  endfacet
  facet normal 0 1 0
    outer loop
      vertex 5.180541068315506 1.039060713989394 0.8
      vertex 5.2880696430802345 1.039060713989394 0.6
      vertex 5.180541068315506 1.039060713989394 0.6
    endloop
  endfacet
  facet normal 0.21703451751074146 -0.9761639299876224 0
    outer loop
      vertex 5.2880696430802345 1.026224995298045 0.8
      vertex 5.259733930230141 1.0199250004121234 0.6
      vertex 5.2880696430802345 1.026224995298045 0.6
    endloop
  endfacet
  facet normal 1 0 0
    outer loop
      vertex 5.2880696430802345 1.039060713989394 0.8
      vertex 5.2880696430802345 1.026224995298045 0.6
      vertex 5.2880696430802345 1.039060713989394 0.6
    endloop
  endfacet
  facet normal -1 0 0
    outer loop
      vertex 5.303358927369118 1.026224995298045 0.8
      vertex 5.303358927369118 1.039060713989394 0.6
      vertex 5.303358927369118 1.026224995298045 0.6
    endloop
  endfacet
  facet normal 0.8212128117190912 0.5706220446744275 0
    outer loop
      vertex 5.401687502861023 1.039060713989394 0.8
      vertex 5.568794645369053 0.7985678559967448 0.6
      vertex 5.401687502861023 1.039060713989394 0.6
    endloop
  endfacet
  facet normal -0.1495340540058639 -0.9887565760552853 0
    outer loop
      vertex 5.345016069710255 1.0199250004121234 0.8
      vertex 5.303358927369118 1.026224995298045 0.6
      vertex 5.345016069710255 1.0199250004121234 0.6
    endloop
  endfacet
  facet normal 0 1 0
    outer loop
      vertex 5.303358927369118 1.039060713989394 0.8
      vertex 5.401687502861023 1.039060713989394 0.6
      vertex 5.303358927369118 1.039060713989394 0.6
    endloop
  endfacet
  facet normal -1 0 0
    outer loop
      vertex 5.52520178258419 1.026224995298045 0.8
      vertex 5.52520178258419 1.039060713989394 0.6
      vertex 5.52520178258419 1.026224995298045 0.6
    endloop
  endfacet
  facet normal -0.14303299755020718 -0.9897179202236376 0
    outer loop
      vertex 5.568794645369053 1.0199250004121234 0.8
      vertex 5.52520178258419 1.026224995298045 0.6
      vertex 5.568794645369053 1.0199250004121234 0.6
    endloop
  endfacet
  facet normal 0 1 0
    outer loop
      vertex 5.52520178258419 1.039060713989394 0.8
      vertex 5.635883927345276 1.039060713989394 0.6
      vertex 5.52520178258419 1.039060713989394 0.6
    endloop
  endfacet
  facet normal 0.1495340540058639 -0.9887565760552853 0
    outer loop
      vertex 5.635883927345276 1.026224995298045 0.8
      vertex 5.594226785004139 1.0199250004121234 0.6
      vertex 5.635883927345276 1.026224995298045 0.6
    endloop
  endfacet
  facet normal -1 0 0
    outer loop
      vertex 5.66157678514719 0.7142857110926082 0.8
      vertex 5.66157678514719 0.7271214223333766 0.6
      vertex 5.66157678514719 0.7142857110926082 0.6
    endloop
  endfacet
  facet normal -0.15507959517321107 0.987901978518574 0
    outer loop
      vertex 5.66157678514719 0.7271214223333766 0.8
      vertex 5.703233927488327 0.7336607075163295 0.6
      vertex 5.66157678514719 0.7271214223333766 0.6
    endloop
  endfacet
  facet normal 0 -1 0
    outer loop
      vertex 5.772255353629589 0.7142857110926082 0.8
      vertex 5.66157678514719 0.7142857110926082 0.6
      vertex 5.772255353629589 0.7142857110926082 0.6
    endloop
  endfacet
  facet normal 0.14834837091309588 0.9889351651384587 0
    outer loop
      vertex 5.728662498295307 0.7336607075163295 0.8
      vertex 5.772255353629589 0.7271214223333766 0.6
      vertex 5.728662498295307 0.7336607075163295 0.6
    endloop
  endfacet
  facet normal 1 0 0
    outer loop
      vertex 5.772255353629589 0.7271214223333766 0.8
      vertex 5.772255353629589 0.7142857110926082 0.6
      vertex 5.772255353629589 0.7271214223333766 0.6
    endloop
  endfacet
  facet normal -1 0 0
    outer loop
      vertex 5.703233927488327 0.7336607075163295 0.8
      vertex 5.703233927488327 1.0199250004121234 0.6
      vertex 5.703233927488327 0.7336607075163295 0.6
    endloop
  endfacet
  facet normal 1 0 0
    outer loop
      vertex 5.728662498295307 1.006364280624049 0.8
      vertex 5.728662498295307 0.7336607075163295 0.6
      vertex 5.728662498295307 1.006364280624049 0.6
    endloop
  endfacet
  facet normal -0.824719845064736 -0.5655414902165867 0
    outer loop
      vertex 5.928951784968376 0.7142857110926082 0.8
      vertex 5.728662498295307 1.006364280624049 0.6
      vertex 5.928951784968376 0.7142857110926082 0.6
    endloop
  endfacet
  facet normal -1 0 0
    outer loop
      vertex 5.927012503147125 0.7985678559967448 0.8
      vertex 5.927012503147125 1.0199250004121234 0.6
      vertex 5.927012503147125 0.7985678559967448 0.6
    endloop
  endfacet
  facet normal 0 -1 0
    outer loop
      vertex 5.952444642782211 0.7142857110926082 0.8
      vertex 5.928951784968376 0.7142857110926082 0.6
      vertex 5.952444642782211 0.7142857110926082 0.6
    endloop
  endfacet
  facet normal -1 0 0
    outer loop
      vertex 6.0197946429252625 0.7142857110926082 0.8
      vertex 6.0197946429252625 0.7271214223333766 0.6
      vertex 6.0197946429252625 0.7142857110926082 0.6
    endloop
  endfacet
  facet normal -0.15507959517321107 0.987901978518574 0
    outer loop
      vertex 6.0197946429252625 0.7271214223333766 0.8
      vertex 6.061451785266399 0.7336607075163295 0.6
      vertex 6.0197946429252625 0.7271214223333766 0.6
    endloop
  endfacet
  facet normal 0 -1 0
    outer loop
      vertex 6.130473211407661 0.7142857110926082 0.8
      vertex 6.0197946429252625 0.7142857110926082 0.6
      vertex 6.130473211407661 0.7142857110926082 0.6
    endloop
  endfacet
  facet normal 0.14834837091309588 0.9889351651384587 0
    outer loop
      vertex 6.0868803560733795 0.7336607075163295 0.8
      vertex 6.130473211407661 0.7271214223333766 0.6
      vertex 6.0868803560733795 0.7336607075163295 0.6
    endloop
  endfacet
  facet normal 1 0 0
    outer loop
      vertex 6.130473211407661 0.7271214223333766 0.8
      vertex 6.130473211407661 0.7142857110926082 0.6
      vertex 6.130473211407661 0.7271214223333766 0.6
    endloop
  endfacet
  facet normal -1 0 0
    outer loop
      vertex 6.061451785266399 0.7336607075163295 0.8
      vertex 6.061451785266399 1.0199250004121234 0.6
      vertex 6.061451785266399 0.7336607075163295 0.6
    endloop
  endfacet
  facet normal 1 0 0
    outer loop
      vertex 5.952444642782211 1.0199250004121234 0.8
      vertex 5.952444642782211 0.7142857110926082 0.6
      vertex 5.952444642782211 1.0199250004121234 0.6
    endloop
  endfacet
  facet normal 1 0 0
    outer loop
      vertex 6.0868803560733795 1.006364280624049 0.8
      vertex 6.0868803560733795 0.7336607075163295 0.6
      vertex 6.0868803560733795 1.006364280624049 0.6
    endloop
  endfacet
  facet normal -0.824719845064736 -0.5655414902165867 0
    outer loop
      vertex 6.2871696427464485 0.7142857110926082 0.8
      vertex 6.0868803560733795 1.006364280624049 0.6
      vertex 6.2871696427464485 0.7142857110926082 0.6
    endloop
  endfacet
  facet normal 1 0 0
    outer loop
      vertex 5.635883927345276 1.039060713989394 0.8
      vertex 5.635883927345276 1.026224995298045 0.6
      vertex 5.635883927345276 1.039060713989394 0.6
    endloop
  endfacet
  facet normal -1 0 0
    outer loop
      vertex 5.66157678514719 1.026224995298045 0.8
      vertex 5.66157678514719 1.039060713989394 0.6
      vertex 5.66157678514719 1.026224995298045 0.6
    endloop
  endfacet
  facet normal -0.1495340540058639 -0.9887565760552853 0
    outer loop
      vertex 5.703233927488327 1.0199250004121234 0.8
      vertex 5.66157678514719 1.026224995298045 0.6
      vertex 5.703233927488327 1.0199250004121234 0.6
    endloop
  endfacet
  facet normal 0 1 0
    outer loop
      vertex 5.66157678514719 1.039060713989394 0.8
      vertex 5.759905360639095 1.039060713989394 0.6
      vertex 5.66157678514719 1.039060713989394 0.6
    endloop
  endfacet
  facet normal 0.8212128117190912 0.5706220446744275 0
    outer loop
      vertex 5.759905360639095 1.039060713989394 0.8
      vertex 5.927012503147125 0.7985678559967448 0.6
      vertex 5.759905360639095 1.039060713989394 0.6
    endloop
  endfacet
  facet normal -1 0 0
    outer loop
      vertex 5.883419640362263 1.026224995298045 0.8
      vertex 5.883419640362263 1.039060713989394 0.6
      vertex 5.883419640362263 1.026224995298045 0.6
    endloop
  endfacet
  facet normal -0.14303299755020718 -0.9897179202236376 0
    outer loop
      vertex 5.927012503147125 1.0199250004121234 0.8
      vertex 5.883419640362263 1.026224995298045 0.6
      vertex 5.927012503147125 1.0199250004121234 0.6
    endloop
  endfacet
  facet normal 0 1 0
    outer loop
      vertex 5.883419640362263 1.039060713989394 0.8
      vertex 5.994101785123348 1.039060713989394 0.6
      vertex 5.883419640362263 1.039060713989394 0.6
    endloop
  endfacet
  facet normal 0.1495340540058639 -0.9887565760552853 0
    outer loop
      vertex 5.994101785123348 1.026224995298045 0.8
      vertex 5.952444642782211 1.0199250004121234 0.6
      vertex 5.994101785123348 1.026224995298045 0.6
    endloop
  endfacet
  facet normal 1 0 0
    outer loop
      vertex 5.994101785123348 1.039060713989394 0.8
      vertex 5.994101785123348 1.026224995298045 0.6
      vertex 5.994101785123348 1.039060713989394 0.6
    endloop
  endfacet
  facet normal -1 0 0
    outer loop
      vertex 6.0197946429252625 1.026224995298045 0.8
      vertex 6.0197946429252625 1.039060713989394 0.6
      vertex 6.0197946429252625 1.026224995298045 0.6
    endloop
  endfacet
  facet normal -0.1495340540058639 -0.9887565760552853 0
    outer loop
      vertex 6.061451785266399 1.0199250004121234 0.8
      vertex 6.0197946429252625 1.026224995298045 0.6
      vertex 6.061451785266399 1.0199250004121234 0.6
    endloop
  endfacet
  facet normal 0 1 0
    outer loop
      vertex 6.0197946429252625 1.039060713989394 0.8
      vertex 6.118123210966587 1.039060713989394 0.6
      vertex 6.0197946429252625 1.039060713989394 0.6
    endloop
  endfacet
  facet normal 0.8212128117190912 0.5706220446744275 0
    outer loop
      vertex 6.118123210966587 1.039060713989394 0.8
      vertex 6.285230353474617 0.7985678559967448 0.6
      vertex 6.118123210966587 1.039060713989394 0.6
    endloop
  endfacet
  facet normal -1 0 0
    outer loop
      vertex 6.241637498140335 1.026224995298045 0.8
      vertex 6.241637498140335 1.039060713989394 0.6
      vertex 6.241637498140335 1.026224995298045 0.6
    endloop
  endfacet
  facet normal 0 -1 0
    outer loop
      vertex 5.140819646418095 0.7067785656877925 0.8
      vertex 5.140819646418095 0.7067785656877925 0.6
      vertex 5.153655357658863 0.7067785656877925 0.8
    endloop
  endfacet
  facet normal -1 0 0
    outer loop
      vertex 5.303358927369118 0.7142857110926082 0.8
      vertex 5.303358927369118 0.7271214223333766 0.8
      vertex 5.303358927369118 0.7271214223333766 0.6
    endloop
  endfacet
  facet normal -0.9358329192991854 -0.3524439631430285 0
    outer loop
      vertex 5.056541070342064 0.9305607101746967 0.8
      vertex 5.056541070342064 0.9305607101746967 0.6
      vertex 5.140819646418095 0.7067785656877925 0.8
    endloop
  endfacet
  facet normal 0.936579774132752 0.35045445736278397 0
    outer loop
      vertex 5.073251783847809 1.0162928572722842 0.8
      vertex 5.15753035992384 0.7910607105919292 0.8
      vertex 5.15753035992384 0.7910607105919292 0.6
    endloop
  endfacet
  facet normal 0.9471327705064903 -0.3208418847854811 0
    outer loop
      vertex 5.153655357658863 0.7067785656877925 0.8
      vertex 5.153655357658863 0.7067785656877925 0.6
      vertex 5.259733930230141 1.0199250004121234 0.8
    endloop
  endfacet
  facet normal 0 -1 0
    outer loop
      vertex 5.303358927369118 0.7142857110926082 0.8
      vertex 5.303358927369118 0.7142857110926082 0.6
      vertex 5.414037503302097 0.7142857110926082 0.8
    endloop
  endfacet
  facet normal -0.15507959517321107 0.987901978518574 0
    outer loop
      vertex 5.303358927369118 0.7271214223333766 0.8
      vertex 5.345016069710255 0.7336607075163295 0.8
      vertex 5.345016069710255 0.7336607075163295 0.6
    endloop
  endfacet
  facet normal 1 0 0
    outer loop
      vertex 5.414037503302097 0.7142857110926082 0.8
      vertex 5.414037503302097 0.7142857110926082 0.6
      vertex 5.414037503302097 0.7271214223333766 0.8
    endloop
  endfacet
  facet normal 0.14834834611643793 0.9889351688581601 0
    outer loop
      vertex 5.370444640517235 0.7336607075163295 0.8
      vertex 5.414037503302097 0.7271214223333766 0.8
      vertex 5.414037503302097 0.7271214223333766 0.6
    endloop
  endfacet
  facet normal 0 -1 0
    outer loop
      vertex 5.570733927190304 0.7142857110926082 0.8
      vertex 5.570733927190304 0.7142857110926082 0.6
      vertex 5.594226785004139 0.7142857110926082 0.8
    endloop
  endfacet
  facet normal 1 0 0
    outer loop
      vertex 5.370444640517235 0.7336607075163295 0.8
      vertex 5.370444640517235 0.7336607075163295 0.6
      vertex 5.370444640517235 1.006364280624049 0.8
    endloop
  endfacet
  facet normal -1 0 0
    outer loop
      vertex 5.345016069710255 0.7336607075163295 0.8
      vertex 5.345016069710255 1.0199250004121234 0.8
      vertex 5.345016069710255 1.0199250004121234 0.6
    endloop
  endfacet
  facet normal -0.824719845064736 -0.5655414902165867 0
    outer loop
      vertex 5.370444640517235 1.006364280624049 0.8
      vertex 5.370444640517235 1.006364280624049 0.6
      vertex 5.570733927190304 0.7142857110926082 0.8
    endloop
  endfacet
  facet normal 1 0 0
    outer loop
      vertex 5.594226785004139 0.7142857110926082 0.8
      vertex 5.594226785004139 0.7142857110926082 0.6
      vertex 5.594226785004139 1.0199250004121234 0.8
    endloop
  endfacet
  facet normal 0.8212128117190912 0.5706220446744275 0
    outer loop
      vertex 5.401687502861023 1.039060713989394 0.8
      vertex 5.568794645369053 0.7985678559967448 0.8
      vertex 5.568794645369053 0.7985678559967448 0.6
    endloop
  endfacet
  facet normal 0 0 1
    outer loop
      vertex 4.9700803607702255 0.7067785656877925 0.8
      vertex 5.056541070342064 0.9305607101746967 0.8
      vertex 4.974923215806484 0.7910607105919292 0.8
    endloop
  endfacet
  facet normal 0 0 1
    outer loop
      vertex 5.056541070342064 0.9305607101746967 0.8
      vertex 5.140819646418095 0.7067785656877925 0.8
      vertex 5.15753035992384 0.7910607105919292 0.8
    endloop
  endfacet
  facet normal 0 0 1
    outer loop
      vertex 4.974923215806484 0.7910607105919292 0.8
      vertex 5.056541070342064 0.9305607101746967 0.8
      vertex 5.062351785600185 1.0162928572722842 0.8
    endloop
  endfacet
  facet normal 0 0 1
    outer loop
      vertex 5.056541070342064 0.9305607101746967 0.8
      vertex 5.15753035992384 0.7910607105919292 0.8
      vertex 5.062351785600185 1.0162928572722842 0.8
    endloop
  endfacet
  facet normal 0 0 1
    outer loop
      vertex 5.140819646418095 0.7067785656877925 0.8
      vertex 5.153655357658863 0.7067785656877925 0.8
      vertex 5.259733930230141 1.0199250004121234 0.8
    endloop
  endfacet
  facet normal 0 0 1
    outer loop
      vertex 5.140819646418095 0.7067785656877925 0.8
      vertex 5.259733930230141 1.0199250004121234 0.8
      vertex 5.15753035992384 0.7910607105919292 0.8
    endloop
  endfacet
  facet normal 0 0 1
    outer loop
      vertex 5.303358927369118 0.7142857110926082 0.8
      vertex 5.345016069710255 0.7336607075163295 0.8
      vertex 5.303358927369118 0.7271214223333766 0.8
    endloop
  endfacet
  facet normal 0 0 1
    outer loop
      vertex 5.303358927369118 0.7142857110926082 0.8
      vertex 5.414037503302097 0.7142857110926082 0.8
      vertex 5.345016069710255 0.7336607075163295 0.8
    endloop
  endfacet
  facet normal 0 0 1
    outer loop
      vertex 5.345016069710255 0.7336607075163295 0.8
      vertex 5.414037503302097 0.7142857110926082 0.8
      vertex 5.370444640517235 0.7336607075163295 0.8
    endloop
  endfacet
  facet normal 0 0 1
    outer loop
      vertex 5.370444640517235 0.7336607075163295 0.8
      vertex 5.414037503302097 0.7142857110926082 0.8
      vertex 5.414037503302097 0.7271214223333766 0.8
    endloop
  endfacet
  facet normal 0 0 1
    outer loop
      vertex 5.345016069710255 0.7336607075163295 0.8
      vertex 5.370444640517235 0.7336607075163295 0.8
      vertex 5.370444640517235 1.006364280624049 0.8
    endloop
  endfacet
  facet normal 0 0 1
    outer loop
      vertex 5.345016069710255 0.7336607075163295 0.8
      vertex 5.370444640517235 1.006364280624049 0.8
      vertex 5.345016069710255 1.0199250004121234 0.8
    endloop
  endfacet
  facet normal 0 0 1
    outer loop
      vertex 5.370444640517235 1.006364280624049 0.8
      vertex 5.570733927190304 0.7142857110926082 0.8
      vertex 5.594226785004139 0.7142857110926082 0.8
    endloop
  endfacet
  facet normal 0 0 1
    outer loop
      vertex 5.370444640517235 1.006364280624049 0.8
      vertex 5.594226785004139 0.7142857110926082 0.8
      vertex 5.568794645369053 0.7985678559967448 0.8
    endloop
  endfacet
  facet normal 0 0 1
    outer loop
      vertex 5.568794645369053 0.7985678559967448 0.8
      vertex 5.594226785004139 0.7142857110926082 0.8
      vertex 5.594226785004139 1.0199250004121234 0.8
    endloop
  endfacet
  facet normal -0.9322305847808139 0.3618648045875995 0
    outer loop
      vertex 4.974923215806484 0.7910607105919292 0.8
      vertex 5.062351785600185 1.0162928572722842 0.8
      vertex 5.062351785600185 1.0162928572722842 0.6
    endloop
  endfacet
  facet normal 0 1 0
    outer loop
      vertex 5.062351785600185 1.0162928572722842 0.8
      vertex 5.073251783847809 1.0162928572722842 0.8
      vertex 5.073251783847809 1.0162928572722842 0.6
    endloop
  endfacet
  facet normal -0.9519540371966185 0.3062409362986258 0
    outer loop
      vertex 5.15753035992384 0.7910607105919292 0.8
      vertex 5.2311553582549095 1.0199250004121234 0.8
      vertex 5.2311553582549095 1.0199250004121234 0.6
    endloop
  endfacet
  facet normal -1 0 0
    outer loop
      vertex 5.180541068315506 1.026224995298045 0.8
      vertex 5.180541068315506 1.039060713989394 0.8
      vertex 5.180541068315506 1.039060713989394 0.6
    endloop
  endfacet
  facet normal -0.1235175282212986 -0.9923423906203447 0
    outer loop
      vertex 5.180541068315506 1.026224995298045 0.8
      vertex 5.180541068315506 1.026224995298045 0.6
      vertex 5.2311553582549095 1.0199250004121234 0.8
    endloop
  endfacet
  facet normal 0.21703451751074146 -0.9761639299876224 0
    outer loop
      vertex 5.259733930230141 1.0199250004121234 0.8
      vertex 5.259733930230141 1.0199250004121234 0.6
      vertex 5.2880696430802345 1.026224995298045 0.8
    endloop
  endfacet
  facet normal 0 1 0
    outer loop
      vertex 5.180541068315506 1.039060713989394 0.8
      vertex 5.2880696430802345 1.039060713989394 0.8
      vertex 5.2880696430802345 1.039060713989394 0.6
    endloop
  endfacet
  facet normal 1 0 0
    outer loop
      vertex 5.2880696430802345 1.026224995298045 0.8
      vertex 5.2880696430802345 1.026224995298045 0.6
      vertex 5.2880696430802345 1.039060713989394 0.8
    endloop
  endfacet
  facet normal -1 0 0
    outer loop
      vertex 5.303358927369118 1.026224995298045 0.8
      vertex 5.303358927369118 1.039060713989394 0.8
      vertex 5.303358927369118 1.039060713989394 0.6
    endloop
  endfacet
  facet normal -0.1495340540058639 -0.9887565760552853 0
    outer loop
      vertex 5.303358927369118 1.026224995298045 0.8
      vertex 5.303358927369118 1.026224995298045 0.6
      vertex 5.345016069710255 1.0199250004121234 0.8
    endloop
  endfacet
  facet normal 0 1 0
    outer loop
      vertex 5.303358927369118 1.039060713989394 0.8
      vertex 5.401687502861023 1.039060713989394 0.8
      vertex 5.401687502861023 1.039060713989394 0.6
    endloop
  endfacet
  facet normal -1 0 0
    outer loop
      vertex 5.568794645369053 0.7985678559967448 0.8
      vertex 5.568794645369053 1.0199250004121234 0.8
      vertex 5.568794645369053 1.0199250004121234 0.6
    endloop
  endfacet
  facet normal -1 0 0
    outer loop
      vertex 5.52520178258419 1.026224995298045 0.8
      vertex 5.52520178258419 1.039060713989394 0.8
      vertex 5.52520178258419 1.039060713989394 0.6
    endloop
  endfacet
  facet normal -0.14303299755020718 -0.9897179202236376 0
    outer loop
      vertex 5.52520178258419 1.026224995298045 0.8
      vertex 5.52520178258419 1.026224995298045 0.6
      vertex 5.568794645369053 1.0199250004121234 0.8
    endloop
  endfacet
  facet normal 0.1495340540058639 -0.9887565760552853 0
    outer loop
      vertex 5.594226785004139 1.0199250004121234 0.8
      vertex 5.594226785004139 1.0199250004121234 0.6
      vertex 5.635883927345276 1.026224995298045 0.8
    endloop
  endfacet
  facet normal 0 1 0
    outer loop
      vertex 5.52520178258419 1.039060713989394 0.8
      vertex 5.635883927345276 1.039060713989394 0.8
      vertex 5.635883927345276 1.039060713989394 0.6
    endloop
  endfacet
  facet normal 0 0 1
    outer loop
      vertex 5.062351785600185 1.0162928572722842 0.8
      vertex 5.15753035992384 0.7910607105919292 0.8
      vertex 5.073251783847809 1.0162928572722842 0.8
    endloop
  endfacet
  facet normal 0 0 1
    outer loop
      vertex 5.15753035992384 0.7910607105919292 0.8
      vertex 5.259733930230141 1.0199250004121234 0.8
      vertex 5.2311553582549095 1.0199250004121234 0.8
    endloop
  endfacet
  facet normal 0 0 1
    outer loop
      vertex 5.180541068315506 1.026224995298045 0.8
      vertex 5.2311553582549095 1.0199250004121234 0.8
      vertex 5.180541068315506 1.039060713989394 0.8
    endloop
  endfacet
  facet normal 0 0 1
    outer loop
      vertex 5.180541068315506 1.039060713989394 0.8
      vertex 5.2311553582549095 1.0199250004121234 0.8
      vertex 5.259733930230141 1.0199250004121234 0.8
    endloop
  endfacet
  facet normal 0 0 1
    outer loop
      vertex 5.180541068315506 1.039060713989394 0.8
      vertex 5.259733930230141 1.0199250004121234 0.8
      vertex 5.2880696430802345 1.039060713989394 0.8
    endloop
  endfacet
  facet normal 0 0 1
    outer loop
      vertex 5.259733930230141 1.0199250004121234 0.8
      vertex 5.2880696430802345 1.026224995298045 0.8
      vertex 5.2880696430802345 1.039060713989394 0.8
    endloop
  endfacet
  facet normal 0 0 1
    outer loop
      vertex 5.370444640517235 1.006364280624049 0.8
      vertex 5.568794645369053 0.7985678559967448 0.8
      vertex 5.401687502861023 1.039060713989394 0.8
    endloop
  endfacet
  facet normal 0 0 1
    outer loop
      vertex 5.303358927369118 1.026224995298045 0.8
      vertex 5.345016069710255 1.0199250004121234 0.8
      vertex 5.303358927369118 1.039060713989394 0.8
    endloop
  endfacet
  facet normal 0 0 1
    outer loop
      vertex 5.303358927369118 1.039060713989394 0.8
      vertex 5.345016069710255 1.0199250004121234 0.8
      vertex 5.401687502861023 1.039060713989394 0.8
    endloop
  endfacet
  facet normal 0 0 1
    outer loop
      vertex 5.345016069710255 1.0199250004121234 0.8
      vertex 5.370444640517235 1.006364280624049 0.8
      vertex 5.401687502861023 1.039060713989394 0.8
    endloop
  endfacet
  facet normal 0 0 1
    outer loop
      vertex 5.568794645369053 0.7985678559967448 0.8
      vertex 5.594226785004139 1.0199250004121234 0.8
      vertex 5.568794645369053 1.0199250004121234 0.8
    endloop
  endfacet
  facet normal 0 0 1
    outer loop
      vertex 5.52520178258419 1.026224995298045 0.8
      vertex 5.568794645369053 1.0199250004121234 0.8
      vertex 5.52520178258419 1.039060713989394 0.8
    endloop
  endfacet
  facet normal 0 0 1
    outer loop
      vertex 5.568794645369053 1.0199250004121234 0.8
      vertex 5.594226785004139 1.0199250004121234 0.8
      vertex 5.52520178258419 1.039060713989394 0.8
    endloop
  endfacet
  facet normal 0 0 1
    outer loop
      vertex 5.52520178258419 1.039060713989394 0.8
      vertex 5.594226785004139 1.0199250004121234 0.8
      vertex 5.635883927345276 1.039060713989394 0.8
    endloop
  endfacet
  facet normal 0 0 1
    outer loop
      vertex 5.594226785004139 1.0199250004121234 0.8
      vertex 5.635883927345276 1.026224995298045 0.8
      vertex 5.635883927345276 1.039060713989394 0.8
    endloop
  endfacet
  facet normal -1 0 0
    outer loop
      vertex 5.66157678514719 0.7142857110926082 0.8
      vertex 5.66157678514719 0.7271214223333766 0.8
      vertex 5.66157678514719 0.7271214223333766 0.6
    endloop
  endfacet
  facet normal 0 -1 0
    outer loop
      vertex 5.66157678514719 0.7142857110926082 0.8
      vertex 5.66157678514719 0.7142857110926082 0.6
      vertex 5.772255353629589 0.7142857110926082 0.8
    endloop
  endfacet
  facet normal -0.15507959517321107 0.987901978518574 0
    outer loop
      vertex 5.66157678514719 0.7271214223333766 0.8
      vertex 5.703233927488327 0.7336607075163295 0.8
      vertex 5.703233927488327 0.7336607075163295 0.6
    endloop
  endfacet
  facet normal 1 0 0
    outer loop
      vertex 5.772255353629589 0.7142857110926082 0.8
      vertex 5.772255353629589 0.7142857110926082 0.6
      vertex 5.772255353629589 0.7271214223333766 0.8
    endloop
  endfacet
  facet normal 0.14834837091309588 0.9889351651384587 0
    outer loop
      vertex 5.728662498295307 0.7336607075163295 0.8
      vertex 5.772255353629589 0.7271214223333766 0.8
      vertex 5.772255353629589 0.7271214223333766 0.6
    endloop
  endfacet
  facet normal 0 -1 0
    outer loop
      vertex 5.928951784968376 0.7142857110926082 0.8
      vertex 5.928951784968376 0.7142857110926082 0.6
      vertex 5.952444642782211 0.7142857110926082 0.8
    endloop
  endfacet
  facet normal 1 0 0
    outer loop
      vertex 5.728662498295307 0.7336607075163295 0.8
      vertex 5.728662498295307 0.7336607075163295 0.6
      vertex 5.728662498295307 1.006364280624049 0.8
    endloop
  endfacet
  facet normal -1 0 0
    outer loop
      vertex 5.703233927488327 0.7336607075163295 0.8
      vertex 5.703233927488327 1.0199250004121234 0.8
      vertex 5.703233927488327 1.0199250004121234 0.6
    endloop
  endfacet
  facet normal -0.824719845064736 -0.5655414902165867 0
    outer loop
      vertex 5.728662498295307 1.006364280624049 0.8
      vertex 5.728662498295307 1.006364280624049 0.6
      vertex 5.928951784968376 0.7142857110926082 0.8
    endloop
  endfacet
  facet normal 0.8212128117190912 0.5706220446744275 0
    outer loop
      vertex 5.759905360639095 1.039060713989394 0.8
      vertex 5.927012503147125 0.7985678559967448 0.8
      vertex 5.927012503147125 0.7985678559967448 0.6
    endloop
  endfacet
  facet normal -1 0 0
    outer loop
      vertex 6.0197946429252625 0.7142857110926082 0.8
      vertex 6.0197946429252625 0.7271214223333766 0.8
      vertex 6.0197946429252625 0.7271214223333766 0.6
    endloop
  endfacet
  facet normal -0.15507959517321107 0.987901978518574 0
    outer loop
      vertex 6.0197946429252625 0.7271214223333766 0.8
      vertex 6.061451785266399 0.7336607075163295 0.8
      vertex 6.061451785266399 0.7336607075163295 0.6
    endloop
  endfacet
  facet normal 0 -1 0
    outer loop
      vertex 6.0197946429252625 0.7142857110926082 0.8
      vertex 6.0197946429252625 0.7142857110926082 0.6
      vertex 6.130473211407661 0.7142857110926082 0.8
    endloop
  endfacet
  facet normal 1 0 0
    outer loop
      vertex 6.130473211407661 0.7142857110926082 0.8
      vertex 6.130473211407661 0.7142857110926082 0.6
      vertex 6.130473211407661 0.7271214223333766 0.8
    endloop
  endfacet
  facet normal 0.14834837091309588 0.9889351651384587 0
    outer loop
      vertex 6.0868803560733795 0.7336607075163295 0.8
      vertex 6.130473211407661 0.7271214223333766 0.8
      vertex 6.130473211407661 0.7271214223333766 0.6
    endloop
  endfacet
  facet normal 1 0 0
    outer loop
      vertex 5.952444642782211 0.7142857110926082 0.8
      vertex 5.952444642782211 0.7142857110926082 0.6
      vertex 5.952444642782211 1.0199250004121234 0.8
    endloop
  endfacet
  facet normal 1 0 0
    outer loop
      vertex 6.0868803560733795 0.7336607075163295 0.8
      vertex 6.0868803560733795 0.7336607075163295 0.6
      vertex 6.0868803560733795 1.006364280624049 0.8
    endloop
  endfacet
  facet normal -1 0 0
    outer loop
      vertex 6.061451785266399 0.7336607075163295 0.8
      vertex 6.061451785266399 1.0199250004121234 0.8
      vertex 6.061451785266399 1.0199250004121234 0.6
    endloop
  endfacet
  facet normal -0.824719845064736 -0.5655414902165867 0
    outer loop
      vertex 6.0868803560733795 1.006364280624049 0.8
      vertex 6.0868803560733795 1.006364280624049 0.6
      vertex 6.2871696427464485 0.7142857110926082 0.8
    endloop
  endfacet
  facet normal 0.8212128117190912 0.5706220446744275 0
    outer loop
      vertex 6.118123210966587 1.039060713989394 0.8
      vertex 6.285230353474617 0.7985678559967448 0.8
      vertex 6.285230353474617 0.7985678559967448 0.6
    endloop
  endfacet
  facet normal 0 0 1
    outer loop
      vertex 5.66157678514719 0.7142857110926082 0.8
      vertex 5.703233927488327 0.7336607075163295 0.8
      vertex 5.66157678514719 0.7271214223333766 0.8
    endloop
  endfacet
  facet normal 0 0 1
    outer loop
      vertex 5.66157678514719 0.7142857110926082 0.8
      vertex 5.772255353629589 0.7142857110926082 0.8
      vertex 5.703233927488327 0.7336607075163295 0.8
    endloop
  endfacet
  facet normal 0 0 1
    outer loop
      vertex 5.703233927488327 0.7336607075163295 0.8
      vertex 5.772255353629589 0.7142857110926082 0.8
      vertex 5.728662498295307 0.7336607075163295 0.8
    endloop
  endfacet
  facet normal 0 0 1
    outer loop
      vertex 5.728662498295307 0.7336607075163295 0.8
      vertex 5.772255353629589 0.7142857110926082 0.8
      vertex 5.772255353629589 0.7271214223333766 0.8
    endloop
  endfacet
  facet normal 0 0 1
    outer loop
      vertex 5.703233927488327 0.7336607075163295 0.8
      vertex 5.728662498295307 0.7336607075163295 0.8
      vertex 5.728662498295307 1.006364280624049 0.8
    endloop
  endfacet
  facet normal 0 0 1
    outer loop
      vertex 5.703233927488327 0.7336607075163295 0.8
      vertex 5.728662498295307 1.006364280624049 0.8
      vertex 5.703233927488327 1.0199250004121234 0.8
    endloop
  endfacet
  facet normal 0 0 1
    outer loop
      vertex 5.728662498295307 1.006364280624049 0.8
      vertex 5.928951784968376 0.7142857110926082 0.8
      vertex 5.952444642782211 0.7142857110926082 0.8
    endloop
  endfacet
  facet normal 0 0 1
    outer loop
      vertex 5.728662498295307 1.006364280624049 0.8
      vertex 5.952444642782211 0.7142857110926082 0.8
      vertex 5.927012503147125 0.7985678559967448 0.8
    endloop
  endfacet
  facet normal 0 0 1
    outer loop
      vertex 6.0197946429252625 0.7142857110926082 0.8
      vertex 6.061451785266399 0.7336607075163295 0.8
      vertex 6.0197946429252625 0.7271214223333766 0.8
    endloop
  endfacet
  facet normal 0 0 1
    outer loop
      vertex 6.0197946429252625 0.7142857110926082 0.8
      vertex 6.130473211407661 0.7142857110926082 0.8
      vertex 6.061451785266399 0.7336607075163295 0.8
    endloop
  endfacet
  facet normal 0 0 1
    outer loop
      vertex 6.061451785266399 0.7336607075163295 0.8
      vertex 6.130473211407661 0.7142857110926082 0.8
      vertex 6.0868803560733795 0.7336607075163295 0.8
    endloop
  endfacet
  facet normal 0 0 1
    outer loop
      vertex 6.0868803560733795 0.7336607075163295 0.8
      vertex 6.130473211407661 0.7142857110926082 0.8
      vertex 6.130473211407661 0.7271214223333766 0.8
    endloop
  endfacet
  facet normal 0 0 1
    outer loop
      vertex 5.952444642782211 0.7142857110926082 0.8
      vertex 5.952444642782211 1.0199250004121234 0.8
      vertex 5.927012503147125 0.7985678559967448 0.8
    endloop
  endfacet
  facet normal 0 0 1
    outer loop
      vertex 6.061451785266399 0.7336607075163295 0.8
      vertex 6.0868803560733795 0.7336607075163295 0.8
      vertex 6.0868803560733795 1.006364280624049 0.8
    endloop
  endfacet
  facet normal 0 0 1
    outer loop
      vertex 6.061451785266399 0.7336607075163295 0.8
      vertex 6.0868803560733795 1.006364280624049 0.8
      vertex 6.061451785266399 1.0199250004121234 0.8
    endloop
  endfacet
  facet normal 0 0 1
    outer loop
      vertex 6.0868803560733795 1.006364280624049 0.8
      vertex 6.2871696427464485 0.7142857110926082 0.8
      vertex 6.310662500560284 0.7142857110926082 0.8
    endloop
  endfacet
  facet normal 0 0 1
    outer loop
      vertex 6.0868803560733795 1.006364280624049 0.8
      vertex 6.310662500560284 0.7142857110926082 0.8
      vertex 6.285230353474617 0.7985678559967448 0.8
    endloop
  endfacet
  facet normal 1 0 0
    outer loop
      vertex 5.635883927345276 1.026224995298045 0.8
      vertex 5.635883927345276 1.026224995298045 0.6
      vertex 5.635883927345276 1.039060713989394 0.8
    endloop
  endfacet
  facet normal -1 0 0
    outer loop
      vertex 5.66157678514719 1.026224995298045 0.8
      vertex 5.66157678514719 1.039060713989394 0.8
      vertex 5.66157678514719 1.039060713989394 0.6
    endloop
  endfacet
  facet normal -0.1495340540058639 -0.9887565760552853 0
    outer loop
      vertex 5.66157678514719 1.026224995298045 0.8
      vertex 5.66157678514719 1.026224995298045 0.6
      vertex 5.703233927488327 1.0199250004121234 0.8
    endloop
  endfacet
  facet normal 0 1 0
    outer loop
      vertex 5.66157678514719 1.039060713989394 0.8
      vertex 5.759905360639095 1.039060713989394 0.8
      vertex 5.759905360639095 1.039060713989394 0.6
    endloop
  endfacet
  facet normal -1 0 0
    outer loop
      vertex 5.927012503147125 0.7985678559967448 0.8
      vertex 5.927012503147125 1.0199250004121234 0.8
      vertex 5.927012503147125 1.0199250004121234 0.6
    endloop
  endfacet
  facet normal -0.14303299755020718 -0.9897179202236376 0
    outer loop
      vertex 5.883419640362263 1.026224995298045 0.8
      vertex 5.883419640362263 1.026224995298045 0.6
      vertex 5.927012503147125 1.0199250004121234 0.8
    endloop
  endfacet
  facet normal -1 0 0
    outer loop
      vertex 5.883419640362263 1.026224995298045 0.8
      vertex 5.883419640362263 1.039060713989394 0.8
      vertex 5.883419640362263 1.039060713989394 0.6
    endloop
  endfacet
  facet normal 0.1495340540058639 -0.9887565760552853 0
    outer loop
      vertex 5.952444642782211 1.0199250004121234 0.8
      vertex 5.952444642782211 1.0199250004121234 0.6
      vertex 5.994101785123348 1.026224995298045 0.8
    endloop
  endfacet
  facet normal 0 1 0
    outer loop
      vertex 5.883419640362263 1.039060713989394 0.8
      vertex 5.994101785123348 1.039060713989394 0.8
      vertex 5.994101785123348 1.039060713989394 0.6
    endloop
  endfacet
  facet normal 1 0 0
    outer loop
      vertex 5.994101785123348 1.026224995298045 0.8
      vertex 5.994101785123348 1.026224995298045 0.6
      vertex 5.994101785123348 1.039060713989394 0.8
    endloop
  endfacet
  facet normal -0.1495340540058639 -0.9887565760552853 0
    outer loop
      vertex 6.0197946429252625 1.026224995298045 0.8
      vertex 6.0197946429252625 1.026224995298045 0.6
      vertex 6.061451785266399 1.0199250004121234 0.8
    endloop
  endfacet
  facet normal -1 0 0
    outer loop
      vertex 6.0197946429252625 1.026224995298045 0.8
      vertex 6.0197946429252625 1.039060713989394 0.8
      vertex 6.0197946429252625 1.039060713989394 0.6
    endloop
  endfacet
  facet normal 0 1 0
    outer loop
      vertex 6.0197946429252625 1.039060713989394 0.8
      vertex 6.118123210966587 1.039060713989394 0.8
      vertex 6.118123210966587 1.039060713989394 0.6
    endloop
  endfacet
  facet normal -1 0 0
    outer loop
      vertex 6.241637498140335 1.026224995298045 0.8
      vertex 6.241637498140335 1.039060713989394 0.8
      vertex 6.241637498140335 1.039060713989394 0.6
    endloop
  endfacet
  facet normal 0 0 1
    outer loop
      vertex 5.66157678514719 1.026224995298045 0.8
      vertex 5.703233927488327 1.0199250004121234 0.8
      vertex 5.66157678514719 1.039060713989394 0.8
    endloop
  endfacet
  facet normal 0 0 1
    outer loop
      vertex 5.66157678514719 1.039060713989394 0.8
      vertex 5.703233927488327 1.0199250004121234 0.8
      vertex 5.759905360639095 1.039060713989394 0.8
    endloop
  endfacet
  facet normal 0 0 1
    outer loop
      vertex 5.703233927488327 1.0199250004121234 0.8
      vertex 5.728662498295307 1.006364280624049 0.8
      vertex 5.759905360639095 1.039060713989394 0.8
    endloop
  endfacet
  facet normal 0 0 1
    outer loop
      vertex 5.728662498295307 1.006364280624049 0.8
      vertex 5.927012503147125 0.7985678559967448 0.8
      vertex 5.759905360639095 1.039060713989394 0.8
    endloop
  endfacet
  facet normal 0 0 1
    outer loop
      vertex 5.927012503147125 0.7985678559967448 0.8
      vertex 5.952444642782211 1.0199250004121234 0.8
      vertex 5.927012503147125 1.0199250004121234 0.8
    endloop
  endfacet
  facet normal 0 0 1
    outer loop
      vertex 5.883419640362263 1.026224995298045 0.8
      vertex 5.927012503147125 1.0199250004121234 0.8
      vertex 5.883419640362263 1.039060713989394 0.8
    endloop
  endfacet
  facet normal 0 0 1
    outer loop
      vertex 5.927012503147125 1.0199250004121234 0.8
      vertex 5.952444642782211 1.0199250004121234 0.8
      vertex 5.883419640362263 1.039060713989394 0.8
    endloop
  endfacet
  facet normal 0 0 1
    outer loop
      vertex 5.952444642782211 1.0199250004121234 0.8
      vertex 5.994101785123348 1.039060713989394 0.8
      vertex 5.883419640362263 1.039060713989394 0.8
    endloop
  endfacet
  facet normal 0 0 1
    outer loop
      vertex 5.952444642782211 1.0199250004121234 0.8
      vertex 5.994101785123348 1.026224995298045 0.8
      vertex 5.994101785123348 1.039060713989394 0.8
    endloop
  endfacet
  facet normal 0 0 1
    outer loop
      vertex 6.0197946429252625 1.026224995298045 0.8
      vertex 6.061451785266399 1.0199250004121234 0.8
      vertex 6.0197946429252625 1.039060713989394 0.8
    endloop
  endfacet
  facet normal 0 0 1
    outer loop
      vertex 6.0197946429252625 1.039060713989394 0.8
      vertex 6.061451785266399 1.0199250004121234 0.8
      vertex 6.118123210966587 1.039060713989394 0.8
    endloop
  endfacet
  facet normal 0 0 1
    outer loop
      vertex 6.061451785266399 1.0199250004121234 0.8
      vertex 6.0868803560733795 1.006364280624049 0.8
      vertex 6.118123210966587 1.039060713989394 0.8
    endloop
  endfacet
  facet normal 0 0 1
    outer loop
      vertex 6.0868803560733795 1.006364280624049 0.8
      vertex 6.285230353474617 0.7985678559967448 0.8
      vertex 6.118123210966587 1.039060713989394 0.8
    endloop
  endfacet
  facet normal 0 -1 0
    outer loop
      vertex 6.310662500560284 0.7142857110926082 0.8
      vertex 6.2871696427464485 0.7142857110926082 0.6
      vertex 6.310662500560284 0.7142857110926082 0.6
    endloop
  endfacet
  facet normal -1 0 0
    outer loop
      vertex 6.285230353474617 0.7985678559967448 0.8
      vertex 6.285230353474617 1.0199250004121234 0.6
      vertex 6.285230353474617 0.7985678559967448 0.6
    endloop
  endfacet
  facet normal 1 0 0
    outer loop
      vertex 6.310662500560284 1.0199250004121234 0.8
      vertex 6.310662500560284 0.7142857110926082 0.6
      vertex 6.310662500560284 1.0199250004121234 0.6
    endloop
  endfacet
  facet normal -0.14303302149625838 -0.9897179167629789 0
    outer loop
      vertex 6.285230353474617 1.0199250004121234 0.8
      vertex 6.241637498140335 1.026224995298045 0.6
      vertex 6.285230353474617 1.0199250004121234 0.6
    endloop
  endfacet
  facet normal 0 1 0
    outer loop
      vertex 6.241637498140335 1.039060713989394 0.8
      vertex 6.352319642901421 1.039060713989394 0.6
      vertex 6.241637498140335 1.039060713989394 0.6
    endloop
  endfacet
  facet normal 0.1495340540058639 -0.9887565760552853 0
    outer loop
      vertex 6.352319642901421 1.026224995298045 0.8
      vertex 6.310662500560284 1.0199250004121234 0.6
      vertex 6.352319642901421 1.026224995298045 0.6
    endloop
  endfacet
  facet normal 1 0 0
    outer loop
      vertex 6.352319642901421 1.039060713989394 0.8
      vertex 6.352319642901421 1.026224995298045 0.6
      vertex 6.352319642901421 1.039060713989394 0.6
    endloop
  endfacet
  facet normal 0 -1 0
    outer loop
      vertex 6.2871696427464485 0.7142857110926082 0.8
      vertex 6.2871696427464485 0.7142857110926082 0.6
      vertex 6.310662500560284 0.7142857110926082 0.8
    endloop
  endfacet
  facet normal 1 0 0
    outer loop
      vertex 6.310662500560284 0.7142857110926082 0.8
      vertex 6.310662500560284 0.7142857110926082 0.6
      vertex 6.310662500560284 1.0199250004121234 0.8
    endloop
  endfacet
  facet normal 0 0 1
    outer loop
      vertex 6.310662500560284 0.7142857110926082 0.8
      vertex 6.310662500560284 1.0199250004121234 0.8
      vertex 6.285230353474617 0.7985678559967448 0.8
    endloop
  endfacet
  facet normal -1 0 0
    outer loop
      vertex 6.285230353474617 0.7985678559967448 0.8
      vertex 6.285230353474617 1.0199250004121234 0.8
      vertex 6.285230353474617 1.0199250004121234 0.6
    endloop
  endfacet
  facet normal -0.14303302149625838 -0.9897179167629789 0
    outer loop
      vertex 6.241637498140335 1.026224995298045 0.8
      vertex 6.241637498140335 1.026224995298045 0.6
      vertex 6.285230353474617 1.0199250004121234 0.8
    endloop
  endfacet
  facet normal 0.1495340540058639 -0.9887565760552853 0
    outer loop
      vertex 6.310662500560284 1.0199250004121234 0.8
      vertex 6.310662500560284 1.0199250004121234 0.6
      vertex 6.352319642901421 1.026224995298045 0.8
    endloop
  endfacet
  facet normal 0 1 0
    outer loop
      vertex 6.241637498140335 1.039060713989394 0.8
      vertex 6.352319642901421 1.039060713989394 0.8
      vertex 6.352319642901421 1.039060713989394 0.6
    endloop
  endfacet
  facet normal 1 0 0
    outer loop
      vertex 6.352319642901421 1.026224995298045 0.8
      vertex 6.352319642901421 1.026224995298045 0.6
      vertex 6.352319642901421 1.039060713989394 0.8
    endloop
  endfacet
  facet normal 0 0 1
    outer loop
      vertex 6.285230353474617 0.7985678559967448 0.8
      vertex 6.310662500560284 1.0199250004121234 0.8
      vertex 6.285230353474617 1.0199250004121234 0.8
    endloop
  endfacet
  facet normal 0 0 1
    outer loop
      vertex 6.241637498140335 1.026224995298045 0.8
      vertex 6.285230353474617 1.0199250004121234 0.8
      vertex 6.241637498140335 1.039060713989394 0.8
    endloop
  endfacet
  facet normal 0 0 1
    outer loop
      vertex 6.285230353474617 1.0199250004121234 0.8
      vertex 6.310662500560284 1.0199250004121234 0.8
      vertex 6.241637498140335 1.039060713989394 0.8
    endloop
  endfacet
  facet normal 0 0 1
    outer loop
      vertex 6.310662500560284 1.0199250004121234 0.8
      vertex 6.352319642901421 1.039060713989394 0.8
      vertex 6.241637498140335 1.039060713989394 0.8
    endloop
  endfacet
  facet normal 0 0 1
    outer loop
      vertex 6.310662500560284 1.0199250004121234 0.8
      vertex 6.352319642901421 1.026224995298045 0.8
      vertex 6.352319642901421 1.039060713989394 0.8
    endloop
  endfacet
  facet normal -0.8418240455852111 -0.5397520507367699 0
    outer loop
      vertex 5.0455178543925285 1.4285714275070598 0.8
      vertex 4.954210713505745 1.570978569132941 0.6
      vertex 5.0455178543925285 1.4285714275070598 0.6
    endloop
  endfacet
  facet normal 0 -1 0
    outer loop
      vertex 5.123257145285606 1.4285714275070598 0.8
      vertex 5.0455178543925285 1.4285714275070598 0.6
      vertex 5.123257145285606 1.4285714275070598 0.6
    endloop
  endfacet
  facet normal 1 0 0
    outer loop
      vertex 5.123257145285606 1.4414071387478282 0.8
      vertex 5.123257145285606 1.4285714275070598 0.6
      vertex 5.123257145285606 1.4414071387478282 0.6
    endloop
  endfacet
  facet normal -1 0 0
    outer loop
      vertex 5.13829642534256 1.4285714275070598 0.8
      vertex 5.13829642534256 1.4414071387478282 0.6
      vertex 5.13829642534256 1.4285714275070598 0.6
    endloop
  endfacet
  facet normal -0.1550795681035426 0.9879019827679356 0
    outer loop
      vertex 5.13829642534256 1.4414071387478282 0.8
      vertex 5.179953575134277 1.447946423930781 0.6
      vertex 5.13829642534256 1.4414071387478282 0.6
    endloop
  endfacet
  facet normal 0.18308094673992592 0.9830978419978412 0
    outer loop
      vertex 5.088142856955528 1.447946423930781 0.8
      vertex 5.123257145285606 1.4414071387478282 0.6
      vertex 5.088142856955528 1.447946423930781 0.6
    endloop
  endfacet
  facet normal 0.8279910199428874 0.5607413582873454 0
    outer loop
      vertex 5.000228568911552 1.5777607134410312 0.8
      vertex 5.088142856955528 1.447946423930781 0.6
      vertex 5.000228568911552 1.5777607134410312 0.6
    endloop
  endfacet
  facet normal 0 -1 0
    outer loop
      vertex 5.248975001275539 1.4285714275070598 0.8
      vertex 5.13829642534256 1.4285714275070598 0.6
      vertex 5.248975001275539 1.4285714275070598 0.6
    endloop
  endfacet
  facet normal 0.14834837091309588 0.9889351651384587 0
    outer loop
      vertex 5.2053821459412575 1.447946423930781 0.8
      vertex 5.248975001275539 1.4414071387478282 0.6
      vertex 5.2053821459412575 1.447946423930781 0.6
    endloop
  endfacet
  facet normal 1 0 0
    outer loop
      vertex 5.248975001275539 1.4414071387478282 0.8
      vertex 5.248975001275539 1.4285714275070598 0.6
      vertex 5.248975001275539 1.4414071387478282 0.6
    endloop
  endfacet
  facet normal -1 0 0
    outer loop
      vertex 5.179953575134277 1.447946423930781 0.8
      vertex 5.179953575134277 1.734210716826575 0.6
      vertex 5.179953575134277 1.447946423930781 0.6
    endloop
  endfacet
  facet normal -0.9200506906323322 -0.3917993449037 0
    outer loop
      vertex 5.3242964297533035 1.4285714275070598 0.8
      vertex 5.2053821459412575 1.707814285797732 0.6
      vertex 5.3242964297533035 1.4285714275070598 0.6
    endloop
  endfacet
  facet normal 0 -1 0
    outer loop
      vertex 5.332771427929401 1.4285714275070598 0.8
      vertex 5.3242964297533035 1.4285714275070598 0.6
      vertex 5.332771427929401 1.4285714275070598 0.6
    endloop
  endfacet
  facet normal -1 0 0
    outer loop
      vertex 5.418750002980232 1.4285714275070598 0.8
      vertex 5.418750002980232 1.4414071387478282 0.6
      vertex 5.418750002980232 1.4285714275070598 0.6
    endloop
  endfacet
  facet normal -0.14834837091309588 0.9889351651384587 0
    outer loop
      vertex 5.418750002980232 1.4414071387478282 0.8
      vertex 5.462342858314514 1.447946423930781 0.6
      vertex 5.418750002980232 1.4414071387478282 0.6
    endloop
  endfacet
  facet normal -1 0 0
    outer loop
      vertex 5.462342858314514 1.447946423930781 0.8
      vertex 5.462342858314514 1.707814285797732 0.6
      vertex 5.462342858314514 1.447946423930781 0.6
    endloop
  endfacet
  facet normal 0 -1 0
    outer loop
      vertex 5.550499998033047 1.4285714275070598 0.8
      vertex 5.418750002980232 1.4285714275070598 0.6
      vertex 5.550499998033047 1.4285714275070598 0.6
    endloop
  endfacet
  facet normal 0.15507959517321107 0.987901978518574 0
    outer loop
      vertex 5.50884285569191 1.447946423930781 0.8
      vertex 5.550499998033047 1.4414071387478282 0.6
      vertex 5.50884285569191 1.447946423930781 0.6
    endloop
  endfacet
  facet normal 1 0 0
    outer loop
      vertex 5.550499998033047 1.4414071387478282 0.8
      vertex 5.550499998033047 1.4285714275070598 0.6
      vertex 5.550499998033047 1.4414071387478282 0.6
    endloop
  endfacet
  facet normal 1 0 0
    outer loop
      vertex 5.50884285569191 1.447946423930781 0.8
      vertex 5.50884285569191 1.447946423930781 0.6
      vertex 5.50884285569191 1.734210716826575 0.6
    endloop
  endfacet
  facet normal 0.4176833548205317 -0.9085926563129739 0
    outer loop
      vertex 5.0280803591012955 1.5905642828771045 0.8
      vertex 5.000228568911552 1.5777607134410312 0.6
      vertex 5.0280803591012955 1.5905642828771045 0.6
    endloop
  endfacet
  facet normal -0.8447330459736042 0.5351878932114931 0
    outer loop
      vertex 5.000346429646015 1.6088785699435642 0.8
      vertex 5.014060713350773 1.6305250025221278 0.6
      vertex 5.000346429646015 1.6088785699435642 0.6
    endloop
  endfacet
  facet normal 0.688651064741811 -0.7250928982068229 0
    outer loop
      vertex 5.049149997532368 1.6105750000902583 0.8
      vertex 5.0280803591012955 1.5905642828771045 0.6
      vertex 5.049149997532368 1.6105750000902583 0.6
    endloop
  endfacet
  facet normal 0.8895963290819602 -0.4567476012897065 0
    outer loop
      vertex 5.062408931553364 1.636399107319968 0.8
      vertex 5.049149997532368 1.6105750000902583 0.6
      vertex 5.062408931553364 1.636399107319968 0.6
    endloop
  endfacet
  facet normal -0.9903835450876565 0.1383489559758435 0
    outer loop
      vertex 5.014060713350773 1.6305250025221278 0.8
      vertex 5.018632143735886 1.6632500014134814 0.6
      vertex 5.014060713350773 1.6305250025221278 0.6
    endloop
  endfacet
  facet normal -0.9900257523711341 -0.1408865133430804 0
    outer loop
      vertex 5.018632143735886 1.6632500014134814 0.8
      vertex 5.014121428132057 1.6949473193713596 0.6
      vertex 5.018632143735886 1.6632500014134814 0.6
    endloop
  endfacet
  facet normal 0.9894904553130695 -0.14459819792906936 0
    outer loop
      vertex 5.066828571259975 1.6666428542562892 0.8
      vertex 5.062408931553364 1.636399107319968 0.6
      vertex 5.066828571259975 1.6666428542562892 0.6
    endloop
  endfacet
  facet normal -0.8403303168417512 -0.5420746799073373 0
    outer loop
      vertex 5.014121428132057 1.6949473193713596 0.8
      vertex 5.0005892887711525 1.715924995286124 0.6
      vertex 5.014121428132057 1.6949473193713596 0.6
    endloop
  endfacet
  facet normal 0.9833284853849136 0.18183808685369474 0
    outer loop
      vertex 5.059562496840954 1.705935711307185 0.8
      vertex 5.066828571259975 1.6666428542562892 0.6
      vertex 5.059562496840954 1.705935711307185 0.6
    endloop
  endfacet
  facet normal 1 0 0
    outer loop
      vertex 5.2053821459412575 1.707814285797732 0.8
      vertex 5.2053821459412575 1.447946423930781 0.6
      vertex 5.2053821459412575 1.707814285797732 0.6
    endloop
  endfacet
  facet normal 0.9195193659152451 0.3930446993750529 0
    outer loop
      vertex 5.236625000834465 1.7533464304038455 0.8
      vertex 5.342217855155468 1.5063142872282436 0.6
      vertex 5.236625000834465 1.7533464304038455 0.6
    endloop
  endfacet
  facet normal 0.3846786030202127 0.9230505795341972 0
    outer loop
      vertex 5.000710710883141 1.7481991073914935 0.8
      vertex 5.03776428848505 1.7327571383544376 0.6
      vertex 5.000710710883141 1.7481991073914935 0.6
    endloop
  endfacet
  facet normal 0.7760318797251342 0.630693682900245 0
    outer loop
      vertex 5.03776428848505 1.7327571383544376 0.8
      vertex 5.059562496840954 1.705935711307185 0.6
      vertex 5.03776428848505 1.7327571383544376 0.6
    endloop
  endfacet
  facet normal -1 0 0
    outer loop
      vertex 5.13829642534256 1.7405107117124965 0.8
      vertex 5.13829642534256 1.7533464304038455 0.6
      vertex 5.13829642534256 1.7405107117124965 0.6
    endloop
  endfacet
  facet normal -0.14953402785900968 -0.98875658000959 0
    outer loop
      vertex 5.179953575134277 1.734210716826575 0.8
      vertex 5.13829642534256 1.7405107117124965 0.6
      vertex 5.179953575134277 1.734210716826575 0.6
    endloop
  endfacet
  facet normal 0 1 0
    outer loop
      vertex 5.13829642534256 1.7533464304038455 0.8
      vertex 5.236625000834465 1.7533464304038455 0.6
      vertex 5.13829642534256 1.7533464304038455 0.6
    endloop
  endfacet
  facet normal -0.9061824634072465 0.42288691515956633 0
    outer loop
      vertex 5.342217855155468 1.5063142872282436 0.8
      vertex 5.4575000032782555 1.7533464304038455 0.6
      vertex 5.342217855155468 1.5063142872282436 0.6
    endloop
  endfacet
  facet normal 0.9071045310675703 -0.4209054165922356 0
    outer loop
      vertex 5.462342858314514 1.707814285797732 0.8
      vertex 5.332771427929401 1.4285714275070598 0.6
      vertex 5.462342858314514 1.707814285797732 0.6
    endloop
  endfacet
  facet normal 0 1 0
    outer loop
      vertex 5.4575000032782555 1.7533464304038455 0.8
      vertex 5.550499998033047 1.7533464304038455 0.6
      vertex 5.4575000032782555 1.7533464304038455 0.6
    endloop
  endfacet
  facet normal 0.1495340540058639 -0.9887565760552853 0
    outer loop
      vertex 5.550499998033047 1.7405107117124965 0.8
      vertex 5.50884285569191 1.734210716826575 0.6
      vertex 5.550499998033047 1.7405107117124965 0.6
    endloop
  endfacet
  facet normal 1 0 0
    outer loop
      vertex 5.550499998033047 1.7533464304038455 0.8
      vertex 5.550499998033047 1.7405107117124965 0.6
      vertex 5.550499998033047 1.7533464304038455 0.6
    endloop
  endfacet
  facet normal 0 -1 0
    outer loop
      vertex 5.0455178543925285 1.4285714275070598 0.8
      vertex 5.0455178543925285 1.4285714275070598 0.6
      vertex 5.123257145285606 1.4285714275070598 0.8
    endloop
  endfacet
  facet normal 0.18308094673992592 0.9830978419978412 0
    outer loop
      vertex 5.088142856955528 1.447946423930781 0.8
      vertex 5.123257145285606 1.4414071387478282 0.8
      vertex 5.123257145285606 1.4414071387478282 0.6
    endloop
  endfacet
  facet normal 1 0 0
    outer loop
      vertex 5.123257145285606 1.4285714275070598 0.8
      vertex 5.123257145285606 1.4285714275070598 0.6
      vertex 5.123257145285606 1.4414071387478282 0.8
    endloop
  endfacet
  facet normal -1 0 0
    outer loop
      vertex 5.13829642534256 1.4285714275070598 0.8
      vertex 5.13829642534256 1.4414071387478282 0.8
      vertex 5.13829642534256 1.4414071387478282 0.6
    endloop
  endfacet
  facet normal 0.8279910199428874 0.5607413582873454 0
    outer loop
      vertex 5.088142856955528 1.447946423930781 0.8
      vertex 5.088142856955528 1.447946423930781 0.6
      vertex 5.000228568911552 1.5777607134410312 0.8
    endloop
  endfacet
  facet normal 0 -1 0
    outer loop
      vertex 5.13829642534256 1.4285714275070598 0.8
      vertex 5.13829642534256 1.4285714275070598 0.6
      vertex 5.248975001275539 1.4285714275070598 0.8
    endloop
  endfacet
  facet normal -0.1550795681035426 0.9879019827679356 0
    outer loop
      vertex 5.13829642534256 1.4414071387478282 0.8
      vertex 5.179953575134277 1.447946423930781 0.8
      vertex 5.179953575134277 1.447946423930781 0.6
    endloop
  endfacet
  facet normal 1 0 0
    outer loop
      vertex 5.248975001275539 1.4285714275070598 0.8
      vertex 5.248975001275539 1.4285714275070598 0.6
      vertex 5.248975001275539 1.4414071387478282 0.8
    endloop
  endfacet
  facet normal 0.14834837091309588 0.9889351651384587 0
    outer loop
      vertex 5.2053821459412575 1.447946423930781 0.8
      vertex 5.248975001275539 1.4414071387478282 0.8
      vertex 5.248975001275539 1.4414071387478282 0.6
    endloop
  endfacet
  facet normal 1 0 0
    outer loop
      vertex 5.2053821459412575 1.447946423930781 0.8
      vertex 5.2053821459412575 1.447946423930781 0.6
      vertex 5.2053821459412575 1.707814285797732 0.8
    endloop
  endfacet
  facet normal 0 -1 0
    outer loop
      vertex 5.3242964297533035 1.4285714275070598 0.8
      vertex 5.3242964297533035 1.4285714275070598 0.6
      vertex 5.332771427929401 1.4285714275070598 0.8
    endloop
  endfacet
  facet normal -1 0 0
    outer loop
      vertex 5.418750002980232 1.4285714275070598 0.8
      vertex 5.418750002980232 1.4414071387478282 0.8
      vertex 5.418750002980232 1.4414071387478282 0.6
    endloop
  endfacet
  facet normal 0 -1 0
    outer loop
      vertex 5.418750002980232 1.4285714275070598 0.8
      vertex 5.418750002980232 1.4285714275070598 0.6
      vertex 5.550499998033047 1.4285714275070598 0.8
    endloop
  endfacet
  facet normal -0.14834837091309588 0.9889351651384587 0
    outer loop
      vertex 5.418750002980232 1.4414071387478282 0.8
      vertex 5.462342858314514 1.447946423930781 0.8
      vertex 5.462342858314514 1.447946423930781 0.6
    endloop
  endfacet
  facet normal 0.9071045310675703 -0.4209054165922356 0
    outer loop
      vertex 5.332771427929401 1.4285714275070598 0.8
      vertex 5.332771427929401 1.4285714275070598 0.6
      vertex 5.462342858314514 1.707814285797732 0.8
    endloop
  endfacet
  facet normal 0.15507959517321107 0.987901978518574 0
    outer loop
      vertex 5.50884285569191 1.447946423930781 0.8
      vertex 5.550499998033047 1.4414071387478282 0.8
      vertex 5.550499998033047 1.4414071387478282 0.6
    endloop
  endfacet
  facet normal 1 0 0
    outer loop
      vertex 5.550499998033047 1.4285714275070598 0.8
      vertex 5.550499998033047 1.4285714275070598 0.6
      vertex 5.550499998033047 1.4414071387478282 0.8
    endloop
  endfacet
  facet normal 0 0 1
    outer loop
      vertex 5.0455178543925285 1.4285714275070598 0.8
      vertex 5.123257145285606 1.4285714275070598 0.8
      vertex 5.088142856955528 1.447946423930781 0.8
    endloop
  endfacet
  facet normal 0 0 1
    outer loop
      vertex 5.088142856955528 1.447946423930781 0.8
      vertex 5.123257145285606 1.4285714275070598 0.8
      vertex 5.123257145285606 1.4414071387478282 0.8
    endloop
  endfacet
  facet normal 0 0 1
    outer loop
      vertex 5.13829642534256 1.4285714275070598 0.8
      vertex 5.179953575134277 1.447946423930781 0.8
      vertex 5.13829642534256 1.4414071387478282 0.8
    endloop
  endfacet
  facet normal 0 0 1
    outer loop
      vertex 5.0455178543925285 1.4285714275070598 0.8
      vertex 5.088142856955528 1.447946423930781 0.8
      vertex 5.000228568911552 1.5777607134410312 0.8
    endloop
  endfacet
  facet normal 0 0 1
    outer loop
      vertex 5.13829642534256 1.4285714275070598 0.8
      vertex 5.248975001275539 1.4285714275070598 0.8
      vertex 5.179953575134277 1.447946423930781 0.8
    endloop
  endfacet
  facet normal 0 0 1
    outer loop
      vertex 5.179953575134277 1.447946423930781 0.8
      vertex 5.248975001275539 1.4285714275070598 0.8
      vertex 5.2053821459412575 1.447946423930781 0.8
    endloop
  endfacet
  facet normal 0 0 1
    outer loop
      vertex 5.2053821459412575 1.447946423930781 0.8
      vertex 5.248975001275539 1.4285714275070598 0.8
      vertex 5.248975001275539 1.4414071387478282 0.8
    endloop
  endfacet
  facet normal 0 0 1
    outer loop
      vertex 5.179953575134277 1.447946423930781 0.8
      vertex 5.2053821459412575 1.447946423930781 0.8
      vertex 5.2053821459412575 1.707814285797732 0.8
    endloop
  endfacet
  facet normal 0 0 1
    outer loop
      vertex 5.3242964297533035 1.4285714275070598 0.8
      vertex 5.332771427929401 1.4285714275070598 0.8
      vertex 5.2053821459412575 1.707814285797732 0.8
    endloop
  endfacet
  facet normal 0 0 1
    outer loop
      vertex 5.332771427929401 1.4285714275070598 0.8
      vertex 5.342217855155468 1.5063142872282436 0.8
      vertex 5.2053821459412575 1.707814285797732 0.8
    endloop
  endfacet
  facet normal 0 0 1
    outer loop
      vertex 5.418750002980232 1.4285714275070598 0.8
      vertex 5.462342858314514 1.447946423930781 0.8
      vertex 5.418750002980232 1.4414071387478282 0.8
    endloop
  endfacet
  facet normal 0 0 1
    outer loop
      vertex 5.332771427929401 1.4285714275070598 0.8
      vertex 5.462342858314514 1.707814285797732 0.8
      vertex 5.342217855155468 1.5063142872282436 0.8
    endloop
  endfacet
  facet normal 0 0 1
    outer loop
      vertex 5.418750002980232 1.4285714275070598 0.8
      vertex 5.550499998033047 1.4285714275070598 0.8
      vertex 5.462342858314514 1.447946423930781 0.8
    endloop
  endfacet
  facet normal 0 0 1
    outer loop
      vertex 5.462342858314514 1.447946423930781 0.8
      vertex 5.550499998033047 1.4285714275070598 0.8
      vertex 5.50884285569191 1.447946423930781 0.8
    endloop
  endfacet
  facet normal 0 0 1
    outer loop
      vertex 5.50884285569191 1.447946423930781 0.8
      vertex 5.550499998033047 1.4285714275070598 0.8
      vertex 5.550499998033047 1.4414071387478282 0.8
    endloop
  endfacet
  facet normal 0 0 1
    outer loop
      vertex 5.462342858314514 1.447946423930781 0.8
      vertex 5.50884285569191 1.447946423930781 0.8
      vertex 5.462342858314514 1.707814285797732 0.8
    endloop
  endfacet
  facet normal 0.4176833548205317 -0.9085926563129739 0
    outer loop
      vertex 5.000228568911552 1.5777607134410312 0.8
      vertex 5.000228568911552 1.5777607134410312 0.6
      vertex 5.0280803591012955 1.5905642828771045 0.8
    endloop
  endfacet
  facet normal 0.688651064741811 -0.7250928982068229 0
    outer loop
      vertex 5.0280803591012955 1.5905642828771045 0.8
      vertex 5.0280803591012955 1.5905642828771045 0.6
      vertex 5.049149997532368 1.6105750000902583 0.8
    endloop
  endfacet
  facet normal -0.8447330459736042 0.5351878932114931 0
    outer loop
      vertex 5.000346429646015 1.6088785699435642 0.8
      vertex 5.014060713350773 1.6305250025221278 0.8
      vertex 5.014060713350773 1.6305250025221278 0.6
    endloop
  endfacet
  facet normal 0.8895963290819602 -0.4567476012897065 0
    outer loop
      vertex 5.049149997532368 1.6105750000902583 0.8
      vertex 5.049149997532368 1.6105750000902583 0.6
      vertex 5.062408931553364 1.636399107319968 0.8
    endloop
  endfacet
  facet normal -0.9903835450876565 0.1383489559758435 0
    outer loop
      vertex 5.014060713350773 1.6305250025221278 0.8
      vertex 5.018632143735886 1.6632500014134814 0.8
      vertex 5.018632143735886 1.6632500014134814 0.6
    endloop
  endfacet
  facet normal 0.9894904553130695 -0.14459819792906936 0
    outer loop
      vertex 5.062408931553364 1.636399107319968 0.8
      vertex 5.062408931553364 1.636399107319968 0.6
      vertex 5.066828571259975 1.6666428542562892 0.8
    endloop
  endfacet
  facet normal -0.9900257523711341 -0.1408865133430804 0
    outer loop
      vertex 5.018632143735886 1.6632500014134814 0.8
      vertex 5.014121428132057 1.6949473193713596 0.8
      vertex 5.014121428132057 1.6949473193713596 0.6
    endloop
  endfacet
  facet normal -0.8403303168417512 -0.5420746799073373 0
    outer loop
      vertex 5.0005892887711525 1.715924995286124 0.8
      vertex 5.0005892887711525 1.715924995286124 0.6
      vertex 5.014121428132057 1.6949473193713596 0.8
    endloop
  endfacet
  facet normal 0.9833284853849136 0.18183808685369474 0
    outer loop
      vertex 5.066828571259975 1.6666428542562892 0.8
      vertex 5.066828571259975 1.6666428542562892 0.6
      vertex 5.059562496840954 1.705935711307185 0.8
    endloop
  endfacet
  facet normal 0.7760318797251342 0.630693682900245 0
    outer loop
      vertex 5.059562496840954 1.705935711307185 0.8
      vertex 5.059562496840954 1.705935711307185 0.6
      vertex 5.03776428848505 1.7327571383544376 0.8
    endloop
  endfacet
  facet normal -1 0 0
    outer loop
      vertex 5.179953575134277 1.447946423930781 0.8
      vertex 5.179953575134277 1.734210716826575 0.8
      vertex 5.179953575134277 1.734210716826575 0.6
    endloop
  endfacet
  facet normal 0.9195193659152451 0.3930446993750529 0
    outer loop
      vertex 5.236625000834465 1.7533464304038455 0.8
      vertex 5.342217855155468 1.5063142872282436 0.8
      vertex 5.342217855155468 1.5063142872282436 0.6
    endloop
  endfacet
  facet normal -0.9200506906323322 -0.3917993449037 0
    outer loop
      vertex 5.3242964297533035 1.4285714275070598 0.8
      vertex 5.2053821459412575 1.707814285797732 0.8
      vertex 5.2053821459412575 1.707814285797732 0.6
    endloop
  endfacet
  facet normal 0.3846786030202127 0.9230505795341972 0
    outer loop
      vertex 5.000710710883141 1.7481991073914935 0.8
      vertex 5.03776428848505 1.7327571383544376 0.8
      vertex 5.03776428848505 1.7327571383544376 0.6
    endloop
  endfacet
  facet normal -0.14953402785900968 -0.98875658000959 0
    outer loop
      vertex 5.13829642534256 1.7405107117124965 0.8
      vertex 5.13829642534256 1.7405107117124965 0.6
      vertex 5.179953575134277 1.734210716826575 0.8
    endloop
  endfacet
  facet normal -1 0 0
    outer loop
      vertex 5.13829642534256 1.7405107117124965 0.8
      vertex 5.13829642534256 1.7533464304038455 0.8
      vertex 5.13829642534256 1.7533464304038455 0.6
    endloop
  endfacet
  facet normal 0 1 0
    outer loop
      vertex 5.13829642534256 1.7533464304038455 0.8
      vertex 5.236625000834465 1.7533464304038455 0.8
      vertex 5.236625000834465 1.7533464304038455 0.6
    endloop
  endfacet
  facet normal -1 0 0
    outer loop
      vertex 5.462342858314514 1.447946423930781 0.8
      vertex 5.462342858314514 1.707814285797732 0.8
      vertex 5.462342858314514 1.707814285797732 0.6
    endloop
  endfacet
  facet normal -0.9061824634072465 0.42288691515956633 0
    outer loop
      vertex 5.342217855155468 1.5063142872282436 0.8
      vertex 5.4575000032782555 1.7533464304038455 0.8
      vertex 5.4575000032782555 1.7533464304038455 0.6
    endloop
  endfacet
  facet normal 1 0 0
    outer loop
      vertex 5.50884285569191 1.447946423930781 0.8
      vertex 5.50884285569191 1.734210716826575 0.6
      vertex 5.50884285569191 1.734210716826575 0.8
    endloop
  endfacet
  facet normal 0.1495340540058639 -0.9887565760552853 0
    outer loop
      vertex 5.50884285569191 1.734210716826575 0.8
      vertex 5.50884285569191 1.734210716826575 0.6
      vertex 5.550499998033047 1.7405107117124965 0.8
    endloop
  endfacet
  facet normal 0 1 0
    outer loop
      vertex 5.4575000032782555 1.7533464304038455 0.8
      vertex 5.550499998033047 1.7533464304038455 0.8
      vertex 5.550499998033047 1.7533464304038455 0.6
    endloop
  endfacet
  facet normal 1 0 0
    outer loop
      vertex 5.550499998033047 1.7405107117124965 0.8
      vertex 5.550499998033047 1.7405107117124965 0.6
      vertex 5.550499998033047 1.7533464304038455 0.8
    endloop
  endfacet
  facet normal 0 0 1
    outer loop
      vertex 5.000228568911552 1.5777607134410312 0.8
      vertex 5.0280803591012955 1.5905642828771045 0.8
      vertex 5.000346429646015 1.6088785699435642 0.8
    endloop
  endfacet
  facet normal 0 0 1
    outer loop
      vertex 5.0280803591012955 1.5905642828771045 0.8
      vertex 5.014060713350773 1.6305250025221278 0.8
      vertex 5.000346429646015 1.6088785699435642 0.8
    endloop
  endfacet
  facet normal 0 0 1
    outer loop
      vertex 5.0280803591012955 1.5905642828771045 0.8
      vertex 5.049149997532368 1.6105750000902583 0.8
      vertex 5.014060713350773 1.6305250025221278 0.8
    endloop
  endfacet
  facet normal 0 0 1
    outer loop
      vertex 5.049149997532368 1.6105750000902583 0.8
      vertex 5.062408931553364 1.636399107319968 0.8
      vertex 5.014060713350773 1.6305250025221278 0.8
    endloop
  endfacet
  facet normal 0 0 1
    outer loop
      vertex 5.014060713350773 1.6305250025221278 0.8
      vertex 5.062408931553364 1.636399107319968 0.8
      vertex 5.018632143735886 1.6632500014134814 0.8
    endloop
  endfacet
  facet normal 0 0 1
    outer loop
      vertex 5.018632143735886 1.6632500014134814 0.8
      vertex 5.066828571259975 1.6666428542562892 0.8
      vertex 5.014121428132057 1.6949473193713596 0.8
    endloop
  endfacet
  facet normal 0 0 1
    outer loop
      vertex 5.018632143735886 1.6632500014134814 0.8
      vertex 5.062408931553364 1.636399107319968 0.8
      vertex 5.066828571259975 1.6666428542562892 0.8
    endloop
  endfacet
  facet normal 0 0 1
    outer loop
      vertex 5.0005892887711525 1.715924995286124 0.8
      vertex 5.014121428132057 1.6949473193713596 0.8
      vertex 5.03776428848505 1.7327571383544376 0.8
    endloop
  endfacet
  facet normal 0 0 1
    outer loop
      vertex 5.014121428132057 1.6949473193713596 0.8
      vertex 5.059562496840954 1.705935711307185 0.8
      vertex 5.03776428848505 1.7327571383544376 0.8
    endloop
  endfacet
  facet normal 0 0 1
    outer loop
      vertex 5.014121428132057 1.6949473193713596 0.8
      vertex 5.066828571259975 1.6666428542562892 0.8
      vertex 5.059562496840954 1.705935711307185 0.8
    endloop
  endfacet
  facet normal 0 0 1
    outer loop
      vertex 5.179953575134277 1.447946423930781 0.8
      vertex 5.2053821459412575 1.707814285797732 0.8
      vertex 5.179953575134277 1.734210716826575 0.8
    endloop
  endfacet
  facet normal 0 0 1
    outer loop
      vertex 5.2053821459412575 1.707814285797732 0.8
      vertex 5.342217855155468 1.5063142872282436 0.8
      vertex 5.236625000834465 1.7533464304038455 0.8
    endloop
  endfacet
  facet normal 0 0 1
    outer loop
      vertex 5.0005892887711525 1.715924995286124 0.8
      vertex 5.03776428848505 1.7327571383544376 0.8
      vertex 5.000710710883141 1.7481991073914935 0.8
    endloop
  endfacet
  facet normal 0 0 1
    outer loop
      vertex 5.13829642534256 1.7405107117124965 0.8
      vertex 5.179953575134277 1.734210716826575 0.8
      vertex 5.13829642534256 1.7533464304038455 0.8
    endloop
  endfacet
  facet normal 0 0 1
    outer loop
      vertex 5.13829642534256 1.7533464304038455 0.8
      vertex 5.179953575134277 1.734210716826575 0.8
      vertex 5.236625000834465 1.7533464304038455 0.8
    endloop
  endfacet
  facet normal 0 0 1
    outer loop
      vertex 5.2053821459412575 1.707814285797732 0.8
      vertex 5.236625000834465 1.7533464304038455 0.8
      vertex 5.179953575134277 1.734210716826575 0.8
    endloop
  endfacet
  facet normal 0 0 1
    outer loop
      vertex 5.342217855155468 1.5063142872282436 0.8
      vertex 5.462342858314514 1.707814285797732 0.8
      vertex 5.4575000032782555 1.7533464304038455 0.8
    endloop
  endfacet
  facet normal 0 0 1
    outer loop
      vertex 5.462342858314514 1.707814285797732 0.8
      vertex 5.50884285569191 1.447946423930781 0.8
      vertex 5.4575000032782555 1.7533464304038455 0.8
    endloop
  endfacet
  facet normal 0 0 1
    outer loop
      vertex 5.4575000032782555 1.7533464304038455 0.8
      vertex 5.50884285569191 1.447946423930781 0.8
      vertex 5.50884285569191 1.734210716826575 0.8
    endloop
  endfacet
  facet normal 0 0 1
    outer loop
      vertex 5.4575000032782555 1.7533464304038455 0.8
      vertex 5.50884285569191 1.734210716826575 0.8
      vertex 5.550499998033047 1.7533464304038455 0.8
    endloop
  endfacet
  facet normal 0 0 1
    outer loop
      vertex 5.50884285569191 1.734210716826575 0.8
      vertex 5.550499998033047 1.7405107117124965 0.8
      vertex 5.550499998033047 1.7533464304038455 0.8
    endloop
  endfacet
  facet normal -0.5211470369572987 -0.85346690965182 0
    outer loop
      vertex 5.1172187477350235 2.1487607157656123 0.8
      vertex 5.064421430230141 2.181000003857272 0.6
      vertex 5.1172187477350235 2.1487607157656123 0.6
    endloop
  endfacet
  facet normal 0.6059529090524287 0.7955005166628737 0
    outer loop
      vertex 5.100871428847313 2.193957144660609 0.8
      vertex 5.137593753635883 2.165984818977969 0.6
      vertex 5.100871428847313 2.193957144660609 0.6
    endloop
  endfacet
  facet normal 0.18210543946660931 0.9832790086830254 0
    outer loop
      vertex 5.137593753635883 2.165984818977969 0.8
      vertex 5.187939286231995 2.1566607153841426 0.6
      vertex 5.137593753635883 2.165984818977969 0.6
    endloop
  endfacet
  facet normal -0.15124691852773992 -0.9884960139706499 0
    outer loop
      vertex 5.18745356798172 2.1380142888852527 0.8
      vertex 5.1172187477350235 2.1487607157656123 0.6
      vertex 5.18745356798172 2.1380142888852527 0.6
    endloop
  endfacet
  facet normal 0.06421703119890447 -0.9979359563138303 0
    outer loop
      vertex 5.246727675199509 2.1418285689183643 0.8
      vertex 5.18745356798172 2.1380142888852527 0.6
      vertex 5.246727675199509 2.1418285689183643 0.6
    endloop
  endfacet
  facet normal -0.06196651191435408 0.9980782290988858 0
    outer loop
      vertex 5.187939286231995 2.1566607153841426 0.8
      vertex 5.214759819209576 2.1583258903452327 0.6
      vertex 5.187939286231995 2.1566607153841426 0.6
    endloop
  endfacet
  facet normal -0.19410108381669303 0.9809815335984593 0
    outer loop
      vertex 5.214759819209576 2.1583258903452327 0.8
      vertex 5.240007139742374 2.163321430129664 0.6
      vertex 5.214759819209576 2.1583258903452327 0.6
    endloop
  endfacet
  facet normal -0.3345264694412143 0.9423863545506144 0
    outer loop
      vertex 5.240007139742374 2.163321430129664 0.8
      vertex 5.261924996972084 2.171101788324969 0.6
      vertex 5.240007139742374 2.163321430129664 0.6
    endloop
  endfacet
  facet normal -0.5115028903188769 0.8592815564152619 0
    outer loop
      vertex 5.261924996972084 2.171101788324969 0.8
      vertex 5.278757140040398 2.18112142596926 0.6
      vertex 5.261924996972084 2.171101788324969 0.6
    endloop
  endfacet
  facet normal 0.20270294859265015 -0.9792402742084525 0
    outer loop
      vertex 5.302007146179676 2.1532714313694408 0.8
      vertex 5.246727675199509 2.1418285689183643 0.6
      vertex 5.302007146179676 2.1532714313694408 0.6
    endloop
  endfacet
  facet normal -1 0 0
    outer loop
      vertex 5.348289288580418 2.1428571439215114 0.8
      vertex 5.348289288580418 2.15569285516228 0.6
      vertex 5.348289288580418 2.1428571439215114 0.6
    endloop
  endfacet
  facet normal -0.16742307800392522 0.985885141865771 0
    outer loop
      vertex 5.348289288580418 2.15569285516228 0.8
      vertex 5.3867964297533035 2.1622321403452327 0.6
      vertex 5.348289288580418 2.15569285516228 0.6
    endloop
  endfacet
  facet normal 0 -1 0
    outer loop
      vertex 5.485124997794628 2.1428571439215114 0.8
      vertex 5.348289288580418 2.1428571439215114 0.6
      vertex 5.485124997794628 2.1428571439215114 0.6
    endloop
  endfacet
  facet normal 0.1257590216430823 0.9920608189397335 0
    outer loop
      vertex 5.4335392862558365 2.1622321403452327 0.8
      vertex 5.485124997794628 2.15569285516228 0.6
      vertex 5.4335392862558365 2.1622321403452327 0.6
    endloop
  endfacet
  facet normal 1 0 0
    outer loop
      vertex 5.485124997794628 2.15569285516228 0.8
      vertex 5.485124997794628 2.1428571439215114 0.6
      vertex 5.485124997794628 2.15569285516228 0.6
    endloop
  endfacet
  facet normal -1 0 0
    outer loop
      vertex 5.621007144451141 2.1428571439215114 0.8
      vertex 5.621007144451141 2.15569285516228 0.6
      vertex 5.621007144451141 2.1428571439215114 0.6
    endloop
  endfacet
  facet normal -0.8420929903036128 -0.5393323610553324 0
    outer loop
      vertex 5.064421430230141 2.181000003857272 0.8
      vertex 5.031362496316433 2.232616963131087 0.6
      vertex 5.064421430230141 2.181000003857272 0.6
    endloop
  endfacet
  facet normal -0.9874404806005082 -0.15799144683000235 0
    outer loop
      vertex 5.031362496316433 2.232616963131087 0.8
      vertex 5.020342856645584 2.3014892882534435 0.6
      vertex 5.031362496316433 2.232616963131087 0.6
    endloop
  endfacet
  facet normal 0.8975054461585004 0.4410033720005223 0
    outer loop
      vertex 5.078438393771648 2.239611605448382 0.8
      vertex 5.100871428847313 2.193957144660609 0.6
      vertex 5.078438393771648 2.239611605448382 0.6
    endloop
  endfacet
  facet normal 0.9928880005667009 0.11905216642572614 0
    outer loop
      vertex 5.070960715413094 2.3019749990531375 0.8
      vertex 5.078438393771648 2.239611605448382 0.6
      vertex 5.070960715413094 2.3019749990531375 0.6
    endloop
  endfacet
  facet normal -0.9897944736704719 0.1425022803024347 0
    outer loop
      vertex 5.020342856645584 2.3014892882534435 0.8
      vertex 5.030938394367695 2.3750839329191615 0.6
      vertex 5.020342856645584 2.3014892882534435 0.6
    endloop
  endfacet
  facet normal -0.9833165954256128 0.18190237260844516 0
    outer loop
      vertex 5.278757140040398 2.18112142596926 0.8
      vertex 5.28771785646677 2.229560712618487 0.6
      vertex 5.278757140040398 2.18112142596926 0.6
    endloop
  endfacet
  facet normal 0.9998185331741418 -0.019049953320350366 0
    outer loop
      vertex 5.303460717201233 2.229560712618487 0.8
      vertex 5.302007146179676 2.1532714313694408 0.6
      vertex 5.303460717201233 2.229560712618487 0.6
    endloop
  endfacet
  facet normal 0 1 0
    outer loop
      vertex 5.28771785646677 2.229560712618487 0.8
      vertex 5.303460717201233 2.229560712618487 0.6
      vertex 5.28771785646677 2.229560712618487 0.6
    endloop
  endfacet
  facet normal 0.9943155926713679 -0.10647301146575261 0
    outer loop
      vertex 5.0781053602695465 2.368696430964129 0.8
      vertex 5.070960715413094 2.3019749990531375 0.6
      vertex 5.0781053602695465 2.368696430964129 0.6
    endloop
  endfacet
  facet normal -0.8584031485800978 0.5129756665844633 0
    outer loop
      vertex 5.030938394367695 2.3750839329191615 0.8
      vertex 5.0627250000834465 2.4282749987074306 0.6
      vertex 5.030938394367695 2.3750839329191615 0.6
    endloop
  endfacet
  facet normal 0.9085786976243465 -0.4177137180213816 0
    outer loop
      vertex 5.099539287388325 2.4153178579040935 0.8
      vertex 5.0781053602695465 2.368696430964129 0.6
      vertex 5.099539287388325 2.4153178579040935 0.6
    endloop
  endfacet
  facet normal -0.5224780062822763 0.8526527622375346 0
    outer loop
      vertex 5.0627250000834465 2.4282749987074306 0.8
      vertex 5.11534196138382 2.460516969008105 0.6
      vertex 5.0627250000834465 2.4282749987074306 0.6
    endloop
  endfacet
  facet normal 0.5955799073659547 -0.8032960686707988 0
    outer loop
      vertex 5.136533930897713 2.4427464327641895 0.8
      vertex 5.099539287388325 2.4153178579040935 0.6
      vertex 5.136533930897713 2.4427464327641895 0.6
    endloop
  endfacet
  facet normal -0.14549850311013732 0.9893584717344414 0
    outer loop
      vertex 5.11534196138382 2.460516969008105 0.8
      vertex 5.188421428203583 2.4712642899581363 0.6
      vertex 5.11534196138382 2.460516969008105 0.6
    endloop
  endfacet
  facet normal -0.9854668656459246 -0.16986776243300883 0
    outer loop
      vertex 5.282632142305374 2.387949997825282 0.8
      vertex 5.275367856025696 2.4300928584166934 0.6
      vertex 5.282632142305374 2.387949997825282 0.6
    endloop
  endfacet
  facet normal 0 -1 0
    outer loop
      vertex 5.298617854714394 2.387949997825282 0.8
      vertex 5.282632142305374 2.387949997825282 0.6
      vertex 5.298617854714394 2.387949997825282 0.6
    endloop
  endfacet
  facet normal 0.1674584151022475 -0.9858791402659067 0
    outer loop
      vertex 5.190360717475414 2.4518892860838344 0.8
      vertex 5.136533930897713 2.4427464327641895 0.6
      vertex 5.190360717475414 2.4518892860838344 0.6
    endloop
  endfacet
  facet normal -0.06166043269516219 -0.9980971851677799 0
    outer loop
      vertex 5.213398210704327 2.45046607617821 0.8
      vertex 5.190360717475414 2.4518892860838344 0.6
      vertex 5.213398210704327 2.45046607617821 0.6
    endloop
  endfacet
  facet normal -0.18553937807902482 -0.9826368297504672 0
    outer loop
      vertex 5.23601071536541 2.4461964315601756 0.8
      vertex 5.213398210704327 2.45046607617821 0.6
      vertex 5.23601071536541 2.4461964315601756 0.6
    endloop
  endfacet
  facet normal 0.058730967177498324 0.9982738469450132 0
    outer loop
      vertex 5.188421428203583 2.4712642899581363 0.8
      vertex 5.240916073322296 2.468175897640841 0.6
      vertex 5.188421428203583 2.4712642899581363 0.6
    endloop
  endfacet
  facet normal -0.4501364219724496 -0.8929597984309487 0
    outer loop
      vertex 5.275367856025696 2.4300928584166934 0.8
      vertex 5.2570517882704735 2.4393258935638835 0.6
      vertex 5.275367856025696 2.4300928584166934 0.6
    endloop
  endfacet
  facet normal -0.3104011112851531 -0.9506056754053922 0
    outer loop
      vertex 5.2570517882704735 2.4393258935638835 0.8
      vertex 5.23601071536541 2.4461964315601756 0.6
      vertex 5.2570517882704735 2.4393258935638835 0.6
    endloop
  endfacet
  facet normal 0.999790265488086 0.020479869024544267 0
    outer loop
      vertex 5.297164283692837 2.4589107132383754 0.8
      vertex 5.298617854714394 2.387949997825282 0.6
      vertex 5.297164283692837 2.4589107132383754 0.6
    endloop
  endfacet
  facet normal 0.16252946681911404 0.9867036902816845 0
    outer loop
      vertex 5.240916073322296 2.468175897640841 0.8
      vertex 5.297164283692837 2.4589107132383754 0.6
      vertex 5.240916073322296 2.468175897640841 0.6
    endloop
  endfacet
  facet normal -1 0 0
    outer loop
      vertex 5.3867964297533035 2.1622321403452327 0.8
      vertex 5.3867964297533035 2.3066017851233482 0.6
      vertex 5.3867964297533035 2.1622321403452327 0.6
    endloop
  endfacet
  facet normal 1 0 0
    outer loop
      vertex 5.4335392862558365 2.270246433360236 0.8
      vertex 5.4335392862558365 2.1622321403452327 0.6
      vertex 5.4335392862558365 2.270246433360236 0.6
    endloop
  endfacet
  facet normal 0 -1 0
    outer loop
      vertex 5.4701071456074715 2.270246433360236 0.8
      vertex 5.4335392862558365 2.270246433360236 0.6
      vertex 5.4701071456074715 2.270246433360236 0.6
    endloop
  endfacet
  facet normal 0 1 0
    outer loop
      vertex 5.4335392862558365 2.292046429855483 0.8
      vertex 5.458724997937679 2.292046429855483 0.6
      vertex 5.4335392862558365 2.292046429855483 0.6
    endloop
  endfacet
  facet normal 0.1288479917444508 -0.9916643560315264 0
    outer loop
      vertex 5.519968748092651 2.2767250037619045 0.8
      vertex 5.4701071456074715 2.270246433360236 0.6
      vertex 5.519968748092651 2.2767250037619045 0.6
    endloop
  endfacet
  facet normal -0.12994130208824897 0.9915216881196349 0
    outer loop
      vertex 5.458724997937679 2.292046429855483 0.8
      vertex 5.494295537471771 2.29670803461756 0.6
      vertex 5.458724997937679 2.292046429855483 0.6
    endloop
  endfacet
  facet normal -0.49037280648325493 0.871512771370412 0
    outer loop
      vertex 5.494295537471771 2.29670803461756 0.8
      vertex 5.519149996340275 2.3106928563543727 0.6
      vertex 5.494295537471771 2.29670803461756 0.6
    endloop
  endfacet
  facet normal 0.46780174768617033 -0.8838334259699417 0
    outer loop
      vertex 5.5566892847418785 2.29616071496691 0.8
      vertex 5.519968748092651 2.2767250037619045 0.6
      vertex 5.5566892847418785 2.29616071496691 0.6
    endloop
  endfacet
  facet normal -0.858896999528349 0.5121483615137309 0
    outer loop
      vertex 5.519149996340275 2.3106928563543727 0.8
      vertex 5.533772319555283 2.3352151832410266 0.6
      vertex 5.519149996340275 2.3106928563543727 0.6
    endloop
  endfacet
  facet normal 0.8158674146581435 -0.578239017793712 0
    outer loop
      vertex 5.579304464161396 2.328069644314902 0.8
      vertex 5.5566892847418785 2.29616071496691 0.6
      vertex 5.579304464161396 2.328069644314902 0.6
    endloop
  endfacet
  facet normal -1 0 0
    outer loop
      vertex 5.3867964297533035 2.4484964332410266 0.8
      vertex 5.3867964297533035 2.4484964332410266 0.6
      vertex 5.3867964297533035 2.3066017851233482 0.6
    endloop
  endfacet
  facet normal 1 0 0
    outer loop
      vertex 5.4335392862558365 2.4458321428724696 0.8
      vertex 5.4335392862558365 2.292046429855483 0.6
      vertex 5.4335392862558365 2.4458321428724696 0.6
    endloop
  endfacet
  facet normal -1 0 0
    outer loop
      vertex 5.345139287412167 2.454796428126948 0.8
      vertex 5.345139287412167 2.467632146818297 0.6
      vertex 5.345139287412167 2.454796428126948 0.6
    endloop
  endfacet
  facet normal -0.1495340540058639 -0.9887565760552853 0
    outer loop
      vertex 5.3867964297533035 2.4484964332410266 0.8
      vertex 5.345139287412167 2.454796428126948 0.6
      vertex 5.3867964297533035 2.4484964332410266 0.6
    endloop
  endfacet
  facet normal 0 1 0
    outer loop
      vertex 5.345139287412167 2.467632146818297 0.8
      vertex 5.467685714364052 2.467632146818297 0.6
      vertex 5.345139287412167 2.467632146818297 0.6
    endloop
  endfacet
  facet normal 0 -1 0
    outer loop
      vertex 5.457271426916122 2.4458321428724696 0.8
      vertex 5.4335392862558365 2.4458321428724696 0.6
      vertex 5.457271426916122 2.4458321428724696 0.6
    endloop
  endfacet
  facet normal -0.9910894742100482 0.13319780069524445 0
    outer loop
      vertex 5.533772319555283 2.3352151832410266 0.8
      vertex 5.538646429777145 2.3714821434446742 0.6
      vertex 5.533772319555283 2.3352151832410266 0.6
    endloop
  endfacet
  facet normal -0.9908708173396755 -0.134814774207441 0
    outer loop
      vertex 5.538646429777145 2.3714821434446742 0.8
      vertex 5.533983930945396 2.40575089518513 0.6
      vertex 5.538646429777145 2.3714821434446742 0.6
    endloop
  endfacet
  facet normal -0.8532431099832568 -0.5215133701700272 0
    outer loop
      vertex 5.533983930945396 2.40575089518513 0.8
      vertex 5.519996426999569 2.4286357185670306 0.6
      vertex 5.533983930945396 2.40575089518513 0.6
    endloop
  endfacet
  facet normal 0.9855736662961341 -0.16924700382457744 0
    outer loop
      vertex 5.586842857301235 2.371967861694949 0.8
      vertex 5.579304464161396 2.328069644314902 0.6
      vertex 5.586842857301235 2.371967861694949 0.6
    endloop
  endfacet
  facet normal 0.9235597224741875 0.3834546114253965 0
    outer loop
      vertex 5.5570535734295845 2.443716073674815 0.8
      vertex 5.586842857301235 2.371967861694949 0.6
      vertex 5.5570535734295845 2.443716073674815 0.6
    endloop
  endfacet
  facet normal -0.11323940147594719 -0.99356773194049 0
    outer loop
      vertex 5.4949919655919075 2.441533038658755 0.8
      vertex 5.457271426916122 2.4458321428724696 0.6
      vertex 5.4949919655919075 2.441533038658755 0.6
    endloop
  endfacet
  facet normal 0.2585167522516726 0.9660067747201608 0
    outer loop
      vertex 5.467685714364052 2.467632146818297 0.8
      vertex 5.5570535734295845 2.443716073674815 0.6
      vertex 5.467685714364052 2.467632146818297 0.6
    endloop
  endfacet
  facet normal -0.4584125231302647 -0.8887395336302669 0
    outer loop
      vertex 5.519996426999569 2.4286357185670306 0.8
      vertex 5.4949919655919075 2.441533038658755 0.6
      vertex 5.519996426999569 2.4286357185670306 0.6
    endloop
  endfacet
  facet normal -1 0 0
    outer loop
      vertex 5.621007144451141 2.454796428126948 0.8
      vertex 5.621007144451141 2.467632146818297 0.6
      vertex 5.621007144451141 2.454796428126948 0.6
    endloop
  endfacet
  facet normal 0 -1 0
    outer loop
      vertex 5.73168571293354 2.1428571439215114 0.8
      vertex 5.621007144451141 2.1428571439215114 0.6
      vertex 5.73168571293354 2.1428571439215114 0.6
    endloop
  endfacet
  facet normal -0.15507959517321107 0.987901978518574 0
    outer loop
      vertex 5.621007144451141 2.15569285516228 0.8
      vertex 5.662664286792278 2.1622321403452327 0.6
      vertex 5.621007144451141 2.15569285516228 0.6
    endloop
  endfacet
  facet normal 0.14834837091309588 0.9889351651384587 0
    outer loop
      vertex 5.688092857599258 2.1622321403452327 0.8
      vertex 5.73168571293354 2.15569285516228 0.6
      vertex 5.688092857599258 2.1622321403452327 0.6
    endloop
  endfacet
  facet normal 1 0 0
    outer loop
      vertex 5.73168571293354 2.15569285516228 0.8
      vertex 5.73168571293354 2.1428571439215114 0.6
      vertex 5.73168571293354 2.15569285516228 0.6
    endloop
  endfacet
  facet normal 0 -1 0
    outer loop
      vertex 5.911875002086163 2.1428571439215114 0.8
      vertex 5.888382144272327 2.1428571439215114 0.6
      vertex 5.911875002086163 2.1428571439215114 0.6
    endloop
  endfacet
  facet normal -0.824719845064736 -0.5655414902165867 0
    outer loop
      vertex 5.888382144272327 2.1428571439215114 0.8
      vertex 5.688092857599258 2.434935713452952 0.6
      vertex 5.888382144272327 2.1428571439215114 0.6
    endloop
  endfacet
  facet normal -1 0 0
    outer loop
      vertex 5.886442855000496 2.227139288825648 0.8
      vertex 5.886442855000496 2.4484964332410266 0.6
      vertex 5.886442855000496 2.227139288825648 0.6
    endloop
  endfacet
  facet normal -1 0 0
    outer loop
      vertex 5.662664286792278 2.4484964332410266 0.8
      vertex 5.662664286792278 2.4484964332410266 0.6
      vertex 5.662664286792278 2.1622321403452327 0.6
    endloop
  endfacet
  facet normal 1 0 0
    outer loop
      vertex 5.688092857599258 2.434935713452952 0.8
      vertex 5.688092857599258 2.1622321403452327 0.6
      vertex 5.688092857599258 2.434935713452952 0.6
    endloop
  endfacet
  facet normal 0.8212128117190912 0.5706220446744275 0
    outer loop
      vertex 5.719335712492466 2.467632146818297 0.8
      vertex 5.886442855000496 2.227139288825648 0.6
      vertex 5.719335712492466 2.467632146818297 0.6
    endloop
  endfacet
  facet normal -0.1495340540058639 -0.9887565760552853 0
    outer loop
      vertex 5.662664286792278 2.4484964332410266 0.8
      vertex 5.621007144451141 2.454796428126948 0.6
      vertex 5.662664286792278 2.4484964332410266 0.6
    endloop
  endfacet
  facet normal 0 1 0
    outer loop
      vertex 5.621007144451141 2.467632146818297 0.8
      vertex 5.719335712492466 2.467632146818297 0.6
      vertex 5.621007144451141 2.467632146818297 0.6
    endloop
  endfacet
  facet normal 1 0 0
    outer loop
      vertex 5.911875002086163 2.4484964332410266 0.8
      vertex 5.911875002086163 2.1428571439215114 0.6
      vertex 5.911875002086163 2.4484964332410266 0.6
    endloop
  endfacet
  facet normal -1 0 0
    outer loop
      vertex 5.842849999666214 2.454796428126948 0.8
      vertex 5.842849999666214 2.467632146818297 0.6
      vertex 5.842849999666214 2.454796428126948 0.6
    endloop
  endfacet
  facet normal -0.14303302149625838 -0.9897179167629789 0
    outer loop
      vertex 5.886442855000496 2.4484964332410266 0.8
      vertex 5.842849999666214 2.454796428126948 0.6
      vertex 5.886442855000496 2.4484964332410266 0.6
    endloop
  endfacet
  facet normal 0 1 0
    outer loop
      vertex 5.842849999666214 2.467632146818297 0.8
      vertex 5.9535321444272995 2.467632146818297 0.6
      vertex 5.842849999666214 2.467632146818297 0.6
    endloop
  endfacet
  facet normal 0.1495340540058639 -0.9887565760552853 0
    outer loop
      vertex 5.9535321444272995 2.454796428126948 0.8
      vertex 5.911875002086163 2.4484964332410266 0.6
      vertex 5.9535321444272995 2.454796428126948 0.6
    endloop
  endfacet
  facet normal 1 0 0
    outer loop
      vertex 5.9535321444272995 2.467632146818297 0.8
      vertex 5.9535321444272995 2.454796428126948 0.6
      vertex 5.9535321444272995 2.467632146818297 0.6
    endloop
  endfacet
  facet normal -0.15124691852773992 -0.9884960139706499 0
    outer loop
      vertex 5.1172187477350235 2.1487607157656123 0.8
      vertex 5.1172187477350235 2.1487607157656123 0.6
      vertex 5.18745356798172 2.1380142888852527 0.8
    endloop
  endfacet
  facet normal -0.5211470369572987 -0.85346690965182 0
    outer loop
      vertex 5.1172187477350235 2.1487607157656123 0.8
      vertex 5.064421430230141 2.181000003857272 0.8
      vertex 5.064421430230141 2.181000003857272 0.6
    endloop
  endfacet
  facet normal 0.6059529090524287 0.7955005166628737 0
    outer loop
      vertex 5.100871428847313 2.193957144660609 0.8
      vertex 5.137593753635883 2.165984818977969 0.8
      vertex 5.137593753635883 2.165984818977969 0.6
    endloop
  endfacet
  facet normal 0.06421703119890447 -0.9979359563138303 0
    outer loop
      vertex 5.18745356798172 2.1380142888852527 0.8
      vertex 5.18745356798172 2.1380142888852527 0.6
      vertex 5.246727675199509 2.1418285689183643 0.8
    endloop
  endfacet
  facet normal 0.18210543946660931 0.9832790086830254 0
    outer loop
      vertex 5.137593753635883 2.165984818977969 0.8
      vertex 5.187939286231995 2.1566607153841426 0.8
      vertex 5.187939286231995 2.1566607153841426 0.6
    endloop
  endfacet
  facet normal -0.06196651191435408 0.9980782290988858 0
    outer loop
      vertex 5.187939286231995 2.1566607153841426 0.8
      vertex 5.214759819209576 2.1583258903452327 0.8
      vertex 5.214759819209576 2.1583258903452327 0.6
    endloop
  endfacet
  facet normal -0.19410108381669303 0.9809815335984593 0
    outer loop
      vertex 5.214759819209576 2.1583258903452327 0.8
      vertex 5.240007139742374 2.163321430129664 0.8
      vertex 5.240007139742374 2.163321430129664 0.6
    endloop
  endfacet
  facet normal 0.20270294859265015 -0.9792402742084525 0
    outer loop
      vertex 5.246727675199509 2.1418285689183643 0.8
      vertex 5.246727675199509 2.1418285689183643 0.6
      vertex 5.302007146179676 2.1532714313694408 0.8
    endloop
  endfacet
  facet normal -0.3345264694412143 0.9423863545506144 0
    outer loop
      vertex 5.240007139742374 2.163321430129664 0.8
      vertex 5.261924996972084 2.171101788324969 0.8
      vertex 5.261924996972084 2.171101788324969 0.6
    endloop
  endfacet
  facet normal -0.5115028903188769 0.8592815564152619 0
    outer loop
      vertex 5.261924996972084 2.171101788324969 0.8
      vertex 5.278757140040398 2.18112142596926 0.8
      vertex 5.278757140040398 2.18112142596926 0.6
    endloop
  endfacet
  facet normal 0.9998185331741418 -0.019049953320350366 0
    outer loop
      vertex 5.302007146179676 2.1532714313694408 0.8
      vertex 5.302007146179676 2.1532714313694408 0.6
      vertex 5.303460717201233 2.229560712618487 0.8
    endloop
  endfacet
  facet normal -1 0 0
    outer loop
      vertex 5.348289288580418 2.1428571439215114 0.8
      vertex 5.348289288580418 2.15569285516228 0.8
      vertex 5.348289288580418 2.15569285516228 0.6
    endloop
  endfacet
  facet normal -0.16742307800392522 0.985885141865771 0
    outer loop
      vertex 5.348289288580418 2.15569285516228 0.8
      vertex 5.3867964297533035 2.1622321403452327 0.8
      vertex 5.3867964297533035 2.1622321403452327 0.6
    endloop
  endfacet
  facet normal 0 -1 0
    outer loop
      vertex 5.348289288580418 2.1428571439215114 0.8
      vertex 5.348289288580418 2.1428571439215114 0.6
      vertex 5.485124997794628 2.1428571439215114 0.8
    endloop
  endfacet
  facet normal 0.1257590216430823 0.9920608189397335 0
    outer loop
      vertex 5.4335392862558365 2.1622321403452327 0.8
      vertex 5.485124997794628 2.15569285516228 0.8
      vertex 5.485124997794628 2.15569285516228 0.6
    endloop
  endfacet
  facet normal 1 0 0
    outer loop
      vertex 5.485124997794628 2.1428571439215114 0.8
      vertex 5.485124997794628 2.1428571439215114 0.6
      vertex 5.485124997794628 2.15569285516228 0.8
    endloop
  endfacet
  facet normal -1 0 0
    outer loop
      vertex 5.621007144451141 2.1428571439215114 0.8
      vertex 5.621007144451141 2.15569285516228 0.8
      vertex 5.621007144451141 2.15569285516228 0.6
    endloop
  endfacet
  facet normal 0 0 1
    outer loop
      vertex 5.1172187477350235 2.1487607157656123 0.8
      vertex 5.100871428847313 2.193957144660609 0.8
      vertex 5.064421430230141 2.181000003857272 0.8
    endloop
  endfacet
  facet normal 0 0 1
    outer loop
      vertex 5.1172187477350235 2.1487607157656123 0.8
      vertex 5.18745356798172 2.1380142888852527 0.8
      vertex 5.137593753635883 2.165984818977969 0.8
    endloop
  endfacet
  facet normal 0 0 1
    outer loop
      vertex 5.1172187477350235 2.1487607157656123 0.8
      vertex 5.137593753635883 2.165984818977969 0.8
      vertex 5.100871428847313 2.193957144660609 0.8
    endloop
  endfacet
  facet normal 0 0 1
    outer loop
      vertex 5.18745356798172 2.1380142888852527 0.8
      vertex 5.246727675199509 2.1418285689183643 0.8
      vertex 5.214759819209576 2.1583258903452327 0.8
    endloop
  endfacet
  facet normal 0 0 1
    outer loop
      vertex 5.18745356798172 2.1380142888852527 0.8
      vertex 5.187939286231995 2.1566607153841426 0.8
      vertex 5.137593753635883 2.165984818977969 0.8
    endloop
  endfacet
  facet normal 0 0 1
    outer loop
      vertex 5.18745356798172 2.1380142888852527 0.8
      vertex 5.214759819209576 2.1583258903452327 0.8
      vertex 5.187939286231995 2.1566607153841426 0.8
    endloop
  endfacet
  facet normal 0 0 1
    outer loop
      vertex 5.246727675199509 2.1418285689183643 0.8
      vertex 5.240007139742374 2.163321430129664 0.8
      vertex 5.214759819209576 2.1583258903452327 0.8
    endloop
  endfacet
  facet normal 0 0 1
    outer loop
      vertex 5.246727675199509 2.1418285689183643 0.8
      vertex 5.261924996972084 2.171101788324969 0.8
      vertex 5.240007139742374 2.163321430129664 0.8
    endloop
  endfacet
  facet normal 0 0 1
    outer loop
      vertex 5.246727675199509 2.1418285689183643 0.8
      vertex 5.302007146179676 2.1532714313694408 0.8
      vertex 5.261924996972084 2.171101788324969 0.8
    endloop
  endfacet
  facet normal 0 0 1
    outer loop
      vertex 5.261924996972084 2.171101788324969 0.8
      vertex 5.302007146179676 2.1532714313694408 0.8
      vertex 5.278757140040398 2.18112142596926 0.8
    endloop
  endfacet
  facet normal 0 0 1
    outer loop
      vertex 5.348289288580418 2.1428571439215114 0.8
      vertex 5.3867964297533035 2.1622321403452327 0.8
      vertex 5.348289288580418 2.15569285516228 0.8
    endloop
  endfacet
  facet normal 0 0 1
    outer loop
      vertex 5.348289288580418 2.1428571439215114 0.8
      vertex 5.4335392862558365 2.1622321403452327 0.8
      vertex 5.3867964297533035 2.1622321403452327 0.8
    endloop
  endfacet
  facet normal 0 0 1
    outer loop
      vertex 5.348289288580418 2.1428571439215114 0.8
      vertex 5.485124997794628 2.1428571439215114 0.8
      vertex 5.4335392862558365 2.1622321403452327 0.8
    endloop
  endfacet
  facet normal 0 0 1
    outer loop
      vertex 5.485124997794628 2.1428571439215114 0.8
      vertex 5.485124997794628 2.15569285516228 0.8
      vertex 5.4335392862558365 2.1622321403452327 0.8
    endloop
  endfacet
  facet normal -0.8420929903036128 -0.5393323610553324 0
    outer loop
      vertex 5.064421430230141 2.181000003857272 0.8
      vertex 5.031362496316433 2.232616963131087 0.8
      vertex 5.031362496316433 2.232616963131087 0.6
    endloop
  endfacet
  facet normal 0.9928880005667009 0.11905216642572614 0
    outer loop
      vertex 5.078438393771648 2.239611605448382 0.8
      vertex 5.078438393771648 2.239611605448382 0.6
      vertex 5.070960715413094 2.3019749990531375 0.8
    endloop
  endfacet
  facet normal 0.8975054461585004 0.4410033720005223 0
    outer loop
      vertex 5.100871428847313 2.193957144660609 0.8
      vertex 5.100871428847313 2.193957144660609 0.6
      vertex 5.078438393771648 2.239611605448382 0.8
    endloop
  endfacet
  facet normal -0.9874404806005082 -0.15799144683000235 0
    outer loop
      vertex 5.031362496316433 2.232616963131087 0.8
      vertex 5.020342856645584 2.3014892882534435 0.8
      vertex 5.020342856645584 2.3014892882534435 0.6
    endloop
  endfacet
  facet normal 0.9943155926713679 -0.10647301146575261 0
    outer loop
      vertex 5.070960715413094 2.3019749990531375 0.8
      vertex 5.070960715413094 2.3019749990531375 0.6
      vertex 5.0781053602695465 2.368696430964129 0.8
    endloop
  endfacet
  facet normal -0.9833165954256128 0.18190237260844516 0
    outer loop
      vertex 5.278757140040398 2.18112142596926 0.8
      vertex 5.28771785646677 2.229560712618487 0.8
      vertex 5.28771785646677 2.229560712618487 0.6
    endloop
  endfacet
  facet normal 0 1 0
    outer loop
      vertex 5.28771785646677 2.229560712618487 0.8
      vertex 5.303460717201233 2.229560712618487 0.8
      vertex 5.303460717201233 2.229560712618487 0.6
    endloop
  endfacet
  facet normal -0.9897944736704719 0.1425022803024347 0
    outer loop
      vertex 5.020342856645584 2.3014892882534435 0.8
      vertex 5.030938394367695 2.3750839329191615 0.8
      vertex 5.030938394367695 2.3750839329191615 0.6
    endloop
  endfacet
  facet normal -0.8584031485800978 0.5129756665844633 0
    outer loop
      vertex 5.030938394367695 2.3750839329191615 0.8
      vertex 5.0627250000834465 2.4282749987074306 0.8
      vertex 5.0627250000834465 2.4282749987074306 0.6
    endloop
  endfacet
  facet normal 0.9085786976243465 -0.4177137180213816 0
    outer loop
      vertex 5.0781053602695465 2.368696430964129 0.8
      vertex 5.0781053602695465 2.368696430964129 0.6
      vertex 5.099539287388325 2.4153178579040935 0.8
    endloop
  endfacet
  facet normal 0.5955799073659547 -0.8032960686707988 0
    outer loop
      vertex 5.099539287388325 2.4153178579040935 0.8
      vertex 5.099539287388325 2.4153178579040935 0.6
      vertex 5.136533930897713 2.4427464327641895 0.8
    endloop
  endfacet
  facet normal -0.5224780062822763 0.8526527622375346 0
    outer loop
      vertex 5.0627250000834465 2.4282749987074306 0.8
      vertex 5.11534196138382 2.460516969008105 0.8
      vertex 5.11534196138382 2.460516969008105 0.6
    endloop
  endfacet
  facet normal 0.1674584151022475 -0.9858791402659067 0
    outer loop
      vertex 5.136533930897713 2.4427464327641895 0.8
      vertex 5.136533930897713 2.4427464327641895 0.6
      vertex 5.190360717475414 2.4518892860838344 0.8
    endloop
  endfacet
  facet normal 0 -1 0
    outer loop
      vertex 5.282632142305374 2.387949997825282 0.8
      vertex 5.282632142305374 2.387949997825282 0.6
      vertex 5.298617854714394 2.387949997825282 0.8
    endloop
  endfacet
  facet normal -0.9854668656459246 -0.16986776243300883 0
    outer loop
      vertex 5.282632142305374 2.387949997825282 0.8
      vertex 5.275367856025696 2.4300928584166934 0.8
      vertex 5.275367856025696 2.4300928584166934 0.6
    endloop
  endfacet
  facet normal 0.999790265488086 0.020479869024544267 0
    outer loop
      vertex 5.298617854714394 2.387949997825282 0.8
      vertex 5.298617854714394 2.387949997825282 0.6
      vertex 5.297164283692837 2.4589107132383754 0.8
    endloop
  endfacet
  facet normal -0.06166043269516219 -0.9980971851677799 0
    outer loop
      vertex 5.190360717475414 2.4518892860838344 0.8
      vertex 5.190360717475414 2.4518892860838344 0.6
      vertex 5.213398210704327 2.45046607617821 0.8
    endloop
  endfacet
  facet normal -0.18553937807902482 -0.9826368297504672 0
    outer loop
      vertex 5.213398210704327 2.45046607617821 0.8
      vertex 5.213398210704327 2.45046607617821 0.6
      vertex 5.23601071536541 2.4461964315601756 0.8
    endloop
  endfacet
  facet normal -0.14549850311013732 0.9893584717344414 0
    outer loop
      vertex 5.11534196138382 2.460516969008105 0.8
      vertex 5.188421428203583 2.4712642899581363 0.8
      vertex 5.188421428203583 2.4712642899581363 0.6
    endloop
  endfacet
  facet normal 0.058730967177498324 0.9982738469450132 0
    outer loop
      vertex 5.188421428203583 2.4712642899581363 0.8
      vertex 5.240916073322296 2.468175897640841 0.8
      vertex 5.240916073322296 2.468175897640841 0.6
    endloop
  endfacet
  facet normal -0.4501364219724496 -0.8929597984309487 0
    outer loop
      vertex 5.2570517882704735 2.4393258935638835 0.8
      vertex 5.2570517882704735 2.4393258935638835 0.6
      vertex 5.275367856025696 2.4300928584166934 0.8
    endloop
  endfacet
  facet normal -0.3104011112851531 -0.9506056754053922 0
    outer loop
      vertex 5.2570517882704735 2.4393258935638835 0.8
      vertex 5.23601071536541 2.4461964315601756 0.8
      vertex 5.23601071536541 2.4461964315601756 0.6
    endloop
  endfacet
  facet normal 0.16252946681911404 0.9867036902816845 0
    outer loop
      vertex 5.240916073322296 2.468175897640841 0.8
      vertex 5.297164283692837 2.4589107132383754 0.8
      vertex 5.297164283692837 2.4589107132383754 0.6
    endloop
  endfacet
  facet normal 1 0 0
    outer loop
      vertex 5.4335392862558365 2.1622321403452327 0.8
      vertex 5.4335392862558365 2.1622321403452327 0.6
      vertex 5.4335392862558365 2.270246433360236 0.8
    endloop
  endfacet
  facet normal -1 0 0
    outer loop
      vertex 5.3867964297533035 2.1622321403452327 0.8
      vertex 5.3867964297533035 2.4484964332410266 0.8
      vertex 5.3867964297533035 2.3066017851233482 0.6
    endloop
  endfacet
  facet normal 0 -1 0
    outer loop
      vertex 5.4335392862558365 2.270246433360236 0.8
      vertex 5.4335392862558365 2.270246433360236 0.6
      vertex 5.4701071456074715 2.270246433360236 0.8
    endloop
  endfacet
  facet normal 0 1 0
    outer loop
      vertex 5.4335392862558365 2.292046429855483 0.8
      vertex 5.458724997937679 2.292046429855483 0.8
      vertex 5.458724997937679 2.292046429855483 0.6
    endloop
  endfacet
  facet normal 1 0 0
    outer loop
      vertex 5.4335392862558365 2.292046429855483 0.8
      vertex 5.4335392862558365 2.292046429855483 0.6
      vertex 5.4335392862558365 2.4458321428724696 0.8
    endloop
  endfacet
  facet normal 0.1288479917444508 -0.9916643560315264 0
    outer loop
      vertex 5.4701071456074715 2.270246433360236 0.8
      vertex 5.4701071456074715 2.270246433360236 0.6
      vertex 5.519968748092651 2.2767250037619045 0.8
    endloop
  endfacet
  facet normal -0.12994130208824897 0.9915216881196349 0
    outer loop
      vertex 5.458724997937679 2.292046429855483 0.8
      vertex 5.494295537471771 2.29670803461756 0.8
      vertex 5.494295537471771 2.29670803461756 0.6
    endloop
  endfacet
  facet normal 0.46780174768617033 -0.8838334259699417 0
    outer loop
      vertex 5.519968748092651 2.2767250037619045 0.8
      vertex 5.519968748092651 2.2767250037619045 0.6
      vertex 5.5566892847418785 2.29616071496691 0.8
    endloop
  endfacet
  facet normal -0.49037280648325493 0.871512771370412 0
    outer loop
      vertex 5.494295537471771 2.29670803461756 0.8
      vertex 5.519149996340275 2.3106928563543727 0.8
      vertex 5.519149996340275 2.3106928563543727 0.6
    endloop
  endfacet
  facet normal -0.858896999528349 0.5121483615137309 0
    outer loop
      vertex 5.519149996340275 2.3106928563543727 0.8
      vertex 5.533772319555283 2.3352151832410266 0.8
      vertex 5.533772319555283 2.3352151832410266 0.6
    endloop
  endfacet
  facet normal 0.8158674146581435 -0.578239017793712 0
    outer loop
      vertex 5.5566892847418785 2.29616071496691 0.8
      vertex 5.5566892847418785 2.29616071496691 0.6
      vertex 5.579304464161396 2.328069644314902 0.8
    endloop
  endfacet
  facet normal 0.9855736662961341 -0.16924700382457744 0
    outer loop
      vertex 5.579304464161396 2.328069644314902 0.8
      vertex 5.579304464161396 2.328069644314902 0.6
      vertex 5.586842857301235 2.371967861694949 0.8
    endloop
  endfacet
  facet normal -0.1495340540058639 -0.9887565760552853 0
    outer loop
      vertex 5.345139287412167 2.454796428126948 0.8
      vertex 5.345139287412167 2.454796428126948 0.6
      vertex 5.3867964297533035 2.4484964332410266 0.8
    endloop
  endfacet
  facet normal -1 0 0
    outer loop
      vertex 5.345139287412167 2.454796428126948 0.8
      vertex 5.345139287412167 2.467632146818297 0.8
      vertex 5.345139287412167 2.467632146818297 0.6
    endloop
  endfacet
  facet normal 0 -1 0
    outer loop
      vertex 5.4335392862558365 2.4458321428724696 0.8
      vertex 5.4335392862558365 2.4458321428724696 0.6
      vertex 5.457271426916122 2.4458321428724696 0.8
    endloop
  endfacet
  facet normal 0 1 0
    outer loop
      vertex 5.345139287412167 2.467632146818297 0.8
      vertex 5.467685714364052 2.467632146818297 0.8
      vertex 5.467685714364052 2.467632146818297 0.6
    endloop
  endfacet
  facet normal -0.9910894742100482 0.13319780069524445 0
    outer loop
      vertex 5.533772319555283 2.3352151832410266 0.8
      vertex 5.538646429777145 2.3714821434446742 0.8
      vertex 5.538646429777145 2.3714821434446742 0.6
    endloop
  endfacet
  facet normal -0.9908708173396755 -0.134814774207441 0
    outer loop
      vertex 5.538646429777145 2.3714821434446742 0.8
      vertex 5.533983930945396 2.40575089518513 0.8
      vertex 5.533983930945396 2.40575089518513 0.6
    endloop
  endfacet
  facet normal -0.8532431099832568 -0.5215133701700272 0
    outer loop
      vertex 5.533983930945396 2.40575089518513 0.8
      vertex 5.519996426999569 2.4286357185670306 0.8
      vertex 5.519996426999569 2.4286357185670306 0.6
    endloop
  endfacet
  facet normal 0.9235597224741875 0.3834546114253965 0
    outer loop
      vertex 5.586842857301235 2.371967861694949 0.8
      vertex 5.586842857301235 2.371967861694949 0.6
      vertex 5.5570535734295845 2.443716073674815 0.8
    endloop
  endfacet
  facet normal -0.4584125231302647 -0.8887395336302669 0
    outer loop
      vertex 5.4949919655919075 2.441533038658755 0.8
      vertex 5.4949919655919075 2.441533038658755 0.6
      vertex 5.519996426999569 2.4286357185670306 0.8
    endloop
  endfacet
  facet normal -0.11323940147594719 -0.99356773194049 0
    outer loop
      vertex 5.457271426916122 2.4458321428724696 0.8
      vertex 5.457271426916122 2.4458321428724696 0.6
      vertex 5.4949919655919075 2.441533038658755 0.8
    endloop
  endfacet
  facet normal 0.2585167522516726 0.9660067747201608 0
    outer loop
      vertex 5.467685714364052 2.467632146818297 0.8
      vertex 5.5570535734295845 2.443716073674815 0.8
      vertex 5.5570535734295845 2.443716073674815 0.6
    endloop
  endfacet
  facet normal -1 0 0
    outer loop
      vertex 5.621007144451141 2.454796428126948 0.8
      vertex 5.621007144451141 2.467632146818297 0.8
      vertex 5.621007144451141 2.467632146818297 0.6
    endloop
  endfacet
  facet normal 0 0 1
    outer loop
      vertex 5.064421430230141 2.181000003857272 0.8
      vertex 5.078438393771648 2.239611605448382 0.8
      vertex 5.031362496316433 2.232616963131087 0.8
    endloop
  endfacet
  facet normal 0 0 1
    outer loop
      vertex 5.031362496316433 2.232616963131087 0.8
      vertex 5.078438393771648 2.239611605448382 0.8
      vertex 5.070960715413094 2.3019749990531375 0.8
    endloop
  endfacet
  facet normal 0 0 1
    outer loop
      vertex 5.064421430230141 2.181000003857272 0.8
      vertex 5.100871428847313 2.193957144660609 0.8
      vertex 5.078438393771648 2.239611605448382 0.8
    endloop
  endfacet
  facet normal 0 0 1
    outer loop
      vertex 5.031362496316433 2.232616963131087 0.8
      vertex 5.070960715413094 2.3019749990531375 0.8
      vertex 5.020342856645584 2.3014892882534435 0.8
    endloop
  endfacet
  facet normal 0 0 1
    outer loop
      vertex 5.020342856645584 2.3014892882534435 0.8
      vertex 5.070960715413094 2.3019749990531375 0.8
      vertex 5.030938394367695 2.3750839329191615 0.8
    endloop
  endfacet
  facet normal 0 0 1
    outer loop
      vertex 5.278757140040398 2.18112142596926 0.8
      vertex 5.302007146179676 2.1532714313694408 0.8
      vertex 5.303460717201233 2.229560712618487 0.8
    endloop
  endfacet
  facet normal 0 0 1
    outer loop
      vertex 5.278757140040398 2.18112142596926 0.8
      vertex 5.303460717201233 2.229560712618487 0.8
      vertex 5.28771785646677 2.229560712618487 0.8
    endloop
  endfacet
  facet normal 0 0 1
    outer loop
      vertex 5.030938394367695 2.3750839329191615 0.8
      vertex 5.070960715413094 2.3019749990531375 0.8
      vertex 5.0781053602695465 2.368696430964129 0.8
    endloop
  endfacet
  facet normal 0 0 1
    outer loop
      vertex 5.030938394367695 2.3750839329191615 0.8
      vertex 5.0781053602695465 2.368696430964129 0.8
      vertex 5.0627250000834465 2.4282749987074306 0.8
    endloop
  endfacet
  facet normal 0 0 1
    outer loop
      vertex 5.0781053602695465 2.368696430964129 0.8
      vertex 5.099539287388325 2.4153178579040935 0.8
      vertex 5.0627250000834465 2.4282749987074306 0.8
    endloop
  endfacet
  facet normal 0 0 1
    outer loop
      vertex 5.0627250000834465 2.4282749987074306 0.8
      vertex 5.099539287388325 2.4153178579040935 0.8
      vertex 5.11534196138382 2.460516969008105 0.8
    endloop
  endfacet
  facet normal 0 0 1
    outer loop
      vertex 5.099539287388325 2.4153178579040935 0.8
      vertex 5.136533930897713 2.4427464327641895 0.8
      vertex 5.11534196138382 2.460516969008105 0.8
    endloop
  endfacet
  facet normal 0 0 1
    outer loop
      vertex 5.11534196138382 2.460516969008105 0.8
      vertex 5.136533930897713 2.4427464327641895 0.8
      vertex 5.188421428203583 2.4712642899581363 0.8
    endloop
  endfacet
  facet normal 0 0 1
    outer loop
      vertex 5.282632142305374 2.387949997825282 0.8
      vertex 5.298617854714394 2.387949997825282 0.8
      vertex 5.275367856025696 2.4300928584166934 0.8
    endloop
  endfacet
  facet normal 0 0 1
    outer loop
      vertex 5.136533930897713 2.4427464327641895 0.8
      vertex 5.190360717475414 2.4518892860838344 0.8
      vertex 5.188421428203583 2.4712642899581363 0.8
    endloop
  endfacet
  facet normal 0 0 1
    outer loop
      vertex 5.190360717475414 2.4518892860838344 0.8
      vertex 5.213398210704327 2.45046607617821 0.8
      vertex 5.188421428203583 2.4712642899581363 0.8
    endloop
  endfacet
  facet normal 0 0 1
    outer loop
      vertex 5.213398210704327 2.45046607617821 0.8
      vertex 5.23601071536541 2.4461964315601756 0.8
      vertex 5.240916073322296 2.468175897640841 0.8
    endloop
  endfacet
  facet normal 0 0 1
    outer loop
      vertex 5.188421428203583 2.4712642899581363 0.8
      vertex 5.213398210704327 2.45046607617821 0.8
      vertex 5.240916073322296 2.468175897640841 0.8
    endloop
  endfacet
  facet normal 0 0 1
    outer loop
      vertex 5.2570517882704735 2.4393258935638835 0.8
      vertex 5.240916073322296 2.468175897640841 0.8
      vertex 5.23601071536541 2.4461964315601756 0.8
    endloop
  endfacet
  facet normal 0 0 1
    outer loop
      vertex 5.2570517882704735 2.4393258935638835 0.8
      vertex 5.297164283692837 2.4589107132383754 0.8
      vertex 5.240916073322296 2.468175897640841 0.8
    endloop
  endfacet
  facet normal 0 0 1
    outer loop
      vertex 5.298617854714394 2.387949997825282 0.8
      vertex 5.297164283692837 2.4589107132383754 0.8
      vertex 5.275367856025696 2.4300928584166934 0.8
    endloop
  endfacet
  facet normal 0 0 1
    outer loop
      vertex 5.2570517882704735 2.4393258935638835 0.8
      vertex 5.275367856025696 2.4300928584166934 0.8
      vertex 5.297164283692837 2.4589107132383754 0.8
    endloop
  endfacet
  facet normal 0 0 1
    outer loop
      vertex 5.3867964297533035 2.1622321403452327 0.8
      vertex 5.4335392862558365 2.1622321403452327 0.8
      vertex 5.4335392862558365 2.270246433360236 0.8
    endloop
  endfacet
  facet normal 0 0 1
    outer loop
      vertex 5.3867964297533035 2.1622321403452327 0.8
      vertex 5.4335392862558365 2.270246433360236 0.8
      vertex 5.4335392862558365 2.292046429855483 0.8
    endloop
  endfacet
  facet normal 0 0 1
    outer loop
      vertex 5.3867964297533035 2.1622321403452327 0.8
      vertex 5.4335392862558365 2.292046429855483 0.8
      vertex 5.3867964297533035 2.4484964332410266 0.8
    endloop
  endfacet
  facet normal 0 0 1
    outer loop
      vertex 5.4335392862558365 2.270246433360236 0.8
      vertex 5.458724997937679 2.292046429855483 0.8
      vertex 5.4335392862558365 2.292046429855483 0.8
    endloop
  endfacet
  facet normal 0 0 1
    outer loop
      vertex 5.4335392862558365 2.270246433360236 0.8
      vertex 5.4701071456074715 2.270246433360236 0.8
      vertex 5.458724997937679 2.292046429855483 0.8
    endloop
  endfacet
  facet normal 0 0 1
    outer loop
      vertex 5.4701071456074715 2.270246433360236 0.8
      vertex 5.519968748092651 2.2767250037619045 0.8
      vertex 5.494295537471771 2.29670803461756 0.8
    endloop
  endfacet
  facet normal 0 0 1
    outer loop
      vertex 5.4701071456074715 2.270246433360236 0.8
      vertex 5.494295537471771 2.29670803461756 0.8
      vertex 5.458724997937679 2.292046429855483 0.8
    endloop
  endfacet
  facet normal 0 0 1
    outer loop
      vertex 5.519968748092651 2.2767250037619045 0.8
      vertex 5.519149996340275 2.3106928563543727 0.8
      vertex 5.494295537471771 2.29670803461756 0.8
    endloop
  endfacet
  facet normal 0 0 1
    outer loop
      vertex 5.519968748092651 2.2767250037619045 0.8
      vertex 5.5566892847418785 2.29616071496691 0.8
      vertex 5.519149996340275 2.3106928563543727 0.8
    endloop
  endfacet
  facet normal 0 0 1
    outer loop
      vertex 5.519149996340275 2.3106928563543727 0.8
      vertex 5.5566892847418785 2.29616071496691 0.8
      vertex 5.533772319555283 2.3352151832410266 0.8
    endloop
  endfacet
  facet normal 0 0 1
    outer loop
      vertex 5.533772319555283 2.3352151832410266 0.8
      vertex 5.5566892847418785 2.29616071496691 0.8
      vertex 5.579304464161396 2.328069644314902 0.8
    endloop
  endfacet
  facet normal 0 0 1
    outer loop
      vertex 5.4335392862558365 2.292046429855483 0.8
      vertex 5.4335392862558365 2.4458321428724696 0.8
      vertex 5.3867964297533035 2.4484964332410266 0.8
    endloop
  endfacet
  facet normal 0 0 1
    outer loop
      vertex 5.345139287412167 2.454796428126948 0.8
      vertex 5.3867964297533035 2.4484964332410266 0.8
      vertex 5.345139287412167 2.467632146818297 0.8
    endloop
  endfacet
  facet normal 0 0 1
    outer loop
      vertex 5.3867964297533035 2.4484964332410266 0.8
      vertex 5.4335392862558365 2.4458321428724696 0.8
      vertex 5.467685714364052 2.467632146818297 0.8
    endloop
  endfacet
  facet normal 0 0 1
    outer loop
      vertex 5.4335392862558365 2.4458321428724696 0.8
      vertex 5.457271426916122 2.4458321428724696 0.8
      vertex 5.467685714364052 2.467632146818297 0.8
    endloop
  endfacet
  facet normal 0 0 1
    outer loop
      vertex 5.345139287412167 2.467632146818297 0.8
      vertex 5.3867964297533035 2.4484964332410266 0.8
      vertex 5.467685714364052 2.467632146818297 0.8
    endloop
  endfacet
  facet normal 0 0 1
    outer loop
      vertex 5.533772319555283 2.3352151832410266 0.8
      vertex 5.579304464161396 2.328069644314902 0.8
      vertex 5.538646429777145 2.3714821434446742 0.8
    endloop
  endfacet
  facet normal 0 0 1
    outer loop
      vertex 5.579304464161396 2.328069644314902 0.8
      vertex 5.586842857301235 2.371967861694949 0.8
      vertex 5.538646429777145 2.3714821434446742 0.8
    endloop
  endfacet
  facet normal 0 0 1
    outer loop
      vertex 5.538646429777145 2.3714821434446742 0.8
      vertex 5.586842857301235 2.371967861694949 0.8
      vertex 5.533983930945396 2.40575089518513 0.8
    endloop
  endfacet
  facet normal 0 0 1
    outer loop
      vertex 5.533983930945396 2.40575089518513 0.8
      vertex 5.586842857301235 2.371967861694949 0.8
      vertex 5.5570535734295845 2.443716073674815 0.8
    endloop
  endfacet
  facet normal 0 0 1
    outer loop
      vertex 5.457271426916122 2.4458321428724696 0.8
      vertex 5.4949919655919075 2.441533038658755 0.8
      vertex 5.467685714364052 2.467632146818297 0.8
    endloop
  endfacet
  facet normal 0 0 1
    outer loop
      vertex 5.467685714364052 2.467632146818297 0.8
      vertex 5.4949919655919075 2.441533038658755 0.8
      vertex 5.5570535734295845 2.443716073674815 0.8
    endloop
  endfacet
  facet normal 0 0 1
    outer loop
      vertex 5.4949919655919075 2.441533038658755 0.8
      vertex 5.519996426999569 2.4286357185670306 0.8
      vertex 5.5570535734295845 2.443716073674815 0.8
    endloop
  endfacet
  facet normal 0 0 1
    outer loop
      vertex 5.533983930945396 2.40575089518513 0.8
      vertex 5.5570535734295845 2.443716073674815 0.8
      vertex 5.519996426999569 2.4286357185670306 0.8
    endloop
  endfacet
  facet normal 0 -1 0
    outer loop
      vertex 5.621007144451141 2.1428571439215114 0.8
      vertex 5.621007144451141 2.1428571439215114 0.6
      vertex 5.73168571293354 2.1428571439215114 0.8
    endloop
  endfacet
  facet normal -0.15507959517321107 0.987901978518574 0
    outer loop
      vertex 5.621007144451141 2.15569285516228 0.8
      vertex 5.662664286792278 2.1622321403452327 0.8
      vertex 5.662664286792278 2.1622321403452327 0.6
    endloop
  endfacet
  facet normal 1 0 0
    outer loop
      vertex 5.73168571293354 2.1428571439215114 0.8
      vertex 5.73168571293354 2.1428571439215114 0.6
      vertex 5.73168571293354 2.15569285516228 0.8
    endloop
  endfacet
  facet normal 0.14834837091309588 0.9889351651384587 0
    outer loop
      vertex 5.688092857599258 2.1622321403452327 0.8
      vertex 5.73168571293354 2.15569285516228 0.8
      vertex 5.73168571293354 2.15569285516228 0.6
    endloop
  endfacet
  facet normal 0 -1 0
    outer loop
      vertex 5.888382144272327 2.1428571439215114 0.8
      vertex 5.888382144272327 2.1428571439215114 0.6
      vertex 5.911875002086163 2.1428571439215114 0.8
    endloop
  endfacet
  facet normal 0 0 1
    outer loop
      vertex 5.621007144451141 2.1428571439215114 0.8
      vertex 5.662664286792278 2.1622321403452327 0.8
      vertex 5.621007144451141 2.15569285516228 0.8
    endloop
  endfacet
  facet normal 0 0 1
    outer loop
      vertex 5.621007144451141 2.1428571439215114 0.8
      vertex 5.73168571293354 2.1428571439215114 0.8
      vertex 5.662664286792278 2.1622321403452327 0.8
    endloop
  endfacet
  facet normal 0 0 1
    outer loop
      vertex 5.662664286792278 2.1622321403452327 0.8
      vertex 5.73168571293354 2.1428571439215114 0.8
      vertex 5.688092857599258 2.1622321403452327 0.8
    endloop
  endfacet
  facet normal 0 0 1
    outer loop
      vertex 5.73168571293354 2.1428571439215114 0.8
      vertex 5.73168571293354 2.15569285516228 0.8
      vertex 5.688092857599258 2.1622321403452327 0.8
    endloop
  endfacet
  facet normal -1 0 0
    outer loop
      vertex 5.662664286792278 2.1622321403452327 0.8
      vertex 5.662664286792278 2.4484964332410266 0.8
      vertex 5.662664286792278 2.1622321403452327 0.6
    endloop
  endfacet
  facet normal 1 0 0
    outer loop
      vertex 5.688092857599258 2.1622321403452327 0.8
      vertex 5.688092857599258 2.1622321403452327 0.6
      vertex 5.688092857599258 2.434935713452952 0.8
    endloop
  endfacet
  facet normal -0.824719845064736 -0.5655414902165867 0
    outer loop
      vertex 5.688092857599258 2.434935713452952 0.8
      vertex 5.688092857599258 2.434935713452952 0.6
      vertex 5.888382144272327 2.1428571439215114 0.8
    endloop
  endfacet
  facet normal 1 0 0
    outer loop
      vertex 5.911875002086163 2.1428571439215114 0.8
      vertex 5.911875002086163 2.1428571439215114 0.6
      vertex 5.911875002086163 2.4484964332410266 0.8
    endloop
  endfacet
  facet normal 0.8212128117190912 0.5706220446744275 0
    outer loop
      vertex 5.719335712492466 2.467632146818297 0.8
      vertex 5.886442855000496 2.227139288825648 0.8
      vertex 5.886442855000496 2.227139288825648 0.6
    endloop
  endfacet
  facet normal -0.1495340540058639 -0.9887565760552853 0
    outer loop
      vertex 5.621007144451141 2.454796428126948 0.8
      vertex 5.621007144451141 2.454796428126948 0.6
      vertex 5.662664286792278 2.4484964332410266 0.8
    endloop
  endfacet
  facet normal 0 1 0
    outer loop
      vertex 5.621007144451141 2.467632146818297 0.8
      vertex 5.719335712492466 2.467632146818297 0.8
      vertex 5.719335712492466 2.467632146818297 0.6
    endloop
  endfacet
  facet normal -1 0 0
    outer loop
      vertex 5.886442855000496 2.227139288825648 0.8
      vertex 5.886442855000496 2.4484964332410266 0.8
      vertex 5.886442855000496 2.4484964332410266 0.6
    endloop
  endfacet
  facet normal -0.14303302149625838 -0.9897179167629789 0
    outer loop
      vertex 5.842849999666214 2.454796428126948 0.8
      vertex 5.842849999666214 2.454796428126948 0.6
      vertex 5.886442855000496 2.4484964332410266 0.8
    endloop
  endfacet
  facet normal -1 0 0
    outer loop
      vertex 5.842849999666214 2.454796428126948 0.8
      vertex 5.842849999666214 2.467632146818297 0.8
      vertex 5.842849999666214 2.467632146818297 0.6
    endloop
  endfacet
  facet normal 0.1495340540058639 -0.9887565760552853 0
    outer loop
      vertex 5.911875002086163 2.4484964332410266 0.8
      vertex 5.911875002086163 2.4484964332410266 0.6
      vertex 5.9535321444272995 2.454796428126948 0.8
    endloop
  endfacet
  facet normal 0 1 0
    outer loop
      vertex 5.842849999666214 2.467632146818297 0.8
      vertex 5.9535321444272995 2.467632146818297 0.8
      vertex 5.9535321444272995 2.467632146818297 0.6
    endloop
  endfacet
  facet normal 1 0 0
    outer loop
      vertex 5.9535321444272995 2.454796428126948 0.8
      vertex 5.9535321444272995 2.454796428126948 0.6
      vertex 5.9535321444272995 2.467632146818297 0.8
    endloop
  endfacet
  facet normal 0 0 1
    outer loop
      vertex 5.662664286792278 2.1622321403452327 0.8
      vertex 5.688092857599258 2.1622321403452327 0.8
      vertex 5.688092857599258 2.434935713452952 0.8
    endloop
  endfacet
  facet normal 0 0 1
    outer loop
      vertex 5.688092857599258 2.434935713452952 0.8
      vertex 5.888382144272327 2.1428571439215114 0.8
      vertex 5.911875002086163 2.1428571439215114 0.8
    endloop
  endfacet
  facet normal 0 0 1
    outer loop
      vertex 5.688092857599258 2.434935713452952 0.8
      vertex 5.911875002086163 2.1428571439215114 0.8
      vertex 5.886442855000496 2.227139288825648 0.8
    endloop
  endfacet
  facet normal 0 0 1
    outer loop
      vertex 5.911875002086163 2.1428571439215114 0.8
      vertex 5.911875002086163 2.4484964332410266 0.8
      vertex 5.886442855000496 2.227139288825648 0.8
    endloop
  endfacet
  facet normal 0 0 1
    outer loop
      vertex 5.662664286792278 2.1622321403452327 0.8
      vertex 5.688092857599258 2.434935713452952 0.8
      vertex 5.662664286792278 2.4484964332410266 0.8
    endloop
  endfacet
  facet normal 0 0 1
    outer loop
      vertex 5.688092857599258 2.434935713452952 0.8
      vertex 5.886442855000496 2.227139288825648 0.8
      vertex 5.719335712492466 2.467632146818297 0.8
    endloop
  endfacet
  facet normal 0 0 1
    outer loop
      vertex 5.621007144451141 2.454796428126948 0.8
      vertex 5.662664286792278 2.4484964332410266 0.8
      vertex 5.621007144451141 2.467632146818297 0.8
    endloop
  endfacet
  facet normal 0 0 1
    outer loop
      vertex 5.662664286792278 2.4484964332410266 0.8
      vertex 5.688092857599258 2.434935713452952 0.8
      vertex 5.719335712492466 2.467632146818297 0.8
    endloop
  endfacet
  facet normal 0 0 1
    outer loop
      vertex 5.621007144451141 2.467632146818297 0.8
      vertex 5.662664286792278 2.4484964332410266 0.8
      vertex 5.719335712492466 2.467632146818297 0.8
    endloop
  endfacet
  facet normal 0 0 1
    outer loop
      vertex 5.886442855000496 2.227139288825648 0.8
      vertex 5.911875002086163 2.4484964332410266 0.8
      vertex 5.886442855000496 2.4484964332410266 0.8
    endloop
  endfacet
  facet normal 0 0 1
    outer loop
      vertex 5.842849999666214 2.454796428126948 0.8
      vertex 5.886442855000496 2.4484964332410266 0.8
      vertex 5.842849999666214 2.467632146818297 0.8
    endloop
  endfacet
  facet normal 0 0 1
    outer loop
      vertex 5.842849999666214 2.467632146818297 0.8
      vertex 5.886442855000496 2.4484964332410266 0.8
      vertex 5.911875002086163 2.4484964332410266 0.8
    endloop
  endfacet
  facet normal 0 0 1
    outer loop
      vertex 5.842849999666214 2.467632146818297 0.8
      vertex 5.911875002086163 2.4484964332410266 0.8
      vertex 5.9535321444272995 2.467632146818297 0.8
    endloop
  endfacet
  facet normal 0 0 1
    outer loop
      vertex 5.911875002086163 2.4484964332410266 0.8
      vertex 5.9535321444272995 2.454796428126948 0.8
      vertex 5.9535321444272995 2.467632146818297 0.8
    endloop
  endfacet
  facet normal -0.5211470369572987 -0.85346690965182 0
    outer loop
      vertex 5.1172187477350235 2.863046432180064 0.8
      vertex 5.064421430230141 2.8952857202717235 0.6
      vertex 5.1172187477350235 2.863046432180064 0.6
    endloop
  endfacet
  facet normal 0.18210543946660931 0.9832790086830254 0
    outer loop
      vertex 5.137593753635883 2.8802705353924205 0.8
      vertex 5.187939286231995 2.870946431798594 0.6
      vertex 5.137593753635883 2.8802705353924205 0.6
    endloop
  endfacet
  facet normal -0.8420929903036128 -0.5393323610553324 0
    outer loop
      vertex 5.064421430230141 2.8952857202717235 0.8
      vertex 5.031362496316433 2.9469026795455386 0.6
      vertex 5.064421430230141 2.8952857202717235 0.6
    endloop
  endfacet
  facet normal 0.6059529090524287 0.7955005166628737 0
    outer loop
      vertex 5.100871428847313 2.9082428610750606 0.8
      vertex 5.137593753635883 2.8802705353924205 0.6
      vertex 5.100871428847313 2.9082428610750606 0.6
    endloop
  endfacet
  facet normal 0.8975054461585004 0.4410033720005223 0
    outer loop
      vertex 5.078438393771648 2.9538973218628337 0.8
      vertex 5.100871428847313 2.9082428610750606 0.6
      vertex 5.078438393771648 2.9538973218628337 0.6
    endloop
  endfacet
  facet normal -0.15124691852773992 -0.9884960139706499 0
    outer loop
      vertex 5.18745356798172 2.8523000052997043 0.8
      vertex 5.1172187477350235 2.863046432180064 0.6
      vertex 5.18745356798172 2.8523000052997043 0.6
    endloop
  endfacet
  facet normal 0.06421703119890447 -0.9979359563138303 0
    outer loop
      vertex 5.246727675199509 2.856114285332816 0.8
      vertex 5.18745356798172 2.8523000052997043 0.6
      vertex 5.246727675199509 2.856114285332816 0.6
    endloop
  endfacet
  facet normal -0.06196651191435408 0.9980782290988858 0
    outer loop
      vertex 5.187939286231995 2.870946431798594 0.8
      vertex 5.214759819209576 2.8726116067596843 0.6
      vertex 5.187939286231995 2.870946431798594 0.6
    endloop
  endfacet
  facet normal -0.19410108381669303 0.9809815335984593 0
    outer loop
      vertex 5.214759819209576 2.8726116067596843 0.8
      vertex 5.240007139742374 2.8776071465441158 0.6
      vertex 5.214759819209576 2.8726116067596843 0.6
    endloop
  endfacet
  facet normal -0.3345264694412143 0.9423863545506144 0
    outer loop
      vertex 5.240007139742374 2.8776071465441158 0.8
      vertex 5.261924996972084 2.8853875047394206 0.6
      vertex 5.240007139742374 2.8776071465441158 0.6
    endloop
  endfacet
  facet normal -0.5115028903188769 0.8592815564152619 0
    outer loop
      vertex 5.261924996972084 2.8853875047394206 0.8
      vertex 5.278757140040398 2.8954071423837116 0.6
      vertex 5.261924996972084 2.8853875047394206 0.6
    endloop
  endfacet
  facet normal 0.20270294859265015 -0.9792402742084525 0
    outer loop
      vertex 5.302007146179676 2.8675571477838924 0.8
      vertex 5.246727675199509 2.856114285332816 0.6
      vertex 5.302007146179676 2.8675571477838924 0.6
    endloop
  endfacet
  facet normal -0.9833165954256128 0.18190237260844516 0
    outer loop
      vertex 5.278757140040398 2.8954071423837116 0.8
      vertex 5.28771785646677 2.9438464290329387 0.6
      vertex 5.278757140040398 2.8954071423837116 0.6
    endloop
  endfacet
  facet normal 0.9998185331741418 -0.019049953320350366 0
    outer loop
      vertex 5.303460717201233 2.9438464290329387 0.8
      vertex 5.302007146179676 2.8675571477838924 0.6
      vertex 5.303460717201233 2.9438464290329387 0.6
    endloop
  endfacet
  facet normal 0 1 0
    outer loop
      vertex 5.28771785646677 2.9438464290329387 0.8
      vertex 5.303460717201233 2.9438464290329387 0.6
      vertex 5.28771785646677 2.9438464290329387 0.6
    endloop
  endfacet
  facet normal -0.9874404806005082 -0.15799144683000235 0
    outer loop
      vertex 5.031362496316433 2.9469026795455386 0.8
      vertex 5.020342856645584 3.015775004667895 0.6
      vertex 5.031362496316433 2.9469026795455386 0.6
    endloop
  endfacet
  facet normal 0.9928880005667009 0.11905216642572614 0
    outer loop
      vertex 5.070960715413094 3.016260715467589 0.8
      vertex 5.078438393771648 2.9538973218628337 0.6
      vertex 5.070960715413094 3.016260715467589 0.6
    endloop
  endfacet
  facet normal -0.9897944736704719 0.1425022803024347 0
    outer loop
      vertex 5.020342856645584 3.015775004667895 0.8
      vertex 5.030938394367695 3.089369649333613 0.6
      vertex 5.020342856645584 3.015775004667895 0.6
    endloop
  endfacet
  facet normal 0.9943155926713679 -0.10647301146575261 0
    outer loop
      vertex 5.0781053602695465 3.082982147378581 0.8
      vertex 5.070960715413094 3.016260715467589 0.6
      vertex 5.0781053602695465 3.082982147378581 0.6
    endloop
  endfacet
  facet normal -0.8584031485800978 0.5129756665844633 0
    outer loop
      vertex 5.030938394367695 3.089369649333613 0.8
      vertex 5.0627250000834465 3.142560715121882 0.6
      vertex 5.030938394367695 3.089369649333613 0.6
    endloop
  endfacet
  facet normal 0.9085786976243465 -0.4177137180213816 0
    outer loop
      vertex 5.099539287388325 3.129603574318545 0.8
      vertex 5.0781053602695465 3.082982147378581 0.6
      vertex 5.099539287388325 3.129603574318545 0.6
    endloop
  endfacet
  facet normal 0 -1 0
    outer loop
      vertex 5.298617854714394 3.1022357142397334 0.8
      vertex 5.282632142305374 3.1022357142397334 0.6
      vertex 5.298617854714394 3.1022357142397334 0.6
    endloop
  endfacet
  facet normal -0.9854668656459246 -0.16986776243300883 0
    outer loop
      vertex 5.282632142305374 3.1022357142397334 0.8
      vertex 5.275367856025696 3.144378574831145 0.6
      vertex 5.282632142305374 3.1022357142397334 0.6
    endloop
  endfacet
  facet normal -1 0 0
    outer loop
      vertex 5.348289288580418 2.857142860335963 0.8
      vertex 5.348289288580418 2.8699785715767314 0.6
      vertex 5.348289288580418 2.857142860335963 0.6
    endloop
  endfacet
  facet normal -0.16742307800392522 0.985885141865771 0
    outer loop
      vertex 5.348289288580418 2.8699785715767314 0.8
      vertex 5.3867964297533035 2.8765178567596843 0.6
      vertex 5.348289288580418 2.8699785715767314 0.6
    endloop
  endfacet
  facet normal 0 -1 0
    outer loop
      vertex 5.485124997794628 2.857142860335963 0.8
      vertex 5.348289288580418 2.857142860335963 0.6
      vertex 5.485124997794628 2.857142860335963 0.6
    endloop
  endfacet
  facet normal 0.1257590216430823 0.9920608189397335 0
    outer loop
      vertex 5.4335392862558365 2.8765178567596843 0.8
      vertex 5.485124997794628 2.8699785715767314 0.6
      vertex 5.4335392862558365 2.8765178567596843 0.6
    endloop
  endfacet
  facet normal 1 0 0
    outer loop
      vertex 5.4335392862558365 2.9845321497746875 0.8
      vertex 5.4335392862558365 2.8765178567596843 0.6
      vertex 5.4335392862558365 2.9845321497746875 0.6
    endloop
  endfacet
  facet normal 1 0 0
    outer loop
      vertex 5.485124997794628 2.8699785715767314 0.8
      vertex 5.485124997794628 2.857142860335963 0.6
      vertex 5.485124997794628 2.8699785715767314 0.6
    endloop
  endfacet
  facet normal -1 0 0
    outer loop
      vertex 5.621007144451141 2.857142860335963 0.8
      vertex 5.621007144451141 2.8699785715767314 0.6
      vertex 5.621007144451141 2.857142860335963 0.6
    endloop
  endfacet
  facet normal -1 0 0
    outer loop
      vertex 5.3867964297533035 2.8765178567596843 0.8
      vertex 5.3867964297533035 3.162782149655478 0.6
      vertex 5.3867964297533035 2.8765178567596843 0.6
    endloop
  endfacet
  facet normal 0 -1 0
    outer loop
      vertex 5.4701071456074715 2.9845321497746875 0.8
      vertex 5.4335392862558365 2.9845321497746875 0.6
      vertex 5.4701071456074715 2.9845321497746875 0.6
    endloop
  endfacet
  facet normal 0 1 0
    outer loop
      vertex 5.4335392862558365 3.0063321462699344 0.8
      vertex 5.458724997937679 3.0063321462699344 0.6
      vertex 5.4335392862558365 3.0063321462699344 0.6
    endloop
  endfacet
  facet normal 1 0 0
    outer loop
      vertex 5.4335392862558365 3.1601178592869212 0.8
      vertex 5.4335392862558365 3.0063321462699344 0.6
      vertex 5.4335392862558365 3.1601178592869212 0.6
    endloop
  endfacet
  facet normal 0.1288479917444508 -0.9916643560315264 0
    outer loop
      vertex 5.519968748092651 2.991010720176356 0.8
      vertex 5.4701071456074715 2.9845321497746875 0.6
      vertex 5.519968748092651 2.991010720176356 0.6
    endloop
  endfacet
  facet normal 0.46780174768617033 -0.8838334259699417 0
    outer loop
      vertex 5.5566892847418785 3.0104464313813617 0.8
      vertex 5.519968748092651 2.991010720176356 0.6
      vertex 5.5566892847418785 3.0104464313813617 0.6
    endloop
  endfacet
  facet normal -0.12994130208824897 0.9915216881196349 0
    outer loop
      vertex 5.458724997937679 3.0063321462699344 0.8
      vertex 5.494295537471771 3.0109937510320117 0.6
      vertex 5.458724997937679 3.0063321462699344 0.6
    endloop
  endfacet
  facet normal -0.49037280648325493 0.871512771370412 0
    outer loop
      vertex 5.494295537471771 3.0109937510320117 0.8
      vertex 5.519149996340275 3.0249785727688243 0.6
      vertex 5.494295537471771 3.0109937510320117 0.6
    endloop
  endfacet
  facet normal -0.858896999528349 0.5121483615137309 0
    outer loop
      vertex 5.519149996340275 3.0249785727688243 0.8
      vertex 5.533772319555283 3.049500899655478 0.6
      vertex 5.519149996340275 3.0249785727688243 0.6
    endloop
  endfacet
  facet normal 0.8158674146581435 -0.578239017793712 0
    outer loop
      vertex 5.579304464161396 3.0423553607293536 0.8
      vertex 5.5566892847418785 3.0104464313813617 0.6
      vertex 5.579304464161396 3.0423553607293536 0.6
    endloop
  endfacet
  facet normal -0.9910894742100482 0.13319780069524445 0
    outer loop
      vertex 5.533772319555283 3.049500899655478 0.8
      vertex 5.538646429777145 3.085767859859126 0.6
      vertex 5.533772319555283 3.049500899655478 0.6
    endloop
  endfacet
  facet normal -0.9908708173396755 -0.134814774207441 0
    outer loop
      vertex 5.538646429777145 3.085767859859126 0.8
      vertex 5.533983930945396 3.1200366115995815 0.6
      vertex 5.538646429777145 3.085767859859126 0.6
    endloop
  endfacet
  facet normal 0.9855736662961341 -0.16924700382457744 0
    outer loop
      vertex 5.586842857301235 3.0862535781094005 0.8
      vertex 5.579304464161396 3.0423553607293536 0.6
      vertex 5.586842857301235 3.0862535781094005 0.6
    endloop
  endfacet
  facet normal -0.15507959517321107 0.987901978518574 0
    outer loop
      vertex 5.621007144451141 2.8699785715767314 0.8
      vertex 5.662664286792278 2.8765178567596843 0.6
      vertex 5.621007144451141 2.8699785715767314 0.6
    endloop
  endfacet
  facet normal 0 -1 0
    outer loop
      vertex 5.73168571293354 2.857142860335963 0.8
      vertex 5.621007144451141 2.857142860335963 0.6
      vertex 5.73168571293354 2.857142860335963 0.6
    endloop
  endfacet
  facet normal 0.14834837091309588 0.9889351651384587 0
    outer loop
      vertex 5.688092857599258 2.8765178567596843 0.8
      vertex 5.73168571293354 2.8699785715767314 0.6
      vertex 5.688092857599258 2.8765178567596843 0.6
    endloop
  endfacet
  facet normal 1 0 0
    outer loop
      vertex 5.73168571293354 2.8699785715767314 0.8
      vertex 5.73168571293354 2.857142860335963 0.6
      vertex 5.73168571293354 2.8699785715767314 0.6
    endloop
  endfacet
  facet normal 0 -1 0
    outer loop
      vertex 5.911875002086163 2.857142860335963 0.8
      vertex 5.888382144272327 2.857142860335963 0.6
      vertex 5.911875002086163 2.857142860335963 0.6
    endloop
  endfacet
  facet normal -0.824719845064736 -0.5655414902165867 0
    outer loop
      vertex 5.888382144272327 2.857142860335963 0.8
      vertex 5.688092857599258 3.1492214298674037 0.6
      vertex 5.888382144272327 2.857142860335963 0.6
    endloop
  endfacet
  facet normal -1 0 0
    outer loop
      vertex 5.662664286792278 3.162782149655478 0.8
      vertex 5.662664286792278 3.162782149655478 0.6
      vertex 5.662664286792278 2.8765178567596843 0.6
    endloop
  endfacet
  facet normal 1 0 0
    outer loop
      vertex 5.688092857599258 3.1492214298674037 0.8
      vertex 5.688092857599258 2.8765178567596843 0.6
      vertex 5.688092857599258 3.1492214298674037 0.6
    endloop
  endfacet
  facet normal 0.8212128117190912 0.5706220446744275 0
    outer loop
      vertex 5.719335712492466 3.1819178632327487 0.8
      vertex 5.886442855000496 2.9414250052400996 0.6
      vertex 5.719335712492466 3.1819178632327487 0.6
    endloop
  endfacet
  facet normal -1 0 0
    outer loop
      vertex 5.886442855000496 2.9414250052400996 0.8
      vertex 5.886442855000496 3.162782149655478 0.6
      vertex 5.886442855000496 2.9414250052400996 0.6
    endloop
  endfacet
  facet normal 1 0 0
    outer loop
      vertex 5.911875002086163 3.162782149655478 0.8
      vertex 5.911875002086163 2.857142860335963 0.6
      vertex 5.911875002086163 3.162782149655478 0.6
    endloop
  endfacet
  facet normal -0.5211470369572987 -0.85346690965182 0
    outer loop
      vertex 5.1172187477350235 2.863046432180064 0.8
      vertex 5.064421430230141 2.8952857202717235 0.8
      vertex 5.064421430230141 2.8952857202717235 0.6
    endloop
  endfacet
  facet normal -0.15124691852773992 -0.9884960139706499 0
    outer loop
      vertex 5.1172187477350235 2.863046432180064 0.8
      vertex 5.1172187477350235 2.863046432180064 0.6
      vertex 5.18745356798172 2.8523000052997043 0.8
    endloop
  endfacet
  facet normal 0.6059529090524287 0.7955005166628737 0
    outer loop
      vertex 5.100871428847313 2.9082428610750606 0.8
      vertex 5.137593753635883 2.8802705353924205 0.8
      vertex 5.137593753635883 2.8802705353924205 0.6
    endloop
  endfacet
  facet normal -0.8420929903036128 -0.5393323610553324 0
    outer loop
      vertex 5.064421430230141 2.8952857202717235 0.8
      vertex 5.031362496316433 2.9469026795455386 0.8
      vertex 5.031362496316433 2.9469026795455386 0.6
    endloop
  endfacet
  facet normal 0.8975054461585004 0.4410033720005223 0
    outer loop
      vertex 5.100871428847313 2.9082428610750606 0.8
      vertex 5.100871428847313 2.9082428610750606 0.6
      vertex 5.078438393771648 2.9538973218628337 0.8
    endloop
  endfacet
  facet normal 0.18210543946660931 0.9832790086830254 0
    outer loop
      vertex 5.187939286231995 2.870946431798594 0.8
      vertex 5.187939286231995 2.870946431798594 0.6
      vertex 5.137593753635883 2.8802705353924205 0.8
    endloop
  endfacet
  facet normal 0.06421703119890447 -0.9979359563138303 0
    outer loop
      vertex 5.18745356798172 2.8523000052997043 0.8
      vertex 5.18745356798172 2.8523000052997043 0.6
      vertex 5.246727675199509 2.856114285332816 0.8
    endloop
  endfacet
  facet normal -0.06196651191435408 0.9980782290988858 0
    outer loop
      vertex 5.187939286231995 2.870946431798594 0.8
      vertex 5.214759819209576 2.8726116067596843 0.8
      vertex 5.214759819209576 2.8726116067596843 0.6
    endloop
  endfacet
  facet normal -0.19410108381669303 0.9809815335984593 0
    outer loop
      vertex 5.214759819209576 2.8726116067596843 0.8
      vertex 5.240007139742374 2.8776071465441158 0.8
      vertex 5.240007139742374 2.8776071465441158 0.6
    endloop
  endfacet
  facet normal 0.20270294859265015 -0.9792402742084525 0
    outer loop
      vertex 5.246727675199509 2.856114285332816 0.8
      vertex 5.246727675199509 2.856114285332816 0.6
      vertex 5.302007146179676 2.8675571477838924 0.8
    endloop
  endfacet
  facet normal -0.3345264694412143 0.9423863545506144 0
    outer loop
      vertex 5.240007139742374 2.8776071465441158 0.8
      vertex 5.261924996972084 2.8853875047394206 0.8
      vertex 5.261924996972084 2.8853875047394206 0.6
    endloop
  endfacet
  facet normal -0.5115028903188769 0.8592815564152619 0
    outer loop
      vertex 5.261924996972084 2.8853875047394206 0.8
      vertex 5.278757140040398 2.8954071423837116 0.8
      vertex 5.278757140040398 2.8954071423837116 0.6
    endloop
  endfacet
  facet normal 0.9998185331741418 -0.019049953320350366 0
    outer loop
      vertex 5.302007146179676 2.8675571477838924 0.8
      vertex 5.302007146179676 2.8675571477838924 0.6
      vertex 5.303460717201233 2.9438464290329387 0.8
    endloop
  endfacet
  facet normal -0.9833165954256128 0.18190237260844516 0
    outer loop
      vertex 5.278757140040398 2.8954071423837116 0.8
      vertex 5.28771785646677 2.9438464290329387 0.8
      vertex 5.28771785646677 2.9438464290329387 0.6
    endloop
  endfacet
  facet normal 0 1 0
    outer loop
      vertex 5.28771785646677 2.9438464290329387 0.8
      vertex 5.303460717201233 2.9438464290329387 0.8
      vertex 5.303460717201233 2.9438464290329387 0.6
    endloop
  endfacet
  facet normal -0.9874404806005082 -0.15799144683000235 0
    outer loop
      vertex 5.020342856645584 3.015775004667895 0.8
      vertex 5.020342856645584 3.015775004667895 0.6
      vertex 5.031362496316433 2.9469026795455386 0.8
    endloop
  endfacet
  facet normal 0.9928880005667009 0.11905216642572614 0
    outer loop
      vertex 5.078438393771648 2.9538973218628337 0.8
      vertex 5.078438393771648 2.9538973218628337 0.6
      vertex 5.070960715413094 3.016260715467589 0.8
    endloop
  endfacet
  facet normal 0.9943155926713679 -0.10647301146575261 0
    outer loop
      vertex 5.070960715413094 3.016260715467589 0.8
      vertex 5.070960715413094 3.016260715467589 0.6
      vertex 5.0781053602695465 3.082982147378581 0.8
    endloop
  endfacet
  facet normal -0.9897944736704719 0.1425022803024347 0
    outer loop
      vertex 5.020342856645584 3.015775004667895 0.8
      vertex 5.030938394367695 3.089369649333613 0.8
      vertex 5.030938394367695 3.089369649333613 0.6
    endloop
  endfacet
  facet normal -0.8584031485800978 0.5129756665844633 0
    outer loop
      vertex 5.030938394367695 3.089369649333613 0.8
      vertex 5.0627250000834465 3.142560715121882 0.8
      vertex 5.0627250000834465 3.142560715121882 0.6
    endloop
  endfacet
  facet normal 0.9085786976243465 -0.4177137180213816 0
    outer loop
      vertex 5.0781053602695465 3.082982147378581 0.8
      vertex 5.0781053602695465 3.082982147378581 0.6
      vertex 5.099539287388325 3.129603574318545 0.8
    endloop
  endfacet
  facet normal 0 -1 0
    outer loop
      vertex 5.282632142305374 3.1022357142397334 0.8
      vertex 5.282632142305374 3.1022357142397334 0.6
      vertex 5.298617854714394 3.1022357142397334 0.8
    endloop
  endfacet
  facet normal -1 0 0
    outer loop
      vertex 5.348289288580418 2.857142860335963 0.8
      vertex 5.348289288580418 2.8699785715767314 0.8
      vertex 5.348289288580418 2.8699785715767314 0.6
    endloop
  endfacet
  facet normal -0.16742307800392522 0.985885141865771 0
    outer loop
      vertex 5.348289288580418 2.8699785715767314 0.8
      vertex 5.3867964297533035 2.8765178567596843 0.8
      vertex 5.3867964297533035 2.8765178567596843 0.6
    endloop
  endfacet
  facet normal 0 -1 0
    outer loop
      vertex 5.348289288580418 2.857142860335963 0.8
      vertex 5.348289288580418 2.857142860335963 0.6
      vertex 5.485124997794628 2.857142860335963 0.8
    endloop
  endfacet
  facet normal 0.1257590216430823 0.9920608189397335 0
    outer loop
      vertex 5.485124997794628 2.8699785715767314 0.8
      vertex 5.485124997794628 2.8699785715767314 0.6
      vertex 5.4335392862558365 2.8765178567596843 0.8
    endloop
  endfacet
  facet normal 1 0 0
    outer loop
      vertex 5.4335392862558365 2.8765178567596843 0.8
      vertex 5.4335392862558365 2.8765178567596843 0.6
      vertex 5.4335392862558365 2.9845321497746875 0.8
    endloop
  endfacet
  facet normal 1 0 0
    outer loop
      vertex 5.485124997794628 2.857142860335963 0.8
      vertex 5.485124997794628 2.857142860335963 0.6
      vertex 5.485124997794628 2.8699785715767314 0.8
    endloop
  endfacet
  facet normal -1 0 0
    outer loop
      vertex 5.621007144451141 2.857142860335963 0.8
      vertex 5.621007144451141 2.8699785715767314 0.8
      vertex 5.621007144451141 2.8699785715767314 0.6
    endloop
  endfacet
  facet normal 0 -1 0
    outer loop
      vertex 5.4335392862558365 2.9845321497746875 0.8
      vertex 5.4335392862558365 2.9845321497746875 0.6
      vertex 5.4701071456074715 2.9845321497746875 0.8
    endloop
  endfacet
  facet normal 0 1 0
    outer loop
      vertex 5.4335392862558365 3.0063321462699344 0.8
      vertex 5.458724997937679 3.0063321462699344 0.8
      vertex 5.458724997937679 3.0063321462699344 0.6
    endloop
  endfacet
  facet normal -1 0 0
    outer loop
      vertex 5.3867964297533035 2.8765178567596843 0.8
      vertex 5.3867964297533035 3.162782149655478 0.8
      vertex 5.3867964297533035 3.162782149655478 0.6
    endloop
  endfacet
  facet normal 1 0 0
    outer loop
      vertex 5.4335392862558365 3.0063321462699344 0.8
      vertex 5.4335392862558365 3.0063321462699344 0.6
      vertex 5.4335392862558365 3.1601178592869212 0.8
    endloop
  endfacet
  facet normal 0.1288479917444508 -0.9916643560315264 0
    outer loop
      vertex 5.4701071456074715 2.9845321497746875 0.8
      vertex 5.4701071456074715 2.9845321497746875 0.6
      vertex 5.519968748092651 2.991010720176356 0.8
    endloop
  endfacet
  facet normal 0.46780174768617033 -0.8838334259699417 0
    outer loop
      vertex 5.519968748092651 2.991010720176356 0.8
      vertex 5.519968748092651 2.991010720176356 0.6
      vertex 5.5566892847418785 3.0104464313813617 0.8
    endloop
  endfacet
  facet normal -0.12994130208824897 0.9915216881196349 0
    outer loop
      vertex 5.458724997937679 3.0063321462699344 0.8
      vertex 5.494295537471771 3.0109937510320117 0.8
      vertex 5.494295537471771 3.0109937510320117 0.6
    endloop
  endfacet
  facet normal -0.49037280648325493 0.871512771370412 0
    outer loop
      vertex 5.494295537471771 3.0109937510320117 0.8
      vertex 5.519149996340275 3.0249785727688243 0.8
      vertex 5.519149996340275 3.0249785727688243 0.6
    endloop
  endfacet
  facet normal -0.858896999528349 0.5121483615137309 0
    outer loop
      vertex 5.519149996340275 3.0249785727688243 0.8
      vertex 5.533772319555283 3.049500899655478 0.8
      vertex 5.533772319555283 3.049500899655478 0.6
    endloop
  endfacet
  facet normal 0.8158674146581435 -0.578239017793712 0
    outer loop
      vertex 5.5566892847418785 3.0104464313813617 0.8
      vertex 5.5566892847418785 3.0104464313813617 0.6
      vertex 5.579304464161396 3.0423553607293536 0.8
    endloop
  endfacet
  facet normal -0.9910894742100482 0.13319780069524445 0
    outer loop
      vertex 5.533772319555283 3.049500899655478 0.8
      vertex 5.538646429777145 3.085767859859126 0.8
      vertex 5.538646429777145 3.085767859859126 0.6
    endloop
  endfacet
  facet normal -0.9908708173396755 -0.134814774207441 0
    outer loop
      vertex 5.538646429777145 3.085767859859126 0.8
      vertex 5.533983930945396 3.1200366115995815 0.8
      vertex 5.533983930945396 3.1200366115995815 0.6
    endloop
  endfacet
  facet normal 0.9855736662961341 -0.16924700382457744 0
    outer loop
      vertex 5.579304464161396 3.0423553607293536 0.8
      vertex 5.579304464161396 3.0423553607293536 0.6
      vertex 5.586842857301235 3.0862535781094005 0.8
    endloop
  endfacet
  facet normal 0.9235597224741875 0.3834546114253965 0
    outer loop
      vertex 5.5570535734295845 3.1580017900892665 0.8
      vertex 5.586842857301235 3.0862535781094005 0.8
      vertex 5.586842857301235 3.0862535781094005 0.6
    endloop
  endfacet
  facet normal 0 0 1
    outer loop
      vertex 5.1172187477350235 2.863046432180064 0.8
      vertex 5.100871428847313 2.9082428610750606 0.8
      vertex 5.064421430230141 2.8952857202717235 0.8
    endloop
  endfacet
  facet normal 0 0 1
    outer loop
      vertex 5.1172187477350235 2.863046432180064 0.8
      vertex 5.18745356798172 2.8523000052997043 0.8
      vertex 5.137593753635883 2.8802705353924205 0.8
    endloop
  endfacet
  facet normal 0 0 1
    outer loop
      vertex 5.1172187477350235 2.863046432180064 0.8
      vertex 5.137593753635883 2.8802705353924205 0.8
      vertex 5.100871428847313 2.9082428610750606 0.8
    endloop
  endfacet
  facet normal 0 0 1
    outer loop
      vertex 5.064421430230141 2.8952857202717235 0.8
      vertex 5.078438393771648 2.9538973218628337 0.8
      vertex 5.031362496316433 2.9469026795455386 0.8
    endloop
  endfacet
  facet normal 0 0 1
    outer loop
      vertex 5.064421430230141 2.8952857202717235 0.8
      vertex 5.100871428847313 2.9082428610750606 0.8
      vertex 5.078438393771648 2.9538973218628337 0.8
    endloop
  endfacet
  facet normal 0 0 1
    outer loop
      vertex 5.18745356798172 2.8523000052997043 0.8
      vertex 5.187939286231995 2.870946431798594 0.8
      vertex 5.137593753635883 2.8802705353924205 0.8
    endloop
  endfacet
  facet normal 0 0 1
    outer loop
      vertex 5.18745356798172 2.8523000052997043 0.8
      vertex 5.214759819209576 2.8726116067596843 0.8
      vertex 5.187939286231995 2.870946431798594 0.8
    endloop
  endfacet
  facet normal 0 0 1
    outer loop
      vertex 5.18745356798172 2.8523000052997043 0.8
      vertex 5.246727675199509 2.856114285332816 0.8
      vertex 5.214759819209576 2.8726116067596843 0.8
    endloop
  endfacet
  facet normal 0 0 1
    outer loop
      vertex 5.214759819209576 2.8726116067596843 0.8
      vertex 5.246727675199509 2.856114285332816 0.8
      vertex 5.240007139742374 2.8776071465441158 0.8
    endloop
  endfacet
  facet normal 0 0 1
    outer loop
      vertex 5.246727675199509 2.856114285332816 0.8
      vertex 5.302007146179676 2.8675571477838924 0.8
      vertex 5.261924996972084 2.8853875047394206 0.8
    endloop
  endfacet
  facet normal 0 0 1
    outer loop
      vertex 5.246727675199509 2.856114285332816 0.8
      vertex 5.261924996972084 2.8853875047394206 0.8
      vertex 5.240007139742374 2.8776071465441158 0.8
    endloop
  endfacet
  facet normal 0 0 1
    outer loop
      vertex 5.302007146179676 2.8675571477838924 0.8
      vertex 5.278757140040398 2.8954071423837116 0.8
      vertex 5.261924996972084 2.8853875047394206 0.8
    endloop
  endfacet
  facet normal 0 0 1
    outer loop
      vertex 5.302007146179676 2.8675571477838924 0.8
      vertex 5.303460717201233 2.9438464290329387 0.8
      vertex 5.278757140040398 2.8954071423837116 0.8
    endloop
  endfacet
  facet normal 0 0 1
    outer loop
      vertex 5.278757140040398 2.8954071423837116 0.8
      vertex 5.303460717201233 2.9438464290329387 0.8
      vertex 5.28771785646677 2.9438464290329387 0.8
    endloop
  endfacet
  facet normal 0 0 1
    outer loop
      vertex 5.031362496316433 2.9469026795455386 0.8
      vertex 5.078438393771648 2.9538973218628337 0.8
      vertex 5.070960715413094 3.016260715467589 0.8
    endloop
  endfacet
  facet normal 0 0 1
    outer loop
      vertex 5.020342856645584 3.015775004667895 0.8
      vertex 5.031362496316433 2.9469026795455386 0.8
      vertex 5.070960715413094 3.016260715467589 0.8
    endloop
  endfacet
  facet normal 0 0 1
    outer loop
      vertex 5.020342856645584 3.015775004667895 0.8
      vertex 5.070960715413094 3.016260715467589 0.8
      vertex 5.030938394367695 3.089369649333613 0.8
    endloop
  endfacet
  facet normal 0 0 1
    outer loop
      vertex 5.070960715413094 3.016260715467589 0.8
      vertex 5.0781053602695465 3.082982147378581 0.8
      vertex 5.030938394367695 3.089369649333613 0.8
    endloop
  endfacet
  facet normal 0 0 1
    outer loop
      vertex 5.030938394367695 3.089369649333613 0.8
      vertex 5.0781053602695465 3.082982147378581 0.8
      vertex 5.0627250000834465 3.142560715121882 0.8
    endloop
  endfacet
  facet normal 0 0 1
    outer loop
      vertex 5.0781053602695465 3.082982147378581 0.8
      vertex 5.099539287388325 3.129603574318545 0.8
      vertex 5.0627250000834465 3.142560715121882 0.8
    endloop
  endfacet
  facet normal 0 0 1
    outer loop
      vertex 5.282632142305374 3.1022357142397334 0.8
      vertex 5.298617854714394 3.1022357142397334 0.8
      vertex 5.275367856025696 3.144378574831145 0.8
    endloop
  endfacet
  facet normal 0 0 1
    outer loop
      vertex 5.348289288580418 2.857142860335963 0.8
      vertex 5.3867964297533035 2.8765178567596843 0.8
      vertex 5.348289288580418 2.8699785715767314 0.8
    endloop
  endfacet
  facet normal 0 0 1
    outer loop
      vertex 5.348289288580418 2.857142860335963 0.8
      vertex 5.4335392862558365 2.8765178567596843 0.8
      vertex 5.3867964297533035 2.8765178567596843 0.8
    endloop
  endfacet
  facet normal 0 0 1
    outer loop
      vertex 5.348289288580418 2.857142860335963 0.8
      vertex 5.485124997794628 2.857142860335963 0.8
      vertex 5.4335392862558365 2.8765178567596843 0.8
    endloop
  endfacet
  facet normal 0 0 1
    outer loop
      vertex 5.485124997794628 2.857142860335963 0.8
      vertex 5.485124997794628 2.8699785715767314 0.8
      vertex 5.4335392862558365 2.8765178567596843 0.8
    endloop
  endfacet
  facet normal 0 0 1
    outer loop
      vertex 5.3867964297533035 2.8765178567596843 0.8
      vertex 5.4335392862558365 2.8765178567596843 0.8
      vertex 5.4335392862558365 2.9845321497746875 0.8
    endloop
  endfacet
  facet normal 0 0 1
    outer loop
      vertex 5.3867964297533035 2.8765178567596843 0.8
      vertex 5.4335392862558365 2.9845321497746875 0.8
      vertex 5.4335392862558365 3.0063321462699344 0.8
    endloop
  endfacet
  facet normal 0 0 1
    outer loop
      vertex 5.4335392862558365 2.9845321497746875 0.8
      vertex 5.458724997937679 3.0063321462699344 0.8
      vertex 5.4335392862558365 3.0063321462699344 0.8
    endloop
  endfacet
  facet normal 0 0 1
    outer loop
      vertex 5.4335392862558365 2.9845321497746875 0.8
      vertex 5.4701071456074715 2.9845321497746875 0.8
      vertex 5.458724997937679 3.0063321462699344 0.8
    endloop
  endfacet
  facet normal 0 0 1
    outer loop
      vertex 5.3867964297533035 2.8765178567596843 0.8
      vertex 5.4335392862558365 3.0063321462699344 0.8
      vertex 5.3867964297533035 3.162782149655478 0.8
    endloop
  endfacet
  facet normal 0 0 1
    outer loop
      vertex 5.4335392862558365 3.0063321462699344 0.8
      vertex 5.4335392862558365 3.1601178592869212 0.8
      vertex 5.3867964297533035 3.162782149655478 0.8
    endloop
  endfacet
  facet normal 0 0 1
    outer loop
      vertex 5.4701071456074715 2.9845321497746875 0.8
      vertex 5.494295537471771 3.0109937510320117 0.8
      vertex 5.458724997937679 3.0063321462699344 0.8
    endloop
  endfacet
  facet normal 0 0 1
    outer loop
      vertex 5.4701071456074715 2.9845321497746875 0.8
      vertex 5.519968748092651 2.991010720176356 0.8
      vertex 5.494295537471771 3.0109937510320117 0.8
    endloop
  endfacet
  facet normal 0 0 1
    outer loop
      vertex 5.519968748092651 2.991010720176356 0.8
      vertex 5.519149996340275 3.0249785727688243 0.8
      vertex 5.494295537471771 3.0109937510320117 0.8
    endloop
  endfacet
  facet normal 0 0 1
    outer loop
      vertex 5.519968748092651 2.991010720176356 0.8
      vertex 5.5566892847418785 3.0104464313813617 0.8
      vertex 5.519149996340275 3.0249785727688243 0.8
    endloop
  endfacet
  facet normal 0 0 1
    outer loop
      vertex 5.519149996340275 3.0249785727688243 0.8
      vertex 5.5566892847418785 3.0104464313813617 0.8
      vertex 5.533772319555283 3.049500899655478 0.8
    endloop
  endfacet
  facet normal 0 0 1
    outer loop
      vertex 5.533772319555283 3.049500899655478 0.8
      vertex 5.5566892847418785 3.0104464313813617 0.8
      vertex 5.579304464161396 3.0423553607293536 0.8
    endloop
  endfacet
  facet normal 0 0 1
    outer loop
      vertex 5.533772319555283 3.049500899655478 0.8
      vertex 5.579304464161396 3.0423553607293536 0.8
      vertex 5.538646429777145 3.085767859859126 0.8
    endloop
  endfacet
  facet normal 0 0 1
    outer loop
      vertex 5.579304464161396 3.0423553607293536 0.8
      vertex 5.586842857301235 3.0862535781094005 0.8
      vertex 5.538646429777145 3.085767859859126 0.8
    endloop
  endfacet
  facet normal 0 0 1
    outer loop
      vertex 5.538646429777145 3.085767859859126 0.8
      vertex 5.586842857301235 3.0862535781094005 0.8
      vertex 5.533983930945396 3.1200366115995815 0.8
    endloop
  endfacet
  facet normal 0 0 1
    outer loop
      vertex 5.533983930945396 3.1200366115995815 0.8
      vertex 5.586842857301235 3.0862535781094005 0.8
      vertex 5.5570535734295845 3.1580017900892665 0.8
    endloop
  endfacet
  facet normal 0 -1 0
    outer loop
      vertex 5.621007144451141 2.857142860335963 0.8
      vertex 5.621007144451141 2.857142860335963 0.6
      vertex 5.73168571293354 2.857142860335963 0.8
    endloop
  endfacet
  facet normal -0.15507959517321107 0.987901978518574 0
    outer loop
      vertex 5.621007144451141 2.8699785715767314 0.8
      vertex 5.662664286792278 2.8765178567596843 0.8
      vertex 5.662664286792278 2.8765178567596843 0.6
    endloop
  endfacet
  facet normal 1 0 0
    outer loop
      vertex 5.73168571293354 2.857142860335963 0.8
      vertex 5.73168571293354 2.857142860335963 0.6
      vertex 5.73168571293354 2.8699785715767314 0.8
    endloop
  endfacet
  facet normal 0.14834837091309588 0.9889351651384587 0
    outer loop
      vertex 5.73168571293354 2.8699785715767314 0.8
      vertex 5.73168571293354 2.8699785715767314 0.6
      vertex 5.688092857599258 2.8765178567596843 0.8
    endloop
  endfacet
  facet normal 1 0 0
    outer loop
      vertex 5.688092857599258 2.8765178567596843 0.8
      vertex 5.688092857599258 2.8765178567596843 0.6
      vertex 5.688092857599258 3.1492214298674037 0.8
    endloop
  endfacet
  facet normal 0 -1 0
    outer loop
      vertex 5.888382144272327 2.857142860335963 0.8
      vertex 5.888382144272327 2.857142860335963 0.6
      vertex 5.911875002086163 2.857142860335963 0.8
    endloop
  endfacet
  facet normal 1 0 0
    outer loop
      vertex 5.911875002086163 2.857142860335963 0.8
      vertex 5.911875002086163 2.857142860335963 0.6
      vertex 5.911875002086163 3.162782149655478 0.8
    endloop
  endfacet
  facet normal -1 0 0
    outer loop
      vertex 5.662664286792278 2.8765178567596843 0.8
      vertex 5.662664286792278 3.162782149655478 0.8
      vertex 5.662664286792278 2.8765178567596843 0.6
    endloop
  endfacet
  facet normal -0.824719845064736 -0.5655414902165867 0
    outer loop
      vertex 5.688092857599258 3.1492214298674037 0.8
      vertex 5.688092857599258 3.1492214298674037 0.6
      vertex 5.888382144272327 2.857142860335963 0.8
    endloop
  endfacet
  facet normal 0.8212128117190912 0.5706220446744275 0
    outer loop
      vertex 5.719335712492466 3.1819178632327487 0.8
      vertex 5.886442855000496 2.9414250052400996 0.8
      vertex 5.886442855000496 2.9414250052400996 0.6
    endloop
  endfacet
  facet normal -1 0 0
    outer loop
      vertex 5.886442855000496 2.9414250052400996 0.8
      vertex 5.886442855000496 3.162782149655478 0.8
      vertex 5.886442855000496 3.162782149655478 0.6
    endloop
  endfacet
  facet normal 0 0 1
    outer loop
      vertex 5.621007144451141 2.857142860335963 0.8
      vertex 5.662664286792278 2.8765178567596843 0.8
      vertex 5.621007144451141 2.8699785715767314 0.8
    endloop
  endfacet
  facet normal 0 0 1
    outer loop
      vertex 5.621007144451141 2.857142860335963 0.8
      vertex 5.73168571293354 2.857142860335963 0.8
      vertex 5.662664286792278 2.8765178567596843 0.8
    endloop
  endfacet
  facet normal 0 0 1
    outer loop
      vertex 5.662664286792278 2.8765178567596843 0.8
      vertex 5.73168571293354 2.857142860335963 0.8
      vertex 5.688092857599258 2.8765178567596843 0.8
    endloop
  endfacet
  facet normal 0 0 1
    outer loop
      vertex 5.73168571293354 2.857142860335963 0.8
      vertex 5.73168571293354 2.8699785715767314 0.8
      vertex 5.688092857599258 2.8765178567596843 0.8
    endloop
  endfacet
  facet normal 0 0 1
    outer loop
      vertex 5.662664286792278 2.8765178567596843 0.8
      vertex 5.688092857599258 2.8765178567596843 0.8
      vertex 5.688092857599258 3.1492214298674037 0.8
    endloop
  endfacet
  facet normal 0 0 1
    outer loop
      vertex 5.688092857599258 3.1492214298674037 0.8
      vertex 5.888382144272327 2.857142860335963 0.8
      vertex 5.911875002086163 2.857142860335963 0.8
    endloop
  endfacet
  facet normal 0 0 1
    outer loop
      vertex 5.662664286792278 2.8765178567596843 0.8
      vertex 5.688092857599258 3.1492214298674037 0.8
      vertex 5.662664286792278 3.162782149655478 0.8
    endloop
  endfacet
  facet normal 0 0 1
    outer loop
      vertex 5.688092857599258 3.1492214298674037 0.8
      vertex 5.886442855000496 2.9414250052400996 0.8
      vertex 5.719335712492466 3.1819178632327487 0.8
    endloop
  endfacet
  facet normal 0 0 1
    outer loop
      vertex 5.688092857599258 3.1492214298674037 0.8
      vertex 5.911875002086163 2.857142860335963 0.8
      vertex 5.886442855000496 2.9414250052400996 0.8
    endloop
  endfacet
  facet normal 0 0 1
    outer loop
      vertex 5.911875002086163 2.857142860335963 0.8
      vertex 5.911875002086163 3.162782149655478 0.8
      vertex 5.886442855000496 2.9414250052400996 0.8
    endloop
  endfacet
  facet normal 0 0 1
    outer loop
      vertex 5.886442855000496 2.9414250052400996 0.8
      vertex 5.911875002086163 3.162782149655478 0.8
      vertex 5.886442855000496 3.162782149655478 0.8
    endloop
  endfacet
  facet normal -0.5224780062822763 0.8526527622375346 0
    outer loop
      vertex 5.0627250000834465 3.142560715121882 0.8
      vertex 5.11534196138382 3.1748026854225566 0.6
      vertex 5.0627250000834465 3.142560715121882 0.6
    endloop
  endfacet
  facet normal 0.5955799073659547 -0.8032960686707988 0
    outer loop
      vertex 5.136533930897713 3.157032149178641 0.8
      vertex 5.099539287388325 3.129603574318545 0.6
      vertex 5.136533930897713 3.157032149178641 0.6
    endloop
  endfacet
  facet normal -0.14549850311013732 0.9893584717344414 0
    outer loop
      vertex 5.11534196138382 3.1748026854225566 0.8
      vertex 5.188421428203583 3.185550006372588 0.6
      vertex 5.11534196138382 3.1748026854225566 0.6
    endloop
  endfacet
  facet normal 0.1674584151022475 -0.9858791402659067 0
    outer loop
      vertex 5.190360717475414 3.166175002498286 0.8
      vertex 5.136533930897713 3.157032149178641 0.6
      vertex 5.190360717475414 3.166175002498286 0.6
    endloop
  endfacet
  facet normal -0.18553937807902482 -0.9826368297504672 0
    outer loop
      vertex 5.23601071536541 3.1604821479746272 0.8
      vertex 5.213398210704327 3.1647517925926616 0.6
      vertex 5.23601071536541 3.1604821479746272 0.6
    endloop
  endfacet
  facet normal -0.06166043269516219 -0.9980971851677799 0
    outer loop
      vertex 5.213398210704327 3.1647517925926616 0.8
      vertex 5.190360717475414 3.166175002498286 0.6
      vertex 5.213398210704327 3.1647517925926616 0.6
    endloop
  endfacet
  facet normal 0.058730967177498324 0.9982738469450132 0
    outer loop
      vertex 5.188421428203583 3.185550006372588 0.8
      vertex 5.240916073322296 3.182461614055293 0.6
      vertex 5.188421428203583 3.185550006372588 0.6
    endloop
  endfacet
  facet normal -0.3104011112851531 -0.9506056754053922 0
    outer loop
      vertex 5.2570517882704735 3.153611609978335 0.8
      vertex 5.23601071536541 3.1604821479746272 0.6
      vertex 5.2570517882704735 3.153611609978335 0.6
    endloop
  endfacet
  facet normal -0.4501364219724496 -0.8929597984309487 0
    outer loop
      vertex 5.275367856025696 3.144378574831145 0.8
      vertex 5.2570517882704735 3.153611609978335 0.6
      vertex 5.275367856025696 3.144378574831145 0.6
    endloop
  endfacet
  facet normal 0.999790265488086 0.020479869024544267 0
    outer loop
      vertex 5.297164283692837 3.173196429652827 0.8
      vertex 5.298617854714394 3.1022357142397334 0.6
      vertex 5.297164283692837 3.173196429652827 0.6
    endloop
  endfacet
  facet normal 0.16252946681911404 0.9867036902816845 0
    outer loop
      vertex 5.240916073322296 3.182461614055293 0.8
      vertex 5.297164283692837 3.173196429652827 0.6
      vertex 5.240916073322296 3.182461614055293 0.6
    endloop
  endfacet
  facet normal -1 0 0
    outer loop
      vertex 5.345139287412167 3.1690821445413997 0.8
      vertex 5.345139287412167 3.1819178632327487 0.6
      vertex 5.345139287412167 3.1690821445413997 0.6
    endloop
  endfacet
  facet normal -0.1495340540058639 -0.9887565760552853 0
    outer loop
      vertex 5.3867964297533035 3.162782149655478 0.8
      vertex 5.345139287412167 3.1690821445413997 0.6
      vertex 5.3867964297533035 3.162782149655478 0.6
    endloop
  endfacet
  facet normal 0 1 0
    outer loop
      vertex 5.345139287412167 3.1819178632327487 0.8
      vertex 5.467685714364052 3.1819178632327487 0.6
      vertex 5.345139287412167 3.1819178632327487 0.6
    endloop
  endfacet
  facet normal 0 -1 0
    outer loop
      vertex 5.457271426916122 3.1601178592869212 0.8
      vertex 5.4335392862558365 3.1601178592869212 0.6
      vertex 5.457271426916122 3.1601178592869212 0.6
    endloop
  endfacet
  facet normal -0.11323940147594719 -0.99356773194049 0
    outer loop
      vertex 5.4949919655919075 3.1558187550732066 0.8
      vertex 5.457271426916122 3.1601178592869212 0.6
      vertex 5.4949919655919075 3.1558187550732066 0.6
    endloop
  endfacet
  facet normal -0.8532431099832568 -0.5215133701700272 0
    outer loop
      vertex 5.533983930945396 3.1200366115995815 0.8
      vertex 5.519996426999569 3.1429214349814822 0.6
      vertex 5.533983930945396 3.1200366115995815 0.6
    endloop
  endfacet
  facet normal -0.4584125231302647 -0.8887395336302669 0
    outer loop
      vertex 5.519996426999569 3.1429214349814822 0.8
      vertex 5.4949919655919075 3.1558187550732066 0.6
      vertex 5.519996426999569 3.1429214349814822 0.6
    endloop
  endfacet
  facet normal 0.2585167522516726 0.9660067747201608 0
    outer loop
      vertex 5.467685714364052 3.1819178632327487 0.8
      vertex 5.5570535734295845 3.1580017900892665 0.6
      vertex 5.467685714364052 3.1819178632327487 0.6
    endloop
  endfacet
  facet normal 0.9235597224741875 0.3834546114253965 0
    outer loop
      vertex 5.5570535734295845 3.1580017900892665 0.8
      vertex 5.586842857301235 3.0862535781094005 0.6
      vertex 5.5570535734295845 3.1580017900892665 0.6
    endloop
  endfacet
  facet normal -1 0 0
    outer loop
      vertex 5.621007144451141 3.1690821445413997 0.8
      vertex 5.621007144451141 3.1819178632327487 0.6
      vertex 5.621007144451141 3.1690821445413997 0.6
    endloop
  endfacet
  facet normal 0 -1 0
    outer loop
      vertex 5.129898928105831 3.571428569299834 0.8
      vertex 4.896233215928078 3.571428569299834 0.6
      vertex 5.129898928105831 3.571428569299834 0.6
    endloop
  endfacet
  facet normal 1 0 0
    outer loop
      vertex 5.129898928105831 3.5945328569837978 0.8
      vertex 5.129898928105831 3.571428569299834 0.6
      vertex 5.129898928105831 3.5945328569837978 0.6
    endloop
  endfacet
  facet normal 0.15507955083735936 0.9879019854783585 0
    outer loop
      vertex 5.054916068911552 3.6063035673328807 0.8
      vertex 5.129898928105831 3.5945328569837978 0.6
      vertex 5.054916068911552 3.6063035673328807 0.6
    endloop
  endfacet
  facet normal -0.842093044543838 -0.5393322763667029 0
    outer loop
      vertex 5.277261070907116 3.6400857142039706 0.8
      vertex 5.217754997313023 3.7329962498375346 0.6
      vertex 5.277261070907116 3.6400857142039706 0.6
    endloop
  endfacet
  facet normal -0.15124692468659556 -0.9884960130283011 0
    outer loop
      vertex 5.498718932271004 3.562711427254336 0.8
      vertex 5.372296251356602 3.5820549971290996 0.6
      vertex 5.498718932271004 3.562711427254336 0.6
    endloop
  endfacet
  facet normal 0.06421709029176532 -0.9979359525112116 0
    outer loop
      vertex 5.605412319302559 3.5695771372744014 0.8
      vertex 5.498718932271004 3.562711427254336 0.6
      vertex 5.605412319302559 3.5695771372744014 0.6
    endloop
  endfacet
  facet normal -0.5211469914972107 -0.853466937410821 0
    outer loop
      vertex 5.372296251356602 3.5820549971290996 0.8
      vertex 5.277261070907116 3.6400857142039706 0.6
      vertex 5.372296251356602 3.5820549971290996 0.6
    endloop
  endfacet
  facet normal 0.6059529009402415 0.7955005228421325 0
    outer loop
      vertex 5.342871069908142 3.663408572120326 0.8
      vertex 5.4089712500572205 3.613058390361922 0.6
      vertex 5.342871069908142 3.663408572120326 0.6
    endloop
  endfacet
  facet normal 0.18210550894174998 0.9832789958160738 0
    outer loop
      vertex 5.4089712500572205 3.613058390361922 0.8
      vertex 5.499593213200569 3.596274996442454 0.6
      vertex 5.4089712500572205 3.613058390361922 0.6
    endloop
  endfacet
  facet normal 0.8975054492123504 0.44100336578549737 0
    outer loop
      vertex 5.30249160528183 3.7455866060086658 0.8
      vertex 5.342871069908142 3.663408572120326 0.6
      vertex 5.30249160528183 3.7455866060086658 0.6
    endloop
  endfacet
  facet normal -0.06196668461271392 0.9980782183767505 0
    outer loop
      vertex 5.499593213200569 3.596274996442454 0.8
      vertex 5.547870181500912 3.599272320313113 0.6
      vertex 5.499593213200569 3.596274996442454 0.6
    endloop
  endfacet
  facet normal -0.19410094129669758 0.9809815617980473 0
    outer loop
      vertex 5.547870181500912 3.599272320313113 0.8
      vertex 5.593315355479717 3.608264284474509 0.6
      vertex 5.547870181500912 3.599272320313113 0.6
    endloop
  endfacet
  facet normal -0.33452637460859214 0.9423863882141083 0
    outer loop
      vertex 5.593315355479717 3.608264284474509 0.8
      vertex 5.632767498493195 3.6222689247557094 0.6
      vertex 5.593315355479717 3.608264284474509 0.6
    endloop
  endfacet
  facet normal -0.1495340540058639 -0.9887565760552853 0
    outer loop
      vertex 5.662664286792278 3.162782149655478 0.8
      vertex 5.621007144451141 3.1690821445413997 0.6
      vertex 5.662664286792278 3.162782149655478 0.6
    endloop
  endfacet
  facet normal 0 1 0
    outer loop
      vertex 5.621007144451141 3.1819178632327487 0.8
      vertex 5.719335712492466 3.1819178632327487 0.6
      vertex 5.621007144451141 3.1819178632327487 0.6
    endloop
  endfacet
  facet normal -1 0 0
    outer loop
      vertex 5.842849999666214 3.1690821445413997 0.8
      vertex 5.842849999666214 3.1819178632327487 0.6
      vertex 5.842849999666214 3.1690821445413997 0.6
    endloop
  endfacet
  facet normal -0.14303302149625838 -0.9897179167629789 0
    outer loop
      vertex 5.886442855000496 3.162782149655478 0.8
      vertex 5.842849999666214 3.1690821445413997 0.6
      vertex 5.886442855000496 3.162782149655478 0.6
    endloop
  endfacet
  facet normal 0 1 0
    outer loop
      vertex 5.842849999666214 3.1819178632327487 0.8
      vertex 5.9535321444272995 3.1819178632327487 0.6
      vertex 5.842849999666214 3.1819178632327487 0.6
    endloop
  endfacet
  facet normal 0.1495340540058639 -0.9887565760552853 0
    outer loop
      vertex 5.9535321444272995 3.1690821445413997 0.8
      vertex 5.911875002086163 3.162782149655478 0.6
      vertex 5.9535321444272995 3.1690821445413997 0.6
    endloop
  endfacet
  facet normal 1 0 0
    outer loop
      vertex 5.9535321444272995 3.1819178632327487 0.8
      vertex 5.9535321444272995 3.1690821445413997 0.6
      vertex 5.9535321444272995 3.1819178632327487 0.6
    endloop
  endfacet
  facet normal 0.2027028928362606 -0.9792402857500355 0
    outer loop
      vertex 5.70491535961628 3.5901742822357585 0.8
      vertex 5.605412319302559 3.5695771372744014 0.6
      vertex 5.70491535961628 3.5901742822357585 0.6
    endloop
  endfacet
  facet normal -0.18124043329326006 -0.9834388162665084 0
    outer loop
      vertex 5.880640357732773 3.5673978573509624 0.8
      vertex 5.8043524995446205 3.5814571401902606 0.6
      vertex 5.880640357732773 3.5673978573509624 0.6
    endloop
  endfacet
  facet normal -0.058012953770451826 -0.9983158303837656 0
    outer loop
      vertex 5.961286783218384 3.562711427254336 0.8
      vertex 5.880640357732773 3.5673978573509624 0.6
      vertex 5.961286783218384 3.562711427254336 0.6
    endloop
  endfacet
  facet normal -0.5115031028034686 0.8592814299299295 0
    outer loop
      vertex 5.632767498493195 3.6222689247557094 0.8
      vertex 5.663065358996391 3.640304284436362 0.6
      vertex 5.632767498493195 3.6222689247557094 0.6
    endloop
  endfacet
  facet normal -0.9833166022190905 0.18190233588467997 0
    outer loop
      vertex 5.663065358996391 3.640304284436362 0.8
      vertex 5.6791946440935135 3.7274949944445064 0.6
      vertex 5.663065358996391 3.640304284436362 0.6
    endloop
  endfacet
  facet normal 0 1 0
    outer loop
      vertex 5.6791946440935135 3.7274949944445064 0.8
      vertex 5.707531787455082 3.7274949944445064 0.6
      vertex 5.6791946440935135 3.7274949944445064 0.6
    endloop
  endfacet
  facet normal 0.9998185331898908 -0.019049952493779033 0
    outer loop
      vertex 5.707531787455082 3.7274949944445064 0.8
      vertex 5.70491535961628 3.5901742822357585 0.6
      vertex 5.707531787455082 3.7274949944445064 0.6
    endloop
  endfacet
  facet normal 0.3989175174560007 0.9169868124824596 0
    outer loop
      vertex 5.847944639623165 3.622432852430003 0.8
      vertex 5.868488751351833 3.6134955308267047 0.6
      vertex 5.847944639623165 3.622432852430003 0.6
    endloop
  endfacet
  facet normal -0.999239953063436 -0.03898097230421836 0
    outer loop
      vertex 5.7995567843317986 3.704390714211123 0.8
      vertex 5.7995567843317986 3.704390714211123 0.6
      vertex 5.8043524995446205 3.5814571401902606 0.6
    endloop
  endfacet
  facet normal 0.2662002057631853 0.9639177612491834 0
    outer loop
      vertex 5.868488751351833 3.6134955308267047 0.8
      vertex 5.896113932132721 3.605866426868098 0.6
      vertex 5.868488751351833 3.6134955308267047 0.6
    endloop
  endfacet
  facet normal 0.17103306263567286 0.9852652899018934 0
    outer loop
      vertex 5.896113932132721 3.605866426868098 0.8
      vertex 5.9262494668364525 3.6006351730653217 0.6
      vertex 5.896113932132721 3.605866426868098 0.6
    endloop
  endfacet
  facet normal 0.06201881939277253 0.9980749801698902 0
    outer loop
      vertex 5.9262494668364525 3.6006351730653217 0.8
      vertex 5.954311788082123 3.5988914242812564 0.6
      vertex 5.9262494668364525 3.6006351730653217 0.6
    endloop
  endfacet
  facet normal 0 1 0
    outer loop
      vertex 5.7995567843317986 3.704390714211123 0.8
      vertex 5.828324645757675 3.704390714211123 0.6
      vertex 5.7995567843317986 3.704390714211123 0.6
    endloop
  endfacet
  facet normal 0.972521490849025 0.23281312213187172 0
    outer loop
      vertex 5.828324645757675 3.704390714211123 0.8
      vertex 5.847944639623165 3.622432852430003 0.6
      vertex 5.828324645757675 3.704390714211123 0.6
    endloop
  endfacet
  facet normal 0.12570314246613465 -0.9920679008889154 0
    outer loop
      vertex 6.04902071505785 3.573828036231654 0.8
      vertex 5.961286783218384 3.562711427254336 0.6
      vertex 6.04902071505785 3.573828036231654 0.6
    endloop
  endfacet
  facet normal -1 0 0
    outer loop
      vertex 6.2424982115626335 3.571428569299834 0.8
      vertex 6.2424982115626335 3.63550856922354 0.6
      vertex 6.2424982115626335 3.571428569299834 0.6
    endloop
  endfacet
  facet normal -0.1307184208797655 0.9914195350318151 0
    outer loop
      vertex 5.954311788082123 3.5988914242812564 0.8
      vertex 6.0138194635510445 3.606737496597426 0.6
      vertex 5.954311788082123 3.5988914242812564 0.6
    endloop
  endfacet
  facet normal -0.4921602372159983 0.8705046242861046 0
    outer loop
      vertex 6.0138194635510445 3.606737496597426 0.8
      vertex 6.05545250326395 3.6302757135459354 0.6
      vertex 6.0138194635510445 3.606737496597426 0.6
    endloop
  endfacet
  facet normal 0.4549491946695861 -0.8905173947034919 0
    outer loop
      vertex 6.114299640059471 3.6071778557130267 0.8
      vertex 6.04902071505785 3.573828036231654 0.6
      vertex 6.114299640059471 3.6071778557130267 0.6
    endloop
  endfacet
  facet normal -0.8628135971540869 0.505522201852723 0
    outer loop
      vertex 6.05545250326395 3.6302757135459354 0.8
      vertex 6.079974286258221 3.672128925366061 0.6
      vertex 6.05545250326395 3.6302757135459354 0.6
    endloop
  endfacet
  facet normal -0.9916298307991331 0.12911343334170405 0
    outer loop
      vertex 6.079974286258221 3.672128925366061 0.8
      vertex 6.0881482139229774 3.7349071374961307 0.6
      vertex 6.079974286258221 3.672128925366061 0.6
    endloop
  endfacet
  facet normal 0.7946760194549393 -0.6070337915662133 0
    outer loop
      vertex 6.154843032360077 3.6602537504264285 0.8
      vertex 6.114299640059471 3.6071778557130267 0.6
      vertex 6.154843032360077 3.6602537504264285 0.6
    endloop
  endfacet
  facet normal 0.9820162074744582 -0.18879663200778243 0
    outer loop
      vertex 6.168357498943806 3.730548570198672 0.8
      vertex 6.154843032360077 3.6602537504264285 0.6
      vertex 6.168357498943806 3.730548570198672 0.6
    endloop
  endfacet
  facet normal 0.5955799073659547 -0.8032960686707988 0
    outer loop
      vertex 5.099539287388325 3.129603574318545 0.8
      vertex 5.099539287388325 3.129603574318545 0.6
      vertex 5.136533930897713 3.157032149178641 0.8
    endloop
  endfacet
  facet normal -0.5224780062822763 0.8526527622375346 0
    outer loop
      vertex 5.0627250000834465 3.142560715121882 0.8
      vertex 5.11534196138382 3.1748026854225566 0.8
      vertex 5.11534196138382 3.1748026854225566 0.6
    endloop
  endfacet
  facet normal 0.1674584151022475 -0.9858791402659067 0
    outer loop
      vertex 5.136533930897713 3.157032149178641 0.8
      vertex 5.136533930897713 3.157032149178641 0.6
      vertex 5.190360717475414 3.166175002498286 0.8
    endloop
  endfacet
  facet normal -0.18553937807902482 -0.9826368297504672 0
    outer loop
      vertex 5.213398210704327 3.1647517925926616 0.8
      vertex 5.213398210704327 3.1647517925926616 0.6
      vertex 5.23601071536541 3.1604821479746272 0.8
    endloop
  endfacet
  facet normal -0.14549850311013732 0.9893584717344414 0
    outer loop
      vertex 5.11534196138382 3.1748026854225566 0.8
      vertex 5.188421428203583 3.185550006372588 0.8
      vertex 5.188421428203583 3.185550006372588 0.6
    endloop
  endfacet
  facet normal -0.06166043269516219 -0.9980971851677799 0
    outer loop
      vertex 5.190360717475414 3.166175002498286 0.8
      vertex 5.190360717475414 3.166175002498286 0.6
      vertex 5.213398210704327 3.1647517925926616 0.8
    endloop
  endfacet
  facet normal 0.058730967177498324 0.9982738469450132 0
    outer loop
      vertex 5.188421428203583 3.185550006372588 0.8
      vertex 5.240916073322296 3.182461614055293 0.8
      vertex 5.240916073322296 3.182461614055293 0.6
    endloop
  endfacet
  facet normal -0.3104011112851531 -0.9506056754053922 0
    outer loop
      vertex 5.23601071536541 3.1604821479746272 0.8
      vertex 5.23601071536541 3.1604821479746272 0.6
      vertex 5.2570517882704735 3.153611609978335 0.8
    endloop
  endfacet
  facet normal -0.4501364219724496 -0.8929597984309487 0
    outer loop
      vertex 5.2570517882704735 3.153611609978335 0.8
      vertex 5.2570517882704735 3.153611609978335 0.6
      vertex 5.275367856025696 3.144378574831145 0.8
    endloop
  endfacet
  facet normal -0.9854668656459246 -0.16986776243300883 0
    outer loop
      vertex 5.282632142305374 3.1022357142397334 0.8
      vertex 5.275367856025696 3.144378574831145 0.8
      vertex 5.275367856025696 3.144378574831145 0.6
    endloop
  endfacet
  facet normal 0.999790265488086 0.020479869024544267 0
    outer loop
      vertex 5.298617854714394 3.1022357142397334 0.8
      vertex 5.298617854714394 3.1022357142397334 0.6
      vertex 5.297164283692837 3.173196429652827 0.8
    endloop
  endfacet
  facet normal 0.16252946681911404 0.9867036902816845 0
    outer loop
      vertex 5.240916073322296 3.182461614055293 0.8
      vertex 5.297164283692837 3.173196429652827 0.8
      vertex 5.297164283692837 3.173196429652827 0.6
    endloop
  endfacet
  facet normal -1 0 0
    outer loop
      vertex 5.345139287412167 3.1690821445413997 0.8
      vertex 5.345139287412167 3.1819178632327487 0.8
      vertex 5.345139287412167 3.1819178632327487 0.6
    endloop
  endfacet
  facet normal -0.1495340540058639 -0.9887565760552853 0
    outer loop
      vertex 5.345139287412167 3.1690821445413997 0.8
      vertex 5.345139287412167 3.1690821445413997 0.6
      vertex 5.3867964297533035 3.162782149655478 0.8
    endloop
  endfacet
  facet normal 0 -1 0
    outer loop
      vertex 5.4335392862558365 3.1601178592869212 0.8
      vertex 5.4335392862558365 3.1601178592869212 0.6
      vertex 5.457271426916122 3.1601178592869212 0.8
    endloop
  endfacet
  facet normal 0 1 0
    outer loop
      vertex 5.345139287412167 3.1819178632327487 0.8
      vertex 5.467685714364052 3.1819178632327487 0.8
      vertex 5.467685714364052 3.1819178632327487 0.6
    endloop
  endfacet
  facet normal -0.11323940147594719 -0.99356773194049 0
    outer loop
      vertex 5.457271426916122 3.1601178592869212 0.8
      vertex 5.457271426916122 3.1601178592869212 0.6
      vertex 5.4949919655919075 3.1558187550732066 0.8
    endloop
  endfacet
  facet normal -0.4584125231302647 -0.8887395336302669 0
    outer loop
      vertex 5.4949919655919075 3.1558187550732066 0.8
      vertex 5.4949919655919075 3.1558187550732066 0.6
      vertex 5.519996426999569 3.1429214349814822 0.8
    endloop
  endfacet
  facet normal -0.8532431099832568 -0.5215133701700272 0
    outer loop
      vertex 5.533983930945396 3.1200366115995815 0.8
      vertex 5.519996426999569 3.1429214349814822 0.8
      vertex 5.519996426999569 3.1429214349814822 0.6
    endloop
  endfacet
  facet normal 0.2585167522516726 0.9660067747201608 0
    outer loop
      vertex 5.467685714364052 3.1819178632327487 0.8
      vertex 5.5570535734295845 3.1580017900892665 0.8
      vertex 5.5570535734295845 3.1580017900892665 0.6
    endloop
  endfacet
  facet normal -1 0 0
    outer loop
      vertex 5.621007144451141 3.1690821445413997 0.8
      vertex 5.621007144451141 3.1819178632327487 0.8
      vertex 5.621007144451141 3.1819178632327487 0.6
    endloop
  endfacet
  facet normal 0 0 1
    outer loop
      vertex 5.099539287388325 3.129603574318545 0.8
      vertex 5.11534196138382 3.1748026854225566 0.8
      vertex 5.0627250000834465 3.142560715121882 0.8
    endloop
  endfacet
  facet normal 0 0 1
    outer loop
      vertex 5.099539287388325 3.129603574318545 0.8
      vertex 5.136533930897713 3.157032149178641 0.8
      vertex 5.11534196138382 3.1748026854225566 0.8
    endloop
  endfacet
  facet normal 0 0 1
    outer loop
      vertex 5.11534196138382 3.1748026854225566 0.8
      vertex 5.136533930897713 3.157032149178641 0.8
      vertex 5.188421428203583 3.185550006372588 0.8
    endloop
  endfacet
  facet normal 0 0 1
    outer loop
      vertex 5.136533930897713 3.157032149178641 0.8
      vertex 5.190360717475414 3.166175002498286 0.8
      vertex 5.188421428203583 3.185550006372588 0.8
    endloop
  endfacet
  facet normal 0 0 1
    outer loop
      vertex 5.190360717475414 3.166175002498286 0.8
      vertex 5.213398210704327 3.1647517925926616 0.8
      vertex 5.188421428203583 3.185550006372588 0.8
    endloop
  endfacet
  facet normal 0 0 1
    outer loop
      vertex 5.213398210704327 3.1647517925926616 0.8
      vertex 5.240916073322296 3.182461614055293 0.8
      vertex 5.188421428203583 3.185550006372588 0.8
    endloop
  endfacet
  facet normal 0 0 1
    outer loop
      vertex 5.213398210704327 3.1647517925926616 0.8
      vertex 5.23601071536541 3.1604821479746272 0.8
      vertex 5.240916073322296 3.182461614055293 0.8
    endloop
  endfacet
  facet normal 0 0 1
    outer loop
      vertex 5.298617854714394 3.1022357142397334 0.8
      vertex 5.297164283692837 3.173196429652827 0.8
      vertex 5.275367856025696 3.144378574831145 0.8
    endloop
  endfacet
  facet normal 0 0 1
    outer loop
      vertex 5.2570517882704735 3.153611609978335 0.8
      vertex 5.275367856025696 3.144378574831145 0.8
      vertex 5.297164283692837 3.173196429652827 0.8
    endloop
  endfacet
  facet normal 0 0 1
    outer loop
      vertex 5.23601071536541 3.1604821479746272 0.8
      vertex 5.2570517882704735 3.153611609978335 0.8
      vertex 5.240916073322296 3.182461614055293 0.8
    endloop
  endfacet
  facet normal 0 0 1
    outer loop
      vertex 5.2570517882704735 3.153611609978335 0.8
      vertex 5.297164283692837 3.173196429652827 0.8
      vertex 5.240916073322296 3.182461614055293 0.8
    endloop
  endfacet
  facet normal 0 0 1
    outer loop
      vertex 5.345139287412167 3.1690821445413997 0.8
      vertex 5.3867964297533035 3.162782149655478 0.8
      vertex 5.345139287412167 3.1819178632327487 0.8
    endloop
  endfacet
  facet normal 0 0 1
    outer loop
      vertex 5.345139287412167 3.1819178632327487 0.8
      vertex 5.3867964297533035 3.162782149655478 0.8
      vertex 5.467685714364052 3.1819178632327487 0.8
    endloop
  endfacet
  facet normal 0 0 1
    outer loop
      vertex 5.3867964297533035 3.162782149655478 0.8
      vertex 5.4335392862558365 3.1601178592869212 0.8
      vertex 5.467685714364052 3.1819178632327487 0.8
    endloop
  endfacet
  facet normal 0 0 1
    outer loop
      vertex 5.4335392862558365 3.1601178592869212 0.8
      vertex 5.457271426916122 3.1601178592869212 0.8
      vertex 5.467685714364052 3.1819178632327487 0.8
    endloop
  endfacet
  facet normal 0 0 1
    outer loop
      vertex 5.533983930945396 3.1200366115995815 0.8
      vertex 5.5570535734295845 3.1580017900892665 0.8
      vertex 5.519996426999569 3.1429214349814822 0.8
    endloop
  endfacet
  facet normal 0 0 1
    outer loop
      vertex 5.4949919655919075 3.1558187550732066 0.8
      vertex 5.519996426999569 3.1429214349814822 0.8
      vertex 5.5570535734295845 3.1580017900892665 0.8
    endloop
  endfacet
  facet normal 0 0 1
    outer loop
      vertex 5.457271426916122 3.1601178592869212 0.8
      vertex 5.4949919655919075 3.1558187550732066 0.8
      vertex 5.467685714364052 3.1819178632327487 0.8
    endloop
  endfacet
  facet normal 0 0 1
    outer loop
      vertex 5.467685714364052 3.1819178632327487 0.8
      vertex 5.4949919655919075 3.1558187550732066 0.8
      vertex 5.5570535734295845 3.1580017900892665 0.8
    endloop
  endfacet
  facet normal 1 0 0
    outer loop
      vertex 5.129898928105831 3.571428569299834 0.8
      vertex 5.129898928105831 3.571428569299834 0.6
      vertex 5.129898928105831 3.5945328569837978 0.8
    endloop
  endfacet
  facet normal 0.15507955083735936 0.9879019854783585 0
    outer loop
      vertex 5.054916068911552 3.6063035673328807 0.8
      vertex 5.129898928105831 3.5945328569837978 0.8
      vertex 5.129898928105831 3.5945328569837978 0.6
    endloop
  endfacet
  facet normal -0.5211469914972107 -0.853466937410821 0
    outer loop
      vertex 5.372296251356602 3.5820549971290996 0.8
      vertex 5.277261070907116 3.6400857142039706 0.8
      vertex 5.277261070907116 3.6400857142039706 0.6
    endloop
  endfacet
  facet normal -0.842093044543838 -0.5393322763667029 0
    outer loop
      vertex 5.277261070907116 3.6400857142039706 0.8
      vertex 5.217754997313023 3.7329962498375346 0.8
      vertex 5.217754997313023 3.7329962498375346 0.6
    endloop
  endfacet
  facet normal -0.15124692468659556 -0.9884960130283011 0
    outer loop
      vertex 5.372296251356602 3.5820549971290996 0.8
      vertex 5.372296251356602 3.5820549971290996 0.6
      vertex 5.498718932271004 3.562711427254336 0.8
    endloop
  endfacet
  facet normal 0.06421709029176532 -0.9979359525112116 0
    outer loop
      vertex 5.498718932271004 3.562711427254336 0.8
      vertex 5.498718932271004 3.562711427254336 0.6
      vertex 5.605412319302559 3.5695771372744014 0.8
    endloop
  endfacet
  facet normal 0.6059529009402415 0.7955005228421325 0
    outer loop
      vertex 5.342871069908142 3.663408572120326 0.8
      vertex 5.4089712500572205 3.613058390361922 0.8
      vertex 5.4089712500572205 3.613058390361922 0.6
    endloop
  endfacet
  facet normal 0.8975054492123504 0.44100336578549737 0
    outer loop
      vertex 5.30249160528183 3.7455866060086658 0.8
      vertex 5.342871069908142 3.663408572120326 0.8
      vertex 5.342871069908142 3.663408572120326 0.6
    endloop
  endfacet
  facet normal 0.18210550894174998 0.9832789958160738 0
    outer loop
      vertex 5.4089712500572205 3.613058390361922 0.8
      vertex 5.499593213200569 3.596274996442454 0.8
      vertex 5.499593213200569 3.596274996442454 0.6
    endloop
  endfacet
  facet normal -0.06196668461271392 0.9980782183767505 0
    outer loop
      vertex 5.499593213200569 3.596274996442454 0.8
      vertex 5.547870181500912 3.599272320313113 0.8
      vertex 5.547870181500912 3.599272320313113 0.6
    endloop
  endfacet
  facet normal -0.19410094129669758 0.9809815617980473 0
    outer loop
      vertex 5.547870181500912 3.599272320313113 0.8
      vertex 5.593315355479717 3.608264284474509 0.8
      vertex 5.593315355479717 3.608264284474509 0.6
    endloop
  endfacet
  facet normal -0.33452637460859214 0.9423863882141083 0
    outer loop
      vertex 5.593315355479717 3.608264284474509 0.8
      vertex 5.632767498493195 3.6222689247557094 0.8
      vertex 5.632767498493195 3.6222689247557094 0.6
    endloop
  endfacet
  facet normal 0 0 1
    outer loop
      vertex 5.054916068911552 3.6063035673328807 0.8
      vertex 5.129898928105831 3.571428569299834 0.8
      vertex 5.129898928105831 3.5945328569837978 0.8
    endloop
  endfacet
  facet normal 0 0 1
    outer loop
      vertex 4.971216075122356 3.6063035673328807 0.8
      vertex 5.129898928105831 3.571428569299834 0.8
      vertex 5.054916068911552 3.6063035673328807 0.8
    endloop
  endfacet
  facet normal 0 0 1
    outer loop
      vertex 5.277261070907116 3.6400857142039706 0.8
      vertex 5.30249160528183 3.7455866060086658 0.8
      vertex 5.217754997313023 3.7329962498375346 0.8
    endloop
  endfacet
  facet normal 0 0 1
    outer loop
      vertex 5.277261070907116 3.6400857142039706 0.8
      vertex 5.342871069908142 3.663408572120326 0.8
      vertex 5.30249160528183 3.7455866060086658 0.8
    endloop
  endfacet
  facet normal 0 0 1
    outer loop
      vertex 5.372296251356602 3.5820549971290996 0.8
      vertex 5.498718932271004 3.562711427254336 0.8
      vertex 5.4089712500572205 3.613058390361922 0.8
    endloop
  endfacet
  facet normal 0 0 1
    outer loop
      vertex 5.4089712500572205 3.613058390361922 0.8
      vertex 5.498718932271004 3.562711427254336 0.8
      vertex 5.499593213200569 3.596274996442454 0.8
    endloop
  endfacet
  facet normal 0 0 1
    outer loop
      vertex 5.498718932271004 3.562711427254336 0.8
      vertex 5.547870181500912 3.599272320313113 0.8
      vertex 5.499593213200569 3.596274996442454 0.8
    endloop
  endfacet
  facet normal 0 0 1
    outer loop
      vertex 5.498718932271004 3.562711427254336 0.8
      vertex 5.605412319302559 3.5695771372744014 0.8
      vertex 5.547870181500912 3.599272320313113 0.8
    endloop
  endfacet
  facet normal 0 0 1
    outer loop
      vertex 5.605412319302559 3.5695771372744014 0.8
      vertex 5.593315355479717 3.608264284474509 0.8
      vertex 5.547870181500912 3.599272320313113 0.8
    endloop
  endfacet
  facet normal 0 0 1
    outer loop
      vertex 5.372296251356602 3.5820549971290996 0.8
      vertex 5.342871069908142 3.663408572120326 0.8
      vertex 5.277261070907116 3.6400857142039706 0.8
    endloop
  endfacet
  facet normal 0 0 1
    outer loop
      vertex 5.372296251356602 3.5820549971290996 0.8
      vertex 5.4089712500572205 3.613058390361922 0.8
      vertex 5.342871069908142 3.663408572120326 0.8
    endloop
  endfacet
  facet normal 0 0 1
    outer loop
      vertex 5.605412319302559 3.5695771372744014 0.8
      vertex 5.632767498493195 3.6222689247557094 0.8
      vertex 5.593315355479717 3.608264284474509 0.8
    endloop
  endfacet
  facet normal -0.1495340540058639 -0.9887565760552853 0
    outer loop
      vertex 5.621007144451141 3.1690821445413997 0.8
      vertex 5.621007144451141 3.1690821445413997 0.6
      vertex 5.662664286792278 3.162782149655478 0.8
    endloop
  endfacet
  facet normal 0 1 0
    outer loop
      vertex 5.621007144451141 3.1819178632327487 0.8
      vertex 5.719335712492466 3.1819178632327487 0.8
      vertex 5.719335712492466 3.1819178632327487 0.6
    endloop
  endfacet
  facet normal -0.14303302149625838 -0.9897179167629789 0
    outer loop
      vertex 5.842849999666214 3.1690821445413997 0.8
      vertex 5.842849999666214 3.1690821445413997 0.6
      vertex 5.886442855000496 3.162782149655478 0.8
    endloop
  endfacet
  facet normal -1 0 0
    outer loop
      vertex 5.842849999666214 3.1690821445413997 0.8
      vertex 5.842849999666214 3.1819178632327487 0.8
      vertex 5.842849999666214 3.1819178632327487 0.6
    endloop
  endfacet
  facet normal 0 1 0
    outer loop
      vertex 5.842849999666214 3.1819178632327487 0.8
      vertex 5.9535321444272995 3.1819178632327487 0.8
      vertex 5.9535321444272995 3.1819178632327487 0.6
    endloop
  endfacet
  facet normal 0.1495340540058639 -0.9887565760552853 0
    outer loop
      vertex 5.911875002086163 3.162782149655478 0.8
      vertex 5.911875002086163 3.162782149655478 0.6
      vertex 5.9535321444272995 3.1690821445413997 0.8
    endloop
  endfacet
  facet normal 1 0 0
    outer loop
      vertex 5.9535321444272995 3.1690821445413997 0.8
      vertex 5.9535321444272995 3.1690821445413997 0.6
      vertex 5.9535321444272995 3.1819178632327487 0.8
    endloop
  endfacet
  facet normal 0 0 1
    outer loop
      vertex 5.621007144451141 3.1690821445413997 0.8
      vertex 5.662664286792278 3.162782149655478 0.8
      vertex 5.621007144451141 3.1819178632327487 0.8
    endloop
  endfacet
  facet normal 0 0 1
    outer loop
      vertex 5.621007144451141 3.1819178632327487 0.8
      vertex 5.662664286792278 3.162782149655478 0.8
      vertex 5.719335712492466 3.1819178632327487 0.8
    endloop
  endfacet
  facet normal 0 0 1
    outer loop
      vertex 5.662664286792278 3.162782149655478 0.8
      vertex 5.688092857599258 3.1492214298674037 0.8
      vertex 5.719335712492466 3.1819178632327487 0.8
    endloop
  endfacet
  facet normal 0 0 1
    outer loop
      vertex 5.842849999666214 3.1690821445413997 0.8
      vertex 5.886442855000496 3.162782149655478 0.8
      vertex 5.842849999666214 3.1819178632327487 0.8
    endloop
  endfacet
  facet normal 0 0 1
    outer loop
      vertex 5.842849999666214 3.1819178632327487 0.8
      vertex 5.886442855000496 3.162782149655478 0.8
      vertex 5.911875002086163 3.162782149655478 0.8
    endloop
  endfacet
  facet normal 0 0 1
    outer loop
      vertex 5.842849999666214 3.1819178632327487 0.8
      vertex 5.911875002086163 3.162782149655478 0.8
      vertex 5.9535321444272995 3.1819178632327487 0.8
    endloop
  endfacet
  facet normal 0 0 1
    outer loop
      vertex 5.911875002086163 3.162782149655478 0.8
      vertex 5.9535321444272995 3.1690821445413997 0.8
      vertex 5.9535321444272995 3.1819178632327487 0.8
    endloop
  endfacet
  facet normal 0.2027028928362606 -0.9792402857500355 0
    outer loop
      vertex 5.605412319302559 3.5695771372744014 0.8
      vertex 5.605412319302559 3.5695771372744014 0.6
      vertex 5.70491535961628 3.5901742822357585 0.8
    endloop
  endfacet
  facet normal -0.18124043329326006 -0.9834388162665084 0
    outer loop
      vertex 5.8043524995446205 3.5814571401902606 0.8
      vertex 5.8043524995446205 3.5814571401902606 0.6
      vertex 5.880640357732773 3.5673978573509624 0.8
    endloop
  endfacet
  facet normal -0.058012953770451826 -0.9983158303837656 0
    outer loop
      vertex 5.880640357732773 3.5673978573509624 0.8
      vertex 5.880640357732773 3.5673978573509624 0.6
      vertex 5.961286783218384 3.562711427254336 0.8
    endloop
  endfacet
  facet normal -0.5115031028034686 0.8592814299299295 0
    outer loop
      vertex 5.632767498493195 3.6222689247557094 0.8
      vertex 5.663065358996391 3.640304284436362 0.8
      vertex 5.663065358996391 3.640304284436362 0.6
    endloop
  endfacet
  facet normal 0.9998185331898908 -0.019049952493779033 0
    outer loop
      vertex 5.70491535961628 3.5901742822357585 0.8
      vertex 5.70491535961628 3.5901742822357585 0.6
      vertex 5.707531787455082 3.7274949944445064 0.8
    endloop
  endfacet
  facet normal -0.9833166022190905 0.18190233588467997 0
    outer loop
      vertex 5.663065358996391 3.640304284436362 0.8
      vertex 5.6791946440935135 3.7274949944445064 0.8
      vertex 5.6791946440935135 3.7274949944445064 0.6
    endloop
  endfacet
  facet normal 0 1 0
    outer loop
      vertex 5.6791946440935135 3.7274949944445064 0.8
      vertex 5.707531787455082 3.7274949944445064 0.8
      vertex 5.707531787455082 3.7274949944445064 0.6
    endloop
  endfacet
  facet normal -0.999239953063436 -0.03898097230421836 0
    outer loop
      vertex 5.8043524995446205 3.5814571401902606 0.8
      vertex 5.7995567843317986 3.704390714211123 0.8
      vertex 5.8043524995446205 3.5814571401902606 0.6
    endloop
  endfacet
  facet normal 0.972521490849025 0.23281312213187172 0
    outer loop
      vertex 5.847944639623165 3.622432852430003 0.8
      vertex 5.847944639623165 3.622432852430003 0.6
      vertex 5.828324645757675 3.704390714211123 0.8
    endloop
  endfacet
  facet normal 0.2662002057631853 0.9639177612491834 0
    outer loop
      vertex 5.868488751351833 3.6134955308267047 0.8
      vertex 5.896113932132721 3.605866426868098 0.8
      vertex 5.896113932132721 3.605866426868098 0.6
    endloop
  endfacet
  facet normal 0.3989175174560007 0.9169868124824596 0
    outer loop
      vertex 5.847944639623165 3.622432852430003 0.8
      vertex 5.868488751351833 3.6134955308267047 0.8
      vertex 5.868488751351833 3.6134955308267047 0.6
    endloop
  endfacet
  facet normal 0.17103306263567286 0.9852652899018934 0
    outer loop
      vertex 5.896113932132721 3.605866426868098 0.8
      vertex 5.9262494668364525 3.6006351730653217 0.8
      vertex 5.9262494668364525 3.6006351730653217 0.6
    endloop
  endfacet
  facet normal 0 1 0
    outer loop
      vertex 5.7995567843317986 3.704390714211123 0.8
      vertex 5.828324645757675 3.704390714211123 0.8
      vertex 5.828324645757675 3.704390714211123 0.6
    endloop
  endfacet
  facet normal 0.12570314246613465 -0.9920679008889154 0
    outer loop
      vertex 5.961286783218384 3.562711427254336 0.8
      vertex 5.961286783218384 3.562711427254336 0.6
      vertex 6.04902071505785 3.573828036231654 0.8
    endloop
  endfacet
  facet normal 0.4549491946695861 -0.8905173947034919 0
    outer loop
      vertex 6.04902071505785 3.573828036231654 0.8
      vertex 6.04902071505785 3.573828036231654 0.6
      vertex 6.114299640059471 3.6071778557130267 0.8
    endloop
  endfacet
  facet normal 0.06201881939277253 0.9980749801698902 0
    outer loop
      vertex 5.9262494668364525 3.6006351730653217 0.8
      vertex 5.954311788082123 3.5988914242812564 0.8
      vertex 5.954311788082123 3.5988914242812564 0.6
    endloop
  endfacet
  facet normal -0.1307184208797655 0.9914195350318151 0
    outer loop
      vertex 5.954311788082123 3.5988914242812564 0.8
      vertex 6.0138194635510445 3.606737496597426 0.8
      vertex 6.0138194635510445 3.606737496597426 0.6
    endloop
  endfacet
  facet normal -0.4921602372159983 0.8705046242861046 0
    outer loop
      vertex 6.0138194635510445 3.606737496597426 0.8
      vertex 6.05545250326395 3.6302757135459354 0.8
      vertex 6.05545250326395 3.6302757135459354 0.6
    endloop
  endfacet
  facet normal -0.8628135971540869 0.505522201852723 0
    outer loop
      vertex 6.05545250326395 3.6302757135459354 0.8
      vertex 6.079974286258221 3.672128925366061 0.8
      vertex 6.079974286258221 3.672128925366061 0.6
    endloop
  endfacet
  facet normal -0.9916298307991331 0.12911343334170405 0
    outer loop
      vertex 6.079974286258221 3.672128925366061 0.8
      vertex 6.0881482139229774 3.7349071374961307 0.8
      vertex 6.0881482139229774 3.7349071374961307 0.6
    endloop
  endfacet
  facet normal 0.7946760194549393 -0.6070337915662133 0
    outer loop
      vertex 6.114299640059471 3.6071778557130267 0.8
      vertex 6.114299640059471 3.6071778557130267 0.6
      vertex 6.154843032360077 3.6602537504264285 0.8
    endloop
  endfacet
  facet normal -1 0 0
    outer loop
      vertex 6.2424982115626335 3.571428569299834 0.8
      vertex 6.2424982115626335 3.63550856922354 0.8
      vertex 6.2424982115626335 3.63550856922354 0.6
    endloop
  endfacet
  facet normal 0.9820162074744582 -0.18879663200778243 0
    outer loop
      vertex 6.154843032360077 3.6602537504264285 0.8
      vertex 6.154843032360077 3.6602537504264285 0.6
      vertex 6.168357498943806 3.730548570198672 0.8
    endloop
  endfacet
  facet normal 0.9871125198458747 0.16002772623369974 0
    outer loop
      vertex 6.168357498943806 3.730548570198672 0.8
      vertex 6.168357498943806 3.730548570198672 0.6
      vertex 6.158984646201134 3.788363928241389 0.8
    endloop
  endfacet
  facet normal 0 0 1
    outer loop
      vertex 5.8043524995446205 3.5814571401902606 0.8
      vertex 5.880640357732773 3.5673978573509624 0.8
      vertex 5.868488751351833 3.6134955308267047 0.8
    endloop
  endfacet
  facet normal 0 0 1
    outer loop
      vertex 5.880640357732773 3.5673978573509624 0.8
      vertex 5.9262494668364525 3.6006351730653217 0.8
      vertex 5.896113932132721 3.605866426868098 0.8
    endloop
  endfacet
  facet normal 0 0 1
    outer loop
      vertex 5.880640357732773 3.5673978573509624 0.8
      vertex 5.961286783218384 3.562711427254336 0.8
      vertex 5.9262494668364525 3.6006351730653217 0.8
    endloop
  endfacet
  facet normal 0 0 1
    outer loop
      vertex 5.605412319302559 3.5695771372744014 0.8
      vertex 5.70491535961628 3.5901742822357585 0.8
      vertex 5.632767498493195 3.6222689247557094 0.8
    endloop
  endfacet
  facet normal 0 0 1
    outer loop
      vertex 5.70491535961628 3.5901742822357585 0.8
      vertex 5.663065358996391 3.640304284436362 0.8
      vertex 5.632767498493195 3.6222689247557094 0.8
    endloop
  endfacet
  facet normal 0 0 1
    outer loop
      vertex 5.70491535961628 3.5901742822357585 0.8
      vertex 5.707531787455082 3.7274949944445064 0.8
      vertex 5.663065358996391 3.640304284436362 0.8
    endloop
  endfacet
  facet normal 0 0 1
    outer loop
      vertex 5.663065358996391 3.640304284436362 0.8
      vertex 5.707531787455082 3.7274949944445064 0.8
      vertex 5.6791946440935135 3.7274949944445064 0.8
    endloop
  endfacet
  facet normal 0 0 1
    outer loop
      vertex 5.8043524995446205 3.5814571401902606 0.8
      vertex 5.868488751351833 3.6134955308267047 0.8
      vertex 5.847944639623165 3.622432852430003 0.8
    endloop
  endfacet
  facet normal 0 0 1
    outer loop
      vertex 5.8043524995446205 3.5814571401902606 0.8
      vertex 5.847944639623165 3.622432852430003 0.8
      vertex 5.7995567843317986 3.704390714211123 0.8
    endloop
  endfacet
  facet normal 0 0 1
    outer loop
      vertex 5.880640357732773 3.5673978573509624 0.8
      vertex 5.896113932132721 3.605866426868098 0.8
      vertex 5.868488751351833 3.6134955308267047 0.8
    endloop
  endfacet
  facet normal 0 0 1
    outer loop
      vertex 5.847944639623165 3.622432852430003 0.8
      vertex 5.828324645757675 3.704390714211123 0.8
      vertex 5.7995567843317986 3.704390714211123 0.8
    endloop
  endfacet
  facet normal 0 0 1
    outer loop
      vertex 5.961286783218384 3.562711427254336 0.8
      vertex 5.954311788082123 3.5988914242812564 0.8
      vertex 5.9262494668364525 3.6006351730653217 0.8
    endloop
  endfacet
  facet normal 0 0 1
    outer loop
      vertex 5.961286783218384 3.562711427254336 0.8
      vertex 6.0138194635510445 3.606737496597426 0.8
      vertex 5.954311788082123 3.5988914242812564 0.8
    endloop
  endfacet
  facet normal 0 0 1
    outer loop
      vertex 5.961286783218384 3.562711427254336 0.8
      vertex 6.04902071505785 3.573828036231654 0.8
      vertex 6.0138194635510445 3.606737496597426 0.8
    endloop
  endfacet
  facet normal 0 0 1
    outer loop
      vertex 6.04902071505785 3.573828036231654 0.8
      vertex 6.05545250326395 3.6302757135459354 0.8
      vertex 6.0138194635510445 3.606737496597426 0.8
    endloop
  endfacet
  facet normal 0 0 1
    outer loop
      vertex 6.04902071505785 3.573828036231654 0.8
      vertex 6.114299640059471 3.6071778557130267 0.8
      vertex 6.05545250326395 3.6302757135459354 0.8
    endloop
  endfacet
  facet normal 0 0 1
    outer loop
      vertex 6.05545250326395 3.6302757135459354 0.8
      vertex 6.114299640059471 3.6071778557130267 0.8
      vertex 6.079974286258221 3.672128925366061 0.8
    endloop
  endfacet
  facet normal 0 0 1
    outer loop
      vertex 6.114299640059471 3.6071778557130267 0.8
      vertex 6.154843032360077 3.6602537504264285 0.8
      vertex 6.079974286258221 3.672128925366061 0.8
    endloop
  endfacet
  facet normal 0 0 1
    outer loop
      vertex 6.079974286258221 3.672128925366061 0.8
      vertex 6.154843032360077 3.6602537504264285 0.8
      vertex 6.0881482139229774 3.7349071374961307 0.8
    endloop
  endfacet
  facet normal 0 0 1
    outer loop
      vertex 6.154843032360077 3.6602537504264285 0.8
      vertex 6.168357498943806 3.730548570198672 0.8
      vertex 6.0881482139229774 3.7349071374961307 0.8
    endloop
  endfacet
  facet normal 0 -1 0
    outer loop
      vertex 6.600402496755123 3.571428569299834 0.8
      vertex 6.2424982115626335 3.571428569299834 0.6
      vertex 6.600402496755123 3.571428569299834 0.6
    endloop
  endfacet
  facet normal -0.6725004673152611 0.7400966973718741 0
    outer loop
      vertex 6.2424982115626335 3.63550856922354 0.8
      vertex 6.323581784963608 3.709186429423945 0.6
      vertex 6.2424982115626335 3.63550856922354 0.6
    endloop
  endfacet
  facet normal 0.6678228274340517 -0.7443202745847978 0
    outer loop
      vertex 6.342002853751183 3.676598387105124 0.8
      vertex 6.299609646201134 3.638562137527125 0.6
      vertex 6.342002853751183 3.676598387105124 0.6
    endloop
  endfacet
  facet normal 0 1 0
    outer loop
      vertex 6.299609646201134 3.638562137527125 0.8
      vertex 6.600402496755123 3.638562137527125 0.6
      vertex 6.299609646201134 3.638562137527125 0.6
    endloop
  endfacet
  facet normal 0.6560578304209634 -0.7547106221217099 0
    outer loop
      vertex 6.381998211145401 3.711365709347384 0.8
      vertex 6.342002853751183 3.676598387105124 0.6
      vertex 6.381998211145401 3.711365709347384 0.6
    endloop
  endfacet
  facet normal -0.6748902362124629 0.7379181316820221 0
    outer loop
      vertex 6.323581784963608 3.709186429423945 0.8
      vertex 6.391263395547867 3.7710871419736316 0.6
      vertex 6.323581784963608 3.709186429423945 0.6
    endloop
  endfacet
  facet normal 1 0 0
    outer loop
      vertex 6.600402496755123 3.638562137527125 0.8
      vertex 6.600402496755123 3.571428569299834 0.6
      vertex 6.600402496755123 3.638562137527125 0.6
    endloop
  endfacet
  facet normal 0 -1 0
    outer loop
      vertex 6.2424982115626335 3.571428569299834 0.8
      vertex 6.2424982115626335 3.571428569299834 0.6
      vertex 6.600402496755123 3.571428569299834 0.8
    endloop
  endfacet
  facet normal 0.6678228274340517 -0.7443202745847978 0
    outer loop
      vertex 6.299609646201134 3.638562137527125 0.8
      vertex 6.299609646201134 3.638562137527125 0.6
      vertex 6.342002853751183 3.676598387105124 0.8
    endloop
  endfacet
  facet normal -0.6725004673152611 0.7400966973718741 0
    outer loop
      vertex 6.2424982115626335 3.63550856922354 0.8
      vertex 6.323581784963608 3.709186429423945 0.8
      vertex 6.323581784963608 3.709186429423945 0.6
    endloop
  endfacet
  facet normal 0.6560578304209634 -0.7547106221217099 0
    outer loop
      vertex 6.342002853751183 3.676598387105124 0.8
      vertex 6.342002853751183 3.676598387105124 0.6
      vertex 6.381998211145401 3.711365709347384 0.8
    endloop
  endfacet
  facet normal 0 1 0
    outer loop
      vertex 6.299609646201134 3.638562137527125 0.8
      vertex 6.600402496755123 3.638562137527125 0.8
      vertex 6.600402496755123 3.638562137527125 0.6
    endloop
  endfacet
  facet normal 0.6613274577479223 -0.7500973227712987 0
    outer loop
      vertex 6.381998211145401 3.711365709347384 0.8
      vertex 6.381998211145401 3.711365709347384 0.6
      vertex 6.459812857210636 3.7799714228936603 0.8
    endloop
  endfacet
  facet normal 1 0 0
    outer loop
      vertex 6.600402496755123 3.571428569299834 0.8
      vertex 6.600402496755123 3.571428569299834 0.6
      vertex 6.600402496755123 3.638562137527125 0.8
    endloop
  endfacet
  facet normal 0 0 1
    outer loop
      vertex 6.2424982115626335 3.571428569299834 0.8
      vertex 6.299609646201134 3.638562137527125 0.8
      vertex 6.2424982115626335 3.63550856922354 0.8
    endloop
  endfacet
  facet normal 0 0 1
    outer loop
      vertex 6.2424982115626335 3.63550856922354 0.8
      vertex 6.299609646201134 3.638562137527125 0.8
      vertex 6.323581784963608 3.709186429423945 0.8
    endloop
  endfacet
  facet normal 0 0 1
    outer loop
      vertex 6.2424982115626335 3.571428569299834 0.8
      vertex 6.600402496755123 3.571428569299834 0.8
      vertex 6.299609646201134 3.638562137527125 0.8
    endloop
  endfacet
  facet normal 0 0 1
    outer loop
      vertex 6.299609646201134 3.638562137527125 0.8
      vertex 6.342002853751183 3.676598387105124 0.8
      vertex 6.323581784963608 3.709186429423945 0.8
    endloop
  endfacet
  facet normal 0 0 1
    outer loop
      vertex 6.342002853751183 3.676598387105124 0.8
      vertex 6.381998211145401 3.711365709347384 0.8
      vertex 6.323581784963608 3.709186429423945 0.8
    endloop
  endfacet
  facet normal 0 0 1
    outer loop
      vertex 6.323581784963608 3.709186429423945 0.8
      vertex 6.381998211145401 3.711365709347384 0.8
      vertex 6.391263395547867 3.7710871419736316 0.8
    endloop
  endfacet
  facet normal 0 0 1
    outer loop
      vertex 6.600402496755123 3.571428569299834 0.8
      vertex 6.600402496755123 3.638562137527125 0.8
      vertex 6.299609646201134 3.638562137527125 0.8
    endloop
  endfacet
  facet normal -0.9874404763787368 -0.1579914732159094 0
    outer loop
      vertex 5.217754997313023 3.7329962498375346 0.8
      vertex 5.197919644415379 3.8569664231368472 0.6
      vertex 5.217754997313023 3.7329962498375346 0.6
    endloop
  endfacet
  facet normal 0.9928880048669604 0.11905213056181348 0
    outer loop
      vertex 5.2890317887067795 3.8578407115169933 0.8
      vertex 5.30249160528183 3.7455866060086658 0.6
      vertex 5.2890317887067795 3.8578407115169933 0.6
    endloop
  endfacet
  facet normal -0.989794475466977 0.14250226782424158 0
    outer loop
      vertex 5.197919644415379 3.8569664231368472 0.8
      vertex 5.216991610825062 3.989436785025256 0.6
      vertex 5.197919644415379 3.8569664231368472 0.6
    endloop
  endfacet
  facet normal 1 0 0
    outer loop
      vertex 5.054916068911552 4.121579284114497 0.8
      vertex 5.054916068911552 3.6063035673328807 0.6
      vertex 5.054916068911552 4.121579284114497 0.6
    endloop
  endfacet
  facet normal 0.9943155944443863 -0.1064729949081295 0
    outer loop
      vertex 5.3018921464681625 3.9779392800160815 0.8
      vertex 5.2890317887067795 3.8578407115169933 0.6
      vertex 5.3018921464681625 3.9779392800160815 0.6
    endloop
  endfacet
  facet normal -0.8584031567594556 0.5129756528972906 0
    outer loop
      vertex 5.216991610825062 3.989436785025256 0.8
      vertex 5.274207502603531 4.085180709404605 0.6
      vertex 5.216991610825062 3.989436785025256 0.6
    endloop
  endfacet
  facet normal 0.9085787155004388 -0.4177136791386805 0
    outer loop
      vertex 5.340473212301731 4.0618578514882495 0.8
      vertex 5.3018921464681625 3.9779392800160815 0.6
      vertex 5.340473212301731 4.0618578514882495 0.6
    endloop
  endfacet
  facet normal 0.149534163455158 -0.9887565595027756 0
    outer loop
      vertex 5.129898928105831 4.132919283849852 0.8
      vertex 5.054916068911552 4.121579284114497 0.6
      vertex 5.129898928105831 4.132919283849852 0.6
    endloop
  endfacet
  facet normal 1 0 0
    outer loop
      vertex 5.129898928105831 4.156023571533816 0.8
      vertex 5.129898928105831 4.132919283849852 0.6
      vertex 5.129898928105831 4.156023571533816 0.6
    endloop
  endfacet
  facet normal -0.52247792385894 0.8526528127438809 0
    outer loop
      vertex 5.274207502603531 4.085180709404605 0.8
      vertex 5.368918038904667 4.143216247005122 0.6
      vertex 5.274207502603531 4.085180709404605 0.6
    endloop
  endfacet
  facet normal 0.5955798437682702 -0.803296115823401 0
    outer loop
      vertex 5.407063573598862 4.111229280275958 0.8
      vertex 5.340473212301731 4.0618578514882495 0.6
      vertex 5.407063573598862 4.111229280275958 0.6
    endloop
  endfacet
  facet normal -0.1454985221468615 0.9893584689348341 0
    outer loop
      vertex 5.368918038904667 4.143216247005122 0.8
      vertex 5.50046107172966 4.162561426205294 0.6
      vertex 5.368918038904667 4.143216247005122 0.6
    endloop
  endfacet
  facet normal 0.16745853550450565 -0.98587911981474 0
    outer loop
      vertex 5.503951787948608 4.127686428172248 0.8
      vertex 5.407063573598862 4.111229280275958 0.6
      vertex 5.503951787948608 4.127686428172248 0.6
    endloop
  endfacet
  facet normal -0.06166060030766782 -0.9980971748130029 0
    outer loop
      vertex 5.545419283211231 4.125124642891543 0.8
      vertex 5.503951787948608 4.127686428172248 0.6
      vertex 5.545419283211231 4.125124642891543 0.6
    endloop
  endfacet
  facet normal -0.18553931322393338 -0.9826368419962641 0
    outer loop
      vertex 5.586121782660484 4.11743928704943 0.8
      vertex 5.545419283211231 4.125124642891543 0.6
      vertex 5.586121782660484 4.11743928704943 0.6
    endloop
  endfacet
  facet normal -0.3104010436907176 -0.9506056974769892 0
    outer loop
      vertex 5.623995713889599 4.105072321636336 0.8
      vertex 5.586121782660484 4.11743928704943 0.6
      vertex 5.623995713889599 4.105072321636336 0.6
    endloop
  endfacet
  facet normal 0.058731001323502445 0.998273844936117 0
    outer loop
      vertex 5.50046107172966 4.162561426205294 0.8
      vertex 5.594951428472996 4.157002317053931 0.6
      vertex 5.50046107172966 4.162561426205294 0.6
    endloop
  endfacet
  facet normal -1 0 0
    outer loop
      vertex 5.902433216571808 3.858708570046084 0.8
      vertex 5.902433216571808 3.894457856459277 0.6
      vertex 5.902433216571808 3.858708570046084 0.6
    endloop
  endfacet
  facet normal -0.06277548352259717 0.9980276742999185 0
    outer loop
      vertex 5.902433216571808 3.894457856459277 0.8
      vertex 5.964777499437332 3.898379283291953 0.6
      vertex 5.902433216571808 3.894457856459277 0.6
    endloop
  endfacet
  facet normal 0 -1 0
    outer loop
      vertex 5.698814645409584 4.0125957152673175 0.8
      vertex 5.670040354132652 4.0125957152673175 0.6
      vertex 5.698814645409584 4.0125957152673175 0.6
    endloop
  endfacet
  facet normal -0.9854668752566242 -0.1698677066777117 0
    outer loop
      vertex 5.670040354132652 4.0125957152673175 0.8
      vertex 5.656964644789696 4.088452855391162 0.6
      vertex 5.670040354132652 4.0125957152673175 0.6
    endloop
  endfacet
  facet normal 0 -1 0
    outer loop
      vertex 5.846202500164509 4.031341428203242 0.8
      vertex 5.817428216338158 4.031341428203242 0.6
      vertex 5.846202500164509 4.031341428203242 0.6
    endloop
  endfacet
  facet normal -0.9891413267555202 -0.14696746478159375 0
    outer loop
      vertex 6.0881482139229774 3.7349071374961307 0.8
      vertex 6.0806267857551575 3.7855289227196147 0.6
      vertex 6.0881482139229774 3.7349071374961307 0.6
    endloop
  endfacet
  facet normal -0.8523838718054305 -0.5229165660848615 0
    outer loop
      vertex 6.0806267857551575 3.7855289227196147 0.8
      vertex 6.0580625012516975 3.822309995336192 0.6
      vertex 6.0806267857551575 3.7855289227196147 0.6
    endloop
  endfacet
  facet normal -0.05580074750614642 -0.9984419244892291 0
    outer loop
      vertex 5.964777499437332 3.855224283678191 0.8
      vertex 5.902433216571808 3.858708570046084 0.6
      vertex 5.964777499437332 3.855224283678191 0.6
    endloop
  endfacet
  facet normal -0.17487819296009485 -0.9845900759336405 0
    outer loop
      vertex 6.019701607525349 3.8454689255782535 0.8
      vertex 5.964777499437332 3.855224283678191 0.6
      vertex 6.019701607525349 3.8454689255782535 0.6
    endloop
  endfacet
  facet normal -0.20428283715432588 0.9789119073972792 0
    outer loop
      vertex 5.964777499437332 3.898379283291953 0.8
      vertex 6.007604643702507 3.907316604895251 0.6
      vertex 5.964777499437332 3.898379283291953 0.6
    endloop
  endfacet
  facet normal -0.5168304346407384 -0.8560877886227938 0
    outer loop
      vertex 6.0580625012516975 3.822309995336192 0.8
      vertex 6.019701607525349 3.8454689255782535 0.6
      vertex 6.0580625012516975 3.822309995336192 0.6
    endloop
  endfacet
  facet normal 0.22580233448942075 0.9741731395081307 0
    outer loop
      vertex 6.01403321325779 3.8774542829820087 0.8
      vertex 6.082912139594555 3.86148892555918 0.6
      vertex 6.01403321325779 3.8774542829820087 0.6
    endloop
  endfacet
  facet normal 0.2759161925509817 -0.9611816970210001 0
    outer loop
      vertex 6.068144105374813 3.892987320465701 0.8
      vertex 6.01403321325779 3.8774542829820087 0.6
      vertex 6.068144105374813 3.892987320465701 0.6
    endloop
  endfacet
  facet normal 0.9871125198458747 0.16002772623369974 0
    outer loop
      vertex 6.158984646201134 3.788363928241389 0.8
      vertex 6.168357498943806 3.730548570198672 0.6
      vertex 6.158984646201134 3.788363928241389 0.6
    endloop
  endfacet
  facet normal 0.8400340491437022 0.5425336821610584 0
    outer loop
      vertex 6.130866073071957 3.831901425761836 0.8
      vertex 6.158984646201134 3.788363928241389 0.6
      vertex 6.130866073071957 3.831901425761836 0.6
    endloop
  endfacet
  facet normal 0.525093220755842 0.8510447165197941 0
    outer loop
      vertex 6.082912139594555 3.86148892555918 0.8
      vertex 6.130866073071957 3.831901425761836 0.6
      vertex 6.082912139594555 3.86148892555918 0.6
    endloop
  endfacet
  facet normal -0.5843174013469368 0.8115252149398456 0
    outer loop
      vertex 6.007604643702507 3.907316604895251 0.8
      vertex 6.037574641406536 3.928895714027541 0.6
      vertex 6.007604643702507 3.907316604895251 0.6
    endloop
  endfacet
  facet normal -0.893311637059692 0.4494377811151766 0
    outer loop
      vertex 6.037574641406536 3.928895714027541 0.8
      vertex 6.055230714380741 3.963989282292979 0.6
      vertex 6.037574641406536 3.928895714027541 0.6
    endloop
  endfacet
  facet normal -0.9930005327065801 0.11810987276450782 0
    outer loop
      vertex 6.055230714380741 3.963989282292979 0.8
      vertex 6.061116069555283 4.013469996196883 0.6
      vertex 6.055230714380741 3.963989282292979 0.6
    endloop
  endfacet
  facet normal -0.992229062547676 -0.12442462551987138 0
    outer loop
      vertex 6.061116069555283 4.013469996196883 0.8
      vertex 6.054740533232689 4.064311960978167 0.6
      vertex 6.061116069555283 4.013469996196883 0.6
    endloop
  endfacet
  facet normal 0.5864190462777704 -0.8100078408032049 0
    outer loop
      vertex 6.108411073684692 3.9221392816730907 0.8
      vertex 6.068144105374813 3.892987320465701 0.6
      vertex 6.108411073684692 3.9221392816730907 0.6
    endloop
  endfacet
  facet normal 0.8598372478111799 -0.5105682200024749 0
    outer loop
      vertex 6.133424639701843 3.964264104408877 0.8
      vertex 6.108411073684692 3.9221392816730907 0.6
      vertex 6.133424639701843 3.964264104408877 0.6
    endloop
  endfacet
  facet normal 0.9884733424891242 -0.15139501705267075 0
    outer loop
      vertex 6.141762502491474 4.018702851874488 0.8
      vertex 6.133424639701843 3.964264104408877 0.6
      vertex 6.141762502491474 4.018702851874488 0.6
    endloop
  endfacet
  facet normal -0.4501363889999253 -0.8929598150522273 0
    outer loop
      vertex 5.656964644789696 4.088452855391162 0.8
      vertex 5.623995713889599 4.105072321636336 0.6
      vertex 5.656964644789696 4.088452855391162 0.6
    endloop
  endfacet
  facet normal 0.9997902654685177 0.02047986997983291 0
    outer loop
      vertex 5.696198217570782 4.1403249970504215 0.8
      vertex 5.698814645409584 4.0125957152673175 0.6
      vertex 5.696198217570782 4.1403249970504215 0.6
    endloop
  endfacet
  facet normal 0.16252933741014944 0.9867037115978726 0
    outer loop
      vertex 5.594951428472996 4.157002317053931 0.8
      vertex 5.696198217570782 4.1403249970504215 0.6
      vertex 5.594951428472996 4.157002317053931 0.6
    endloop
  endfacet
  facet normal -1 0 0
    outer loop
      vertex 5.817428216338158 4.031341428203242 0.8
      vertex 5.817428216338158 4.14381571326937 0.6
      vertex 5.817428216338158 4.031341428203242 0.6
    endloop
  endfacet
  facet normal 0.9779835138346721 -0.20868216662567876 0
    outer loop
      vertex 5.861457496881485 4.102833571178572 0.8
      vertex 5.846202500164509 4.031341428203242 0.6
      vertex 5.861457496881485 4.102833571178572 0.6
    endloop
  endfacet
  facet normal 0.4143987221762018 -0.9100954340390522 0
    outer loop
      vertex 5.882165536284447 4.112262675804751 0.8
      vertex 5.861457496881485 4.102833571178572 0.6
      vertex 5.882165536284447 4.112262675804751 0.6
    endloop
  endfacet
  facet normal 0.2957609301394532 -0.9552619913945312 0
    outer loop
      vertex 5.905923925340176 4.119618566972869 0.8
      vertex 5.882165536284447 4.112262675804751 0.6
      vertex 5.905923925340176 4.119618566972869 0.6
    endloop
  endfacet
  facet normal 0.18834352851925595 -0.9821032100878788 0
    outer loop
      vertex 5.930662676692009 4.124362858278411 0.8
      vertex 5.905923925340176 4.119618566972869 0.6
      vertex 5.930662676692009 4.124362858278411 0.6
    endloop
  endfacet
  facet normal -0.228217287732521 0.9736102246689954 0
    outer loop
      vertex 5.817428216338158 4.14381571326937 0.8
      vertex 5.8576405346393585 4.153241606695311 0.6
      vertex 5.817428216338158 4.14381571326937 0.6
    endloop
  endfacet
  facet normal -0.161303584669445 0.9869048351147071 0
    outer loop
      vertex 5.8576405346393585 4.153241606695311 0.8
      vertex 5.891967497766018 4.158852139753955 0.6
      vertex 5.8576405346393585 4.153241606695311 0.6
    endloop
  endfacet
  facet normal -0.0885837963263148 0.9960687280646944 0
    outer loop
      vertex 5.891967497766018 4.158852139753955 0.8
      vertex 5.923248931765556 4.161634104592459 0.6
      vertex 5.891967497766018 4.158852139753955 0.6
    endloop
  endfacet
  facet normal -0.02983977591098739 0.9995546947384031 0
    outer loop
      vertex 5.923248931765556 4.161634104592459 0.8
      vertex 5.954311788082123 4.162561426205294 0.6
      vertex 5.923248931765556 4.161634104592459 0.6
    endloop
  endfacet
  facet normal 0.06672128176986955 -0.9977716525132319 0
    outer loop
      vertex 5.954311788082123 4.125944281263011 0.8
      vertex 5.930662676692009 4.124362858278411 0.6
      vertex 5.954311788082123 4.125944281263011 0.6
    endloop
  endfacet
  facet normal -0.13767718772023035 -0.9904771536898003 0
    outer loop
      vertex 6.002537325024605 4.11924088959183 0.8
      vertex 5.954311788082123 4.125944281263011 0.6
      vertex 6.002537325024605 4.11924088959183 0.6
    endloop
  endfacet
  facet normal -0.8764678428028798 -0.4814604039092584 0
    outer loop
      vertex 6.054740533232689 4.064311960978167 0.8
      vertex 6.035613931715488 4.099130714578288 0.6
      vertex 6.054740533232689 4.064311960978167 0.6
    endloop
  endfacet
  facet normal -0.5195055872005003 -0.8544670531199335 0
    outer loop
      vertex 6.035613931715488 4.099130714578288 0.8
      vertex 6.002537325024605 4.11924088959183 0.6
      vertex 6.035613931715488 4.099130714578288 0.6
    endloop
  endfacet
  facet normal 0.2478349679748906 0.9688022649895514 0
    outer loop
      vertex 5.954311788082123 4.162561426205294 0.8
      vertex 6.094899818301201 4.1265967807599475 0.6
      vertex 5.954311788082123 4.162561426205294 0.6
    endloop
  endfacet
  facet normal 0.9172183300886643 0.39838490803413 0
    outer loop
      vertex 6.094899818301201 4.1265967807599475 0.8
      vertex 6.141762502491474 4.018702851874488 0.6
      vertex 6.094899818301201 4.1265967807599475 0.6
    endloop
  endfacet
  facet normal 1 0 0
    outer loop
      vertex 5.054916068911552 3.6063035673328807 0.8
      vertex 5.054916068911552 3.6063035673328807 0.6
      vertex 5.054916068911552 4.121579284114497 0.8
    endloop
  endfacet
  facet normal -0.9874404763787368 -0.1579914732159094 0
    outer loop
      vertex 5.217754997313023 3.7329962498375346 0.8
      vertex 5.197919644415379 3.8569664231368472 0.8
      vertex 5.197919644415379 3.8569664231368472 0.6
    endloop
  endfacet
  facet normal 0.9928880048669604 0.11905213056181348 0
    outer loop
      vertex 5.30249160528183 3.7455866060086658 0.8
      vertex 5.30249160528183 3.7455866060086658 0.6
      vertex 5.2890317887067795 3.8578407115169933 0.8
    endloop
  endfacet
  facet normal 0.9943155944443863 -0.1064729949081295 0
    outer loop
      vertex 5.2890317887067795 3.8578407115169933 0.8
      vertex 5.2890317887067795 3.8578407115169933 0.6
      vertex 5.3018921464681625 3.9779392800160815 0.8
    endloop
  endfacet
  facet normal -0.989794475466977 0.14250226782424158 0
    outer loop
      vertex 5.197919644415379 3.8569664231368472 0.8
      vertex 5.216991610825062 3.989436785025256 0.8
      vertex 5.216991610825062 3.989436785025256 0.6
    endloop
  endfacet
  facet normal -0.8584031567594556 0.5129756528972906 0
    outer loop
      vertex 5.216991610825062 3.989436785025256 0.8
      vertex 5.274207502603531 4.085180709404605 0.8
      vertex 5.274207502603531 4.085180709404605 0.6
    endloop
  endfacet
  facet normal 0.9085787155004388 -0.4177136791386805 0
    outer loop
      vertex 5.3018921464681625 3.9779392800160815 0.8
      vertex 5.3018921464681625 3.9779392800160815 0.6
      vertex 5.340473212301731 4.0618578514882495 0.8
    endloop
  endfacet
  facet normal 0 0 1
    outer loop
      vertex 5.217754997313023 3.7329962498375346 0.8
      vertex 5.30249160528183 3.7455866060086658 0.8
      vertex 5.2890317887067795 3.8578407115169933 0.8
    endloop
  endfacet
  facet normal 0 0 1
    outer loop
      vertex 5.217754997313023 3.7329962498375346 0.8
      vertex 5.2890317887067795 3.8578407115169933 0.8
      vertex 5.197919644415379 3.8569664231368472 0.8
    endloop
  endfacet
  facet normal 0 0 1
    outer loop
      vertex 5.197919644415379 3.8569664231368472 0.8
      vertex 5.2890317887067795 3.8578407115169933 0.8
      vertex 5.216991610825062 3.989436785025256 0.8
    endloop
  endfacet
  facet normal 0 0 1
    outer loop
      vertex 5.054916068911552 3.6063035673328807 0.8
      vertex 5.054916068911552 4.121579284114497 0.8
      vertex 4.971216075122356 4.121579284114497 0.8
    endloop
  endfacet
  facet normal 0 0 1
    outer loop
      vertex 5.2890317887067795 3.8578407115169933 0.8
      vertex 5.3018921464681625 3.9779392800160815 0.8
      vertex 5.216991610825062 3.989436785025256 0.8
    endloop
  endfacet
  facet normal 0 0 1
    outer loop
      vertex 5.3018921464681625 3.9779392800160815 0.8
      vertex 5.274207502603531 4.085180709404605 0.8
      vertex 5.216991610825062 3.989436785025256 0.8
    endloop
  endfacet
  facet normal 0 0 1
    outer loop
      vertex 5.3018921464681625 3.9779392800160815 0.8
      vertex 5.340473212301731 4.0618578514882495 0.8
      vertex 5.274207502603531 4.085180709404605 0.8
    endloop
  endfacet
  facet normal 0.149534163455158 -0.9887565595027756 0
    outer loop
      vertex 5.054916068911552 4.121579284114497 0.8
      vertex 5.054916068911552 4.121579284114497 0.6
      vertex 5.129898928105831 4.132919283849852 0.8
    endloop
  endfacet
  facet normal 1 0 0
    outer loop
      vertex 5.129898928105831 4.132919283849852 0.8
      vertex 5.129898928105831 4.132919283849852 0.6
      vertex 5.129898928105831 4.156023571533816 0.8
    endloop
  endfacet
  facet normal 0 1 0
    outer loop
      vertex 4.896233215928078 4.156023571533816 0.8
      vertex 5.129898928105831 4.156023571533816 0.8
      vertex 5.129898928105831 4.156023571533816 0.6
    endloop
  endfacet
  facet normal 0.5955798437682702 -0.803296115823401 0
    outer loop
      vertex 5.340473212301731 4.0618578514882495 0.8
      vertex 5.340473212301731 4.0618578514882495 0.6
      vertex 5.407063573598862 4.111229280275958 0.8
    endloop
  endfacet
  facet normal -0.52247792385894 0.8526528127438809 0
    outer loop
      vertex 5.274207502603531 4.085180709404605 0.8
      vertex 5.368918038904667 4.143216247005122 0.8
      vertex 5.368918038904667 4.143216247005122 0.6
    endloop
  endfacet
  facet normal 0.16745853550450565 -0.98587911981474 0
    outer loop
      vertex 5.407063573598862 4.111229280275958 0.8
      vertex 5.407063573598862 4.111229280275958 0.6
      vertex 5.503951787948608 4.127686428172248 0.8
    endloop
  endfacet
  facet normal -0.1454985221468615 0.9893584689348341 0
    outer loop
      vertex 5.368918038904667 4.143216247005122 0.8
      vertex 5.50046107172966 4.162561426205294 0.8
      vertex 5.50046107172966 4.162561426205294 0.6
    endloop
  endfacet
  facet normal -0.06166060030766782 -0.9980971748130029 0
    outer loop
      vertex 5.503951787948608 4.127686428172248 0.8
      vertex 5.503951787948608 4.127686428172248 0.6
      vertex 5.545419283211231 4.125124642891543 0.8
    endloop
  endfacet
  facet normal -0.18553931322393338 -0.9826368419962641 0
    outer loop
      vertex 5.586121782660484 4.11743928704943 0.8
      vertex 5.545419283211231 4.125124642891543 0.8
      vertex 5.545419283211231 4.125124642891543 0.6
    endloop
  endfacet
  facet normal -0.3104010436907176 -0.9506056974769892 0
    outer loop
      vertex 5.586121782660484 4.11743928704943 0.8
      vertex 5.586121782660484 4.11743928704943 0.6
      vertex 5.623995713889599 4.105072321636336 0.8
    endloop
  endfacet
  facet normal 0.058731001323502445 0.998273844936117 0
    outer loop
      vertex 5.50046107172966 4.162561426205294 0.8
      vertex 5.594951428472996 4.157002317053931 0.8
      vertex 5.594951428472996 4.157002317053931 0.6
    endloop
  endfacet
  facet normal 0 0 1
    outer loop
      vertex 5.054916068911552 4.121579284114497 0.8
      vertex 5.129898928105831 4.132919283849852 0.8
      vertex 5.129898928105831 4.156023571533816 0.8
    endloop
  endfacet
  facet normal 0 0 1
    outer loop
      vertex 4.896233215928078 4.156023571533816 0.8
      vertex 5.054916068911552 4.121579284114497 0.8
      vertex 5.129898928105831 4.156023571533816 0.8
    endloop
  endfacet
  facet normal 0 0 1
    outer loop
      vertex 5.274207502603531 4.085180709404605 0.8
      vertex 5.340473212301731 4.0618578514882495 0.8
      vertex 5.368918038904667 4.143216247005122 0.8
    endloop
  endfacet
  facet normal 0 0 1
    outer loop
      vertex 5.340473212301731 4.0618578514882495 0.8
      vertex 5.407063573598862 4.111229280275958 0.8
      vertex 5.368918038904667 4.143216247005122 0.8
    endloop
  endfacet
  facet normal 0 0 1
    outer loop
      vertex 5.407063573598862 4.111229280275958 0.8
      vertex 5.50046107172966 4.162561426205294 0.8
      vertex 5.368918038904667 4.143216247005122 0.8
    endloop
  endfacet
  facet normal 0 0 1
    outer loop
      vertex 5.407063573598862 4.111229280275958 0.8
      vertex 5.503951787948608 4.127686428172248 0.8
      vertex 5.50046107172966 4.162561426205294 0.8
    endloop
  endfacet
  facet normal 0 0 1
    outer loop
      vertex 5.503951787948608 4.127686428172248 0.8
      vertex 5.545419283211231 4.125124642891543 0.8
      vertex 5.50046107172966 4.162561426205294 0.8
    endloop
  endfacet
  facet normal 0 0 1
    outer loop
      vertex 5.586121782660484 4.11743928704943 0.8
      vertex 5.594951428472996 4.157002317053931 0.8
      vertex 5.545419283211231 4.125124642891543 0.8
    endloop
  endfacet
  facet normal 0 0 1
    outer loop
      vertex 5.586121782660484 4.11743928704943 0.8
      vertex 5.623995713889599 4.105072321636336 0.8
      vertex 5.594951428472996 4.157002317053931 0.8
    endloop
  endfacet
  facet normal 0 0 1
    outer loop
      vertex 5.50046107172966 4.162561426205294 0.8
      vertex 5.545419283211231 4.125124642891543 0.8
      vertex 5.594951428472996 4.157002317053931 0.8
    endloop
  endfacet
  facet normal -0.05580074750614642 -0.9984419244892291 0
    outer loop
      vertex 5.964777499437332 3.855224283678191 0.8
      vertex 5.902433216571808 3.858708570046084 0.8
      vertex 5.902433216571808 3.858708570046084 0.6
    endloop
  endfacet
  facet normal -1 0 0
    outer loop
      vertex 5.902433216571808 3.858708570046084 0.8
      vertex 5.902433216571808 3.894457856459277 0.8
      vertex 5.902433216571808 3.894457856459277 0.6
    endloop
  endfacet
  facet normal 0 -1 0
    outer loop
      vertex 5.670040354132652 4.0125957152673175 0.8
      vertex 5.670040354132652 4.0125957152673175 0.6
      vertex 5.698814645409584 4.0125957152673175 0.8
    endloop
  endfacet
  facet normal 0.9997902654685177 0.02047986997983291 0
    outer loop
      vertex 5.698814645409584 4.0125957152673175 0.8
      vertex 5.698814645409584 4.0125957152673175 0.6
      vertex 5.696198217570782 4.1403249970504215 0.8
    endloop
  endfacet
  facet normal 0 -1 0
    outer loop
      vertex 5.817428216338158 4.031341428203242 0.8
      vertex 5.817428216338158 4.031341428203242 0.6
      vertex 5.846202500164509 4.031341428203242 0.8
    endloop
  endfacet
  facet normal 0.9779835138346721 -0.20868216662567876 0
    outer loop
      vertex 5.846202500164509 4.031341428203242 0.8
      vertex 5.846202500164509 4.031341428203242 0.6
      vertex 5.861457496881485 4.102833571178572 0.8
    endloop
  endfacet
  facet normal -0.9891413267555202 -0.14696746478159375 0
    outer loop
      vertex 6.0881482139229774 3.7349071374961307 0.8
      vertex 6.0806267857551575 3.7855289227196147 0.8
      vertex 6.0806267857551575 3.7855289227196147 0.6
    endloop
  endfacet
  facet normal -0.8523838718054305 -0.5229165660848615 0
    outer loop
      vertex 6.0806267857551575 3.7855289227196147 0.8
      vertex 6.0580625012516975 3.822309995336192 0.8
      vertex 6.0580625012516975 3.822309995336192 0.6
    endloop
  endfacet
  facet normal -0.17487819296009485 -0.9845900759336405 0
    outer loop
      vertex 5.964777499437332 3.855224283678191 0.8
      vertex 5.964777499437332 3.855224283678191 0.6
      vertex 6.019701607525349 3.8454689255782535 0.8
    endloop
  endfacet
  facet normal -0.06277548352259717 0.9980276742999185 0
    outer loop
      vertex 5.902433216571808 3.894457856459277 0.8
      vertex 5.964777499437332 3.898379283291953 0.8
      vertex 5.964777499437332 3.898379283291953 0.6
    endloop
  endfacet
  facet normal -0.20428283715432588 0.9789119073972792 0
    outer loop
      vertex 5.964777499437332 3.898379283291953 0.8
      vertex 6.007604643702507 3.907316604895251 0.8
      vertex 6.007604643702507 3.907316604895251 0.6
    endloop
  endfacet
  facet normal -0.5168304346407384 -0.8560877886227938 0
    outer loop
      vertex 6.019701607525349 3.8454689255782535 0.8
      vertex 6.019701607525349 3.8454689255782535 0.6
      vertex 6.0580625012516975 3.822309995336192 0.8
    endloop
  endfacet
  facet normal 0.22580233448942075 0.9741731395081307 0
    outer loop
      vertex 6.01403321325779 3.8774542829820087 0.8
      vertex 6.082912139594555 3.86148892555918 0.8
      vertex 6.082912139594555 3.86148892555918 0.6
    endloop
  endfacet
  facet normal 0.2759161925509817 -0.9611816970210001 0
    outer loop
      vertex 6.01403321325779 3.8774542829820087 0.8
      vertex 6.01403321325779 3.8774542829820087 0.6
      vertex 6.068144105374813 3.892987320465701 0.8
    endloop
  endfacet
  facet normal 0.5864190462777704 -0.8100078408032049 0
    outer loop
      vertex 6.068144105374813 3.892987320465701 0.8
      vertex 6.068144105374813 3.892987320465701 0.6
      vertex 6.108411073684692 3.9221392816730907 0.8
    endloop
  endfacet
  facet normal 0.8400340491437022 0.5425336821610584 0
    outer loop
      vertex 6.130866073071957 3.831901425761836 0.8
      vertex 6.158984646201134 3.788363928241389 0.8
      vertex 6.158984646201134 3.788363928241389 0.6
    endloop
  endfacet
  facet normal 0.525093220755842 0.8510447165197941 0
    outer loop
      vertex 6.130866073071957 3.831901425761836 0.8
      vertex 6.130866073071957 3.831901425761836 0.6
      vertex 6.082912139594555 3.86148892555918 0.8
    endloop
  endfacet
  facet normal -0.5843174013469368 0.8115252149398456 0
    outer loop
      vertex 6.007604643702507 3.907316604895251 0.8
      vertex 6.037574641406536 3.928895714027541 0.8
      vertex 6.037574641406536 3.928895714027541 0.6
    endloop
  endfacet
  facet normal -0.893311637059692 0.4494377811151766 0
    outer loop
      vertex 6.037574641406536 3.928895714027541 0.8
      vertex 6.055230714380741 3.963989282292979 0.8
      vertex 6.055230714380741 3.963989282292979 0.6
    endloop
  endfacet
  facet normal -0.9930005327065801 0.11810987276450782 0
    outer loop
      vertex 6.055230714380741 3.963989282292979 0.8
      vertex 6.061116069555283 4.013469996196883 0.8
      vertex 6.061116069555283 4.013469996196883 0.6
    endloop
  endfacet
  facet normal -0.992229062547676 -0.12442462551987138 0
    outer loop
      vertex 6.061116069555283 4.013469996196883 0.8
      vertex 6.054740533232689 4.064311960978167 0.8
      vertex 6.054740533232689 4.064311960978167 0.6
    endloop
  endfacet
  facet normal 0.8598372478111799 -0.5105682200024749 0
    outer loop
      vertex 6.108411073684692 3.9221392816730907 0.8
      vertex 6.108411073684692 3.9221392816730907 0.6
      vertex 6.133424639701843 3.964264104408877 0.8
    endloop
  endfacet
  facet normal 0.9884733424891242 -0.15139501705267075 0
    outer loop
      vertex 6.133424639701843 3.964264104408877 0.8
      vertex 6.133424639701843 3.964264104408877 0.6
      vertex 6.141762502491474 4.018702851874488 0.8
    endloop
  endfacet
  facet normal 0.9172183300886643 0.39838490803413 0
    outer loop
      vertex 6.141762502491474 4.018702851874488 0.8
      vertex 6.141762502491474 4.018702851874488 0.6
      vertex 6.094899818301201 4.1265967807599475 0.8
    endloop
  endfacet
  facet normal 0 0 1
    outer loop
      vertex 5.964777499437332 3.855224283678191 0.8
      vertex 5.902433216571808 3.894457856459277 0.8
      vertex 5.902433216571808 3.858708570046084 0.8
    endloop
  endfacet
  facet normal 0 0 1
    outer loop
      vertex 5.670040354132652 4.0125957152673175 0.8
      vertex 5.698814645409584 4.0125957152673175 0.8
      vertex 5.656964644789696 4.088452855391162 0.8
    endloop
  endfacet
  facet normal 0 0 1
    outer loop
      vertex 5.817428216338158 4.031341428203242 0.8
      vertex 5.846202500164509 4.031341428203242 0.8
      vertex 5.861457496881485 4.102833571178572 0.8
    endloop
  endfacet
  facet normal 0 0 1
    outer loop
      vertex 6.0806267857551575 3.7855289227196147 0.8
      vertex 6.130866073071957 3.831901425761836 0.8
      vertex 6.0580625012516975 3.822309995336192 0.8
    endloop
  endfacet
  facet normal 0 0 1
    outer loop
      vertex 5.964777499437332 3.855224283678191 0.8
      vertex 6.019701607525349 3.8454689255782535 0.8
      vertex 6.01403321325779 3.8774542829820087 0.8
    endloop
  endfacet
  facet normal 0 0 1
    outer loop
      vertex 5.964777499437332 3.855224283678191 0.8
      vertex 5.964777499437332 3.898379283291953 0.8
      vertex 5.902433216571808 3.894457856459277 0.8
    endloop
  endfacet
  facet normal 0 0 1
    outer loop
      vertex 5.964777499437332 3.855224283678191 0.8
      vertex 6.01403321325779 3.8774542829820087 0.8
      vertex 6.007604643702507 3.907316604895251 0.8
    endloop
  endfacet
  facet normal 0 0 1
    outer loop
      vertex 5.964777499437332 3.855224283678191 0.8
      vertex 6.007604643702507 3.907316604895251 0.8
      vertex 5.964777499437332 3.898379283291953 0.8
    endloop
  endfacet
  facet normal 0 0 1
    outer loop
      vertex 6.019701607525349 3.8454689255782535 0.8
      vertex 6.0580625012516975 3.822309995336192 0.8
      vertex 6.082912139594555 3.86148892555918 0.8
    endloop
  endfacet
  facet normal 0 0 1
    outer loop
      vertex 6.019701607525349 3.8454689255782535 0.8
      vertex 6.082912139594555 3.86148892555918 0.8
      vertex 6.01403321325779 3.8774542829820087 0.8
    endloop
  endfacet
  facet normal 0 0 1
    outer loop
      vertex 6.0580625012516975 3.822309995336192 0.8
      vertex 6.130866073071957 3.831901425761836 0.8
      vertex 6.082912139594555 3.86148892555918 0.8
    endloop
  endfacet
  facet normal 0 0 1
    outer loop
      vertex 6.01403321325779 3.8774542829820087 0.8
      vertex 6.068144105374813 3.892987320465701 0.8
      vertex 6.007604643702507 3.907316604895251 0.8
    endloop
  endfacet
  facet normal 0 0 1
    outer loop
      vertex 6.0881482139229774 3.7349071374961307 0.8
      vertex 6.158984646201134 3.788363928241389 0.8
      vertex 6.0806267857551575 3.7855289227196147 0.8
    endloop
  endfacet
  facet normal 0 0 1
    outer loop
      vertex 6.0881482139229774 3.7349071374961307 0.8
      vertex 6.168357498943806 3.730548570198672 0.8
      vertex 6.158984646201134 3.788363928241389 0.8
    endloop
  endfacet
  facet normal 0 0 1
    outer loop
      vertex 6.0806267857551575 3.7855289227196147 0.8
      vertex 6.158984646201134 3.788363928241389 0.8
      vertex 6.130866073071957 3.831901425761836 0.8
    endloop
  endfacet
  facet normal 0 0 1
    outer loop
      vertex 6.007604643702507 3.907316604895251 0.8
      vertex 6.068144105374813 3.892987320465701 0.8
      vertex 6.037574641406536 3.928895714027541 0.8
    endloop
  endfacet
  facet normal 0 0 1
    outer loop
      vertex 6.037574641406536 3.928895714027541 0.8
      vertex 6.068144105374813 3.892987320465701 0.8
      vertex 6.108411073684692 3.9221392816730907 0.8
    endloop
  endfacet
  facet normal 0 0 1
    outer loop
      vertex 6.037574641406536 3.928895714027541 0.8
      vertex 6.108411073684692 3.9221392816730907 0.8
      vertex 6.055230714380741 3.963989282292979 0.8
    endloop
  endfacet
  facet normal 0 0 1
    outer loop
      vertex 6.055230714380741 3.963989282292979 0.8
      vertex 6.133424639701843 3.964264104408877 0.8
      vertex 6.061116069555283 4.013469996196883 0.8
    endloop
  endfacet
  facet normal 0 0 1
    outer loop
      vertex 6.061116069555283 4.013469996196883 0.8
      vertex 6.141762502491474 4.018702851874488 0.8
      vertex 6.054740533232689 4.064311960978167 0.8
    endloop
  endfacet
  facet normal 0 0 1
    outer loop
      vertex 6.055230714380741 3.963989282292979 0.8
      vertex 6.108411073684692 3.9221392816730907 0.8
      vertex 6.133424639701843 3.964264104408877 0.8
    endloop
  endfacet
  facet normal 0 0 1
    outer loop
      vertex 6.133424639701843 3.964264104408877 0.8
      vertex 6.141762502491474 4.018702851874488 0.8
      vertex 6.061116069555283 4.013469996196883 0.8
    endloop
  endfacet
  facet normal -0.9854668752566242 -0.1698677066777117 0
    outer loop
      vertex 5.670040354132652 4.0125957152673175 0.8
      vertex 5.656964644789696 4.088452855391162 0.8
      vertex 5.656964644789696 4.088452855391162 0.6
    endloop
  endfacet
  facet normal -0.4501363889999253 -0.8929598150522273 0
    outer loop
      vertex 5.623995713889599 4.105072321636336 0.8
      vertex 5.623995713889599 4.105072321636336 0.6
      vertex 5.656964644789696 4.088452855391162 0.8
    endloop
  endfacet
  facet normal 0.16252933741014944 0.9867037115978726 0
    outer loop
      vertex 5.594951428472996 4.157002317053931 0.8
      vertex 5.696198217570782 4.1403249970504215 0.8
      vertex 5.696198217570782 4.1403249970504215 0.6
    endloop
  endfacet
  facet normal -1 0 0
    outer loop
      vertex 5.817428216338158 4.031341428203242 0.8
      vertex 5.817428216338158 4.14381571326937 0.8
      vertex 5.817428216338158 4.14381571326937 0.6
    endloop
  endfacet
  facet normal 0.4143987221762018 -0.9100954340390522 0
    outer loop
      vertex 5.861457496881485 4.102833571178572 0.8
      vertex 5.861457496881485 4.102833571178572 0.6
      vertex 5.882165536284447 4.112262675804751 0.8
    endloop
  endfacet
  facet normal 0.2957609301394532 -0.9552619913945312 0
    outer loop
      vertex 5.882165536284447 4.112262675804751 0.8
      vertex 5.882165536284447 4.112262675804751 0.6
      vertex 5.905923925340176 4.119618566972869 0.8
    endloop
  endfacet
  facet normal 0.18834352851925595 -0.9821032100878788 0
    outer loop
      vertex 5.905923925340176 4.119618566972869 0.8
      vertex 5.905923925340176 4.119618566972869 0.6
      vertex 5.930662676692009 4.124362858278411 0.8
    endloop
  endfacet
  facet normal -0.228217287732521 0.9736102246689954 0
    outer loop
      vertex 5.817428216338158 4.14381571326937 0.8
      vertex 5.8576405346393585 4.153241606695311 0.8
      vertex 5.8576405346393585 4.153241606695311 0.6
    endloop
  endfacet
  facet normal -0.161303584669445 0.9869048351147071 0
    outer loop
      vertex 5.8576405346393585 4.153241606695311 0.8
      vertex 5.891967497766018 4.158852139753955 0.8
      vertex 5.891967497766018 4.158852139753955 0.6
    endloop
  endfacet
  facet normal -0.0885837963263148 0.9960687280646944 0
    outer loop
      vertex 5.891967497766018 4.158852139753955 0.8
      vertex 5.923248931765556 4.161634104592459 0.8
      vertex 5.923248931765556 4.161634104592459 0.6
    endloop
  endfacet
  facet normal 0.06672128176986955 -0.9977716525132319 0
    outer loop
      vertex 5.930662676692009 4.124362858278411 0.8
      vertex 5.930662676692009 4.124362858278411 0.6
      vertex 5.954311788082123 4.125944281263011 0.8
    endloop
  endfacet
  facet normal -0.13767718772023035 -0.9904771536898003 0
    outer loop
      vertex 5.954311788082123 4.125944281263011 0.8
      vertex 5.954311788082123 4.125944281263011 0.6
      vertex 6.002537325024605 4.11924088959183 0.8
    endloop
  endfacet
  facet normal -0.5195055872005003 -0.8544670531199335 0
    outer loop
      vertex 6.035613931715488 4.099130714578288 0.8
      vertex 6.002537325024605 4.11924088959183 0.8
      vertex 6.002537325024605 4.11924088959183 0.6
    endloop
  endfacet
  facet normal -0.8764678428028798 -0.4814604039092584 0
    outer loop
      vertex 6.035613931715488 4.099130714578288 0.8
      vertex 6.035613931715488 4.099130714578288 0.6
      vertex 6.054740533232689 4.064311960978167 0.8
    endloop
  endfacet
  facet normal 0.2478349679748906 0.9688022649895514 0
    outer loop
      vertex 5.954311788082123 4.162561426205294 0.8
      vertex 6.094899818301201 4.1265967807599475 0.8
      vertex 6.094899818301201 4.1265967807599475 0.6
    endloop
  endfacet
  facet normal -0.02983977591098739 0.9995546947384031 0
    outer loop
      vertex 5.923248931765556 4.161634104592459 0.8
      vertex 5.954311788082123 4.162561426205294 0.8
      vertex 5.954311788082123 4.162561426205294 0.6
    endloop
  endfacet
  facet normal 0 0 1
    outer loop
      vertex 5.656964644789696 4.088452855391162 0.8
      vertex 5.698814645409584 4.0125957152673175 0.8
      vertex 5.696198217570782 4.1403249970504215 0.8
    endloop
  endfacet
  facet normal 0 0 1
    outer loop
      vertex 5.623995713889599 4.105072321636336 0.8
      vertex 5.656964644789696 4.088452855391162 0.8
      vertex 5.696198217570782 4.1403249970504215 0.8
    endloop
  endfacet
  facet normal 0 0 1
    outer loop
      vertex 5.623995713889599 4.105072321636336 0.8
      vertex 5.696198217570782 4.1403249970504215 0.8
      vertex 5.594951428472996 4.157002317053931 0.8
    endloop
  endfacet
  facet normal 0 0 1
    outer loop
      vertex 5.817428216338158 4.031341428203242 0.8
      vertex 5.861457496881485 4.102833571178572 0.8
      vertex 5.817428216338158 4.14381571326937 0.8
    endloop
  endfacet
  facet normal 0 0 1
    outer loop
      vertex 5.861457496881485 4.102833571178572 0.8
      vertex 5.8576405346393585 4.153241606695311 0.8
      vertex 5.817428216338158 4.14381571326937 0.8
    endloop
  endfacet
  facet normal 0 0 1
    outer loop
      vertex 5.861457496881485 4.102833571178572 0.8
      vertex 5.882165536284447 4.112262675804751 0.8
      vertex 5.8576405346393585 4.153241606695311 0.8
    endloop
  endfacet
  facet normal 0 0 1
    outer loop
      vertex 5.882165536284447 4.112262675804751 0.8
      vertex 5.905923925340176 4.119618566972869 0.8
      vertex 5.891967497766018 4.158852139753955 0.8
    endloop
  endfacet
  facet normal 0 0 1
    outer loop
      vertex 5.905923925340176 4.119618566972869 0.8
      vertex 5.930662676692009 4.124362858278411 0.8
      vertex 5.923248931765556 4.161634104592459 0.8
    endloop
  endfacet
  facet normal 0 0 1
    outer loop
      vertex 5.8576405346393585 4.153241606695311 0.8
      vertex 5.882165536284447 4.112262675804751 0.8
      vertex 5.891967497766018 4.158852139753955 0.8
    endloop
  endfacet
  facet normal 0 0 1
    outer loop
      vertex 5.905923925340176 4.119618566972869 0.8
      vertex 5.923248931765556 4.161634104592459 0.8
      vertex 5.891967497766018 4.158852139753955 0.8
    endloop
  endfacet
  facet normal 0 0 1
    outer loop
      vertex 5.930662676692009 4.124362858278411 0.8
      vertex 5.954311788082123 4.162561426205294 0.8
      vertex 5.923248931765556 4.161634104592459 0.8
    endloop
  endfacet
  facet normal 0 0 1
    outer loop
      vertex 5.930662676692009 4.124362858278411 0.8
      vertex 5.954311788082123 4.125944281263011 0.8
      vertex 5.954311788082123 4.162561426205294 0.8
    endloop
  endfacet
  facet normal 0 0 1
    outer loop
      vertex 5.954311788082123 4.125944281263011 0.8
      vertex 6.002537325024605 4.11924088959183 0.8
      vertex 5.954311788082123 4.162561426205294 0.8
    endloop
  endfacet
  facet normal 0 0 1
    outer loop
      vertex 6.035613931715488 4.099130714578288 0.8
      vertex 6.054740533232689 4.064311960978167 0.8
      vertex 6.094899818301201 4.1265967807599475 0.8
    endloop
  endfacet
  facet normal 0 0 1
    outer loop
      vertex 6.035613931715488 4.099130714578288 0.8
      vertex 6.094899818301201 4.1265967807599475 0.8
      vertex 6.002537325024605 4.11924088959183 0.8
    endloop
  endfacet
  facet normal 0 0 1
    outer loop
      vertex 5.954311788082123 4.162561426205294 0.8
      vertex 6.002537325024605 4.11924088959183 0.8
      vertex 6.094899818301201 4.1265967807599475 0.8
    endloop
  endfacet
  facet normal 0 0 1
    outer loop
      vertex 6.054740533232689 4.064311960978167 0.8
      vertex 6.141762502491474 4.018702851874488 0.8
      vertex 6.094899818301201 4.1265967807599475 0.8
    endloop
  endfacet
  facet normal 0.6613274577479223 -0.7500973227712987 0
    outer loop
      vertex 6.459812857210636 3.7799714228936603 0.8
      vertex 6.381998211145401 3.711365709347384 0.6
      vertex 6.459812857210636 3.7799714228936603 0.6
    endloop
  endfacet
  facet normal -0.7206497854189863 0.6932992764856812 0
    outer loop
      vertex 6.391263395547867 3.7710871419736316 0.8
      vertex 6.438235357403755 3.819912137729781 0.6
      vertex 6.391263395547867 3.7710871419736316 0.6
    endloop
  endfacet
  facet normal 0.7029919200334677 -0.7111978349008513 0
    outer loop
      vertex 6.511906787753105 3.831464285297053 0.8
      vertex 6.459812857210636 3.7799714228936603 0.6
      vertex 6.511906787753105 3.831464285297053 0.6
    endloop
  endfacet
  facet normal -0.8068397384776932 0.590770375368677 0
    outer loop
      vertex 6.438235357403755 3.819912137729781 0.8
      vertex 6.46967589110136 3.8628517857619693 0.6
      vertex 6.438235357403755 3.819912137729781 0.6
    endloop
  endfacet
  facet normal -0.9027143462520951 0.4302404084586343 0
    outer loop
      vertex 6.46967589110136 3.8628517857619693 0.8
      vertex 6.49076321721077 3.9070964253374507 0.6
      vertex 6.46967589110136 3.8628517857619693 0.6
    endloop
  endfacet
  facet normal 0.7832963862461684 -0.6216484306211135 0
    outer loop
      vertex 6.546073034405708 3.8745148203202655 0.8
      vertex 6.511906787753105 3.831464285297053 0.6
      vertex 6.546073034405708 3.8745148203202655 0.6
    endloop
  endfacet
  facet normal 0.8742001485464825 -0.48556575278875264 0
    outer loop
      vertex 6.570104643702507 3.917780714375632 0.8
      vertex 6.546073034405708 3.8745148203202655 0.6
      vertex 6.570104643702507 3.917780714375632 0.6
    endloop
  endfacet
  facet normal 0 -1 0
    outer loop
      vertex 6.290886074304581 4.031341428203242 0.8
      vertex 6.262118212878704 4.031341428203242 0.6
      vertex 6.290886074304581 4.031341428203242 0.6
    endloop
  endfacet
  facet normal -0.9706395275376347 0.2405387860232054 0
    outer loop
      vertex 6.49076321721077 3.9070964253374507 0.8
      vertex 6.502701073884964 3.955268929047244 0.6
      vertex 6.49076321721077 3.9070964253374507 0.6
    endloop
  endfacet
  facet normal -0.9973653606507306 0.07254196974192349 0
    outer loop
      vertex 6.502701073884964 3.955268929047244 0.8
      vertex 6.506680354475975 4.009979279977935 0.6
      vertex 6.502701073884964 3.955268929047244 0.6
    endloop
  endfacet
  facet normal -0.9918046463429369 -0.12776362351061438 0
    outer loop
      vertex 6.506680354475975 4.009979279977935 0.8
      vertex 6.5002501755952835 4.059895532471793 0.6
      vertex 6.506680354475975 4.009979279977935 0.6
    endloop
  endfacet
  facet normal 0.9529941254895237 -0.3029887733604299 0
    outer loop
      vertex 6.584327854216099 3.9625171444245746 0.8
      vertex 6.570104643702507 3.917780714375632 0.6
      vertex 6.584327854216099 3.9625171444245746 0.6
    endloop
  endfacet
  facet normal 0.9950478557189714 -0.09939700613739272 0
    outer loop
      vertex 6.589068926870823 4.009979279977935 0.8
      vertex 6.584327854216099 3.9625171444245746 0.6
      vertex 6.589068926870823 4.009979279977935 0.6
    endloop
  endfacet
  facet normal 0.9830523046259454 0.18332530204425504 0
    outer loop
      vertex 6.577026605606079 4.074554281575339 0.8
      vertex 6.589068926870823 4.009979279977935 0.6
      vertex 6.577026605606079 4.074554281575339 0.6
    endloop
  endfacet
  facet normal -1 0 0
    outer loop
      vertex 6.262118212878704 4.031341428203242 0.8
      vertex 6.262118212878704 4.14381571326937 0.6
      vertex 6.262118212878704 4.031341428203242 0.6
    endloop
  endfacet
  facet normal 0.9779655594486361 -0.20876629165724142 0
    outer loop
      vertex 6.306147500872612 4.102833571178572 0.8
      vertex 6.290886074304581 4.031341428203242 0.6
      vertex 6.306147500872612 4.102833571178572 0.6
    endloop
  endfacet
  facet normal 0.42363629510625306 -0.9058323738245657 0
    outer loop
      vertex 6.326309107244015 4.112262675804751 0.8
      vertex 6.306147500872612 4.102833571178572 0.6
      vertex 6.326309107244015 4.112262675804751 0.6
    endloop
  endfacet
  facet normal 0.3047007764435677 -0.9524481281595796 0
    outer loop
      vertex 6.349302500486374 4.119618566972869 0.8
      vertex 6.326309107244015 4.112262675804751 0.6
      vertex 6.349302500486374 4.119618566972869 0.6
    endloop
  endfacet
  facet normal 0.1932452658803473 -0.9811504814323 0
    outer loop
      vertex 6.373390354216099 4.124362858278411 0.8
      vertex 6.349302500486374 4.119618566972869 0.6
      vertex 6.373390354216099 4.124362858278411 0.6
    endloop
  endfacet
  facet normal 0.0673362945778007 -0.9977303360289952 0
    outer loop
      vertex 6.39682249724865 4.125944281263011 0.8
      vertex 6.373390354216099 4.124362858278411 0.6
      vertex 6.39682249724865 4.125944281263011 0.6
    endloop
  endfacet
  facet normal -0.1882550816225917 0.9821201679241046 0
    outer loop
      vertex 6.262118212878704 4.14381571326937 0.8
      vertex 6.335464999079704 4.157874996108668 0.6
      vertex 6.262118212878704 4.14381571326937 0.6
    endloop
  endfacet
  facet normal -0.07615727479633938 0.9970958176101206 0
    outer loop
      vertex 6.335464999079704 4.157874996108668 0.8
      vertex 6.39682249724865 4.162561426205294 0.6
      vertex 6.335464999079704 4.157874996108668 0.6
    endloop
  endfacet
  facet normal -0.14594765932293607 -0.9892923130895925 0
    outer loop
      vertex 6.447065003216267 4.118532138211386 0.8
      vertex 6.39682249724865 4.125944281263011 0.6
      vertex 6.447065003216267 4.118532138211386 0.6
    endloop
  endfacet
  facet normal -0.5485369370179684 -0.836126323426637 0
    outer loop
      vertex 6.4809596464037895 4.0962957090565135 0.8
      vertex 6.447065003216267 4.118532138211386 0.6
      vertex 6.4809596464037895 4.0962957090565135 0.6
    endloop
  endfacet
  facet normal -0.8835886123099475 -0.468263989856343 0
    outer loop
      vertex 6.5002501755952835 4.059895532471793 0.8
      vertex 6.4809596464037895 4.0962957090565135 0.6
      vertex 6.5002501755952835 4.059895532471793 0.6
    endloop
  endfacet
  facet normal 0.7996922255440011 0.6004101468200571 0
    outer loop
      vertex 6.540899641811848 4.122672142727034 0.8
      vertex 6.577026605606079 4.074554281575339 0.6
      vertex 6.540899641811848 4.122672142727034 0.6
    endloop
  endfacet
  facet normal 0.11792730080873966 0.9930222312335032 0
    outer loop
      vertex 6.39682249724865 4.162561426205294 0.8
      vertex 6.480795711278915 4.1525891071983745 0.6
      vertex 6.39682249724865 4.162561426205294 0.6
    endloop
  endfacet
  facet normal 0.44560423504906593 0.8952300630041067 0
    outer loop
      vertex 6.480795711278915 4.1525891071983745 0.8
      vertex 6.540899641811848 4.122672142727034 0.6
      vertex 6.480795711278915 4.1525891071983745 0.6
    endloop
  endfacet
  facet normal -0.6748902362124629 0.7379181316820221 0
    outer loop
      vertex 6.323581784963608 3.709186429423945 0.8
      vertex 6.391263395547867 3.7710871419736316 0.8
      vertex 6.391263395547867 3.7710871419736316 0.6
    endloop
  endfacet
  facet normal -0.7206497854189863 0.6932992764856812 0
    outer loop
      vertex 6.391263395547867 3.7710871419736316 0.8
      vertex 6.438235357403755 3.819912137729781 0.8
      vertex 6.438235357403755 3.819912137729781 0.6
    endloop
  endfacet
  facet normal 0.7029919200334677 -0.7111978349008513 0
    outer loop
      vertex 6.459812857210636 3.7799714228936603 0.8
      vertex 6.459812857210636 3.7799714228936603 0.6
      vertex 6.511906787753105 3.831464285297053 0.8
    endloop
  endfacet
  facet normal -0.8068397384776932 0.590770375368677 0
    outer loop
      vertex 6.438235357403755 3.819912137729781 0.8
      vertex 6.46967589110136 3.8628517857619693 0.8
      vertex 6.46967589110136 3.8628517857619693 0.6
    endloop
  endfacet
  facet normal -0.9027143462520951 0.4302404084586343 0
    outer loop
      vertex 6.46967589110136 3.8628517857619693 0.8
      vertex 6.49076321721077 3.9070964253374507 0.8
      vertex 6.49076321721077 3.9070964253374507 0.6
    endloop
  endfacet
  facet normal 0.7832963862461684 -0.6216484306211135 0
    outer loop
      vertex 6.511906787753105 3.831464285297053 0.8
      vertex 6.511906787753105 3.831464285297053 0.6
      vertex 6.546073034405708 3.8745148203202655 0.8
    endloop
  endfacet
  facet normal 0.8742001485464825 -0.48556575278875264 0
    outer loop
      vertex 6.546073034405708 3.8745148203202655 0.8
      vertex 6.546073034405708 3.8745148203202655 0.6
      vertex 6.570104643702507 3.917780714375632 0.8
    endloop
  endfacet
  facet normal 0 -1 0
    outer loop
      vertex 6.262118212878704 4.031341428203242 0.8
      vertex 6.262118212878704 4.031341428203242 0.6
      vertex 6.290886074304581 4.031341428203242 0.8
    endloop
  endfacet
  facet normal 0.9779655594486361 -0.20876629165724142 0
    outer loop
      vertex 6.290886074304581 4.031341428203242 0.8
      vertex 6.290886074304581 4.031341428203242 0.6
      vertex 6.306147500872612 4.102833571178572 0.8
    endloop
  endfacet
  facet normal -0.9706395275376347 0.2405387860232054 0
    outer loop
      vertex 6.49076321721077 3.9070964253374507 0.8
      vertex 6.502701073884964 3.955268929047244 0.8
      vertex 6.502701073884964 3.955268929047244 0.6
    endloop
  endfacet
  facet normal -0.9973653606507306 0.07254196974192349 0
    outer loop
      vertex 6.502701073884964 3.955268929047244 0.8
      vertex 6.506680354475975 4.009979279977935 0.8
      vertex 6.506680354475975 4.009979279977935 0.6
    endloop
  endfacet
  facet normal -0.9918046463429369 -0.12776362351061438 0
    outer loop
      vertex 6.506680354475975 4.009979279977935 0.8
      vertex 6.5002501755952835 4.059895532471793 0.8
      vertex 6.5002501755952835 4.059895532471793 0.6
    endloop
  endfacet
  facet normal 0.9529941254895237 -0.3029887733604299 0
    outer loop
      vertex 6.570104643702507 3.917780714375632 0.8
      vertex 6.570104643702507 3.917780714375632 0.6
      vertex 6.584327854216099 3.9625171444245746 0.8
    endloop
  endfacet
  facet normal 0.9950478557189714 -0.09939700613739272 0
    outer loop
      vertex 6.584327854216099 3.9625171444245746 0.8
      vertex 6.584327854216099 3.9625171444245746 0.6
      vertex 6.589068926870823 4.009979279977935 0.8
    endloop
  endfacet
  facet normal 0.9830523046259454 0.18332530204425504 0
    outer loop
      vertex 6.589068926870823 4.009979279977935 0.8
      vertex 6.589068926870823 4.009979279977935 0.6
      vertex 6.577026605606079 4.074554281575339 0.8
    endloop
  endfacet
  facet normal 0 0 1
    outer loop
      vertex 6.381998211145401 3.711365709347384 0.8
      vertex 6.459812857210636 3.7799714228936603 0.8
      vertex 6.391263395547867 3.7710871419736316 0.8
    endloop
  endfacet
  facet normal 0 0 1
    outer loop
      vertex 6.391263395547867 3.7710871419736316 0.8
      vertex 6.459812857210636 3.7799714228936603 0.8
      vertex 6.438235357403755 3.819912137729781 0.8
    endloop
  endfacet
  facet normal 0 0 1
    outer loop
      vertex 6.459812857210636 3.7799714228936603 0.8
      vertex 6.511906787753105 3.831464285297053 0.8
      vertex 6.438235357403755 3.819912137729781 0.8
    endloop
  endfacet
  facet normal 0 0 1
    outer loop
      vertex 6.438235357403755 3.819912137729781 0.8
      vertex 6.511906787753105 3.831464285297053 0.8
      vertex 6.46967589110136 3.8628517857619693 0.8
    endloop
  endfacet
  facet normal 0 0 1
    outer loop
      vertex 6.511906787753105 3.831464285297053 0.8
      vertex 6.546073034405708 3.8745148203202655 0.8
      vertex 6.46967589110136 3.8628517857619693 0.8
    endloop
  endfacet
  facet normal 0 0 1
    outer loop
      vertex 6.46967589110136 3.8628517857619693 0.8
      vertex 6.546073034405708 3.8745148203202655 0.8
      vertex 6.49076321721077 3.9070964253374507 0.8
    endloop
  endfacet
  facet normal 0 0 1
    outer loop
      vertex 6.49076321721077 3.9070964253374507 0.8
      vertex 6.546073034405708 3.8745148203202655 0.8
      vertex 6.570104643702507 3.917780714375632 0.8
    endloop
  endfacet
  facet normal 0 0 1
    outer loop
      vertex 6.262118212878704 4.031341428203242 0.8
      vertex 6.290886074304581 4.031341428203242 0.8
      vertex 6.306147500872612 4.102833571178572 0.8
    endloop
  endfacet
  facet normal 0 0 1
    outer loop
      vertex 6.49076321721077 3.9070964253374507 0.8
      vertex 6.570104643702507 3.917780714375632 0.8
      vertex 6.502701073884964 3.955268929047244 0.8
    endloop
  endfacet
  facet normal 0 0 1
    outer loop
      vertex 6.502701073884964 3.955268929047244 0.8
      vertex 6.570104643702507 3.917780714375632 0.8
      vertex 6.584327854216099 3.9625171444245746 0.8
    endloop
  endfacet
  facet normal 0 0 1
    outer loop
      vertex 6.502701073884964 3.955268929047244 0.8
      vertex 6.584327854216099 3.9625171444245746 0.8
      vertex 6.506680354475975 4.009979279977935 0.8
    endloop
  endfacet
  facet normal 0 0 1
    outer loop
      vertex 6.584327854216099 3.9625171444245746 0.8
      vertex 6.589068926870823 4.009979279977935 0.8
      vertex 6.506680354475975 4.009979279977935 0.8
    endloop
  endfacet
  facet normal 0 0 1
    outer loop
      vertex 6.506680354475975 4.009979279977935 0.8
      vertex 6.589068926870823 4.009979279977935 0.8
      vertex 6.577026605606079 4.074554281575339 0.8
    endloop
  endfacet
  facet normal 0 0 1
    outer loop
      vertex 6.506680354475975 4.009979279977935 0.8
      vertex 6.577026605606079 4.074554281575339 0.8
      vertex 6.5002501755952835 4.059895532471793 0.8
    endloop
  endfacet
  facet normal -1 0 0
    outer loop
      vertex 6.262118212878704 4.031341428203242 0.8
      vertex 6.262118212878704 4.14381571326937 0.8
      vertex 6.262118212878704 4.14381571326937 0.6
    endloop
  endfacet
  facet normal 0.42363629510625306 -0.9058323738245657 0
    outer loop
      vertex 6.306147500872612 4.102833571178572 0.8
      vertex 6.306147500872612 4.102833571178572 0.6
      vertex 6.326309107244015 4.112262675804751 0.8
    endloop
  endfacet
  facet normal 0.3047007764435677 -0.9524481281595796 0
    outer loop
      vertex 6.326309107244015 4.112262675804751 0.8
      vertex 6.326309107244015 4.112262675804751 0.6
      vertex 6.349302500486374 4.119618566972869 0.8
    endloop
  endfacet
  facet normal 0.1932452658803473 -0.9811504814323 0
    outer loop
      vertex 6.349302500486374 4.119618566972869 0.8
      vertex 6.349302500486374 4.119618566972869 0.6
      vertex 6.373390354216099 4.124362858278411 0.8
    endloop
  endfacet
  facet normal 0.0673362945778007 -0.9977303360289952 0
    outer loop
      vertex 6.373390354216099 4.124362858278411 0.8
      vertex 6.373390354216099 4.124362858278411 0.6
      vertex 6.39682249724865 4.125944281263011 0.8
    endloop
  endfacet
  facet normal -0.1882550816225917 0.9821201679241046 0
    outer loop
      vertex 6.262118212878704 4.14381571326937 0.8
      vertex 6.335464999079704 4.157874996108668 0.8
      vertex 6.335464999079704 4.157874996108668 0.6
    endloop
  endfacet
  facet normal -0.07615727479633938 0.9970958176101206 0
    outer loop
      vertex 6.335464999079704 4.157874996108668 0.8
      vertex 6.39682249724865 4.162561426205294 0.8
      vertex 6.39682249724865 4.162561426205294 0.6
    endloop
  endfacet
  facet normal -0.14594765932293607 -0.9892923130895925 0
    outer loop
      vertex 6.39682249724865 4.125944281263011 0.8
      vertex 6.39682249724865 4.125944281263011 0.6
      vertex 6.447065003216267 4.118532138211386 0.8
    endloop
  endfacet
  facet normal -0.5485369370179684 -0.836126323426637 0
    outer loop
      vertex 6.4809596464037895 4.0962957090565135 0.8
      vertex 6.447065003216267 4.118532138211386 0.8
      vertex 6.447065003216267 4.118532138211386 0.6
    endloop
  endfacet
  facet normal -0.8835886123099475 -0.468263989856343 0
    outer loop
      vertex 6.5002501755952835 4.059895532471793 0.8
      vertex 6.4809596464037895 4.0962957090565135 0.8
      vertex 6.4809596464037895 4.0962957090565135 0.6
    endloop
  endfacet
  facet normal 0.44560423504906593 0.8952300630041067 0
    outer loop
      vertex 6.480795711278915 4.1525891071983745 0.8
      vertex 6.540899641811848 4.122672142727034 0.8
      vertex 6.540899641811848 4.122672142727034 0.6
    endloop
  endfacet
  facet normal 0.11792730080873966 0.9930222312335032 0
    outer loop
      vertex 6.39682249724865 4.162561426205294 0.8
      vertex 6.480795711278915 4.1525891071983745 0.8
      vertex 6.480795711278915 4.1525891071983745 0.6
    endloop
  endfacet
  facet normal 0.7996922255440011 0.6004101468200571 0
    outer loop
      vertex 6.577026605606079 4.074554281575339 0.8
      vertex 6.577026605606079 4.074554281575339 0.6
      vertex 6.540899641811848 4.122672142727034 0.8
    endloop
  endfacet
  facet normal 0 0 1
    outer loop
      vertex 6.262118212878704 4.031341428203242 0.8
      vertex 6.306147500872612 4.102833571178572 0.8
      vertex 6.262118212878704 4.14381571326937 0.8
    endloop
  endfacet
  facet normal 0 0 1
    outer loop
      vertex 6.306147500872612 4.102833571178572 0.8
      vertex 6.326309107244015 4.112262675804751 0.8
      vertex 6.262118212878704 4.14381571326937 0.8
    endloop
  endfacet
  facet normal 0 0 1
    outer loop
      vertex 6.326309107244015 4.112262675804751 0.8
      vertex 6.335464999079704 4.157874996108668 0.8
      vertex 6.262118212878704 4.14381571326937 0.8
    endloop
  endfacet
  facet normal 0 0 1
    outer loop
      vertex 6.326309107244015 4.112262675804751 0.8
      vertex 6.349302500486374 4.119618566972869 0.8
      vertex 6.335464999079704 4.157874996108668 0.8
    endloop
  endfacet
  facet normal 0 0 1
    outer loop
      vertex 6.349302500486374 4.119618566972869 0.8
      vertex 6.373390354216099 4.124362858278411 0.8
      vertex 6.335464999079704 4.157874996108668 0.8
    endloop
  endfacet
  facet normal 0 0 1
    outer loop
      vertex 6.373390354216099 4.124362858278411 0.8
      vertex 6.39682249724865 4.125944281263011 0.8
      vertex 6.39682249724865 4.162561426205294 0.8
    endloop
  endfacet
  facet normal 0 0 1
    outer loop
      vertex 6.335464999079704 4.157874996108668 0.8
      vertex 6.373390354216099 4.124362858278411 0.8
      vertex 6.39682249724865 4.162561426205294 0.8
    endloop
  endfacet
  facet normal 0 0 1
    outer loop
      vertex 6.39682249724865 4.125944281263011 0.8
      vertex 6.447065003216267 4.118532138211386 0.8
      vertex 6.39682249724865 4.162561426205294 0.8
    endloop
  endfacet
  facet normal 0 0 1
    outer loop
      vertex 6.4809596464037895 4.0962957090565135 0.8
      vertex 6.480795711278915 4.1525891071983745 0.8
      vertex 6.447065003216267 4.118532138211386 0.8
    endloop
  endfacet
  facet normal 0 0 1
    outer loop
      vertex 6.5002501755952835 4.059895532471793 0.8
      vertex 6.540899641811848 4.122672142727034 0.8
      vertex 6.4809596464037895 4.0962957090565135 0.8
    endloop
  endfacet
  facet normal 0 0 1
    outer loop
      vertex 6.5002501755952835 4.059895532471793 0.8
      vertex 6.577026605606079 4.074554281575339 0.8
      vertex 6.540899641811848 4.122672142727034 0.8
    endloop
  endfacet
  facet normal 0 0 1
    outer loop
      vertex 6.4809596464037895 4.0962957090565135 0.8
      vertex 6.540899641811848 4.122672142727034 0.8
      vertex 6.480795711278915 4.1525891071983745 0.8
    endloop
  endfacet
  facet normal 0 0 1
    outer loop
      vertex 6.39682249724865 4.162561426205294 0.8
      vertex 6.447065003216267 4.118532138211386 0.8
      vertex 6.480795711278915 4.1525891071983745 0.8
    endloop
  endfacet
endsolid OpenSCAD_Model
