solid OpenSCAD_Model
  facet normal 0 0 1
    outer loop
      vertex 0 0 1
      vertex 3.853781074285507 3.693776854659827 1
      vertex 3.3505889251828194 5.213223004128249 1
    endloop
  endfacet
  facet normal 0 0 1
    outer loop
      vertex 0 0 1
      vertex 3.3505889251828194 5.213223004128249 1
      vertex 3.3505889251828194 5.278428429152282 1
    endloop
  endfacet
  facet normal 0 0 1
    outer loop
      vertex 0 0 1
      vertex 3.853781074285507 3.6285714296357945 1
      vertex 3.853781074285507 3.693776854659827 1
    endloop
  endfacet
  facet normal 0 0 1
    outer loop
      vertex 0 0 1
      vertex 4.6153456419706345 3.6285714296357945 1
      vertex 3.853781074285507 3.6285714296357945 1
    endloop
  endfacet
  facet normal 0 0 1
    outer loop
      vertex 0 0 1
      vertex 5.673527784645557 3.6285714296357945 1
      vertex 4.6153456419706345 3.6285714296357945 1
    endloop
  endfacet
  facet normal 0 0 1
    outer loop
      vertex 0 0 1
      vertex 6.435092359781265 3.6285714296357945 1
      vertex 5.673527784645557 3.6285714296357945 1
    endloop
  endfacet
  facet normal 0 0 1
    outer loop
      vertex 0 0 1
      vertex 7.654437497258186 3.5904351411121205 1
      vertex 6.435092359781265 3.6285714296357945 1
    endloop
  endfacet
  facet normal 0 0 1
    outer loop
      vertex 3.5363536402583122 5.18121899792126 1
      vertex 3.3505889251828194 5.213223004128249 1
      vertex 3.853781074285507 3.693776854659827 1
    endloop
  endfacet
  facet normal 0 0 1
    outer loop
      vertex 3.5363536402583122 5.18121899792126 1
      vertex 3.853781074285507 3.693776854659827 1
      vertex 4.115836501121521 4.270792284395011 1
    endloop
  endfacet
  facet normal 0 0 1
    outer loop
      vertex 4.115836501121521 3.726996430541785 1
      vertex 4.115836501121521 4.270792284395011 1
      vertex 3.853781074285507 3.693776854659827 1
    endloop
  endfacet
  facet normal 0 0 1
    outer loop
      vertex 4.6153456419706345 3.6285714296357945 1
      vertex 5.935583211481571 4.270792284395011 1
      vertex 4.6153456419706345 3.693776854659827 1
    endloop
  endfacet
  facet normal 0 0 1
    outer loop
      vertex 4.353290215134621 3.726996430541785 1
      vertex 4.6153456419706345 3.693776854659827 1
      vertex 5.356100358068943 5.18121899792126 1
    endloop
  endfacet
  facet normal 0 0 1
    outer loop
      vertex 4.353290215134621 3.726996430541785 1
      vertex 5.356100358068943 5.18121899792126 1
      vertex 4.353290215134621 4.278176428164752 1
    endloop
  endfacet
  facet normal 0 0 1
    outer loop
      vertex 4.300385646522045 4.4196544302361325 1
      vertex 4.048163644969463 5.213223004128249 1
      vertex 3.826711930334568 5.18121899792126 1
    endloop
  endfacet
  facet normal 0 0 1
    outer loop
      vertex 4.300385646522045 4.4196544302361325 1
      vertex 4.750673212110996 5.18121899792126 1
      vertex 4.048163644969463 5.213223004128249 1
    endloop
  endfacet
  facet normal 0 0 1
    outer loop
      vertex 4.048163644969463 5.213223004128249 1
      vertex 4.541522353887558 5.278428429152282 1
      vertex 4.048163644969463 5.278428429152282 1
    endloop
  endfacet
  facet normal 0 0 1
    outer loop
      vertex 4.541522353887558 5.278428429152282 1
      vertex 4.048163644969463 5.213223004128249 1
      vertex 4.541522353887558 5.213223004128249 1
    endloop
  endfacet
  facet normal 0 0 1
    outer loop
      vertex 4.750673212110996 5.18121899792126 1
      vertex 4.541522353887558 5.213223004128249 1
      vertex 4.048163644969463 5.213223004128249 1
    endloop
  endfacet
  facet normal 0 0 1
    outer loop
      vertex 4.353290215134621 4.278176428164752 1
      vertex 5.356100358068943 5.18121899792126 1
      vertex 4.897086068987846 5.18121899792126 1
    endloop
  endfacet
  facet normal 0 0 1
    outer loop
      vertex 4.897086068987846 5.18121899792126 1
      vertex 5.356100358068943 5.18121899792126 1
      vertex 5.077934071421623 5.213223004128249 1
    endloop
  endfacet
  facet normal 0 0 1
    outer loop
      vertex 5.077934071421623 5.213223004128249 1
      vertex 5.17033564299345 5.278428429152282 1
      vertex 5.077934071421623 5.278428429152282 1
    endloop
  endfacet
  facet normal -1 0 0
    outer loop
      vertex 0 0 0
      vertex 0 0 1
      vertex 0 25.4 1
    endloop
  endfacet
  facet normal 0 0 1
    outer loop
      vertex 0 0 1
      vertex 3.3505889251828194 5.278428429152282 1
      vertex 2.0002015605568886 18.142857143070014 1
    endloop
  endfacet
  facet normal 0 0 1
    outer loop
      vertex 0 0 1
      vertex 2.0002015605568886 18.142857143070014 1
      vertex 2.0002015605568886 18.260226914073737 1
    endloop
  endfacet
  facet normal 0 0 1
    outer loop
      vertex 4.048163644969463 5.278428429152282 1
      vertex 5.675387427210808 11.0794800011175 1
      vertex 3.3505889251828194 5.278428429152282 1
    endloop
  endfacet
  facet normal 0 0 1
    outer loop
      vertex 5.675387427210808 11.0794800011175 1
      vertex 4.048163644969463 5.278428429152282 1
      vertex 4.541522353887558 5.278428429152282 1
    endloop
  endfacet
  facet normal 0 0 1
    outer loop
      vertex 5.077934071421623 5.278428429152282 1
      vertex 5.675387427210808 11.0794800011175 1
      vertex 4.541522353887558 5.278428429152282 1
    endloop
  endfacet
  facet normal 0 0 1
    outer loop
      vertex 5.451468288898468 11.691565574492724 1
      vertex 3.3505889251828194 5.278428429152282 1
      vertex 5.507448069751263 11.341694177474292 1
    endloop
  endfacet
  facet normal 0 0 1
    outer loop
      vertex 5.507448069751263 11.341694177474292 1
      vertex 3.3505889251828194 5.278428429152282 1
      vertex 5.675387427210808 11.0794800011175 1
    endloop
  endfacet
  facet normal 0 0 1
    outer loop
      vertex 3.3505889251828194 5.278428429152282 1
      vertex 5.451468288898468 11.691565574492724 1
      vertex 2.0002015605568886 18.142857143070014 1
    endloop
  endfacet
  facet normal 0 -1 0
    outer loop
      vertex 0 0 0
      vertex 20.5 0 1
      vertex 0 0 1
    endloop
  endfacet
  facet normal 0 0 1
    outer loop
      vertex 5.673527784645557 3.693776854659827 1
      vertex 4.6153456419706345 3.6285714296357945 1
      vertex 5.673527784645557 3.6285714296357945 1
    endloop
  endfacet
  facet normal 0 0 1
    outer loop
      vertex 5.935583211481571 3.726996430541785 1
      vertex 4.6153456419706345 3.6285714296357945 1
      vertex 5.673527784645557 3.693776854659827 1
    endloop
  endfacet
  facet normal 0 0 1
    outer loop
      vertex 5.935583211481571 3.726996430541785 1
      vertex 5.935583211481571 4.270792284395011 1
      vertex 4.6153456419706345 3.6285714296357945 1
    endloop
  endfacet
  facet normal 0 0 1
    outer loop
      vertex 5.356100358068943 5.18121899792126 1
      vertex 4.6153456419706345 3.693776854659827 1
      vertex 5.935583211481571 4.270792284395011 1
    endloop
  endfacet
  facet normal 0 0 1
    outer loop
      vertex 5.17033564299345 5.278428429152282 1
      vertex 5.077934071421623 5.213223004128249 1
      vertex 5.17033564299345 5.213223004128249 1
    endloop
  endfacet
  facet normal 0 0 1
    outer loop
      vertex 5.356100358068943 5.18121899792126 1
      vertex 5.17033564299345 5.213223004128249 1
      vertex 5.077934071421623 5.213223004128249 1
    endloop
  endfacet
  facet normal 0 0 1
    outer loop
      vertex 6.120132356882095 4.4196544302361325 1
      vertex 5.8679103553295135 5.213223004128249 1
      vertex 5.646458640694618 5.18121899792126 1
    endloop
  endfacet
  facet normal 0 0 1
    outer loop
      vertex 5.8679103553295135 5.213223004128249 1
      vertex 6.361269071698189 5.278428429152282 1
      vertex 5.8679103553295135 5.278428429152282 1
    endloop
  endfacet
  facet normal 0 0 1
    outer loop
      vertex 6.120132356882095 4.4196544302361325 1
      vertex 6.570419929921627 5.18121899792126 1
      vertex 5.8679103553295135 5.213223004128249 1
    endloop
  endfacet
  facet normal 0 0 1
    outer loop
      vertex 6.361269071698189 5.278428429152282 1
      vertex 5.8679103553295135 5.213223004128249 1
      vertex 6.361269071698189 5.213223004128249 1
    endloop
  endfacet
  facet normal 0 0 1
    outer loop
      vertex 6.570419929921627 5.18121899792126 1
      vertex 6.361269071698189 5.213223004128249 1
      vertex 5.8679103553295135 5.213223004128249 1
    endloop
  endfacet
  facet normal 0 0 1
    outer loop
      vertex 6.435092359781265 3.6285714296357945 1
      vertex 7.654437497258186 3.5904351411121205 1
      vertex 6.435092359781265 3.693776854659827 1
    endloop
  endfacet
  facet normal 0 0 1
    outer loop
      vertex 6.173036925494671 3.726996430541785 1
      vertex 6.435092359781265 3.693776854659827 1
      vertex 7.108192354440689 5.18121899792126 1
    endloop
  endfacet
  facet normal 0 0 1
    outer loop
      vertex 6.173036925494671 3.726996430541785 1
      vertex 7.108192354440689 5.18121899792126 1
      vertex 6.173036925494671 4.278176428164752 1
    endloop
  endfacet
  facet normal 0 0 1
    outer loop
      vertex 7.108192354440689 5.18121899792126 1
      vertex 6.435092359781265 3.693776854659827 1
      vertex 7.654437497258186 3.5904351411121205 1
    endloop
  endfacet
  facet normal 0 0 1
    outer loop
      vertex 6.173036925494671 4.278176428164752 1
      vertex 6.897680789232254 5.213223004128249 1
      vertex 6.716832786798477 5.18121899792126 1
    endloop
  endfacet
  facet normal 0 0 1
    outer loop
      vertex 6.173036925494671 4.278176428164752 1
      vertex 6.964246928691864 5.213223004128249 1
      vertex 6.897680789232254 5.213223004128249 1
    endloop
  endfacet
  facet normal 0 0 1
    outer loop
      vertex 6.173036925494671 4.278176428164752 1
      vertex 7.108192354440689 5.18121899792126 1
      vertex 6.964246928691864 5.213223004128249 1
    endloop
  endfacet
  facet normal 0 0 1
    outer loop
      vertex 6.897680789232254 5.213223004128249 1
      vertex 6.964246928691864 5.278428429152282 1
      vertex 6.897680789232254 5.278428429152282 1
    endloop
  endfacet
  facet normal 0 0 1
    outer loop
      vertex 6.964246928691864 5.278428429152282 1
      vertex 6.897680789232254 5.213223004128249 1
      vertex 6.964246928691864 5.213223004128249 1
    endloop
  endfacet
  facet normal 0 0 1
    outer loop
      vertex 5.8679103553295135 5.278428429152282 1
      vertex 6.361269071698189 5.278428429152282 1
      vertex 7.823665000498295 7.257142857994349 1
    endloop
  endfacet
  facet normal 0 0 1
    outer loop
      vertex 6.897680789232254 5.278428429152282 1
      vertex 7.823665000498295 7.257142857994349 1
      vertex 6.361269071698189 5.278428429152282 1
    endloop
  endfacet
  facet normal 0 0 1
    outer loop
      vertex 7.351796500384808 5.18121899792126 1
      vertex 7.744262784719467 4.018588432456763 1
      vertex 7.594166927039623 5.213223004128249 1
    endloop
  endfacet
  facet normal 0 0 1
    outer loop
      vertex 6.897680789232254 5.278428429152282 1
      vertex 6.964246928691864 5.278428429152282 1
      vertex 7.823665000498295 7.257142857994349 1
    endloop
  endfacet
  facet normal 0 0 1
    outer loop
      vertex 7.594166927039623 5.278428429152282 1
      vertex 7.823665000498295 7.257142857994349 1
      vertex 6.964246928691864 5.278428429152282 1
    endloop
  endfacet
  facet normal 0 0 1
    outer loop
      vertex 0 0 1
      vertex 20.5 0 1
      vertex 7.654437497258186 3.5904351411121205 1
    endloop
  endfacet
  facet normal 0 0 1
    outer loop
      vertex 8.15888150036335 4.727248431529315 1
      vertex 7.719661071896553 3.5904351411121205 1
      vertex 8.587016642093658 3.5904351411121205 1
    endloop
  endfacet
  facet normal 0 0 1
    outer loop
      vertex 7.744262784719467 4.018588432456763 1
      vertex 8.18839992582798 5.162767717029364 1
      vertex 7.594166927039623 5.213223004128249 1
    endloop
  endfacet
  facet normal 0 0 1
    outer loop
      vertex 7.594166927039623 5.213223004128249 1
      vertex 8.18839992582798 5.162767717029364 1
      vertex 7.594166927039623 5.278428429152282 1
    endloop
  endfacet
  facet normal 0 0 1
    outer loop
      vertex 7.594166927039623 5.278428429152282 1
      vertex 8.18839992582798 5.162767717029364 1
      vertex 7.823665000498295 7.257142857994349 1
    endloop
  endfacet
  facet normal 0 0 1
    outer loop
      vertex 8.24377192556858 5.162767717029364 1
      vertex 7.823665000498295 7.257142857994349 1
      vertex 8.18839992582798 5.162767717029364 1
    endloop
  endfacet
  facet normal 0 0 1
    outer loop
      vertex 8.67190707474947 4.018588432456763 1
      vertex 8.78880149871111 5.213223004128249 1
      vertex 8.24377192556858 5.162767717029364 1
    endloop
  endfacet
  facet normal 0 0 1
    outer loop
      vertex 8.78880149871111 5.278428429152282 1
      vertex 8.24377192556858 5.162767717029364 1
      vertex 8.78880149871111 5.213223004128249 1
    endloop
  endfacet
  facet normal 0 0 1
    outer loop
      vertex 8.67190707474947 4.018588432456763 1
      vertex 9.045922070741653 5.18121899792126 1
      vertex 8.78880149871111 5.213223004128249 1
    endloop
  endfacet
  facet normal 0 0 1
    outer loop
      vertex 8.24377192556858 5.162767717029364 1
      vertex 8.78880149871111 5.278428429152282 1
      vertex 8.483121573925018 7.257142857994349 1
    endloop
  endfacet
  facet normal 0 0 1
    outer loop
      vertex 9.335046641528606 5.278428429152282 1
      vertex 8.662790283560753 7.257142857994349 1
      vertex 8.78880149871111 5.278428429152282 1
    endloop
  endfacet
  facet normal 0 0 1
    outer loop
      vertex 8.652222074568272 3.5904351411121205 1
      vertex 9.335046641528606 5.213223004128249 1
      vertex 9.191101215779781 5.18121899792126 1
    endloop
  endfacet
  facet normal 0 0 1
    outer loop
      vertex 8.652222074568272 3.5904351411121205 1
      vertex 9.34259407222271 5.213223004128249 1
      vertex 9.335046641528606 5.213223004128249 1
    endloop
  endfacet
  facet normal 0 0 1
    outer loop
      vertex 8.652222074568272 3.5904351411121205 1
      vertex 9.486539497971535 5.18121899792126 1
      vertex 9.34259407222271 5.213223004128249 1
    endloop
  endfacet
  facet normal 0 0 1
    outer loop
      vertex 8.652222074568272 3.5904351411121205 1
      vertex 10.032784640789032 3.5904351411121205 1
      vertex 9.486539497971535 5.18121899792126 1
    endloop
  endfacet
  facet normal 0 0 1
    outer loop
      vertex 9.335046641528606 5.213223004128249 1
      vertex 9.34259407222271 5.278428429152282 1
      vertex 9.335046641528606 5.278428429152282 1
    endloop
  endfacet
  facet normal 0 0 1
    outer loop
      vertex 9.34259407222271 5.278428429152282 1
      vertex 9.335046641528606 5.213223004128249 1
      vertex 9.34259407222271 5.213223004128249 1
    endloop
  endfacet
  facet normal 0 0 1
    outer loop
      vertex 9.335046641528606 5.278428429152282 1
      vertex 9.34259407222271 5.278428429152282 1
      vertex 9.322246856987476 7.257142857994349 1
    endloop
  endfacet
  facet normal 0 0 1
    outer loop
      vertex 9.34259407222271 5.278428429152282 1
      vertex 9.972514070570469 5.278428429152282 1
      vertex 9.501915574073792 7.257142857994349 1
    endloop
  endfacet
  facet normal 0 0 1
    outer loop
      vertex 10.122609928250313 4.018588432456763 1
      vertex 9.972514070570469 5.213223004128249 1
      vertex 9.730143643915653 5.18121899792126 1
    endloop
  endfacet
  facet normal 0 0 1
    outer loop
      vertex 10.122609928250313 4.018588432456763 1
      vertex 10.566747069358826 5.162767717029364 1
      vertex 9.972514070570469 5.213223004128249 1
    endloop
  endfacet
  facet normal 0 0 1
    outer loop
      vertex 9.972514070570469 5.213223004128249 1
      vertex 10.566747069358826 5.162767717029364 1
      vertex 9.972514070570469 5.278428429152282 1
    endloop
  endfacet
  facet normal 0 0 1
    outer loop
      vertex 5.675387427210808 11.0794800011175 1
      vertex 5.077934071421623 5.278428429152282 1
      vertex 5.17033564299345 5.278428429152282 1
    endloop
  endfacet
  facet normal 0 0 1
    outer loop
      vertex 5.8679103553295135 5.278428429152282 1
      vertex 5.675387427210808 11.0794800011175 1
      vertex 5.17033564299345 5.278428429152282 1
    endloop
  endfacet
  facet normal 0 0 1
    outer loop
      vertex 5.8679103553295135 5.278428429152282 1
      vertex 7.823665000498295 7.322348283018382 1
      vertex 5.675387427210808 11.0794800011175 1
    endloop
  endfacet
  facet normal 0 0 1
    outer loop
      vertex 5.8679103553295135 5.278428429152282 1
      vertex 7.823665000498295 7.257142857994349 1
      vertex 7.823665000498295 7.322348283018382 1
    endloop
  endfacet
  facet normal 0 0 1
    outer loop
      vertex 7.823665000498295 7.322348283018382 1
      vertex 7.823665000498295 8.841794432486804 1
      vertex 5.943597823381424 10.915704430426867 1
    endloop
  endfacet
  facet normal 0 0 1
    outer loop
      vertex 5.746593609452248 11.377226964916499 1
      vertex 6.78389785438776 12.130786002959521 1
      vertex 5.708607003092766 11.694032998170169 1
    endloop
  endfacet
  facet normal 0 0 1
    outer loop
      vertex 6.047102823853493 11.003202894117148 1
      vertex 6.78389785438776 12.130786002959521 1
      vertex 5.860553428530693 11.145302289511474 1
    endloop
  endfacet
  facet normal 0 0 1
    outer loop
      vertex 6.302858144044876 10.955836431469233 1
      vertex 6.78389785438776 12.130786002959521 1
      vertex 6.047102823853493 11.003202894117148 1
    endloop
  endfacet
  facet normal 0 0 1
    outer loop
      vertex 5.860553428530693 11.145302289511474 1
      vertex 6.78389785438776 12.130786002959521 1
      vertex 5.746593609452248 11.377226964916499 1
    endloop
  endfacet
  facet normal 0 0 1
    outer loop
      vertex 5.708607003092766 11.694032998170169 1
      vertex 6.78389785438776 12.130786002959521 1
      vertex 5.744901783764362 12.032977857972892 1
    endloop
  endfacet
  facet normal 0 0 1
    outer loop
      vertex 5.744901783764362 12.032977857972892 1
      vertex 6.78389785438776 12.130786002959521 1
      vertex 5.853786140680313 12.26981471606663 1
    endloop
  endfacet
  facet normal 0 0 1
    outer loop
      vertex 5.853786140680313 12.26981471606663 1
      vertex 6.78389785438776 12.130786002959521 1
      vertex 6.041718930006027 12.40915186085871 1
    endloop
  endfacet
  facet normal 0 0 1
    outer loop
      vertex 6.041718930006027 12.40915186085871 1
      vertex 6.78389785438776 12.130786002959521 1
      vertex 6.315159000456333 12.455597573305877 1
    endloop
  endfacet
  facet normal 0 0 1
    outer loop
      vertex 5.675387427210808 11.0794800011175 1
      vertex 7.823665000498295 7.322348283018382 1
      vertex 5.943597823381424 10.915704430426867 1
    endloop
  endfacet
  facet normal 0 0 1
    outer loop
      vertex 5.943597823381424 10.915704430426867 1
      vertex 7.823665000498295 8.906999857510836 1
      vertex 6.300390712916851 10.86111257352999 1
    endloop
  endfacet
  facet normal 0 0 1
    outer loop
      vertex 6.300390712916851 10.86111257352999 1
      vertex 7.823665000498295 8.906999857510836 1
      vertex 6.601503178477287 10.880489142026217 1
    endloop
  endfacet
  facet normal 0 0 1
    outer loop
      vertex 7.1174361407756805 10.950919711376937 1
      vertex 6.882322855293751 10.93861885496548 1
      vertex 7.1174361407756805 10.885714286352904 1
    endloop
  endfacet
  facet normal 0 0 1
    outer loop
      vertex 7.823665000498295 8.906999857510836 1
      vertex 5.943597823381424 10.915704430426867 1
      vertex 7.823665000498295 8.841794432486804 1
    endloop
  endfacet
  facet normal 0 0 1
    outer loop
      vertex 6.601503178477287 10.880489142026217 1
      vertex 7.823665000498295 8.906999857510836 1
      vertex 6.882322855293751 10.93861885496548 1
    endloop
  endfacet
  facet normal 0 0 1
    outer loop
      vertex 6.882322855293751 10.93861885496548 1
      vertex 7.823665000498295 8.906999857510836 1
      vertex 7.1174361407756805 10.885714286352904 1
    endloop
  endfacet
  facet normal 0 0 1
    outer loop
      vertex 7.1174361407756805 10.885714286352904 1
      vertex 7.823665000498295 8.906999857510836 1
      vertex 7.812561571598053 10.885714286352904 1
    endloop
  endfacet
  facet normal 0 0 1
    outer loop
      vertex 6.882322855293751 10.93861885496548 1
      vertex 7.1174361407756805 10.950919711376937 1
      vertex 7.3130524307489395 10.984139287258895 1
    endloop
  endfacet
  facet normal 0 0 1
    outer loop
      vertex 6.439106464385986 10.964295537556918 1
      vertex 6.865105286240578 12.130786002959521 1
      vertex 6.302858144044876 10.955836431469233 1
    endloop
  endfacet
  facet normal 0 0 1
    outer loop
      vertex 6.567362859845161 10.989672855819972 1
      vertex 6.865105286240578 12.130786002959521 1
      vertex 6.439106464385986 10.964295537556918 1
    endloop
  endfacet
  facet normal 0 0 1
    outer loop
      vertex 6.67870557308197 11.029197075750144 1
      vertex 6.865105286240578 12.130786002959521 1
      vertex 6.567362859845161 10.989672855819972 1
    endloop
  endfacet
  facet normal 0 0 1
    outer loop
      vertex 6.302858144044876 10.955836431469233 1
      vertex 6.865105286240578 12.130786002959521 1
      vertex 6.78389785438776 12.130786002959521 1
    endloop
  endfacet
  facet normal 0 0 1
    outer loop
      vertex 6.764212854206562 11.08009685703686 1
      vertex 6.865105286240578 12.130786002959521 1
      vertex 6.67870557308197 11.029197075750144 1
    endloop
  endfacet
  facet normal 0 0 1
    outer loop
      vertex 6.764212854206562 11.08009685703686 1
      vertex 6.809733286499977 11.326168426658423 1
      vertex 6.865105286240578 12.130786002959521 1
    endloop
  endfacet
  facet normal 0 0 1
    outer loop
      vertex 6.889706999063492 11.326168426658423 1
      vertex 7.101434141397476 12.470365860845359 1
      vertex 6.809733286499977 11.326168426658423 1
    endloop
  endfacet
  facet normal 0 0 1
    outer loop
      vertex 6.882322855293751 10.93861885496548 1
      vertex 7.3130524307489395 12.43836185463837 1
      vertex 6.889706999063492 11.326168426658423 1
    endloop
  endfacet
  facet normal 0 0 1
    outer loop
      vertex 6.746995285153389 12.344871715988429 1
      vertex 6.547060996294022 12.426677854146273 1
      vertex 6.78389785438776 12.130786002959521 1
    endloop
  endfacet
  facet normal 0 0 1
    outer loop
      vertex 6.315159000456333 12.455597573305877 1
      vertex 6.78389785438776 12.130786002959521 1
      vertex 6.432189501821995 12.44836764165333 1
    endloop
  endfacet
  facet normal 0 0 1
    outer loop
      vertex 6.432189501821995 12.44836764165333 1
      vertex 6.78389785438776 12.130786002959521 1
      vertex 6.547060996294022 12.426677854146273 1
    endloop
  endfacet
  facet normal 0 0 1
    outer loop
      vertex 6.746995285153389 12.344871715988429 1
      vertex 6.65394964069128 12.391775534834178 1
      vertex 6.547060996294022 12.426677854146273 1
    endloop
  endfacet
  facet normal 0 0 1
    outer loop
      vertex 6.809733286499977 11.326168426658423 1
      vertex 7.101434141397476 12.470365860845359 1
      vertex 6.865105286240578 12.130786002959521 1
    endloop
  endfacet
  facet normal 0 0 1
    outer loop
      vertex 6.865105286240578 12.130786002959521 1
      vertex 7.101434141397476 12.470365860845359 1
      vertex 6.857721142470837 12.491266430701526 1
    endloop
  endfacet
  facet normal 0 0 1
    outer loop
      vertex 7.101434141397476 12.535571285869391 1
      vertex 6.857721142470837 12.491266430701526 1
      vertex 7.101434141397476 12.470365860845359 1
    endloop
  endfacet
  facet normal 0 0 1
    outer loop
      vertex 6.882322855293751 10.93861885496548 1
      vertex 7.3130524307489395 10.984139287258895 1
      vertex 7.3130524307489395 12.43836185463837 1
    endloop
  endfacet
  facet normal 0 0 1
    outer loop
      vertex 7.550506144762039 10.984139287258895 1
      vertex 7.812561571598053 10.950919711376937 1
      vertex 7.550506144762039 11.532851861204417 1
    endloop
  endfacet
  facet normal 0 0 1
    outer loop
      vertex 7.3130524307489395 12.43836185463837 1
      vertex 7.101434141397476 12.470365860845359 1
      vertex 6.889706999063492 11.326168426658423 1
    endloop
  endfacet
  facet normal 0 0 1
    outer loop
      vertex 7.671065427362919 12.42482728638819 1
      vertex 7.550506144762039 12.42482728638819 1
      vertex 7.550506144762039 11.643595860685618 1
    endloop
  endfacet
  facet normal 0 0 1
    outer loop
      vertex 7.823665000498295 7.257142857994349 1
      vertex 8.24377192556858 5.162767717029364 1
      vertex 8.483121573925018 7.257142857994349 1
    endloop
  endfacet
  facet normal 0 0 1
    outer loop
      vertex 8.035283282399178 7.35556785890034 1
      vertex 8.035283282399178 8.809790426279815 1
      vertex 7.823665000498295 7.322348283018382 1
    endloop
  endfacet
  facet normal 0 0 1
    outer loop
      vertex 8.78880149871111 5.278428429152282 1
      vertex 8.662790283560753 7.257142857994349 1
      vertex 8.483121573925018 7.257142857994349 1
    endloop
  endfacet
  facet normal 0 0 1
    outer loop
      vertex 8.271503284573555 7.35556785890034 1
      vertex 8.483121573925018 7.322348283018382 1
      vertex 8.662790283560753 7.322348283018382 1
    endloop
  endfacet
  facet normal 0 0 1
    outer loop
      vertex 8.483121573925018 7.257142857994349 1
      vertex 8.662790283560753 7.322348283018382 1
      vertex 8.483121573925018 7.322348283018382 1
    endloop
  endfacet
  facet normal 0 0 1
    outer loop
      vertex 8.662790283560753 7.322348283018382 1
      vertex 8.483121573925018 7.257142857994349 1
      vertex 8.662790283560753 7.257142857994349 1
    endloop
  endfacet
  facet normal 0 0 1
    outer loop
      vertex 8.271503284573555 7.35556785890034 1
      vertex 8.662790283560753 7.322348283018382 1
      vertex 8.874408572912216 8.809790426279815 1
    endloop
  endfacet
  facet normal 0 0 1
    outer loop
      vertex 8.874408572912216 7.35556785890034 1
      vertex 8.874408572912216 8.809790426279815 1
      vertex 8.662790283560753 7.322348283018382 1
    endloop
  endfacet
  facet normal 0 0 1
    outer loop
      vertex 8.035283282399178 8.809790426279815 1
      vertex 7.823665000498295 8.841794432486804 1
      vertex 7.823665000498295 7.322348283018382 1
    endloop
  endfacet
  facet normal 0 0 1
    outer loop
      vertex 8.271503284573555 7.35556785890034 1
      vertex 8.483121573925018 8.841794432486804 1
      vertex 8.271503284573555 8.809790426279815 1
    endloop
  endfacet
  facet normal 0 0 1
    outer loop
      vertex 8.271503284573555 7.35556785890034 1
      vertex 8.662790283560753 8.841794432486804 1
      vertex 8.483121573925018 8.841794432486804 1
    endloop
  endfacet
  facet normal 0 0 1
    outer loop
      vertex 8.271503284573555 7.35556785890034 1
      vertex 8.874408572912216 8.809790426279815 1
      vertex 8.662790283560753 8.841794432486804 1
    endloop
  endfacet
  facet normal 0 0 1
    outer loop
      vertex 8.483121573925018 8.841794432486804 1
      vertex 8.662790283560753 8.906999857510836 1
      vertex 8.483121573925018 8.906999857510836 1
    endloop
  endfacet
  facet normal 0 0 1
    outer loop
      vertex 8.662790283560753 8.906999857510836 1
      vertex 8.483121573925018 8.841794432486804 1
      vertex 8.662790283560753 8.841794432486804 1
    endloop
  endfacet
  facet normal 0 0 1
    outer loop
      vertex 8.662790283560753 7.257142857994349 1
      vertex 9.335046641528606 5.278428429152282 1
      vertex 9.322246856987476 7.257142857994349 1
    endloop
  endfacet
  facet normal 0 0 1
    outer loop
      vertex 9.34259407222271 5.278428429152282 1
      vertex 9.501915574073792 7.257142857994349 1
      vertex 9.322246856987476 7.257142857994349 1
    endloop
  endfacet
  facet normal 0 0 1
    outer loop
      vertex 9.110628575086594 7.35556785890034 1
      vertex 9.322246856987476 7.322348283018382 1
      vertex 9.501915574073792 7.322348283018382 1
    endloop
  endfacet
  facet normal 0 0 1
    outer loop
      vertex 9.322246856987476 7.257142857994349 1
      vertex 9.501915574073792 7.322348283018382 1
      vertex 9.322246856987476 7.322348283018382 1
    endloop
  endfacet
  facet normal 0 0 1
    outer loop
      vertex 9.501915574073792 7.322348283018382 1
      vertex 9.322246856987476 7.257142857994349 1
      vertex 9.501915574073792 7.257142857994349 1
    endloop
  endfacet
  facet normal 0 0 1
    outer loop
      vertex 9.110628575086594 7.35556785890034 1
      vertex 9.501915574073792 7.322348283018382 1
      vertex 9.713533855974674 8.809790426279815 1
    endloop
  endfacet
  facet normal 0 0 1
    outer loop
      vertex 9.972514070570469 5.278428429152282 1
      vertex 10.161372140049934 7.257142857994349 1
      vertex 9.501915574073792 7.257142857994349 1
    endloop
  endfacet
  facet normal 0 0 1
    outer loop
      vertex 9.972514070570469 5.278428429152282 1
      vertex 10.34104085713625 7.257142857994349 1
      vertex 10.161372140049934 7.257142857994349 1
    endloop
  endfacet
  facet normal 0 0 1
    outer loop
      vertex 9.713533855974674 7.35556785890034 1
      vertex 9.713533855974674 8.809790426279815 1
      vertex 9.501915574073792 7.322348283018382 1
    endloop
  endfacet
  facet normal 0 0 1
    outer loop
      vertex 9.949753858149052 7.35556785890034 1
      vertex 10.161372140049934 7.322348283018382 1
      vertex 10.34104085713625 7.322348283018382 1
    endloop
  endfacet
  facet normal 0 0 1
    outer loop
      vertex 10.161372140049934 7.257142857994349 1
      vertex 10.34104085713625 7.322348283018382 1
      vertex 10.161372140049934 7.322348283018382 1
    endloop
  endfacet
  facet normal 0 0 1
    outer loop
      vertex 9.110628575086594 7.35556785890034 1
      vertex 9.322246856987476 8.841794432486804 1
      vertex 9.110628575086594 8.809790426279815 1
    endloop
  endfacet
  facet normal 0 0 1
    outer loop
      vertex 9.110628575086594 7.35556785890034 1
      vertex 9.501915574073792 8.841794432486804 1
      vertex 9.322246856987476 8.841794432486804 1
    endloop
  endfacet
  facet normal 0 0 1
    outer loop
      vertex 9.110628575086594 7.35556785890034 1
      vertex 9.713533855974674 8.809790426279815 1
      vertex 9.501915574073792 8.841794432486804 1
    endloop
  endfacet
  facet normal 0 0 1
    outer loop
      vertex 9.322246856987476 8.841794432486804 1
      vertex 9.501915574073792 8.906999857510836 1
      vertex 9.322246856987476 8.906999857510836 1
    endloop
  endfacet
  facet normal 0 0 1
    outer loop
      vertex 9.501915574073792 8.906999857510836 1
      vertex 9.322246856987476 8.841794432486804 1
      vertex 9.501915574073792 8.841794432486804 1
    endloop
  endfacet
  facet normal 0 0 1
    outer loop
      vertex 9.949753858149052 7.35556785890034 1
      vertex 10.161372140049934 8.841794432486804 1
      vertex 9.949753858149052 8.809790426279815 1
    endloop
  endfacet
  facet normal 0 0 1
    outer loop
      vertex 9.949753858149052 7.35556785890034 1
      vertex 10.34104085713625 8.841794432486804 1
      vertex 10.161372140049934 8.841794432486804 1
    endloop
  endfacet
  facet normal 0 0 1
    outer loop
      vertex 10.161372140049934 8.841794432486804 1
      vertex 10.34104085713625 8.906999857510836 1
      vertex 10.161372140049934 8.906999857510836 1
    endloop
  endfacet
  facet normal 0 0 1
    outer loop
      vertex 8.483121573925018 8.906999857510836 1
      vertex 7.812561571598053 10.885714286352904 1
      vertex 7.823665000498295 8.906999857510836 1
    endloop
  endfacet
  facet normal 0 0 1
    outer loop
      vertex 8.483121573925018 8.906999857510836 1
      vertex 8.502842858433723 10.885714286352904 1
      vertex 7.812561571598053 10.885714286352904 1
    endloop
  endfacet
  facet normal 0 0 1
    outer loop
      vertex 7.812561571598053 10.885714286352904 1
      vertex 8.502842858433723 10.950919711376937 1
      vertex 7.812561571598053 10.950919711376937 1
    endloop
  endfacet
  facet normal 0 0 1
    outer loop
      vertex 8.502842858433723 10.950919711376937 1
      vertex 7.812561571598053 10.885714286352904 1
      vertex 8.502842858433723 10.885714286352904 1
    endloop
  endfacet
  facet normal 0 0 1
    outer loop
      vertex 8.502842858433723 10.885714286352904 1
      vertex 8.483121573925018 8.906999857510836 1
      vertex 9.065090000629425 10.885714286352904 1
    endloop
  endfacet
  facet normal 0 0 1
    outer loop
      vertex 7.550506144762039 11.532851861204417 1
      vertex 7.812561571598053 10.950919711376937 1
      vertex 7.736270859837532 11.532851861204417 1
    endloop
  endfacet
  facet normal 0 0 1
    outer loop
      vertex 7.736270859837532 11.532851861204417 1
      vertex 7.812561571598053 10.950919711376937 1
      vertex 7.989567823708057 11.565762997950824 1
    endloop
  endfacet
  facet normal 0 0 1
    outer loop
      vertex 7.67844957113266 11.643595860685618 1
      vertex 7.859147891402245 11.667276823307784 1
      vertex 7.550506144762039 11.643595860685618 1
    endloop
  endfacet
  facet normal 0 0 1
    outer loop
      vertex 7.859147891402245 11.667276823307784 1
      vertex 7.985408574342728 11.738319718624862 1
      vertex 7.550506144762039 11.643595860685618 1
    endloop
  endfacet
  facet normal 0 0 1
    outer loop
      vertex 7.985408574342728 11.738319718624862 1
      vertex 8.059689961373806 11.862893105830462 1
      vertex 7.550506144762039 11.643595860685618 1
    endloop
  endfacet
  facet normal 0 0 1
    outer loop
      vertex 8.059689961373806 11.862893105830462 1
      vertex 8.08445043116808 12.047129289593013 1
      vertex 7.550506144762039 11.643595860685618 1
    endloop
  endfacet
  facet normal 0 0 1
    outer loop
      vertex 7.812561571598053 10.950919711376937 1
      vertex 8.502842858433723 10.950919711376937 1
      vertex 7.989567823708057 11.565762997950824 1
    endloop
  endfacet
  facet normal 0 0 1
    outer loop
      vertex 7.989567823708057 11.565762997950824 1
      vertex 8.502842858433723 10.950919711376937 1
      vertex 8.17610814422369 11.664496430541785 1
    endloop
  endfacet
  facet normal 0 0 1
    outer loop
      vertex 7.86268574744463 12.402987824167521 1
      vertex 7.671065427362919 12.42482728638819 1
      vertex 7.550506144762039 11.643595860685618 1
    endloop
  endfacet
  facet normal 0 0 1
    outer loop
      vertex 7.9897084310650826 12.337469430054934 1
      vertex 7.86268574744463 12.402987824167521 1
      vertex 7.550506144762039 11.643595860685618 1
    endloop
  endfacet
  facet normal 0 0 1
    outer loop
      vertex 8.08445043116808 12.047129289593013 1
      vertex 8.06076493114233 12.221214534129412 1
      vertex 7.550506144762039 11.643595860685618 1
    endloop
  endfacet
  facet normal 0 0 1
    outer loop
      vertex 8.06076493114233 12.221214534129412 1
      vertex 7.9897084310650826 12.337469430054934 1
      vertex 7.550506144762039 11.643595860685618 1
    endloop
  endfacet
  facet normal 0 0 1
    outer loop
      vertex 8.714461140334606 10.984139287258895 1
      vertex 8.17610814422369 11.664496430541785 1
      vertex 8.502842858433723 10.950919711376937 1
    endloop
  endfacet
  facet normal 0 0 1
    outer loop
      vertex 8.17610814422369 11.664496430541785 1
      vertex 8.714461140334606 10.984139287258895 1
      vertex 8.290993250906467 11.826593787755282 1
    endloop
  endfacet
  facet normal 0 0 1
    outer loop
      vertex 8.290993250906467 11.826593787755282 1
      vertex 8.714461140334606 10.984139287258895 1
      vertex 8.32928828895092 12.049596713270457 1
    endloop
  endfacet
  facet normal 0 0 1
    outer loop
      vertex 8.714461140334606 10.984139287258895 1
      vertex 8.714461140334606 12.43836185463837 1
      vertex 8.32928828895092 12.049596713270457 1
    endloop
  endfacet
  facet normal 0 0 1
    outer loop
      vertex 9.065090000629425 10.950919711376937 1
      vertex 8.84363828599453 12.369473428811343 1
      vertex 8.84363828599453 10.984139287258895 1
    endloop
  endfacet
  facet normal 0 0 1
    outer loop
      vertex 8.32928828895092 12.049596713270457 1
      vertex 8.502842858433723 12.470365860845359 1
      vertex 8.177958711981773 12.414077640857013 1
    endloop
  endfacet
  facet normal 0 0 1
    outer loop
      vertex 8.502842858433723 12.535571285869391 1
      vertex 8.177958711981773 12.414077640857013 1
      vertex 8.502842858433723 12.470365860845359 1
    endloop
  endfacet
  facet normal 0 0 1
    outer loop
      vertex 8.502842858433723 12.470365860845359 1
      vertex 8.32928828895092 12.049596713270457 1
      vertex 8.714461140334606 12.43836185463837 1
    endloop
  endfacet
  facet normal 0 0 1
    outer loop
      vertex 8.483121573925018 8.906999857510836 1
      vertex 8.662790283560753 8.906999857510836 1
      vertex 10.409321501851082 11.341694177474292 1
    endloop
  endfacet
  facet normal 0 0 1
    outer loop
      vertex 8.483121573925018 8.906999857510836 1
      vertex 9.861107856035233 10.885714286352904 1
      vertex 9.065090000629425 10.885714286352904 1
    endloop
  endfacet
  facet normal 0 0 1
    outer loop
      vertex 9.322246856987476 8.906999857510836 1
      vertex 10.409321501851082 11.341694177474292 1
      vertex 8.662790283560753 8.906999857510836 1
    endloop
  endfacet
  facet normal 0 0 1
    outer loop
      vertex 8.483121573925018 8.906999857510836 1
      vertex 9.980451568961143 10.885714286352904 1
      vertex 9.861107856035233 10.885714286352904 1
    endloop
  endfacet
  facet normal 0 0 1
    outer loop
      vertex 9.065090000629425 10.885714286352904 1
      vertex 9.861107856035233 10.885714286352904 1
      vertex 9.065090000629425 10.950919711376937 1
    endloop
  endfacet
  facet normal 0 0 1
    outer loop
      vertex 9.322246856987476 8.906999857510836 1
      vertex 9.501915574073792 8.906999857510836 1
      vertex 10.577260859310627 11.0794800011175 1
    endloop
  endfacet
  facet normal 0 0 1
    outer loop
      vertex 9.501915574073792 8.906999857510836 1
      vertex 10.161372140049934 8.906999857510836 1
      vertex 10.577260859310627 11.0794800011175 1
    endloop
  endfacet
  facet normal 0 0 1
    outer loop
      vertex 8.483121573925018 8.906999857510836 1
      vertex 10.409321501851082 11.341694177474292 1
      vertex 9.980451568961143 10.885714286352904 1
    endloop
  endfacet
  facet normal 0 0 1
    outer loop
      vertex 9.322246856987476 8.906999857510836 1
      vertex 10.577260859310627 11.0794800011175 1
      vertex 10.409321501851082 11.341694177474292 1
    endloop
  endfacet
  facet normal 0 0 1
    outer loop
      vertex 9.065090000629425 10.950919711376937 1
      vertex 9.861107856035233 10.885714286352904 1
      vertex 8.84363828599453 12.369473428811343 1
    endloop
  endfacet
  facet normal 0 0 1
    outer loop
      vertex 9.851256288588047 11.313867570246966 1
      vertex 9.629804573953152 12.470365860845359 1
      vertex 9.002351999282837 12.535571285869391 1
    endloop
  endfacet
  facet normal 0 0 1
    outer loop
      vertex 9.629804573953152 12.535571285869391 1
      vertex 9.002351999282837 12.535571285869391 1
      vertex 9.629804573953152 12.470365860845359 1
    endloop
  endfacet
  facet normal 0 0 1
    outer loop
      vertex 10.353341713547707 11.691565574492724 1
      vertex 9.980451568961143 10.885714286352904 1
      vertex 10.409321501851082 11.341694177474292 1
    endloop
  endfacet
  facet normal 0 0 1
    outer loop
      vertex 9.980451568961143 10.885714286352904 1
      vertex 10.353341713547707 11.691565574492724 1
      vertex 10.40716703236103 12.065426358367713 1
    endloop
  endfacet
  facet normal 0 0 1
    outer loop
      vertex 9.980451568961143 10.885714286352904 1
      vertex 10.40716703236103 12.065426358367713 1
      vertex 9.980451568961143 12.43836185463837 1
    endloop
  endfacet
  facet normal 0 0 1
    outer loop
      vertex 9.851256288588047 11.313867570246966 1
      vertex 9.851256288588047 12.43836185463837 1
      vertex 9.629804573953152 12.470365860845359 1
    endloop
  endfacet
  facet normal 0 0 1
    outer loop
      vertex 9.980451568961143 12.43836185463837 1
      vertex 10.40716703236103 12.065426358367713 1
      vertex 10.192069858312607 12.470365860845359 1
    endloop
  endfacet
  facet normal -1 0 0
    outer loop
      vertex 0 0 0
      vertex 0 25.4 1
      vertex 0 25.4 0
    endloop
  endfacet
  facet normal 0 0 -1
    outer loop
      vertex 0 0 0
      vertex 0 25.4 0
      vertex 20.5 25.4 0
    endloop
  endfacet
  facet normal 0 1 0
    outer loop
      vertex 0 25.4 0
      vertex 0 25.4 1
      vertex 20.5 25.4 0
    endloop
  endfacet
  facet normal 0 0 1
    outer loop
      vertex 0 0 1
      vertex 2.0002015605568886 18.260226914073737 1
      vertex 1.2199246808886528 21.925184064890654 1
    endloop
  endfacet
  facet normal 0 0 1
    outer loop
      vertex 0 0 1
      vertex 1.2199246808886528 21.925184064890654 1
      vertex 1.1557066068053246 22.046970532621653 1
    endloop
  endfacet
  facet normal 0 0 1
    outer loop
      vertex 0 0 1
      vertex 1.1557066068053246 22.046970532621653 1
      vertex 1.1171757578849792 22.178432279612334 1
    endloop
  endfacet
  facet normal 0 0 1
    outer loop
      vertex 0 0 1
      vertex 1.1171757578849792 22.178432279612334 1
      vertex 1.1043321415781975 22.319569283510955 1
    endloop
  endfacet
  facet normal 0 0 1
    outer loop
      vertex 0 0 1
      vertex 1.1043321415781975 22.319569283510955 1
      vertex 0 25.4 1
    endloop
  endfacet
  facet normal 0 0 1
    outer loop
      vertex 5.505293607711792 12.065426358367713 1
      vertex 2.0002015605568886 18.142857143070014 1
      vertex 5.451468288898468 11.691565574492724 1
    endloop
  endfacet
  facet normal 0 0 1
    outer loop
      vertex 5.6667695716023445 12.335636997010024 1
      vertex 2.0002015605568886 18.142857143070014 1
      vertex 5.505293607711792 12.065426358367713 1
    endloop
  endfacet
  facet normal 0 0 1
    outer loop
      vertex 5.6667695716023445 12.335636997010024 1
      vertex 5.507448069751263 14.970265605832846 1
      vertex 2.0002015605568886 18.142857143070014 1
    endloop
  endfacet
  facet normal 0 0 1
    outer loop
      vertex 2.0002015605568886 18.142857143070014 1
      vertex 5.451468288898468 15.320137002851279 1
      vertex 3.0122464150190353 18.142857143070014 1
    endloop
  endfacet
  facet normal 0 0 1
    outer loop
      vertex 2.6136333271861076 20.696253829981597 1
      vertex 3.0122464150190353 18.260226914073737 1
      vertex 3.7009855583310127 18.142857143070014 1
    endloop
  endfacet
  facet normal 0 0 1
    outer loop
      vertex 3.0122464150190353 18.142857143070014 1
      vertex 3.7009855583310127 18.142857143070014 1
      vertex 3.0122464150190353 18.260226914073737 1
    endloop
  endfacet
  facet normal 0 0 1
    outer loop
      vertex 5.451468288898468 15.320137002851279 1
      vertex 2.0002015605568886 18.142857143070014 1
      vertex 5.507448069751263 14.970265605832846 1
    endloop
  endfacet
  facet normal 0 0 1
    outer loop
      vertex 3.0122464150190353 18.142857143070014 1
      vertex 5.505293607711792 15.693997786726268 1
      vertex 3.7009855583310127 18.142857143070014 1
    endloop
  endfacet
  facet normal 0 0 1
    outer loop
      vertex 3.7009855583310127 18.142857143070014 1
      vertex 5.505293607711792 15.693997786726268 1
      vertex 3.7784809544682503 18.142857143070014 1
    endloop
  endfacet
  facet normal 0 0 1
    outer loop
      vertex 5.505293607711792 15.693997786726268 1
      vertex 3.0122464150190353 18.142857143070014 1
      vertex 5.451468288898468 15.320137002851279 1
    endloop
  endfacet
  facet normal 0 0 1
    outer loop
      vertex 5.6667695716023445 15.964208425368579 1
      vertex 3.7784809544682503 18.142857143070014 1
      vertex 5.505293607711792 15.693997786726268 1
    endloop
  endfacet
  facet normal 0 0 1
    outer loop
      vertex 4.5646690130233765 18.260226914073737 1
      vertex 3.7784809544682503 18.142857143070014 1
      vertex 4.5646690130233765 18.142857143070014 1
    endloop
  endfacet
  facet normal 0 0 1
    outer loop
      vertex 4.963282100856304 20.696253829981597 1
      vertex 3.7784809544682503 18.142857143070014 1
      vertex 4.5646690130233765 18.260226914073737 1
    endloop
  endfacet
  facet normal 0 0 1
    outer loop
      vertex 1.3098299950361252 21.813072854067595 1
      vertex 2.0002015605568886 18.260226914073737 1
      vertex 1.4191352650523186 21.71924691775015 1
    endloop
  endfacet
  facet normal 0 0 1
    outer loop
      vertex 1.4191352650523186 21.71924691775015 1
      vertex 2.0002015605568886 18.260226914073737 1
      vertex 1.5414653569459915 21.652228393937857 1
    endloop
  endfacet
  facet normal 0 0 1
    outer loop
      vertex 2.0002015605568886 18.260226914073737 1
      vertex 2.0002015605568886 20.995229968215735 1
      vertex 1.5414653569459915 21.652228393937857 1
    endloop
  endfacet
  facet normal 0 0 1
    outer loop
      vertex 2.3811144679784775 18.320022144700797 1
      vertex 2.3811144679784775 20.937622771944316 1
      vertex 2.0002015605568886 18.260226914073737 1
    endloop
  endfacet
  facet normal 0 0 1
    outer loop
      vertex 2.3811144679784775 20.937622771944316 1
      vertex 2.0002015605568886 20.995229968215735 1
      vertex 2.0002015605568886 18.260226914073737 1
    endloop
  endfacet
  facet normal 0 0 1
    outer loop
      vertex 1.2199246808886528 21.925184064890654 1
      vertex 2.0002015605568886 18.260226914073737 1
      vertex 1.3098299950361252 21.813072854067595 1
    endloop
  endfacet
  facet normal 0 0 1
    outer loop
      vertex 2.0002015605568886 21.11259974667004 1
      vertex 1.5414653569459915 21.652228393937857 1
      vertex 2.0002015605568886 20.995229968215735 1
    endloop
  endfacet
  facet normal 0 0 1
    outer loop
      vertex 1.5414653569459915 21.652228393937857 1
      vertex 2.0002015605568886 21.11259974667004 1
      vertex 1.6768202632665634 21.612017275180133 1
    endloop
  endfacet
  facet normal 0 0 1
    outer loop
      vertex 1.6768202632665634 21.612017275180133 1
      vertex 2.0002015605568886 21.11259974667004 1
      vertex 1.8251999989151955 21.598613568927558 1
    endloop
  endfacet
  facet normal 0 0 1
    outer loop
      vertex 2.899318017065525 21.11259974667004 1
      vertex 1.973574236035347 21.612017275180133 1
      vertex 2.0002015605568886 21.11259974667004 1
    endloop
  endfacet
  facet normal 0 0 1
    outer loop
      vertex 1.8251999989151955 21.598613568927558 1
      vertex 2.0002015605568886 21.11259974667004 1
      vertex 1.973574236035347 21.612017275180133 1
    endloop
  endfacet
  facet normal 0 0 1
    outer loop
      vertex 1.973574236035347 21.612017275180133 1
      vertex 2.899318017065525 21.11259974667004 1
      vertex 2.1089126765727997 21.652228393937857 1
    endloop
  endfacet
  facet normal 0 0 1
    outer loop
      vertex 2.1089126765727997 21.652228393937857 1
      vertex 2.899318017065525 21.11259974667004 1
      vertex 2.231215313076973 21.71924691775015 1
    endloop
  endfacet
  facet normal 0 0 1
    outer loop
      vertex 2.231215313076973 21.71924691775015 1
      vertex 2.899318017065525 21.11259974667004 1
      vertex 2.3404821380972862 21.813072854067595 1
    endloop
  endfacet
  facet normal 0 0 1
    outer loop
      vertex 2.3404821380972862 21.813072854067595 1
      vertex 2.899318017065525 21.11259974667004 1
      vertex 2.430425889790058 21.925184064890654 1
    endloop
  endfacet
  facet normal 0 0 1
    outer loop
      vertex 0 25.4 1
      vertex 1.1043321415781975 22.319569283510955 1
      vertex 1.117362454533577 22.465516471649916 1
    endloop
  endfacet
  facet normal 0 0 1
    outer loop
      vertex 0 25.4 1
      vertex 1.117362454533577 22.465516471649916 1
      vertex 1.1564533933997154 22.599548035647185 1
    endloop
  endfacet
  facet normal 0 0 1
    outer loop
      vertex 0 25.4 1
      vertex 1.1564533933997154 22.599548035647185 1
      vertex 1.2216049507260323 22.72166397550276 1
    endloop
  endfacet
  facet normal 0 0 1
    outer loop
      vertex 0 25.4 1
      vertex 1.2216049507260323 22.72166397550276 1
      vertex 1.3128171414136887 22.831864283766063 1
    endloop
  endfacet
  facet normal 0 0 1
    outer loop
      vertex 0 25.4 1
      vertex 1.3128171414136887 22.831864283766063 1
      vertex 1.42305588722229 22.92311491199902 1
    endloop
  endfacet
  facet normal 0 0 1
    outer loop
      vertex 0 25.4 1
      vertex 1.42305588722229 22.92311491199902 1
      vertex 1.5451992824673653 22.988293932165416 1
    endloop
  endfacet
  facet normal 0 0 1
    outer loop
      vertex 0 25.4 1
      vertex 1.5451992824673653 22.988293932165416 1
      vertex 1.6792473196983337 23.027401336814673 1
    endloop
  endfacet
  facet normal 0 0 1
    outer loop
      vertex 0 25.4 1
      vertex 1.6792473196983337 23.027401336814673 1
      vertex 1.8251999989151955 23.040437140847953 1
    endloop
  endfacet
  facet normal 0 0 1
    outer loop
      vertex 0 25.4 1
      vertex 1.8251999989151955 23.040437140847953 1
      vertex 1.9711471870541573 23.027401336814673 1
    endloop
  endfacet
  facet normal 0 0 1
    outer loop
      vertex 0 25.4 1
      vertex 1.9711471870541573 23.027401336814673 1
      vertex 2.1051787436008453 22.988293932165416 1
    endloop
  endfacet
  facet normal 0 0 1
    outer loop
      vertex 3.0122464150190353 18.260226914073737 1
      vertex 2.6136333271861076 20.696253829981597 1
      vertex 2.6136333271861076 18.320022144700797 1
    endloop
  endfacet
  facet normal 0 0 1
    outer loop
      vertex 2.430425889790058 21.925184064890654 1
      vertex 2.899318017065525 21.11259974667004 1
      vertex 2.4946714267134666 22.046970532621653 1
    endloop
  endfacet
  facet normal 0 0 1
    outer loop
      vertex 2.4946714267134666 22.046970532621653 1
      vertex 2.899318017065525 21.11259974667004 1
      vertex 2.5332187488675117 22.178432279612334 1
    endloop
  endfacet
  facet normal 0 0 1
    outer loop
      vertex 2.5332187488675117 22.178432279612334 1
      vertex 2.899318017065525 21.11259974667004 1
      vertex 4.918999016284943 21.11259974667004 1
    endloop
  endfacet
  facet normal 0 0 1
    outer loop
      vertex 2.5332187488675117 22.178432279612334 1
      vertex 4.918999016284943 21.11259974667004 1
      vertex 2.5460678562521935 22.319569283510955 1
    endloop
  endfacet
  facet normal 0 0 1
    outer loop
      vertex 2.5460678562521935 22.319569283510955 1
      vertex 4.918999016284943 21.11259974667004 1
      vertex 2.533032052218914 22.465516471649916 1
    endloop
  endfacet
  facet normal 0 0 1
    outer loop
      vertex 2.533032052218914 22.465516471649916 1
      vertex 4.918999016284943 21.11259974667004 1
      vertex 2.4939246401190758 22.599548035647185 1
    endloop
  endfacet
  facet normal 0 0 1
    outer loop
      vertex 2.4939246401190758 22.599548035647185 1
      vertex 5.769391015172005 21.11259974667004 1
      vertex 2.4287456199526787 22.72166397550276 1
    endloop
  endfacet
  facet normal 0 0 1
    outer loop
      vertex 4.918999016284943 21.11259974667004 1
      vertex 2.899318017065525 21.11259974667004 1
      vertex 3.8648590967059135 18.853737832392962 1
    endloop
  endfacet
  facet normal 0 0 1
    outer loop
      vertex 4.963282100856304 18.320022144700797 1
      vertex 4.963282100856304 20.696253829981597 1
      vertex 4.5646690130233765 18.260226914073737 1
    endloop
  endfacet
  facet normal 0 0 1
    outer loop
      vertex 5.769391015172005 21.11259974667004 1
      vertex 2.4939246401190758 22.599548035647185 1
      vertex 4.918999016284943 21.11259974667004 1
    endloop
  endfacet
  facet normal 0 0 1
    outer loop
      vertex 2.4287456199526787 22.72166397550276 1
      vertex 5.769391015172005 21.11259974667004 1
      vertex 7.167116731405258 21.11259974667004 1
    endloop
  endfacet
  facet normal 0 0 1
    outer loop
      vertex 5.934063747525215 12.499426179911406 1
      vertex 5.675387427210808 14.708051429476054 1
      vertex 5.6667695716023445 12.335636997010024 1
    endloop
  endfacet
  facet normal 0 0 1
    outer loop
      vertex 5.6667695716023445 12.335636997010024 1
      vertex 5.675387427210808 14.708051429476054 1
      vertex 5.507448069751263 14.970265605832846 1
    endloop
  endfacet
  facet normal 0 0 1
    outer loop
      vertex 6.305307425558567 12.554022574211867 1
      vertex 5.943597823381424 14.544275858785422 1
      vertex 5.934063747525215 12.499426179911406 1
    endloop
  endfacet
  facet normal 0 0 1
    outer loop
      vertex 6.571980215609074 12.538333536471637 1
      vertex 5.943597823381424 14.544275858785422 1
      vertex 6.305307425558567 12.554022574211867 1
    endloop
  endfacet
  facet normal 0 0 1
    outer loop
      vertex 5.934063747525215 12.499426179911406 1
      vertex 5.943597823381424 14.544275858785422 1
      vertex 5.675387427210808 14.708051429476054 1
    endloop
  endfacet
  facet normal 0 0 1
    outer loop
      vertex 6.047102823853493 14.631774322475703 1
      vertex 6.78389785438776 15.759357431318076 1
      vertex 5.860553428530693 14.773873717870028 1
    endloop
  endfacet
  facet normal 0 0 1
    outer loop
      vertex 6.302858144044876 14.584407859827788 1
      vertex 6.78389785438776 15.759357431318076 1
      vertex 6.047102823853493 14.631774322475703 1
    endloop
  endfacet
  facet normal 0 0 1
    outer loop
      vertex 5.746593609452248 15.005798393275054 1
      vertex 6.78389785438776 15.759357431318076 1
      vertex 5.708607003092766 15.322604426528724 1
    endloop
  endfacet
  facet normal 0 0 1
    outer loop
      vertex 5.708607003092766 15.322604426528724 1
      vertex 6.78389785438776 15.759357431318076 1
      vertex 5.744901783764362 15.661549286331446 1
    endloop
  endfacet
  facet normal 0 0 1
    outer loop
      vertex 5.860553428530693 14.773873717870028 1
      vertex 6.78389785438776 15.759357431318076 1
      vertex 5.746593609452248 15.005798393275054 1
    endloop
  endfacet
  facet normal 0 0 1
    outer loop
      vertex 5.744901783764362 15.661549286331446 1
      vertex 6.78389785438776 15.759357431318076 1
      vertex 5.853786140680313 15.898386144425185 1
    endloop
  endfacet
  facet normal 0 0 1
    outer loop
      vertex 6.857721142470837 12.491266430701526 1
      vertex 5.943597823381424 14.544275858785422 1
      vertex 6.571980215609074 12.538333536471637 1
    endloop
  endfacet
  facet normal 0 0 1
    outer loop
      vertex 6.857721142470837 12.491266430701526 1
      vertex 7.101434141397476 12.535571285869391 1
      vertex 5.943597823381424 14.544275858785422 1
    endloop
  endfacet
  facet normal 0 0 1
    outer loop
      vertex 7.101434141397476 12.535571285869391 1
      vertex 6.300390712916851 14.489684001888545 1
      vertex 5.943597823381424 14.544275858785422 1
    endloop
  endfacet
  facet normal 0 0 1
    outer loop
      vertex 7.101434141397476 12.535571285869391 1
      vertex 6.601503178477287 14.509060570384772 1
      vertex 6.300390712916851 14.489684001888545 1
    endloop
  endfacet
  facet normal 0 0 1
    outer loop
      vertex 7.101434141397476 12.535571285869391 1
      vertex 6.882322855293751 14.567190283324035 1
      vertex 6.601503178477287 14.509060570384772 1
    endloop
  endfacet
  facet normal 0 0 1
    outer loop
      vertex 7.101434141397476 12.535571285869391 1
      vertex 7.1174361407756805 14.514285714711459 1
      vertex 6.882322855293751 14.567190283324035 1
    endloop
  endfacet
  facet normal 0 0 1
    outer loop
      vertex 7.723970003426075 12.535571285869391 1
      vertex 7.1174361407756805 14.514285714711459 1
      vertex 7.101434141397476 12.535571285869391 1
    endloop
  endfacet
  facet normal 0 0 1
    outer loop
      vertex 7.723970003426075 12.535571285869391 1
      vertex 7.812561571598053 14.514285714711459 1
      vertex 7.1174361407756805 14.514285714711459 1
    endloop
  endfacet
  facet normal 0 0 1
    outer loop
      vertex 6.439106464385986 14.592866965915473 1
      vertex 6.865105286240578 15.759357431318076 1
      vertex 6.302858144044876 14.584407859827788 1
    endloop
  endfacet
  facet normal 0 0 1
    outer loop
      vertex 6.567362859845161 14.618244284178527 1
      vertex 6.865105286240578 15.759357431318076 1
      vertex 6.439106464385986 14.592866965915473 1
    endloop
  endfacet
  facet normal 0 0 1
    outer loop
      vertex 6.67870557308197 14.657768504108699 1
      vertex 6.865105286240578 15.759357431318076 1
      vertex 6.567362859845161 14.618244284178527 1
    endloop
  endfacet
  facet normal 0 0 1
    outer loop
      vertex 7.1174361407756805 14.579491139735492 1
      vertex 6.882322855293751 14.567190283324035 1
      vertex 7.1174361407756805 14.514285714711459 1
    endloop
  endfacet
  facet normal 0 0 1
    outer loop
      vertex 6.764212854206562 14.708668285395415 1
      vertex 6.865105286240578 15.759357431318076 1
      vertex 6.67870557308197 14.657768504108699 1
    endloop
  endfacet
  facet normal 0 0 1
    outer loop
      vertex 6.302858144044876 14.584407859827788 1
      vertex 6.865105286240578 15.759357431318076 1
      vertex 6.78389785438776 15.759357431318076 1
    endloop
  endfacet
  facet normal 0 0 1
    outer loop
      vertex 6.764212854206562 14.708668285395415 1
      vertex 6.809733286499977 14.954739855016978 1
      vertex 6.865105286240578 15.759357431318076 1
    endloop
  endfacet
  facet normal 0 0 1
    outer loop
      vertex 6.882322855293751 14.567190283324035 1
      vertex 7.3130524307489395 16.066933282996924 1
      vertex 6.889706999063492 14.954739855016978 1
    endloop
  endfacet
  facet normal 0 0 1
    outer loop
      vertex 6.889706999063492 14.954739855016978 1
      vertex 7.101434141397476 16.098937289203914 1
      vertex 6.809733286499977 14.954739855016978 1
    endloop
  endfacet
  facet normal 0 0 1
    outer loop
      vertex 6.809733286499977 14.954739855016978 1
      vertex 7.101434141397476 16.098937289203914 1
      vertex 6.865105286240578 15.759357431318076 1
    endloop
  endfacet
  facet normal 0 0 1
    outer loop
      vertex 6.882322855293751 14.567190283324035 1
      vertex 7.1174361407756805 14.579491139735492 1
      vertex 7.3130524307489395 14.61271071561745 1
    endloop
  endfacet
  facet normal 0 0 1
    outer loop
      vertex 7.550506144762039 14.61271071561745 1
      vertex 7.812561571598053 14.579491139735492 1
      vertex 7.550506144762039 15.161423289562972 1
    endloop
  endfacet
  facet normal 0 0 1
    outer loop
      vertex 6.882322855293751 14.567190283324035 1
      vertex 7.3130524307489395 14.61271071561745 1
      vertex 7.3130524307489395 16.066933282996924 1
    endloop
  endfacet
  facet normal 0 0 1
    outer loop
      vertex 7.3130524307489395 16.066933282996924 1
      vertex 7.101434141397476 16.098937289203914 1
      vertex 6.889706999063492 14.954739855016978 1
    endloop
  endfacet
  facet normal 0 0 1
    outer loop
      vertex 5.934063747525215 16.12799760826996 1
      vertex 3.7784809544682503 18.142857143070014 1
      vertex 5.6667695716023445 15.964208425368579 1
    endloop
  endfacet
  facet normal 0 0 1
    outer loop
      vertex 6.305307425558567 16.182594002570422 1
      vertex 3.7784809544682503 18.142857143070014 1
      vertex 5.934063747525215 16.12799760826996 1
    endloop
  endfacet
  facet normal 0 0 1
    outer loop
      vertex 3.7784809544682503 18.142857143070014 1
      vertex 7.101434141397476 16.098937289203914 1
      vertex 4.5646690130233765 18.142857143070014 1
    endloop
  endfacet
  facet normal 0 0 1
    outer loop
      vertex 6.571980215609074 16.16690496483019 1
      vertex 3.7784809544682503 18.142857143070014 1
      vertex 6.305307425558567 16.182594002570422 1
    endloop
  endfacet
  facet normal 0 0 1
    outer loop
      vertex 6.857721142470837 16.11983785906008 1
      vertex 3.7784809544682503 18.142857143070014 1
      vertex 6.571980215609074 16.16690496483019 1
    endloop
  endfacet
  facet normal 0 0 1
    outer loop
      vertex 5.853786140680313 15.898386144425185 1
      vertex 6.78389785438776 15.759357431318076 1
      vertex 6.041718930006027 16.037723289217265 1
    endloop
  endfacet
  facet normal 0 0 1
    outer loop
      vertex 6.041718930006027 16.037723289217265 1
      vertex 6.78389785438776 15.759357431318076 1
      vertex 6.315159000456333 16.08416900166443 1
    endloop
  endfacet
  facet normal 0 0 1
    outer loop
      vertex 3.7784809544682503 18.142857143070014 1
      vertex 6.857721142470837 16.11983785906008 1
      vertex 7.101434141397476 16.098937289203914 1
    endloop
  endfacet
  facet normal 0 0 1
    outer loop
      vertex 7.101434141397476 16.164142714227946 1
      vertex 4.5646690130233765 18.142857143070014 1
      vertex 7.101434141397476 16.098937289203914 1
    endloop
  endfacet
  facet normal 0 0 1
    outer loop
      vertex 4.5646690130233765 18.142857143070014 1
      vertex 7.101434141397476 16.164142714227946 1
      vertex 5.769391015172005 18.142857143070014 1
    endloop
  endfacet
  facet normal 0 0 1
    outer loop
      vertex 6.315159000456333 16.08416900166443 1
      vertex 6.78389785438776 15.759357431318076 1
      vertex 6.432189501821995 16.076939070011885 1
    endloop
  endfacet
  facet normal 0 0 1
    outer loop
      vertex 6.432189501821995 16.076939070011885 1
      vertex 6.78389785438776 15.759357431318076 1
      vertex 6.547060996294022 16.05524928250483 1
    endloop
  endfacet
  facet normal 0 0 1
    outer loop
      vertex 6.746995285153389 15.973443144346984 1
      vertex 6.547060996294022 16.05524928250483 1
      vertex 6.78389785438776 15.759357431318076 1
    endloop
  endfacet
  facet normal 0 0 1
    outer loop
      vertex 6.547060996294022 16.05524928250483 1
      vertex 6.746995285153389 15.973443144346984 1
      vertex 6.65394964069128 16.020346963192733 1
    endloop
  endfacet
  facet normal 0 0 1
    outer loop
      vertex 6.865105286240578 15.759357431318076 1
      vertex 7.101434141397476 16.098937289203914 1
      vertex 6.857721142470837 16.11983785906008 1
    endloop
  endfacet
  facet normal 0 0 1
    outer loop
      vertex 5.769391015172005 18.142857143070014 1
      vertex 7.101434141397476 16.164142714227946 1
      vertex 7.723970003426075 16.164142714227946 1
    endloop
  endfacet
  facet normal 0 0 1
    outer loop
      vertex 5.769391015172005 18.142857143070014 1
      vertex 7.723970003426075 16.164142714227946 1
      vertex 5.769391015172005 18.260226914073737 1
    endloop
  endfacet
  facet normal 0 0 1
    outer loop
      vertex 7.195920325815678 18.260226914073737 1
      vertex 5.769391015172005 18.260226914073737 1
      vertex 7.195920325815678 18.142857143070014 1
    endloop
  endfacet
  facet normal 0 0 1
    outer loop
      vertex 7.723970003426075 16.164142714227946 1
      vertex 7.195920325815678 18.142857143070014 1
      vertex 5.769391015172005 18.260226914073737 1
    endloop
  endfacet
  facet normal 0 0 1
    outer loop
      vertex 8.177958711981773 12.414077640857013 1
      vertex 7.812561571598053 14.514285714711459 1
      vertex 7.723970003426075 12.535571285869391 1
    endloop
  endfacet
  facet normal 0 0 1
    outer loop
      vertex 8.177958711981773 12.414077640857013 1
      vertex 8.502842858433723 12.535571285869391 1
      vertex 7.812561571598053 14.514285714711459 1
    endloop
  endfacet
  facet normal 0 0 1
    outer loop
      vertex 9.002351999282837 12.535571285869391 1
      vertex 7.812561571598053 14.514285714711459 1
      vertex 8.502842858433723 12.535571285869391 1
    endloop
  endfacet
  facet normal 0 0 1
    outer loop
      vertex 9.002351999282837 12.535571285869391 1
      vertex 9.629804573953152 12.535571285869391 1
      vertex 7.812561571598053 14.514285714711459 1
    endloop
  endfacet
  facet normal 0 0 1
    outer loop
      vertex 7.812561571598053 14.514285714711459 1
      vertex 9.629804573953152 12.535571285869391 1
      vertex 8.502842858433723 14.514285714711459 1
    endloop
  endfacet
  facet normal 0 0 1
    outer loop
      vertex 7.550506144762039 15.161423289562972 1
      vertex 7.812561571598053 14.579491139735492 1
      vertex 7.736270859837532 15.161423289562972 1
    endloop
  endfacet
  facet normal 0 0 1
    outer loop
      vertex 7.736270859837532 15.161423289562972 1
      vertex 7.812561571598053 14.579491139735492 1
      vertex 7.989567823708057 15.194334426309378 1
    endloop
  endfacet
  facet normal 0 0 1
    outer loop
      vertex 7.812561571598053 14.514285714711459 1
      vertex 8.502842858433723 14.579491139735492 1
      vertex 7.812561571598053 14.579491139735492 1
    endloop
  endfacet
  facet normal 0 0 1
    outer loop
      vertex 8.502842858433723 14.579491139735492 1
      vertex 7.812561571598053 14.514285714711459 1
      vertex 8.502842858433723 14.514285714711459 1
    endloop
  endfacet
  facet normal 0 0 1
    outer loop
      vertex 7.812561571598053 14.579491139735492 1
      vertex 8.502842858433723 14.579491139735492 1
      vertex 7.989567823708057 15.194334426309378 1
    endloop
  endfacet
  facet normal 0 0 1
    outer loop
      vertex 7.989567823708057 15.194334426309378 1
      vertex 8.714461140334606 14.61271071561745 1
      vertex 8.17610814422369 15.29306785890034 1
    endloop
  endfacet
  facet normal 0 0 1
    outer loop
      vertex 7.67844957113266 15.272167289044173 1
      vertex 7.859147891402245 15.295848251666339 1
      vertex 7.550506144762039 15.272167289044173 1
    endloop
  endfacet
  facet normal 0 0 1
    outer loop
      vertex 7.859147891402245 15.295848251666339 1
      vertex 7.985408574342728 15.366891146983416 1
      vertex 7.550506144762039 15.272167289044173 1
    endloop
  endfacet
  facet normal 0 0 1
    outer loop
      vertex 8.059689961373806 15.491464534189017 1
      vertex 7.550506144762039 15.272167289044173 1
      vertex 7.985408574342728 15.366891146983416 1
    endloop
  endfacet
  facet normal 0 0 1
    outer loop
      vertex 7.550506144762039 15.272167289044173 1
      vertex 8.059689961373806 15.491464534189017 1
      vertex 7.550506144762039 16.053398714746745 1
    endloop
  endfacet
  facet normal 0 0 1
    outer loop
      vertex 8.059689961373806 15.491464534189017 1
      vertex 7.671065427362919 16.053398714746745 1
      vertex 7.550506144762039 16.053398714746745 1
    endloop
  endfacet
  facet normal 0 0 1
    outer loop
      vertex 8.059689961373806 15.491464534189017 1
      vertex 8.08445043116808 15.675700717951567 1
      vertex 7.671065427362919 16.053398714746745 1
    endloop
  endfacet
  facet normal 0 0 1
    outer loop
      vertex 8.08445043116808 15.675700717951567 1
      vertex 8.06076493114233 15.849785962487967 1
      vertex 7.671065427362919 16.053398714746745 1
    endloop
  endfacet
  facet normal 0 0 1
    outer loop
      vertex 7.989567823708057 15.194334426309378 1
      vertex 8.502842858433723 14.579491139735492 1
      vertex 8.714461140334606 14.61271071561745 1
    endloop
  endfacet
  facet normal 0 0 1
    outer loop
      vertex 9.065090000629425 14.579491139735492 1
      vertex 8.84363828599453 15.998044857169898 1
      vertex 8.84363828599453 14.61271071561745 1
    endloop
  endfacet
  facet normal 0 0 1
    outer loop
      vertex 8.17610814422369 15.29306785890034 1
      vertex 8.714461140334606 14.61271071561745 1
      vertex 8.290993250906467 15.455165216113837 1
    endloop
  endfacet
  facet normal 0 0 1
    outer loop
      vertex 8.290993250906467 15.455165216113837 1
      vertex 8.714461140334606 14.61271071561745 1
      vertex 8.714461140334606 16.066933282996924 1
    endloop
  endfacet
  facet normal 0 0 1
    outer loop
      vertex 8.290993250906467 15.455165216113837 1
      vertex 8.714461140334606 16.066933282996924 1
      vertex 8.32928828895092 15.678168141629012 1
    endloop
  endfacet
  facet normal 0 0 1
    outer loop
      vertex 8.502842858433723 14.514285714711459 1
      vertex 9.629804573953152 12.535571285869391 1
      vertex 10.192069858312607 12.535571285869391 1
    endloop
  endfacet
  facet normal 0 0 1
    outer loop
      vertex 10.568643003702164 12.335636997010024 1
      vertex 9.065090000629425 14.514285714711459 1
      vertex 8.502842858433723 14.514285714711459 1
    endloop
  endfacet
  facet normal 0 0 1
    outer loop
      vertex 8.502842858433723 14.514285714711459 1
      vertex 10.192069858312607 12.535571285869391 1
      vertex 10.568643003702164 12.335636997010024 1
    endloop
  endfacet
  facet normal 0 0 1
    outer loop
      vertex 9.065090000629425 14.514285714711459 1
      vertex 10.568643003702164 12.335636997010024 1
      vertex 10.835937179625034 12.499426179911406 1
    endloop
  endfacet
  facet normal 0 0 1
    outer loop
      vertex 9.065090000629425 14.514285714711459 1
      vertex 11.207180857658386 12.554022574211867 1
      vertex 9.861107856035233 14.514285714711459 1
    endloop
  endfacet
  facet normal 0 0 1
    outer loop
      vertex 9.065090000629425 14.579491139735492 1
      vertex 9.861107856035233 14.514285714711459 1
      vertex 8.84363828599453 15.998044857169898 1
    endloop
  endfacet
  facet normal 0 0 1
    outer loop
      vertex 9.065090000629425 14.514285714711459 1
      vertex 9.861107856035233 14.514285714711459 1
      vertex 9.065090000629425 14.579491139735492 1
    endloop
  endfacet
  facet normal 0 0 1
    outer loop
      vertex 9.851256288588047 14.942438998605521 1
      vertex 9.629804573953152 16.098937289203914 1
      vertex 9.002351999282837 16.164142714227946 1
    endloop
  endfacet
  facet normal 0 0 1
    outer loop
      vertex 10.353341713547707 15.320137002851279 1
      vertex 9.980451568961143 14.514285714711459 1
      vertex 10.409321501851082 14.970265605832846 1
    endloop
  endfacet
  facet normal 0 0 1
    outer loop
      vertex 9.851256288588047 14.942438998605521 1
      vertex 9.851256288588047 16.066933282996924 1
      vertex 9.629804573953152 16.098937289203914 1
    endloop
  endfacet
  facet normal 0 0 1
    outer loop
      vertex 9.980451568961143 14.514285714711459 1
      vertex 10.353341713547707 15.320137002851279 1
      vertex 10.40716703236103 15.693997786726268 1
    endloop
  endfacet
  facet normal 0 0 1
    outer loop
      vertex 9.980451568961143 14.514285714711459 1
      vertex 10.40716703236103 15.693997786726268 1
      vertex 10.192069858312607 16.098937289203914 1
    endloop
  endfacet
  facet normal 0 0 1
    outer loop
      vertex 9.980451568961143 14.514285714711459 1
      vertex 10.192069858312607 16.098937289203914 1
      vertex 9.980451568961143 16.066933282996924 1
    endloop
  endfacet
  facet normal 0 0 1
    outer loop
      vertex 7.86268574744463 16.031559252526076 1
      vertex 7.671065427362919 16.053398714746745 1
      vertex 8.06076493114233 15.849785962487967 1
    endloop
  endfacet
  facet normal 0 0 1
    outer loop
      vertex 7.86268574744463 16.031559252526076 1
      vertex 8.06076493114233 15.849785962487967 1
      vertex 7.9897084310650826 15.96604085841349 1
    endloop
  endfacet
  facet normal 0 0 1
    outer loop
      vertex 8.177958711981773 16.042649069215567 1
      vertex 7.195920325815678 18.142857143070014 1
      vertex 7.723970003426075 16.164142714227946 1
    endloop
  endfacet
  facet normal 0 0 1
    outer loop
      vertex 8.177958711981773 16.042649069215567 1
      vertex 8.502842858433723 16.164142714227946 1
      vertex 7.195920325815678 18.142857143070014 1
    endloop
  endfacet
  facet normal 0 0 1
    outer loop
      vertex 9.002351999282837 16.164142714227946 1
      vertex 7.195920325815678 18.142857143070014 1
      vertex 8.502842858433723 16.164142714227946 1
    endloop
  endfacet
  facet normal 0 0 1
    outer loop
      vertex 8.32928828895092 15.678168141629012 1
      vertex 8.502842858433723 16.098937289203914 1
      vertex 8.177958711981773 16.042649069215567 1
    endloop
  endfacet
  facet normal 0 0 1
    outer loop
      vertex 8.502842858433723 16.164142714227946 1
      vertex 8.177958711981773 16.042649069215567 1
      vertex 8.502842858433723 16.098937289203914 1
    endloop
  endfacet
  facet normal 0 0 1
    outer loop
      vertex 8.502842858433723 16.098937289203914 1
      vertex 8.32928828895092 15.678168141629012 1
      vertex 8.714461140334606 16.066933282996924 1
    endloop
  endfacet
  facet normal 0 0 1
    outer loop
      vertex 9.002351999282837 16.164142714227946 1
      vertex 9.629804573953152 16.164142714227946 1
      vertex 7.195920325815678 18.142857143070014 1
    endloop
  endfacet
  facet normal 0 0 1
    outer loop
      vertex 7.195920325815678 18.142857143070014 1
      vertex 10.568643003702164 15.964208425368579 1
      vertex 8.447146102786064 18.142857143070014 1
    endloop
  endfacet
  facet normal 0 0 1
    outer loop
      vertex 7.975446328520775 18.320022144700797 1
      vertex 8.447146102786064 18.260226914073737 1
      vertex 7.975446328520775 19.307704770352156 1
    endloop
  endfacet
  facet normal 0 0 1
    outer loop
      vertex 7.975446328520775 19.307704770352156 1
      vertex 8.447146102786064 18.260226914073737 1
      vertex 8.30982281267643 19.307704770352156 1
    endloop
  endfacet
  facet normal 0 0 1
    outer loop
      vertex 8.447146102786064 18.142857143070014 1
      vertex 9.722864732146263 18.260226914073737 1
      vertex 8.447146102786064 18.260226914073737 1
    endloop
  endfacet
  facet normal 0 0 1
    outer loop
      vertex 8.30982281267643 19.307704770352156 1
      vertex 8.447146102786064 18.260226914073737 1
      vertex 8.765757352113724 19.366944828416617 1
    endloop
  endfacet
  facet normal 0 0 1
    outer loop
      vertex 9.629804573953152 16.164142714227946 1
      vertex 9.002351999282837 16.164142714227946 1
      vertex 9.629804573953152 16.098937289203914 1
    endloop
  endfacet
  facet normal 0 0 1
    outer loop
      vertex 7.195920325815678 18.142857143070014 1
      vertex 9.629804573953152 16.164142714227946 1
      vertex 10.192069858312607 16.164142714227946 1
    endloop
  endfacet
  facet normal 0 0 1
    outer loop
      vertex 7.195920325815678 18.142857143070014 1
      vertex 10.192069858312607 16.164142714227946 1
      vertex 10.568643003702164 15.964208425368579 1
    endloop
  endfacet
  facet normal 0 0 1
    outer loop
      vertex 8.447146102786064 18.142857143070014 1
      vertex 10.568643003702164 15.964208425368579 1
      vertex 10.835937179625034 16.12799760826996 1
    endloop
  endfacet
  facet normal 0 0 1
    outer loop
      vertex 8.447146102786064 18.142857143070014 1
      vertex 10.835937179625034 16.12799760826996 1
      vertex 11.207180857658386 16.182594002570422 1
    endloop
  endfacet
  facet normal 0 0 1
    outer loop
      vertex 8.447146102786064 18.142857143070014 1
      vertex 12.003307573497295 16.098937289203914 1
      vertex 9.722864732146263 18.142857143070014 1
    endloop
  endfacet
  facet normal 0 0 1
    outer loop
      vertex 9.722864732146263 18.260226914073737 1
      vertex 8.447146102786064 18.142857143070014 1
      vertex 9.722864732146263 18.142857143070014 1
    endloop
  endfacet
  facet normal 0 0 1
    outer loop
      vertex 8.447146102786064 18.260226914073737 1
      vertex 9.722864732146263 18.260226914073737 1
      vertex 8.765757352113724 19.366944828416617 1
    endloop
  endfacet
  facet normal 0 0 1
    outer loop
      vertex 5.388478100299835 18.320022144700797 1
      vertex 5.769391015172005 18.260226914073737 1
      vertex 5.769391015172005 20.995229968215735 1
    endloop
  endfacet
  facet normal 0 0 1
    outer loop
      vertex 5.388478100299835 18.320022144700797 1
      vertex 5.769391015172005 20.995229968215735 1
      vertex 5.388478100299835 20.937622771944316 1
    endloop
  endfacet
  facet normal 0 0 1
    outer loop
      vertex 5.769391015172005 18.260226914073737 1
      vertex 7.167116731405258 20.995229968215735 1
      vertex 5.769391015172005 20.995229968215735 1
    endloop
  endfacet
  facet normal 0 0 1
    outer loop
      vertex 5.769391015172005 20.995229968215735 1
      vertex 7.167116731405258 21.11259974667004 1
      vertex 5.769391015172005 21.11259974667004 1
    endloop
  endfacet
  facet normal 0 0 1
    outer loop
      vertex 7.548029646277428 20.937622771944316 1
      vertex 5.769391015172005 18.260226914073737 1
      vertex 7.195920325815678 18.260226914073737 1
    endloop
  endfacet
  facet normal 0 0 1
    outer loop
      vertex 7.548029646277428 20.937622771944316 1
      vertex 7.167116731405258 20.995229968215735 1
      vertex 5.769391015172005 18.260226914073737 1
    endloop
  endfacet
  facet normal 0 0 1
    outer loop
      vertex 7.548029646277428 18.320022144700797 1
      vertex 7.548029646277428 20.937622771944316 1
      vertex 7.195920325815678 18.260226914073737 1
    endloop
  endfacet
  facet normal 0 0 1
    outer loop
      vertex 7.167116731405258 21.11259974667004 1
      vertex 5.769391015172005 20.995229968215735 1
      vertex 7.167116731405258 20.995229968215735 1
    endloop
  endfacet
  facet normal 0 0 1
    outer loop
      vertex 0 25.4 1
      vertex 2.1051787436008453 22.988293932165416 1
      vertex 20.5 25.4 1
    endloop
  endfacet
  facet normal 0 0 1
    outer loop
      vertex 8.205744497478008 19.507043973888667 1
      vertex 8.531001478433609 19.549669706608565 1
      vertex 7.975446328520775 19.507043973888667 1
    endloop
  endfacet
  facet normal 0 0 1
    outer loop
      vertex 8.192453041672707 20.91326054313353 1
      vertex 7.975446328520775 20.91326054313353 1
      vertex 7.975446328520775 19.507043973888667 1
    endloop
  endfacet
  facet normal 0 0 1
    outer loop
      vertex 8.53736962378025 20.873949506665976 1
      vertex 8.192453041672707 20.91326054313353 1
      vertex 7.975446328520775 19.507043973888667 1
    endloop
  endfacet
  facet normal 0 0 1
    outer loop
      vertex 8.531001478433609 19.549669706608565 1
      vertex 8.75827070325613 19.67754691221884 1
      vertex 7.975446328520775 19.507043973888667 1
    endloop
  endfacet
  facet normal 0 0 1
    outer loop
      vertex 8.75827070325613 19.67754691221884 1
      vertex 8.891977205872536 19.901779019619735 1
      vertex 7.975446328520775 19.507043973888667 1
    endloop
  endfacet
  facet normal 0 0 1
    outer loop
      vertex 8.891977205872536 19.901779019619735 1
      vertex 8.936546042561531 20.233404145921977 1
      vertex 7.975446328520775 19.507043973888667 1
    endloop
  endfacet
  facet normal 0 0 1
    outer loop
      vertex 8.936546042561531 20.233404145921977 1
      vertex 8.893912144005299 20.546757595028193 1
      vertex 7.975446328520775 19.507043973888667 1
    endloop
  endfacet
  facet normal 0 0 1
    outer loop
      vertex 8.76601044088602 20.75601639726332 1
      vertex 8.53736962378025 20.873949506665976 1
      vertex 7.975446328520775 19.507043973888667 1
    endloop
  endfacet
  facet normal 0 0 1
    outer loop
      vertex 8.893912144005299 20.546757595028193 1
      vertex 8.76601044088602 20.75601639726332 1
      vertex 7.975446328520775 19.507043973888667 1
    endloop
  endfacet
  facet normal 0 0 1
    outer loop
      vertex 8.765757352113724 19.366944828416617 1
      vertex 9.722864732146263 18.260226914073737 1
      vertex 9.10152992606163 19.54466500261 1
    endloop
  endfacet
  facet normal 0 0 1
    outer loop
      vertex 9.10152992606163 19.54466500261 1
      vertex 10.103777639567852 20.937622771944316 1
      vertex 9.308323122560978 19.83644024410418 1
    endloop
  endfacet
  facet normal 0 0 1
    outer loop
      vertex 9.308323122560978 19.83644024410418 1
      vertex 10.103777639567852 20.937622771944316 1
      vertex 9.37725418806076 20.23784551152161 1
    endloop
  endfacet
  facet normal 0 0 1
    outer loop
      vertex 9.10152992606163 19.54466500261 1
      vertex 9.722864732146263 18.260226914073737 1
      vertex 10.103777639567852 20.937622771944316 1
    endloop
  endfacet
  facet normal 0 0 1
    outer loop
      vertex 10.103777639567852 18.320022144700797 1
      vertex 10.103777639567852 20.937622771944316 1
      vertex 9.722864732146263 18.260226914073737 1
    endloop
  endfacet
  facet normal 0 0 1
    outer loop
      vertex 9.37725418806076 20.23784551152161 1
      vertex 9.722864732146263 20.995229968215735 1
      vertex 9.104860953986645 20.89391118415764 1
    endloop
  endfacet
  facet normal 0 0 1
    outer loop
      vertex 9.722864732146263 21.11259974667004 1
      vertex 9.104860953986645 20.89391118415764 1
      vertex 9.722864732146263 20.995229968215735 1
    endloop
  endfacet
  facet normal 0 0 1
    outer loop
      vertex 9.37725418806076 20.23784551152161 1
      vertex 10.103777639567852 20.937622771944316 1
      vertex 9.722864732146263 20.995229968215735 1
    endloop
  endfacet
  facet normal 0 0 1
    outer loop
      vertex 20.5 25.4 1
      vertex 2.1051787436008453 22.988293932165416 1
      vertex 2.227294683456421 22.92311491199902 1
    endloop
  endfacet
  facet normal 0 0 1
    outer loop
      vertex 20.5 25.4 1
      vertex 2.227294683456421 22.92311491199902 1
      vertex 2.3374949991703033 22.831864283766063 1
    endloop
  endfacet
  facet normal 0 0 1
    outer loop
      vertex 20.5 25.4 1
      vertex 2.3374949991703033 22.831864283766063 1
      vertex 2.4287456199526787 22.72166397550276 1
    endloop
  endfacet
  facet normal 0 0 1
    outer loop
      vertex 20.5 25.4 1
      vertex 2.4287456199526787 22.72166397550276 1
      vertex 7.167116731405258 21.11259974667004 1
    endloop
  endfacet
  facet normal 0 -1 0
    outer loop
      vertex 0 0 0
      vertex 20.5 0 0
      vertex 20.5 0 1
    endloop
  endfacet
  facet normal 0 0 -1
    outer loop
      vertex 0 0 0
      vertex 20.5 25.4 0
      vertex 20.5 0 0
    endloop
  endfacet
  facet normal 1 0 0
    outer loop
      vertex 20.5 0 0
      vertex 20.5 25.4 0
      vertex 20.5 0 1
    endloop
  endfacet
  facet normal 0 0 1
    outer loop
      vertex 20.5 0 1
      vertex 7.719661071896553 3.5904351411121205 1
      vertex 7.654437497258186 3.5904351411121205 1
    endloop
  endfacet
  facet normal 0 0 1
    outer loop
      vertex 20.5 0 1
      vertex 8.587016642093658 3.5904351411121205 1
      vertex 7.719661071896553 3.5904351411121205 1
    endloop
  endfacet
  facet normal 0 0 1
    outer loop
      vertex 20.5 0 1
      vertex 8.652222074568272 3.5904351411121205 1
      vertex 8.587016642093658 3.5904351411121205 1
    endloop
  endfacet
  facet normal 0 0 1
    outer loop
      vertex 10.537228643894196 4.727248431529315 1
      vertex 10.098008215427399 3.5904351411121205 1
      vertex 10.965363785624504 3.5904351411121205 1
    endloop
  endfacet
  facet normal 0 0 1
    outer loop
      vertex 11.030569210648537 3.5904351411121205 1
      vertex 11.713393785059452 5.213223004128249 1
      vertex 11.569448359310627 5.18121899792126 1
    endloop
  endfacet
  facet normal 0 0 1
    outer loop
      vertex 11.030569210648537 3.5904351411121205 1
      vertex 11.791063353419304 5.213223004128249 1
      vertex 11.713393785059452 5.213223004128249 1
    endloop
  endfacet
  facet normal 0 0 1
    outer loop
      vertex 9.972514070570469 5.278428429152282 1
      vertex 10.566747069358826 5.162767717029364 1
      vertex 10.34104085713625 7.257142857994349 1
    endloop
  endfacet
  facet normal 0 0 1
    outer loop
      vertex 10.622119069099426 5.162767717029364 1
      vertex 10.34104085713625 7.257142857994349 1
      vertex 10.566747069358826 5.162767717029364 1
    endloop
  endfacet
  facet normal 0 0 1
    outer loop
      vertex 10.34104085713625 7.257142857994349 1
      vertex 10.622119069099426 5.162767717029364 1
      vertex 11.167148642241955 5.278428429152282 1
    endloop
  endfacet
  facet normal 0 0 1
    outer loop
      vertex 11.050254210829735 4.018588432456763 1
      vertex 11.167148642241955 5.213223004128249 1
      vertex 10.622119069099426 5.162767717029364 1
    endloop
  endfacet
  facet normal 0 0 1
    outer loop
      vertex 11.167148642241955 5.278428429152282 1
      vertex 10.622119069099426 5.162767717029364 1
      vertex 11.167148642241955 5.213223004128249 1
    endloop
  endfacet
  facet normal 0 0 1
    outer loop
      vertex 11.050254210829735 4.018588432456763 1
      vertex 11.424269214272499 5.18121899792126 1
      vertex 11.167148642241955 5.213223004128249 1
    endloop
  endfacet
  facet normal 0 0 1
    outer loop
      vertex 11.713393785059452 5.278428429152282 1
      vertex 11.180166140198708 7.257142857994349 1
      vertex 11.167148642241955 5.278428429152282 1
    endloop
  endfacet
  facet normal 0 0 1
    outer loop
      vertex 11.791063353419304 3.693776854659827 1
      vertex 11.030569210648537 3.5904351411121205 1
      vertex 11.791063353419304 3.6285714296357945 1
    endloop
  endfacet
  facet normal 0 0 1
    outer loop
      vertex 11.030569210648537 3.5904351411121205 1
      vertex 11.791063353419304 3.693776854659827 1
      vertex 12.002681642770767 5.18121899792126 1
    endloop
  endfacet
  facet normal 0 0 1
    outer loop
      vertex 11.030569210648537 3.5904351411121205 1
      vertex 12.002681642770767 5.18121899792126 1
      vertex 11.791063353419304 5.213223004128249 1
    endloop
  endfacet
  facet normal 0 0 1
    outer loop
      vertex 12.002681642770767 3.726996430541785 1
      vertex 12.002681642770767 5.18121899792126 1
      vertex 11.791063353419304 3.693776854659827 1
    endloop
  endfacet
  facet normal 0 0 1
    outer loop
      vertex 12.353310503065586 3.6285714296357945 1
      vertex 13.149328358471394 3.6285714296357945 1
      vertex 12.353310503065586 3.693776854659827 1
    endloop
  endfacet
  facet normal 0 0 1
    outer loop
      vertex 12.353310503065586 3.693776854659827 1
      vertex 12.13185878843069 5.112330572094233 1
      vertex 12.13185878843069 3.726996430541785 1
    endloop
  endfacet
  facet normal 0 0 1
    outer loop
      vertex 12.13185878843069 5.112330572094233 1
      vertex 12.353310503065586 3.693776854659827 1
      vertex 13.149328358471394 3.6285714296357945 1
    endloop
  endfacet
  facet normal 0 0 1
    outer loop
      vertex 11.713393785059452 5.213223004128249 1
      vertex 11.791063353419304 5.278428429152282 1
      vertex 11.713393785059452 5.278428429152282 1
    endloop
  endfacet
  facet normal 0 0 1
    outer loop
      vertex 11.791063353419304 5.278428429152282 1
      vertex 11.713393785059452 5.213223004128249 1
      vertex 11.791063353419304 5.213223004128249 1
    endloop
  endfacet
  facet normal 0 0 1
    outer loop
      vertex 11.180166140198708 7.257142857994349 1
      vertex 11.713393785059452 5.278428429152282 1
      vertex 11.791063353419304 5.278428429152282 1
    endloop
  endfacet
  facet normal 0 0 1
    outer loop
      vertex 12.290572501718998 5.278428429152282 1
      vertex 11.839622713625431 7.257142857994349 1
      vertex 11.791063353419304 5.278428429152282 1
    endloop
  endfacet
  facet normal 0 0 1
    outer loop
      vertex 13.139476783573627 4.0567247135298565 1
      vertex 12.918025068938732 5.213223004128249 1
      vertex 12.290572501718998 5.278428429152282 1
    endloop
  endfacet
  facet normal 0 0 1
    outer loop
      vertex 12.918025068938732 5.278428429152282 1
      vertex 12.290572501718998 5.278428429152282 1
      vertex 12.918025068938732 5.213223004128249 1
    endloop
  endfacet
  facet normal 0 0 1
    outer loop
      vertex 12.290572501718998 5.278428429152282 1
      vertex 12.918025068938732 5.278428429152282 1
      vertex 12.678747996687889 7.257142857994349 1
    endloop
  endfacet
  facet normal 0 0 1
    outer loop
      vertex 20.5 0 1
      vertex 10.032784640789032 3.5904351411121205 1
      vertex 8.652222074568272 3.5904351411121205 1
    endloop
  endfacet
  facet normal 0 0 1
    outer loop
      vertex 20.5 0 1
      vertex 10.098008215427399 3.5904351411121205 1
      vertex 10.032784640789032 3.5904351411121205 1
    endloop
  endfacet
  facet normal 0 0 1
    outer loop
      vertex 20.5 0 1
      vertex 10.965363785624504 3.5904351411121205 1
      vertex 10.098008215427399 3.5904351411121205 1
    endloop
  endfacet
  facet normal 0 0 1
    outer loop
      vertex 20.5 0 1
      vertex 11.030569210648537 3.5904351411121205 1
      vertex 10.965363785624504 3.5904351411121205 1
    endloop
  endfacet
  facet normal 0 0 1
    outer loop
      vertex 20.5 0 1
      vertex 11.791063353419304 3.6285714296357945 1
      vertex 11.030569210648537 3.5904351411121205 1
    endloop
  endfacet
  facet normal 0 0 1
    outer loop
      vertex 20.5 0 1
      vertex 12.353310503065586 3.6285714296357945 1
      vertex 11.791063353419304 3.6285714296357945 1
    endloop
  endfacet
  facet normal 0 0 1
    outer loop
      vertex 20.5 0 1
      vertex 13.149328358471394 3.6285714296357945 1
      vertex 12.353310503065586 3.6285714296357945 1
    endloop
  endfacet
  facet normal 0 0 1
    outer loop
      vertex 13.268672071397305 3.6285714296357945 1
      vertex 13.480290360748768 5.213223004128249 1
      vertex 13.268672071397305 5.18121899792126 1
    endloop
  endfacet
  facet normal 0 0 1
    outer loop
      vertex 13.610810071229935 3.693776854659827 1
      vertex 13.268672071397305 3.6285714296357945 1
      vertex 13.610810071229935 3.6285714296357945 1
    endloop
  endfacet
  facet normal 0 0 1
    outer loop
      vertex 13.268672071397305 3.6285714296357945 1
      vertex 13.610810071229935 3.693776854659827 1
      vertex 13.822428360581398 5.18121899792126 1
    endloop
  endfacet
  facet normal 0 0 1
    outer loop
      vertex 13.822428360581398 3.726996430541785 1
      vertex 13.822428360581398 5.18121899792126 1
      vertex 13.610810071229935 3.693776854659827 1
    endloop
  endfacet
  facet normal 0 0 1
    outer loop
      vertex 13.268672071397305 3.6285714296357945 1
      vertex 13.610810071229935 5.213223004128249 1
      vertex 13.480290360748768 5.213223004128249 1
    endloop
  endfacet
  facet normal 0 0 1
    outer loop
      vertex 13.268672071397305 3.6285714296357945 1
      vertex 13.822428360581398 5.18121899792126 1
      vertex 13.610810071229935 5.213223004128249 1
    endloop
  endfacet
  facet normal 0 0 1
    outer loop
      vertex 14.173057213425636 3.693776854659827 1
      vertex 13.951605498790741 5.112330572094233 1
      vertex 13.951605498790741 3.726996430541785 1
    endloop
  endfacet
  facet normal 0 0 1
    outer loop
      vertex 13.139476783573627 4.0567247135298565 1
      vertex 13.139476783573627 5.18121899792126 1
      vertex 12.918025068938732 5.213223004128249 1
    endloop
  endfacet
  facet normal 0 0 1
    outer loop
      vertex 13.480290360748768 5.278428429152282 1
      vertex 12.678747996687889 7.257142857994349 1
      vertex 12.918025068938732 5.278428429152282 1
    endloop
  endfacet
  facet normal 0 0 1
    outer loop
      vertex 13.480290360748768 5.278428429152282 1
      vertex 13.610810071229935 5.278428429152282 1
      vertex 12.678747996687889 7.322348283018382 1
    endloop
  endfacet
  facet normal 0 0 1
    outer loop
      vertex 13.480290360748768 5.213223004128249 1
      vertex 13.610810071229935 5.278428429152282 1
      vertex 13.480290360748768 5.278428429152282 1
    endloop
  endfacet
  facet normal 0 0 1
    outer loop
      vertex 13.610810071229935 5.278428429152282 1
      vertex 13.480290360748768 5.213223004128249 1
      vertex 13.610810071229935 5.213223004128249 1
    endloop
  endfacet
  facet normal 0 0 1
    outer loop
      vertex 14.110319212079048 5.278428429152282 1
      vertex 12.678747996687889 7.322348283018382 1
      vertex 13.610810071229935 5.278428429152282 1
    endloop
  endfacet
  facet normal 0 0 1
    outer loop
      vertex 12.678747996687889 7.322348283018382 1
      vertex 14.110319212079048 5.278428429152282 1
      vertex 14.737771786749363 5.278428429152282 1
    endloop
  endfacet
  facet normal 0 0 1
    outer loop
      vertex 14.173057213425636 3.6285714296357945 1
      vertex 14.969075068831444 3.6285714296357945 1
      vertex 14.173057213425636 3.693776854659827 1
    endloop
  endfacet
  facet normal 0 0 1
    outer loop
      vertex 13.951605498790741 5.112330572094233 1
      vertex 14.173057213425636 3.693776854659827 1
      vertex 14.969075068831444 3.6285714296357945 1
    endloop
  endfacet
  facet normal 0 0 1
    outer loop
      vertex 15.430556789040565 3.693776854659827 1
      vertex 15.088418789207935 3.6285714296357945 1
      vertex 15.430556789040565 3.6285714296357945 1
    endloop
  endfacet
  facet normal 0 0 1
    outer loop
      vertex 15.088418789207935 3.6285714296357945 1
      vertex 15.300037071108818 5.213223004128249 1
      vertex 15.088418789207935 5.18121899792126 1
    endloop
  endfacet
  facet normal 0 0 1
    outer loop
      vertex 15.088418789207935 3.6285714296357945 1
      vertex 15.430556789040565 5.213223004128249 1
      vertex 15.300037071108818 5.213223004128249 1
    endloop
  endfacet
  facet normal 0 0 1
    outer loop
      vertex 14.959223501384258 4.0567247135298565 1
      vertex 14.737771786749363 5.213223004128249 1
      vertex 14.110319212079048 5.278428429152282 1
    endloop
  endfacet
  facet normal 0 0 1
    outer loop
      vertex 14.737771786749363 5.278428429152282 1
      vertex 14.110319212079048 5.278428429152282 1
      vertex 14.737771786749363 5.213223004128249 1
    endloop
  endfacet
  facet normal 0 0 1
    outer loop
      vertex 15.300037071108818 5.278428429152282 1
      vertex 12.678747996687889 7.322348283018382 1
      vertex 14.737771786749363 5.278428429152282 1
    endloop
  endfacet
  facet normal 0 0 1
    outer loop
      vertex 14.959223501384258 4.0567247135298565 1
      vertex 14.959223501384258 5.18121899792126 1
      vertex 14.737771786749363 5.213223004128249 1
    endloop
  endfacet
  facet normal 0 0 1
    outer loop
      vertex 15.300037071108818 5.213223004128249 1
      vertex 15.430556789040565 5.278428429152282 1
      vertex 15.300037071108818 5.278428429152282 1
    endloop
  endfacet
  facet normal 0 0 1
    outer loop
      vertex 16.77897021174431 4.610446664472906 1
      vertex 12.467129714787006 8.809790426279815 1
      vertex 15.930065929889679 5.278428429152282 1
    endloop
  endfacet
  facet normal 0 0 1
    outer loop
      vertex 10.34104085713625 7.257142857994349 1
      vertex 11.167148642241955 5.278428429152282 1
      vertex 11.000497430562973 7.257142857994349 1
    endloop
  endfacet
  facet normal 0 0 1
    outer loop
      vertex 10.34104085713625 7.322348283018382 1
      vertex 10.161372140049934 7.257142857994349 1
      vertex 10.34104085713625 7.257142857994349 1
    endloop
  endfacet
  facet normal 0 0 1
    outer loop
      vertex 9.949753858149052 7.35556785890034 1
      vertex 10.34104085713625 7.322348283018382 1
      vertex 10.552659146487713 8.809790426279815 1
    endloop
  endfacet
  facet normal 0 0 1
    outer loop
      vertex 10.552659146487713 7.35556785890034 1
      vertex 10.552659146487713 8.809790426279815 1
      vertex 10.34104085713625 7.322348283018382 1
    endloop
  endfacet
  facet normal 0 0 1
    outer loop
      vertex 11.167148642241955 5.278428429152282 1
      vertex 11.180166140198708 7.257142857994349 1
      vertex 11.000497430562973 7.257142857994349 1
    endloop
  endfacet
  facet normal 0 0 1
    outer loop
      vertex 10.78887914121151 7.35556785890034 1
      vertex 11.000497430562973 7.322348283018382 1
      vertex 11.180166140198708 7.322348283018382 1
    endloop
  endfacet
  facet normal 0 0 1
    outer loop
      vertex 11.000497430562973 7.257142857994349 1
      vertex 11.180166140198708 7.322348283018382 1
      vertex 11.000497430562973 7.322348283018382 1
    endloop
  endfacet
  facet normal 0 0 1
    outer loop
      vertex 11.180166140198708 7.322348283018382 1
      vertex 11.000497430562973 7.257142857994349 1
      vertex 11.180166140198708 7.257142857994349 1
    endloop
  endfacet
  facet normal 0 0 1
    outer loop
      vertex 10.78887914121151 7.35556785890034 1
      vertex 11.180166140198708 7.322348283018382 1
      vertex 11.391784429550171 8.809790426279815 1
    endloop
  endfacet
  facet normal 0 0 1
    outer loop
      vertex 11.391784429550171 7.35556785890034 1
      vertex 11.391784429550171 8.809790426279815 1
      vertex 11.180166140198708 7.322348283018382 1
    endloop
  endfacet
  facet normal 0 0 1
    outer loop
      vertex 9.949753858149052 7.35556785890034 1
      vertex 10.552659146487713 8.809790426279815 1
      vertex 10.34104085713625 8.841794432486804 1
    endloop
  endfacet
  facet normal 0 0 1
    outer loop
      vertex 10.78887914121151 7.35556785890034 1
      vertex 11.000497430562973 8.841794432486804 1
      vertex 10.78887914121151 8.809790426279815 1
    endloop
  endfacet
  facet normal 0 0 1
    outer loop
      vertex 10.34104085713625 8.906999857510836 1
      vertex 10.161372140049934 8.841794432486804 1
      vertex 10.34104085713625 8.841794432486804 1
    endloop
  endfacet
  facet normal 0 0 1
    outer loop
      vertex 10.78887914121151 7.35556785890034 1
      vertex 11.180166140198708 8.841794432486804 1
      vertex 11.000497430562973 8.841794432486804 1
    endloop
  endfacet
  facet normal 0 0 1
    outer loop
      vertex 10.78887914121151 7.35556785890034 1
      vertex 11.391784429550171 8.809790426279815 1
      vertex 11.180166140198708 8.841794432486804 1
    endloop
  endfacet
  facet normal 0 0 1
    outer loop
      vertex 11.000497430562973 8.841794432486804 1
      vertex 11.180166140198708 8.906999857510836 1
      vertex 11.000497430562973 8.906999857510836 1
    endloop
  endfacet
  facet normal 0 0 1
    outer loop
      vertex 11.180166140198708 8.906999857510836 1
      vertex 11.000497430562973 8.841794432486804 1
      vertex 11.180166140198708 8.841794432486804 1
    endloop
  endfacet
  facet normal 0 0 1
    outer loop
      vertex 11.180166140198708 7.257142857994349 1
      vertex 11.791063353419304 5.278428429152282 1
      vertex 11.839622713625431 7.257142857994349 1
    endloop
  endfacet
  facet normal 0 0 1
    outer loop
      vertex 12.290572501718998 5.278428429152282 1
      vertex 12.019291430711746 7.257142857994349 1
      vertex 11.839622713625431 7.257142857994349 1
    endloop
  endfacet
  facet normal 0 0 1
    outer loop
      vertex 11.628004431724548 7.35556785890034 1
      vertex 11.839622713625431 7.322348283018382 1
      vertex 12.019291430711746 7.322348283018382 1
    endloop
  endfacet
  facet normal 0 0 1
    outer loop
      vertex 11.839622713625431 7.257142857994349 1
      vertex 12.019291430711746 7.322348283018382 1
      vertex 11.839622713625431 7.322348283018382 1
    endloop
  endfacet
  facet normal 0 0 1
    outer loop
      vertex 12.019291430711746 7.322348283018382 1
      vertex 11.839622713625431 7.257142857994349 1
      vertex 12.019291430711746 7.257142857994349 1
    endloop
  endfacet
  facet normal 0 0 1
    outer loop
      vertex 11.628004431724548 7.35556785890034 1
      vertex 12.019291430711746 7.322348283018382 1
      vertex 12.230909712612629 8.809790426279815 1
    endloop
  endfacet
  facet normal 0 0 1
    outer loop
      vertex 12.230909712612629 7.35556785890034 1
      vertex 12.230909712612629 8.809790426279815 1
      vertex 12.019291430711746 7.322348283018382 1
    endloop
  endfacet
  facet normal 0 0 1
    outer loop
      vertex 12.019291430711746 7.257142857994349 1
      vertex 12.290572501718998 5.278428429152282 1
      vertex 12.678747996687889 7.257142857994349 1
    endloop
  endfacet
  facet normal 0 0 1
    outer loop
      vertex 12.678747996687889 7.322348283018382 1
      vertex 12.467129714787006 8.809790426279815 1
      vertex 12.467129714787006 7.35556785890034 1
    endloop
  endfacet
  facet normal 0 0 1
    outer loop
      vertex 11.628004431724548 7.35556785890034 1
      vertex 11.839622713625431 8.841794432486804 1
      vertex 11.628004431724548 8.809790426279815 1
    endloop
  endfacet
  facet normal 0 0 1
    outer loop
      vertex 11.628004431724548 7.35556785890034 1
      vertex 12.019291430711746 8.841794432486804 1
      vertex 11.839622713625431 8.841794432486804 1
    endloop
  endfacet
  facet normal 0 0 1
    outer loop
      vertex 11.628004431724548 7.35556785890034 1
      vertex 12.230909712612629 8.809790426279815 1
      vertex 12.019291430711746 8.841794432486804 1
    endloop
  endfacet
  facet normal 0 0 1
    outer loop
      vertex 11.839622713625431 8.841794432486804 1
      vertex 12.019291430711746 8.906999857510836 1
      vertex 11.839622713625431 8.906999857510836 1
    endloop
  endfacet
  facet normal 0 0 1
    outer loop
      vertex 12.019291430711746 8.906999857510836 1
      vertex 11.839622713625431 8.841794432486804 1
      vertex 12.019291430711746 8.841794432486804 1
    endloop
  endfacet
  facet normal 0 0 1
    outer loop
      vertex 10.161372140049934 8.906999857510836 1
      vertex 10.34104085713625 8.906999857510836 1
      vertex 10.845471248030663 10.915704430426867 1
    endloop
  endfacet
  facet normal 0 0 1
    outer loop
      vertex 10.577260859310627 11.0794800011175 1
      vertex 10.161372140049934 8.906999857510836 1
      vertex 10.845471248030663 10.915704430426867 1
    endloop
  endfacet
  facet normal 0 0 1
    outer loop
      vertex 11.000497430562973 8.906999857510836 1
      vertex 10.845471248030663 10.915704430426867 1
      vertex 10.34104085713625 8.906999857510836 1
    endloop
  endfacet
  facet normal 0 0 1
    outer loop
      vertex 11.000497430562973 8.906999857510836 1
      vertex 11.180166140198708 8.906999857510836 1
      vertex 11.20226414501667 10.86111257352999 1
    endloop
  endfacet
  facet normal 0 0 1
    outer loop
      vertex 10.845471248030663 10.915704430426867 1
      vertex 11.000497430562973 8.906999857510836 1
      vertex 11.20226414501667 10.86111257352999 1
    endloop
  endfacet
  facet normal 0 0 1
    outer loop
      vertex 11.839622713625431 8.906999857510836 1
      vertex 11.20226414501667 10.86111257352999 1
      vertex 11.180166140198708 8.906999857510836 1
    endloop
  endfacet
  facet normal 0 0 1
    outer loop
      vertex 11.839622713625431 8.906999857510836 1
      vertex 11.503376610577106 10.880489142026217 1
      vertex 11.20226414501667 10.86111257352999 1
    endloop
  endfacet
  facet normal 0 0 1
    outer loop
      vertex 10.762426860630512 11.145302289511474 1
      vertex 10.948976248502731 11.003202894117148 1
      vertex 11.204731568694115 10.955836431469233 1
    endloop
  endfacet
  facet normal 0 0 1
    outer loop
      vertex 10.648467034101486 11.377226964916499 1
      vertex 10.762426860630512 11.145302289511474 1
      vertex 11.204731568694115 10.955836431469233 1
    endloop
  endfacet
  facet normal 0 0 1
    outer loop
      vertex 10.648467034101486 11.377226964916499 1
      vertex 11.204731568694115 10.955836431469233 1
      vertex 10.610480427742004 11.694032998170169 1
    endloop
  endfacet
  facet normal 0 0 1
    outer loop
      vertex 10.568643003702164 12.335636997010024 1
      vertex 10.192069858312607 12.470365860845359 1
      vertex 10.40716703236103 12.065426358367713 1
    endloop
  endfacet
  facet normal 0 0 1
    outer loop
      vertex 10.568643003702164 12.335636997010024 1
      vertex 10.192069858312607 12.535571285869391 1
      vertex 10.192069858312607 12.470365860845359 1
    endloop
  endfacet
  facet normal 0 0 1
    outer loop
      vertex 11.340979896485806 10.964295537556918 1
      vertex 10.610480427742004 11.694032998170169 1
      vertex 11.204731568694115 10.955836431469233 1
    endloop
  endfacet
  facet normal 0 0 1
    outer loop
      vertex 10.610480427742004 11.694032998170169 1
      vertex 11.340979896485806 10.964295537556918 1
      vertex 11.4692362844944 10.989672855819972 1
    endloop
  endfacet
  facet normal 0 0 1
    outer loop
      vertex 10.610480427742004 11.694032998170169 1
      vertex 11.580578997731209 11.029197075750144 1
      vertex 10.646775215864182 12.032977857972892 1
    endloop
  endfacet
  facet normal 0 0 1
    outer loop
      vertex 10.646775215864182 12.032977857972892 1
      vertex 11.711606711149216 11.326168426658423 1
      vertex 10.755659572780132 12.26981471606663 1
    endloop
  endfacet
  facet normal 0 0 1
    outer loop
      vertex 10.610480427742004 11.694032998170169 1
      vertex 11.4692362844944 10.989672855819972 1
      vertex 11.580578997731209 11.029197075750144 1
    endloop
  endfacet
  facet normal 0 0 1
    outer loop
      vertex 10.646775215864182 12.032977857972892 1
      vertex 11.580578997731209 11.029197075750144 1
      vertex 11.666086286306381 11.08009685703686 1
    endloop
  endfacet
  facet normal 0 0 1
    outer loop
      vertex 10.646775215864182 12.032977857972892 1
      vertex 11.666086286306381 11.08009685703686 1
      vertex 11.711606711149216 11.326168426658423 1
    endloop
  endfacet
  facet normal 0 0 1
    outer loop
      vertex 11.791580431163311 11.326168426658423 1
      vertex 10.943592354655266 12.40915186085871 1
      vertex 11.711606711149216 11.326168426658423 1
    endloop
  endfacet
  facet normal 0 0 1
    outer loop
      vertex 10.755659572780132 12.26981471606663 1
      vertex 11.711606711149216 11.326168426658423 1
      vertex 10.943592354655266 12.40915186085871 1
    endloop
  endfacet
  facet normal 0 0 1
    outer loop
      vertex 10.943592354655266 12.40915186085871 1
      vertex 11.791580431163311 11.326168426658423 1
      vertex 11.217032425105572 12.455597573305877 1
    endloop
  endfacet
  facet normal 0 0 1
    outer loop
      vertex 11.217032425105572 12.455597573305877 1
      vertex 11.791580431163311 11.326168426658423 1
      vertex 11.334062926471233 12.44836764165333 1
    endloop
  endfacet
  facet normal 0 0 1
    outer loop
      vertex 11.334062926471233 12.44836764165333 1
      vertex 11.791580431163311 11.326168426658423 1
      vertex 11.44893442839384 12.426677854146273 1
    endloop
  endfacet
  facet normal 0 0 1
    outer loop
      vertex 11.503376610577106 10.880489142026217 1
      vertex 11.839622713625431 8.906999857510836 1
      vertex 12.019291430711746 8.906999857510836 1
    endloop
  endfacet
  facet normal 0 0 1
    outer loop
      vertex 11.503376610577106 10.880489142026217 1
      vertex 12.019291430711746 8.906999857510836 1
      vertex 12.678747996687889 8.906999857510836 1
    endloop
  endfacet
  facet normal 0 0 1
    outer loop
      vertex 12.0193095728755 10.950919711376937 1
      vertex 11.78419628739357 10.93861885496548 1
      vertex 12.0193095728755 10.885714286352904 1
    endloop
  endfacet
  facet normal 0 0 1
    outer loop
      vertex 11.68577128648758 12.130786002959521 1
      vertex 11.791580431163311 11.326168426658423 1
      vertex 11.766978710889816 12.130786002959521 1
    endloop
  endfacet
  facet normal 0 0 1
    outer loop
      vertex 11.78419628739357 10.93861885496548 1
      vertex 12.0193095728755 10.950919711376937 1
      vertex 12.214925855398178 12.43836185463837 1
    endloop
  endfacet
  facet normal 0 0 1
    outer loop
      vertex 12.214925855398178 10.984139287258895 1
      vertex 12.214925855398178 12.43836185463837 1
      vertex 12.0193095728755 10.950919711376937 1
    endloop
  endfacet
  facet normal 0 0 1
    outer loop
      vertex 11.78419628739357 10.93861885496548 1
      vertex 12.214925855398178 12.43836185463837 1
      vertex 11.791580431163311 11.326168426658423 1
    endloop
  endfacet
  facet normal 0 0 1
    outer loop
      vertex 11.44893442839384 12.426677854146273 1
      vertex 11.791580431163311 11.326168426658423 1
      vertex 11.648868717253208 12.344871715988429 1
    endloop
  endfacet
  facet normal 0 0 1
    outer loop
      vertex 11.648868717253208 12.344871715988429 1
      vertex 11.791580431163311 11.326168426658423 1
      vertex 11.68577128648758 12.130786002959521 1
    endloop
  endfacet
  facet normal 0 0 1
    outer loop
      vertex 11.44893442839384 12.426677854146273 1
      vertex 11.648868717253208 12.344871715988429 1
      vertex 11.5558230727911 12.391775534834178 1
    endloop
  endfacet
  facet normal 0 0 1
    outer loop
      vertex 11.766978710889816 12.130786002959521 1
      vertex 12.003307573497295 12.470365860845359 1
      vertex 11.759594574570656 12.491266430701526 1
    endloop
  endfacet
  facet normal 0 0 1
    outer loop
      vertex 12.214925855398178 12.43836185463837 1
      vertex 11.766978710889816 12.130786002959521 1
      vertex 11.791580431163311 11.326168426658423 1
    endloop
  endfacet
  facet normal 0 0 1
    outer loop
      vertex 12.003307573497295 12.535571285869391 1
      vertex 11.759594574570656 12.491266430701526 1
      vertex 12.003307573497295 12.470365860845359 1
    endloop
  endfacet
  facet normal 0 0 1
    outer loop
      vertex 12.214925855398178 12.43836185463837 1
      vertex 12.003307573497295 12.470365860845359 1
      vertex 11.766978710889816 12.130786002959521 1
    endloop
  endfacet
  facet normal 0 0 1
    outer loop
      vertex 12.452379569411278 10.984139287258895 1
      vertex 12.714435003697872 10.950919711376937 1
      vertex 12.452379569411278 11.532851861204417 1
    endloop
  endfacet
  facet normal 0 0 1
    outer loop
      vertex 12.452379569411278 11.532851861204417 1
      vertex 12.714435003697872 10.950919711376937 1
      vertex 12.63814428448677 11.532851861204417 1
    endloop
  endfacet
  facet normal 0 0 1
    outer loop
      vertex 12.63814428448677 11.532851861204417 1
      vertex 12.714435003697872 10.950919711376937 1
      vertex 12.891441248357296 11.565762997950824 1
    endloop
  endfacet
  facet normal 0 0 1
    outer loop
      vertex 12.580323003232479 11.643595860685618 1
      vertex 12.761021323502064 11.667276823307784 1
      vertex 12.452379569411278 11.643595860685618 1
    endloop
  endfacet
  facet normal 0 0 1
    outer loop
      vertex 12.761021323502064 11.667276823307784 1
      vertex 12.887281998991966 11.738319718624862 1
      vertex 12.452379569411278 11.643595860685618 1
    endloop
  endfacet
  facet normal 0 0 1
    outer loop
      vertex 12.887281998991966 11.738319718624862 1
      vertex 12.961563393473625 11.862893105830462 1
      vertex 12.452379569411278 11.643595860685618 1
    endloop
  endfacet
  facet normal 0 0 1
    outer loop
      vertex 12.961563393473625 11.862893105830462 1
      vertex 12.986323855817318 12.047129289593013 1
      vertex 12.452379569411278 11.643595860685618 1
    endloop
  endfacet
  facet normal 0 0 1
    outer loop
      vertex 12.572938859462738 12.42482728638819 1
      vertex 12.452379569411278 12.42482728638819 1
      vertex 12.452379569411278 11.643595860685618 1
    endloop
  endfacet
  facet normal 0 0 1
    outer loop
      vertex 12.764559179544449 12.402987824167521 1
      vertex 12.572938859462738 12.42482728638819 1
      vertex 12.452379569411278 11.643595860685618 1
    endloop
  endfacet
  facet normal 0 0 1
    outer loop
      vertex 12.986323855817318 12.047129289593013 1
      vertex 12.962638355791569 12.221214534129412 1
      vertex 12.452379569411278 11.643595860685618 1
    endloop
  endfacet
  facet normal 0 0 1
    outer loop
      vertex 12.962638355791569 12.221214534129412 1
      vertex 12.891581855714321 12.337469430054934 1
      vertex 12.452379569411278 11.643595860685618 1
    endloop
  endfacet
  facet normal 0 0 1
    outer loop
      vertex 12.891581855714321 12.337469430054934 1
      vertex 12.764559179544449 12.402987824167521 1
      vertex 12.452379569411278 11.643595860685618 1
    endloop
  endfacet
  facet normal 0 0 1
    outer loop
      vertex 13.480290360748768 5.278428429152282 1
      vertex 12.678747996687889 7.322348283018382 1
      vertex 12.678747996687889 7.257142857994349 1
    endloop
  endfacet
  facet normal 0 0 1
    outer loop
      vertex 12.467129714787006 8.809790426279815 1
      vertex 12.678747996687889 7.322348283018382 1
      vertex 15.300037071108818 5.278428429152282 1
    endloop
  endfacet
  facet normal 0 0 1
    outer loop
      vertex 16.77897021174431 4.610446664472906 1
      vertex 12.678747996687889 8.841794432486804 1
      vertex 12.467129714787006 8.809790426279815 1
    endloop
  endfacet
  facet normal 0 0 1
    outer loop
      vertex 16.77897021174431 4.610446664472906 1
      vertex 12.678747996687889 8.906999857510836 1
      vertex 12.678747996687889 8.841794432486804 1
    endloop
  endfacet
  facet normal 0 0 1
    outer loop
      vertex 16.77897021174431 4.610446664472906 1
      vertex 11.78419628739357 10.93861885496548 1
      vertex 11.503376610577106 10.880489142026217 1
    endloop
  endfacet
  facet normal 0 0 1
    outer loop
      vertex 11.503376610577106 10.880489142026217 1
      vertex 12.678747996687889 8.906999857510836 1
      vertex 16.77897021174431 4.610446664472906 1
    endloop
  endfacet
  facet normal 0 0 1
    outer loop
      vertex 11.78419628739357 10.93861885496548 1
      vertex 17.11978378891945 5.278428429152282 1
      vertex 12.0193095728755 10.885714286352904 1
    endloop
  endfacet
  facet normal 0 0 1
    outer loop
      vertex 12.0193095728755 10.885714286352904 1
      vertex 17.11978378891945 5.278428429152282 1
      vertex 12.714435003697872 10.885714286352904 1
    endloop
  endfacet
  facet normal 0 0 1
    outer loop
      vertex 12.467129714787006 8.809790426279815 1
      vertex 15.300037071108818 5.278428429152282 1
      vertex 15.430556789040565 5.278428429152282 1
    endloop
  endfacet
  facet normal 0 0 1
    outer loop
      vertex 12.467129714787006 8.809790426279815 1
      vertex 15.430556789040565 5.278428429152282 1
      vertex 15.930065929889679 5.278428429152282 1
    endloop
  endfacet
  facet normal 0 0 1
    outer loop
      vertex 16.77897021174431 4.610446664472906 1
      vertex 16.557518497109413 5.213223004128249 1
      vertex 11.78419628739357 10.93861885496548 1
    endloop
  endfacet
  facet normal 0 0 1
    outer loop
      vertex 16.557518497109413 5.278428429152282 1
      vertex 11.78419628739357 10.93861885496548 1
      vertex 16.557518497109413 5.213223004128249 1
    endloop
  endfacet
  facet normal 0 0 1
    outer loop
      vertex 17.11978378891945 5.278428429152282 1
      vertex 11.78419628739357 10.93861885496548 1
      vertex 16.557518497109413 5.278428429152282 1
    endloop
  endfacet
  facet normal 0 0 1
    outer loop
      vertex 12.714435003697872 10.885714286352904 1
      vertex 17.11978378891945 5.278428429152282 1
      vertex 13.404716283082962 10.885714286352904 1
    endloop
  endfacet
  facet normal 0 0 1
    outer loop
      vertex 13.404716283082962 10.885714286352904 1
      vertex 17.11978378891945 5.278428429152282 1
      vertex 13.966963425278664 10.885714286352904 1
    endloop
  endfacet
  facet normal 0 0 1
    outer loop
      vertex 13.966963425278664 10.885714286352904 1
      vertex 17.11978378891945 5.278428429152282 1
      vertex 14.762981288135052 10.885714286352904 1
    endloop
  endfacet
  facet normal 0 0 1
    outer loop
      vertex 12.714435003697872 10.885714286352904 1
      vertex 13.404716283082962 10.950919711376937 1
      vertex 12.714435003697872 10.950919711376937 1
    endloop
  endfacet
  facet normal 0 0 1
    outer loop
      vertex 13.404716283082962 10.950919711376937 1
      vertex 12.714435003697872 10.885714286352904 1
      vertex 13.404716283082962 10.885714286352904 1
    endloop
  endfacet
  facet normal 0 0 1
    outer loop
      vertex 12.714435003697872 10.950919711376937 1
      vertex 13.404716283082962 10.950919711376937 1
      vertex 12.891441248357296 11.565762997950824 1
    endloop
  endfacet
  facet normal 0 0 1
    outer loop
      vertex 12.891441248357296 11.565762997950824 1
      vertex 13.404716283082962 10.950919711376937 1
      vertex 13.077981568872929 11.664496430541785 1
    endloop
  endfacet
  facet normal 0 0 1
    outer loop
      vertex 13.616334572434425 10.984139287258895 1
      vertex 13.077981568872929 11.664496430541785 1
      vertex 13.404716283082962 10.950919711376937 1
    endloop
  endfacet
  facet normal 0 0 1
    outer loop
      vertex 13.077981568872929 11.664496430541785 1
      vertex 13.616334572434425 10.984139287258895 1
      vertex 13.192866675555706 11.826593787755282 1
    endloop
  endfacet
  facet normal 0 0 1
    outer loop
      vertex 13.192866675555706 11.826593787755282 1
      vertex 13.616334572434425 10.984139287258895 1
      vertex 13.231161713600159 12.049596713270457 1
    endloop
  endfacet
  facet normal 0 0 1
    outer loop
      vertex 13.231161713600159 12.049596713270457 1
      vertex 13.404716283082962 12.470365860845359 1
      vertex 13.079832144081593 12.414077640857013 1
    endloop
  endfacet
  facet normal 0 0 1
    outer loop
      vertex 13.404716283082962 12.535571285869391 1
      vertex 13.079832144081593 12.414077640857013 1
      vertex 13.404716283082962 12.470365860845359 1
    endloop
  endfacet
  facet normal 0 0 1
    outer loop
      vertex 13.404716283082962 12.470365860845359 1
      vertex 13.231161713600159 12.049596713270457 1
      vertex 13.616334572434425 12.43836185463837 1
    endloop
  endfacet
  facet normal 0 0 1
    outer loop
      vertex 13.616334572434425 10.984139287258895 1
      vertex 13.616334572434425 12.43836185463837 1
      vertex 13.231161713600159 12.049596713270457 1
    endloop
  endfacet
  facet normal 0 0 1
    outer loop
      vertex 13.966963425278664 10.950919711376937 1
      vertex 13.745511710643768 12.369473428811343 1
      vertex 13.745511710643768 10.984139287258895 1
    endloop
  endfacet
  facet normal 0 0 1
    outer loop
      vertex 13.966963425278664 10.885714286352904 1
      vertex 14.762981288135052 10.885714286352904 1
      vertex 13.966963425278664 10.950919711376937 1
    endloop
  endfacet
  facet normal 0 0 1
    outer loop
      vertex 13.745511710643768 12.369473428811343 1
      vertex 13.966963425278664 10.950919711376937 1
      vertex 14.762981288135052 10.885714286352904 1
    endloop
  endfacet
  facet normal 0 0 1
    outer loop
      vertex 14.753129713237286 11.313867570246966 1
      vertex 14.53167799860239 12.470365860845359 1
      vertex 13.904225431382656 12.535571285869391 1
    endloop
  endfacet
  facet normal 0 0 1
    outer loop
      vertex 14.53167799860239 12.535571285869391 1
      vertex 13.904225431382656 12.535571285869391 1
      vertex 14.53167799860239 12.470365860845359 1
    endloop
  endfacet
  facet normal 0 0 1
    outer loop
      vertex 14.753129713237286 11.313867570246966 1
      vertex 14.753129713237286 12.43836185463837 1
      vertex 14.53167799860239 12.470365860845359 1
    endloop
  endfacet
  facet normal 0 0 1
    outer loop
      vertex 14.882325001060963 10.885714286352904 1
      vertex 15.093943282961845 12.470365860845359 1
      vertex 14.882325001060963 12.43836185463837 1
    endloop
  endfacet
  facet normal 0 0 1
    outer loop
      vertex 20.5 0 1
      vertex 13.268672071397305 3.6285714296357945 1
      vertex 13.149328358471394 3.6285714296357945 1
    endloop
  endfacet
  facet normal 0 0 1
    outer loop
      vertex 20.5 0 1
      vertex 13.610810071229935 3.6285714296357945 1
      vertex 13.268672071397305 3.6285714296357945 1
    endloop
  endfacet
  facet normal 0 0 1
    outer loop
      vertex 20.5 0 1
      vertex 14.173057213425636 3.6285714296357945 1
      vertex 13.610810071229935 3.6285714296357945 1
    endloop
  endfacet
  facet normal 0 0 1
    outer loop
      vertex 20.5 0 1
      vertex 14.969075068831444 3.6285714296357945 1
      vertex 14.173057213425636 3.6285714296357945 1
    endloop
  endfacet
  facet normal 0 0 1
    outer loop
      vertex 20.5 0 1
      vertex 15.088418789207935 3.6285714296357945 1
      vertex 14.969075068831444 3.6285714296357945 1
    endloop
  endfacet
  facet normal 0 0 1
    outer loop
      vertex 20.5 0 1
      vertex 15.430556789040565 3.6285714296357945 1
      vertex 15.088418789207935 3.6285714296357945 1
    endloop
  endfacet
  facet normal 0 0 1
    outer loop
      vertex 20.5 0 1
      vertex 15.992803931236267 3.6285714296357945 1
      vertex 15.430556789040565 3.6285714296357945 1
    endloop
  endfacet
  facet normal 0 0 1
    outer loop
      vertex 20.5 0 1
      vertex 16.788821786642075 3.6285714296357945 1
      vertex 15.992803931236267 3.6285714296357945 1
    endloop
  endfacet
  facet normal 0 0 1
    outer loop
      vertex 15.088418789207935 3.6285714296357945 1
      vertex 15.430556789040565 3.693776854659827 1
      vertex 15.642175070941448 5.18121899792126 1
    endloop
  endfacet
  facet normal 0 0 1
    outer loop
      vertex 15.642175070941448 3.726996430541785 1
      vertex 15.642175070941448 5.18121899792126 1
      vertex 15.430556789040565 3.693776854659827 1
    endloop
  endfacet
  facet normal 0 0 1
    outer loop
      vertex 15.088418789207935 3.6285714296357945 1
      vertex 15.642175070941448 5.18121899792126 1
      vertex 15.430556789040565 5.213223004128249 1
    endloop
  endfacet
  facet normal 0 0 1
    outer loop
      vertex 15.992803931236267 3.693776854659827 1
      vertex 15.771352216601372 5.112330572094233 1
      vertex 15.771352216601372 3.726996430541785 1
    endloop
  endfacet
  facet normal 0 0 1
    outer loop
      vertex 15.992803931236267 3.6285714296357945 1
      vertex 16.788821786642075 3.6285714296357945 1
      vertex 15.992803931236267 3.693776854659827 1
    endloop
  endfacet
  facet normal 0 0 1
    outer loop
      vertex 15.771352216601372 5.112330572094233 1
      vertex 15.992803931236267 3.693776854659827 1
      vertex 16.788821786642075 3.6285714296357945 1
    endloop
  endfacet
  facet normal 0 0 1
    outer loop
      vertex 16.77897021174431 4.610446664472906 1
      vertex 15.930065929889679 5.278428429152282 1
      vertex 16.77897021174431 4.0567247135298565 1
    endloop
  endfacet
  facet normal 0 0 1
    outer loop
      vertex 15.430556789040565 5.278428429152282 1
      vertex 15.300037071108818 5.213223004128249 1
      vertex 15.430556789040565 5.213223004128249 1
    endloop
  endfacet
  facet normal 0 0 1
    outer loop
      vertex 16.908165499567986 3.6285714296357945 1
      vertex 17.11978378891945 5.213223004128249 1
      vertex 16.908165499567986 5.18121899792126 1
    endloop
  endfacet
  facet normal 0 0 1
    outer loop
      vertex 16.77897021174431 4.610446664472906 1
      vertex 16.77897021174431 5.18121899792126 1
      vertex 16.557518497109413 5.213223004128249 1
    endloop
  endfacet
  facet normal 0 0 1
    outer loop
      vertex 20.5 0 1
      vertex 15.093943282961845 12.535571285869391 1
      vertex 17.11978378891945 5.278428429152282 1
    endloop
  endfacet
  facet normal 0 0 1
    outer loop
      vertex 20.5 0 1
      vertex 16.908165499567986 3.6285714296357945 1
      vertex 16.788821786642075 3.6285714296357945 1
    endloop
  endfacet
  facet normal 0 0 1
    outer loop
      vertex 20.5 0 1
      vertex 17.11978378891945 5.213223004128249 1
      vertex 16.908165499567986 3.6285714296357945 1
    endloop
  endfacet
  facet normal 0 0 1
    outer loop
      vertex 20.5 0 1
      vertex 17.11978378891945 5.278428429152282 1
      vertex 17.11978378891945 5.213223004128249 1
    endloop
  endfacet
  facet normal 0 0 1
    outer loop
      vertex 14.762981288135052 10.885714286352904 1
      vertex 17.11978378891945 5.278428429152282 1
      vertex 14.882325001060963 10.885714286352904 1
    endloop
  endfacet
  facet normal 0 0 1
    outer loop
      vertex 14.882325001060963 10.885714286352904 1
      vertex 17.11978378891945 5.278428429152282 1
      vertex 15.093943282961845 12.470365860845359 1
    endloop
  endfacet
  facet normal 0 0 1
    outer loop
      vertex 15.093943282961845 12.470365860845359 1
      vertex 17.11978378891945 5.278428429152282 1
      vertex 15.093943282961845 12.535571285869391 1
    endloop
  endfacet
  facet normal 0 0 1
    outer loop
      vertex 20.5 0 1
      vertex 18.38004469871521 18.142857143070014 1
      vertex 15.093943282961845 12.535571285869391 1
    endloop
  endfacet
  facet normal 0 0 1
    outer loop
      vertex 20.5 0 1
      vertex 18.38004469871521 18.483895683075698 1
      vertex 18.38004469871521 18.142857143070014 1
    endloop
  endfacet
  facet normal 0 0 1
    outer loop
      vertex 9.065090000629425 14.514285714711459 1
      vertex 10.835937179625034 12.499426179911406 1
      vertex 11.207180857658386 12.554022574211867 1
    endloop
  endfacet
  facet normal 0 0 1
    outer loop
      vertex 11.473853640258312 12.538333536471637 1
      vertex 9.980451568961143 14.514285714711459 1
      vertex 11.207180857658386 12.554022574211867 1
    endloop
  endfacet
  facet normal 0 0 1
    outer loop
      vertex 11.207180857658386 12.554022574211867 1
      vertex 9.980451568961143 14.514285714711459 1
      vertex 9.861107856035233 14.514285714711459 1
    endloop
  endfacet
  facet normal 0 0 1
    outer loop
      vertex 11.759594574570656 12.491266430701526 1
      vertex 10.845471248030663 14.544275858785422 1
      vertex 9.980451568961143 14.514285714711459 1
    endloop
  endfacet
  facet normal 0 0 1
    outer loop
      vertex 11.759594574570656 12.491266430701526 1
      vertex 9.980451568961143 14.514285714711459 1
      vertex 11.473853640258312 12.538333536471637 1
    endloop
  endfacet
  facet normal 0 0 1
    outer loop
      vertex 12.003307573497295 12.535571285869391 1
      vertex 11.20226414501667 14.489684001888545 1
      vertex 10.845471248030663 14.544275858785422 1
    endloop
  endfacet
  facet normal 0 0 1
    outer loop
      vertex 10.577260859310627 14.708051429476054 1
      vertex 9.980451568961143 14.514285714711459 1
      vertex 10.845471248030663 14.544275858785422 1
    endloop
  endfacet
  facet normal 0 0 1
    outer loop
      vertex 10.409321501851082 14.970265605832846 1
      vertex 9.980451568961143 14.514285714711459 1
      vertex 10.577260859310627 14.708051429476054 1
    endloop
  endfacet
  facet normal 0 0 1
    outer loop
      vertex 10.948976248502731 14.631774322475703 1
      vertex 11.68577128648758 15.759357431318076 1
      vertex 10.762426860630512 14.773873717870028 1
    endloop
  endfacet
  facet normal 0 0 1
    outer loop
      vertex 11.204731568694115 14.584407859827788 1
      vertex 11.68577128648758 15.759357431318076 1
      vertex 10.948976248502731 14.631774322475703 1
    endloop
  endfacet
  facet normal 0 0 1
    outer loop
      vertex 11.340979896485806 14.592866965915473 1
      vertex 11.766978710889816 15.759357431318076 1
      vertex 11.204731568694115 14.584407859827788 1
    endloop
  endfacet
  facet normal 0 0 1
    outer loop
      vertex 11.4692362844944 14.618244284178527 1
      vertex 11.766978710889816 15.759357431318076 1
      vertex 11.340979896485806 14.592866965915473 1
    endloop
  endfacet
  facet normal 0 0 1
    outer loop
      vertex 10.762426860630512 14.773873717870028 1
      vertex 11.68577128648758 15.759357431318076 1
      vertex 10.648467034101486 15.005798393275054 1
    endloop
  endfacet
  facet normal 0 0 1
    outer loop
      vertex 10.648467034101486 15.005798393275054 1
      vertex 11.68577128648758 15.759357431318076 1
      vertex 10.610480427742004 15.322604426528724 1
    endloop
  endfacet
  facet normal 0 0 1
    outer loop
      vertex 10.610480427742004 15.322604426528724 1
      vertex 11.68577128648758 15.759357431318076 1
      vertex 10.646775215864182 15.661549286331446 1
    endloop
  endfacet
  facet normal 0 0 1
    outer loop
      vertex 10.646775215864182 15.661549286331446 1
      vertex 11.68577128648758 15.759357431318076 1
      vertex 10.755659572780132 15.898386144425185 1
    endloop
  endfacet
  facet normal 0 0 1
    outer loop
      vertex 11.759594574570656 12.491266430701526 1
      vertex 12.003307573497295 12.535571285869391 1
      vertex 10.845471248030663 14.544275858785422 1
    endloop
  endfacet
  facet normal 0 0 1
    outer loop
      vertex 12.003307573497295 12.535571285869391 1
      vertex 11.503376610577106 14.509060570384772 1
      vertex 11.20226414501667 14.489684001888545 1
    endloop
  endfacet
  facet normal 0 0 1
    outer loop
      vertex 12.003307573497295 12.535571285869391 1
      vertex 11.78419628739357 14.567190283324035 1
      vertex 11.503376610577106 14.509060570384772 1
    endloop
  endfacet
  facet normal 0 0 1
    outer loop
      vertex 12.003307573497295 12.535571285869391 1
      vertex 12.0193095728755 14.514285714711459 1
      vertex 11.78419628739357 14.567190283324035 1
    endloop
  endfacet
  facet normal 0 0 1
    outer loop
      vertex 12.625843428075314 12.535571285869391 1
      vertex 12.0193095728755 14.514285714711459 1
      vertex 12.003307573497295 12.535571285869391 1
    endloop
  endfacet
  facet normal 0 0 1
    outer loop
      vertex 13.079832144081593 12.414077640857013 1
      vertex 12.714435003697872 14.514285714711459 1
      vertex 12.625843428075314 12.535571285869391 1
    endloop
  endfacet
  facet normal 0 0 1
    outer loop
      vertex 12.625843428075314 12.535571285869391 1
      vertex 12.714435003697872 14.514285714711459 1
      vertex 12.0193095728755 14.514285714711459 1
    endloop
  endfacet
  facet normal 0 0 1
    outer loop
      vertex 11.580578997731209 14.657768504108699 1
      vertex 11.766978710889816 15.759357431318076 1
      vertex 11.4692362844944 14.618244284178527 1
    endloop
  endfacet
  facet normal 0 0 1
    outer loop
      vertex 11.666086286306381 14.708668285395415 1
      vertex 11.766978710889816 15.759357431318076 1
      vertex 11.580578997731209 14.657768504108699 1
    endloop
  endfacet
  facet normal 0 0 1
    outer loop
      vertex 12.0193095728755 14.579491139735492 1
      vertex 11.78419628739357 14.567190283324035 1
      vertex 12.0193095728755 14.514285714711459 1
    endloop
  endfacet
  facet normal 0 0 1
    outer loop
      vertex 11.78419628739357 14.567190283324035 1
      vertex 12.0193095728755 14.579491139735492 1
      vertex 12.214925855398178 14.61271071561745 1
    endloop
  endfacet
  facet normal 0 0 1
    outer loop
      vertex 11.204731568694115 14.584407859827788 1
      vertex 11.766978710889816 15.759357431318076 1
      vertex 11.68577128648758 15.759357431318076 1
    endloop
  endfacet
  facet normal 0 0 1
    outer loop
      vertex 11.666086286306381 14.708668285395415 1
      vertex 11.711606711149216 14.954739855016978 1
      vertex 11.766978710889816 15.759357431318076 1
    endloop
  endfacet
  facet normal 0 0 1
    outer loop
      vertex 11.791580431163311 14.954739855016978 1
      vertex 12.003307573497295 16.098937289203914 1
      vertex 11.711606711149216 14.954739855016978 1
    endloop
  endfacet
  facet normal 0 0 1
    outer loop
      vertex 11.711606711149216 14.954739855016978 1
      vertex 12.003307573497295 16.098937289203914 1
      vertex 11.766978710889816 15.759357431318076 1
    endloop
  endfacet
  facet normal 0 0 1
    outer loop
      vertex 11.78419628739357 14.567190283324035 1
      vertex 12.214925855398178 16.066933282996924 1
      vertex 11.791580431163311 14.954739855016978 1
    endloop
  endfacet
  facet normal 0 0 1
    outer loop
      vertex 11.78419628739357 14.567190283324035 1
      vertex 12.214925855398178 14.61271071561745 1
      vertex 12.214925855398178 16.066933282996924 1
    endloop
  endfacet
  facet normal 0 0 1
    outer loop
      vertex 12.214925855398178 16.066933282996924 1
      vertex 12.003307573497295 16.098937289203914 1
      vertex 11.791580431163311 14.954739855016978 1
    endloop
  endfacet
  facet normal 0 0 1
    outer loop
      vertex 12.452379569411278 14.61271071561745 1
      vertex 12.714435003697872 14.579491139735492 1
      vertex 12.452379569411278 15.161423289562972 1
    endloop
  endfacet
  facet normal 0 0 1
    outer loop
      vertex 12.452379569411278 15.161423289562972 1
      vertex 12.714435003697872 14.579491139735492 1
      vertex 12.63814428448677 15.161423289562972 1
    endloop
  endfacet
  facet normal 0 0 1
    outer loop
      vertex 12.63814428448677 15.161423289562972 1
      vertex 12.714435003697872 14.579491139735492 1
      vertex 12.891441248357296 15.194334426309378 1
    endloop
  endfacet
  facet normal 0 0 1
    outer loop
      vertex 12.580323003232479 15.272167289044173 1
      vertex 12.761021323502064 15.295848251666339 1
      vertex 12.452379569411278 15.272167289044173 1
    endloop
  endfacet
  facet normal 0 0 1
    outer loop
      vertex 12.761021323502064 15.295848251666339 1
      vertex 12.887281998991966 15.366891146983416 1
      vertex 12.452379569411278 15.272167289044173 1
    endloop
  endfacet
  facet normal 0 0 1
    outer loop
      vertex 12.887281998991966 15.366891146983416 1
      vertex 12.961563393473625 15.491464534189017 1
      vertex 12.452379569411278 15.272167289044173 1
    endloop
  endfacet
  facet normal 0 0 1
    outer loop
      vertex 12.572938859462738 16.053398714746745 1
      vertex 12.452379569411278 16.053398714746745 1
      vertex 12.452379569411278 15.272167289044173 1
    endloop
  endfacet
  facet normal 0 0 1
    outer loop
      vertex 12.764559179544449 16.031559252526076 1
      vertex 12.572938859462738 16.053398714746745 1
      vertex 12.452379569411278 15.272167289044173 1
    endloop
  endfacet
  facet normal 0 0 1
    outer loop
      vertex 12.961563393473625 15.491464534189017 1
      vertex 12.986323855817318 15.675700717951567 1
      vertex 12.452379569411278 15.272167289044173 1
    endloop
  endfacet
  facet normal 0 0 1
    outer loop
      vertex 12.986323855817318 15.675700717951567 1
      vertex 12.962638355791569 15.849785962487967 1
      vertex 12.452379569411278 15.272167289044173 1
    endloop
  endfacet
  facet normal 0 0 1
    outer loop
      vertex 12.891581855714321 15.96604085841349 1
      vertex 12.764559179544449 16.031559252526076 1
      vertex 12.452379569411278 15.272167289044173 1
    endloop
  endfacet
  facet normal 0 0 1
    outer loop
      vertex 12.962638355791569 15.849785962487967 1
      vertex 12.891581855714321 15.96604085841349 1
      vertex 12.452379569411278 15.272167289044173 1
    endloop
  endfacet
  facet normal 0 0 1
    outer loop
      vertex 10.568643003702164 15.964208425368579 1
      vertex 10.192069858312607 16.098937289203914 1
      vertex 10.40716703236103 15.693997786726268 1
    endloop
  endfacet
  facet normal 0 0 1
    outer loop
      vertex 10.192069858312607 16.098937289203914 1
      vertex 10.568643003702164 15.964208425368579 1
      vertex 10.192069858312607 16.164142714227946 1
    endloop
  endfacet
  facet normal 0 0 1
    outer loop
      vertex 8.447146102786064 18.142857143070014 1
      vertex 11.207180857658386 16.182594002570422 1
      vertex 11.473853640258312 16.16690496483019 1
    endloop
  endfacet
  facet normal 0 0 1
    outer loop
      vertex 8.447146102786064 18.142857143070014 1
      vertex 11.473853640258312 16.16690496483019 1
      vertex 11.759594574570656 16.11983785906008 1
    endloop
  endfacet
  facet normal 0 0 1
    outer loop
      vertex 8.447146102786064 18.142857143070014 1
      vertex 11.759594574570656 16.11983785906008 1
      vertex 12.003307573497295 16.098937289203914 1
    endloop
  endfacet
  facet normal 0 0 1
    outer loop
      vertex 10.755659572780132 15.898386144425185 1
      vertex 11.68577128648758 15.759357431318076 1
      vertex 10.943592354655266 16.037723289217265 1
    endloop
  endfacet
  facet normal 0 0 1
    outer loop
      vertex 10.943592354655266 16.037723289217265 1
      vertex 11.68577128648758 15.759357431318076 1
      vertex 11.217032425105572 16.08416900166443 1
    endloop
  endfacet
  facet normal 0 0 1
    outer loop
      vertex 11.217032425105572 16.08416900166443 1
      vertex 11.68577128648758 15.759357431318076 1
      vertex 11.334062926471233 16.076939070011885 1
    endloop
  endfacet
  facet normal 0 0 1
    outer loop
      vertex 11.334062926471233 16.076939070011885 1
      vertex 11.68577128648758 15.759357431318076 1
      vertex 11.44893442839384 16.05524928250483 1
    endloop
  endfacet
  facet normal 0 0 1
    outer loop
      vertex 9.722864732146263 18.142857143070014 1
      vertex 12.003307573497295 16.098937289203914 1
      vertex 12.003307573497295 16.164142714227946 1
    endloop
  endfacet
  facet normal 0 0 1
    outer loop
      vertex 10.909886553883553 18.142857143070014 1
      vertex 9.722864732146263 18.142857143070014 1
      vertex 12.003307573497295 16.164142714227946 1
    endloop
  endfacet
  facet normal 0 0 1
    outer loop
      vertex 10.909886553883553 18.142857143070014 1
      vertex 11.658486239612103 18.49163542815617 1
      vertex 10.909886553883553 18.260226914073737 1
    endloop
  endfacet
  facet normal 0 0 1
    outer loop
      vertex 10.909886553883553 18.260226914073737 1
      vertex 11.255431786179543 19.593389460231574 1
      vertex 10.528973646461964 18.320022144700797 1
    endloop
  endfacet
  facet normal 0 0 1
    outer loop
      vertex 10.909886553883553 18.260226914073737 1
      vertex 11.356195397675037 18.96362094708851 1
      vertex 11.255431786179543 19.593389460231574 1
    endloop
  endfacet
  facet normal 0 0 1
    outer loop
      vertex 11.356195397675037 18.96362094708851 1
      vertex 10.909886553883553 18.260226914073737 1
      vertex 11.658486239612103 18.49163542815617 1
    endloop
  endfacet
  facet normal 0 0 1
    outer loop
      vertex 11.648868717253208 15.973443144346984 1
      vertex 11.44893442839384 16.05524928250483 1
      vertex 11.68577128648758 15.759357431318076 1
    endloop
  endfacet
  facet normal 0 0 1
    outer loop
      vertex 11.44893442839384 16.05524928250483 1
      vertex 11.648868717253208 15.973443144346984 1
      vertex 11.5558230727911 16.020346963192733 1
    endloop
  endfacet
  facet normal 0 0 1
    outer loop
      vertex 11.766978710889816 15.759357431318076 1
      vertex 12.003307573497295 16.098937289203914 1
      vertex 11.759594574570656 16.11983785906008 1
    endloop
  endfacet
  facet normal 0 0 1
    outer loop
      vertex 10.909886553883553 18.142857143070014 1
      vertex 12.003307573497295 16.164142714227946 1
      vertex 12.141264952719212 18.19683940091303 1
    endloop
  endfacet
  facet normal 0 0 1
    outer loop
      vertex 11.658486239612103 18.49163542815617 1
      vertex 10.909886553883553 18.142857143070014 1
      vertex 12.141264952719212 18.19683940091303 1
    endloop
  endfacet
  facet normal 0 0 1
    outer loop
      vertex 12.141264952719212 18.19683940091303 1
      vertex 12.003307573497295 16.164142714227946 1
      vertex 12.783492155373096 18.098574058498652 1
    endloop
  endfacet
  facet normal 0 0 1
    outer loop
      vertex 12.783492155373096 18.098574058498652 1
      vertex 12.003307573497295 16.164142714227946 1
      vertex 13.325494594871998 18.133451887752326 1
    endloop
  endfacet
  facet normal 0 0 1
    outer loop
      vertex 13.079832144081593 12.414077640857013 1
      vertex 13.404716283082962 12.535571285869391 1
      vertex 12.714435003697872 14.514285714711459 1
    endloop
  endfacet
  facet normal 0 0 1
    outer loop
      vertex 13.404716283082962 12.535571285869391 1
      vertex 13.404716283082962 14.514285714711459 1
      vertex 12.714435003697872 14.514285714711459 1
    endloop
  endfacet
  facet normal 0 0 1
    outer loop
      vertex 13.904225431382656 12.535571285869391 1
      vertex 13.404716283082962 14.514285714711459 1
      vertex 13.404716283082962 12.535571285869391 1
    endloop
  endfacet
  facet normal 0 0 1
    outer loop
      vertex 13.904225431382656 12.535571285869391 1
      vertex 13.966963425278664 14.514285714711459 1
      vertex 13.404716283082962 14.514285714711459 1
    endloop
  endfacet
  facet normal 0 0 1
    outer loop
      vertex 12.714435003697872 14.514285714711459 1
      vertex 13.404716283082962 14.579491139735492 1
      vertex 12.714435003697872 14.579491139735492 1
    endloop
  endfacet
  facet normal 0 0 1
    outer loop
      vertex 12.714435003697872 14.579491139735492 1
      vertex 13.404716283082962 14.579491139735492 1
      vertex 12.891441248357296 15.194334426309378 1
    endloop
  endfacet
  facet normal 0 0 1
    outer loop
      vertex 12.891441248357296 15.194334426309378 1
      vertex 13.404716283082962 14.579491139735492 1
      vertex 13.077981568872929 15.29306785890034 1
    endloop
  endfacet
  facet normal 0 0 1
    outer loop
      vertex 13.404716283082962 14.579491139735492 1
      vertex 12.714435003697872 14.514285714711459 1
      vertex 13.404716283082962 14.514285714711459 1
    endloop
  endfacet
  facet normal 0 0 1
    outer loop
      vertex 13.616334572434425 14.61271071561745 1
      vertex 13.077981568872929 15.29306785890034 1
      vertex 13.404716283082962 14.579491139735492 1
    endloop
  endfacet
  facet normal 0 0 1
    outer loop
      vertex 13.077981568872929 15.29306785890034 1
      vertex 13.616334572434425 14.61271071561745 1
      vertex 13.192866675555706 15.455165216113837 1
    endloop
  endfacet
  facet normal 0 0 1
    outer loop
      vertex 13.192866675555706 15.455165216113837 1
      vertex 13.616334572434425 14.61271071561745 1
      vertex 13.231161713600159 15.678168141629012 1
    endloop
  endfacet
  facet normal 0 0 1
    outer loop
      vertex 13.966963425278664 14.579491139735492 1
      vertex 13.745511710643768 15.998044857169898 1
      vertex 13.745511710643768 14.61271071561745 1
    endloop
  endfacet
  facet normal 0 0 1
    outer loop
      vertex 13.616334572434425 14.61271071561745 1
      vertex 13.616334572434425 16.066933282996924 1
      vertex 13.231161713600159 15.678168141629012 1
    endloop
  endfacet
  facet normal 0 0 1
    outer loop
      vertex 13.904225431382656 12.535571285869391 1
      vertex 14.53167799860239 12.535571285869391 1
      vertex 13.966963425278664 14.514285714711459 1
    endloop
  endfacet
  facet normal 0 0 1
    outer loop
      vertex 14.53167799860239 12.535571285869391 1
      vertex 14.762981288135052 14.514285714711459 1
      vertex 13.966963425278664 14.514285714711459 1
    endloop
  endfacet
  facet normal 0 0 1
    outer loop
      vertex 14.53167799860239 12.535571285869391 1
      vertex 14.882325001060963 14.514285714711459 1
      vertex 14.762981288135052 14.514285714711459 1
    endloop
  endfacet
  facet normal 0 0 1
    outer loop
      vertex 13.966963425278664 14.514285714711459 1
      vertex 14.762981288135052 14.514285714711459 1
      vertex 13.966963425278664 14.579491139735492 1
    endloop
  endfacet
  facet normal 0 0 1
    outer loop
      vertex 13.745511710643768 15.998044857169898 1
      vertex 13.966963425278664 14.579491139735492 1
      vertex 14.762981288135052 14.514285714711459 1
    endloop
  endfacet
  facet normal 0 0 1
    outer loop
      vertex 14.753129713237286 14.942438998605521 1
      vertex 14.53167799860239 16.098937289203914 1
      vertex 13.904225431382656 16.164142714227946 1
    endloop
  endfacet
  facet normal 0 0 1
    outer loop
      vertex 14.753129713237286 14.942438998605521 1
      vertex 14.753129713237286 16.066933282996924 1
      vertex 14.53167799860239 16.098937289203914 1
    endloop
  endfacet
  facet normal 0 0 1
    outer loop
      vertex 14.882325001060963 14.514285714711459 1
      vertex 15.093943282961845 16.098937289203914 1
      vertex 14.882325001060963 16.066933282996924 1
    endloop
  endfacet
  facet normal 0 0 1
    outer loop
      vertex 13.231161713600159 15.678168141629012 1
      vertex 13.404716283082962 16.098937289203914 1
      vertex 13.079832144081593 16.042649069215567 1
    endloop
  endfacet
  facet normal 0 0 1
    outer loop
      vertex 13.404716283082962 16.098937289203914 1
      vertex 13.231161713600159 15.678168141629012 1
      vertex 13.616334572434425 16.066933282996924 1
    endloop
  endfacet
  facet normal 0 0 1
    outer loop
      vertex 13.404716283082962 16.164142714227946 1
      vertex 13.079832144081593 16.042649069215567 1
      vertex 13.404716283082962 16.098937289203914 1
    endloop
  endfacet
  facet normal 0 0 1
    outer loop
      vertex 12.625843428075314 16.164142714227946 1
      vertex 14.336110703647137 18.193802283491404 1
      vertex 12.003307573497295 16.164142714227946 1
    endloop
  endfacet
  facet normal 0 0 1
    outer loop
      vertex 13.079832144081593 16.042649069215567 1
      vertex 14.336110703647137 18.193802283491404 1
      vertex 12.625843428075314 16.164142714227946 1
    endloop
  endfacet
  facet normal 0 0 1
    outer loop
      vertex 13.079832144081593 16.042649069215567 1
      vertex 13.404716283082962 16.164142714227946 1
      vertex 14.336110703647137 18.193802283491404 1
    endloop
  endfacet
  facet normal 0 0 1
    outer loop
      vertex 13.904225431382656 16.164142714227946 1
      vertex 14.336110703647137 18.193802283491404 1
      vertex 13.404716283082962 16.164142714227946 1
    endloop
  endfacet
  facet normal 0 0 1
    outer loop
      vertex 13.325494594871998 18.133451887752326 1
      vertex 12.003307573497295 16.164142714227946 1
      vertex 13.830970011651516 18.238085368062766 1
    endloop
  endfacet
  facet normal 0 0 1
    outer loop
      vertex 14.336110703647137 18.193802283491404 1
      vertex 13.830970011651516 18.238085368062766 1
      vertex 12.003307573497295 16.164142714227946 1
    endloop
  endfacet
  facet normal 0 0 1
    outer loop
      vertex 12.78793352842331 18.269076996828826 1
      vertex 13.653805017471313 20.383986228491576 1
      vertex 12.327573947608471 18.354336635555537 1
    endloop
  endfacet
  facet normal 0 0 1
    outer loop
      vertex 13.033180505037308 18.28430339076689 1
      vertex 13.799978382885456 20.383986228491576 1
      vertex 12.78793352842331 18.269076996828826 1
    endloop
  endfacet
  facet normal 0 0 1
    outer loop
      vertex 13.264042012393475 18.329982572581084 1
      vertex 13.799978382885456 20.383986228491576 1
      vertex 13.033180505037308 18.28430339076689 1
    endloop
  endfacet
  facet normal 0 0 1
    outer loop
      vertex 13.464458897709846 18.40112615504435 1
      vertex 13.799978382885456 20.383986228491576 1
      vertex 13.264042012393475 18.329982572581084 1
    endloop
  endfacet
  facet normal 0 0 1
    outer loop
      vertex 13.830970011651516 18.238085368062766 1
      vertex 14.31174847483635 18.81830483057669 1
      vertex 13.844261474907398 18.935674601580413 1
    endloop
  endfacet
  facet normal 0 0 1
    outer loop
      vertex 14.53167799860239 16.164142714227946 1
      vertex 13.904225431382656 16.164142714227946 1
      vertex 14.53167799860239 16.098937289203914 1
    endloop
  endfacet
  facet normal 0 0 1
    outer loop
      vertex 14.336110703647137 18.193802283491404 1
      vertex 13.904225431382656 16.164142714227946 1
      vertex 14.53167799860239 16.164142714227946 1
    endloop
  endfacet
  facet normal 0 0 1
    outer loop
      vertex 15.093943282961845 16.164142714227946 1
      vertex 14.723653011023998 18.12238111474684 1
      vertex 14.53167799860239 16.164142714227946 1
    endloop
  endfacet
  facet normal 0 0 1
    outer loop
      vertex 15.093943282961845 16.164142714227946 1
      vertex 15.133336871862411 18.098574058498652 1
      vertex 14.723653011023998 18.12238111474684 1
    endloop
  endfacet
  facet normal 0 0 1
    outer loop
      vertex 14.336110703647137 18.193802283491404 1
      vertex 14.53167799860239 16.164142714227946 1
      vertex 14.723653011023998 18.12238111474684 1
    endloop
  endfacet
  facet normal 0 0 1
    outer loop
      vertex 13.830970011651516 18.238085368062766 1
      vertex 14.336110703647137 18.193802283491404 1
      vertex 14.31174847483635 18.81830483057669 1
    endloop
  endfacet
  facet normal 0 0 1
    outer loop
      vertex 14.457889184355736 18.81830483057669 1
      vertex 13.844261474907398 18.935674601580413 1
      vertex 14.31174847483635 18.81830483057669 1
    endloop
  endfacet
  facet normal 0 0 1
    outer loop
      vertex 14.5575587823987 18.401958913888247 1
      vertex 14.661922849714756 18.356557318355353 1
      vertex 14.802258759737015 18.3178014544504 1
    endloop
  endfacet
  facet normal 0 0 1
    outer loop
      vertex 14.5575587823987 18.401958913888247 1
      vertex 14.955347277224064 18.29122670867613 1
      vertex 14.457889184355736 18.81830483057669 1
    endloop
  endfacet
  facet normal 0 0 1
    outer loop
      vertex 13.844261474907398 18.935674601580413 1
      vertex 14.457889184355736 18.81830483057669 1
      vertex 15.777792930603027 18.9733282861965 1
    endloop
  endfacet
  facet normal 0 0 1
    outer loop
      vertex 15.133336871862411 18.098574058498652 1
      vertex 15.093943282961845 16.164142714227946 1
      vertex 15.579025231301785 18.15504641958645 1
    endloop
  endfacet
  facet normal 0 0 1
    outer loop
      vertex 14.5575587823987 18.401958913888247 1
      vertex 14.802258759737015 18.3178014544504 1
      vertex 14.955347277224064 18.29122670867613 1
    endloop
  endfacet
  facet normal 0 0 1
    outer loop
      vertex 15.097903870046139 18.282368460084708 1
      vertex 14.457889184355736 18.81830483057669 1
      vertex 14.955347277224064 18.29122670867613 1
    endloop
  endfacet
  facet normal 0 0 1
    outer loop
      vertex 15.400202877819538 18.322226503278525 1
      vertex 14.457889184355736 18.81830483057669 1
      vertex 15.097903870046139 18.282368460084708 1
    endloop
  endfacet
  facet normal 0 0 1
    outer loop
      vertex 15.61169870197773 18.441800625409396 1
      vertex 14.457889184355736 18.81830483057669 1
      vertex 15.400202877819538 18.322226503278525 1
    endloop
  endfacet
  facet normal 0 0 1
    outer loop
      vertex 15.736269369721413 18.65441496052912 1
      vertex 14.457889184355736 18.81830483057669 1
      vertex 15.61169870197773 18.441800625409396 1
    endloop
  endfacet
  facet normal 0 0 1
    outer loop
      vertex 15.73958407342434 19.23048696049622 1
      vertex 13.844261474907398 18.935674601580413 1
      vertex 15.777792930603027 18.9733282861965 1
    endloop
  endfacet
  facet normal 0 0 1
    outer loop
      vertex 15.777792930603027 18.9733282861965 1
      vertex 14.457889184355736 18.81830483057669 1
      vertex 15.736269369721413 18.65441496052912 1
    endloop
  endfacet
  facet normal 0 1 0
    outer loop
      vertex 0 25.4 1
      vertex 20.5 25.4 1
      vertex 20.5 25.4 0
    endloop
  endfacet
  facet normal 0 0 1
    outer loop
      vertex 10.528973646461964 18.320022144700797 1
      vertex 10.909886553883553 20.995229968215735 1
      vertex 10.528973646461964 20.937622771944316 1
    endloop
  endfacet
  facet normal 0 0 1
    outer loop
      vertex 10.528973646461964 18.320022144700797 1
      vertex 11.255431786179543 19.593389460231574 1
      vertex 11.352317363023758 20.266338871206553 1
    endloop
  endfacet
  facet normal 0 0 1
    outer loop
      vertex 10.528973646461964 18.320022144700797 1
      vertex 11.352317363023758 20.266338871206553 1
      vertex 10.909886553883553 20.995229968215735 1
    endloop
  endfacet
  facet normal 0 0 1
    outer loop
      vertex 10.909886553883553 20.995229968215735 1
      vertex 11.642974101006985 20.75271802523306 1
      vertex 10.909886553883553 21.11259974667004 1
    endloop
  endfacet
  facet normal 0 0 1
    outer loop
      vertex 11.642974101006985 20.75271802523306 1
      vertex 10.909886553883553 20.995229968215735 1
      vertex 11.352317363023758 20.266338871206553 1
    endloop
  endfacet
  facet normal 0 0 1
    outer loop
      vertex 11.991785041987896 18.61011554428509 1
      vertex 13.653805017471313 20.383986228491576 1
      vertex 11.786657363176346 19.027579964484485 1
    endloop
  endfacet
  facet normal 0 0 1
    outer loop
      vertex 11.786657363176346 19.027579964484485 1
      vertex 13.653805017471313 20.383986228491576 1
      vertex 11.718281470239162 19.597830825831206 1
    endloop
  endfacet
  facet normal 0 0 1
    outer loop
      vertex 12.327573947608471 18.354336635555537 1
      vertex 13.653805017471313 20.383986228491576 1
      vertex 11.991785041987896 18.61011554428509 1
    endloop
  endfacet
  facet normal 0 0 1
    outer loop
      vertex 11.718281470239162 19.597830825831206 1
      vertex 13.653805017471313 20.383986228491576 1
      vertex 11.783612087368965 20.20793157198599 1
    endloop
  endfacet
  facet normal 0 0 1
    outer loop
      vertex 11.783612087368965 20.20793157198599 1
      vertex 13.653805017471313 20.383986228491576 1
      vertex 11.979603931307793 20.63423791655472 1
    endloop
  endfacet
  facet normal 0 0 1
    outer loop
      vertex 11.979603931307793 20.63423791655472 1
      vertex 13.653805017471313 20.383986228491576 1
      vertex 12.317882940173149 20.885044769729884 1
    endloop
  endfacet
  facet normal 0 0 1
    outer loop
      vertex 12.124103620648384 21.0475385499852 1
      vertex 10.909886553883553 21.11259974667004 1
      vertex 11.642974101006985 20.75271802523306 1
    endloop
  endfacet
  facet normal 0 0 1
    outer loop
      vertex 12.792342245578766 21.145812058235915 1
      vertex 10.909886553883553 21.11259974667004 1
      vertex 12.124103620648384 21.0475385499852 1
    endloop
  endfacet
  facet normal 0 0 1
    outer loop
      vertex 20.5 25.4 1
      vertex 7.167116731405258 21.11259974667004 1
      vertex 8.28768127411604 21.11259974667004 1
    endloop
  endfacet
  facet normal 0 0 1
    outer loop
      vertex 20.5 25.4 1
      vertex 8.28768127411604 21.11259974667004 1
      vertex 9.104860953986645 20.89391118415764 1
    endloop
  endfacet
  facet normal 0 0 1
    outer loop
      vertex 12.78793352842331 18.269076996828826 1
      vertex 13.799978382885456 20.383986228491576 1
      vertex 13.653805017471313 20.383986228491576 1
    endloop
  endfacet
  facet normal 0 0 1
    outer loop
      vertex 13.61837201565504 18.492745773281367 1
      vertex 13.799978382885456 20.383986228491576 1
      vertex 13.464458897709846 18.40112615504435 1
    endloop
  endfacet
  facet normal 0 0 1
    outer loop
      vertex 13.61837201565504 18.492745773281367 1
      vertex 13.700308784842491 18.935674601580413 1
      vertex 13.799978382885456 20.383986228491576 1
    endloop
  endfacet
  facet normal 0 0 1
    outer loop
      vertex 13.844261474907398 18.935674601580413 1
      vertex 13.799978382885456 20.383986228491576 1
      vertex 13.700308784842491 18.935674601580413 1
    endloop
  endfacet
  facet normal 0 0 1
    outer loop
      vertex 12.317882940173149 20.885044769729884 1
      vertex 13.653805017471313 20.383986228491576 1
      vertex 12.81007507443428 20.968647056605132 1
    endloop
  endfacet
  facet normal 0 0 1
    outer loop
      vertex 12.81007507443428 20.968647056605132 1
      vertex 13.653805017471313 20.383986228491576 1
      vertex 13.020729973912239 20.95563318708113 1
    endloop
  endfacet
  facet normal 0 0 1
    outer loop
      vertex 13.020729973912239 20.95563318708113 1
      vertex 13.653805017471313 20.383986228491576 1
      vertex 13.227498672902584 20.916591571058543 1
    endloop
  endfacet
  facet normal 0 0 1
    outer loop
      vertex 13.227498672902584 20.916591571058543 1
      vertex 13.58738038688898 20.76934051641396 1
      vertex 13.419898226857185 20.85376739629677 1
    endloop
  endfacet
  facet normal 0 0 1
    outer loop
      vertex 13.58738038688898 20.76934051641396 1
      vertex 13.227498672902584 20.916591571058543 1
      vertex 13.653805017471313 20.383986228491576 1
    endloop
  endfacet
  facet normal 0 0 1
    outer loop
      vertex 13.799978382885456 20.383986228491576 1
      vertex 14.402535326778889 21.050583825792582 1
      vertex 13.786686927080154 21.032850996937068 1
    endloop
  endfacet
  facet normal 0 0 1
    outer loop
      vertex 13.844261474907398 18.935674601580413 1
      vertex 14.834360726177692 19.602239542986663 1
      vertex 13.799978382885456 20.383986228491576 1
    endloop
  endfacet
  facet normal 0 0 1
    outer loop
      vertex 14.834360726177692 19.602239542986663 1
      vertex 13.844261474907398 18.935674601580413 1
      vertex 15.151069700717926 19.584539370025905 1
    endloop
  endfacet
  facet normal 0 0 1
    outer loop
      vertex 13.799978382885456 20.383986228491576 1
      vertex 14.834360726177692 19.78384591766766 1
      vertex 14.402535326778889 20.47921446093491 1
    endloop
  endfacet
  facet normal 0 0 1
    outer loop
      vertex 14.834360726177692 19.78384591766766 1
      vertex 13.799978382885456 20.383986228491576 1
      vertex 14.834360726177692 19.602239542986663 1
    endloop
  endfacet
  facet normal 0 0 1
    outer loop
      vertex 14.402535326778889 20.47921446093491 1
      vertex 14.834360726177692 19.78384591766766 1
      vertex 14.548708699643612 20.47921446093491 1
    endloop
  endfacet
  facet normal 0 0 1
    outer loop
      vertex 15.151069700717926 19.584539370025905 1
      vertex 13.844261474907398 18.935674601580413 1
      vertex 15.4300841614604 19.534982161011012 1
    endloop
  endfacet
  facet normal 0 0 1
    outer loop
      vertex 15.4300841614604 19.534982161011012 1
      vertex 13.844261474907398 18.935674601580413 1
      vertex 15.624957501888275 19.41733480372599 1
    endloop
  endfacet
  facet normal 0 0 1
    outer loop
      vertex 15.624957501888275 19.41733480372599 1
      vertex 13.844261474907398 18.935674601580413 1
      vertex 15.73958407342434 19.23048696049622 1
    endloop
  endfacet
  facet normal 0 0 1
    outer loop
      vertex 15.151069700717926 19.803766773428233 1
      vertex 14.548708699643612 20.47921446093491 1
      vertex 14.834360726177692 19.78384591766766 1
    endloop
  endfacet
  facet normal 0 0 1
    outer loop
      vertex 15.368631586432457 19.849168361510547 1
      vertex 14.548708699643612 20.47921446093491 1
      vertex 15.151069700717926 19.803766773428233 1
    endloop
  endfacet
  facet normal 0 0 1
    outer loop
      vertex 15.520879186689854 19.958790229048045 1
      vertex 14.548708699643612 20.47921446093491 1
      vertex 15.368631586432457 19.849168361510547 1
    endloop
  endfacet
  facet normal 0 0 1
    outer loop
      vertex 15.610572025179863 20.137065568353446 1
      vertex 14.548708699643612 20.47921446093491 1
      vertex 15.520879186689854 19.958790229048045 1
    endloop
  endfacet
  facet normal 0 0 1
    outer loop
      vertex 15.640469640493393 20.38842760154179 1
      vertex 14.548708699643612 20.47921446093491 1
      vertex 15.610572025179863 20.137065568353446 1
    endloop
  endfacet
  facet normal 0 0 1
    outer loop
      vertex 15.608081921935081 20.646704779352458 1
      vertex 14.548708699643612 20.47921446093491 1
      vertex 15.640469640493393 20.38842760154179 1
    endloop
  endfacet
  facet normal 0 0 1
    outer loop
      vertex 14.402535326778889 21.050583825792582 1
      vertex 13.799978382885456 20.383986228491576 1
      vertex 14.402535326778889 20.47921446093491 1
    endloop
  endfacet
  facet normal 0 0 1
    outer loop
      vertex 14.548708699643612 20.47921446093491 1
      vertex 14.731400921940804 20.890294404114993 1
      vertex 14.62620410323143 20.842394539500983 1
    endloop
  endfacet
  facet normal 0 0 1
    outer loop
      vertex 14.731400921940804 20.890294404114993 1
      vertex 14.548708699643612 20.47921446093491 1
      vertex 14.852093555033207 20.92766234406403 1
    endloop
  endfacet
  facet normal 0 0 1
    outer loop
      vertex 14.852093555033207 20.92766234406403 1
      vertex 14.548708699643612 20.47921446093491 1
      vertex 14.977766409516335 20.951763310815604 1
    endloop
  endfacet
  facet normal 0 0 1
    outer loop
      vertex 14.977766409516335 20.951763310815604 1
      vertex 14.548708699643612 20.47921446093491 1
      vertex 15.097903870046139 20.959796973850043 1
    endloop
  endfacet
  facet normal 0 0 1
    outer loop
      vertex 15.097903870046139 20.959796973850043 1
      vertex 14.548708699643612 20.47921446093491 1
      vertex 15.342889592051506 20.925743737603934 1
    endloop
  endfacet
  facet normal 0 0 1
    outer loop
      vertex 15.342889592051506 20.925743737603934 1
      vertex 14.548708699643612 20.47921446093491 1
      vertex 15.510918758809566 20.823584028865607 1
    endloop
  endfacet
  facet normal 0 0 1
    outer loop
      vertex 15.510918758809566 20.823584028865607 1
      vertex 14.548708699643612 20.47921446093491 1
      vertex 15.608081921935081 20.646704779352458 1
    endloop
  endfacet
  facet normal 0 0 1
    outer loop
      vertex 20.5 25.4 1
      vertex 9.104860953986645 20.89391118415764 1
      vertex 9.722864732146263 21.11259974667004 1
    endloop
  endfacet
  facet normal 0 0 1
    outer loop
      vertex 20.5 25.4 1
      vertex 9.722864732146263 21.11259974667004 1
      vertex 10.909886553883553 21.11259974667004 1
    endloop
  endfacet
  facet normal 0 0 1
    outer loop
      vertex 20.5 25.4 1
      vertex 10.909886553883553 21.11259974667004 1
      vertex 12.792342245578766 21.145812058235915 1
    endloop
  endfacet
  facet normal 1 0 0
    outer loop
      vertex 20.5 0 1
      vertex 20.5 25.4 0
      vertex 20.5 25.4 1
    endloop
  endfacet
  facet normal 0 0 1
    outer loop
      vertex 15.093943282961845 12.535571285869391 1
      vertex 18.38004469871521 18.142857143070014 1
      vertex 14.53167799860239 12.535571285869391 1
    endloop
  endfacet
  facet normal 0 0 1
    outer loop
      vertex 14.53167799860239 12.535571285869391 1
      vertex 18.38004469871521 18.142857143070014 1
      vertex 14.882325001060963 14.514285714711459 1
    endloop
  endfacet
  facet normal 0 0 1
    outer loop
      vertex 14.882325001060963 14.514285714711459 1
      vertex 18.38004469871521 18.142857143070014 1
      vertex 15.093943282961845 16.098937289203914 1
    endloop
  endfacet
  facet normal 0 0 1
    outer loop
      vertex 15.093943282961845 16.098937289203914 1
      vertex 18.38004469871521 18.142857143070014 1
      vertex 15.093943282961845 16.164142714227946 1
    endloop
  endfacet
  facet normal 0 0 1
    outer loop
      vertex 15.579025231301785 18.15504641958645 1
      vertex 15.093943282961845 16.164142714227946 1
      vertex 15.910642184317112 18.32446351775101 1
    endloop
  endfacet
  facet normal 0 0 1
    outer loop
      vertex 15.093943282961845 16.164142714227946 1
      vertex 16.561890929937363 18.142857143070014 1
      vertex 15.910642184317112 18.32446351775101 1
    endloop
  endfacet
  facet normal 0 0 1
    outer loop
      vertex 15.910642184317112 18.32446351775101 1
      vertex 16.561890929937363 18.46838354447058 1
      vertex 16.11660262197256 18.594089047397883 1
    endloop
  endfacet
  facet normal 0 0 1
    outer loop
      vertex 16.561890929937363 18.46838354447058 1
      vertex 15.910642184317112 18.32446351775101 1
      vertex 16.561890929937363 18.142857143070014 1
    endloop
  endfacet
  facet normal 0 0 1
    outer loop
      vertex 16.11660262197256 18.594089047397883 1
      vertex 16.561890929937363 18.46838354447058 1
      vertex 16.973795473575592 18.842667059387477 1
    endloop
  endfacet
  facet normal 0 0 1
    outer loop
      vertex 16.11660262197256 18.594089047397883 1
      vertex 16.973795473575592 18.842667059387477 1
      vertex 16.185256101191044 18.95118674018553 1
    endloop
  endfacet
  facet normal 0 0 1
    outer loop
      vertex 16.561890929937363 18.142857143070014 1
      vertex 15.093943282961845 16.164142714227946 1
      vertex 18.38004469871521 18.142857143070014 1
    endloop
  endfacet
  facet normal 0 0 1
    outer loop
      vertex 17.317618034780025 19.157122687782557 1
      vertex 16.185256101191044 18.95118674018553 1
      vertex 16.973795473575592 18.842667059387477 1
    endloop
  endfacet
  facet normal 0 0 1
    outer loop
      vertex 16.852016985416412 18.483895683075698 1
      vertex 18.38004469871521 18.483895683075698 1
      vertex 17.067374512553215 18.677119837488444 1
    endloop
  endfacet
  facet normal 0 0 1
    outer loop
      vertex 17.067374512553215 18.677119837488444 1
      vertex 18.38004469871521 18.483895683075698 1
      vertex 17.270550929009914 18.853737832392962 1
    endloop
  endfacet
  facet normal 0 0 1
    outer loop
      vertex 17.270550929009914 18.853737832392962 1
      vertex 18.38004469871521 18.483895683075698 1
      vertex 17.665849313139915 19.202254855419906 1
    endloop
  endfacet
  facet normal 0 0 1
    outer loop
      vertex 20.5 0 1
      vertex 20.5 25.4 1
      vertex 18.38004469871521 18.483895683075698 1
    endloop
  endfacet
  facet normal 0 0 1
    outer loop
      vertex 17.665849313139915 19.202254855419906 1
      vertex 18.38004469871521 18.483895683075698 1
      vertex 17.93048647046089 19.463838571097167 1
    endloop
  endfacet
  facet normal 0 0 1
    outer loop
      vertex 15.401288725435734 19.697467767979415 1
      vertex 15.751193687319756 19.616363757635863 1
      vertex 15.676172062754631 19.776375593032153 1
    endloop
  endfacet
  facet normal 0 0 1
    outer loop
      vertex 15.994799643754959 19.466059253896983 1
      vertex 15.676172062754631 19.776375593032153 1
      vertex 15.751193687319756 19.616363757635863 1
    endloop
  endfacet
  facet normal 0 0 1
    outer loop
      vertex 15.994799643754959 19.466059253896983 1
      vertex 15.880728244781494 19.92446757235697 1
      vertex 15.676172062754631 19.776375593032153 1
    endloop
  endfacet
  facet normal 0 0 1
    outer loop
      vertex 16.185256101191044 18.95118674018553 1
      vertex 17.317618034780025 19.157122687782557 1
      vertex 16.137641988694668 19.244888753976138 1
    endloop
  endfacet
  facet normal 0 0 1
    outer loop
      vertex 16.137641988694668 19.244888753976138 1
      vertex 17.55623561143875 19.405153685595305 1
      vertex 15.994799643754959 19.466059253896983 1
    endloop
  endfacet
  facet normal 0 0 1
    outer loop
      vertex 15.994799643754959 19.466059253896983 1
      vertex 17.55623561143875 19.405153685595305 1
      vertex 15.880728244781494 19.92446757235697 1
    endloop
  endfacet
  facet normal 0 0 1
    outer loop
      vertex 15.880728244781494 19.92446757235697 1
      vertex 17.55623561143875 19.405153685595305 1
      vertex 16.007797189056873 20.138461665596278 1
    endloop
  endfacet
  facet normal 0 0 1
    outer loop
      vertex 16.007797189056873 20.138461665596278 1
      vertex 16.661560527980328 20.47921446093491 1
      vertex 16.050153501331806 20.415010513152392 1
    endloop
  endfacet
  facet normal 0 0 1
    outer loop
      vertex 16.661560527980328 20.47921446093491 1
      vertex 16.007797189056873 20.138461665596278 1
      vertex 16.807701244950294 20.47921446093491 1
    endloop
  endfacet
  facet normal 0 0 1
    outer loop
      vertex 16.050153501331806 20.415010513152392 1
      vertex 16.661560527980328 21.050583825792582 1
      vertex 15.812091089785099 20.96311167010239 1
    endloop
  endfacet
  facet normal 0 0 1
    outer loop
      vertex 16.661560527980328 21.050583825792582 1
      vertex 16.050153501331806 20.415010513152392 1
      vertex 16.661560527980328 20.47921446093491 1
    endloop
  endfacet
  facet normal 0 0 1
    outer loop
      vertex 16.137641988694668 19.244888753976138 1
      vertex 17.317618034780025 19.157122687782557 1
      vertex 17.55623561143875 19.405153685595305 1
    endloop
  endfacet
  facet normal 0 0 1
    outer loop
      vertex 17.715953536331654 19.623287068094523 1
      vertex 16.007797189056873 20.138461665596278 1
      vertex 17.55623561143875 19.405153685595305 1
    endloop
  endfacet
  facet normal 0 0 1
    outer loop
      vertex 16.007797189056873 20.138461665596278 1
      vertex 17.883721441030502 20.092766159559996 1
      vertex 16.807701244950294 20.47921446093491 1
    endloop
  endfacet
  facet normal 0 0 1
    outer loop
      vertex 17.823077127337456 19.848049857999595 1
      vertex 16.007797189056873 20.138461665596278 1
      vertex 17.715953536331654 19.623287068094523 1
    endloop
  endfacet
  facet normal 0 0 1
    outer loop
      vertex 17.883721441030502 20.092766159559996 1
      vertex 16.007797189056873 20.138461665596278 1
      vertex 17.823077127337456 19.848049857999595 1
    endloop
  endfacet
  facet normal 0 0 1
    outer loop
      vertex 17.903936214745045 20.370694772686274 1
      vertex 16.807701244950294 20.47921446093491 1
      vertex 17.883721441030502 20.092766159559996 1
    endloop
  endfacet
  facet normal 0 0 1
    outer loop
      vertex 17.871270909905434 20.6242693228381 1
      vertex 16.807701244950294 20.47921446093491 1
      vertex 17.903936214745045 20.370694772686274 1
    endloop
  endfacet
  facet normal 0 0 1
    outer loop
      vertex 16.807701244950294 20.47921446093491 1
      vertex 16.987650267779827 20.890294404114993 1
      vertex 16.88522929698229 20.842394539500983 1
    endloop
  endfacet
  facet normal 0 0 1
    outer loop
      vertex 16.987650267779827 20.890294404114993 1
      vertex 16.807701244950294 20.47921446093491 1
      vertex 17.104456700384617 20.92766234406403 1
    endloop
  endfacet
  facet normal 0 0 1
    outer loop
      vertex 17.104456700384617 20.92766234406403 1
      vertex 16.807701244950294 20.47921446093491 1
      vertex 17.226823017001152 20.951763310815604 1
    endloop
  endfacet
  facet normal 0 0 1
    outer loop
      vertex 17.226823017001152 20.951763310815604 1
      vertex 16.807701244950294 20.47921446093491 1
      vertex 17.345858298242092 20.959796973850043 1
    endloop
  endfacet
  facet normal 0 0 1
    outer loop
      vertex 17.345858298242092 20.959796973850043 1
      vertex 16.807701244950294 20.47921446093491 1
      vertex 17.60109020024538 20.922143289233954 1
    endloop
  endfacet
  facet normal 0 0 1
    outer loop
      vertex 17.60109020024538 20.922143289233954 1
      vertex 16.807701244950294 20.47921446093491 1
      vertex 17.77327498793602 20.809182227935107 1
    endloop
  endfacet
  facet normal 0 0 1
    outer loop
      vertex 17.77327498793602 20.809182227935107 1
      vertex 16.807701244950294 20.47921446093491 1
      vertex 17.871270909905434 20.6242693228381 1
    endloop
  endfacet
  facet normal 0 0 1
    outer loop
      vertex 20.5 25.4 1
      vertex 12.792342245578766 21.145812058235915 1
      vertex 13.272353254258633 21.11757179477385 1
    endloop
  endfacet
  facet normal 0 0 1
    outer loop
      vertex 20.5 25.4 1
      vertex 13.272353254258633 21.11757179477385 1
      vertex 13.786686927080154 21.032850996937068 1
    endloop
  endfacet
  facet normal 0 0 1
    outer loop
      vertex 20.5 25.4 1
      vertex 13.786686927080154 21.032850996937068 1
      vertex 14.402535326778889 21.050583825792582 1
    endloop
  endfacet
  facet normal 0 0 1
    outer loop
      vertex 20.5 25.4 1
      vertex 14.402535326778889 21.050583825792582 1
      vertex 14.606813922524452 21.098467366184504 1
    endloop
  endfacet
  facet normal 0 0 1
    outer loop
      vertex 20.5 25.4 1
      vertex 14.606813922524452 21.098467366184504 1
      vertex 14.781194902956486 21.126968884255202 1
    endloop
  endfacet
  facet normal 0 0 1
    outer loop
      vertex 20.5 25.4 1
      vertex 14.781194902956486 21.126968884255202 1
      vertex 14.940104559063911 21.141101264740737 1
    endloop
  endfacet
  facet normal 0 0 1
    outer loop
      vertex 20.5 25.4 1
      vertex 14.940104559063911 21.141101264740737 1
      vertex 15.097903870046139 21.145812058235915 1
    endloop
  endfacet
  facet normal 0 0 1
    outer loop
      vertex 20.5 25.4 1
      vertex 15.097903870046139 21.145812058235915 1
      vertex 15.812091089785099 20.96311167010239 1
    endloop
  endfacet
  facet normal 0 0 1
    outer loop
      vertex 20.5 25.4 1
      vertex 15.812091089785099 20.96311167010239 1
      vertex 16.661560527980328 21.050583825792582 1
    endloop
  endfacet
  facet normal 0 0 1
    outer loop
      vertex 17.93048647046089 19.463838571097167 1
      vertex 18.38004469871521 18.483895683075698 1
      vertex 18.104051023721695 19.68253529199532 1
    endloop
  endfacet
  facet normal 0 0 1
    outer loop
      vertex 18.104051023721695 19.68253529199532 1
      vertex 18.38004469871521 18.483895683075698 1
      vertex 18.226131588220596 19.902326026346 1
    endloop
  endfacet
  facet normal 0 0 1
    outer loop
      vertex 20.5 25.4 1
      vertex 18.226131588220596 19.902326026346 1
      vertex 18.38004469871521 18.483895683075698 1
    endloop
  endfacet
  facet normal 0 0 1
    outer loop
      vertex 20.5 25.4 1
      vertex 18.29838551580906 20.129587085332187 1
      vertex 18.226131588220596 19.902326026346 1
    endloop
  endfacet
  facet normal 0 0 1
    outer loop
      vertex 20.5 25.4 1
      vertex 18.322470158338547 20.370694772686274 1
      vertex 18.29838551580906 20.129587085332187 1
    endloop
  endfacet
  facet normal 0 0 1
    outer loop
      vertex 20.5 25.4 1
      vertex 18.261295162141323 20.698735774840625 1
      vertex 18.322470158338547 20.370694772686274 1
    endloop
  endfacet
  facet normal 0 0 1
    outer loop
      vertex 20.5 25.4 1
      vertex 16.661560527980328 21.050583825792582 1
      vertex 17.03416220098734 21.122005001987727 1
    endloop
  endfacet
  facet normal 0 0 1
    outer loop
      vertex 20.5 25.4 1
      vertex 17.03416220098734 21.122005001987727 1
      vertex 17.345858298242092 21.145812058235915 1
    endloop
  endfacet
  facet normal 0 0 1
    outer loop
      vertex 20.5 25.4 1
      vertex 17.345858298242092 21.145812058235915 1
      vertex 17.77244222909212 21.095152662481578 1
    endloop
  endfacet
  facet normal 0 0 1
    outer loop
      vertex 20.5 25.4 1
      vertex 17.77244222909212 21.095152662481578 1
      vertex 18.077770188450813 20.943174482669146 1
    endloop
  endfacet
  facet normal 0 0 1
    outer loop
      vertex 20.5 25.4 1
      vertex 18.077770188450813 20.943174482669146 1
      vertex 18.261295162141323 20.698735774840625 1
    endloop
  endfacet
  facet normal -1 0 0
    outer loop
      vertex 3.3505889251828194 5.213223004128249 1.2000000000000002
      vertex 3.3505889251828194 5.278428429152282 1
      vertex 3.3505889251828194 5.213223004128249 1
    endloop
  endfacet
  facet normal -0.16978124626104316 -0.9854817747772138 0
    outer loop
      vertex 3.5363536402583122 5.18121899792126 1.2000000000000002
      vertex 3.3505889251828194 5.213223004128249 1
      vertex 3.5363536402583122 5.18121899792126 1
    endloop
  endfacet
  facet normal 0 1 0
    outer loop
      vertex 3.3505889251828194 5.278428429152282 1.2000000000000002
      vertex 4.048163644969463 5.278428429152282 1
      vertex 3.3505889251828194 5.278428429152282 1
    endloop
  endfacet
  facet normal -1 0 0
    outer loop
      vertex 3.3505889251828194 5.213223004128249 1.2000000000000002
      vertex 3.3505889251828194 5.278428429152282 1.2000000000000002
      vertex 3.3505889251828194 5.278428429152282 1
    endloop
  endfacet
  facet normal -0.16978124626104316 -0.9854817747772138 0
    outer loop
      vertex 3.3505889251828194 5.213223004128249 1.2000000000000002
      vertex 3.3505889251828194 5.213223004128249 1
      vertex 3.5363536402583122 5.18121899792126 1.2000000000000002
    endloop
  endfacet
  facet normal -0.8436109492544512 -0.5369549015494723 0
    outer loop
      vertex 4.115836501121521 4.270792284395011 1.2000000000000002
      vertex 3.5363536402583122 5.18121899792126 1.2000000000000002
      vertex 3.5363536402583122 5.18121899792126 1
    endloop
  endfacet
  facet normal 0 1 0
    outer loop
      vertex 3.3505889251828194 5.278428429152282 1.2000000000000002
      vertex 4.048163644969463 5.278428429152282 1.2000000000000002
      vertex 4.048163644969463 5.278428429152282 1
    endloop
  endfacet
  facet normal 0 0 1
    outer loop
      vertex 3.3505889251828194 5.213223004128249 1.2000000000000002
      vertex 3.5363536402583122 5.18121899792126 1.2000000000000002
      vertex 3.3505889251828194 5.278428429152282 1.2000000000000002
    endloop
  endfacet
  facet normal 0 0 1
    outer loop
      vertex 4.115836501121521 4.270792284395011 1.2000000000000002
      vertex 3.826711930334568 5.18121899792126 1.2000000000000002
      vertex 3.5363536402583122 5.18121899792126 1.2000000000000002
    endloop
  endfacet
  facet normal 0 0 1
    outer loop
      vertex 3.3505889251828194 5.278428429152282 1.2000000000000002
      vertex 3.5363536402583122 5.18121899792126 1.2000000000000002
      vertex 3.826711930334568 5.18121899792126 1.2000000000000002
    endloop
  endfacet
  facet normal 0 0 1
    outer loop
      vertex 3.3505889251828194 5.278428429152282 1.2000000000000002
      vertex 3.826711930334568 5.18121899792126 1.2000000000000002
      vertex 4.048163644969463 5.278428429152282 1.2000000000000002
    endloop
  endfacet
  facet normal -1 0 0
    outer loop
      vertex 3.853781074285507 3.6285714296357945 1.2000000000000002
      vertex 3.853781074285507 3.693776854659827 1
      vertex 3.853781074285507 3.6285714296357945 1
    endloop
  endfacet
  facet normal -0.12575904252114248 0.992060816293117 0
    outer loop
      vertex 3.853781074285507 3.693776854659827 1.2000000000000002
      vertex 4.115836501121521 3.726996430541785 1
      vertex 3.853781074285507 3.693776854659827 1
    endloop
  endfacet
  facet normal -1 0 0
    outer loop
      vertex 4.115836501121521 3.726996430541785 1.2000000000000002
      vertex 4.115836501121521 4.270792284395011 1
      vertex 4.115836501121521 3.726996430541785 1
    endloop
  endfacet
  facet normal 0 -1 0
    outer loop
      vertex 4.6153456419706345 3.6285714296357945 1.2000000000000002
      vertex 3.853781074285507 3.6285714296357945 1
      vertex 4.6153456419706345 3.6285714296357945 1
    endloop
  endfacet
  facet normal 0.12575904252114248 0.992060816293117 0
    outer loop
      vertex 4.353290215134621 3.726996430541785 1.2000000000000002
      vertex 4.6153456419706345 3.693776854659827 1
      vertex 4.353290215134621 3.726996430541785 1
    endloop
  endfacet
  facet normal -0.8436109492544512 -0.5369549015494723 0
    outer loop
      vertex 4.115836501121521 4.270792284395011 1.2000000000000002
      vertex 3.5363536402583122 5.18121899792126 1
      vertex 4.115836501121521 4.270792284395011 1
    endloop
  endfacet
  facet normal 1 0 0
    outer loop
      vertex 4.353290215134621 4.278176428164752 1.2000000000000002
      vertex 4.353290215134621 3.726996430541785 1
      vertex 4.353290215134621 4.278176428164752 1
    endloop
  endfacet
  facet normal -0.8607917770001507 0.5089572837173301 0
    outer loop
      vertex 4.300385646522045 4.4196544302361325 1.2000000000000002
      vertex 4.750673212110996 5.18121899792126 1
      vertex 4.300385646522045 4.4196544302361325 1
    endloop
  endfacet
  facet normal 1 0 0
    outer loop
      vertex 4.6153456419706345 3.693776854659827 1.2000000000000002
      vertex 4.6153456419706345 3.6285714296357945 1
      vertex 4.6153456419706345 3.693776854659827 1
    endloop
  endfacet
  facet normal -1 0 0
    outer loop
      vertex 3.853781074285507 3.6285714296357945 1.2000000000000002
      vertex 3.853781074285507 3.693776854659827 1.2000000000000002
      vertex 3.853781074285507 3.693776854659827 1
    endloop
  endfacet
  facet normal -0.12575904252114248 0.992060816293117 0
    outer loop
      vertex 3.853781074285507 3.693776854659827 1.2000000000000002
      vertex 4.115836501121521 3.726996430541785 1.2000000000000002
      vertex 4.115836501121521 3.726996430541785 1
    endloop
  endfacet
  facet normal 0 -1 0
    outer loop
      vertex 3.853781074285507 3.6285714296357945 1.2000000000000002
      vertex 3.853781074285507 3.6285714296357945 1
      vertex 4.6153456419706345 3.6285714296357945 1.2000000000000002
    endloop
  endfacet
  facet normal 1 0 0
    outer loop
      vertex 4.353290215134621 3.726996430541785 1.2000000000000002
      vertex 4.353290215134621 3.726996430541785 1
      vertex 4.353290215134621 4.278176428164752 1.2000000000000002
    endloop
  endfacet
  facet normal 0 0 1
    outer loop
      vertex 3.853781074285507 3.6285714296357945 1.2000000000000002
      vertex 4.115836501121521 3.726996430541785 1.2000000000000002
      vertex 3.853781074285507 3.693776854659827 1.2000000000000002
    endloop
  endfacet
  facet normal 0 0 1
    outer loop
      vertex 3.853781074285507 3.6285714296357945 1.2000000000000002
      vertex 4.6153456419706345 3.6285714296357945 1.2000000000000002
      vertex 4.115836501121521 3.726996430541785 1.2000000000000002
    endloop
  endfacet
  facet normal 0 0 1
    outer loop
      vertex 4.115836501121521 3.726996430541785 1.2000000000000002
      vertex 4.353290215134621 3.726996430541785 1.2000000000000002
      vertex 4.115836501121521 4.270792284395011 1.2000000000000002
    endloop
  endfacet
  facet normal 0 0 1
    outer loop
      vertex 4.115836501121521 3.726996430541785 1.2000000000000002
      vertex 4.6153456419706345 3.6285714296357945 1.2000000000000002
      vertex 4.353290215134621 3.726996430541785 1.2000000000000002
    endloop
  endfacet
  facet normal -1 0 0
    outer loop
      vertex 4.115836501121521 3.726996430541785 1.2000000000000002
      vertex 4.115836501121521 4.270792284395011 1.2000000000000002
      vertex 4.115836501121521 4.270792284395011 1
    endloop
  endfacet
  facet normal 0.8491509585563983 0.5281502149793655 0
    outer loop
      vertex 4.300385646522045 4.4196544302361325 1.2000000000000002
      vertex 4.300385646522045 4.4196544302361325 1
      vertex 3.826711930334568 5.18121899792126 1.2000000000000002
    endloop
  endfacet
  facet normal 0 0 1
    outer loop
      vertex 4.115836501121521 4.270792284395011 1.2000000000000002
      vertex 4.300385646522045 4.4196544302361325 1.2000000000000002
      vertex 3.826711930334568 5.18121899792126 1.2000000000000002
    endloop
  endfacet
  facet normal 0 0 1
    outer loop
      vertex 4.115836501121521 4.270792284395011 1.2000000000000002
      vertex 4.353290215134621 3.726996430541785 1.2000000000000002
      vertex 4.353290215134621 4.278176428164752 1.2000000000000002
    endloop
  endfacet
  facet normal 0 0 1
    outer loop
      vertex 4.115836501121521 4.270792284395011 1.2000000000000002
      vertex 4.353290215134621 4.278176428164752 1.2000000000000002
      vertex 4.300385646522045 4.4196544302361325 1.2000000000000002
    endloop
  endfacet
  facet normal 0 0 1
    outer loop
      vertex 4.300385646522045 4.4196544302361325 1.2000000000000002
      vertex 4.353290215134621 4.278176428164752 1.2000000000000002
      vertex 4.750673212110996 5.18121899792126 1.2000000000000002
    endloop
  endfacet
  facet normal 0.12575904252114248 0.992060816293117 0
    outer loop
      vertex 4.353290215134621 3.726996430541785 1.2000000000000002
      vertex 4.6153456419706345 3.693776854659827 1.2000000000000002
      vertex 4.6153456419706345 3.693776854659827 1
    endloop
  endfacet
  facet normal 1 0 0
    outer loop
      vertex 4.6153456419706345 3.6285714296357945 1.2000000000000002
      vertex 4.6153456419706345 3.6285714296357945 1
      vertex 4.6153456419706345 3.693776854659827 1.2000000000000002
    endloop
  endfacet
  facet normal 0 0 1
    outer loop
      vertex 4.353290215134621 3.726996430541785 1.2000000000000002
      vertex 4.6153456419706345 3.6285714296357945 1.2000000000000002
      vertex 4.6153456419706345 3.693776854659827 1.2000000000000002
    endloop
  endfacet
  facet normal 0.8566672092617404 -0.5158694530360383 0
    outer loop
      vertex 4.353290215134621 4.278176428164752 1.2000000000000002
      vertex 4.353290215134621 4.278176428164752 1
      vertex 4.897086068987846 5.18121899792126 1.2000000000000002
    endloop
  endfacet
  facet normal 0.8491509585563983 0.5281502149793655 0
    outer loop
      vertex 3.826711930334568 5.18121899792126 1.2000000000000002
      vertex 4.300385646522045 4.4196544302361325 1
      vertex 3.826711930334568 5.18121899792126 1
    endloop
  endfacet
  facet normal 0.143033156368482 -0.9897178972713737 0
    outer loop
      vertex 4.048163644969463 5.213223004128249 1.2000000000000002
      vertex 3.826711930334568 5.18121899792126 1
      vertex 4.048163644969463 5.213223004128249 1
    endloop
  endfacet
  facet normal 1 0 0
    outer loop
      vertex 4.048163644969463 5.278428429152282 1.2000000000000002
      vertex 4.048163644969463 5.213223004128249 1
      vertex 4.048163644969463 5.278428429152282 1
    endloop
  endfacet
  facet normal 0.8566672092617404 -0.5158694530360383 0
    outer loop
      vertex 4.897086068987846 5.18121899792126 1.2000000000000002
      vertex 4.353290215134621 4.278176428164752 1
      vertex 4.897086068987846 5.18121899792126 1
    endloop
  endfacet
  facet normal -1 0 0
    outer loop
      vertex 4.541522353887558 5.213223004128249 1.2000000000000002
      vertex 4.541522353887558 5.278428429152282 1
      vertex 4.541522353887558 5.213223004128249 1
    endloop
  endfacet
  facet normal -0.15125817653653023 -0.9884942913496486 0
    outer loop
      vertex 4.750673212110996 5.18121899792126 1.2000000000000002
      vertex 4.541522353887558 5.213223004128249 1
      vertex 4.750673212110996 5.18121899792126 1
    endloop
  endfacet
  facet normal 0 1 0
    outer loop
      vertex 4.541522353887558 5.278428429152282 1.2000000000000002
      vertex 5.077934071421623 5.278428429152282 1
      vertex 4.541522353887558 5.278428429152282 1
    endloop
  endfacet
  facet normal 0.17425872204503376 -0.9846999024023673 0
    outer loop
      vertex 5.077934071421623 5.213223004128249 1.2000000000000002
      vertex 4.897086068987846 5.18121899792126 1
      vertex 5.077934071421623 5.213223004128249 1
    endloop
  endfacet
  facet normal 1 0 0
    outer loop
      vertex 5.077934071421623 5.278428429152282 1.2000000000000002
      vertex 5.077934071421623 5.213223004128249 1
      vertex 5.077934071421623 5.278428429152282 1
    endloop
  endfacet
  facet normal 0.143033156368482 -0.9897178972713737 0
    outer loop
      vertex 3.826711930334568 5.18121899792126 1.2000000000000002
      vertex 3.826711930334568 5.18121899792126 1
      vertex 4.048163644969463 5.213223004128249 1.2000000000000002
    endloop
  endfacet
  facet normal 1 0 0
    outer loop
      vertex 4.048163644969463 5.213223004128249 1.2000000000000002
      vertex 4.048163644969463 5.213223004128249 1
      vertex 4.048163644969463 5.278428429152282 1.2000000000000002
    endloop
  endfacet
  facet normal 0 0 1
    outer loop
      vertex 3.826711930334568 5.18121899792126 1.2000000000000002
      vertex 4.048163644969463 5.213223004128249 1.2000000000000002
      vertex 4.048163644969463 5.278428429152282 1.2000000000000002
    endloop
  endfacet
  facet normal -0.8607917770001507 0.5089572837173301 0
    outer loop
      vertex 4.300385646522045 4.4196544302361325 1.2000000000000002
      vertex 4.750673212110996 5.18121899792126 1.2000000000000002
      vertex 4.750673212110996 5.18121899792126 1
    endloop
  endfacet
  facet normal -1 0 0
    outer loop
      vertex 4.541522353887558 5.213223004128249 1.2000000000000002
      vertex 4.541522353887558 5.278428429152282 1.2000000000000002
      vertex 4.541522353887558 5.278428429152282 1
    endloop
  endfacet
  facet normal -0.15125817653653023 -0.9884942913496486 0
    outer loop
      vertex 4.541522353887558 5.213223004128249 1.2000000000000002
      vertex 4.541522353887558 5.213223004128249 1
      vertex 4.750673212110996 5.18121899792126 1.2000000000000002
    endloop
  endfacet
  facet normal 0.17425872204503376 -0.9846999024023673 0
    outer loop
      vertex 4.897086068987846 5.18121899792126 1.2000000000000002
      vertex 4.897086068987846 5.18121899792126 1
      vertex 5.077934071421623 5.213223004128249 1.2000000000000002
    endloop
  endfacet
  facet normal 0 1 0
    outer loop
      vertex 4.541522353887558 5.278428429152282 1.2000000000000002
      vertex 5.077934071421623 5.278428429152282 1.2000000000000002
      vertex 5.077934071421623 5.278428429152282 1
    endloop
  endfacet
  facet normal 1 0 0
    outer loop
      vertex 5.077934071421623 5.213223004128249 1.2000000000000002
      vertex 5.077934071421623 5.213223004128249 1
      vertex 5.077934071421623 5.278428429152282 1.2000000000000002
    endloop
  endfacet
  facet normal 0 0 1
    outer loop
      vertex 4.353290215134621 4.278176428164752 1.2000000000000002
      vertex 4.897086068987846 5.18121899792126 1.2000000000000002
      vertex 4.750673212110996 5.18121899792126 1.2000000000000002
    endloop
  endfacet
  facet normal 0 0 1
    outer loop
      vertex 4.541522353887558 5.213223004128249 1.2000000000000002
      vertex 4.750673212110996 5.18121899792126 1.2000000000000002
      vertex 4.541522353887558 5.278428429152282 1.2000000000000002
    endloop
  endfacet
  facet normal 0 0 1
    outer loop
      vertex 4.541522353887558 5.278428429152282 1.2000000000000002
      vertex 4.750673212110996 5.18121899792126 1.2000000000000002
      vertex 4.897086068987846 5.18121899792126 1.2000000000000002
    endloop
  endfacet
  facet normal 0 0 1
    outer loop
      vertex 4.541522353887558 5.278428429152282 1.2000000000000002
      vertex 4.897086068987846 5.18121899792126 1.2000000000000002
      vertex 5.077934071421623 5.278428429152282 1.2000000000000002
    endloop
  endfacet
  facet normal 0 0 1
    outer loop
      vertex 4.897086068987846 5.18121899792126 1.2000000000000002
      vertex 5.077934071421623 5.213223004128249 1.2000000000000002
      vertex 5.077934071421623 5.278428429152282 1.2000000000000002
    endloop
  endfacet
  facet normal -1 0 0
    outer loop
      vertex 5.673527784645557 3.6285714296357945 1.2000000000000002
      vertex 5.673527784645557 3.693776854659827 1
      vertex 5.673527784645557 3.6285714296357945 1
    endloop
  endfacet
  facet normal -0.12575904252114248 0.992060816293117 0
    outer loop
      vertex 5.673527784645557 3.693776854659827 1.2000000000000002
      vertex 5.935583211481571 3.726996430541785 1
      vertex 5.673527784645557 3.693776854659827 1
    endloop
  endfacet
  facet normal -0.8436109523817354 -0.5369548966361897 0
    outer loop
      vertex 5.935583211481571 4.270792284395011 1.2000000000000002
      vertex 5.356100358068943 5.18121899792126 1
      vertex 5.935583211481571 4.270792284395011 1
    endloop
  endfacet
  facet normal -1 0 0
    outer loop
      vertex 5.935583211481571 3.726996430541785 1.2000000000000002
      vertex 5.935583211481571 4.270792284395011 1
      vertex 5.935583211481571 3.726996430541785 1
    endloop
  endfacet
  facet normal 0 -1 0
    outer loop
      vertex 6.435092359781265 3.6285714296357945 1.2000000000000002
      vertex 5.673527784645557 3.6285714296357945 1
      vertex 6.435092359781265 3.6285714296357945 1
    endloop
  endfacet
  facet normal 0.12575903900219518 0.9920608167391979 0
    outer loop
      vertex 6.173036925494671 3.726996430541785 1.2000000000000002
      vertex 6.435092359781265 3.693776854659827 1
      vertex 6.173036925494671 3.726996430541785 1
    endloop
  endfacet
  facet normal 1 0 0
    outer loop
      vertex 6.173036925494671 4.278176428164752 1.2000000000000002
      vertex 6.173036925494671 3.726996430541785 1
      vertex 6.173036925494671 4.278176428164752 1
    endloop
  endfacet
  facet normal -0.8607917733107066 0.5089572899572312 0
    outer loop
      vertex 6.120132356882095 4.4196544302361325 1.2000000000000002
      vertex 6.570419929921627 5.18121899792126 1
      vertex 6.120132356882095 4.4196544302361325 1
    endloop
  endfacet
  facet normal -1 0 0
    outer loop
      vertex 5.673527784645557 3.6285714296357945 1.2000000000000002
      vertex 5.673527784645557 3.693776854659827 1.2000000000000002
      vertex 5.673527784645557 3.693776854659827 1
    endloop
  endfacet
  facet normal 0 0 1
    outer loop
      vertex 5.673527784645557 3.6285714296357945 1.2000000000000002
      vertex 5.935583211481571 3.726996430541785 1.2000000000000002
      vertex 5.673527784645557 3.693776854659827 1.2000000000000002
    endloop
  endfacet
  facet normal -0.12575904252114248 0.992060816293117 0
    outer loop
      vertex 5.673527784645557 3.693776854659827 1.2000000000000002
      vertex 5.935583211481571 3.726996430541785 1.2000000000000002
      vertex 5.935583211481571 3.726996430541785 1
    endloop
  endfacet
  facet normal 0 -1 0
    outer loop
      vertex 5.673527784645557 3.6285714296357945 1.2000000000000002
      vertex 5.673527784645557 3.6285714296357945 1
      vertex 6.435092359781265 3.6285714296357945 1.2000000000000002
    endloop
  endfacet
  facet normal 1 0 0
    outer loop
      vertex 6.173036925494671 3.726996430541785 1.2000000000000002
      vertex 6.173036925494671 3.726996430541785 1
      vertex 6.173036925494671 4.278176428164752 1.2000000000000002
    endloop
  endfacet
  facet normal 0.12575903900219518 0.9920608167391979 0
    outer loop
      vertex 6.173036925494671 3.726996430541785 1.2000000000000002
      vertex 6.435092359781265 3.693776854659827 1.2000000000000002
      vertex 6.435092359781265 3.693776854659827 1
    endloop
  endfacet
  facet normal 0 0 1
    outer loop
      vertex 5.673527784645557 3.6285714296357945 1.2000000000000002
      vertex 6.173036925494671 3.726996430541785 1.2000000000000002
      vertex 5.935583211481571 3.726996430541785 1.2000000000000002
    endloop
  endfacet
  facet normal 0 0 1
    outer loop
      vertex 5.935583211481571 3.726996430541785 1.2000000000000002
      vertex 6.173036925494671 3.726996430541785 1.2000000000000002
      vertex 5.935583211481571 4.270792284395011 1.2000000000000002
    endloop
  endfacet
  facet normal 0 0 1
    outer loop
      vertex 5.673527784645557 3.6285714296357945 1.2000000000000002
      vertex 6.435092359781265 3.6285714296357945 1.2000000000000002
      vertex 6.173036925494671 3.726996430541785 1.2000000000000002
    endloop
  endfacet
  facet normal 0 0 1
    outer loop
      vertex 6.173036925494671 3.726996430541785 1.2000000000000002
      vertex 6.435092359781265 3.6285714296357945 1.2000000000000002
      vertex 6.435092359781265 3.693776854659827 1.2000000000000002
    endloop
  endfacet
  facet normal -1 0 0
    outer loop
      vertex 5.935583211481571 3.726996430541785 1.2000000000000002
      vertex 5.935583211481571 4.270792284395011 1.2000000000000002
      vertex 5.935583211481571 4.270792284395011 1
    endloop
  endfacet
  facet normal 0.8491509585563983 0.5281502149793655 0
    outer loop
      vertex 6.120132356882095 4.4196544302361325 1.2000000000000002
      vertex 6.120132356882095 4.4196544302361325 1
      vertex 5.646458640694618 5.18121899792126 1.2000000000000002
    endloop
  endfacet
  facet normal 0.8566672061382082 -0.5158694582230631 0
    outer loop
      vertex 6.173036925494671 4.278176428164752 1.2000000000000002
      vertex 6.173036925494671 4.278176428164752 1
      vertex 6.716832786798477 5.18121899792126 1.2000000000000002
    endloop
  endfacet
  facet normal 0 0 1
    outer loop
      vertex 5.935583211481571 4.270792284395011 1.2000000000000002
      vertex 6.173036925494671 4.278176428164752 1.2000000000000002
      vertex 6.120132356882095 4.4196544302361325 1.2000000000000002
    endloop
  endfacet
  facet normal 0 0 1
    outer loop
      vertex 5.935583211481571 4.270792284395011 1.2000000000000002
      vertex 6.120132356882095 4.4196544302361325 1.2000000000000002
      vertex 5.646458640694618 5.18121899792126 1.2000000000000002
    endloop
  endfacet
  facet normal 0 0 1
    outer loop
      vertex 5.935583211481571 4.270792284395011 1.2000000000000002
      vertex 6.173036925494671 3.726996430541785 1.2000000000000002
      vertex 6.173036925494671 4.278176428164752 1.2000000000000002
    endloop
  endfacet
  facet normal 0 0 1
    outer loop
      vertex 6.173036925494671 4.278176428164752 1.2000000000000002
      vertex 6.570419929921627 5.18121899792126 1.2000000000000002
      vertex 6.120132356882095 4.4196544302361325 1.2000000000000002
    endloop
  endfacet
  facet normal -1 0 0
    outer loop
      vertex 5.17033564299345 5.213223004128249 1.2000000000000002
      vertex 5.17033564299345 5.278428429152282 1
      vertex 5.17033564299345 5.213223004128249 1
    endloop
  endfacet
  facet normal -0.16978124626104316 -0.9854817747772138 0
    outer loop
      vertex 5.356100358068943 5.18121899792126 1.2000000000000002
      vertex 5.17033564299345 5.213223004128249 1
      vertex 5.356100358068943 5.18121899792126 1
    endloop
  endfacet
  facet normal 0 1 0
    outer loop
      vertex 5.17033564299345 5.278428429152282 1.2000000000000002
      vertex 5.8679103553295135 5.278428429152282 1
      vertex 5.17033564299345 5.278428429152282 1
    endloop
  endfacet
  facet normal 0.8491509585563983 0.5281502149793655 0
    outer loop
      vertex 5.646458640694618 5.18121899792126 1.2000000000000002
      vertex 6.120132356882095 4.4196544302361325 1
      vertex 5.646458640694618 5.18121899792126 1
    endloop
  endfacet
  facet normal 0.143033156368482 -0.9897178972713737 0
    outer loop
      vertex 5.8679103553295135 5.213223004128249 1.2000000000000002
      vertex 5.646458640694618 5.18121899792126 1
      vertex 5.8679103553295135 5.213223004128249 1
    endloop
  endfacet
  facet normal 1 0 0
    outer loop
      vertex 5.8679103553295135 5.278428429152282 1.2000000000000002
      vertex 5.8679103553295135 5.213223004128249 1
      vertex 5.8679103553295135 5.278428429152282 1
    endloop
  endfacet
  facet normal -1 0 0
    outer loop
      vertex 6.361269071698189 5.213223004128249 1.2000000000000002
      vertex 6.361269071698189 5.278428429152282 1
      vertex 6.361269071698189 5.213223004128249 1
    endloop
  endfacet
  facet normal -1 0 0
    outer loop
      vertex 5.17033564299345 5.213223004128249 1.2000000000000002
      vertex 5.17033564299345 5.278428429152282 1.2000000000000002
      vertex 5.17033564299345 5.278428429152282 1
    endloop
  endfacet
  facet normal -0.16978124626104316 -0.9854817747772138 0
    outer loop
      vertex 5.17033564299345 5.213223004128249 1.2000000000000002
      vertex 5.17033564299345 5.213223004128249 1
      vertex 5.356100358068943 5.18121899792126 1.2000000000000002
    endloop
  endfacet
  facet normal -0.8436109523817354 -0.5369548966361897 0
    outer loop
      vertex 5.356100358068943 5.18121899792126 1.2000000000000002
      vertex 5.356100358068943 5.18121899792126 1
      vertex 5.935583211481571 4.270792284395011 1.2000000000000002
    endloop
  endfacet
  facet normal 0 1 0
    outer loop
      vertex 5.17033564299345 5.278428429152282 1.2000000000000002
      vertex 5.8679103553295135 5.278428429152282 1.2000000000000002
      vertex 5.8679103553295135 5.278428429152282 1
    endloop
  endfacet
  facet normal 0.143033156368482 -0.9897178972713737 0
    outer loop
      vertex 5.646458640694618 5.18121899792126 1.2000000000000002
      vertex 5.646458640694618 5.18121899792126 1
      vertex 5.8679103553295135 5.213223004128249 1.2000000000000002
    endloop
  endfacet
  facet normal 0 0 1
    outer loop
      vertex 5.17033564299345 5.213223004128249 1.2000000000000002
      vertex 5.356100358068943 5.18121899792126 1.2000000000000002
      vertex 5.17033564299345 5.278428429152282 1.2000000000000002
    endloop
  endfacet
  facet normal 0 0 1
    outer loop
      vertex 5.17033564299345 5.278428429152282 1.2000000000000002
      vertex 5.356100358068943 5.18121899792126 1.2000000000000002
      vertex 5.646458640694618 5.18121899792126 1.2000000000000002
    endloop
  endfacet
  facet normal 0 0 1
    outer loop
      vertex 5.356100358068943 5.18121899792126 1.2000000000000002
      vertex 5.935583211481571 4.270792284395011 1.2000000000000002
      vertex 5.646458640694618 5.18121899792126 1.2000000000000002
    endloop
  endfacet
  facet normal 0 0 1
    outer loop
      vertex 5.17033564299345 5.278428429152282 1.2000000000000002
      vertex 5.646458640694618 5.18121899792126 1.2000000000000002
      vertex 5.8679103553295135 5.278428429152282 1.2000000000000002
    endloop
  endfacet
  facet normal 1 0 0
    outer loop
      vertex 5.8679103553295135 5.213223004128249 1.2000000000000002
      vertex 5.8679103553295135 5.213223004128249 1
      vertex 5.8679103553295135 5.278428429152282 1.2000000000000002
    endloop
  endfacet
  facet normal -1 0 0
    outer loop
      vertex 6.361269071698189 5.213223004128249 1.2000000000000002
      vertex 6.361269071698189 5.278428429152282 1.2000000000000002
      vertex 6.361269071698189 5.278428429152282 1
    endloop
  endfacet
  facet normal 0 0 1
    outer loop
      vertex 5.646458640694618 5.18121899792126 1.2000000000000002
      vertex 5.8679103553295135 5.213223004128249 1.2000000000000002
      vertex 5.8679103553295135 5.278428429152282 1.2000000000000002
    endloop
  endfacet
  facet normal 1 0 0
    outer loop
      vertex 6.435092359781265 3.693776854659827 1.2000000000000002
      vertex 6.435092359781265 3.6285714296357945 1
      vertex 6.435092359781265 3.693776854659827 1
    endloop
  endfacet
  facet normal -0.945793803058565 -0.324767735614264 0
    outer loop
      vertex 7.654437497258186 3.5904351411121205 1.2000000000000002
      vertex 7.108192354440689 5.18121899792126 1
      vertex 7.654437497258186 3.5904351411121205 1
    endloop
  endfacet
  facet normal 1 0 0
    outer loop
      vertex 6.435092359781265 3.6285714296357945 1.2000000000000002
      vertex 6.435092359781265 3.6285714296357945 1
      vertex 6.435092359781265 3.693776854659827 1.2000000000000002
    endloop
  endfacet
  facet normal 0 -1 0
    outer loop
      vertex 7.654437497258186 3.5904351411121205 1.2000000000000002
      vertex 7.654437497258186 3.5904351411121205 1
      vertex 7.719661071896553 3.5904351411121205 1.2000000000000002
    endloop
  endfacet
  facet normal -0.945793803058565 -0.324767735614264 0
    outer loop
      vertex 7.108192354440689 5.18121899792126 1.2000000000000002
      vertex 7.108192354440689 5.18121899792126 1
      vertex 7.654437497258186 3.5904351411121205 1.2000000000000002
    endloop
  endfacet
  facet normal 0.9474729020792141 0.31983605147886607 0
    outer loop
      vertex 7.351796500384808 5.18121899792126 1.2000000000000002
      vertex 7.744262784719467 4.018588432456763 1.2000000000000002
      vertex 7.744262784719467 4.018588432456763 1
    endloop
  endfacet
  facet normal 0 0 1
    outer loop
      vertex 7.108192354440689 5.18121899792126 1.2000000000000002
      vertex 7.654437497258186 3.5904351411121205 1.2000000000000002
      vertex 7.719661071896553 3.5904351411121205 1.2000000000000002
    endloop
  endfacet
  facet normal 0 0 1
    outer loop
      vertex 7.108192354440689 5.18121899792126 1.2000000000000002
      vertex 7.719661071896553 3.5904351411121205 1.2000000000000002
      vertex 7.744262784719467 4.018588432456763 1.2000000000000002
    endloop
  endfacet
  facet normal 0.8566672061382082 -0.5158694582230631 0
    outer loop
      vertex 6.716832786798477 5.18121899792126 1.2000000000000002
      vertex 6.173036925494671 4.278176428164752 1
      vertex 6.716832786798477 5.18121899792126 1
    endloop
  endfacet
  facet normal -0.15125817653653023 -0.9884942913496486 0
    outer loop
      vertex 6.570419929921627 5.18121899792126 1.2000000000000002
      vertex 6.361269071698189 5.213223004128249 1
      vertex 6.570419929921627 5.18121899792126 1
    endloop
  endfacet
  facet normal 0 1 0
    outer loop
      vertex 6.361269071698189 5.278428429152282 1.2000000000000002
      vertex 6.897680789232254 5.278428429152282 1
      vertex 6.361269071698189 5.278428429152282 1
    endloop
  endfacet
  facet normal 0.17425872204503376 -0.9846999024023673 0
    outer loop
      vertex 6.897680789232254 5.213223004128249 1.2000000000000002
      vertex 6.716832786798477 5.18121899792126 1
      vertex 6.897680789232254 5.213223004128249 1
    endloop
  endfacet
  facet normal 1 0 0
    outer loop
      vertex 6.897680789232254 5.278428429152282 1.2000000000000002
      vertex 6.897680789232254 5.213223004128249 1
      vertex 6.897680789232254 5.278428429152282 1
    endloop
  endfacet
  facet normal -1 0 0
    outer loop
      vertex 6.964246928691864 5.213223004128249 1.2000000000000002
      vertex 6.964246928691864 5.278428429152282 1
      vertex 6.964246928691864 5.213223004128249 1
    endloop
  endfacet
  facet normal -0.21703471907889105 -0.9761638851721297 0
    outer loop
      vertex 7.108192354440689 5.18121899792126 1.2000000000000002
      vertex 6.964246928691864 5.213223004128249 1
      vertex 7.108192354440689 5.18121899792126 1
    endloop
  endfacet
  facet normal 0 1 0
    outer loop
      vertex 6.964246928691864 5.278428429152282 1.2000000000000002
      vertex 7.594166927039623 5.278428429152282 1
      vertex 6.964246928691864 5.278428429152282 1
    endloop
  endfacet
  facet normal 0.9474729020792141 0.31983605147886607 0
    outer loop
      vertex 7.351796500384808 5.18121899792126 1.2000000000000002
      vertex 7.744262784719467 4.018588432456763 1
      vertex 7.351796500384808 5.18121899792126 1
    endloop
  endfacet
  facet normal 0.13090949466620466 -0.991394323267104 0
    outer loop
      vertex 7.594166927039623 5.213223004128249 1.2000000000000002
      vertex 7.351796500384808 5.18121899792126 1
      vertex 7.594166927039623 5.213223004128249 1
    endloop
  endfacet
  facet normal 1 0 0
    outer loop
      vertex 7.594166927039623 5.278428429152282 1.2000000000000002
      vertex 7.594166927039623 5.213223004128249 1
      vertex 7.594166927039623 5.278428429152282 1
    endloop
  endfacet
  facet normal -0.8607917733107066 0.5089572899572312 0
    outer loop
      vertex 6.120132356882095 4.4196544302361325 1.2000000000000002
      vertex 6.570419929921627 5.18121899792126 1.2000000000000002
      vertex 6.570419929921627 5.18121899792126 1
    endloop
  endfacet
  facet normal -0.15125817653653023 -0.9884942913496486 0
    outer loop
      vertex 6.361269071698189 5.213223004128249 1.2000000000000002
      vertex 6.361269071698189 5.213223004128249 1
      vertex 6.570419929921627 5.18121899792126 1.2000000000000002
    endloop
  endfacet
  facet normal 0 1 0
    outer loop
      vertex 6.361269071698189 5.278428429152282 1.2000000000000002
      vertex 6.897680789232254 5.278428429152282 1.2000000000000002
      vertex 6.897680789232254 5.278428429152282 1
    endloop
  endfacet
  facet normal 0.17425872204503376 -0.9846999024023673 0
    outer loop
      vertex 6.716832786798477 5.18121899792126 1.2000000000000002
      vertex 6.716832786798477 5.18121899792126 1
      vertex 6.897680789232254 5.213223004128249 1.2000000000000002
    endloop
  endfacet
  facet normal 1 0 0
    outer loop
      vertex 6.897680789232254 5.213223004128249 1.2000000000000002
      vertex 6.897680789232254 5.213223004128249 1
      vertex 6.897680789232254 5.278428429152282 1.2000000000000002
    endloop
  endfacet
  facet normal -1 0 0
    outer loop
      vertex 6.964246928691864 5.213223004128249 1.2000000000000002
      vertex 6.964246928691864 5.278428429152282 1.2000000000000002
      vertex 6.964246928691864 5.278428429152282 1
    endloop
  endfacet
  facet normal -0.21703471907889105 -0.9761638851721297 0
    outer loop
      vertex 6.964246928691864 5.213223004128249 1.2000000000000002
      vertex 6.964246928691864 5.213223004128249 1
      vertex 7.108192354440689 5.18121899792126 1.2000000000000002
    endloop
  endfacet
  facet normal 0 0 1
    outer loop
      vertex 6.173036925494671 4.278176428164752 1.2000000000000002
      vertex 6.716832786798477 5.18121899792126 1.2000000000000002
      vertex 6.570419929921627 5.18121899792126 1.2000000000000002
    endloop
  endfacet
  facet normal 0 0 1
    outer loop
      vertex 6.361269071698189 5.213223004128249 1.2000000000000002
      vertex 6.570419929921627 5.18121899792126 1.2000000000000002
      vertex 6.361269071698189 5.278428429152282 1.2000000000000002
    endloop
  endfacet
  facet normal 0 0 1
    outer loop
      vertex 6.361269071698189 5.278428429152282 1.2000000000000002
      vertex 6.570419929921627 5.18121899792126 1.2000000000000002
      vertex 6.716832786798477 5.18121899792126 1.2000000000000002
    endloop
  endfacet
  facet normal 0 0 1
    outer loop
      vertex 6.361269071698189 5.278428429152282 1.2000000000000002
      vertex 6.716832786798477 5.18121899792126 1.2000000000000002
      vertex 6.897680789232254 5.278428429152282 1.2000000000000002
    endloop
  endfacet
  facet normal 0 0 1
    outer loop
      vertex 6.716832786798477 5.18121899792126 1.2000000000000002
      vertex 6.897680789232254 5.213223004128249 1.2000000000000002
      vertex 6.897680789232254 5.278428429152282 1.2000000000000002
    endloop
  endfacet
  facet normal 0 0 1
    outer loop
      vertex 6.964246928691864 5.213223004128249 1.2000000000000002
      vertex 7.108192354440689 5.18121899792126 1.2000000000000002
      vertex 6.964246928691864 5.278428429152282 1.2000000000000002
    endloop
  endfacet
  facet normal 0.13090949466620466 -0.991394323267104 0
    outer loop
      vertex 7.351796500384808 5.18121899792126 1.2000000000000002
      vertex 7.351796500384808 5.18121899792126 1
      vertex 7.594166927039623 5.213223004128249 1.2000000000000002
    endloop
  endfacet
  facet normal 0 1 0
    outer loop
      vertex 6.964246928691864 5.278428429152282 1.2000000000000002
      vertex 7.594166927039623 5.278428429152282 1.2000000000000002
      vertex 7.594166927039623 5.278428429152282 1
    endloop
  endfacet
  facet normal 1 0 0
    outer loop
      vertex 7.594166927039623 5.213223004128249 1.2000000000000002
      vertex 7.594166927039623 5.213223004128249 1
      vertex 7.594166927039623 5.278428429152282 1.2000000000000002
    endloop
  endfacet
  facet normal 0 0 1
    outer loop
      vertex 6.964246928691864 5.278428429152282 1.2000000000000002
      vertex 7.108192354440689 5.18121899792126 1.2000000000000002
      vertex 7.351796500384808 5.18121899792126 1.2000000000000002
    endloop
  endfacet
  facet normal 0 0 1
    outer loop
      vertex 6.964246928691864 5.278428429152282 1.2000000000000002
      vertex 7.351796500384808 5.18121899792126 1.2000000000000002
      vertex 7.594166927039623 5.278428429152282 1.2000000000000002
    endloop
  endfacet
  facet normal 0 0 1
    outer loop
      vertex 7.108192354440689 5.18121899792126 1.2000000000000002
      vertex 7.744262784719467 4.018588432456763 1.2000000000000002
      vertex 7.351796500384808 5.18121899792126 1.2000000000000002
    endloop
  endfacet
  facet normal 0 0 1
    outer loop
      vertex 7.351796500384808 5.18121899792126 1.2000000000000002
      vertex 7.594166927039623 5.213223004128249 1.2000000000000002
      vertex 7.594166927039623 5.278428429152282 1.2000000000000002
    endloop
  endfacet
  facet normal 0 -1 0
    outer loop
      vertex 7.719661071896553 3.5904351411121205 1.2000000000000002
      vertex 7.654437497258186 3.5904351411121205 1
      vertex 7.719661071896553 3.5904351411121205 1
    endloop
  endfacet
  facet normal -0.9322305807848216 0.3618648148820137 0
    outer loop
      vertex 7.744262784719467 4.018588432456763 1.2000000000000002
      vertex 8.18839992582798 5.162767717029364 1
      vertex 7.744262784719467 4.018588432456763 1
    endloop
  endfacet
  facet normal 0.9327989311322162 -0.360397217079426 0
    outer loop
      vertex 8.15888150036335 4.727248431529315 1.2000000000000002
      vertex 7.719661071896553 3.5904351411121205 1
      vertex 8.15888150036335 4.727248431529315 1
    endloop
  endfacet
  facet normal 0 -1 0
    outer loop
      vertex 8.652222074568272 3.5904351411121205 1.2000000000000002
      vertex 8.587016642093658 3.5904351411121205 1
      vertex 8.652222074568272 3.5904351411121205 1
    endloop
  endfacet
  facet normal -0.9358329256497222 -0.3524439462806557 0
    outer loop
      vertex 8.587016642093658 3.5904351411121205 1.2000000000000002
      vertex 8.15888150036335 4.727248431529315 1
      vertex 8.587016642093658 3.5904351411121205 1
    endloop
  endfacet
  facet normal -0.9519540340698942 0.30624094601809015 0
    outer loop
      vertex 8.67190707474947 4.018588432456763 1.2000000000000002
      vertex 9.045922070741653 5.18121899792126 1
      vertex 8.67190707474947 4.018588432456763 1
    endloop
  endfacet
  facet normal 0.9327989311322162 -0.360397217079426 0
    outer loop
      vertex 7.719661071896553 3.5904351411121205 1.2000000000000002
      vertex 7.719661071896553 3.5904351411121205 1
      vertex 8.15888150036335 4.727248431529315 1.2000000000000002
    endloop
  endfacet
  facet normal -0.9358329256497222 -0.3524439462806557 0
    outer loop
      vertex 8.587016642093658 3.5904351411121205 1.2000000000000002
      vertex 8.15888150036335 4.727248431529315 1.2000000000000002
      vertex 8.15888150036335 4.727248431529315 1
    endloop
  endfacet
  facet normal 0 0 1
    outer loop
      vertex 7.719661071896553 3.5904351411121205 1.2000000000000002
      vertex 8.15888150036335 4.727248431529315 1.2000000000000002
      vertex 7.744262784719467 4.018588432456763 1.2000000000000002
    endloop
  endfacet
  facet normal 0 0 1
    outer loop
      vertex 7.744262784719467 4.018588432456763 1.2000000000000002
      vertex 8.15888150036335 4.727248431529315 1.2000000000000002
      vertex 8.18839992582798 5.162767717029364 1.2000000000000002
    endloop
  endfacet
  facet normal 0 -1 0
    outer loop
      vertex 8.587016642093658 3.5904351411121205 1.2000000000000002
      vertex 8.587016642093658 3.5904351411121205 1
      vertex 8.652222074568272 3.5904351411121205 1.2000000000000002
    endloop
  endfacet
  facet normal 0.9365797767095448 0.3504544504763767 0
    outer loop
      vertex 8.24377192556858 5.162767717029364 1.2000000000000002
      vertex 8.67190707474947 4.018588432456763 1.2000000000000002
      vertex 8.67190707474947 4.018588432456763 1
    endloop
  endfacet
  facet normal 0.9471327699183515 -0.32084188652168083 0
    outer loop
      vertex 8.652222074568272 3.5904351411121205 1.2000000000000002
      vertex 8.652222074568272 3.5904351411121205 1
      vertex 9.191101215779781 5.18121899792126 1.2000000000000002
    endloop
  endfacet
  facet normal 0 0 1
    outer loop
      vertex 8.587016642093658 3.5904351411121205 1.2000000000000002
      vertex 8.67190707474947 4.018588432456763 1.2000000000000002
      vertex 8.15888150036335 4.727248431529315 1.2000000000000002
    endloop
  endfacet
  facet normal 0 0 1
    outer loop
      vertex 8.15888150036335 4.727248431529315 1.2000000000000002
      vertex 8.67190707474947 4.018588432456763 1.2000000000000002
      vertex 8.18839992582798 5.162767717029364 1.2000000000000002
    endloop
  endfacet
  facet normal 0 0 1
    outer loop
      vertex 8.587016642093658 3.5904351411121205 1.2000000000000002
      vertex 8.652222074568272 3.5904351411121205 1.2000000000000002
      vertex 9.191101215779781 5.18121899792126 1.2000000000000002
    endloop
  endfacet
  facet normal 0 0 1
    outer loop
      vertex 8.587016642093658 3.5904351411121205 1.2000000000000002
      vertex 9.191101215779781 5.18121899792126 1.2000000000000002
      vertex 8.67190707474947 4.018588432456763 1.2000000000000002
    endloop
  endfacet
  facet normal 0 1 0
    outer loop
      vertex 8.18839992582798 5.162767717029364 1.2000000000000002
      vertex 8.24377192556858 5.162767717029364 1
      vertex 8.18839992582798 5.162767717029364 1
    endloop
  endfacet
  facet normal 0.9365797767095448 0.3504544504763767 0
    outer loop
      vertex 8.24377192556858 5.162767717029364 1.2000000000000002
      vertex 8.67190707474947 4.018588432456763 1
      vertex 8.24377192556858 5.162767717029364 1
    endloop
  endfacet
  facet normal -1 0 0
    outer loop
      vertex 8.78880149871111 5.213223004128249 1.2000000000000002
      vertex 8.78880149871111 5.278428429152282 1
      vertex 8.78880149871111 5.213223004128249 1
    endloop
  endfacet
  facet normal -0.12351766041688016 -0.9923423741658622 0
    outer loop
      vertex 9.045922070741653 5.18121899792126 1.2000000000000002
      vertex 8.78880149871111 5.213223004128249 1
      vertex 9.045922070741653 5.18121899792126 1
    endloop
  endfacet
  facet normal -0.9322305807848216 0.3618648148820137 0
    outer loop
      vertex 7.744262784719467 4.018588432456763 1.2000000000000002
      vertex 8.18839992582798 5.162767717029364 1.2000000000000002
      vertex 8.18839992582798 5.162767717029364 1
    endloop
  endfacet
  facet normal 0 1 0
    outer loop
      vertex 8.18839992582798 5.162767717029364 1.2000000000000002
      vertex 8.24377192556858 5.162767717029364 1.2000000000000002
      vertex 8.24377192556858 5.162767717029364 1
    endloop
  endfacet
  facet normal -0.9519540340698942 0.30624094601809015 0
    outer loop
      vertex 8.67190707474947 4.018588432456763 1.2000000000000002
      vertex 9.045922070741653 5.18121899792126 1.2000000000000002
      vertex 9.045922070741653 5.18121899792126 1
    endloop
  endfacet
  facet normal -1 0 0
    outer loop
      vertex 8.78880149871111 5.213223004128249 1.2000000000000002
      vertex 8.78880149871111 5.278428429152282 1.2000000000000002
      vertex 8.78880149871111 5.278428429152282 1
    endloop
  endfacet
  facet normal -0.12351766041688016 -0.9923423741658622 0
    outer loop
      vertex 8.78880149871111 5.213223004128249 1.2000000000000002
      vertex 8.78880149871111 5.213223004128249 1
      vertex 9.045922070741653 5.18121899792126 1.2000000000000002
    endloop
  endfacet
  facet normal 0 0 1
    outer loop
      vertex 8.18839992582798 5.162767717029364 1.2000000000000002
      vertex 8.67190707474947 4.018588432456763 1.2000000000000002
      vertex 8.24377192556858 5.162767717029364 1.2000000000000002
    endloop
  endfacet
  facet normal 0 0 1
    outer loop
      vertex 8.78880149871111 5.213223004128249 1.2000000000000002
      vertex 9.045922070741653 5.18121899792126 1.2000000000000002
      vertex 8.78880149871111 5.278428429152282 1.2000000000000002
    endloop
  endfacet
  facet normal 0.9471327699183515 -0.32084188652168083 0
    outer loop
      vertex 9.191101215779781 5.18121899792126 1.2000000000000002
      vertex 8.652222074568272 3.5904351411121205 1
      vertex 9.191101215779781 5.18121899792126 1
    endloop
  endfacet
  facet normal 0 -1 0
    outer loop
      vertex 10.098008215427399 3.5904351411121205 1.2000000000000002
      vertex 10.032784640789032 3.5904351411121205 1
      vertex 10.098008215427399 3.5904351411121205 1
    endloop
  endfacet
  facet normal -0.945793803058565 -0.324767735614264 0
    outer loop
      vertex 10.032784640789032 3.5904351411121205 1.2000000000000002
      vertex 9.486539497971535 5.18121899792126 1
      vertex 10.032784640789032 3.5904351411121205 1
    endloop
  endfacet
  facet normal 0 -1 0
    outer loop
      vertex 10.032784640789032 3.5904351411121205 1.2000000000000002
      vertex 10.032784640789032 3.5904351411121205 1
      vertex 10.098008215427399 3.5904351411121205 1.2000000000000002
    endloop
  endfacet
  facet normal -0.945793803058565 -0.324767735614264 0
    outer loop
      vertex 9.486539497971535 5.18121899792126 1.2000000000000002
      vertex 9.486539497971535 5.18121899792126 1
      vertex 10.032784640789032 3.5904351411121205 1.2000000000000002
    endloop
  endfacet
  facet normal 0.9327989311322162 -0.360397217079426 0
    outer loop
      vertex 10.098008215427399 3.5904351411121205 1.2000000000000002
      vertex 10.098008215427399 3.5904351411121205 1
      vertex 10.537228643894196 4.727248431529315 1.2000000000000002
    endloop
  endfacet
  facet normal 0.9474729020792141 0.31983605147886607 0
    outer loop
      vertex 9.730143643915653 5.18121899792126 1.2000000000000002
      vertex 10.122609928250313 4.018588432456763 1.2000000000000002
      vertex 10.122609928250313 4.018588432456763 1
    endloop
  endfacet
  facet normal 0 0 1
    outer loop
      vertex 9.486539497971535 5.18121899792126 1.2000000000000002
      vertex 10.032784640789032 3.5904351411121205 1.2000000000000002
      vertex 10.098008215427399 3.5904351411121205 1.2000000000000002
    endloop
  endfacet
  facet normal 0 0 1
    outer loop
      vertex 9.486539497971535 5.18121899792126 1.2000000000000002
      vertex 10.098008215427399 3.5904351411121205 1.2000000000000002
      vertex 10.122609928250313 4.018588432456763 1.2000000000000002
    endloop
  endfacet
  facet normal 0 1 0
    outer loop
      vertex 8.78880149871111 5.278428429152282 1.2000000000000002
      vertex 9.335046641528606 5.278428429152282 1
      vertex 8.78880149871111 5.278428429152282 1
    endloop
  endfacet
  facet normal 0.21703471907889105 -0.9761638851721297 0
    outer loop
      vertex 9.335046641528606 5.213223004128249 1.2000000000000002
      vertex 9.191101215779781 5.18121899792126 1
      vertex 9.335046641528606 5.213223004128249 1
    endloop
  endfacet
  facet normal 1 0 0
    outer loop
      vertex 9.335046641528606 5.278428429152282 1.2000000000000002
      vertex 9.335046641528606 5.213223004128249 1
      vertex 9.335046641528606 5.278428429152282 1
    endloop
  endfacet
  facet normal -1 0 0
    outer loop
      vertex 9.34259407222271 5.213223004128249 1.2000000000000002
      vertex 9.34259407222271 5.278428429152282 1
      vertex 9.34259407222271 5.213223004128249 1
    endloop
  endfacet
  facet normal -0.21703471907889105 -0.9761638851721297 0
    outer loop
      vertex 9.486539497971535 5.18121899792126 1.2000000000000002
      vertex 9.34259407222271 5.213223004128249 1
      vertex 9.486539497971535 5.18121899792126 1
    endloop
  endfacet
  facet normal 0 1 0
    outer loop
      vertex 9.34259407222271 5.278428429152282 1.2000000000000002
      vertex 9.972514070570469 5.278428429152282 1
      vertex 9.34259407222271 5.278428429152282 1
    endloop
  endfacet
  facet normal 0.9474729020792141 0.31983605147886607 0
    outer loop
      vertex 9.730143643915653 5.18121899792126 1.2000000000000002
      vertex 10.122609928250313 4.018588432456763 1
      vertex 9.730143643915653 5.18121899792126 1
    endloop
  endfacet
  facet normal 0.13090949466620466 -0.991394323267104 0
    outer loop
      vertex 9.972514070570469 5.213223004128249 1.2000000000000002
      vertex 9.730143643915653 5.18121899792126 1
      vertex 9.972514070570469 5.213223004128249 1
    endloop
  endfacet
  facet normal 1 0 0
    outer loop
      vertex 9.972514070570469 5.278428429152282 1.2000000000000002
      vertex 9.972514070570469 5.213223004128249 1
      vertex 9.972514070570469 5.278428429152282 1
    endloop
  endfacet
  facet normal 0 1 0
    outer loop
      vertex 8.78880149871111 5.278428429152282 1.2000000000000002
      vertex 9.335046641528606 5.278428429152282 1.2000000000000002
      vertex 9.335046641528606 5.278428429152282 1
    endloop
  endfacet
  facet normal 0.21703471907889105 -0.9761638851721297 0
    outer loop
      vertex 9.191101215779781 5.18121899792126 1.2000000000000002
      vertex 9.191101215779781 5.18121899792126 1
      vertex 9.335046641528606 5.213223004128249 1.2000000000000002
    endloop
  endfacet
  facet normal 1 0 0
    outer loop
      vertex 9.335046641528606 5.213223004128249 1.2000000000000002
      vertex 9.335046641528606 5.213223004128249 1
      vertex 9.335046641528606 5.278428429152282 1.2000000000000002
    endloop
  endfacet
  facet normal -1 0 0
    outer loop
      vertex 9.34259407222271 5.213223004128249 1.2000000000000002
      vertex 9.34259407222271 5.278428429152282 1.2000000000000002
      vertex 9.34259407222271 5.278428429152282 1
    endloop
  endfacet
  facet normal -0.21703471907889105 -0.9761638851721297 0
    outer loop
      vertex 9.34259407222271 5.213223004128249 1.2000000000000002
      vertex 9.34259407222271 5.213223004128249 1
      vertex 9.486539497971535 5.18121899792126 1.2000000000000002
    endloop
  endfacet
  facet normal 0 0 1
    outer loop
      vertex 8.67190707474947 4.018588432456763 1.2000000000000002
      vertex 9.191101215779781 5.18121899792126 1.2000000000000002
      vertex 9.045922070741653 5.18121899792126 1.2000000000000002
    endloop
  endfacet
  facet normal 0 0 1
    outer loop
      vertex 8.78880149871111 5.278428429152282 1.2000000000000002
      vertex 9.045922070741653 5.18121899792126 1.2000000000000002
      vertex 9.191101215779781 5.18121899792126 1.2000000000000002
    endloop
  endfacet
  facet normal 0 0 1
    outer loop
      vertex 8.78880149871111 5.278428429152282 1.2000000000000002
      vertex 9.191101215779781 5.18121899792126 1.2000000000000002
      vertex 9.335046641528606 5.278428429152282 1.2000000000000002
    endloop
  endfacet
  facet normal 0 0 1
    outer loop
      vertex 9.191101215779781 5.18121899792126 1.2000000000000002
      vertex 9.335046641528606 5.213223004128249 1.2000000000000002
      vertex 9.335046641528606 5.278428429152282 1.2000000000000002
    endloop
  endfacet
  facet normal 0 0 1
    outer loop
      vertex 9.34259407222271 5.213223004128249 1.2000000000000002
      vertex 9.486539497971535 5.18121899792126 1.2000000000000002
      vertex 9.34259407222271 5.278428429152282 1.2000000000000002
    endloop
  endfacet
  facet normal 0 0 1
    outer loop
      vertex 9.34259407222271 5.278428429152282 1.2000000000000002
      vertex 9.486539497971535 5.18121899792126 1.2000000000000002
      vertex 9.730143643915653 5.18121899792126 1.2000000000000002
    endloop
  endfacet
  facet normal 0 1 0
    outer loop
      vertex 9.34259407222271 5.278428429152282 1.2000000000000002
      vertex 9.972514070570469 5.278428429152282 1.2000000000000002
      vertex 9.972514070570469 5.278428429152282 1
    endloop
  endfacet
  facet normal 0.13090949466620466 -0.991394323267104 0
    outer loop
      vertex 9.730143643915653 5.18121899792126 1.2000000000000002
      vertex 9.730143643915653 5.18121899792126 1
      vertex 9.972514070570469 5.213223004128249 1.2000000000000002
    endloop
  endfacet
  facet normal 1 0 0
    outer loop
      vertex 9.972514070570469 5.213223004128249 1.2000000000000002
      vertex 9.972514070570469 5.213223004128249 1
      vertex 9.972514070570469 5.278428429152282 1.2000000000000002
    endloop
  endfacet
  facet normal 0 0 1
    outer loop
      vertex 9.486539497971535 5.18121899792126 1.2000000000000002
      vertex 10.122609928250313 4.018588432456763 1.2000000000000002
      vertex 9.730143643915653 5.18121899792126 1.2000000000000002
    endloop
  endfacet
  facet normal 0 0 1
    outer loop
      vertex 9.34259407222271 5.278428429152282 1.2000000000000002
      vertex 9.730143643915653 5.18121899792126 1.2000000000000002
      vertex 9.972514070570469 5.278428429152282 1.2000000000000002
    endloop
  endfacet
  facet normal 0 0 1
    outer loop
      vertex 9.730143643915653 5.18121899792126 1.2000000000000002
      vertex 9.972514070570469 5.213223004128249 1.2000000000000002
      vertex 9.972514070570469 5.278428429152282 1.2000000000000002
    endloop
  endfacet
  facet normal -0.5211469743535904 -0.8534669478791187 0
    outer loop
      vertex 5.943597823381424 10.915704430426867 1.2000000000000002
      vertex 5.675387427210808 11.0794800011175 1
      vertex 5.943597823381424 10.915704430426867 1
    endloop
  endfacet
  facet normal 0.6059528875993534 0.7955005330042245 0
    outer loop
      vertex 5.860553428530693 11.145302289511474 1.2000000000000002
      vertex 6.047102823853493 11.003202894117148 1
      vertex 5.860553428530693 11.145302289511474 1
    endloop
  endfacet
  facet normal -0.15124694000676828 -0.9884960106842057 0
    outer loop
      vertex 6.300390712916851 10.86111257352999 1.2000000000000002
      vertex 5.943597823381424 10.915704430426867 1
      vertex 6.300390712916851 10.86111257352999 1
    endloop
  endfacet
  facet normal 0.1821054903417665 0.9832789992608327 0
    outer loop
      vertex 6.047102823853493 11.003202894117148 1.2000000000000002
      vertex 6.302858144044876 10.955836431469233 1
      vertex 6.047102823853493 11.003202894117148 1
    endloop
  endfacet
  facet normal -0.061966632244874 0.9980782216280588 0
    outer loop
      vertex 6.302858144044876 10.955836431469233 1.2000000000000002
      vertex 6.439106464385986 10.964295537556918 1
      vertex 6.302858144044876 10.955836431469233 1
    endloop
  endfacet
  facet normal -0.5211469743535904 -0.8534669478791187 0
    outer loop
      vertex 5.675387427210808 11.0794800011175 1.2000000000000002
      vertex 5.675387427210808 11.0794800011175 1
      vertex 5.943597823381424 10.915704430426867 1.2000000000000002
    endloop
  endfacet
  facet normal -0.15124694000676828 -0.9884960106842057 0
    outer loop
      vertex 6.300390712916851 10.86111257352999 1.2000000000000002
      vertex 5.943597823381424 10.915704430426867 1.2000000000000002
      vertex 5.943597823381424 10.915704430426867 1
    endloop
  endfacet
  facet normal 0.6059528875993534 0.7955005330042245 0
    outer loop
      vertex 5.860553428530693 11.145302289511474 1.2000000000000002
      vertex 6.047102823853493 11.003202894117148 1.2000000000000002
      vertex 6.047102823853493 11.003202894117148 1
    endloop
  endfacet
  facet normal 0.1821054903417665 0.9832789992608327 0
    outer loop
      vertex 6.047102823853493 11.003202894117148 1.2000000000000002
      vertex 6.302858144044876 10.955836431469233 1.2000000000000002
      vertex 6.302858144044876 10.955836431469233 1
    endloop
  endfacet
  facet normal 0.0642171165843565 -0.9979359508192854 0
    outer loop
      vertex 6.300390712916851 10.86111257352999 1.2000000000000002
      vertex 6.300390712916851 10.86111257352999 1
      vertex 6.601503178477287 10.880489142026217 1.2000000000000002
    endloop
  endfacet
  facet normal -0.061966632244874 0.9980782216280588 0
    outer loop
      vertex 6.302858144044876 10.955836431469233 1.2000000000000002
      vertex 6.439106464385986 10.964295537556918 1.2000000000000002
      vertex 6.439106464385986 10.964295537556918 1
    endloop
  endfacet
  facet normal 0 0 1
    outer loop
      vertex 5.675387427210808 11.0794800011175 1.2000000000000002
      vertex 5.943597823381424 10.915704430426867 1.2000000000000002
      vertex 5.860553428530693 11.145302289511474 1.2000000000000002
    endloop
  endfacet
  facet normal 0 0 1
    outer loop
      vertex 5.943597823381424 10.915704430426867 1.2000000000000002
      vertex 6.047102823853493 11.003202894117148 1.2000000000000002
      vertex 5.860553428530693 11.145302289511474 1.2000000000000002
    endloop
  endfacet
  facet normal 0 0 1
    outer loop
      vertex 6.300390712916851 10.86111257352999 1.2000000000000002
      vertex 6.047102823853493 11.003202894117148 1.2000000000000002
      vertex 5.943597823381424 10.915704430426867 1.2000000000000002
    endloop
  endfacet
  facet normal 0 0 1
    outer loop
      vertex 6.300390712916851 10.86111257352999 1.2000000000000002
      vertex 6.302858144044876 10.955836431469233 1.2000000000000002
      vertex 6.047102823853493 11.003202894117148 1.2000000000000002
    endloop
  endfacet
  facet normal 0 0 1
    outer loop
      vertex 6.300390712916851 10.86111257352999 1.2000000000000002
      vertex 6.439106464385986 10.964295537556918 1.2000000000000002
      vertex 6.302858144044876 10.955836431469233 1.2000000000000002
    endloop
  endfacet
  facet normal -0.987440474585417 -0.1579914844240868 0
    outer loop
      vertex 5.507448069751263 11.341694177474292 1.2000000000000002
      vertex 5.451468288898468 11.691565574492724 1
      vertex 5.507448069751263 11.341694177474292 1
    endloop
  endfacet
  facet normal -0.8420930511399761 -0.5393322660677421 0
    outer loop
      vertex 5.675387427210808 11.0794800011175 1.2000000000000002
      vertex 5.507448069751263 11.341694177474292 1
      vertex 5.675387427210808 11.0794800011175 1
    endloop
  endfacet
  facet normal -0.989794477863066 0.14250225118144907 0
    outer loop
      vertex 5.451468288898468 11.691565574492724 1.2000000000000002
      vertex 5.505293607711792 12.065426358367713 1
      vertex 5.451468288898468 11.691565574492724 1
    endloop
  endfacet
  facet normal 0.9928880001782906 0.11905216966504518 0
    outer loop
      vertex 5.708607003092766 11.694032998170169 1.2000000000000002
      vertex 5.746593609452248 11.377226964916499 1
      vertex 5.708607003092766 11.694032998170169 1
    endloop
  endfacet
  facet normal -0.8584031594204694 0.5129756484444035 0
    outer loop
      vertex 5.505293607711792 12.065426358367713 1.2000000000000002
      vertex 5.6667695716023445 12.335636997010024 1
      vertex 5.505293607711792 12.065426358367713 1
    endloop
  endfacet
  facet normal 0.9943155969160367 -0.10647297182621329 0
    outer loop
      vertex 5.744901783764362 12.032977857972892 1.2000000000000002
      vertex 5.708607003092766 11.694032998170169 1
      vertex 5.744901783764362 12.032977857972892 1
    endloop
  endfacet
  facet normal -0.5224779276725786 0.8526528104070072 0
    outer loop
      vertex 5.6667695716023445 12.335636997010024 1.2000000000000002
      vertex 5.934063747525215 12.499426179911406 1
      vertex 5.6667695716023445 12.335636997010024 1
    endloop
  endfacet
  facet normal 0.8975054557796365 0.441003352420123 0
    outer loop
      vertex 5.746593609452248 11.377226964916499 1.2000000000000002
      vertex 5.860553428530693 11.145302289511474 1
      vertex 5.746593609452248 11.377226964916499 1
    endloop
  endfacet
  facet normal 0.9085786933945726 -0.4177137272216598 0
    outer loop
      vertex 5.853786140680313 12.26981471606663 1.2000000000000002
      vertex 5.744901783764362 12.032977857972892 1
      vertex 5.853786140680313 12.26981471606663 1
    endloop
  endfacet
  facet normal 0.5955798640122396 -0.8032961008141158 0
    outer loop
      vertex 6.041718930006027 12.40915186085871 1.2000000000000002
      vertex 5.853786140680313 12.26981471606663 1
      vertex 6.041718930006027 12.40915186085871 1
    endloop
  endfacet
  facet normal -0.14549851836132377 0.9893584694915487 0
    outer loop
      vertex 5.934063747525215 12.499426179911406 1.2000000000000002
      vertex 6.305307425558567 12.554022574211867 1
      vertex 5.934063747525215 12.499426179911406 1
    endloop
  endfacet
  facet normal 0.1674584799138452 -0.9858791292572048 0
    outer loop
      vertex 6.315159000456333 12.455597573305877 1.2000000000000002
      vertex 6.041718930006027 12.40915186085871 1
      vertex 6.315159000456333 12.455597573305877 1
    endloop
  endfacet
  facet normal -0.06166062914717463 -0.9980971730313509 0
    outer loop
      vertex 6.432189501821995 12.44836764165333 1.2000000000000002
      vertex 6.315159000456333 12.455597573305877 1
      vertex 6.432189501821995 12.44836764165333 1
    endloop
  endfacet
  facet normal 0.058730986535862485 0.9982738458061116 0
    outer loop
      vertex 6.305307425558567 12.554022574211867 1.2000000000000002
      vertex 6.571980215609074 12.538333536471637 1
      vertex 6.305307425558567 12.554022574211867 1
    endloop
  endfacet
  facet normal -0.8420930511399761 -0.5393322660677421 0
    outer loop
      vertex 5.675387427210808 11.0794800011175 1.2000000000000002
      vertex 5.507448069751263 11.341694177474292 1.2000000000000002
      vertex 5.507448069751263 11.341694177474292 1
    endloop
  endfacet
  facet normal 0.9928880001782906 0.11905216966504518 0
    outer loop
      vertex 5.746593609452248 11.377226964916499 1.2000000000000002
      vertex 5.746593609452248 11.377226964916499 1
      vertex 5.708607003092766 11.694032998170169 1.2000000000000002
    endloop
  endfacet
  facet normal -0.987440474585417 -0.1579914844240868 0
    outer loop
      vertex 5.507448069751263 11.341694177474292 1.2000000000000002
      vertex 5.451468288898468 11.691565574492724 1.2000000000000002
      vertex 5.451468288898468 11.691565574492724 1
    endloop
  endfacet
  facet normal 0.9943155969160367 -0.10647297182621329 0
    outer loop
      vertex 5.708607003092766 11.694032998170169 1.2000000000000002
      vertex 5.708607003092766 11.694032998170169 1
      vertex 5.744901783764362 12.032977857972892 1.2000000000000002
    endloop
  endfacet
  facet normal 0 0 1
    outer loop
      vertex 5.675387427210808 11.0794800011175 1.2000000000000002
      vertex 5.746593609452248 11.377226964916499 1.2000000000000002
      vertex 5.507448069751263 11.341694177474292 1.2000000000000002
    endloop
  endfacet
  facet normal 0 0 1
    outer loop
      vertex 5.675387427210808 11.0794800011175 1.2000000000000002
      vertex 5.860553428530693 11.145302289511474 1.2000000000000002
      vertex 5.746593609452248 11.377226964916499 1.2000000000000002
    endloop
  endfacet
  facet normal 0 0 1
    outer loop
      vertex 5.507448069751263 11.341694177474292 1.2000000000000002
      vertex 5.746593609452248 11.377226964916499 1.2000000000000002
      vertex 5.708607003092766 11.694032998170169 1.2000000000000002
    endloop
  endfacet
  facet normal 0 0 1
    outer loop
      vertex 5.507448069751263 11.341694177474292 1.2000000000000002
      vertex 5.708607003092766 11.694032998170169 1.2000000000000002
      vertex 5.451468288898468 11.691565574492724 1.2000000000000002
    endloop
  endfacet
  facet normal 0 0 1
    outer loop
      vertex 5.451468288898468 11.691565574492724 1.2000000000000002
      vertex 5.708607003092766 11.694032998170169 1.2000000000000002
      vertex 5.505293607711792 12.065426358367713 1.2000000000000002
    endloop
  endfacet
  facet normal -0.989794477863066 0.14250225118144907 0
    outer loop
      vertex 5.451468288898468 11.691565574492724 1.2000000000000002
      vertex 5.505293607711792 12.065426358367713 1.2000000000000002
      vertex 5.505293607711792 12.065426358367713 1
    endloop
  endfacet
  facet normal -0.8584031594204694 0.5129756484444035 0
    outer loop
      vertex 5.505293607711792 12.065426358367713 1.2000000000000002
      vertex 5.6667695716023445 12.335636997010024 1.2000000000000002
      vertex 5.6667695716023445 12.335636997010024 1
    endloop
  endfacet
  facet normal 0 0 1
    outer loop
      vertex 5.505293607711792 12.065426358367713 1.2000000000000002
      vertex 5.708607003092766 11.694032998170169 1.2000000000000002
      vertex 5.744901783764362 12.032977857972892 1.2000000000000002
    endloop
  endfacet
  facet normal 0 0 1
    outer loop
      vertex 5.505293607711792 12.065426358367713 1.2000000000000002
      vertex 5.744901783764362 12.032977857972892 1.2000000000000002
      vertex 5.6667695716023445 12.335636997010024 1.2000000000000002
    endloop
  endfacet
  facet normal 0 0 1
    outer loop
      vertex 5.744901783764362 12.032977857972892 1.2000000000000002
      vertex 5.853786140680313 12.26981471606663 1.2000000000000002
      vertex 5.6667695716023445 12.335636997010024 1.2000000000000002
    endloop
  endfacet
  facet normal 0.8975054557796365 0.441003352420123 0
    outer loop
      vertex 5.860553428530693 11.145302289511474 1.2000000000000002
      vertex 5.860553428530693 11.145302289511474 1
      vertex 5.746593609452248 11.377226964916499 1.2000000000000002
    endloop
  endfacet
  facet normal 0.9085786933945726 -0.4177137272216598 0
    outer loop
      vertex 5.744901783764362 12.032977857972892 1.2000000000000002
      vertex 5.744901783764362 12.032977857972892 1
      vertex 5.853786140680313 12.26981471606663 1.2000000000000002
    endloop
  endfacet
  facet normal -0.5224779276725786 0.8526528104070072 0
    outer loop
      vertex 5.6667695716023445 12.335636997010024 1.2000000000000002
      vertex 5.934063747525215 12.499426179911406 1.2000000000000002
      vertex 5.934063747525215 12.499426179911406 1
    endloop
  endfacet
  facet normal 0.5955798640122396 -0.8032961008141158 0
    outer loop
      vertex 5.853786140680313 12.26981471606663 1.2000000000000002
      vertex 5.853786140680313 12.26981471606663 1
      vertex 6.041718930006027 12.40915186085871 1.2000000000000002
    endloop
  endfacet
  facet normal 0.1674584799138452 -0.9858791292572048 0
    outer loop
      vertex 6.041718930006027 12.40915186085871 1.2000000000000002
      vertex 6.041718930006027 12.40915186085871 1
      vertex 6.315159000456333 12.455597573305877 1.2000000000000002
    endloop
  endfacet
  facet normal -0.14549851836132377 0.9893584694915487 0
    outer loop
      vertex 5.934063747525215 12.499426179911406 1.2000000000000002
      vertex 6.305307425558567 12.554022574211867 1.2000000000000002
      vertex 6.305307425558567 12.554022574211867 1
    endloop
  endfacet
  facet normal -0.06166062914717463 -0.9980971730313509 0
    outer loop
      vertex 6.315159000456333 12.455597573305877 1.2000000000000002
      vertex 6.315159000456333 12.455597573305877 1
      vertex 6.432189501821995 12.44836764165333 1.2000000000000002
    endloop
  endfacet
  facet normal 0 0 1
    outer loop
      vertex 5.6667695716023445 12.335636997010024 1.2000000000000002
      vertex 5.853786140680313 12.26981471606663 1.2000000000000002
      vertex 5.934063747525215 12.499426179911406 1.2000000000000002
    endloop
  endfacet
  facet normal 0 0 1
    outer loop
      vertex 5.853786140680313 12.26981471606663 1.2000000000000002
      vertex 6.041718930006027 12.40915186085871 1.2000000000000002
      vertex 5.934063747525215 12.499426179911406 1.2000000000000002
    endloop
  endfacet
  facet normal 0 0 1
    outer loop
      vertex 5.934063747525215 12.499426179911406 1.2000000000000002
      vertex 6.041718930006027 12.40915186085871 1.2000000000000002
      vertex 6.305307425558567 12.554022574211867 1.2000000000000002
    endloop
  endfacet
  facet normal 0 0 1
    outer loop
      vertex 6.041718930006027 12.40915186085871 1.2000000000000002
      vertex 6.315159000456333 12.455597573305877 1.2000000000000002
      vertex 6.305307425558567 12.554022574211867 1.2000000000000002
    endloop
  endfacet
  facet normal 0 0 1
    outer loop
      vertex 6.315159000456333 12.455597573305877 1.2000000000000002
      vertex 6.432189501821995 12.44836764165333 1.2000000000000002
      vertex 6.305307425558567 12.554022574211867 1.2000000000000002
    endloop
  endfacet
  facet normal 0.0642171165843565 -0.9979359508192854 0
    outer loop
      vertex 6.601503178477287 10.880489142026217 1.2000000000000002
      vertex 6.300390712916851 10.86111257352999 1
      vertex 6.601503178477287 10.880489142026217 1
    endloop
  endfacet
  facet normal -0.19410089791350058 0.9809815703820193 0
    outer loop
      vertex 6.439106464385986 10.964295537556918 1.2000000000000002
      vertex 6.567362859845161 10.989672855819972 1
      vertex 6.439106464385986 10.964295537556918 1
    endloop
  endfacet
  facet normal -0.3345264756573585 0.9423863523440196 0
    outer loop
      vertex 6.567362859845161 10.989672855819972 1.2000000000000002
      vertex 6.67870557308197 11.029197075750144 1
      vertex 6.567362859845161 10.989672855819972 1
    endloop
  endfacet
  facet normal -0.5115030789675764 0.8592814441186831 0
    outer loop
      vertex 6.67870557308197 11.029197075750144 1.2000000000000002
      vertex 6.764212854206562 11.08009685703686 1
      vertex 6.67870557308197 11.029197075750144 1
    endloop
  endfacet
  facet normal 0.20270287867613027 -0.9792402886811847 0
    outer loop
      vertex 6.882322855293751 10.93861885496548 1.2000000000000002
      vertex 6.601503178477287 10.880489142026217 1
      vertex 6.882322855293751 10.93861885496548 1
    endloop
  endfacet
  facet normal -1 0 0
    outer loop
      vertex 7.1174361407756805 10.885714286352904 1.2000000000000002
      vertex 7.1174361407756805 10.950919711376937 1
      vertex 7.1174361407756805 10.885714286352904 1
    endloop
  endfacet
  facet normal -0.1674231023810048 0.9858851377260536 0
    outer loop
      vertex 7.1174361407756805 10.950919711376937 1.2000000000000002
      vertex 7.3130524307489395 10.984139287258895 1
      vertex 7.1174361407756805 10.950919711376937 1
    endloop
  endfacet
  facet normal 0 -1 0
    outer loop
      vertex 7.812561571598053 10.885714286352904 1.2000000000000002
      vertex 7.1174361407756805 10.885714286352904 1
      vertex 7.812561571598053 10.885714286352904 1
    endloop
  endfacet
  facet normal 0.12575904252114248 0.992060816293117 0
    outer loop
      vertex 7.550506144762039 10.984139287258895 1.2000000000000002
      vertex 7.812561571598053 10.950919711376937 1
      vertex 7.550506144762039 10.984139287258895 1
    endloop
  endfacet
  facet normal -0.19410089791350058 0.9809815703820193 0
    outer loop
      vertex 6.439106464385986 10.964295537556918 1.2000000000000002
      vertex 6.567362859845161 10.989672855819972 1.2000000000000002
      vertex 6.567362859845161 10.989672855819972 1
    endloop
  endfacet
  facet normal 0.20270287867613027 -0.9792402886811847 0
    outer loop
      vertex 6.601503178477287 10.880489142026217 1.2000000000000002
      vertex 6.601503178477287 10.880489142026217 1
      vertex 6.882322855293751 10.93861885496548 1.2000000000000002
    endloop
  endfacet
  facet normal -0.3345264756573585 0.9423863523440196 0
    outer loop
      vertex 6.567362859845161 10.989672855819972 1.2000000000000002
      vertex 6.67870557308197 11.029197075750144 1.2000000000000002
      vertex 6.67870557308197 11.029197075750144 1
    endloop
  endfacet
  facet normal -0.5115030789675764 0.8592814441186831 0
    outer loop
      vertex 6.67870557308197 11.029197075750144 1.2000000000000002
      vertex 6.764212854206562 11.08009685703686 1.2000000000000002
      vertex 6.764212854206562 11.08009685703686 1
    endloop
  endfacet
  facet normal 0.9998185330491863 -0.01904995987851641 0
    outer loop
      vertex 6.882322855293751 10.93861885496548 1.2000000000000002
      vertex 6.882322855293751 10.93861885496548 1
      vertex 6.889706999063492 11.326168426658423 1.2000000000000002
    endloop
  endfacet
  facet normal 0 0 1
    outer loop
      vertex 6.300390712916851 10.86111257352999 1.2000000000000002
      vertex 6.601503178477287 10.880489142026217 1.2000000000000002
      vertex 6.439106464385986 10.964295537556918 1.2000000000000002
    endloop
  endfacet
  facet normal 0 0 1
    outer loop
      vertex 6.601503178477287 10.880489142026217 1.2000000000000002
      vertex 6.567362859845161 10.989672855819972 1.2000000000000002
      vertex 6.439106464385986 10.964295537556918 1.2000000000000002
    endloop
  endfacet
  facet normal 0 0 1
    outer loop
      vertex 6.601503178477287 10.880489142026217 1.2000000000000002
      vertex 6.67870557308197 11.029197075750144 1.2000000000000002
      vertex 6.567362859845161 10.989672855819972 1.2000000000000002
    endloop
  endfacet
  facet normal 0 0 1
    outer loop
      vertex 6.601503178477287 10.880489142026217 1.2000000000000002
      vertex 6.882322855293751 10.93861885496548 1.2000000000000002
      vertex 6.67870557308197 11.029197075750144 1.2000000000000002
    endloop
  endfacet
  facet normal 0 0 1
    outer loop
      vertex 6.67870557308197 11.029197075750144 1.2000000000000002
      vertex 6.882322855293751 10.93861885496548 1.2000000000000002
      vertex 6.764212854206562 11.08009685703686 1.2000000000000002
    endloop
  endfacet
  facet normal -1 0 0
    outer loop
      vertex 7.1174361407756805 10.885714286352904 1.2000000000000002
      vertex 7.1174361407756805 10.950919711376937 1.2000000000000002
      vertex 7.1174361407756805 10.950919711376937 1
    endloop
  endfacet
  facet normal 0 -1 0
    outer loop
      vertex 7.1174361407756805 10.885714286352904 1.2000000000000002
      vertex 7.1174361407756805 10.885714286352904 1
      vertex 7.812561571598053 10.885714286352904 1.2000000000000002
    endloop
  endfacet
  facet normal -0.1674231023810048 0.9858851377260536 0
    outer loop
      vertex 7.1174361407756805 10.950919711376937 1.2000000000000002
      vertex 7.3130524307489395 10.984139287258895 1.2000000000000002
      vertex 7.3130524307489395 10.984139287258895 1
    endloop
  endfacet
  facet normal 0 0 1
    outer loop
      vertex 7.1174361407756805 10.885714286352904 1.2000000000000002
      vertex 7.3130524307489395 10.984139287258895 1.2000000000000002
      vertex 7.1174361407756805 10.950919711376937 1.2000000000000002
    endloop
  endfacet
  facet normal 0 0 1
    outer loop
      vertex 7.1174361407756805 10.885714286352904 1.2000000000000002
      vertex 7.550506144762039 10.984139287258895 1.2000000000000002
      vertex 7.3130524307489395 10.984139287258895 1.2000000000000002
    endloop
  endfacet
  facet normal 0 0 1
    outer loop
      vertex 7.1174361407756805 10.885714286352904 1.2000000000000002
      vertex 7.812561571598053 10.885714286352904 1.2000000000000002
      vertex 7.550506144762039 10.984139287258895 1.2000000000000002
    endloop
  endfacet
  facet normal -0.98331659967109 0.18190234965850613 0
    outer loop
      vertex 6.764212854206562 11.08009685703686 1.2000000000000002
      vertex 6.809733286499977 11.326168426658423 1
      vertex 6.764212854206562 11.08009685703686 1
    endloop
  endfacet
  facet normal 0 1 0
    outer loop
      vertex 6.809733286499977 11.326168426658423 1.2000000000000002
      vertex 6.889706999063492 11.326168426658423 1
      vertex 6.809733286499977 11.326168426658423 1
    endloop
  endfacet
  facet normal 0.9998185330491863 -0.01904995987851641 0
    outer loop
      vertex 6.889706999063492 11.326168426658423 1.2000000000000002
      vertex 6.882322855293751 10.93861885496548 1
      vertex 6.889706999063492 11.326168426658423 1
    endloop
  endfacet
  facet normal -0.18553936455045641 -0.9826368323049023 0
    outer loop
      vertex 6.547060996294022 12.426677854146273 1.2000000000000002
      vertex 6.432189501821995 12.44836764165333 1
      vertex 6.547060996294022 12.426677854146273 1
    endloop
  endfacet
  facet normal -0.31040101675283005 -0.9506057062730106 0
    outer loop
      vertex 6.65394964069128 12.391775534834178 1.2000000000000002
      vertex 6.547060996294022 12.426677854146273 1
      vertex 6.65394964069128 12.391775534834178 1
    endloop
  endfacet
  facet normal -0.4501363460774989 -0.8929598366891975 0
    outer loop
      vertex 6.746995285153389 12.344871715988429 1.2000000000000002
      vertex 6.65394964069128 12.391775534834178 1
      vertex 6.746995285153389 12.344871715988429 1
    endloop
  endfacet
  facet normal 0.16252935255095988 0.9867037091038859 0
    outer loop
      vertex 6.571980215609074 12.538333536471637 1.2000000000000002
      vertex 6.857721142470837 12.491266430701526 1
      vertex 6.571980215609074 12.538333536471637 1
    endloop
  endfacet
  facet normal -0.9854668670560632 -0.16986775425226408 0
    outer loop
      vertex 6.78389785438776 12.130786002959521 1.2000000000000002
      vertex 6.746995285153389 12.344871715988429 1
      vertex 6.78389785438776 12.130786002959521 1
    endloop
  endfacet
  facet normal 0 -1 0
    outer loop
      vertex 6.865105286240578 12.130786002959521 1.2000000000000002
      vertex 6.78389785438776 12.130786002959521 1
      vertex 6.865105286240578 12.130786002959521 1
    endloop
  endfacet
  facet normal 0.9997902653112148 0.02047987765907026 0
    outer loop
      vertex 6.857721142470837 12.491266430701526 1.2000000000000002
      vertex 6.865105286240578 12.130786002959521 1
      vertex 6.857721142470837 12.491266430701526 1
    endloop
  endfacet
  facet normal -1 0 0
    outer loop
      vertex 7.3130524307489395 10.984139287258895 1.2000000000000002
      vertex 7.3130524307489395 12.43836185463837 1
      vertex 7.3130524307489395 10.984139287258895 1
    endloop
  endfacet
  facet normal 1 0 0
    outer loop
      vertex 7.550506144762039 11.532851861204417 1.2000000000000002
      vertex 7.550506144762039 10.984139287258895 1
      vertex 7.550506144762039 11.532851861204417 1
    endloop
  endfacet
  facet normal 0 1 0
    outer loop
      vertex 7.550506144762039 11.643595860685618 1.2000000000000002
      vertex 7.67844957113266 11.643595860685618 1
      vertex 7.550506144762039 11.643595860685618 1
    endloop
  endfacet
  facet normal 0 -1 0
    outer loop
      vertex 7.736270859837532 11.532851861204417 1.2000000000000002
      vertex 7.550506144762039 11.532851861204417 1
      vertex 7.736270859837532 11.532851861204417 1
    endloop
  endfacet
  facet normal -1 0 0
    outer loop
      vertex 7.101434141397476 12.470365860845359 1.2000000000000002
      vertex 7.101434141397476 12.535571285869391 1
      vertex 7.101434141397476 12.470365860845359 1
    endloop
  endfacet
  facet normal -0.14953419670656112 -0.9887565544740139 0
    outer loop
      vertex 7.3130524307489395 12.43836185463837 1.2000000000000002
      vertex 7.101434141397476 12.470365860845359 1
      vertex 7.3130524307489395 12.43836185463837 1
    endloop
  endfacet
  facet normal 0 1 0
    outer loop
      vertex 7.101434141397476 12.535571285869391 1.2000000000000002
      vertex 7.723970003426075 12.535571285869391 1
      vertex 7.101434141397476 12.535571285869391 1
    endloop
  endfacet
  facet normal 1 0 0
    outer loop
      vertex 7.550506144762039 12.42482728638819 1.2000000000000002
      vertex 7.550506144762039 11.643595860685618 1
      vertex 7.550506144762039 12.42482728638819 1
    endloop
  endfacet
  facet normal 0 -1 0
    outer loop
      vertex 7.671065427362919 12.42482728638819 1.2000000000000002
      vertex 7.550506144762039 12.42482728638819 1
      vertex 7.671065427362919 12.42482728638819 1
    endloop
  endfacet
  facet normal -0.98331659967109 0.18190234965850613 0
    outer loop
      vertex 6.764212854206562 11.08009685703686 1.2000000000000002
      vertex 6.809733286499977 11.326168426658423 1.2000000000000002
      vertex 6.809733286499977 11.326168426658423 1
    endloop
  endfacet
  facet normal 0 1 0
    outer loop
      vertex 6.809733286499977 11.326168426658423 1.2000000000000002
      vertex 6.889706999063492 11.326168426658423 1.2000000000000002
      vertex 6.889706999063492 11.326168426658423 1
    endloop
  endfacet
  facet normal 0 0 1
    outer loop
      vertex 6.764212854206562 11.08009685703686 1.2000000000000002
      vertex 6.882322855293751 10.93861885496548 1.2000000000000002
      vertex 6.889706999063492 11.326168426658423 1.2000000000000002
    endloop
  endfacet
  facet normal 0 0 1
    outer loop
      vertex 6.764212854206562 11.08009685703686 1.2000000000000002
      vertex 6.889706999063492 11.326168426658423 1.2000000000000002
      vertex 6.809733286499977 11.326168426658423 1.2000000000000002
    endloop
  endfacet
  facet normal -0.18553936455045641 -0.9826368323049023 0
    outer loop
      vertex 6.432189501821995 12.44836764165333 1.2000000000000002
      vertex 6.432189501821995 12.44836764165333 1
      vertex 6.547060996294022 12.426677854146273 1.2000000000000002
    endloop
  endfacet
  facet normal 0.058730986535862485 0.9982738458061116 0
    outer loop
      vertex 6.305307425558567 12.554022574211867 1.2000000000000002
      vertex 6.571980215609074 12.538333536471637 1.2000000000000002
      vertex 6.571980215609074 12.538333536471637 1
    endloop
  endfacet
  facet normal -0.31040101675283005 -0.9506057062730106 0
    outer loop
      vertex 6.65394964069128 12.391775534834178 1.2000000000000002
      vertex 6.547060996294022 12.426677854146273 1.2000000000000002
      vertex 6.547060996294022 12.426677854146273 1
    endloop
  endfacet
  facet normal -0.4501363460774989 -0.8929598366891975 0
    outer loop
      vertex 6.65394964069128 12.391775534834178 1.2000000000000002
      vertex 6.65394964069128 12.391775534834178 1
      vertex 6.746995285153389 12.344871715988429 1.2000000000000002
    endloop
  endfacet
  facet normal -0.9854668670560632 -0.16986775425226408 0
    outer loop
      vertex 6.746995285153389 12.344871715988429 1.2000000000000002
      vertex 6.746995285153389 12.344871715988429 1
      vertex 6.78389785438776 12.130786002959521 1.2000000000000002
    endloop
  endfacet
  facet normal 0 -1 0
    outer loop
      vertex 6.78389785438776 12.130786002959521 1.2000000000000002
      vertex 6.78389785438776 12.130786002959521 1
      vertex 6.865105286240578 12.130786002959521 1.2000000000000002
    endloop
  endfacet
  facet normal 0.9997902653112148 0.02047987765907026 0
    outer loop
      vertex 6.865105286240578 12.130786002959521 1.2000000000000002
      vertex 6.865105286240578 12.130786002959521 1
      vertex 6.857721142470837 12.491266430701526 1.2000000000000002
    endloop
  endfacet
  facet normal 0.16252935255095988 0.9867037091038859 0
    outer loop
      vertex 6.571980215609074 12.538333536471637 1.2000000000000002
      vertex 6.857721142470837 12.491266430701526 1.2000000000000002
      vertex 6.857721142470837 12.491266430701526 1
    endloop
  endfacet
  facet normal 0 0 1
    outer loop
      vertex 6.432189501821995 12.44836764165333 1.2000000000000002
      vertex 6.547060996294022 12.426677854146273 1.2000000000000002
      vertex 6.571980215609074 12.538333536471637 1.2000000000000002
    endloop
  endfacet
  facet normal 0 0 1
    outer loop
      vertex 6.305307425558567 12.554022574211867 1.2000000000000002
      vertex 6.432189501821995 12.44836764165333 1.2000000000000002
      vertex 6.571980215609074 12.538333536471637 1.2000000000000002
    endloop
  endfacet
  facet normal 0 0 1
    outer loop
      vertex 6.65394964069128 12.391775534834178 1.2000000000000002
      vertex 6.571980215609074 12.538333536471637 1.2000000000000002
      vertex 6.547060996294022 12.426677854146273 1.2000000000000002
    endloop
  endfacet
  facet normal 0 0 1
    outer loop
      vertex 6.65394964069128 12.391775534834178 1.2000000000000002
      vertex 6.857721142470837 12.491266430701526 1.2000000000000002
      vertex 6.571980215609074 12.538333536471637 1.2000000000000002
    endloop
  endfacet
  facet normal 0 0 1
    outer loop
      vertex 6.746995285153389 12.344871715988429 1.2000000000000002
      vertex 6.78389785438776 12.130786002959521 1.2000000000000002
      vertex 6.865105286240578 12.130786002959521 1.2000000000000002
    endloop
  endfacet
  facet normal 0 0 1
    outer loop
      vertex 6.65394964069128 12.391775534834178 1.2000000000000002
      vertex 6.746995285153389 12.344871715988429 1.2000000000000002
      vertex 6.857721142470837 12.491266430701526 1.2000000000000002
    endloop
  endfacet
  facet normal 0 0 1
    outer loop
      vertex 6.746995285153389 12.344871715988429 1.2000000000000002
      vertex 6.865105286240578 12.130786002959521 1.2000000000000002
      vertex 6.857721142470837 12.491266430701526 1.2000000000000002
    endloop
  endfacet
  facet normal 1 0 0
    outer loop
      vertex 7.550506144762039 10.984139287258895 1.2000000000000002
      vertex 7.550506144762039 10.984139287258895 1
      vertex 7.550506144762039 11.532851861204417 1.2000000000000002
    endloop
  endfacet
  facet normal 0 -1 0
    outer loop
      vertex 7.550506144762039 11.532851861204417 1.2000000000000002
      vertex 7.550506144762039 11.532851861204417 1
      vertex 7.736270859837532 11.532851861204417 1.2000000000000002
    endloop
  endfacet
  facet normal 0 1 0
    outer loop
      vertex 7.550506144762039 11.643595860685618 1.2000000000000002
      vertex 7.67844957113266 11.643595860685618 1.2000000000000002
      vertex 7.67844957113266 11.643595860685618 1
    endloop
  endfacet
  facet normal 1 0 0
    outer loop
      vertex 7.550506144762039 11.643595860685618 1.2000000000000002
      vertex 7.550506144762039 11.643595860685618 1
      vertex 7.550506144762039 12.42482728638819 1.2000000000000002
    endloop
  endfacet
  facet normal 0 0 1
    outer loop
      vertex 7.3130524307489395 10.984139287258895 1.2000000000000002
      vertex 7.550506144762039 10.984139287258895 1.2000000000000002
      vertex 7.550506144762039 11.532851861204417 1.2000000000000002
    endloop
  endfacet
  facet normal 0 0 1
    outer loop
      vertex 7.3130524307489395 10.984139287258895 1.2000000000000002
      vertex 7.550506144762039 11.532851861204417 1.2000000000000002
      vertex 7.550506144762039 11.643595860685618 1.2000000000000002
    endloop
  endfacet
  facet normal 0 0 1
    outer loop
      vertex 7.3130524307489395 10.984139287258895 1.2000000000000002
      vertex 7.550506144762039 11.643595860685618 1.2000000000000002
      vertex 7.3130524307489395 12.43836185463837 1.2000000000000002
    endloop
  endfacet
  facet normal 0 0 1
    outer loop
      vertex 7.550506144762039 11.532851861204417 1.2000000000000002
      vertex 7.67844957113266 11.643595860685618 1.2000000000000002
      vertex 7.550506144762039 11.643595860685618 1.2000000000000002
    endloop
  endfacet
  facet normal 0 0 1
    outer loop
      vertex 7.550506144762039 11.532851861204417 1.2000000000000002
      vertex 7.736270859837532 11.532851861204417 1.2000000000000002
      vertex 7.67844957113266 11.643595860685618 1.2000000000000002
    endloop
  endfacet
  facet normal -1 0 0
    outer loop
      vertex 7.3130524307489395 10.984139287258895 1.2000000000000002
      vertex 7.3130524307489395 12.43836185463837 1.2000000000000002
      vertex 7.3130524307489395 12.43836185463837 1
    endloop
  endfacet
  facet normal -0.14953419670656112 -0.9887565544740139 0
    outer loop
      vertex 7.101434141397476 12.470365860845359 1.2000000000000002
      vertex 7.101434141397476 12.470365860845359 1
      vertex 7.3130524307489395 12.43836185463837 1.2000000000000002
    endloop
  endfacet
  facet normal -1 0 0
    outer loop
      vertex 7.101434141397476 12.470365860845359 1.2000000000000002
      vertex 7.101434141397476 12.535571285869391 1.2000000000000002
      vertex 7.101434141397476 12.535571285869391 1
    endloop
  endfacet
  facet normal 0 1 0
    outer loop
      vertex 7.101434141397476 12.535571285869391 1.2000000000000002
      vertex 7.723970003426075 12.535571285869391 1.2000000000000002
      vertex 7.723970003426075 12.535571285869391 1
    endloop
  endfacet
  facet normal 0 -1 0
    outer loop
      vertex 7.550506144762039 12.42482728638819 1.2000000000000002
      vertex 7.550506144762039 12.42482728638819 1
      vertex 7.671065427362919 12.42482728638819 1.2000000000000002
    endloop
  endfacet
  facet normal 0 0 1
    outer loop
      vertex 7.101434141397476 12.470365860845359 1.2000000000000002
      vertex 7.3130524307489395 12.43836185463837 1.2000000000000002
      vertex 7.101434141397476 12.535571285869391 1.2000000000000002
    endloop
  endfacet
  facet normal 0 0 1
    outer loop
      vertex 7.550506144762039 11.643595860685618 1.2000000000000002
      vertex 7.550506144762039 12.42482728638819 1.2000000000000002
      vertex 7.3130524307489395 12.43836185463837 1.2000000000000002
    endloop
  endfacet
  facet normal 0 0 1
    outer loop
      vertex 7.101434141397476 12.535571285869391 1.2000000000000002
      vertex 7.3130524307489395 12.43836185463837 1.2000000000000002
      vertex 7.723970003426075 12.535571285869391 1.2000000000000002
    endloop
  endfacet
  facet normal 0 0 1
    outer loop
      vertex 7.3130524307489395 12.43836185463837 1.2000000000000002
      vertex 7.550506144762039 12.42482728638819 1.2000000000000002
      vertex 7.723970003426075 12.535571285869391 1.2000000000000002
    endloop
  endfacet
  facet normal 0 0 1
    outer loop
      vertex 7.550506144762039 12.42482728638819 1.2000000000000002
      vertex 7.671065427362919 12.42482728638819 1.2000000000000002
      vertex 7.723970003426075 12.535571285869391 1.2000000000000002
    endloop
  endfacet
  facet normal -1 0 0
    outer loop
      vertex 7.823665000498295 7.257142857994349 1.2000000000000002
      vertex 7.823665000498295 7.322348283018382 1
      vertex 7.823665000498295 7.257142857994349 1
    endloop
  endfacet
  facet normal -0.15507962861320046 0.9879019732692064 0
    outer loop
      vertex 7.823665000498295 7.322348283018382 1.2000000000000002
      vertex 8.035283282399178 7.35556785890034 1
      vertex 7.823665000498295 7.322348283018382 1
    endloop
  endfacet
  facet normal 0 -1 0
    outer loop
      vertex 8.483121573925018 7.257142857994349 1.2000000000000002
      vertex 7.823665000498295 7.257142857994349 1
      vertex 8.483121573925018 7.257142857994349 1
    endloop
  endfacet
  facet normal -1 0 0
    outer loop
      vertex 8.035283282399178 7.35556785890034 1.2000000000000002
      vertex 8.035283282399178 8.809790426279815 1
      vertex 8.035283282399178 7.35556785890034 1
    endloop
  endfacet
  facet normal 1 0 0
    outer loop
      vertex 8.483121573925018 7.322348283018382 1.2000000000000002
      vertex 8.483121573925018 7.257142857994349 1
      vertex 8.483121573925018 7.322348283018382 1
    endloop
  endfacet
  facet normal 0.1550796232845237 0.9879019741056955 0
    outer loop
      vertex 8.271503284573555 7.35556785890034 1.2000000000000002
      vertex 8.483121573925018 7.322348283018382 1
      vertex 8.271503284573555 7.35556785890034 1
    endloop
  endfacet
  facet normal -1 0 0
    outer loop
      vertex 8.662790283560753 7.257142857994349 1.2000000000000002
      vertex 8.662790283560753 7.322348283018382 1
      vertex 8.662790283560753 7.257142857994349 1
    endloop
  endfacet
  facet normal -0.1550796232845237 0.9879019741056955 0
    outer loop
      vertex 8.662790283560753 7.322348283018382 1.2000000000000002
      vertex 8.874408572912216 7.35556785890034 1
      vertex 8.662790283560753 7.322348283018382 1
    endloop
  endfacet
  facet normal -1 0 0
    outer loop
      vertex 8.874408572912216 7.35556785890034 1.2000000000000002
      vertex 8.874408572912216 8.809790426279815 1
      vertex 8.874408572912216 7.35556785890034 1
    endloop
  endfacet
  facet normal -1 0 0
    outer loop
      vertex 7.823665000498295 7.257142857994349 1.2000000000000002
      vertex 7.823665000498295 7.322348283018382 1.2000000000000002
      vertex 7.823665000498295 7.322348283018382 1
    endloop
  endfacet
  facet normal -0.15507962861320046 0.9879019732692064 0
    outer loop
      vertex 7.823665000498295 7.322348283018382 1.2000000000000002
      vertex 8.035283282399178 7.35556785890034 1.2000000000000002
      vertex 8.035283282399178 7.35556785890034 1
    endloop
  endfacet
  facet normal 0 -1 0
    outer loop
      vertex 7.823665000498295 7.257142857994349 1.2000000000000002
      vertex 7.823665000498295 7.257142857994349 1
      vertex 8.483121573925018 7.257142857994349 1.2000000000000002
    endloop
  endfacet
  facet normal 1 0 0
    outer loop
      vertex 8.271503284573555 7.35556785890034 1.2000000000000002
      vertex 8.271503284573555 7.35556785890034 1
      vertex 8.271503284573555 8.809790426279815 1.2000000000000002
    endloop
  endfacet
  facet normal 0 0 1
    outer loop
      vertex 7.823665000498295 7.257142857994349 1.2000000000000002
      vertex 8.035283282399178 7.35556785890034 1.2000000000000002
      vertex 7.823665000498295 7.322348283018382 1.2000000000000002
    endloop
  endfacet
  facet normal 0 0 1
    outer loop
      vertex 7.823665000498295 7.257142857994349 1.2000000000000002
      vertex 8.271503284573555 7.35556785890034 1.2000000000000002
      vertex 8.035283282399178 7.35556785890034 1.2000000000000002
    endloop
  endfacet
  facet normal 0 0 1
    outer loop
      vertex 7.823665000498295 7.257142857994349 1.2000000000000002
      vertex 8.483121573925018 7.257142857994349 1.2000000000000002
      vertex 8.271503284573555 7.35556785890034 1.2000000000000002
    endloop
  endfacet
  facet normal 0 0 1
    outer loop
      vertex 8.035283282399178 7.35556785890034 1.2000000000000002
      vertex 8.271503284573555 7.35556785890034 1.2000000000000002
      vertex 8.035283282399178 8.809790426279815 1.2000000000000002
    endloop
  endfacet
  facet normal 0.1550796232845237 0.9879019741056955 0
    outer loop
      vertex 8.271503284573555 7.35556785890034 1.2000000000000002
      vertex 8.483121573925018 7.322348283018382 1.2000000000000002
      vertex 8.483121573925018 7.322348283018382 1
    endloop
  endfacet
  facet normal 1 0 0
    outer loop
      vertex 8.483121573925018 7.257142857994349 1.2000000000000002
      vertex 8.483121573925018 7.257142857994349 1
      vertex 8.483121573925018 7.322348283018382 1.2000000000000002
    endloop
  endfacet
  facet normal -1 0 0
    outer loop
      vertex 8.662790283560753 7.257142857994349 1.2000000000000002
      vertex 8.662790283560753 7.322348283018382 1.2000000000000002
      vertex 8.662790283560753 7.322348283018382 1
    endloop
  endfacet
  facet normal -0.1550796232845237 0.9879019741056955 0
    outer loop
      vertex 8.662790283560753 7.322348283018382 1.2000000000000002
      vertex 8.874408572912216 7.35556785890034 1.2000000000000002
      vertex 8.874408572912216 7.35556785890034 1
    endloop
  endfacet
  facet normal 0 -1 0
    outer loop
      vertex 8.662790283560753 7.257142857994349 1.2000000000000002
      vertex 8.662790283560753 7.257142857994349 1
      vertex 9.322246856987476 7.257142857994349 1.2000000000000002
    endloop
  endfacet
  facet normal 0 0 1
    outer loop
      vertex 8.271503284573555 7.35556785890034 1.2000000000000002
      vertex 8.483121573925018 7.257142857994349 1.2000000000000002
      vertex 8.483121573925018 7.322348283018382 1.2000000000000002
    endloop
  endfacet
  facet normal 0 0 1
    outer loop
      vertex 8.662790283560753 7.257142857994349 1.2000000000000002
      vertex 8.874408572912216 7.35556785890034 1.2000000000000002
      vertex 8.662790283560753 7.322348283018382 1.2000000000000002
    endloop
  endfacet
  facet normal 0 0 1
    outer loop
      vertex 8.662790283560753 7.257142857994349 1.2000000000000002
      vertex 9.322246856987476 7.257142857994349 1.2000000000000002
      vertex 8.874408572912216 7.35556785890034 1.2000000000000002
    endloop
  endfacet
  facet normal 0 0 1
    outer loop
      vertex 8.874408572912216 7.35556785890034 1.2000000000000002
      vertex 9.110628575086594 7.35556785890034 1.2000000000000002
      vertex 8.874408572912216 8.809790426279815 1.2000000000000002
    endloop
  endfacet
  facet normal 1 0 0
    outer loop
      vertex 8.271503284573555 8.809790426279815 1.2000000000000002
      vertex 8.271503284573555 7.35556785890034 1
      vertex 8.271503284573555 8.809790426279815 1
    endloop
  endfacet
  facet normal -1 0 0
    outer loop
      vertex 7.823665000498295 8.841794432486804 1.2000000000000002
      vertex 7.823665000498295 8.906999857510836 1
      vertex 7.823665000498295 8.841794432486804 1
    endloop
  endfacet
  facet normal -0.14953420185358526 -0.9887565536956057 0
    outer loop
      vertex 8.035283282399178 8.809790426279815 1.2000000000000002
      vertex 7.823665000498295 8.841794432486804 1
      vertex 8.035283282399178 8.809790426279815 1
    endloop
  endfacet
  facet normal 0 1 0
    outer loop
      vertex 7.823665000498295 8.906999857510836 1.2000000000000002
      vertex 8.483121573925018 8.906999857510836 1
      vertex 7.823665000498295 8.906999857510836 1
    endloop
  endfacet
  facet normal 0.14953419670656112 -0.9887565544740139 0
    outer loop
      vertex 8.483121573925018 8.841794432486804 1.2000000000000002
      vertex 8.271503284573555 8.809790426279815 1
      vertex 8.483121573925018 8.841794432486804 1
    endloop
  endfacet
  facet normal 1 0 0
    outer loop
      vertex 8.483121573925018 8.906999857510836 1.2000000000000002
      vertex 8.483121573925018 8.841794432486804 1
      vertex 8.483121573925018 8.906999857510836 1
    endloop
  endfacet
  facet normal -1 0 0
    outer loop
      vertex 8.662790283560753 8.841794432486804 1.2000000000000002
      vertex 8.662790283560753 8.906999857510836 1
      vertex 8.662790283560753 8.841794432486804 1
    endloop
  endfacet
  facet normal -0.14953419670656112 -0.9887565544740139 0
    outer loop
      vertex 8.874408572912216 8.809790426279815 1.2000000000000002
      vertex 8.662790283560753 8.841794432486804 1
      vertex 8.874408572912216 8.809790426279815 1
    endloop
  endfacet
  facet normal 0 1 0
    outer loop
      vertex 8.662790283560753 8.906999857510836 1.2000000000000002
      vertex 9.322246856987476 8.906999857510836 1
      vertex 8.662790283560753 8.906999857510836 1
    endloop
  endfacet
  facet normal -1 0 0
    outer loop
      vertex 8.035283282399178 7.35556785890034 1.2000000000000002
      vertex 8.035283282399178 8.809790426279815 1.2000000000000002
      vertex 8.035283282399178 8.809790426279815 1
    endloop
  endfacet
  facet normal 0 0 1
    outer loop
      vertex 8.271503284573555 7.35556785890034 1.2000000000000002
      vertex 8.271503284573555 8.809790426279815 1.2000000000000002
      vertex 8.035283282399178 8.809790426279815 1.2000000000000002
    endloop
  endfacet
  facet normal -1 0 0
    outer loop
      vertex 7.823665000498295 8.841794432486804 1.2000000000000002
      vertex 7.823665000498295 8.906999857510836 1.2000000000000002
      vertex 7.823665000498295 8.906999857510836 1
    endloop
  endfacet
  facet normal -0.14953420185358526 -0.9887565536956057 0
    outer loop
      vertex 7.823665000498295 8.841794432486804 1.2000000000000002
      vertex 7.823665000498295 8.841794432486804 1
      vertex 8.035283282399178 8.809790426279815 1.2000000000000002
    endloop
  endfacet
  facet normal 0 1 0
    outer loop
      vertex 7.823665000498295 8.906999857510836 1.2000000000000002
      vertex 8.483121573925018 8.906999857510836 1.2000000000000002
      vertex 8.483121573925018 8.906999857510836 1
    endloop
  endfacet
  facet normal 0 0 1
    outer loop
      vertex 7.823665000498295 8.841794432486804 1.2000000000000002
      vertex 8.035283282399178 8.809790426279815 1.2000000000000002
      vertex 7.823665000498295 8.906999857510836 1.2000000000000002
    endloop
  endfacet
  facet normal 0 0 1
    outer loop
      vertex 7.823665000498295 8.906999857510836 1.2000000000000002
      vertex 8.035283282399178 8.809790426279815 1.2000000000000002
      vertex 8.271503284573555 8.809790426279815 1.2000000000000002
    endloop
  endfacet
  facet normal 0 0 1
    outer loop
      vertex 7.823665000498295 8.906999857510836 1.2000000000000002
      vertex 8.271503284573555 8.809790426279815 1.2000000000000002
      vertex 8.483121573925018 8.906999857510836 1.2000000000000002
    endloop
  endfacet
  facet normal -1 0 0
    outer loop
      vertex 8.874408572912216 7.35556785890034 1.2000000000000002
      vertex 8.874408572912216 8.809790426279815 1.2000000000000002
      vertex 8.874408572912216 8.809790426279815 1
    endloop
  endfacet
  facet normal 0.14953419670656112 -0.9887565544740139 0
    outer loop
      vertex 8.271503284573555 8.809790426279815 1.2000000000000002
      vertex 8.271503284573555 8.809790426279815 1
      vertex 8.483121573925018 8.841794432486804 1.2000000000000002
    endloop
  endfacet
  facet normal 1 0 0
    outer loop
      vertex 8.483121573925018 8.841794432486804 1.2000000000000002
      vertex 8.483121573925018 8.841794432486804 1
      vertex 8.483121573925018 8.906999857510836 1.2000000000000002
    endloop
  endfacet
  facet normal -1 0 0
    outer loop
      vertex 8.662790283560753 8.841794432486804 1.2000000000000002
      vertex 8.662790283560753 8.906999857510836 1.2000000000000002
      vertex 8.662790283560753 8.906999857510836 1
    endloop
  endfacet
  facet normal -0.14953419670656112 -0.9887565544740139 0
    outer loop
      vertex 8.662790283560753 8.841794432486804 1.2000000000000002
      vertex 8.662790283560753 8.841794432486804 1
      vertex 8.874408572912216 8.809790426279815 1.2000000000000002
    endloop
  endfacet
  facet normal 0 0 1
    outer loop
      vertex 8.271503284573555 8.809790426279815 1.2000000000000002
      vertex 8.483121573925018 8.841794432486804 1.2000000000000002
      vertex 8.483121573925018 8.906999857510836 1.2000000000000002
    endloop
  endfacet
  facet normal 0 0 1
    outer loop
      vertex 8.662790283560753 8.841794432486804 1.2000000000000002
      vertex 8.874408572912216 8.809790426279815 1.2000000000000002
      vertex 8.662790283560753 8.906999857510836 1.2000000000000002
    endloop
  endfacet
  facet normal 0 0 1
    outer loop
      vertex 8.662790283560753 8.906999857510836 1.2000000000000002
      vertex 8.874408572912216 8.809790426279815 1.2000000000000002
      vertex 9.322246856987476 8.906999857510836 1.2000000000000002
    endloop
  endfacet
  facet normal 0 -1 0
    outer loop
      vertex 9.322246856987476 7.257142857994349 1.2000000000000002
      vertex 8.662790283560753 7.257142857994349 1
      vertex 9.322246856987476 7.257142857994349 1
    endloop
  endfacet
  facet normal 0.15507962861320046 0.9879019732692064 0
    outer loop
      vertex 9.110628575086594 7.35556785890034 1.2000000000000002
      vertex 9.322246856987476 7.322348283018382 1
      vertex 9.110628575086594 7.35556785890034 1
    endloop
  endfacet
  facet normal 1 0 0
    outer loop
      vertex 9.322246856987476 7.322348283018382 1.2000000000000002
      vertex 9.322246856987476 7.257142857994349 1
      vertex 9.322246856987476 7.322348283018382 1
    endloop
  endfacet
  facet normal -1 0 0
    outer loop
      vertex 9.501915574073792 7.257142857994349 1.2000000000000002
      vertex 9.501915574073792 7.322348283018382 1
      vertex 9.501915574073792 7.257142857994349 1
    endloop
  endfacet
  facet normal -0.15507962861320046 0.9879019732692064 0
    outer loop
      vertex 9.501915574073792 7.322348283018382 1.2000000000000002
      vertex 9.713533855974674 7.35556785890034 1
      vertex 9.501915574073792 7.322348283018382 1
    endloop
  endfacet
  facet normal -1 0 0
    outer loop
      vertex 9.713533855974674 7.35556785890034 1.2000000000000002
      vertex 9.713533855974674 8.809790426279815 1
      vertex 9.713533855974674 7.35556785890034 1
    endloop
  endfacet
  facet normal 0 -1 0
    outer loop
      vertex 10.161372140049934 7.257142857994349 1.2000000000000002
      vertex 9.501915574073792 7.257142857994349 1
      vertex 10.161372140049934 7.257142857994349 1
    endloop
  endfacet
  facet normal 0.15507962861320046 0.9879019732692064 0
    outer loop
      vertex 9.949753858149052 7.35556785890034 1.2000000000000002
      vertex 10.161372140049934 7.322348283018382 1
      vertex 9.949753858149052 7.35556785890034 1
    endloop
  endfacet
  facet normal 1 0 0
    outer loop
      vertex 10.161372140049934 7.322348283018382 1.2000000000000002
      vertex 10.161372140049934 7.257142857994349 1
      vertex 10.161372140049934 7.322348283018382 1
    endloop
  endfacet
  facet normal 0.15507962861320046 0.9879019732692064 0
    outer loop
      vertex 9.110628575086594 7.35556785890034 1.2000000000000002
      vertex 9.322246856987476 7.322348283018382 1.2000000000000002
      vertex 9.322246856987476 7.322348283018382 1
    endloop
  endfacet
  facet normal 1 0 0
    outer loop
      vertex 9.110628575086594 7.35556785890034 1.2000000000000002
      vertex 9.110628575086594 7.35556785890034 1
      vertex 9.110628575086594 8.809790426279815 1.2000000000000002
    endloop
  endfacet
  facet normal 1 0 0
    outer loop
      vertex 9.322246856987476 7.257142857994349 1.2000000000000002
      vertex 9.322246856987476 7.257142857994349 1
      vertex 9.322246856987476 7.322348283018382 1.2000000000000002
    endloop
  endfacet
  facet normal -1 0 0
    outer loop
      vertex 9.501915574073792 7.257142857994349 1.2000000000000002
      vertex 9.501915574073792 7.322348283018382 1.2000000000000002
      vertex 9.501915574073792 7.322348283018382 1
    endloop
  endfacet
  facet normal 0 0 1
    outer loop
      vertex 8.874408572912216 7.35556785890034 1.2000000000000002
      vertex 9.322246856987476 7.257142857994349 1.2000000000000002
      vertex 9.110628575086594 7.35556785890034 1.2000000000000002
    endloop
  endfacet
  facet normal 0 0 1
    outer loop
      vertex 9.110628575086594 7.35556785890034 1.2000000000000002
      vertex 9.322246856987476 7.257142857994349 1.2000000000000002
      vertex 9.322246856987476 7.322348283018382 1.2000000000000002
    endloop
  endfacet
  facet normal 0 0 1
    outer loop
      vertex 9.501915574073792 7.257142857994349 1.2000000000000002
      vertex 9.713533855974674 7.35556785890034 1.2000000000000002
      vertex 9.501915574073792 7.322348283018382 1.2000000000000002
    endloop
  endfacet
  facet normal 0 -1 0
    outer loop
      vertex 9.501915574073792 7.257142857994349 1.2000000000000002
      vertex 9.501915574073792 7.257142857994349 1
      vertex 10.161372140049934 7.257142857994349 1.2000000000000002
    endloop
  endfacet
  facet normal -0.15507962861320046 0.9879019732692064 0
    outer loop
      vertex 9.501915574073792 7.322348283018382 1.2000000000000002
      vertex 9.713533855974674 7.35556785890034 1.2000000000000002
      vertex 9.713533855974674 7.35556785890034 1
    endloop
  endfacet
  facet normal 0.15507962861320046 0.9879019732692064 0
    outer loop
      vertex 9.949753858149052 7.35556785890034 1.2000000000000002
      vertex 10.161372140049934 7.322348283018382 1.2000000000000002
      vertex 10.161372140049934 7.322348283018382 1
    endloop
  endfacet
  facet normal 1 0 0
    outer loop
      vertex 10.161372140049934 7.257142857994349 1.2000000000000002
      vertex 10.161372140049934 7.257142857994349 1
      vertex 10.161372140049934 7.322348283018382 1.2000000000000002
    endloop
  endfacet
  facet normal 1 0 0
    outer loop
      vertex 9.949753858149052 7.35556785890034 1.2000000000000002
      vertex 9.949753858149052 7.35556785890034 1
      vertex 9.949753858149052 8.809790426279815 1.2000000000000002
    endloop
  endfacet
  facet normal 0 0 1
    outer loop
      vertex 9.501915574073792 7.257142857994349 1.2000000000000002
      vertex 10.161372140049934 7.257142857994349 1.2000000000000002
      vertex 9.713533855974674 7.35556785890034 1.2000000000000002
    endloop
  endfacet
  facet normal 0 0 1
    outer loop
      vertex 9.713533855974674 7.35556785890034 1.2000000000000002
      vertex 9.949753858149052 7.35556785890034 1.2000000000000002
      vertex 9.713533855974674 8.809790426279815 1.2000000000000002
    endloop
  endfacet
  facet normal 0 0 1
    outer loop
      vertex 9.713533855974674 7.35556785890034 1.2000000000000002
      vertex 10.161372140049934 7.257142857994349 1.2000000000000002
      vertex 9.949753858149052 7.35556785890034 1.2000000000000002
    endloop
  endfacet
  facet normal 0 0 1
    outer loop
      vertex 9.949753858149052 7.35556785890034 1.2000000000000002
      vertex 10.161372140049934 7.257142857994349 1.2000000000000002
      vertex 10.161372140049934 7.322348283018382 1.2000000000000002
    endloop
  endfacet
  facet normal 1 0 0
    outer loop
      vertex 9.110628575086594 8.809790426279815 1.2000000000000002
      vertex 9.110628575086594 7.35556785890034 1
      vertex 9.110628575086594 8.809790426279815 1
    endloop
  endfacet
  facet normal 0.14953420185358526 -0.9887565536956057 0
    outer loop
      vertex 9.322246856987476 8.841794432486804 1.2000000000000002
      vertex 9.110628575086594 8.809790426279815 1
      vertex 9.322246856987476 8.841794432486804 1
    endloop
  endfacet
  facet normal 1 0 0
    outer loop
      vertex 9.322246856987476 8.906999857510836 1.2000000000000002
      vertex 9.322246856987476 8.841794432486804 1
      vertex 9.322246856987476 8.906999857510836 1
    endloop
  endfacet
  facet normal -1 0 0
    outer loop
      vertex 9.501915574073792 8.841794432486804 1.2000000000000002
      vertex 9.501915574073792 8.906999857510836 1
      vertex 9.501915574073792 8.841794432486804 1
    endloop
  endfacet
  facet normal 1 0 0
    outer loop
      vertex 9.949753858149052 8.809790426279815 1.2000000000000002
      vertex 9.949753858149052 7.35556785890034 1
      vertex 9.949753858149052 8.809790426279815 1
    endloop
  endfacet
  facet normal -0.14953420185358526 -0.9887565536956057 0
    outer loop
      vertex 9.713533855974674 8.809790426279815 1.2000000000000002
      vertex 9.501915574073792 8.841794432486804 1
      vertex 9.713533855974674 8.809790426279815 1
    endloop
  endfacet
  facet normal 0 1 0
    outer loop
      vertex 9.501915574073792 8.906999857510836 1.2000000000000002
      vertex 10.161372140049934 8.906999857510836 1
      vertex 9.501915574073792 8.906999857510836 1
    endloop
  endfacet
  facet normal 0.14953420185358526 -0.9887565536956057 0
    outer loop
      vertex 10.161372140049934 8.841794432486804 1.2000000000000002
      vertex 9.949753858149052 8.809790426279815 1
      vertex 10.161372140049934 8.841794432486804 1
    endloop
  endfacet
  facet normal 1 0 0
    outer loop
      vertex 10.161372140049934 8.906999857510836 1.2000000000000002
      vertex 10.161372140049934 8.841794432486804 1
      vertex 10.161372140049934 8.906999857510836 1
    endloop
  endfacet
  facet normal 0 0 1
    outer loop
      vertex 9.110628575086594 7.35556785890034 1.2000000000000002
      vertex 9.110628575086594 8.809790426279815 1.2000000000000002
      vertex 8.874408572912216 8.809790426279815 1.2000000000000002
    endloop
  endfacet
  facet normal 0 1 0
    outer loop
      vertex 8.662790283560753 8.906999857510836 1.2000000000000002
      vertex 9.322246856987476 8.906999857510836 1.2000000000000002
      vertex 9.322246856987476 8.906999857510836 1
    endloop
  endfacet
  facet normal 0.14953420185358526 -0.9887565536956057 0
    outer loop
      vertex 9.110628575086594 8.809790426279815 1.2000000000000002
      vertex 9.110628575086594 8.809790426279815 1
      vertex 9.322246856987476 8.841794432486804 1.2000000000000002
    endloop
  endfacet
  facet normal 1 0 0
    outer loop
      vertex 9.322246856987476 8.841794432486804 1.2000000000000002
      vertex 9.322246856987476 8.841794432486804 1
      vertex 9.322246856987476 8.906999857510836 1.2000000000000002
    endloop
  endfacet
  facet normal -1 0 0
    outer loop
      vertex 9.501915574073792 8.841794432486804 1.2000000000000002
      vertex 9.501915574073792 8.906999857510836 1.2000000000000002
      vertex 9.501915574073792 8.906999857510836 1
    endloop
  endfacet
  facet normal -0.14953420185358526 -0.9887565536956057 0
    outer loop
      vertex 9.501915574073792 8.841794432486804 1.2000000000000002
      vertex 9.501915574073792 8.841794432486804 1
      vertex 9.713533855974674 8.809790426279815 1.2000000000000002
    endloop
  endfacet
  facet normal 0 0 1
    outer loop
      vertex 8.874408572912216 8.809790426279815 1.2000000000000002
      vertex 9.110628575086594 8.809790426279815 1.2000000000000002
      vertex 9.322246856987476 8.906999857510836 1.2000000000000002
    endloop
  endfacet
  facet normal 0 0 1
    outer loop
      vertex 9.110628575086594 8.809790426279815 1.2000000000000002
      vertex 9.322246856987476 8.841794432486804 1.2000000000000002
      vertex 9.322246856987476 8.906999857510836 1.2000000000000002
    endloop
  endfacet
  facet normal 0 0 1
    outer loop
      vertex 9.501915574073792 8.841794432486804 1.2000000000000002
      vertex 9.713533855974674 8.809790426279815 1.2000000000000002
      vertex 9.501915574073792 8.906999857510836 1.2000000000000002
    endloop
  endfacet
  facet normal -1 0 0
    outer loop
      vertex 9.713533855974674 7.35556785890034 1.2000000000000002
      vertex 9.713533855974674 8.809790426279815 1.2000000000000002
      vertex 9.713533855974674 8.809790426279815 1
    endloop
  endfacet
  facet normal 0 0 1
    outer loop
      vertex 9.713533855974674 8.809790426279815 1.2000000000000002
      vertex 9.949753858149052 7.35556785890034 1.2000000000000002
      vertex 9.949753858149052 8.809790426279815 1.2000000000000002
    endloop
  endfacet
  facet normal 0 1 0
    outer loop
      vertex 9.501915574073792 8.906999857510836 1.2000000000000002
      vertex 10.161372140049934 8.906999857510836 1.2000000000000002
      vertex 10.161372140049934 8.906999857510836 1
    endloop
  endfacet
  facet normal 0.14953420185358526 -0.9887565536956057 0
    outer loop
      vertex 9.949753858149052 8.809790426279815 1.2000000000000002
      vertex 9.949753858149052 8.809790426279815 1
      vertex 10.161372140049934 8.841794432486804 1.2000000000000002
    endloop
  endfacet
  facet normal 1 0 0
    outer loop
      vertex 10.161372140049934 8.841794432486804 1.2000000000000002
      vertex 10.161372140049934 8.841794432486804 1
      vertex 10.161372140049934 8.906999857510836 1.2000000000000002
    endloop
  endfacet
  facet normal 0 0 1
    outer loop
      vertex 9.501915574073792 8.906999857510836 1.2000000000000002
      vertex 9.713533855974674 8.809790426279815 1.2000000000000002
      vertex 9.949753858149052 8.809790426279815 1.2000000000000002
    endloop
  endfacet
  facet normal 0 0 1
    outer loop
      vertex 9.501915574073792 8.906999857510836 1.2000000000000002
      vertex 9.949753858149052 8.809790426279815 1.2000000000000002
      vertex 10.161372140049934 8.906999857510836 1.2000000000000002
    endloop
  endfacet
  facet normal 0 0 1
    outer loop
      vertex 9.949753858149052 8.809790426279815 1.2000000000000002
      vertex 10.161372140049934 8.841794432486804 1.2000000000000002
      vertex 10.161372140049934 8.906999857510836 1.2000000000000002
    endloop
  endfacet
  facet normal 1 0 0
    outer loop
      vertex 7.812561571598053 10.950919711376937 1.2000000000000002
      vertex 7.812561571598053 10.885714286352904 1
      vertex 7.812561571598053 10.950919711376937 1
    endloop
  endfacet
  facet normal -1 0 0
    outer loop
      vertex 8.502842858433723 10.885714286352904 1.2000000000000002
      vertex 8.502842858433723 10.950919711376937 1
      vertex 8.502842858433723 10.885714286352904 1
    endloop
  endfacet
  facet normal -0.15507962861320046 0.9879019732692064 0
    outer loop
      vertex 8.502842858433723 10.950919711376937 1.2000000000000002
      vertex 8.714461140334606 10.984139287258895 1
      vertex 8.502842858433723 10.950919711376937 1
    endloop
  endfacet
  facet normal 0 -1 0
    outer loop
      vertex 9.065090000629425 10.885714286352904 1.2000000000000002
      vertex 8.502842858433723 10.885714286352904 1
      vertex 9.065090000629425 10.885714286352904 1
    endloop
  endfacet
  facet normal 0.14834839590330104 0.988935161389723 0
    outer loop
      vertex 8.84363828599453 10.984139287258895 1.2000000000000002
      vertex 9.065090000629425 10.950919711376937 1
      vertex 8.84363828599453 10.984139287258895 1
    endloop
  endfacet
  facet normal 1 0 0
    outer loop
      vertex 7.812561571598053 10.885714286352904 1.2000000000000002
      vertex 7.812561571598053 10.885714286352904 1
      vertex 7.812561571598053 10.950919711376937 1.2000000000000002
    endloop
  endfacet
  facet normal 0.12575904252114248 0.992060816293117 0
    outer loop
      vertex 7.550506144762039 10.984139287258895 1.2000000000000002
      vertex 7.812561571598053 10.950919711376937 1.2000000000000002
      vertex 7.812561571598053 10.950919711376937 1
    endloop
  endfacet
  facet normal 0 0 1
    outer loop
      vertex 7.550506144762039 10.984139287258895 1.2000000000000002
      vertex 7.812561571598053 10.885714286352904 1.2000000000000002
      vertex 7.812561571598053 10.950919711376937 1.2000000000000002
    endloop
  endfacet
  facet normal -1 0 0
    outer loop
      vertex 8.502842858433723 10.885714286352904 1.2000000000000002
      vertex 8.502842858433723 10.950919711376937 1.2000000000000002
      vertex 8.502842858433723 10.950919711376937 1
    endloop
  endfacet
  facet normal -0.15507962861320046 0.9879019732692064 0
    outer loop
      vertex 8.502842858433723 10.950919711376937 1.2000000000000002
      vertex 8.714461140334606 10.984139287258895 1.2000000000000002
      vertex 8.714461140334606 10.984139287258895 1
    endloop
  endfacet
  facet normal 0 -1 0
    outer loop
      vertex 8.502842858433723 10.885714286352904 1.2000000000000002
      vertex 8.502842858433723 10.885714286352904 1
      vertex 9.065090000629425 10.885714286352904 1.2000000000000002
    endloop
  endfacet
  facet normal 0 0 1
    outer loop
      vertex 8.502842858433723 10.885714286352904 1.2000000000000002
      vertex 8.714461140334606 10.984139287258895 1.2000000000000002
      vertex 8.502842858433723 10.950919711376937 1.2000000000000002
    endloop
  endfacet
  facet normal 0 0 1
    outer loop
      vertex 8.502842858433723 10.885714286352904 1.2000000000000002
      vertex 9.065090000629425 10.885714286352904 1.2000000000000002
      vertex 8.714461140334606 10.984139287258895 1.2000000000000002
    endloop
  endfacet
  facet normal 0 0 1
    outer loop
      vertex 8.714461140334606 10.984139287258895 1.2000000000000002
      vertex 9.065090000629425 10.885714286352904 1.2000000000000002
      vertex 8.84363828599453 10.984139287258895 1.2000000000000002
    endloop
  endfacet
  facet normal -0.1299413728951762 0.9915216788402141 0
    outer loop
      vertex 7.67844957113266 11.643595860685618 1.2000000000000002
      vertex 7.859147891402245 11.667276823307784 1
      vertex 7.67844957113266 11.643595860685618 1
    endloop
  endfacet
  facet normal 0.12884797667380674 -0.9916643579896708 0
    outer loop
      vertex 7.989567823708057 11.565762997950824 1.2000000000000002
      vertex 7.736270859837532 11.532851861204417 1
      vertex 7.989567823708057 11.565762997950824 1
    endloop
  endfacet
  facet normal -0.49037271710305735 0.8715128216618301 0
    outer loop
      vertex 7.859147891402245 11.667276823307784 1.2000000000000002
      vertex 7.985408574342728 11.738319718624862 1
      vertex 7.859147891402245 11.667276823307784 1
    endloop
  endfacet
  facet normal 0.46780183157897554 -0.883833381566546 0
    outer loop
      vertex 8.17610814422369 11.664496430541785 1.2000000000000002
      vertex 7.989567823708057 11.565762997950824 1
      vertex 8.17610814422369 11.664496430541785 1
    endloop
  endfacet
  facet normal -0.8588969843578647 0.5121483869553494 0
    outer loop
      vertex 7.985408574342728 11.738319718624862 1.2000000000000002
      vertex 8.059689961373806 11.862893105830462 1
      vertex 7.985408574342728 11.738319718624862 1
    endloop
  endfacet
  facet normal 0.8158674194605371 -0.5782390110177659 0
    outer loop
      vertex 8.290993250906467 11.826593787755282 1.2000000000000002
      vertex 8.17610814422369 11.664496430541785 1
      vertex 8.290993250906467 11.826593787755282 1
    endloop
  endfacet
  facet normal -0.11323947663308084 -0.9935677233746405 0
    outer loop
      vertex 7.86268574744463 12.402987824167521 1.2000000000000002
      vertex 7.671065427362919 12.42482728638819 1
      vertex 7.86268574744463 12.402987824167521 1
    endloop
  endfacet
  facet normal 0.2585167474678366 0.9660067760003813 0
    outer loop
      vertex 7.723970003426075 12.535571285869391 1.2000000000000002
      vertex 8.177958711981773 12.414077640857013 1
      vertex 7.723970003426075 12.535571285869391 1
    endloop
  endfacet
  facet normal -0.458412511530725 -0.8887395396133182 0
    outer loop
      vertex 7.9897084310650826 12.337469430054934 1.2000000000000002
      vertex 7.86268574744463 12.402987824167521 1
      vertex 7.9897084310650826 12.337469430054934 1
    endloop
  endfacet
  facet normal -0.9910894838803886 0.1331977287407891 0
    outer loop
      vertex 8.059689961373806 11.862893105830462 1.2000000000000002
      vertex 8.08445043116808 12.047129289593013 1
      vertex 8.059689961373806 11.862893105830462 1
    endloop
  endfacet
  facet normal -0.990870811327814 -0.13481481839382334 0
    outer loop
      vertex 8.08445043116808 12.047129289593013 1.2000000000000002
      vertex 8.06076493114233 12.221214534129412 1
      vertex 8.08445043116808 12.047129289593013 1
    endloop
  endfacet
  facet normal -0.8532431615121754 -0.52151328586404 0
    outer loop
      vertex 8.06076493114233 12.221214534129412 1.2000000000000002
      vertex 7.9897084310650826 12.337469430054934 1
      vertex 8.06076493114233 12.221214534129412 1
    endloop
  endfacet
  facet normal 0.9855736632601193 -0.16924702150415757 0
    outer loop
      vertex 8.32928828895092 12.049596713270457 1.2000000000000002
      vertex 8.290993250906467 11.826593787755282 1
      vertex 8.32928828895092 12.049596713270457 1
    endloop
  endfacet
  facet normal 0.9235597130997433 0.38345463400397156 0
    outer loop
      vertex 8.177958711981773 12.414077640857013 1.2000000000000002
      vertex 8.32928828895092 12.049596713270457 1
      vertex 8.177958711981773 12.414077640857013 1
    endloop
  endfacet
  facet normal -1 0 0
    outer loop
      vertex 8.502842858433723 12.470365860845359 1.2000000000000002
      vertex 8.502842858433723 12.535571285869391 1
      vertex 8.502842858433723 12.470365860845359 1
    endloop
  endfacet
  facet normal -0.14953420185358526 -0.9887565536956057 0
    outer loop
      vertex 8.714461140334606 12.43836185463837 1.2000000000000002
      vertex 8.502842858433723 12.470365860845359 1
      vertex 8.714461140334606 12.43836185463837 1
    endloop
  endfacet
  facet normal -1 0 0
    outer loop
      vertex 8.714461140334606 12.43836185463837 1.2000000000000002
      vertex 8.714461140334606 12.43836185463837 1
      vertex 8.714461140334606 10.984139287258895 1
    endloop
  endfacet
  facet normal 1 0 0
    outer loop
      vertex 8.84363828599453 12.369473428811343 1.2000000000000002
      vertex 8.84363828599453 10.984139287258895 1
      vertex 8.84363828599453 12.369473428811343 1
    endloop
  endfacet
  facet normal 0 1 0
    outer loop
      vertex 8.502842858433723 12.535571285869391 1.2000000000000002
      vertex 9.002351999282837 12.535571285869391 1
      vertex 8.502842858433723 12.535571285869391 1
    endloop
  endfacet
  facet normal 0.12884797667380674 -0.9916643579896708 0
    outer loop
      vertex 7.736270859837532 11.532851861204417 1.2000000000000002
      vertex 7.736270859837532 11.532851861204417 1
      vertex 7.989567823708057 11.565762997950824 1.2000000000000002
    endloop
  endfacet
  facet normal -0.1299413728951762 0.9915216788402141 0
    outer loop
      vertex 7.67844957113266 11.643595860685618 1.2000000000000002
      vertex 7.859147891402245 11.667276823307784 1.2000000000000002
      vertex 7.859147891402245 11.667276823307784 1
    endloop
  endfacet
  facet normal -0.49037271710305735 0.8715128216618301 0
    outer loop
      vertex 7.859147891402245 11.667276823307784 1.2000000000000002
      vertex 7.985408574342728 11.738319718624862 1.2000000000000002
      vertex 7.985408574342728 11.738319718624862 1
    endloop
  endfacet
  facet normal 0.46780183157897554 -0.883833381566546 0
    outer loop
      vertex 7.989567823708057 11.565762997950824 1.2000000000000002
      vertex 7.989567823708057 11.565762997950824 1
      vertex 8.17610814422369 11.664496430541785 1.2000000000000002
    endloop
  endfacet
  facet normal -0.8588969843578647 0.5121483869553494 0
    outer loop
      vertex 7.985408574342728 11.738319718624862 1.2000000000000002
      vertex 8.059689961373806 11.862893105830462 1.2000000000000002
      vertex 8.059689961373806 11.862893105830462 1
    endloop
  endfacet
  facet normal 0.8158674194605371 -0.5782390110177659 0
    outer loop
      vertex 8.17610814422369 11.664496430541785 1.2000000000000002
      vertex 8.17610814422369 11.664496430541785 1
      vertex 8.290993250906467 11.826593787755282 1.2000000000000002
    endloop
  endfacet
  facet normal 0.9855736632601193 -0.16924702150415757 0
    outer loop
      vertex 8.290993250906467 11.826593787755282 1.2000000000000002
      vertex 8.290993250906467 11.826593787755282 1
      vertex 8.32928828895092 12.049596713270457 1.2000000000000002
    endloop
  endfacet
  facet normal 0 0 1
    outer loop
      vertex 7.67844957113266 11.643595860685618 1.2000000000000002
      vertex 7.736270859837532 11.532851861204417 1.2000000000000002
      vertex 7.859147891402245 11.667276823307784 1.2000000000000002
    endloop
  endfacet
  facet normal 0 0 1
    outer loop
      vertex 7.736270859837532 11.532851861204417 1.2000000000000002
      vertex 7.989567823708057 11.565762997950824 1.2000000000000002
      vertex 7.859147891402245 11.667276823307784 1.2000000000000002
    endloop
  endfacet
  facet normal 0 0 1
    outer loop
      vertex 7.859147891402245 11.667276823307784 1.2000000000000002
      vertex 7.989567823708057 11.565762997950824 1.2000000000000002
      vertex 7.985408574342728 11.738319718624862 1.2000000000000002
    endloop
  endfacet
  facet normal 0 0 1
    outer loop
      vertex 7.985408574342728 11.738319718624862 1.2000000000000002
      vertex 7.989567823708057 11.565762997950824 1.2000000000000002
      vertex 8.17610814422369 11.664496430541785 1.2000000000000002
    endloop
  endfacet
  facet normal 0 0 1
    outer loop
      vertex 7.985408574342728 11.738319718624862 1.2000000000000002
      vertex 8.17610814422369 11.664496430541785 1.2000000000000002
      vertex 8.059689961373806 11.862893105830462 1.2000000000000002
    endloop
  endfacet
  facet normal 0 0 1
    outer loop
      vertex 8.059689961373806 11.862893105830462 1.2000000000000002
      vertex 8.17610814422369 11.664496430541785 1.2000000000000002
      vertex 8.290993250906467 11.826593787755282 1.2000000000000002
    endloop
  endfacet
  facet normal -0.11323947663308084 -0.9935677233746405 0
    outer loop
      vertex 7.671065427362919 12.42482728638819 1.2000000000000002
      vertex 7.671065427362919 12.42482728638819 1
      vertex 7.86268574744463 12.402987824167521 1.2000000000000002
    endloop
  endfacet
  facet normal -0.458412511530725 -0.8887395396133182 0
    outer loop
      vertex 7.86268574744463 12.402987824167521 1.2000000000000002
      vertex 7.86268574744463 12.402987824167521 1
      vertex 7.9897084310650826 12.337469430054934 1.2000000000000002
    endloop
  endfacet
  facet normal -0.9910894838803886 0.1331977287407891 0
    outer loop
      vertex 8.059689961373806 11.862893105830462 1.2000000000000002
      vertex 8.08445043116808 12.047129289593013 1.2000000000000002
      vertex 8.08445043116808 12.047129289593013 1
    endloop
  endfacet
  facet normal -0.990870811327814 -0.13481481839382334 0
    outer loop
      vertex 8.08445043116808 12.047129289593013 1.2000000000000002
      vertex 8.06076493114233 12.221214534129412 1.2000000000000002
      vertex 8.06076493114233 12.221214534129412 1
    endloop
  endfacet
  facet normal -0.8532431615121754 -0.52151328586404 0
    outer loop
      vertex 8.06076493114233 12.221214534129412 1.2000000000000002
      vertex 7.9897084310650826 12.337469430054934 1.2000000000000002
      vertex 7.9897084310650826 12.337469430054934 1
    endloop
  endfacet
  facet normal 0.9235597130997433 0.38345463400397156 0
    outer loop
      vertex 8.32928828895092 12.049596713270457 1.2000000000000002
      vertex 8.32928828895092 12.049596713270457 1
      vertex 8.177958711981773 12.414077640857013 1.2000000000000002
    endloop
  endfacet
  facet normal 0.2585167474678366 0.9660067760003813 0
    outer loop
      vertex 7.723970003426075 12.535571285869391 1.2000000000000002
      vertex 8.177958711981773 12.414077640857013 1.2000000000000002
      vertex 8.177958711981773 12.414077640857013 1
    endloop
  endfacet
  facet normal 0 0 1
    outer loop
      vertex 7.671065427362919 12.42482728638819 1.2000000000000002
      vertex 7.86268574744463 12.402987824167521 1.2000000000000002
      vertex 7.723970003426075 12.535571285869391 1.2000000000000002
    endloop
  endfacet
  facet normal 0 0 1
    outer loop
      vertex 7.723970003426075 12.535571285869391 1.2000000000000002
      vertex 7.86268574744463 12.402987824167521 1.2000000000000002
      vertex 8.177958711981773 12.414077640857013 1.2000000000000002
    endloop
  endfacet
  facet normal 0 0 1
    outer loop
      vertex 8.059689961373806 11.862893105830462 1.2000000000000002
      vertex 8.290993250906467 11.826593787755282 1.2000000000000002
      vertex 8.08445043116808 12.047129289593013 1.2000000000000002
    endloop
  endfacet
  facet normal 0 0 1
    outer loop
      vertex 8.08445043116808 12.047129289593013 1.2000000000000002
      vertex 8.32928828895092 12.049596713270457 1.2000000000000002
      vertex 8.06076493114233 12.221214534129412 1.2000000000000002
    endloop
  endfacet
  facet normal 0 0 1
    outer loop
      vertex 8.08445043116808 12.047129289593013 1.2000000000000002
      vertex 8.290993250906467 11.826593787755282 1.2000000000000002
      vertex 8.32928828895092 12.049596713270457 1.2000000000000002
    endloop
  endfacet
  facet normal 0 0 1
    outer loop
      vertex 8.32928828895092 12.049596713270457 1.2000000000000002
      vertex 8.177958711981773 12.414077640857013 1.2000000000000002
      vertex 8.06076493114233 12.221214534129412 1.2000000000000002
    endloop
  endfacet
  facet normal 0 0 1
    outer loop
      vertex 7.86268574744463 12.402987824167521 1.2000000000000002
      vertex 7.9897084310650826 12.337469430054934 1.2000000000000002
      vertex 8.177958711981773 12.414077640857013 1.2000000000000002
    endloop
  endfacet
  facet normal 0 0 1
    outer loop
      vertex 8.06076493114233 12.221214534129412 1.2000000000000002
      vertex 8.177958711981773 12.414077640857013 1.2000000000000002
      vertex 7.9897084310650826 12.337469430054934 1.2000000000000002
    endloop
  endfacet
  facet normal -1 0 0
    outer loop
      vertex 8.714461140334606 10.984139287258895 1.2000000000000002
      vertex 8.714461140334606 12.43836185463837 1.2000000000000002
      vertex 8.714461140334606 10.984139287258895 1
    endloop
  endfacet
  facet normal 1 0 0
    outer loop
      vertex 8.84363828599453 10.984139287258895 1.2000000000000002
      vertex 8.84363828599453 10.984139287258895 1
      vertex 8.84363828599453 12.369473428811343 1.2000000000000002
    endloop
  endfacet
  facet normal 0 0 1
    outer loop
      vertex 8.714461140334606 10.984139287258895 1.2000000000000002
      vertex 8.84363828599453 10.984139287258895 1.2000000000000002
      vertex 8.84363828599453 12.369473428811343 1.2000000000000002
    endloop
  endfacet
  facet normal -0.14953420185358526 -0.9887565536956057 0
    outer loop
      vertex 8.502842858433723 12.470365860845359 1.2000000000000002
      vertex 8.502842858433723 12.470365860845359 1
      vertex 8.714461140334606 12.43836185463837 1.2000000000000002
    endloop
  endfacet
  facet normal -1 0 0
    outer loop
      vertex 8.502842858433723 12.470365860845359 1.2000000000000002
      vertex 8.502842858433723 12.535571285869391 1.2000000000000002
      vertex 8.502842858433723 12.535571285869391 1
    endloop
  endfacet
  facet normal 0 1 0
    outer loop
      vertex 8.502842858433723 12.535571285869391 1.2000000000000002
      vertex 9.002351999282837 12.535571285869391 1.2000000000000002
      vertex 9.002351999282837 12.535571285869391 1
    endloop
  endfacet
  facet normal 0 0 1
    outer loop
      vertex 8.502842858433723 12.470365860845359 1.2000000000000002
      vertex 8.714461140334606 12.43836185463837 1.2000000000000002
      vertex 8.502842858433723 12.535571285869391 1.2000000000000002
    endloop
  endfacet
  facet normal 0 0 1
    outer loop
      vertex 8.714461140334606 10.984139287258895 1.2000000000000002
      vertex 8.84363828599453 12.369473428811343 1.2000000000000002
      vertex 8.714461140334606 12.43836185463837 1.2000000000000002
    endloop
  endfacet
  facet normal 0 0 1
    outer loop
      vertex 8.502842858433723 12.535571285869391 1.2000000000000002
      vertex 8.714461140334606 12.43836185463837 1.2000000000000002
      vertex 9.002351999282837 12.535571285869391 1.2000000000000002
    endloop
  endfacet
  facet normal 0 0 1
    outer loop
      vertex 8.84363828599453 12.369473428811343 1.2000000000000002
      vertex 9.002351999282837 12.535571285869391 1.2000000000000002
      vertex 8.714461140334606 12.43836185463837 1.2000000000000002
    endloop
  endfacet
  facet normal 1 0 0
    outer loop
      vertex 9.065090000629425 10.950919711376937 1.2000000000000002
      vertex 9.065090000629425 10.885714286352904 1
      vertex 9.065090000629425 10.950919711376937 1
    endloop
  endfacet
  facet normal 0 -1 0
    outer loop
      vertex 9.980451568961143 10.885714286352904 1.2000000000000002
      vertex 9.861107856035233 10.885714286352904 1
      vertex 9.980451568961143 10.885714286352904 1
    endloop
  endfacet
  facet normal 1 0 0
    outer loop
      vertex 9.065090000629425 10.885714286352904 1.2000000000000002
      vertex 9.065090000629425 10.885714286352904 1
      vertex 9.065090000629425 10.950919711376937 1.2000000000000002
    endloop
  endfacet
  facet normal 0.14834839590330104 0.988935161389723 0
    outer loop
      vertex 8.84363828599453 10.984139287258895 1.2000000000000002
      vertex 9.065090000629425 10.950919711376937 1.2000000000000002
      vertex 9.065090000629425 10.950919711376937 1
    endloop
  endfacet
  facet normal 0 0 1
    outer loop
      vertex 8.84363828599453 10.984139287258895 1.2000000000000002
      vertex 9.065090000629425 10.885714286352904 1.2000000000000002
      vertex 9.065090000629425 10.950919711376937 1.2000000000000002
    endloop
  endfacet
  facet normal 0 -1 0
    outer loop
      vertex 9.861107856035233 10.885714286352904 1.2000000000000002
      vertex 9.861107856035233 10.885714286352904 1
      vertex 9.980451568961143 10.885714286352904 1.2000000000000002
    endloop
  endfacet
  facet normal -0.8247198483296493 -0.5655414854554175 0
    outer loop
      vertex 9.861107856035233 10.885714286352904 1.2000000000000002
      vertex 8.84363828599453 12.369473428811343 1
      vertex 9.861107856035233 10.885714286352904 1
    endloop
  endfacet
  facet normal 0.8212128093770793 0.5706220480449428 0
    outer loop
      vertex 9.002351999282837 12.535571285869391 1.2000000000000002
      vertex 9.851256288588047 11.313867570246966 1
      vertex 9.002351999282837 12.535571285869391 1
    endloop
  endfacet
  facet normal -1 0 0
    outer loop
      vertex 9.851256288588047 11.313867570246966 1.2000000000000002
      vertex 9.851256288588047 12.43836185463837 1
      vertex 9.851256288588047 11.313867570246966 1
    endloop
  endfacet
  facet normal -1 0 0
    outer loop
      vertex 9.629804573953152 12.470365860845359 1.2000000000000002
      vertex 9.629804573953152 12.535571285869391 1
      vertex 9.629804573953152 12.470365860845359 1
    endloop
  endfacet
  facet normal -0.143033156368482 -0.9897178972713737 0
    outer loop
      vertex 9.851256288588047 12.43836185463837 1.2000000000000002
      vertex 9.629804573953152 12.470365860845359 1
      vertex 9.851256288588047 12.43836185463837 1
    endloop
  endfacet
  facet normal 0 1 0
    outer loop
      vertex 9.629804573953152 12.535571285869391 1.2000000000000002
      vertex 10.192069858312607 12.535571285869391 1
      vertex 9.629804573953152 12.535571285869391 1
    endloop
  endfacet
  facet normal 1 0 0
    outer loop
      vertex 9.980451568961143 12.43836185463837 1.2000000000000002
      vertex 9.980451568961143 10.885714286352904 1
      vertex 9.980451568961143 12.43836185463837 1
    endloop
  endfacet
  facet normal 0.14953419670656112 -0.9887565544740139 0
    outer loop
      vertex 10.192069858312607 12.470365860845359 1.2000000000000002
      vertex 9.980451568961143 12.43836185463837 1
      vertex 10.192069858312607 12.470365860845359 1
    endloop
  endfacet
  facet normal 1 0 0
    outer loop
      vertex 10.192069858312607 12.535571285869391 1.2000000000000002
      vertex 10.192069858312607 12.470365860845359 1
      vertex 10.192069858312607 12.535571285869391 1
    endloop
  endfacet
  facet normal -0.8247198483296493 -0.5655414854554175 0
    outer loop
      vertex 8.84363828599453 12.369473428811343 1.2000000000000002
      vertex 8.84363828599453 12.369473428811343 1
      vertex 9.861107856035233 10.885714286352904 1.2000000000000002
    endloop
  endfacet
  facet normal 0.8212128093770793 0.5706220480449428 0
    outer loop
      vertex 9.002351999282837 12.535571285869391 1.2000000000000002
      vertex 9.851256288588047 11.313867570246966 1.2000000000000002
      vertex 9.851256288588047 11.313867570246966 1
    endloop
  endfacet
  facet normal 0 0 1
    outer loop
      vertex 8.84363828599453 12.369473428811343 1.2000000000000002
      vertex 9.861107856035233 10.885714286352904 1.2000000000000002
      vertex 9.980451568961143 10.885714286352904 1.2000000000000002
    endloop
  endfacet
  facet normal 0 0 1
    outer loop
      vertex 8.84363828599453 12.369473428811343 1.2000000000000002
      vertex 9.980451568961143 10.885714286352904 1.2000000000000002
      vertex 9.851256288588047 11.313867570246966 1.2000000000000002
    endloop
  endfacet
  facet normal 0 0 1
    outer loop
      vertex 8.84363828599453 12.369473428811343 1.2000000000000002
      vertex 9.851256288588047 11.313867570246966 1.2000000000000002
      vertex 9.002351999282837 12.535571285869391 1.2000000000000002
    endloop
  endfacet
  facet normal 1 0 0
    outer loop
      vertex 9.980451568961143 10.885714286352904 1.2000000000000002
      vertex 9.980451568961143 10.885714286352904 1
      vertex 9.980451568961143 12.43836185463837 1.2000000000000002
    endloop
  endfacet
  facet normal 0 0 1
    outer loop
      vertex 9.980451568961143 10.885714286352904 1.2000000000000002
      vertex 9.980451568961143 12.43836185463837 1.2000000000000002
      vertex 9.851256288588047 11.313867570246966 1.2000000000000002
    endloop
  endfacet
  facet normal -1 0 0
    outer loop
      vertex 9.851256288588047 11.313867570246966 1.2000000000000002
      vertex 9.851256288588047 12.43836185463837 1.2000000000000002
      vertex 9.851256288588047 12.43836185463837 1
    endloop
  endfacet
  facet normal -0.143033156368482 -0.9897178972713737 0
    outer loop
      vertex 9.629804573953152 12.470365860845359 1.2000000000000002
      vertex 9.629804573953152 12.470365860845359 1
      vertex 9.851256288588047 12.43836185463837 1.2000000000000002
    endloop
  endfacet
  facet normal -1 0 0
    outer loop
      vertex 9.629804573953152 12.470365860845359 1.2000000000000002
      vertex 9.629804573953152 12.535571285869391 1.2000000000000002
      vertex 9.629804573953152 12.535571285869391 1
    endloop
  endfacet
  facet normal 0.14953419670656112 -0.9887565544740139 0
    outer loop
      vertex 9.980451568961143 12.43836185463837 1.2000000000000002
      vertex 9.980451568961143 12.43836185463837 1
      vertex 10.192069858312607 12.470365860845359 1.2000000000000002
    endloop
  endfacet
  facet normal 0 1 0
    outer loop
      vertex 9.629804573953152 12.535571285869391 1.2000000000000002
      vertex 10.192069858312607 12.535571285869391 1.2000000000000002
      vertex 10.192069858312607 12.535571285869391 1
    endloop
  endfacet
  facet normal 1 0 0
    outer loop
      vertex 10.192069858312607 12.470365860845359 1.2000000000000002
      vertex 10.192069858312607 12.470365860845359 1
      vertex 10.192069858312607 12.535571285869391 1.2000000000000002
    endloop
  endfacet
  facet normal 0 0 1
    outer loop
      vertex 9.851256288588047 11.313867570246966 1.2000000000000002
      vertex 9.980451568961143 12.43836185463837 1.2000000000000002
      vertex 9.851256288588047 12.43836185463837 1.2000000000000002
    endloop
  endfacet
  facet normal 0 0 1
    outer loop
      vertex 9.629804573953152 12.470365860845359 1.2000000000000002
      vertex 9.851256288588047 12.43836185463837 1.2000000000000002
      vertex 9.629804573953152 12.535571285869391 1.2000000000000002
    endloop
  endfacet
  facet normal 0 0 1
    outer loop
      vertex 9.629804573953152 12.535571285869391 1.2000000000000002
      vertex 9.851256288588047 12.43836185463837 1.2000000000000002
      vertex 9.980451568961143 12.43836185463837 1.2000000000000002
    endloop
  endfacet
  facet normal 0 0 1
    outer loop
      vertex 9.629804573953152 12.535571285869391 1.2000000000000002
      vertex 9.980451568961143 12.43836185463837 1.2000000000000002
      vertex 10.192069858312607 12.535571285869391 1.2000000000000002
    endloop
  endfacet
  facet normal 0 0 1
    outer loop
      vertex 9.980451568961143 12.43836185463837 1.2000000000000002
      vertex 10.192069858312607 12.470365860845359 1.2000000000000002
      vertex 10.192069858312607 12.535571285869391 1.2000000000000002
    endloop
  endfacet
  facet normal -1 0 0
    outer loop
      vertex 2.0002015605568886 18.142857143070014 1.2000000000000002
      vertex 2.0002015605568886 18.260226914073737 1
      vertex 2.0002015605568886 18.142857143070014 1
    endloop
  endfacet
  facet normal -0.15507961352644067 0.9879019756375071 0
    outer loop
      vertex 2.0002015605568886 18.260226914073737 1.2000000000000002
      vertex 2.3811144679784775 18.320022144700797 1
      vertex 2.0002015605568886 18.260226914073737 1
    endloop
  endfacet
  facet normal -1 0 0
    outer loop
      vertex 2.0002015605568886 18.142857143070014 1.2000000000000002
      vertex 2.0002015605568886 18.260226914073737 1.2000000000000002
      vertex 2.0002015605568886 18.260226914073737 1
    endloop
  endfacet
  facet normal 0 -1 0
    outer loop
      vertex 2.0002015605568886 18.142857143070014 1.2000000000000002
      vertex 2.0002015605568886 18.142857143070014 1
      vertex 3.0122464150190353 18.142857143070014 1.2000000000000002
    endloop
  endfacet
  facet normal 0 0 1
    outer loop
      vertex 2.0002015605568886 18.142857143070014 1.2000000000000002
      vertex 2.3811144679784775 18.320022144700797 1.2000000000000002
      vertex 2.0002015605568886 18.260226914073737 1.2000000000000002
    endloop
  endfacet
  facet normal 0 0 1
    outer loop
      vertex 2.0002015605568886 18.142857143070014 1.2000000000000002
      vertex 3.0122464150190353 18.142857143070014 1.2000000000000002
      vertex 2.3811144679784775 18.320022144700797 1.2000000000000002
    endloop
  endfacet
  facet normal -0.15507961352644067 0.9879019756375071 0
    outer loop
      vertex 2.0002015605568886 18.260226914073737 1.2000000000000002
      vertex 2.3811144679784775 18.320022144700797 1.2000000000000002
      vertex 2.3811144679784775 18.320022144700797 1
    endloop
  endfacet
  facet normal 0 -1 0
    outer loop
      vertex 3.0122464150190353 18.142857143070014 1.2000000000000002
      vertex 2.0002015605568886 18.142857143070014 1
      vertex 3.0122464150190353 18.142857143070014 1
    endloop
  endfacet
  facet normal 1 0 0
    outer loop
      vertex 3.0122464150190353 18.260226914073737 1.2000000000000002
      vertex 3.0122464150190353 18.142857143070014 1
      vertex 3.0122464150190353 18.260226914073737 1
    endloop
  endfacet
  facet normal 0.14834838089882024 0.9889351636405181 0
    outer loop
      vertex 2.6136333271861076 18.320022144700797 1.2000000000000002
      vertex 3.0122464150190353 18.260226914073737 1
      vertex 2.6136333271861076 18.320022144700797 1
    endloop
  endfacet
  facet normal 0 -1 0
    outer loop
      vertex 3.7784809544682503 18.142857143070014 1.2000000000000002
      vertex 3.7009855583310127 18.142857143070014 1
      vertex 3.7784809544682503 18.142857143070014 1
    endloop
  endfacet
  facet normal -0.9200506875244762 -0.3917993522017853 0
    outer loop
      vertex 3.7009855583310127 18.142857143070014 1.2000000000000002
      vertex 2.6136333271861076 20.696253829981597 1
      vertex 3.7009855583310127 18.142857143070014 1
    endloop
  endfacet
  facet normal 1 0 0
    outer loop
      vertex 3.0122464150190353 18.142857143070014 1.2000000000000002
      vertex 3.0122464150190353 18.142857143070014 1
      vertex 3.0122464150190353 18.260226914073737 1.2000000000000002
    endloop
  endfacet
  facet normal 0 0 1
    outer loop
      vertex 3.0122464150190353 18.142857143070014 1.2000000000000002
      vertex 3.0122464150190353 18.260226914073737 1.2000000000000002
      vertex 2.6136333271861076 18.320022144700797 1.2000000000000002
    endloop
  endfacet
  facet normal 0.14834838089882024 0.9889351636405181 0
    outer loop
      vertex 2.6136333271861076 18.320022144700797 1.2000000000000002
      vertex 3.0122464150190353 18.260226914073737 1.2000000000000002
      vertex 3.0122464150190353 18.260226914073737 1
    endloop
  endfacet
  facet normal 0 0 1
    outer loop
      vertex 3.0122464150190353 18.142857143070014 1.2000000000000002
      vertex 2.6136333271861076 18.320022144700797 1.2000000000000002
      vertex 2.3811144679784775 18.320022144700797 1.2000000000000002
    endloop
  endfacet
  facet normal 0 -1 0
    outer loop
      vertex 3.7009855583310127 18.142857143070014 1.2000000000000002
      vertex 3.7009855583310127 18.142857143070014 1
      vertex 3.7784809544682503 18.142857143070014 1.2000000000000002
    endloop
  endfacet
  facet normal 0 0 1
    outer loop
      vertex 3.7009855583310127 18.142857143070014 1.2000000000000002
      vertex 3.7784809544682503 18.142857143070014 1.2000000000000002
      vertex 2.6136333271861076 20.696253829981597 1.2000000000000002
    endloop
  endfacet
  facet normal -1 0 0
    outer loop
      vertex 4.5646690130233765 18.142857143070014 1.2000000000000002
      vertex 4.5646690130233765 18.260226914073737 1
      vertex 4.5646690130233765 18.142857143070014 1
    endloop
  endfacet
  facet normal -0.14834838089882024 0.9889351636405181 0
    outer loop
      vertex 4.5646690130233765 18.260226914073737 1.2000000000000002
      vertex 4.963282100856304 18.320022144700797 1
      vertex 4.5646690130233765 18.260226914073737 1
    endloop
  endfacet
  facet normal 0.9071045322528963 -0.42090541403770765 0
    outer loop
      vertex 3.7784809544682503 18.142857143070014 1.2000000000000002
      vertex 3.7784809544682503 18.142857143070014 1
      vertex 4.963282100856304 20.696253829981597 1.2000000000000002
    endloop
  endfacet
  facet normal -1 0 0
    outer loop
      vertex 4.5646690130233765 18.142857143070014 1.2000000000000002
      vertex 4.5646690130233765 18.260226914073737 1.2000000000000002
      vertex 4.5646690130233765 18.260226914073737 1
    endloop
  endfacet
  facet normal 0 -1 0
    outer loop
      vertex 4.5646690130233765 18.142857143070014 1.2000000000000002
      vertex 4.5646690130233765 18.142857143070014 1
      vertex 5.769391015172005 18.142857143070014 1.2000000000000002
    endloop
  endfacet
  facet normal 0 0 1
    outer loop
      vertex 4.5646690130233765 18.142857143070014 1.2000000000000002
      vertex 4.963282100856304 18.320022144700797 1.2000000000000002
      vertex 4.5646690130233765 18.260226914073737 1.2000000000000002
    endloop
  endfacet
  facet normal 0 0 1
    outer loop
      vertex 4.5646690130233765 18.142857143070014 1.2000000000000002
      vertex 5.769391015172005 18.142857143070014 1.2000000000000002
      vertex 4.963282100856304 18.320022144700797 1.2000000000000002
    endloop
  endfacet
  facet normal -0.14834838089882024 0.9889351636405181 0
    outer loop
      vertex 4.5646690130233765 18.260226914073737 1.2000000000000002
      vertex 4.963282100856304 18.320022144700797 1.2000000000000002
      vertex 4.963282100856304 18.320022144700797 1
    endloop
  endfacet
  facet normal -0.8845589385628042 -0.46642843417682556 0
    outer loop
      vertex 1.2199246808886528 21.925184064890654 1.2000000000000002
      vertex 1.1557066068053246 22.046970532621653 1
      vertex 1.2199246808886528 21.925184064890654 1
    endloop
  endfacet
  facet normal -0.7801339012960158 -0.625612576638816 0
    outer loop
      vertex 1.3098299950361252 21.813072854067595 1.2000000000000002
      vertex 1.2199246808886528 21.925184064890654 1
      vertex 1.3098299950361252 21.813072854067595 1
    endloop
  endfacet
  facet normal -0.9596305977751554 -0.28126342779269736 0
    outer loop
      vertex 1.1557066068053246 22.046970532621653 1.2000000000000002
      vertex 1.1171757578849792 22.178432279612334 1
      vertex 1.1557066068053246 22.046970532621653 1
    endloop
  endfacet
  facet normal -0.8845589385628042 -0.46642843417682556 0
    outer loop
      vertex 1.2199246808886528 21.925184064890654 1.2000000000000002
      vertex 1.1557066068053246 22.046970532621653 1.2000000000000002
      vertex 1.1557066068053246 22.046970532621653 1
    endloop
  endfacet
  facet normal -0.7801339012960158 -0.625612576638816 0
    outer loop
      vertex 1.3098299950361252 21.813072854067595 1.2000000000000002
      vertex 1.2199246808886528 21.925184064890654 1.2000000000000002
      vertex 1.2199246808886528 21.925184064890654 1
    endloop
  endfacet
  facet normal -0.9596305977751554 -0.28126342779269736 0
    outer loop
      vertex 1.1557066068053246 22.046970532621653 1.2000000000000002
      vertex 1.1171757578849792 22.178432279612334 1.2000000000000002
      vertex 1.1171757578849792 22.178432279612334 1
    endloop
  endfacet
  facet normal -1 0 0
    outer loop
      vertex 2.3811144679784775 18.320022144700797 1.2000000000000002
      vertex 2.3811144679784775 20.937622771944316 1
      vertex 2.3811144679784775 18.320022144700797 1
    endloop
  endfacet
  facet normal 0 0 1
    outer loop
      vertex 2.3811144679784775 18.320022144700797 1.2000000000000002
      vertex 2.6136333271861076 18.320022144700797 1.2000000000000002
      vertex 2.6136333271861076 20.696253829981597 1.2000000000000002
    endloop
  endfacet
  facet normal -1 0 0
    outer loop
      vertex 2.3811144679784775 18.320022144700797 1.2000000000000002
      vertex 2.3811144679784775 20.937622771944316 1.2000000000000002
      vertex 2.3811144679784775 20.937622771944316 1
    endloop
  endfacet
  facet normal 0 0 1
    outer loop
      vertex 2.3811144679784775 18.320022144700797 1.2000000000000002
      vertex 2.6136333271861076 20.696253829981597 1.2000000000000002
      vertex 2.3811144679784775 20.937622771944316 1.2000000000000002
    endloop
  endfacet
  facet normal -0.6513342742529622 -0.758790921916813 0
    outer loop
      vertex 1.4191352650523186 21.71924691775015 1.2000000000000002
      vertex 1.3098299950361252 21.813072854067595 1
      vertex 1.4191352650523186 21.71924691775015 1
    endloop
  endfacet
  facet normal -0.4804703409299812 -0.8770109756933647 0
    outer loop
      vertex 1.5414653569459915 21.652228393937857 1.2000000000000002
      vertex 1.4191352650523186 21.71924691775015 1
      vertex 1.5414653569459915 21.652228393937857 1
    endloop
  endfacet
  facet normal -0.28477811811795245 -0.958593460983955 0
    outer loop
      vertex 1.6768202632665634 21.612017275180133 1.2000000000000002
      vertex 1.5414653569459915 21.652228393937857 1
      vertex 1.6768202632665634 21.612017275180133 1
    endloop
  endfacet
  facet normal -0.08996747566086824 -0.9959447039485732 0
    outer loop
      vertex 1.8251999989151955 21.598613568927558 1.2000000000000002
      vertex 1.6768202632665634 21.612017275180133 1
      vertex 1.8251999989151955 21.598613568927558 1
    endloop
  endfacet
  facet normal -1 0 0
    outer loop
      vertex 2.0002015605568886 20.995229968215735 1.2000000000000002
      vertex 2.0002015605568886 21.11259974667004 1
      vertex 2.0002015605568886 20.995229968215735 1
    endloop
  endfacet
  facet normal -0.14953416403872039 -0.988756559414521 0
    outer loop
      vertex 2.3811144679784775 20.937622771944316 1.2000000000000002
      vertex 2.0002015605568886 20.995229968215735 1
      vertex 2.3811144679784775 20.937622771944316 1
    endloop
  endfacet
  facet normal 0 1 0
    outer loop
      vertex 2.0002015605568886 21.11259974667004 1.2000000000000002
      vertex 2.899318017065525 21.11259974667004 1
      vertex 2.0002015605568886 21.11259974667004 1
    endloop
  endfacet
  facet normal 0.08997078273379998 -0.9959444052025532 0
    outer loop
      vertex 1.973574236035347 21.612017275180133 1.2000000000000002
      vertex 1.8251999989151955 21.598613568927558 1
      vertex 1.973574236035347 21.612017275180133 1
    endloop
  endfacet
  facet normal 0.28480995498582506 -0.9585840023393737 0
    outer loop
      vertex 2.1089126765727997 21.652228393937857 1.2000000000000002
      vertex 1.973574236035347 21.612017275180133 1
      vertex 2.1089126765727997 21.652228393937857 1
    endloop
  endfacet
  facet normal 0.4805532944215382 -0.8769655245336652 0
    outer loop
      vertex 2.231215313076973 21.71924691775015 1.2000000000000002
      vertex 2.1089126765727997 21.652228393937857 1
      vertex 2.231215313076973 21.71924691775015 1
    endloop
  endfacet
  facet normal 0.6514661917625262 -0.7586776660680288 0
    outer loop
      vertex 2.3404821380972862 21.813072854067595 1.2000000000000002
      vertex 2.231215313076973 21.71924691775015 1
      vertex 2.3404821380972862 21.813072854067595 1
    endloop
  endfacet
  facet normal 0.780003364127535 -0.6257753206620792 0
    outer loop
      vertex 2.430425889790058 21.925184064890654 1.2000000000000002
      vertex 2.3404821380972862 21.813072854067595 1
      vertex 2.430425889790058 21.925184064890654 1
    endloop
  endfacet
  facet normal 0.8844766352684841 -0.4665844850229601 0
    outer loop
      vertex 2.4946714267134666 22.046970532621653 1.2000000000000002
      vertex 2.430425889790058 21.925184064890654 1
      vertex 2.4946714267134666 22.046970532621653 1
    endloop
  endfacet
  facet normal 0.9595981360429708 -0.28137415891097056 0
    outer loop
      vertex 2.5332187488675117 22.178432279612334 1.2000000000000002
      vertex 2.4946714267134666 22.046970532621653 1
      vertex 2.5332187488675117 22.178432279612334 1
    endloop
  endfacet
  facet normal -0.6513342742529622 -0.758790921916813 0
    outer loop
      vertex 1.3098299950361252 21.813072854067595 1.2000000000000002
      vertex 1.3098299950361252 21.813072854067595 1
      vertex 1.4191352650523186 21.71924691775015 1.2000000000000002
    endloop
  endfacet
  facet normal -0.4804703409299812 -0.8770109756933647 0
    outer loop
      vertex 1.4191352650523186 21.71924691775015 1.2000000000000002
      vertex 1.4191352650523186 21.71924691775015 1
      vertex 1.5414653569459915 21.652228393937857 1.2000000000000002
    endloop
  endfacet
  facet normal -0.28477811811795245 -0.958593460983955 0
    outer loop
      vertex 1.5414653569459915 21.652228393937857 1.2000000000000002
      vertex 1.5414653569459915 21.652228393937857 1
      vertex 1.6768202632665634 21.612017275180133 1.2000000000000002
    endloop
  endfacet
  facet normal -0.08996747566086824 -0.9959447039485732 0
    outer loop
      vertex 1.6768202632665634 21.612017275180133 1.2000000000000002
      vertex 1.6768202632665634 21.612017275180133 1
      vertex 1.8251999989151955 21.598613568927558 1.2000000000000002
    endloop
  endfacet
  facet normal 0.08997078273379998 -0.9959444052025532 0
    outer loop
      vertex 1.8251999989151955 21.598613568927558 1.2000000000000002
      vertex 1.8251999989151955 21.598613568927558 1
      vertex 1.973574236035347 21.612017275180133 1.2000000000000002
    endloop
  endfacet
  facet normal 0 0 1
    outer loop
      vertex 1.3098299950361252 21.813072854067595 1.2000000000000002
      vertex 1.4191352650523186 21.71924691775015 1.2000000000000002
      vertex 2.533032052218914 22.465516471649916 1.2000000000000002
    endloop
  endfacet
  facet normal 0 0 1
    outer loop
      vertex 1.2199246808886528 21.925184064890654 1.2000000000000002
      vertex 2.533032052218914 22.465516471649916 1.2000000000000002
      vertex 1.1557066068053246 22.046970532621653 1.2000000000000002
    endloop
  endfacet
  facet normal 0 0 1
    outer loop
      vertex 1.3098299950361252 21.813072854067595 1.2000000000000002
      vertex 2.533032052218914 22.465516471649916 1.2000000000000002
      vertex 1.2199246808886528 21.925184064890654 1.2000000000000002
    endloop
  endfacet
  facet normal 0 0 1
    outer loop
      vertex 1.4191352650523186 21.71924691775015 1.2000000000000002
      vertex 1.5414653569459915 21.652228393937857 1.2000000000000002
      vertex 2.533032052218914 22.465516471649916 1.2000000000000002
    endloop
  endfacet
  facet normal 0 0 1
    outer loop
      vertex 1.5414653569459915 21.652228393937857 1.2000000000000002
      vertex 1.6768202632665634 21.612017275180133 1.2000000000000002
      vertex 2.533032052218914 22.465516471649916 1.2000000000000002
    endloop
  endfacet
  facet normal -0.14953416403872039 -0.988756559414521 0
    outer loop
      vertex 2.0002015605568886 20.995229968215735 1.2000000000000002
      vertex 2.0002015605568886 20.995229968215735 1
      vertex 2.3811144679784775 20.937622771944316 1.2000000000000002
    endloop
  endfacet
  facet normal -1 0 0
    outer loop
      vertex 2.0002015605568886 20.995229968215735 1.2000000000000002
      vertex 2.0002015605568886 21.11259974667004 1.2000000000000002
      vertex 2.0002015605568886 21.11259974667004 1
    endloop
  endfacet
  facet normal 0 0 1
    outer loop
      vertex 2.0002015605568886 20.995229968215735 1.2000000000000002
      vertex 2.3811144679784775 20.937622771944316 1.2000000000000002
      vertex 2.0002015605568886 21.11259974667004 1.2000000000000002
    endloop
  endfacet
  facet normal 0 0 1
    outer loop
      vertex 2.0002015605568886 21.11259974667004 1.2000000000000002
      vertex 2.3811144679784775 20.937622771944316 1.2000000000000002
      vertex 2.899318017065525 21.11259974667004 1.2000000000000002
    endloop
  endfacet
  facet normal 0.28480995498582506 -0.9585840023393737 0
    outer loop
      vertex 1.973574236035347 21.612017275180133 1.2000000000000002
      vertex 1.973574236035347 21.612017275180133 1
      vertex 2.1089126765727997 21.652228393937857 1.2000000000000002
    endloop
  endfacet
  facet normal 0.4805532944215382 -0.8769655245336652 0
    outer loop
      vertex 2.1089126765727997 21.652228393937857 1.2000000000000002
      vertex 2.1089126765727997 21.652228393937857 1
      vertex 2.231215313076973 21.71924691775015 1.2000000000000002
    endloop
  endfacet
  facet normal 0.6514661917625262 -0.7586776660680288 0
    outer loop
      vertex 2.231215313076973 21.71924691775015 1.2000000000000002
      vertex 2.231215313076973 21.71924691775015 1
      vertex 2.3404821380972862 21.813072854067595 1.2000000000000002
    endloop
  endfacet
  facet normal 0.780003364127535 -0.6257753206620792 0
    outer loop
      vertex 2.3404821380972862 21.813072854067595 1.2000000000000002
      vertex 2.3404821380972862 21.813072854067595 1
      vertex 2.430425889790058 21.925184064890654 1.2000000000000002
    endloop
  endfacet
  facet normal 0.8844766352684841 -0.4665844850229601 0
    outer loop
      vertex 2.430425889790058 21.925184064890654 1.2000000000000002
      vertex 2.430425889790058 21.925184064890654 1
      vertex 2.4946714267134666 22.046970532621653 1.2000000000000002
    endloop
  endfacet
  facet normal 0.9595981360429708 -0.28137415891097056 0
    outer loop
      vertex 2.4946714267134666 22.046970532621653 1.2000000000000002
      vertex 2.4946714267134666 22.046970532621653 1
      vertex 2.5332187488675117 22.178432279612334 1.2000000000000002
    endloop
  endfacet
  facet normal 0 0 1
    outer loop
      vertex 1.8251999989151955 21.598613568927558 1.2000000000000002
      vertex 1.973574236035347 21.612017275180133 1.2000000000000002
      vertex 2.3404821380972862 21.813072854067595 1.2000000000000002
    endloop
  endfacet
  facet normal 0 0 1
    outer loop
      vertex 1.973574236035347 21.612017275180133 1.2000000000000002
      vertex 2.1089126765727997 21.652228393937857 1.2000000000000002
      vertex 2.231215313076973 21.71924691775015 1.2000000000000002
    endloop
  endfacet
  facet normal 0 0 1
    outer loop
      vertex 1.973574236035347 21.612017275180133 1.2000000000000002
      vertex 2.231215313076973 21.71924691775015 1.2000000000000002
      vertex 2.3404821380972862 21.813072854067595 1.2000000000000002
    endloop
  endfacet
  facet normal 0 0 1
    outer loop
      vertex 1.8251999989151955 21.598613568927558 1.2000000000000002
      vertex 2.3404821380972862 21.813072854067595 1.2000000000000002
      vertex 2.430425889790058 21.925184064890654 1.2000000000000002
    endloop
  endfacet
  facet normal 0 0 1
    outer loop
      vertex 1.6768202632665634 21.612017275180133 1.2000000000000002
      vertex 1.8251999989151955 21.598613568927558 1.2000000000000002
      vertex 2.5460678562521935 22.319569283510955 1.2000000000000002
    endloop
  endfacet
  facet normal 0 0 1
    outer loop
      vertex 1.8251999989151955 21.598613568927558 1.2000000000000002
      vertex 2.430425889790058 21.925184064890654 1.2000000000000002
      vertex 2.4946714267134666 22.046970532621653 1.2000000000000002
    endloop
  endfacet
  facet normal 0 0 1
    outer loop
      vertex 1.8251999989151955 21.598613568927558 1.2000000000000002
      vertex 2.4946714267134666 22.046970532621653 1.2000000000000002
      vertex 2.5332187488675117 22.178432279612334 1.2000000000000002
    endloop
  endfacet
  facet normal 0 0 1
    outer loop
      vertex 1.8251999989151955 21.598613568927558 1.2000000000000002
      vertex 2.5332187488675117 22.178432279612334 1.2000000000000002
      vertex 2.5460678562521935 22.319569283510955 1.2000000000000002
    endloop
  endfacet
  facet normal 0 0 1
    outer loop
      vertex 1.6768202632665634 21.612017275180133 1.2000000000000002
      vertex 2.5460678562521935 22.319569283510955 1.2000000000000002
      vertex 2.533032052218914 22.465516471649916 1.2000000000000002
    endloop
  endfacet
  facet normal -0.9958849445689194 -0.09062658098461193 0
    outer loop
      vertex 1.1171757578849792 22.178432279612334 1.2000000000000002
      vertex 1.1043321415781975 22.319569283510955 1
      vertex 1.1171757578849792 22.178432279612334 1
    endloop
  endfacet
  facet normal -0.9960381199985974 0.08892729338993538 0
    outer loop
      vertex 1.1043321415781975 22.319569283510955 1.2000000000000002
      vertex 1.117362454533577 22.465516471649916 1
      vertex 1.1043321415781975 22.319569283510955 1
    endloop
  endfacet
  facet normal -0.9600030816151186 0.2799894342461442 0
    outer loop
      vertex 1.117362454533577 22.465516471649916 1.2000000000000002
      vertex 1.1564533933997154 22.599548035647185 1
      vertex 1.117362454533577 22.465516471649916 1
    endloop
  endfacet
  facet normal -0.8822837637413001 0.47071792003118557 0
    outer loop
      vertex 1.1564533933997154 22.599548035647185 1.2000000000000002
      vertex 1.2216049507260323 22.72166397550276 1
      vertex 1.1564533933997154 22.599548035647185 1
    endloop
  endfacet
  facet normal -0.7703533378464403 0.637617232255252 0
    outer loop
      vertex 1.2216049507260323 22.72166397550276 1.2000000000000002
      vertex 1.3128171414136887 22.831864283766063 1
      vertex 1.2216049507260323 22.72166397550276 1
    endloop
  endfacet
  facet normal -0.9958849445689194 -0.09062658098461193 0
    outer loop
      vertex 1.1171757578849792 22.178432279612334 1.2000000000000002
      vertex 1.1043321415781975 22.319569283510955 1.2000000000000002
      vertex 1.1043321415781975 22.319569283510955 1
    endloop
  endfacet
  facet normal -0.9960381199985974 0.08892729338993538 0
    outer loop
      vertex 1.1043321415781975 22.319569283510955 1.2000000000000002
      vertex 1.117362454533577 22.465516471649916 1.2000000000000002
      vertex 1.117362454533577 22.465516471649916 1
    endloop
  endfacet
  facet normal -0.9600030816151186 0.2799894342461442 0
    outer loop
      vertex 1.117362454533577 22.465516471649916 1.2000000000000002
      vertex 1.1564533933997154 22.599548035647185 1.2000000000000002
      vertex 1.1564533933997154 22.599548035647185 1
    endloop
  endfacet
  facet normal -0.8822837637413001 0.47071792003118557 0
    outer loop
      vertex 1.1564533933997154 22.599548035647185 1.2000000000000002
      vertex 1.2216049507260323 22.72166397550276 1.2000000000000002
      vertex 1.2216049507260323 22.72166397550276 1
    endloop
  endfacet
  facet normal 0 0 1
    outer loop
      vertex 1.1043321415781975 22.319569283510955 1.2000000000000002
      vertex 1.3128171414136887 22.831864283766063 1.2000000000000002
      vertex 1.117362454533577 22.465516471649916 1.2000000000000002
    endloop
  endfacet
  facet normal 0 0 1
    outer loop
      vertex 1.117362454533577 22.465516471649916 1.2000000000000002
      vertex 1.2216049507260323 22.72166397550276 1.2000000000000002
      vertex 1.1564533933997154 22.599548035647185 1.2000000000000002
    endloop
  endfacet
  facet normal 0 0 1
    outer loop
      vertex 1.117362454533577 22.465516471649916 1.2000000000000002
      vertex 1.3128171414136887 22.831864283766063 1.2000000000000002
      vertex 1.2216049507260323 22.72166397550276 1.2000000000000002
    endloop
  endfacet
  facet normal 0 0 1
    outer loop
      vertex 1.1043321415781975 22.319569283510955 1.2000000000000002
      vertex 1.42305588722229 22.92311491199902 1.2000000000000002
      vertex 1.3128171414136887 22.831864283766063 1.2000000000000002
    endloop
  endfacet
  facet normal -0.637644696721682 0.7703306048332197 0
    outer loop
      vertex 1.3128171414136887 22.831864283766063 1.2000000000000002
      vertex 1.42305588722229 22.92311491199902 1
      vertex 1.3128171414136887 22.831864283766063 1
    endloop
  endfacet
  facet normal -0.4707899706490819 0.882245319362045 0
    outer loop
      vertex 1.42305588722229 22.92311491199902 1.2000000000000002
      vertex 1.5451992824673653 22.988293932165416 1
      vertex 1.42305588722229 22.92311491199902 1
    endloop
  endfacet
  facet normal -0.2800663984286031 0.9599806313000441 0
    outer loop
      vertex 1.5451992824673653 22.988293932165416 1.2000000000000002
      vertex 1.6792473196983337 23.027401336814673 1
      vertex 1.5451992824673653 22.988293932165416 1
    endloop
  endfacet
  facet normal -0.08896115096314433 0.9960350965800917 0
    outer loop
      vertex 1.6792473196983337 23.027401336814673 1.2000000000000002
      vertex 1.8251999989151955 23.040437140847953 1
      vertex 1.6792473196983337 23.027401336814673 1
    endloop
  endfacet
  facet normal 0.08896447152332108 0.9960347999977592 0
    outer loop
      vertex 1.8251999989151955 23.040437140847953 1.2000000000000002
      vertex 1.9711471870541573 23.027401336814673 1
      vertex 1.8251999989151955 23.040437140847953 1
    endloop
  endfacet
  facet normal 0.2800981341111579 0.9599713721082769 0
    outer loop
      vertex 1.9711471870541573 23.027401336814673 1.2000000000000002
      vertex 2.1051787436008453 22.988293932165416 1
      vertex 1.9711471870541573 23.027401336814673 1
    endloop
  endfacet
  facet normal 0.47087235196360605 0.8822013535221208 0
    outer loop
      vertex 2.1051787436008453 22.988293932165416 1.2000000000000002
      vertex 2.227294683456421 22.92311491199902 1
      vertex 2.1051787436008453 22.988293932165416 1
    endloop
  endfacet
  facet normal 0.9958814468800039 -0.09066500846627663 0
    outer loop
      vertex 2.5460678562521935 22.319569283510955 1.2000000000000002
      vertex 2.5332187488675117 22.178432279612334 1
      vertex 2.5460678562521935 22.319569283510955 1
    endloop
  endfacet
  facet normal 0.9960347999977592 0.08896447152332108 0
    outer loop
      vertex 2.533032052218914 22.465516471649916 1.2000000000000002
      vertex 2.5460678562521935 22.319569283510955 1
      vertex 2.533032052218914 22.465516471649916 1
    endloop
  endfacet
  facet normal 0.9599713619462698 0.2800981689390777 0
    outer loop
      vertex 2.4939246401190758 22.599548035647185 1.2000000000000002
      vertex 2.533032052218914 22.465516471649916 1
      vertex 2.4939246401190758 22.599548035647185 1
    endloop
  endfacet
  facet normal 0.7702213881134683 0.6377766170788657 0
    outer loop
      vertex 2.3374949991703033 22.831864283766063 1.2000000000000002
      vertex 2.4287456199526787 22.72166397550276 1
      vertex 2.3374949991703033 22.831864283766063 1
    endloop
  endfacet
  facet normal 0.6377766223910513 0.7702213837147488 0
    outer loop
      vertex 2.227294683456421 22.92311491199902 1.2000000000000002
      vertex 2.3374949991703033 22.831864283766063 1
      vertex 2.227294683456421 22.92311491199902 1
    endloop
  endfacet
  facet normal 0.8822013535221208 0.47087235196360605 0
    outer loop
      vertex 2.4287456199526787 22.72166397550276 1.2000000000000002
      vertex 2.4939246401190758 22.599548035647185 1
      vertex 2.4287456199526787 22.72166397550276 1
    endloop
  endfacet
  facet normal -0.7703533378464403 0.637617232255252 0
    outer loop
      vertex 1.2216049507260323 22.72166397550276 1.2000000000000002
      vertex 1.3128171414136887 22.831864283766063 1.2000000000000002
      vertex 1.3128171414136887 22.831864283766063 1
    endloop
  endfacet
  facet normal -0.637644696721682 0.7703306048332197 0
    outer loop
      vertex 1.3128171414136887 22.831864283766063 1.2000000000000002
      vertex 1.42305588722229 22.92311491199902 1.2000000000000002
      vertex 1.42305588722229 22.92311491199902 1
    endloop
  endfacet
  facet normal -0.4707899706490819 0.882245319362045 0
    outer loop
      vertex 1.42305588722229 22.92311491199902 1.2000000000000002
      vertex 1.5451992824673653 22.988293932165416 1.2000000000000002
      vertex 1.5451992824673653 22.988293932165416 1
    endloop
  endfacet
  facet normal -0.2800663984286031 0.9599806313000441 0
    outer loop
      vertex 1.5451992824673653 22.988293932165416 1.2000000000000002
      vertex 1.6792473196983337 23.027401336814673 1.2000000000000002
      vertex 1.6792473196983337 23.027401336814673 1
    endloop
  endfacet
  facet normal 0 0 1
    outer loop
      vertex 1.1171757578849792 22.178432279612334 1.2000000000000002
      vertex 2.3374949991703033 22.831864283766063 1.2000000000000002
      vertex 1.1043321415781975 22.319569283510955 1.2000000000000002
    endloop
  endfacet
  facet normal 0 0 1
    outer loop
      vertex 1.1043321415781975 22.319569283510955 1.2000000000000002
      vertex 1.5451992824673653 22.988293932165416 1.2000000000000002
      vertex 1.42305588722229 22.92311491199902 1.2000000000000002
    endloop
  endfacet
  facet normal 0 0 1
    outer loop
      vertex 1.1043321415781975 22.319569283510955 1.2000000000000002
      vertex 1.6792473196983337 23.027401336814673 1.2000000000000002
      vertex 1.5451992824673653 22.988293932165416 1.2000000000000002
    endloop
  endfacet
  facet normal 0 0 1
    outer loop
      vertex 1.1043321415781975 22.319569283510955 1.2000000000000002
      vertex 1.8251999989151955 23.040437140847953 1.2000000000000002
      vertex 1.6792473196983337 23.027401336814673 1.2000000000000002
    endloop
  endfacet
  facet normal 0 0 1
    outer loop
      vertex 1.1557066068053246 22.046970532621653 1.2000000000000002
      vertex 2.533032052218914 22.465516471649916 1.2000000000000002
      vertex 1.1171757578849792 22.178432279612334 1.2000000000000002
    endloop
  endfacet
  facet normal 0 0 1
    outer loop
      vertex 1.1043321415781975 22.319569283510955 1.2000000000000002
      vertex 1.9711471870541573 23.027401336814673 1.2000000000000002
      vertex 1.8251999989151955 23.040437140847953 1.2000000000000002
    endloop
  endfacet
  facet normal 0 0 1
    outer loop
      vertex 1.1043321415781975 22.319569283510955 1.2000000000000002
      vertex 2.1051787436008453 22.988293932165416 1.2000000000000002
      vertex 1.9711471870541573 23.027401336814673 1.2000000000000002
    endloop
  endfacet
  facet normal 0 0 1
    outer loop
      vertex 1.1043321415781975 22.319569283510955 1.2000000000000002
      vertex 2.227294683456421 22.92311491199902 1.2000000000000002
      vertex 2.1051787436008453 22.988293932165416 1.2000000000000002
    endloop
  endfacet
  facet normal 0 0 1
    outer loop
      vertex 1.1043321415781975 22.319569283510955 1.2000000000000002
      vertex 2.3374949991703033 22.831864283766063 1.2000000000000002
      vertex 2.227294683456421 22.92311491199902 1.2000000000000002
    endloop
  endfacet
  facet normal -0.08896115096314433 0.9960350965800917 0
    outer loop
      vertex 1.6792473196983337 23.027401336814673 1.2000000000000002
      vertex 1.8251999989151955 23.040437140847953 1.2000000000000002
      vertex 1.8251999989151955 23.040437140847953 1
    endloop
  endfacet
  facet normal 0.2800981341111579 0.9599713721082769 0
    outer loop
      vertex 1.9711471870541573 23.027401336814673 1.2000000000000002
      vertex 2.1051787436008453 22.988293932165416 1.2000000000000002
      vertex 2.1051787436008453 22.988293932165416 1
    endloop
  endfacet
  facet normal 0.47087235196360605 0.8822013535221208 0
    outer loop
      vertex 2.1051787436008453 22.988293932165416 1.2000000000000002
      vertex 2.227294683456421 22.92311491199902 1.2000000000000002
      vertex 2.227294683456421 22.92311491199902 1
    endloop
  endfacet
  facet normal 0.9958814468800039 -0.09066500846627663 0
    outer loop
      vertex 2.5332187488675117 22.178432279612334 1.2000000000000002
      vertex 2.5332187488675117 22.178432279612334 1
      vertex 2.5460678562521935 22.319569283510955 1.2000000000000002
    endloop
  endfacet
  facet normal 0.9960347999977592 0.08896447152332108 0
    outer loop
      vertex 2.5460678562521935 22.319569283510955 1.2000000000000002
      vertex 2.5460678562521935 22.319569283510955 1
      vertex 2.533032052218914 22.465516471649916 1.2000000000000002
    endloop
  endfacet
  facet normal 0.9599713619462698 0.2800981689390777 0
    outer loop
      vertex 2.533032052218914 22.465516471649916 1.2000000000000002
      vertex 2.533032052218914 22.465516471649916 1
      vertex 2.4939246401190758 22.599548035647185 1.2000000000000002
    endloop
  endfacet
  facet normal 0.7702213881134683 0.6377766170788657 0
    outer loop
      vertex 2.4287456199526787 22.72166397550276 1.2000000000000002
      vertex 2.4287456199526787 22.72166397550276 1
      vertex 2.3374949991703033 22.831864283766063 1.2000000000000002
    endloop
  endfacet
  facet normal 0.6377766223910513 0.7702213837147488 0
    outer loop
      vertex 2.227294683456421 22.92311491199902 1.2000000000000002
      vertex 2.3374949991703033 22.831864283766063 1.2000000000000002
      vertex 2.3374949991703033 22.831864283766063 1
    endloop
  endfacet
  facet normal 0.8822013535221208 0.47087235196360605 0
    outer loop
      vertex 2.4287456199526787 22.72166397550276 1.2000000000000002
      vertex 2.4939246401190758 22.599548035647185 1.2000000000000002
      vertex 2.4939246401190758 22.599548035647185 1
    endloop
  endfacet
  facet normal 0 0 1
    outer loop
      vertex 1.1171757578849792 22.178432279612334 1.2000000000000002
      vertex 2.533032052218914 22.465516471649916 1.2000000000000002
      vertex 2.4939246401190758 22.599548035647185 1.2000000000000002
    endloop
  endfacet
  facet normal 0 0 1
    outer loop
      vertex 1.1171757578849792 22.178432279612334 1.2000000000000002
      vertex 2.4287456199526787 22.72166397550276 1.2000000000000002
      vertex 2.3374949991703033 22.831864283766063 1.2000000000000002
    endloop
  endfacet
  facet normal 0 0 1
    outer loop
      vertex 1.1171757578849792 22.178432279612334 1.2000000000000002
      vertex 2.4939246401190758 22.599548035647185 1.2000000000000002
      vertex 2.4287456199526787 22.72166397550276 1.2000000000000002
    endloop
  endfacet
  facet normal 0.08896447152332108 0.9960347999977592 0
    outer loop
      vertex 1.8251999989151955 23.040437140847953 1.2000000000000002
      vertex 1.9711471870541573 23.027401336814673 1.2000000000000002
      vertex 1.9711471870541573 23.027401336814673 1
    endloop
  endfacet
  facet normal 1 0 0
    outer loop
      vertex 2.6136333271861076 20.696253829981597 1.2000000000000002
      vertex 2.6136333271861076 18.320022144700797 1
      vertex 2.6136333271861076 20.696253829981597 1
    endloop
  endfacet
  facet normal 0.9195193628290119 0.3930447065952269 0
    outer loop
      vertex 2.899318017065525 21.11259974667004 1.2000000000000002
      vertex 3.8648590967059135 18.853737832392962 1
      vertex 2.899318017065525 21.11259974667004 1
    endloop
  endfacet
  facet normal 1 0 0
    outer loop
      vertex 2.6136333271861076 18.320022144700797 1.2000000000000002
      vertex 2.6136333271861076 18.320022144700797 1
      vertex 2.6136333271861076 20.696253829981597 1.2000000000000002
    endloop
  endfacet
  facet normal -0.9200506875244762 -0.3917993522017853 0
    outer loop
      vertex 3.7009855583310127 18.142857143070014 1.2000000000000002
      vertex 2.6136333271861076 20.696253829981597 1.2000000000000002
      vertex 2.6136333271861076 20.696253829981597 1
    endloop
  endfacet
  facet normal 0 0 1
    outer loop
      vertex 2.6136333271861076 20.696253829981597 1.2000000000000002
      vertex 3.8648590967059135 18.853737832392962 1.2000000000000002
      vertex 2.899318017065525 21.11259974667004 1.2000000000000002
    endloop
  endfacet
  facet normal 0.9195193628290119 0.3930447065952269 0
    outer loop
      vertex 2.899318017065525 21.11259974667004 1.2000000000000002
      vertex 3.8648590967059135 18.853737832392962 1.2000000000000002
      vertex 3.8648590967059135 18.853737832392962 1
    endloop
  endfacet
  facet normal 0 0 1
    outer loop
      vertex 3.7784809544682503 18.142857143070014 1.2000000000000002
      vertex 3.8648590967059135 18.853737832392962 1.2000000000000002
      vertex 2.6136333271861076 20.696253829981597 1.2000000000000002
    endloop
  endfacet
  facet normal 0 1 0
    outer loop
      vertex 2.0002015605568886 21.11259974667004 1.2000000000000002
      vertex 2.899318017065525 21.11259974667004 1.2000000000000002
      vertex 2.899318017065525 21.11259974667004 1
    endloop
  endfacet
  facet normal 0 0 1
    outer loop
      vertex 2.3811144679784775 20.937622771944316 1.2000000000000002
      vertex 2.6136333271861076 20.696253829981597 1.2000000000000002
      vertex 2.899318017065525 21.11259974667004 1.2000000000000002
    endloop
  endfacet
  facet normal -0.9061824697860371 0.4228869014907863 0
    outer loop
      vertex 3.8648590967059135 18.853737832392962 1.2000000000000002
      vertex 4.918999016284943 21.11259974667004 1
      vertex 3.8648590967059135 18.853737832392962 1
    endloop
  endfacet
  facet normal -1 0 0
    outer loop
      vertex 4.963282100856304 18.320022144700797 1.2000000000000002
      vertex 4.963282100856304 20.696253829981597 1
      vertex 4.963282100856304 18.320022144700797 1
    endloop
  endfacet
  facet normal 0.9071045322528963 -0.42090541403770765 0
    outer loop
      vertex 4.963282100856304 20.696253829981597 1.2000000000000002
      vertex 3.7784809544682503 18.142857143070014 1
      vertex 4.963282100856304 20.696253829981597 1
    endloop
  endfacet
  facet normal 0 0 1
    outer loop
      vertex 3.7784809544682503 18.142857143070014 1.2000000000000002
      vertex 4.963282100856304 20.696253829981597 1.2000000000000002
      vertex 3.8648590967059135 18.853737832392962 1.2000000000000002
    endloop
  endfacet
  facet normal 0 0 1
    outer loop
      vertex 4.963282100856304 18.320022144700797 1.2000000000000002
      vertex 5.388478100299835 18.320022144700797 1.2000000000000002
      vertex 4.963282100856304 20.696253829981597 1.2000000000000002
    endloop
  endfacet
  facet normal -0.9061824697860371 0.4228869014907863 0
    outer loop
      vertex 3.8648590967059135 18.853737832392962 1.2000000000000002
      vertex 4.918999016284943 21.11259974667004 1.2000000000000002
      vertex 4.918999016284943 21.11259974667004 1
    endloop
  endfacet
  facet normal -1 0 0
    outer loop
      vertex 4.963282100856304 18.320022144700797 1.2000000000000002
      vertex 4.963282100856304 20.696253829981597 1.2000000000000002
      vertex 4.963282100856304 20.696253829981597 1
    endloop
  endfacet
  facet normal 0 0 1
    outer loop
      vertex 3.8648590967059135 18.853737832392962 1.2000000000000002
      vertex 4.963282100856304 20.696253829981597 1.2000000000000002
      vertex 4.918999016284943 21.11259974667004 1.2000000000000002
    endloop
  endfacet
  facet normal 0 0 1
    outer loop
      vertex 5.388478100299835 18.320022144700797 1.2000000000000002
      vertex 4.918999016284943 21.11259974667004 1.2000000000000002
      vertex 4.963282100856304 20.696253829981597 1.2000000000000002
    endloop
  endfacet
  facet normal -0.8420930511399761 -0.5393322660677421 0
    outer loop
      vertex 5.675387427210808 14.708051429476054 1.2000000000000002
      vertex 5.507448069751263 14.970265605832846 1
      vertex 5.675387427210808 14.708051429476054 1
    endloop
  endfacet
  facet normal -0.987440474585417 -0.1579914844240868 0
    outer loop
      vertex 5.507448069751263 14.970265605832846 1.2000000000000002
      vertex 5.451468288898468 15.320137002851279 1
      vertex 5.507448069751263 14.970265605832846 1
    endloop
  endfacet
  facet normal -0.989794477863066 0.14250225118144907 0
    outer loop
      vertex 5.451468288898468 15.320137002851279 1.2000000000000002
      vertex 5.505293607711792 15.693997786726268 1
      vertex 5.451468288898468 15.320137002851279 1
    endloop
  endfacet
  facet normal 0.9928880001782906 0.11905216966504518 0
    outer loop
      vertex 5.708607003092766 15.322604426528724 1.2000000000000002
      vertex 5.746593609452248 15.005798393275054 1
      vertex 5.708607003092766 15.322604426528724 1
    endloop
  endfacet
  facet normal -0.8584031594204694 0.5129756484444035 0
    outer loop
      vertex 5.505293607711792 15.693997786726268 1.2000000000000002
      vertex 5.6667695716023445 15.964208425368579 1
      vertex 5.505293607711792 15.693997786726268 1
    endloop
  endfacet
  facet normal 0.9943155969160367 -0.10647297182621329 0
    outer loop
      vertex 5.744901783764362 15.661549286331446 1.2000000000000002
      vertex 5.708607003092766 15.322604426528724 1
      vertex 5.744901783764362 15.661549286331446 1
    endloop
  endfacet
  facet normal -0.5211469743535904 -0.8534669478791187 0
    outer loop
      vertex 5.943597823381424 14.544275858785422 1.2000000000000002
      vertex 5.675387427210808 14.708051429476054 1
      vertex 5.943597823381424 14.544275858785422 1
    endloop
  endfacet
  facet normal 0.6059528875993534 0.7955005330042245 0
    outer loop
      vertex 5.860553428530693 14.773873717870028 1.2000000000000002
      vertex 6.047102823853493 14.631774322475703 1
      vertex 5.860553428530693 14.773873717870028 1
    endloop
  endfacet
  facet normal 0.8975054557796365 0.441003352420123 0
    outer loop
      vertex 5.746593609452248 15.005798393275054 1.2000000000000002
      vertex 5.860553428530693 14.773873717870028 1
      vertex 5.746593609452248 15.005798393275054 1
    endloop
  endfacet
  facet normal 0.1821054903417665 0.9832789992608327 0
    outer loop
      vertex 6.047102823853493 14.631774322475703 1.2000000000000002
      vertex 6.302858144044876 14.584407859827788 1
      vertex 6.047102823853493 14.631774322475703 1
    endloop
  endfacet
  facet normal -0.15124694000676828 -0.9884960106842057 0
    outer loop
      vertex 6.300390712916851 14.489684001888545 1.2000000000000002
      vertex 5.943597823381424 14.544275858785422 1
      vertex 6.300390712916851 14.489684001888545 1
    endloop
  endfacet
  facet normal -0.061966632244874 0.9980782216280588 0
    outer loop
      vertex 6.302858144044876 14.584407859827788 1.2000000000000002
      vertex 6.439106464385986 14.592866965915473 1
      vertex 6.302858144044876 14.584407859827788 1
    endloop
  endfacet
  facet normal 0.9085786933945726 -0.4177137272216598 0
    outer loop
      vertex 5.853786140680313 15.898386144425185 1.2000000000000002
      vertex 5.744901783764362 15.661549286331446 1
      vertex 5.853786140680313 15.898386144425185 1
    endloop
  endfacet
  facet normal -0.5211469743535904 -0.8534669478791187 0
    outer loop
      vertex 5.675387427210808 14.708051429476054 1.2000000000000002
      vertex 5.675387427210808 14.708051429476054 1
      vertex 5.943597823381424 14.544275858785422 1.2000000000000002
    endloop
  endfacet
  facet normal -0.8420930511399761 -0.5393322660677421 0
    outer loop
      vertex 5.675387427210808 14.708051429476054 1.2000000000000002
      vertex 5.507448069751263 14.970265605832846 1.2000000000000002
      vertex 5.507448069751263 14.970265605832846 1
    endloop
  endfacet
  facet normal 0 0 1
    outer loop
      vertex 5.675387427210808 14.708051429476054 1.2000000000000002
      vertex 5.860553428530693 14.773873717870028 1.2000000000000002
      vertex 5.746593609452248 15.005798393275054 1.2000000000000002
    endloop
  endfacet
  facet normal 0 0 1
    outer loop
      vertex 5.675387427210808 14.708051429476054 1.2000000000000002
      vertex 5.746593609452248 15.005798393275054 1.2000000000000002
      vertex 5.507448069751263 14.970265605832846 1.2000000000000002
    endloop
  endfacet
  facet normal -0.987440474585417 -0.1579914844240868 0
    outer loop
      vertex 5.507448069751263 14.970265605832846 1.2000000000000002
      vertex 5.451468288898468 15.320137002851279 1.2000000000000002
      vertex 5.451468288898468 15.320137002851279 1
    endloop
  endfacet
  facet normal 0.9928880001782906 0.11905216966504518 0
    outer loop
      vertex 5.746593609452248 15.005798393275054 1.2000000000000002
      vertex 5.746593609452248 15.005798393275054 1
      vertex 5.708607003092766 15.322604426528724 1.2000000000000002
    endloop
  endfacet
  facet normal 0.9943155969160367 -0.10647297182621329 0
    outer loop
      vertex 5.708607003092766 15.322604426528724 1.2000000000000002
      vertex 5.708607003092766 15.322604426528724 1
      vertex 5.744901783764362 15.661549286331446 1.2000000000000002
    endloop
  endfacet
  facet normal -0.989794477863066 0.14250225118144907 0
    outer loop
      vertex 5.451468288898468 15.320137002851279 1.2000000000000002
      vertex 5.505293607711792 15.693997786726268 1.2000000000000002
      vertex 5.505293607711792 15.693997786726268 1
    endloop
  endfacet
  facet normal -0.8584031594204694 0.5129756484444035 0
    outer loop
      vertex 5.505293607711792 15.693997786726268 1.2000000000000002
      vertex 5.6667695716023445 15.964208425368579 1.2000000000000002
      vertex 5.6667695716023445 15.964208425368579 1
    endloop
  endfacet
  facet normal 0 0 1
    outer loop
      vertex 5.507448069751263 14.970265605832846 1.2000000000000002
      vertex 5.708607003092766 15.322604426528724 1.2000000000000002
      vertex 5.451468288898468 15.320137002851279 1.2000000000000002
    endloop
  endfacet
  facet normal 0 0 1
    outer loop
      vertex 5.451468288898468 15.320137002851279 1.2000000000000002
      vertex 5.708607003092766 15.322604426528724 1.2000000000000002
      vertex 5.505293607711792 15.693997786726268 1.2000000000000002
    endloop
  endfacet
  facet normal 0 0 1
    outer loop
      vertex 5.507448069751263 14.970265605832846 1.2000000000000002
      vertex 5.746593609452248 15.005798393275054 1.2000000000000002
      vertex 5.708607003092766 15.322604426528724 1.2000000000000002
    endloop
  endfacet
  facet normal 0 0 1
    outer loop
      vertex 5.505293607711792 15.693997786726268 1.2000000000000002
      vertex 5.708607003092766 15.322604426528724 1.2000000000000002
      vertex 5.744901783764362 15.661549286331446 1.2000000000000002
    endloop
  endfacet
  facet normal 0 0 1
    outer loop
      vertex 5.505293607711792 15.693997786726268 1.2000000000000002
      vertex 5.744901783764362 15.661549286331446 1.2000000000000002
      vertex 5.6667695716023445 15.964208425368579 1.2000000000000002
    endloop
  endfacet
  facet normal 0 0 1
    outer loop
      vertex 5.744901783764362 15.661549286331446 1.2000000000000002
      vertex 5.853786140680313 15.898386144425185 1.2000000000000002
      vertex 5.6667695716023445 15.964208425368579 1.2000000000000002
    endloop
  endfacet
  facet normal 0.6059528875993534 0.7955005330042245 0
    outer loop
      vertex 5.860553428530693 14.773873717870028 1.2000000000000002
      vertex 6.047102823853493 14.631774322475703 1.2000000000000002
      vertex 6.047102823853493 14.631774322475703 1
    endloop
  endfacet
  facet normal -0.15124694000676828 -0.9884960106842057 0
    outer loop
      vertex 6.300390712916851 14.489684001888545 1.2000000000000002
      vertex 5.943597823381424 14.544275858785422 1.2000000000000002
      vertex 5.943597823381424 14.544275858785422 1
    endloop
  endfacet
  facet normal 0.8975054557796365 0.441003352420123 0
    outer loop
      vertex 5.860553428530693 14.773873717870028 1.2000000000000002
      vertex 5.860553428530693 14.773873717870028 1
      vertex 5.746593609452248 15.005798393275054 1.2000000000000002
    endloop
  endfacet
  facet normal 0.1821054903417665 0.9832789992608327 0
    outer loop
      vertex 6.047102823853493 14.631774322475703 1.2000000000000002
      vertex 6.302858144044876 14.584407859827788 1.2000000000000002
      vertex 6.302858144044876 14.584407859827788 1
    endloop
  endfacet
  facet normal 0.0642171165843565 -0.9979359508192854 0
    outer loop
      vertex 6.300390712916851 14.489684001888545 1.2000000000000002
      vertex 6.300390712916851 14.489684001888545 1
      vertex 6.601503178477287 14.509060570384772 1.2000000000000002
    endloop
  endfacet
  facet normal -0.061966632244874 0.9980782216280588 0
    outer loop
      vertex 6.302858144044876 14.584407859827788 1.2000000000000002
      vertex 6.439106464385986 14.592866965915473 1.2000000000000002
      vertex 6.439106464385986 14.592866965915473 1
    endloop
  endfacet
  facet normal 0 0 1
    outer loop
      vertex 5.675387427210808 14.708051429476054 1.2000000000000002
      vertex 5.943597823381424 14.544275858785422 1.2000000000000002
      vertex 5.860553428530693 14.773873717870028 1.2000000000000002
    endloop
  endfacet
  facet normal 0 0 1
    outer loop
      vertex 5.943597823381424 14.544275858785422 1.2000000000000002
      vertex 6.047102823853493 14.631774322475703 1.2000000000000002
      vertex 5.860553428530693 14.773873717870028 1.2000000000000002
    endloop
  endfacet
  facet normal 0 0 1
    outer loop
      vertex 6.300390712916851 14.489684001888545 1.2000000000000002
      vertex 6.047102823853493 14.631774322475703 1.2000000000000002
      vertex 5.943597823381424 14.544275858785422 1.2000000000000002
    endloop
  endfacet
  facet normal 0 0 1
    outer loop
      vertex 6.300390712916851 14.489684001888545 1.2000000000000002
      vertex 6.302858144044876 14.584407859827788 1.2000000000000002
      vertex 6.047102823853493 14.631774322475703 1.2000000000000002
    endloop
  endfacet
  facet normal 0 0 1
    outer loop
      vertex 6.300390712916851 14.489684001888545 1.2000000000000002
      vertex 6.439106464385986 14.592866965915473 1.2000000000000002
      vertex 6.302858144044876 14.584407859827788 1.2000000000000002
    endloop
  endfacet
  facet normal 0.9085786933945726 -0.4177137272216598 0
    outer loop
      vertex 5.744901783764362 15.661549286331446 1.2000000000000002
      vertex 5.744901783764362 15.661549286331446 1
      vertex 5.853786140680313 15.898386144425185 1.2000000000000002
    endloop
  endfacet
  facet normal -0.19410089791350058 0.9809815703820193 0
    outer loop
      vertex 6.439106464385986 14.592866965915473 1.2000000000000002
      vertex 6.567362859845161 14.618244284178527 1
      vertex 6.439106464385986 14.592866965915473 1
    endloop
  endfacet
  facet normal 0.0642171165843565 -0.9979359508192854 0
    outer loop
      vertex 6.601503178477287 14.509060570384772 1.2000000000000002
      vertex 6.300390712916851 14.489684001888545 1
      vertex 6.601503178477287 14.509060570384772 1
    endloop
  endfacet
  facet normal -0.3345264756573585 0.9423863523440196 0
    outer loop
      vertex 6.567362859845161 14.618244284178527 1.2000000000000002
      vertex 6.67870557308197 14.657768504108699 1
      vertex 6.567362859845161 14.618244284178527 1
    endloop
  endfacet
  facet normal -0.5115030789675764 0.8592814441186831 0
    outer loop
      vertex 6.67870557308197 14.657768504108699 1.2000000000000002
      vertex 6.764212854206562 14.708668285395415 1
      vertex 6.67870557308197 14.657768504108699 1
    endloop
  endfacet
  facet normal 0.20270287867613027 -0.9792402886811847 0
    outer loop
      vertex 6.882322855293751 14.567190283324035 1.2000000000000002
      vertex 6.601503178477287 14.509060570384772 1
      vertex 6.882322855293751 14.567190283324035 1
    endloop
  endfacet
  facet normal -0.98331659967109 0.18190234965850613 0
    outer loop
      vertex 6.764212854206562 14.708668285395415 1.2000000000000002
      vertex 6.809733286499977 14.954739855016978 1
      vertex 6.764212854206562 14.708668285395415 1
    endloop
  endfacet
  facet normal 0 1 0
    outer loop
      vertex 6.809733286499977 14.954739855016978 1.2000000000000002
      vertex 6.889706999063492 14.954739855016978 1
      vertex 6.809733286499977 14.954739855016978 1
    endloop
  endfacet
  facet normal 0.9998185330491863 -0.01904995987851641 0
    outer loop
      vertex 6.889706999063492 14.954739855016978 1.2000000000000002
      vertex 6.882322855293751 14.567190283324035 1
      vertex 6.889706999063492 14.954739855016978 1
    endloop
  endfacet
  facet normal -0.9854668670560632 -0.16986775425226408 0
    outer loop
      vertex 6.78389785438776 15.759357431318076 1.2000000000000002
      vertex 6.746995285153389 15.973443144346984 1
      vertex 6.78389785438776 15.759357431318076 1
    endloop
  endfacet
  facet normal 0 -1 0
    outer loop
      vertex 6.865105286240578 15.759357431318076 1.2000000000000002
      vertex 6.78389785438776 15.759357431318076 1
      vertex 6.865105286240578 15.759357431318076 1
    endloop
  endfacet
  facet normal -1 0 0
    outer loop
      vertex 7.1174361407756805 14.514285714711459 1.2000000000000002
      vertex 7.1174361407756805 14.579491139735492 1
      vertex 7.1174361407756805 14.514285714711459 1
    endloop
  endfacet
  facet normal -0.1674231023810048 0.9858851377260536 0
    outer loop
      vertex 7.1174361407756805 14.579491139735492 1.2000000000000002
      vertex 7.3130524307489395 14.61271071561745 1
      vertex 7.1174361407756805 14.579491139735492 1
    endloop
  endfacet
  facet normal 0 -1 0
    outer loop
      vertex 7.812561571598053 14.514285714711459 1.2000000000000002
      vertex 7.1174361407756805 14.514285714711459 1
      vertex 7.812561571598053 14.514285714711459 1
    endloop
  endfacet
  facet normal 0.12575904252114248 0.992060816293117 0
    outer loop
      vertex 7.550506144762039 14.61271071561745 1.2000000000000002
      vertex 7.812561571598053 14.579491139735492 1
      vertex 7.550506144762039 14.61271071561745 1
    endloop
  endfacet
  facet normal 1 0 0
    outer loop
      vertex 7.550506144762039 15.161423289562972 1.2000000000000002
      vertex 7.550506144762039 14.61271071561745 1
      vertex 7.550506144762039 15.161423289562972 1
    endloop
  endfacet
  facet normal -1 0 0
    outer loop
      vertex 7.3130524307489395 14.61271071561745 1.2000000000000002
      vertex 7.3130524307489395 16.066933282996924 1
      vertex 7.3130524307489395 14.61271071561745 1
    endloop
  endfacet
  facet normal 0 1 0
    outer loop
      vertex 7.550506144762039 15.272167289044173 1.2000000000000002
      vertex 7.67844957113266 15.272167289044173 1
      vertex 7.550506144762039 15.272167289044173 1
    endloop
  endfacet
  facet normal 0 -1 0
    outer loop
      vertex 7.736270859837532 15.161423289562972 1.2000000000000002
      vertex 7.550506144762039 15.161423289562972 1
      vertex 7.736270859837532 15.161423289562972 1
    endloop
  endfacet
  facet normal 1 0 0
    outer loop
      vertex 7.550506144762039 16.053398714746745 1.2000000000000002
      vertex 7.550506144762039 15.272167289044173 1
      vertex 7.550506144762039 16.053398714746745 1
    endloop
  endfacet
  facet normal -0.19410089791350058 0.9809815703820193 0
    outer loop
      vertex 6.439106464385986 14.592866965915473 1.2000000000000002
      vertex 6.567362859845161 14.618244284178527 1.2000000000000002
      vertex 6.567362859845161 14.618244284178527 1
    endloop
  endfacet
  facet normal -0.3345264756573585 0.9423863523440196 0
    outer loop
      vertex 6.567362859845161 14.618244284178527 1.2000000000000002
      vertex 6.67870557308197 14.657768504108699 1.2000000000000002
      vertex 6.67870557308197 14.657768504108699 1
    endloop
  endfacet
  facet normal 0.20270287867613027 -0.9792402886811847 0
    outer loop
      vertex 6.601503178477287 14.509060570384772 1.2000000000000002
      vertex 6.601503178477287 14.509060570384772 1
      vertex 6.882322855293751 14.567190283324035 1.2000000000000002
    endloop
  endfacet
  facet normal -0.5115030789675764 0.8592814441186831 0
    outer loop
      vertex 6.67870557308197 14.657768504108699 1.2000000000000002
      vertex 6.764212854206562 14.708668285395415 1.2000000000000002
      vertex 6.764212854206562 14.708668285395415 1
    endloop
  endfacet
  facet normal -0.98331659967109 0.18190234965850613 0
    outer loop
      vertex 6.764212854206562 14.708668285395415 1.2000000000000002
      vertex 6.809733286499977 14.954739855016978 1.2000000000000002
      vertex 6.809733286499977 14.954739855016978 1
    endloop
  endfacet
  facet normal 0.9998185330491863 -0.01904995987851641 0
    outer loop
      vertex 6.882322855293751 14.567190283324035 1.2000000000000002
      vertex 6.882322855293751 14.567190283324035 1
      vertex 6.889706999063492 14.954739855016978 1.2000000000000002
    endloop
  endfacet
  facet normal 0 1 0
    outer loop
      vertex 6.809733286499977 14.954739855016978 1.2000000000000002
      vertex 6.889706999063492 14.954739855016978 1.2000000000000002
      vertex 6.889706999063492 14.954739855016978 1
    endloop
  endfacet
  facet normal 0 0 1
    outer loop
      vertex 6.300390712916851 14.489684001888545 1.2000000000000002
      vertex 6.601503178477287 14.509060570384772 1.2000000000000002
      vertex 6.439106464385986 14.592866965915473 1.2000000000000002
    endloop
  endfacet
  facet normal 0 0 1
    outer loop
      vertex 6.439106464385986 14.592866965915473 1.2000000000000002
      vertex 6.601503178477287 14.509060570384772 1.2000000000000002
      vertex 6.567362859845161 14.618244284178527 1.2000000000000002
    endloop
  endfacet
  facet normal 0 0 1
    outer loop
      vertex 6.601503178477287 14.509060570384772 1.2000000000000002
      vertex 6.67870557308197 14.657768504108699 1.2000000000000002
      vertex 6.567362859845161 14.618244284178527 1.2000000000000002
    endloop
  endfacet
  facet normal 0 0 1
    outer loop
      vertex 6.601503178477287 14.509060570384772 1.2000000000000002
      vertex 6.882322855293751 14.567190283324035 1.2000000000000002
      vertex 6.67870557308197 14.657768504108699 1.2000000000000002
    endloop
  endfacet
  facet normal 0 0 1
    outer loop
      vertex 6.67870557308197 14.657768504108699 1.2000000000000002
      vertex 6.882322855293751 14.567190283324035 1.2000000000000002
      vertex 6.764212854206562 14.708668285395415 1.2000000000000002
    endloop
  endfacet
  facet normal 0 0 1
    outer loop
      vertex 6.764212854206562 14.708668285395415 1.2000000000000002
      vertex 6.882322855293751 14.567190283324035 1.2000000000000002
      vertex 6.889706999063492 14.954739855016978 1.2000000000000002
    endloop
  endfacet
  facet normal 0 0 1
    outer loop
      vertex 6.764212854206562 14.708668285395415 1.2000000000000002
      vertex 6.889706999063492 14.954739855016978 1.2000000000000002
      vertex 6.809733286499977 14.954739855016978 1.2000000000000002
    endloop
  endfacet
  facet normal 0 -1 0
    outer loop
      vertex 6.78389785438776 15.759357431318076 1.2000000000000002
      vertex 6.78389785438776 15.759357431318076 1
      vertex 6.865105286240578 15.759357431318076 1.2000000000000002
    endloop
  endfacet
  facet normal 0 0 1
    outer loop
      vertex 6.746995285153389 15.973443144346984 1.2000000000000002
      vertex 6.78389785438776 15.759357431318076 1.2000000000000002
      vertex 6.865105286240578 15.759357431318076 1.2000000000000002
    endloop
  endfacet
  facet normal -1 0 0
    outer loop
      vertex 7.1174361407756805 14.514285714711459 1.2000000000000002
      vertex 7.1174361407756805 14.579491139735492 1.2000000000000002
      vertex 7.1174361407756805 14.579491139735492 1
    endloop
  endfacet
  facet normal -0.1674231023810048 0.9858851377260536 0
    outer loop
      vertex 7.1174361407756805 14.579491139735492 1.2000000000000002
      vertex 7.3130524307489395 14.61271071561745 1.2000000000000002
      vertex 7.3130524307489395 14.61271071561745 1
    endloop
  endfacet
  facet normal 0 -1 0
    outer loop
      vertex 7.1174361407756805 14.514285714711459 1.2000000000000002
      vertex 7.1174361407756805 14.514285714711459 1
      vertex 7.812561571598053 14.514285714711459 1.2000000000000002
    endloop
  endfacet
  facet normal 1 0 0
    outer loop
      vertex 7.550506144762039 14.61271071561745 1.2000000000000002
      vertex 7.550506144762039 14.61271071561745 1
      vertex 7.550506144762039 15.161423289562972 1.2000000000000002
    endloop
  endfacet
  facet normal 0 0 1
    outer loop
      vertex 7.1174361407756805 14.514285714711459 1.2000000000000002
      vertex 7.3130524307489395 14.61271071561745 1.2000000000000002
      vertex 7.1174361407756805 14.579491139735492 1.2000000000000002
    endloop
  endfacet
  facet normal 0 0 1
    outer loop
      vertex 7.1174361407756805 14.514285714711459 1.2000000000000002
      vertex 7.550506144762039 14.61271071561745 1.2000000000000002
      vertex 7.3130524307489395 14.61271071561745 1.2000000000000002
    endloop
  endfacet
  facet normal 0 0 1
    outer loop
      vertex 7.1174361407756805 14.514285714711459 1.2000000000000002
      vertex 7.812561571598053 14.514285714711459 1.2000000000000002
      vertex 7.550506144762039 14.61271071561745 1.2000000000000002
    endloop
  endfacet
  facet normal 0 0 1
    outer loop
      vertex 7.3130524307489395 14.61271071561745 1.2000000000000002
      vertex 7.550506144762039 14.61271071561745 1.2000000000000002
      vertex 7.550506144762039 15.161423289562972 1.2000000000000002
    endloop
  endfacet
  facet normal 0 0 1
    outer loop
      vertex 7.3130524307489395 14.61271071561745 1.2000000000000002
      vertex 7.550506144762039 15.161423289562972 1.2000000000000002
      vertex 7.550506144762039 15.272167289044173 1.2000000000000002
    endloop
  endfacet
  facet normal -1 0 0
    outer loop
      vertex 7.3130524307489395 14.61271071561745 1.2000000000000002
      vertex 7.3130524307489395 16.066933282996924 1.2000000000000002
      vertex 7.3130524307489395 16.066933282996924 1
    endloop
  endfacet
  facet normal 0 -1 0
    outer loop
      vertex 7.550506144762039 15.161423289562972 1.2000000000000002
      vertex 7.550506144762039 15.161423289562972 1
      vertex 7.736270859837532 15.161423289562972 1.2000000000000002
    endloop
  endfacet
  facet normal 0 1 0
    outer loop
      vertex 7.550506144762039 15.272167289044173 1.2000000000000002
      vertex 7.67844957113266 15.272167289044173 1.2000000000000002
      vertex 7.67844957113266 15.272167289044173 1
    endloop
  endfacet
  facet normal 1 0 0
    outer loop
      vertex 7.550506144762039 15.272167289044173 1.2000000000000002
      vertex 7.550506144762039 15.272167289044173 1
      vertex 7.550506144762039 16.053398714746745 1.2000000000000002
    endloop
  endfacet
  facet normal 0 0 1
    outer loop
      vertex 7.3130524307489395 14.61271071561745 1.2000000000000002
      vertex 7.550506144762039 15.272167289044173 1.2000000000000002
      vertex 7.3130524307489395 16.066933282996924 1.2000000000000002
    endloop
  endfacet
  facet normal 0 0 1
    outer loop
      vertex 7.550506144762039 15.161423289562972 1.2000000000000002
      vertex 7.67844957113266 15.272167289044173 1.2000000000000002
      vertex 7.550506144762039 15.272167289044173 1.2000000000000002
    endloop
  endfacet
  facet normal 0 0 1
    outer loop
      vertex 7.550506144762039 15.161423289562972 1.2000000000000002
      vertex 7.736270859837532 15.161423289562972 1.2000000000000002
      vertex 7.67844957113266 15.272167289044173 1.2000000000000002
    endloop
  endfacet
  facet normal 0 0 1
    outer loop
      vertex 7.550506144762039 15.272167289044173 1.2000000000000002
      vertex 7.550506144762039 16.053398714746745 1.2000000000000002
      vertex 7.3130524307489395 16.066933282996924 1.2000000000000002
    endloop
  endfacet
  facet normal -0.5224779276725786 0.8526528104070072 0
    outer loop
      vertex 5.6667695716023445 15.964208425368579 1.2000000000000002
      vertex 5.934063747525215 16.12799760826996 1
      vertex 5.6667695716023445 15.964208425368579 1
    endloop
  endfacet
  facet normal 0.5955798640122396 -0.8032961008141158 0
    outer loop
      vertex 6.041718930006027 16.037723289217265 1.2000000000000002
      vertex 5.853786140680313 15.898386144425185 1
      vertex 6.041718930006027 16.037723289217265 1
    endloop
  endfacet
  facet normal -0.14549851836132377 0.9893584694915487 0
    outer loop
      vertex 5.934063747525215 16.12799760826996 1.2000000000000002
      vertex 6.305307425558567 16.182594002570422 1
      vertex 5.934063747525215 16.12799760826996 1
    endloop
  endfacet
  facet normal 0.1674584799138452 -0.9858791292572048 0
    outer loop
      vertex 6.315159000456333 16.08416900166443 1.2000000000000002
      vertex 6.041718930006027 16.037723289217265 1
      vertex 6.315159000456333 16.08416900166443 1
    endloop
  endfacet
  facet normal -0.06166062914717463 -0.9980971730313509 0
    outer loop
      vertex 6.432189501821995 16.076939070011885 1.2000000000000002
      vertex 6.315159000456333 16.08416900166443 1
      vertex 6.432189501821995 16.076939070011885 1
    endloop
  endfacet
  facet normal 0.058730986535862485 0.9982738458061116 0
    outer loop
      vertex 6.305307425558567 16.182594002570422 1.2000000000000002
      vertex 6.571980215609074 16.16690496483019 1
      vertex 6.305307425558567 16.182594002570422 1
    endloop
  endfacet
  facet normal -0.5224779276725786 0.8526528104070072 0
    outer loop
      vertex 5.6667695716023445 15.964208425368579 1.2000000000000002
      vertex 5.934063747525215 16.12799760826996 1.2000000000000002
      vertex 5.934063747525215 16.12799760826996 1
    endloop
  endfacet
  facet normal 0.5955798640122396 -0.8032961008141158 0
    outer loop
      vertex 5.853786140680313 15.898386144425185 1.2000000000000002
      vertex 5.853786140680313 15.898386144425185 1
      vertex 6.041718930006027 16.037723289217265 1.2000000000000002
    endloop
  endfacet
  facet normal 0.1674584799138452 -0.9858791292572048 0
    outer loop
      vertex 6.041718930006027 16.037723289217265 1.2000000000000002
      vertex 6.041718930006027 16.037723289217265 1
      vertex 6.315159000456333 16.08416900166443 1.2000000000000002
    endloop
  endfacet
  facet normal -0.14549851836132377 0.9893584694915487 0
    outer loop
      vertex 5.934063747525215 16.12799760826996 1.2000000000000002
      vertex 6.305307425558567 16.182594002570422 1.2000000000000002
      vertex 6.305307425558567 16.182594002570422 1
    endloop
  endfacet
  facet normal -0.06166062914717463 -0.9980971730313509 0
    outer loop
      vertex 6.315159000456333 16.08416900166443 1.2000000000000002
      vertex 6.315159000456333 16.08416900166443 1
      vertex 6.432189501821995 16.076939070011885 1.2000000000000002
    endloop
  endfacet
  facet normal 0 0 1
    outer loop
      vertex 5.6667695716023445 15.964208425368579 1.2000000000000002
      vertex 5.853786140680313 15.898386144425185 1.2000000000000002
      vertex 5.934063747525215 16.12799760826996 1.2000000000000002
    endloop
  endfacet
  facet normal 0 0 1
    outer loop
      vertex 5.853786140680313 15.898386144425185 1.2000000000000002
      vertex 6.041718930006027 16.037723289217265 1.2000000000000002
      vertex 5.934063747525215 16.12799760826996 1.2000000000000002
    endloop
  endfacet
  facet normal 0 0 1
    outer loop
      vertex 5.934063747525215 16.12799760826996 1.2000000000000002
      vertex 6.041718930006027 16.037723289217265 1.2000000000000002
      vertex 6.305307425558567 16.182594002570422 1.2000000000000002
    endloop
  endfacet
  facet normal 0 0 1
    outer loop
      vertex 6.041718930006027 16.037723289217265 1.2000000000000002
      vertex 6.315159000456333 16.08416900166443 1.2000000000000002
      vertex 6.305307425558567 16.182594002570422 1.2000000000000002
    endloop
  endfacet
  facet normal 0 0 1
    outer loop
      vertex 6.315159000456333 16.08416900166443 1.2000000000000002
      vertex 6.432189501821995 16.076939070011885 1.2000000000000002
      vertex 6.305307425558567 16.182594002570422 1.2000000000000002
    endloop
  endfacet
  facet normal 0 -1 0
    outer loop
      vertex 5.769391015172005 18.142857143070014 1.2000000000000002
      vertex 4.5646690130233765 18.142857143070014 1
      vertex 5.769391015172005 18.142857143070014 1
    endloop
  endfacet
  facet normal 0.15507961056606495 0.9879019761022232 0
    outer loop
      vertex 5.388478100299835 18.320022144700797 1.2000000000000002
      vertex 5.769391015172005 18.260226914073737 1
      vertex 5.388478100299835 18.320022144700797 1
    endloop
  endfacet
  facet normal 1 0 0
    outer loop
      vertex 5.769391015172005 18.260226914073737 1.2000000000000002
      vertex 5.769391015172005 18.142857143070014 1
      vertex 5.769391015172005 18.260226914073737 1
    endloop
  endfacet
  facet normal 0 0 1
    outer loop
      vertex 5.388478100299835 18.320022144700797 1.2000000000000002
      vertex 5.769391015172005 18.142857143070014 1.2000000000000002
      vertex 5.769391015172005 18.260226914073737 1.2000000000000002
    endloop
  endfacet
  facet normal 0.15507961056606495 0.9879019761022232 0
    outer loop
      vertex 5.388478100299835 18.320022144700797 1.2000000000000002
      vertex 5.769391015172005 18.260226914073737 1.2000000000000002
      vertex 5.769391015172005 18.260226914073737 1
    endloop
  endfacet
  facet normal 0 0 1
    outer loop
      vertex 4.963282100856304 18.320022144700797 1.2000000000000002
      vertex 5.769391015172005 18.142857143070014 1.2000000000000002
      vertex 5.388478100299835 18.320022144700797 1.2000000000000002
    endloop
  endfacet
  facet normal 1 0 0
    outer loop
      vertex 5.769391015172005 18.142857143070014 1.2000000000000002
      vertex 5.769391015172005 18.142857143070014 1
      vertex 5.769391015172005 18.260226914073737 1.2000000000000002
    endloop
  endfacet
  facet normal -0.18553936455045641 -0.9826368323049023 0
    outer loop
      vertex 6.547060996294022 16.05524928250483 1.2000000000000002
      vertex 6.432189501821995 16.076939070011885 1
      vertex 6.547060996294022 16.05524928250483 1
    endloop
  endfacet
  facet normal -0.31040101675283005 -0.9506057062730106 0
    outer loop
      vertex 6.65394964069128 16.020346963192733 1.2000000000000002
      vertex 6.547060996294022 16.05524928250483 1
      vertex 6.65394964069128 16.020346963192733 1
    endloop
  endfacet
  facet normal -0.4501363460774989 -0.8929598366891975 0
    outer loop
      vertex 6.746995285153389 15.973443144346984 1.2000000000000002
      vertex 6.65394964069128 16.020346963192733 1
      vertex 6.746995285153389 15.973443144346984 1
    endloop
  endfacet
  facet normal 0.16252935255095988 0.9867037091038859 0
    outer loop
      vertex 6.571980215609074 16.16690496483019 1.2000000000000002
      vertex 6.857721142470837 16.11983785906008 1
      vertex 6.571980215609074 16.16690496483019 1
    endloop
  endfacet
  facet normal 0.9997902653112148 0.02047987765907026 0
    outer loop
      vertex 6.857721142470837 16.11983785906008 1.2000000000000002
      vertex 6.865105286240578 15.759357431318076 1
      vertex 6.857721142470837 16.11983785906008 1
    endloop
  endfacet
  facet normal -1 0 0
    outer loop
      vertex 7.101434141397476 16.098937289203914 1.2000000000000002
      vertex 7.101434141397476 16.164142714227946 1
      vertex 7.101434141397476 16.098937289203914 1
    endloop
  endfacet
  facet normal -0.14953419670656112 -0.9887565544740139 0
    outer loop
      vertex 7.3130524307489395 16.066933282996924 1.2000000000000002
      vertex 7.101434141397476 16.098937289203914 1
      vertex 7.3130524307489395 16.066933282996924 1
    endloop
  endfacet
  facet normal 0 1 0
    outer loop
      vertex 7.101434141397476 16.164142714227946 1.2000000000000002
      vertex 7.723970003426075 16.164142714227946 1
      vertex 7.101434141397476 16.164142714227946 1
    endloop
  endfacet
  facet normal 0 -1 0
    outer loop
      vertex 7.671065427362919 16.053398714746745 1.2000000000000002
      vertex 7.550506144762039 16.053398714746745 1
      vertex 7.671065427362919 16.053398714746745 1
    endloop
  endfacet
  facet normal -0.18553936455045641 -0.9826368323049023 0
    outer loop
      vertex 6.432189501821995 16.076939070011885 1.2000000000000002
      vertex 6.432189501821995 16.076939070011885 1
      vertex 6.547060996294022 16.05524928250483 1.2000000000000002
    endloop
  endfacet
  facet normal 0.058730986535862485 0.9982738458061116 0
    outer loop
      vertex 6.305307425558567 16.182594002570422 1.2000000000000002
      vertex 6.571980215609074 16.16690496483019 1.2000000000000002
      vertex 6.571980215609074 16.16690496483019 1
    endloop
  endfacet
  facet normal -0.31040101675283005 -0.9506057062730106 0
    outer loop
      vertex 6.65394964069128 16.020346963192733 1.2000000000000002
      vertex 6.547060996294022 16.05524928250483 1.2000000000000002
      vertex 6.547060996294022 16.05524928250483 1
    endloop
  endfacet
  facet normal -0.4501363460774989 -0.8929598366891975 0
    outer loop
      vertex 6.65394964069128 16.020346963192733 1.2000000000000002
      vertex 6.65394964069128 16.020346963192733 1
      vertex 6.746995285153389 15.973443144346984 1.2000000000000002
    endloop
  endfacet
  facet normal -0.9854668670560632 -0.16986775425226408 0
    outer loop
      vertex 6.746995285153389 15.973443144346984 1.2000000000000002
      vertex 6.746995285153389 15.973443144346984 1
      vertex 6.78389785438776 15.759357431318076 1.2000000000000002
    endloop
  endfacet
  facet normal 0.9997902653112148 0.02047987765907026 0
    outer loop
      vertex 6.865105286240578 15.759357431318076 1.2000000000000002
      vertex 6.865105286240578 15.759357431318076 1
      vertex 6.857721142470837 16.11983785906008 1.2000000000000002
    endloop
  endfacet
  facet normal 0.16252935255095988 0.9867037091038859 0
    outer loop
      vertex 6.571980215609074 16.16690496483019 1.2000000000000002
      vertex 6.857721142470837 16.11983785906008 1.2000000000000002
      vertex 6.857721142470837 16.11983785906008 1
    endloop
  endfacet
  facet normal 0 0 1
    outer loop
      vertex 6.305307425558567 16.182594002570422 1.2000000000000002
      vertex 6.432189501821995 16.076939070011885 1.2000000000000002
      vertex 6.571980215609074 16.16690496483019 1.2000000000000002
    endloop
  endfacet
  facet normal 0 0 1
    outer loop
      vertex 6.432189501821995 16.076939070011885 1.2000000000000002
      vertex 6.547060996294022 16.05524928250483 1.2000000000000002
      vertex 6.571980215609074 16.16690496483019 1.2000000000000002
    endloop
  endfacet
  facet normal 0 0 1
    outer loop
      vertex 6.65394964069128 16.020346963192733 1.2000000000000002
      vertex 6.571980215609074 16.16690496483019 1.2000000000000002
      vertex 6.547060996294022 16.05524928250483 1.2000000000000002
    endloop
  endfacet
  facet normal 0 0 1
    outer loop
      vertex 6.65394964069128 16.020346963192733 1.2000000000000002
      vertex 6.857721142470837 16.11983785906008 1.2000000000000002
      vertex 6.571980215609074 16.16690496483019 1.2000000000000002
    endloop
  endfacet
  facet normal 0 0 1
    outer loop
      vertex 6.65394964069128 16.020346963192733 1.2000000000000002
      vertex 6.746995285153389 15.973443144346984 1.2000000000000002
      vertex 6.857721142470837 16.11983785906008 1.2000000000000002
    endloop
  endfacet
  facet normal 0 0 1
    outer loop
      vertex 6.746995285153389 15.973443144346984 1.2000000000000002
      vertex 6.865105286240578 15.759357431318076 1.2000000000000002
      vertex 6.857721142470837 16.11983785906008 1.2000000000000002
    endloop
  endfacet
  facet normal -1 0 0
    outer loop
      vertex 7.101434141397476 16.098937289203914 1.2000000000000002
      vertex 7.101434141397476 16.164142714227946 1.2000000000000002
      vertex 7.101434141397476 16.164142714227946 1
    endloop
  endfacet
  facet normal -0.14953419670656112 -0.9887565544740139 0
    outer loop
      vertex 7.101434141397476 16.098937289203914 1.2000000000000002
      vertex 7.101434141397476 16.098937289203914 1
      vertex 7.3130524307489395 16.066933282996924 1.2000000000000002
    endloop
  endfacet
  facet normal 0 1 0
    outer loop
      vertex 7.101434141397476 16.164142714227946 1.2000000000000002
      vertex 7.723970003426075 16.164142714227946 1.2000000000000002
      vertex 7.723970003426075 16.164142714227946 1
    endloop
  endfacet
  facet normal 0 -1 0
    outer loop
      vertex 7.550506144762039 16.053398714746745 1.2000000000000002
      vertex 7.550506144762039 16.053398714746745 1
      vertex 7.671065427362919 16.053398714746745 1.2000000000000002
    endloop
  endfacet
  facet normal 0 0 1
    outer loop
      vertex 7.101434141397476 16.098937289203914 1.2000000000000002
      vertex 7.3130524307489395 16.066933282996924 1.2000000000000002
      vertex 7.101434141397476 16.164142714227946 1.2000000000000002
    endloop
  endfacet
  facet normal 0 0 1
    outer loop
      vertex 7.101434141397476 16.164142714227946 1.2000000000000002
      vertex 7.3130524307489395 16.066933282996924 1.2000000000000002
      vertex 7.723970003426075 16.164142714227946 1.2000000000000002
    endloop
  endfacet
  facet normal 0 0 1
    outer loop
      vertex 7.3130524307489395 16.066933282996924 1.2000000000000002
      vertex 7.550506144762039 16.053398714746745 1.2000000000000002
      vertex 7.723970003426075 16.164142714227946 1.2000000000000002
    endloop
  endfacet
  facet normal 0 0 1
    outer loop
      vertex 7.550506144762039 16.053398714746745 1.2000000000000002
      vertex 7.671065427362919 16.053398714746745 1.2000000000000002
      vertex 7.723970003426075 16.164142714227946 1.2000000000000002
    endloop
  endfacet
  facet normal -1 0 0
    outer loop
      vertex 7.195920325815678 18.142857143070014 1.2000000000000002
      vertex 7.195920325815678 18.260226914073737 1
      vertex 7.195920325815678 18.142857143070014 1
    endloop
  endfacet
  facet normal -0.16742308684852752 0.9858851403637802 0
    outer loop
      vertex 7.195920325815678 18.260226914073737 1.2000000000000002
      vertex 7.548029646277428 18.320022144700797 1
      vertex 7.195920325815678 18.260226914073737 1
    endloop
  endfacet
  facet normal -1 0 0
    outer loop
      vertex 7.195920325815678 18.142857143070014 1.2000000000000002
      vertex 7.195920325815678 18.260226914073737 1.2000000000000002
      vertex 7.195920325815678 18.260226914073737 1
    endloop
  endfacet
  facet normal 0 -1 0
    outer loop
      vertex 7.195920325815678 18.142857143070014 1.2000000000000002
      vertex 7.195920325815678 18.142857143070014 1
      vertex 8.447146102786064 18.142857143070014 1.2000000000000002
    endloop
  endfacet
  facet normal 0 0 1
    outer loop
      vertex 7.195920325815678 18.142857143070014 1.2000000000000002
      vertex 7.548029646277428 18.320022144700797 1.2000000000000002
      vertex 7.195920325815678 18.260226914073737 1.2000000000000002
    endloop
  endfacet
  facet normal -0.16742308684852752 0.9858851403637802 0
    outer loop
      vertex 7.195920325815678 18.260226914073737 1.2000000000000002
      vertex 7.548029646277428 18.320022144700797 1.2000000000000002
      vertex 7.548029646277428 18.320022144700797 1
    endloop
  endfacet
  facet normal 0 0 1
    outer loop
      vertex 7.195920325815678 18.142857143070014 1.2000000000000002
      vertex 7.975446328520775 18.320022144700797 1.2000000000000002
      vertex 7.548029646277428 18.320022144700797 1.2000000000000002
    endloop
  endfacet
  facet normal 1 0 0
    outer loop
      vertex 7.812561571598053 14.579491139735492 1.2000000000000002
      vertex 7.812561571598053 14.514285714711459 1
      vertex 7.812561571598053 14.579491139735492 1
    endloop
  endfacet
  facet normal -0.1299413728951762 0.9915216788402141 0
    outer loop
      vertex 7.67844957113266 15.272167289044173 1.2000000000000002
      vertex 7.859147891402245 15.295848251666339 1
      vertex 7.67844957113266 15.272167289044173 1
    endloop
  endfacet
  facet normal 0.12884797667380674 -0.9916643579896708 0
    outer loop
      vertex 7.989567823708057 15.194334426309378 1.2000000000000002
      vertex 7.736270859837532 15.161423289562972 1
      vertex 7.989567823708057 15.194334426309378 1
    endloop
  endfacet
  facet normal -0.49037271710305735 0.8715128216618301 0
    outer loop
      vertex 7.859147891402245 15.295848251666339 1.2000000000000002
      vertex 7.985408574342728 15.366891146983416 1
      vertex 7.859147891402245 15.295848251666339 1
    endloop
  endfacet
  facet normal 0.46780183157897554 -0.883833381566546 0
    outer loop
      vertex 8.17610814422369 15.29306785890034 1.2000000000000002
      vertex 7.989567823708057 15.194334426309378 1
      vertex 8.17610814422369 15.29306785890034 1
    endloop
  endfacet
  facet normal -0.8588969843578647 0.5121483869553494 0
    outer loop
      vertex 7.985408574342728 15.366891146983416 1.2000000000000002
      vertex 8.059689961373806 15.491464534189017 1
      vertex 7.985408574342728 15.366891146983416 1
    endloop
  endfacet
  facet normal 0.8158674194605371 -0.5782390110177659 0
    outer loop
      vertex 8.290993250906467 15.455165216113837 1.2000000000000002
      vertex 8.17610814422369 15.29306785890034 1
      vertex 8.290993250906467 15.455165216113837 1
    endloop
  endfacet
  facet normal -0.9910894838803886 0.1331977287407891 0
    outer loop
      vertex 8.059689961373806 15.491464534189017 1.2000000000000002
      vertex 8.08445043116808 15.675700717951567 1
      vertex 8.059689961373806 15.491464534189017 1
    endloop
  endfacet
  facet normal -0.990870811327814 -0.13481481839382334 0
    outer loop
      vertex 8.08445043116808 15.675700717951567 1.2000000000000002
      vertex 8.06076493114233 15.849785962487967 1
      vertex 8.08445043116808 15.675700717951567 1
    endloop
  endfacet
  facet normal 0.9855736632601193 -0.16924702150415757 0
    outer loop
      vertex 8.32928828895092 15.678168141629012 1.2000000000000002
      vertex 8.290993250906467 15.455165216113837 1
      vertex 8.32928828895092 15.678168141629012 1
    endloop
  endfacet
  facet normal -1 0 0
    outer loop
      vertex 8.502842858433723 14.514285714711459 1.2000000000000002
      vertex 8.502842858433723 14.579491139735492 1
      vertex 8.502842858433723 14.514285714711459 1
    endloop
  endfacet
  facet normal -0.15507962861320046 0.9879019732692064 0
    outer loop
      vertex 8.502842858433723 14.579491139735492 1.2000000000000002
      vertex 8.714461140334606 14.61271071561745 1
      vertex 8.502842858433723 14.579491139735492 1
    endloop
  endfacet
  facet normal 0 -1 0
    outer loop
      vertex 9.065090000629425 14.514285714711459 1.2000000000000002
      vertex 8.502842858433723 14.514285714711459 1
      vertex 9.065090000629425 14.514285714711459 1
    endloop
  endfacet
  facet normal 0.14834839590330104 0.988935161389723 0
    outer loop
      vertex 8.84363828599453 14.61271071561745 1.2000000000000002
      vertex 9.065090000629425 14.579491139735492 1
      vertex 8.84363828599453 14.61271071561745 1
    endloop
  endfacet
  facet normal -1 0 0
    outer loop
      vertex 8.714461140334606 16.066933282996924 1.2000000000000002
      vertex 8.714461140334606 16.066933282996924 1
      vertex 8.714461140334606 14.61271071561745 1
    endloop
  endfacet
  facet normal 1 0 0
    outer loop
      vertex 8.84363828599453 15.998044857169898 1.2000000000000002
      vertex 8.84363828599453 14.61271071561745 1
      vertex 8.84363828599453 15.998044857169898 1
    endloop
  endfacet
  facet normal 0.12575904252114248 0.992060816293117 0
    outer loop
      vertex 7.550506144762039 14.61271071561745 1.2000000000000002
      vertex 7.812561571598053 14.579491139735492 1.2000000000000002
      vertex 7.812561571598053 14.579491139735492 1
    endloop
  endfacet
  facet normal 1 0 0
    outer loop
      vertex 7.812561571598053 14.514285714711459 1.2000000000000002
      vertex 7.812561571598053 14.514285714711459 1
      vertex 7.812561571598053 14.579491139735492 1.2000000000000002
    endloop
  endfacet
  facet normal 0 0 1
    outer loop
      vertex 7.550506144762039 14.61271071561745 1.2000000000000002
      vertex 7.812561571598053 14.514285714711459 1.2000000000000002
      vertex 7.812561571598053 14.579491139735492 1.2000000000000002
    endloop
  endfacet
  facet normal 0.12884797667380674 -0.9916643579896708 0
    outer loop
      vertex 7.736270859837532 15.161423289562972 1.2000000000000002
      vertex 7.736270859837532 15.161423289562972 1
      vertex 7.989567823708057 15.194334426309378 1.2000000000000002
    endloop
  endfacet
  facet normal -0.1299413728951762 0.9915216788402141 0
    outer loop
      vertex 7.67844957113266 15.272167289044173 1.2000000000000002
      vertex 7.859147891402245 15.295848251666339 1.2000000000000002
      vertex 7.859147891402245 15.295848251666339 1
    endloop
  endfacet
  facet normal -0.49037271710305735 0.8715128216618301 0
    outer loop
      vertex 7.859147891402245 15.295848251666339 1.2000000000000002
      vertex 7.985408574342728 15.366891146983416 1.2000000000000002
      vertex 7.985408574342728 15.366891146983416 1
    endloop
  endfacet
  facet normal 0.46780183157897554 -0.883833381566546 0
    outer loop
      vertex 7.989567823708057 15.194334426309378 1.2000000000000002
      vertex 7.989567823708057 15.194334426309378 1
      vertex 8.17610814422369 15.29306785890034 1.2000000000000002
    endloop
  endfacet
  facet normal -0.8588969843578647 0.5121483869553494 0
    outer loop
      vertex 7.985408574342728 15.366891146983416 1.2000000000000002
      vertex 8.059689961373806 15.491464534189017 1.2000000000000002
      vertex 8.059689961373806 15.491464534189017 1
    endloop
  endfacet
  facet normal 0.8158674194605371 -0.5782390110177659 0
    outer loop
      vertex 8.17610814422369 15.29306785890034 1.2000000000000002
      vertex 8.17610814422369 15.29306785890034 1
      vertex 8.290993250906467 15.455165216113837 1.2000000000000002
    endloop
  endfacet
  facet normal -0.9910894838803886 0.1331977287407891 0
    outer loop
      vertex 8.059689961373806 15.491464534189017 1.2000000000000002
      vertex 8.08445043116808 15.675700717951567 1.2000000000000002
      vertex 8.08445043116808 15.675700717951567 1
    endloop
  endfacet
  facet normal -0.990870811327814 -0.13481481839382334 0
    outer loop
      vertex 8.08445043116808 15.675700717951567 1.2000000000000002
      vertex 8.06076493114233 15.849785962487967 1.2000000000000002
      vertex 8.06076493114233 15.849785962487967 1
    endloop
  endfacet
  facet normal 0.9855736632601193 -0.16924702150415757 0
    outer loop
      vertex 8.290993250906467 15.455165216113837 1.2000000000000002
      vertex 8.290993250906467 15.455165216113837 1
      vertex 8.32928828895092 15.678168141629012 1.2000000000000002
    endloop
  endfacet
  facet normal 0.9235597130997433 0.38345463400397156 0
    outer loop
      vertex 8.32928828895092 15.678168141629012 1.2000000000000002
      vertex 8.32928828895092 15.678168141629012 1
      vertex 8.177958711981773 16.042649069215567 1.2000000000000002
    endloop
  endfacet
  facet normal 0 0 1
    outer loop
      vertex 7.67844957113266 15.272167289044173 1.2000000000000002
      vertex 7.736270859837532 15.161423289562972 1.2000000000000002
      vertex 7.859147891402245 15.295848251666339 1.2000000000000002
    endloop
  endfacet
  facet normal 0 0 1
    outer loop
      vertex 7.736270859837532 15.161423289562972 1.2000000000000002
      vertex 7.989567823708057 15.194334426309378 1.2000000000000002
      vertex 7.859147891402245 15.295848251666339 1.2000000000000002
    endloop
  endfacet
  facet normal 0 0 1
    outer loop
      vertex 7.859147891402245 15.295848251666339 1.2000000000000002
      vertex 7.989567823708057 15.194334426309378 1.2000000000000002
      vertex 7.985408574342728 15.366891146983416 1.2000000000000002
    endloop
  endfacet
  facet normal 0 0 1
    outer loop
      vertex 7.985408574342728 15.366891146983416 1.2000000000000002
      vertex 7.989567823708057 15.194334426309378 1.2000000000000002
      vertex 8.17610814422369 15.29306785890034 1.2000000000000002
    endloop
  endfacet
  facet normal 0 0 1
    outer loop
      vertex 7.985408574342728 15.366891146983416 1.2000000000000002
      vertex 8.17610814422369 15.29306785890034 1.2000000000000002
      vertex 8.059689961373806 15.491464534189017 1.2000000000000002
    endloop
  endfacet
  facet normal 0 0 1
    outer loop
      vertex 8.059689961373806 15.491464534189017 1.2000000000000002
      vertex 8.17610814422369 15.29306785890034 1.2000000000000002
      vertex 8.290993250906467 15.455165216113837 1.2000000000000002
    endloop
  endfacet
  facet normal 0 0 1
    outer loop
      vertex 8.059689961373806 15.491464534189017 1.2000000000000002
      vertex 8.290993250906467 15.455165216113837 1.2000000000000002
      vertex 8.08445043116808 15.675700717951567 1.2000000000000002
    endloop
  endfacet
  facet normal 0 0 1
    outer loop
      vertex 8.08445043116808 15.675700717951567 1.2000000000000002
      vertex 8.32928828895092 15.678168141629012 1.2000000000000002
      vertex 8.06076493114233 15.849785962487967 1.2000000000000002
    endloop
  endfacet
  facet normal 0 0 1
    outer loop
      vertex 8.08445043116808 15.675700717951567 1.2000000000000002
      vertex 8.290993250906467 15.455165216113837 1.2000000000000002
      vertex 8.32928828895092 15.678168141629012 1.2000000000000002
    endloop
  endfacet
  facet normal 0 0 1
    outer loop
      vertex 8.32928828895092 15.678168141629012 1.2000000000000002
      vertex 8.177958711981773 16.042649069215567 1.2000000000000002
      vertex 8.06076493114233 15.849785962487967 1.2000000000000002
    endloop
  endfacet
  facet normal -1 0 0
    outer loop
      vertex 8.502842858433723 14.514285714711459 1.2000000000000002
      vertex 8.502842858433723 14.579491139735492 1.2000000000000002
      vertex 8.502842858433723 14.579491139735492 1
    endloop
  endfacet
  facet normal -0.15507962861320046 0.9879019732692064 0
    outer loop
      vertex 8.502842858433723 14.579491139735492 1.2000000000000002
      vertex 8.714461140334606 14.61271071561745 1.2000000000000002
      vertex 8.714461140334606 14.61271071561745 1
    endloop
  endfacet
  facet normal 0 -1 0
    outer loop
      vertex 8.502842858433723 14.514285714711459 1.2000000000000002
      vertex 8.502842858433723 14.514285714711459 1
      vertex 9.065090000629425 14.514285714711459 1.2000000000000002
    endloop
  endfacet
  facet normal 1 0 0
    outer loop
      vertex 8.84363828599453 14.61271071561745 1.2000000000000002
      vertex 8.84363828599453 14.61271071561745 1
      vertex 8.84363828599453 15.998044857169898 1.2000000000000002
    endloop
  endfacet
  facet normal 0 0 1
    outer loop
      vertex 8.502842858433723 14.514285714711459 1.2000000000000002
      vertex 8.714461140334606 14.61271071561745 1.2000000000000002
      vertex 8.502842858433723 14.579491139735492 1.2000000000000002
    endloop
  endfacet
  facet normal 0 0 1
    outer loop
      vertex 8.502842858433723 14.514285714711459 1.2000000000000002
      vertex 9.065090000629425 14.514285714711459 1.2000000000000002
      vertex 8.714461140334606 14.61271071561745 1.2000000000000002
    endloop
  endfacet
  facet normal 0 0 1
    outer loop
      vertex 9.065090000629425 14.514285714711459 1.2000000000000002
      vertex 8.84363828599453 14.61271071561745 1.2000000000000002
      vertex 8.714461140334606 14.61271071561745 1.2000000000000002
    endloop
  endfacet
  facet normal 0 0 1
    outer loop
      vertex 8.714461140334606 14.61271071561745 1.2000000000000002
      vertex 8.84363828599453 14.61271071561745 1.2000000000000002
      vertex 8.84363828599453 15.998044857169898 1.2000000000000002
    endloop
  endfacet
  facet normal -1 0 0
    outer loop
      vertex 8.714461140334606 14.61271071561745 1.2000000000000002
      vertex 8.714461140334606 16.066933282996924 1.2000000000000002
      vertex 8.714461140334606 14.61271071561745 1
    endloop
  endfacet
  facet normal 0 0 1
    outer loop
      vertex 8.714461140334606 14.61271071561745 1.2000000000000002
      vertex 8.84363828599453 15.998044857169898 1.2000000000000002
      vertex 8.714461140334606 16.066933282996924 1.2000000000000002
    endloop
  endfacet
  facet normal 1 0 0
    outer loop
      vertex 9.065090000629425 14.579491139735492 1.2000000000000002
      vertex 9.065090000629425 14.514285714711459 1
      vertex 9.065090000629425 14.579491139735492 1
    endloop
  endfacet
  facet normal -0.8247198483296493 -0.5655414854554175 0
    outer loop
      vertex 9.861107856035233 14.514285714711459 1.2000000000000002
      vertex 8.84363828599453 15.998044857169898 1
      vertex 9.861107856035233 14.514285714711459 1
    endloop
  endfacet
  facet normal 0.8212128093770793 0.5706220480449428 0
    outer loop
      vertex 9.002351999282837 16.164142714227946 1.2000000000000002
      vertex 9.851256288588047 14.942438998605521 1
      vertex 9.002351999282837 16.164142714227946 1
    endloop
  endfacet
  facet normal 0 -1 0
    outer loop
      vertex 9.980451568961143 14.514285714711459 1.2000000000000002
      vertex 9.861107856035233 14.514285714711459 1
      vertex 9.980451568961143 14.514285714711459 1
    endloop
  endfacet
  facet normal -1 0 0
    outer loop
      vertex 9.851256288588047 14.942438998605521 1.2000000000000002
      vertex 9.851256288588047 16.066933282996924 1
      vertex 9.851256288588047 14.942438998605521 1
    endloop
  endfacet
  facet normal 1 0 0
    outer loop
      vertex 9.980451568961143 16.066933282996924 1.2000000000000002
      vertex 9.980451568961143 14.514285714711459 1
      vertex 9.980451568961143 16.066933282996924 1
    endloop
  endfacet
  facet normal 0.14834839590330104 0.988935161389723 0
    outer loop
      vertex 8.84363828599453 14.61271071561745 1.2000000000000002
      vertex 9.065090000629425 14.579491139735492 1.2000000000000002
      vertex 9.065090000629425 14.579491139735492 1
    endloop
  endfacet
  facet normal 1 0 0
    outer loop
      vertex 9.065090000629425 14.514285714711459 1.2000000000000002
      vertex 9.065090000629425 14.514285714711459 1
      vertex 9.065090000629425 14.579491139735492 1.2000000000000002
    endloop
  endfacet
  facet normal 0 0 1
    outer loop
      vertex 9.065090000629425 14.514285714711459 1.2000000000000002
      vertex 9.065090000629425 14.579491139735492 1.2000000000000002
      vertex 8.84363828599453 14.61271071561745 1.2000000000000002
    endloop
  endfacet
  facet normal 0 0 1
    outer loop
      vertex 8.84363828599453 15.998044857169898 1.2000000000000002
      vertex 9.861107856035233 14.514285714711459 1.2000000000000002
      vertex 9.980451568961143 14.514285714711459 1.2000000000000002
    endloop
  endfacet
  facet normal -0.8247198483296493 -0.5655414854554175 0
    outer loop
      vertex 8.84363828599453 15.998044857169898 1.2000000000000002
      vertex 8.84363828599453 15.998044857169898 1
      vertex 9.861107856035233 14.514285714711459 1.2000000000000002
    endloop
  endfacet
  facet normal 0.8212128093770793 0.5706220480449428 0
    outer loop
      vertex 9.002351999282837 16.164142714227946 1.2000000000000002
      vertex 9.851256288588047 14.942438998605521 1.2000000000000002
      vertex 9.851256288588047 14.942438998605521 1
    endloop
  endfacet
  facet normal 0 0 1
    outer loop
      vertex 8.84363828599453 15.998044857169898 1.2000000000000002
      vertex 9.851256288588047 14.942438998605521 1.2000000000000002
      vertex 9.002351999282837 16.164142714227946 1.2000000000000002
    endloop
  endfacet
  facet normal 0 0 1
    outer loop
      vertex 8.84363828599453 15.998044857169898 1.2000000000000002
      vertex 9.980451568961143 14.514285714711459 1.2000000000000002
      vertex 9.851256288588047 14.942438998605521 1.2000000000000002
    endloop
  endfacet
  facet normal 0 -1 0
    outer loop
      vertex 9.861107856035233 14.514285714711459 1.2000000000000002
      vertex 9.861107856035233 14.514285714711459 1
      vertex 9.980451568961143 14.514285714711459 1.2000000000000002
    endloop
  endfacet
  facet normal 1 0 0
    outer loop
      vertex 9.980451568961143 14.514285714711459 1.2000000000000002
      vertex 9.980451568961143 14.514285714711459 1
      vertex 9.980451568961143 16.066933282996924 1.2000000000000002
    endloop
  endfacet
  facet normal -1 0 0
    outer loop
      vertex 9.851256288588047 14.942438998605521 1.2000000000000002
      vertex 9.851256288588047 16.066933282996924 1.2000000000000002
      vertex 9.851256288588047 16.066933282996924 1
    endloop
  endfacet
  facet normal 0 0 1
    outer loop
      vertex 9.851256288588047 14.942438998605521 1.2000000000000002
      vertex 9.980451568961143 16.066933282996924 1.2000000000000002
      vertex 9.851256288588047 16.066933282996924 1.2000000000000002
    endloop
  endfacet
  facet normal 0 0 1
    outer loop
      vertex 9.980451568961143 14.514285714711459 1.2000000000000002
      vertex 9.980451568961143 16.066933282996924 1.2000000000000002
      vertex 9.851256288588047 14.942438998605521 1.2000000000000002
    endloop
  endfacet
  facet normal -0.11323947663308084 -0.9935677233746405 0
    outer loop
      vertex 7.86268574744463 16.031559252526076 1.2000000000000002
      vertex 7.671065427362919 16.053398714746745 1
      vertex 7.86268574744463 16.031559252526076 1
    endloop
  endfacet
  facet normal -0.458412511530725 -0.8887395396133182 0
    outer loop
      vertex 7.9897084310650826 15.96604085841349 1.2000000000000002
      vertex 7.86268574744463 16.031559252526076 1
      vertex 7.9897084310650826 15.96604085841349 1
    endloop
  endfacet
  facet normal 0.2585167474678366 0.9660067760003813 0
    outer loop
      vertex 7.723970003426075 16.164142714227946 1.2000000000000002
      vertex 8.177958711981773 16.042649069215567 1
      vertex 7.723970003426075 16.164142714227946 1
    endloop
  endfacet
  facet normal -0.8532431615121754 -0.52151328586404 0
    outer loop
      vertex 8.06076493114233 15.849785962487967 1.2000000000000002
      vertex 7.9897084310650826 15.96604085841349 1
      vertex 8.06076493114233 15.849785962487967 1
    endloop
  endfacet
  facet normal 0.9235597130997433 0.38345463400397156 0
    outer loop
      vertex 8.177958711981773 16.042649069215567 1.2000000000000002
      vertex 8.32928828895092 15.678168141629012 1
      vertex 8.177958711981773 16.042649069215567 1
    endloop
  endfacet
  facet normal -1 0 0
    outer loop
      vertex 8.502842858433723 16.098937289203914 1.2000000000000002
      vertex 8.502842858433723 16.164142714227946 1
      vertex 8.502842858433723 16.098937289203914 1
    endloop
  endfacet
  facet normal -0.14953420185358526 -0.9887565536956057 0
    outer loop
      vertex 8.714461140334606 16.066933282996924 1.2000000000000002
      vertex 8.502842858433723 16.098937289203914 1
      vertex 8.714461140334606 16.066933282996924 1
    endloop
  endfacet
  facet normal 0 1 0
    outer loop
      vertex 8.502842858433723 16.164142714227946 1.2000000000000002
      vertex 9.002351999282837 16.164142714227946 1
      vertex 8.502842858433723 16.164142714227946 1
    endloop
  endfacet
  facet normal -0.11323947663308084 -0.9935677233746405 0
    outer loop
      vertex 7.671065427362919 16.053398714746745 1.2000000000000002
      vertex 7.671065427362919 16.053398714746745 1
      vertex 7.86268574744463 16.031559252526076 1.2000000000000002
    endloop
  endfacet
  facet normal -0.458412511530725 -0.8887395396133182 0
    outer loop
      vertex 7.86268574744463 16.031559252526076 1.2000000000000002
      vertex 7.86268574744463 16.031559252526076 1
      vertex 7.9897084310650826 15.96604085841349 1.2000000000000002
    endloop
  endfacet
  facet normal -0.8532431615121754 -0.52151328586404 0
    outer loop
      vertex 8.06076493114233 15.849785962487967 1.2000000000000002
      vertex 7.9897084310650826 15.96604085841349 1.2000000000000002
      vertex 7.9897084310650826 15.96604085841349 1
    endloop
  endfacet
  facet normal 0.2585167474678366 0.9660067760003813 0
    outer loop
      vertex 7.723970003426075 16.164142714227946 1.2000000000000002
      vertex 8.177958711981773 16.042649069215567 1.2000000000000002
      vertex 8.177958711981773 16.042649069215567 1
    endloop
  endfacet
  facet normal 0 0 1
    outer loop
      vertex 7.671065427362919 16.053398714746745 1.2000000000000002
      vertex 7.86268574744463 16.031559252526076 1.2000000000000002
      vertex 7.723970003426075 16.164142714227946 1.2000000000000002
    endloop
  endfacet
  facet normal 0 0 1
    outer loop
      vertex 7.723970003426075 16.164142714227946 1.2000000000000002
      vertex 7.86268574744463 16.031559252526076 1.2000000000000002
      vertex 8.177958711981773 16.042649069215567 1.2000000000000002
    endloop
  endfacet
  facet normal 0 0 1
    outer loop
      vertex 8.06076493114233 15.849785962487967 1.2000000000000002
      vertex 8.177958711981773 16.042649069215567 1.2000000000000002
      vertex 7.9897084310650826 15.96604085841349 1.2000000000000002
    endloop
  endfacet
  facet normal 0 0 1
    outer loop
      vertex 7.86268574744463 16.031559252526076 1.2000000000000002
      vertex 7.9897084310650826 15.96604085841349 1.2000000000000002
      vertex 8.177958711981773 16.042649069215567 1.2000000000000002
    endloop
  endfacet
  facet normal -1 0 0
    outer loop
      vertex 8.502842858433723 16.098937289203914 1.2000000000000002
      vertex 8.502842858433723 16.164142714227946 1.2000000000000002
      vertex 8.502842858433723 16.164142714227946 1
    endloop
  endfacet
  facet normal -0.14953420185358526 -0.9887565536956057 0
    outer loop
      vertex 8.502842858433723 16.098937289203914 1.2000000000000002
      vertex 8.502842858433723 16.098937289203914 1
      vertex 8.714461140334606 16.066933282996924 1.2000000000000002
    endloop
  endfacet
  facet normal 0 1 0
    outer loop
      vertex 8.502842858433723 16.164142714227946 1.2000000000000002
      vertex 9.002351999282837 16.164142714227946 1.2000000000000002
      vertex 9.002351999282837 16.164142714227946 1
    endloop
  endfacet
  facet normal 0 0 1
    outer loop
      vertex 8.502842858433723 16.098937289203914 1.2000000000000002
      vertex 8.714461140334606 16.066933282996924 1.2000000000000002
      vertex 8.502842858433723 16.164142714227946 1.2000000000000002
    endloop
  endfacet
  facet normal 0 0 1
    outer loop
      vertex 8.502842858433723 16.164142714227946 1.2000000000000002
      vertex 8.714461140334606 16.066933282996924 1.2000000000000002
      vertex 9.002351999282837 16.164142714227946 1.2000000000000002
    endloop
  endfacet
  facet normal 0 0 1
    outer loop
      vertex 8.84363828599453 15.998044857169898 1.2000000000000002
      vertex 9.002351999282837 16.164142714227946 1.2000000000000002
      vertex 8.714461140334606 16.066933282996924 1.2000000000000002
    endloop
  endfacet
  facet normal 0 -1 0
    outer loop
      vertex 8.447146102786064 18.142857143070014 1.2000000000000002
      vertex 7.195920325815678 18.142857143070014 1
      vertex 8.447146102786064 18.142857143070014 1
    endloop
  endfacet
  facet normal 1 0 0
    outer loop
      vertex 7.975446328520775 19.307704770352156 1.2000000000000002
      vertex 7.975446328520775 18.320022144700797 1
      vertex 7.975446328520775 19.307704770352156 1
    endloop
  endfacet
  facet normal 0.12575902861960447 0.9920608180553516 0
    outer loop
      vertex 7.975446328520775 18.320022144700797 1.2000000000000002
      vertex 8.447146102786064 18.260226914073737 1
      vertex 7.975446328520775 18.320022144700797 1
    endloop
  endfacet
  facet normal 1 0 0
    outer loop
      vertex 8.447146102786064 18.260226914073737 1.2000000000000002
      vertex 8.447146102786064 18.142857143070014 1
      vertex 8.447146102786064 18.260226914073737 1
    endloop
  endfacet
  facet normal 0 0 1
    outer loop
      vertex 7.195920325815678 18.142857143070014 1.2000000000000002
      vertex 8.447146102786064 18.142857143070014 1.2000000000000002
      vertex 7.975446328520775 18.320022144700797 1.2000000000000002
    endloop
  endfacet
  facet normal 0 0 1
    outer loop
      vertex 8.447146102786064 18.142857143070014 1.2000000000000002
      vertex 8.447146102786064 18.260226914073737 1.2000000000000002
      vertex 7.975446328520775 18.320022144700797 1.2000000000000002
    endloop
  endfacet
  facet normal 1 0 0
    outer loop
      vertex 7.975446328520775 18.320022144700797 1.2000000000000002
      vertex 7.975446328520775 18.320022144700797 1
      vertex 7.975446328520775 19.307704770352156 1.2000000000000002
    endloop
  endfacet
  facet normal 0.12575902861960447 0.9920608180553516 0
    outer loop
      vertex 7.975446328520775 18.320022144700797 1.2000000000000002
      vertex 8.447146102786064 18.260226914073737 1.2000000000000002
      vertex 8.447146102786064 18.260226914073737 1
    endloop
  endfacet
  facet normal 0 0 1
    outer loop
      vertex 7.548029646277428 18.320022144700797 1.2000000000000002
      vertex 7.975446328520775 18.320022144700797 1.2000000000000002
      vertex 7.975446328520775 19.307704770352156 1.2000000000000002
    endloop
  endfacet
  facet normal 0 0 1
    outer loop
      vertex 7.548029646277428 18.320022144700797 1.2000000000000002
      vertex 7.975446328520775 19.307704770352156 1.2000000000000002
      vertex 7.975446328520775 19.507043973888667 1.2000000000000002
    endloop
  endfacet
  facet normal 1 0 0
    outer loop
      vertex 8.447146102786064 18.142857143070014 1.2000000000000002
      vertex 8.447146102786064 18.142857143070014 1
      vertex 8.447146102786064 18.260226914073737 1.2000000000000002
    endloop
  endfacet
  facet normal -1 0 0
    outer loop
      vertex 9.629804573953152 16.098937289203914 1.2000000000000002
      vertex 9.629804573953152 16.164142714227946 1
      vertex 9.629804573953152 16.098937289203914 1
    endloop
  endfacet
  facet normal -0.143033156368482 -0.9897178972713737 0
    outer loop
      vertex 9.851256288588047 16.066933282996924 1.2000000000000002
      vertex 9.629804573953152 16.098937289203914 1
      vertex 9.851256288588047 16.066933282996924 1
    endloop
  endfacet
  facet normal 0 1 0
    outer loop
      vertex 9.629804573953152 16.164142714227946 1.2000000000000002
      vertex 10.192069858312607 16.164142714227946 1
      vertex 9.629804573953152 16.164142714227946 1
    endloop
  endfacet
  facet normal 0.14953419670656112 -0.9887565544740139 0
    outer loop
      vertex 10.192069858312607 16.098937289203914 1.2000000000000002
      vertex 9.980451568961143 16.066933282996924 1
      vertex 10.192069858312607 16.098937289203914 1
    endloop
  endfacet
  facet normal 1 0 0
    outer loop
      vertex 10.192069858312607 16.164142714227946 1.2000000000000002
      vertex 10.192069858312607 16.098937289203914 1
      vertex 10.192069858312607 16.164142714227946 1
    endloop
  endfacet
  facet normal -1 0 0
    outer loop
      vertex 9.629804573953152 16.098937289203914 1.2000000000000002
      vertex 9.629804573953152 16.164142714227946 1.2000000000000002
      vertex 9.629804573953152 16.164142714227946 1
    endloop
  endfacet
  facet normal -0.143033156368482 -0.9897178972713737 0
    outer loop
      vertex 9.629804573953152 16.098937289203914 1.2000000000000002
      vertex 9.629804573953152 16.098937289203914 1
      vertex 9.851256288588047 16.066933282996924 1.2000000000000002
    endloop
  endfacet
  facet normal 0 1 0
    outer loop
      vertex 9.629804573953152 16.164142714227946 1.2000000000000002
      vertex 10.192069858312607 16.164142714227946 1.2000000000000002
      vertex 10.192069858312607 16.164142714227946 1
    endloop
  endfacet
  facet normal 0.14953419670656112 -0.9887565544740139 0
    outer loop
      vertex 9.980451568961143 16.066933282996924 1.2000000000000002
      vertex 9.980451568961143 16.066933282996924 1
      vertex 10.192069858312607 16.098937289203914 1.2000000000000002
    endloop
  endfacet
  facet normal 1 0 0
    outer loop
      vertex 10.192069858312607 16.098937289203914 1.2000000000000002
      vertex 10.192069858312607 16.098937289203914 1
      vertex 10.192069858312607 16.164142714227946 1.2000000000000002
    endloop
  endfacet
  facet normal 0 0 1
    outer loop
      vertex 9.629804573953152 16.098937289203914 1.2000000000000002
      vertex 9.851256288588047 16.066933282996924 1.2000000000000002
      vertex 9.629804573953152 16.164142714227946 1.2000000000000002
    endloop
  endfacet
  facet normal 0 0 1
    outer loop
      vertex 9.629804573953152 16.164142714227946 1.2000000000000002
      vertex 9.851256288588047 16.066933282996924 1.2000000000000002
      vertex 9.980451568961143 16.066933282996924 1.2000000000000002
    endloop
  endfacet
  facet normal 0 0 1
    outer loop
      vertex 9.629804573953152 16.164142714227946 1.2000000000000002
      vertex 9.980451568961143 16.066933282996924 1.2000000000000002
      vertex 10.192069858312607 16.164142714227946 1.2000000000000002
    endloop
  endfacet
  facet normal 0 0 1
    outer loop
      vertex 9.980451568961143 16.066933282996924 1.2000000000000002
      vertex 10.192069858312607 16.098937289203914 1.2000000000000002
      vertex 10.192069858312607 16.164142714227946 1.2000000000000002
    endloop
  endfacet
  facet normal -1 0 0
    outer loop
      vertex 9.722864732146263 18.142857143070014 1.2000000000000002
      vertex 9.722864732146263 18.260226914073737 1
      vertex 9.722864732146263 18.142857143070014 1
    endloop
  endfacet
  facet normal -0.15507961352644067 0.9879019756375071 0
    outer loop
      vertex 9.722864732146263 18.260226914073737 1.2000000000000002
      vertex 10.103777639567852 18.320022144700797 1
      vertex 9.722864732146263 18.260226914073737 1
    endloop
  endfacet
  facet normal -1 0 0
    outer loop
      vertex 9.722864732146263 18.142857143070014 1.2000000000000002
      vertex 9.722864732146263 18.260226914073737 1.2000000000000002
      vertex 9.722864732146263 18.260226914073737 1
    endloop
  endfacet
  facet normal 0 -1 0
    outer loop
      vertex 9.722864732146263 18.142857143070014 1.2000000000000002
      vertex 9.722864732146263 18.142857143070014 1
      vertex 10.909886553883553 18.142857143070014 1.2000000000000002
    endloop
  endfacet
  facet normal 0 0 1
    outer loop
      vertex 9.722864732146263 18.142857143070014 1.2000000000000002
      vertex 10.103777639567852 18.320022144700797 1.2000000000000002
      vertex 9.722864732146263 18.260226914073737 1.2000000000000002
    endloop
  endfacet
  facet normal 0 0 1
    outer loop
      vertex 9.722864732146263 18.142857143070014 1.2000000000000002
      vertex 10.909886553883553 18.142857143070014 1.2000000000000002
      vertex 10.103777639567852 18.320022144700797 1.2000000000000002
    endloop
  endfacet
  facet normal -0.15507961352644067 0.9879019756375071 0
    outer loop
      vertex 9.722864732146263 18.260226914073737 1.2000000000000002
      vertex 10.103777639567852 18.320022144700797 1.2000000000000002
      vertex 10.103777639567852 18.320022144700797 1
    endloop
  endfacet
  facet normal 1 0 0
    outer loop
      vertex 5.388478100299835 20.937622771944316 1.2000000000000002
      vertex 5.388478100299835 18.320022144700797 1
      vertex 5.388478100299835 20.937622771944316 1
    endloop
  endfacet
  facet normal 1 0 0
    outer loop
      vertex 5.388478100299835 18.320022144700797 1.2000000000000002
      vertex 5.388478100299835 18.320022144700797 1
      vertex 5.388478100299835 20.937622771944316 1.2000000000000002
    endloop
  endfacet
  facet normal 0 0 1
    outer loop
      vertex 5.388478100299835 18.320022144700797 1.2000000000000002
      vertex 5.388478100299835 20.937622771944316 1.2000000000000002
      vertex 4.918999016284943 21.11259974667004 1.2000000000000002
    endloop
  endfacet
  facet normal 0 1 0
    outer loop
      vertex 4.918999016284943 21.11259974667004 1.2000000000000002
      vertex 5.769391015172005 21.11259974667004 1
      vertex 4.918999016284943 21.11259974667004 1
    endloop
  endfacet
  facet normal 0.1495341611792632 -0.9887565598469696 0
    outer loop
      vertex 5.769391015172005 20.995229968215735 1.2000000000000002
      vertex 5.388478100299835 20.937622771944316 1
      vertex 5.769391015172005 20.995229968215735 1
    endloop
  endfacet
  facet normal 1 0 0
    outer loop
      vertex 5.769391015172005 21.11259974667004 1.2000000000000002
      vertex 5.769391015172005 20.995229968215735 1
      vertex 5.769391015172005 21.11259974667004 1
    endloop
  endfacet
  facet normal 0.1495341611792632 -0.9887565598469696 0
    outer loop
      vertex 5.388478100299835 20.937622771944316 1.2000000000000002
      vertex 5.388478100299835 20.937622771944316 1
      vertex 5.769391015172005 20.995229968215735 1.2000000000000002
    endloop
  endfacet
  facet normal 0 1 0
    outer loop
      vertex 4.918999016284943 21.11259974667004 1.2000000000000002
      vertex 5.769391015172005 21.11259974667004 1.2000000000000002
      vertex 5.769391015172005 21.11259974667004 1
    endloop
  endfacet
  facet normal 0 0 1
    outer loop
      vertex 4.918999016284943 21.11259974667004 1.2000000000000002
      vertex 5.388478100299835 20.937622771944316 1.2000000000000002
      vertex 5.769391015172005 21.11259974667004 1.2000000000000002
    endloop
  endfacet
  facet normal 0 0 1
    outer loop
      vertex 5.388478100299835 20.937622771944316 1.2000000000000002
      vertex 5.769391015172005 20.995229968215735 1.2000000000000002
      vertex 5.769391015172005 21.11259974667004 1.2000000000000002
    endloop
  endfacet
  facet normal 1 0 0
    outer loop
      vertex 5.769391015172005 20.995229968215735 1.2000000000000002
      vertex 5.769391015172005 20.995229968215735 1
      vertex 5.769391015172005 21.11259974667004 1.2000000000000002
    endloop
  endfacet
  facet normal -1 0 0
    outer loop
      vertex 7.548029646277428 18.320022144700797 1.2000000000000002
      vertex 7.548029646277428 20.937622771944316 1
      vertex 7.548029646277428 18.320022144700797 1
    endloop
  endfacet
  facet normal -1 0 0
    outer loop
      vertex 7.548029646277428 18.320022144700797 1.2000000000000002
      vertex 7.548029646277428 20.937622771944316 1.2000000000000002
      vertex 7.548029646277428 20.937622771944316 1
    endloop
  endfacet
  facet normal -1 0 0
    outer loop
      vertex 7.167116731405258 20.995229968215735 1.2000000000000002
      vertex 7.167116731405258 21.11259974667004 1
      vertex 7.167116731405258 20.995229968215735 1
    endloop
  endfacet
  facet normal -0.1495341611792632 -0.9887565598469696 0
    outer loop
      vertex 7.548029646277428 20.937622771944316 1.2000000000000002
      vertex 7.167116731405258 20.995229968215735 1
      vertex 7.548029646277428 20.937622771944316 1
    endloop
  endfacet
  facet normal 0 1 0
    outer loop
      vertex 7.167116731405258 21.11259974667004 1.2000000000000002
      vertex 8.28768127411604 21.11259974667004 1
      vertex 7.167116731405258 21.11259974667004 1
    endloop
  endfacet
  facet normal -0.1495341611792632 -0.9887565598469696 0
    outer loop
      vertex 7.167116731405258 20.995229968215735 1.2000000000000002
      vertex 7.167116731405258 20.995229968215735 1
      vertex 7.548029646277428 20.937622771944316 1.2000000000000002
    endloop
  endfacet
  facet normal -1 0 0
    outer loop
      vertex 7.167116731405258 20.995229968215735 1.2000000000000002
      vertex 7.167116731405258 21.11259974667004 1.2000000000000002
      vertex 7.167116731405258 21.11259974667004 1
    endloop
  endfacet
  facet normal 0 0 1
    outer loop
      vertex 7.167116731405258 20.995229968215735 1.2000000000000002
      vertex 7.548029646277428 20.937622771944316 1.2000000000000002
      vertex 7.167116731405258 21.11259974667004 1.2000000000000002
    endloop
  endfacet
  facet normal 0 0 1
    outer loop
      vertex 7.167116731405258 21.11259974667004 1.2000000000000002
      vertex 7.548029646277428 20.937622771944316 1.2000000000000002
      vertex 8.28768127411604 21.11259974667004 1.2000000000000002
    endloop
  endfacet
  facet normal 0 -1 0
    outer loop
      vertex 8.30982281267643 19.307704770352156 1.2000000000000002
      vertex 7.975446328520775 19.307704770352156 1
      vertex 8.30982281267643 19.307704770352156 1
    endloop
  endfacet
  facet normal 0 1 0
    outer loop
      vertex 7.975446328520775 19.507043973888667 1.2000000000000002
      vertex 8.205744497478008 19.507043973888667 1
      vertex 7.975446328520775 19.507043973888667 1
    endloop
  endfacet
  facet normal -0.12994137113941026 0.9915216790703116 0
    outer loop
      vertex 8.205744497478008 19.507043973888667 1.2000000000000002
      vertex 8.531001478433609 19.549669706608565 1
      vertex 8.205744497478008 19.507043973888667 1
    endloop
  endfacet
  facet normal 1 0 0
    outer loop
      vertex 7.975446328520775 20.91326054313353 1.2000000000000002
      vertex 7.975446328520775 19.507043973888667 1
      vertex 7.975446328520775 20.91326054313353 1
    endloop
  endfacet
  facet normal 0.12884800092919294 -0.9916643548381432 0
    outer loop
      vertex 8.765757352113724 19.366944828416617 1.2000000000000002
      vertex 8.30982281267643 19.307704770352156 1
      vertex 8.765757352113724 19.366944828416617 1
    endloop
  endfacet
  facet normal -0.4903727070687434 0.8715128273078213 0
    outer loop
      vertex 8.531001478433609 19.549669706608565 1.2000000000000002
      vertex 8.75827070325613 19.67754691221884 1
      vertex 8.531001478433609 19.549669706608565 1
    endloop
  endfacet
  facet normal -0.8588969847947396 0.5121483862226891 0
    outer loop
      vertex 8.75827070325613 19.67754691221884 1.2000000000000002
      vertex 8.891977205872536 19.901779019619735 1
      vertex 8.75827070325613 19.67754691221884 1
    endloop
  endfacet
  facet normal -0.9910894871706932 0.13319770425849098 0
    outer loop
      vertex 8.891977205872536 19.901779019619735 1.2000000000000002
      vertex 8.936546042561531 20.233404145921977 1
      vertex 8.891977205872536 19.901779019619735 1
    endloop
  endfacet
  facet normal -0.9908708124710998 -0.13481480999082587 0
    outer loop
      vertex 8.936546042561531 20.233404145921977 1.2000000000000002
      vertex 8.893912144005299 20.546757595028193 1
      vertex 8.936546042561531 20.233404145921977 1
    endloop
  endfacet
  facet normal -0.8532431445374541 -0.5215133136362265 0
    outer loop
      vertex 8.893912144005299 20.546757595028193 1.2000000000000002
      vertex 8.76601044088602 20.75601639726332 1
      vertex 8.893912144005299 20.546757595028193 1
    endloop
  endfacet
  facet normal 0 -1 0
    outer loop
      vertex 7.975446328520775 19.307704770352156 1.2000000000000002
      vertex 7.975446328520775 19.307704770352156 1
      vertex 8.30982281267643 19.307704770352156 1.2000000000000002
    endloop
  endfacet
  facet normal 0 1 0
    outer loop
      vertex 7.975446328520775 19.507043973888667 1.2000000000000002
      vertex 8.205744497478008 19.507043973888667 1.2000000000000002
      vertex 8.205744497478008 19.507043973888667 1
    endloop
  endfacet
  facet normal 0 0 1
    outer loop
      vertex 7.548029646277428 18.320022144700797 1.2000000000000002
      vertex 7.975446328520775 19.507043973888667 1.2000000000000002
      vertex 7.548029646277428 20.937622771944316 1.2000000000000002
    endloop
  endfacet
  facet normal 0 0 1
    outer loop
      vertex 7.975446328520775 19.307704770352156 1.2000000000000002
      vertex 8.205744497478008 19.507043973888667 1.2000000000000002
      vertex 7.975446328520775 19.507043973888667 1.2000000000000002
    endloop
  endfacet
  facet normal 0 0 1
    outer loop
      vertex 7.975446328520775 19.307704770352156 1.2000000000000002
      vertex 8.30982281267643 19.307704770352156 1.2000000000000002
      vertex 8.205744497478008 19.507043973888667 1.2000000000000002
    endloop
  endfacet
  facet normal 1 0 0
    outer loop
      vertex 7.975446328520775 19.507043973888667 1.2000000000000002
      vertex 7.975446328520775 19.507043973888667 1
      vertex 7.975446328520775 20.91326054313353 1.2000000000000002
    endloop
  endfacet
  facet normal 0 0 1
    outer loop
      vertex 7.548029646277428 20.937622771944316 1.2000000000000002
      vertex 7.975446328520775 19.507043973888667 1.2000000000000002
      vertex 7.975446328520775 20.91326054313353 1.2000000000000002
    endloop
  endfacet
  facet normal 0.12884800092919294 -0.9916643548381432 0
    outer loop
      vertex 8.30982281267643 19.307704770352156 1.2000000000000002
      vertex 8.30982281267643 19.307704770352156 1
      vertex 8.765757352113724 19.366944828416617 1.2000000000000002
    endloop
  endfacet
  facet normal -0.12994137113941026 0.9915216790703116 0
    outer loop
      vertex 8.205744497478008 19.507043973888667 1.2000000000000002
      vertex 8.531001478433609 19.549669706608565 1.2000000000000002
      vertex 8.531001478433609 19.549669706608565 1
    endloop
  endfacet
  facet normal 0.46780182563048495 -0.8838333847150069 0
    outer loop
      vertex 8.765757352113724 19.366944828416617 1.2000000000000002
      vertex 8.765757352113724 19.366944828416617 1
      vertex 9.10152992606163 19.54466500261 1.2000000000000002
    endloop
  endfacet
  facet normal -0.4903727070687434 0.8715128273078213 0
    outer loop
      vertex 8.531001478433609 19.549669706608565 1.2000000000000002
      vertex 8.75827070325613 19.67754691221884 1.2000000000000002
      vertex 8.75827070325613 19.67754691221884 1
    endloop
  endfacet
  facet normal -0.8588969847947396 0.5121483862226891 0
    outer loop
      vertex 8.75827070325613 19.67754691221884 1.2000000000000002
      vertex 8.891977205872536 19.901779019619735 1.2000000000000002
      vertex 8.891977205872536 19.901779019619735 1
    endloop
  endfacet
  facet normal 0 0 1
    outer loop
      vertex 8.30982281267643 19.307704770352156 1.2000000000000002
      vertex 8.765757352113724 19.366944828416617 1.2000000000000002
      vertex 8.531001478433609 19.549669706608565 1.2000000000000002
    endloop
  endfacet
  facet normal 0 0 1
    outer loop
      vertex 8.30982281267643 19.307704770352156 1.2000000000000002
      vertex 8.531001478433609 19.549669706608565 1.2000000000000002
      vertex 8.205744497478008 19.507043973888667 1.2000000000000002
    endloop
  endfacet
  facet normal 0 0 1
    outer loop
      vertex 8.531001478433609 19.549669706608565 1.2000000000000002
      vertex 8.765757352113724 19.366944828416617 1.2000000000000002
      vertex 8.75827070325613 19.67754691221884 1.2000000000000002
    endloop
  endfacet
  facet normal 0 0 1
    outer loop
      vertex 8.765757352113724 19.366944828416617 1.2000000000000002
      vertex 9.10152992606163 19.54466500261 1.2000000000000002
      vertex 8.75827070325613 19.67754691221884 1.2000000000000002
    endloop
  endfacet
  facet normal 0 0 1
    outer loop
      vertex 8.75827070325613 19.67754691221884 1.2000000000000002
      vertex 9.10152992606163 19.54466500261 1.2000000000000002
      vertex 8.891977205872536 19.901779019619735 1.2000000000000002
    endloop
  endfacet
  facet normal -0.9910894871706932 0.13319770425849098 0
    outer loop
      vertex 8.891977205872536 19.901779019619735 1.2000000000000002
      vertex 8.936546042561531 20.233404145921977 1.2000000000000002
      vertex 8.936546042561531 20.233404145921977 1
    endloop
  endfacet
  facet normal -0.9908708124710998 -0.13481480999082587 0
    outer loop
      vertex 8.893912144005299 20.546757595028193 1.2000000000000002
      vertex 8.893912144005299 20.546757595028193 1
      vertex 8.936546042561531 20.233404145921977 1.2000000000000002
    endloop
  endfacet
  facet normal 0 -1 0
    outer loop
      vertex 8.192453041672707 20.91326054313353 1.2000000000000002
      vertex 7.975446328520775 20.91326054313353 1
      vertex 8.192453041672707 20.91326054313353 1
    endloop
  endfacet
  facet normal -0.11323948741346637 -0.9935677221459719 0
    outer loop
      vertex 8.53736962378025 20.873949506665976 1.2000000000000002
      vertex 8.192453041672707 20.91326054313353 1
      vertex 8.53736962378025 20.873949506665976 1
    endloop
  endfacet
  facet normal 0.25851674779192146 0.9660067759136517 0
    outer loop
      vertex 8.28768127411604 21.11259974667004 1.2000000000000002
      vertex 9.104860953986645 20.89391118415764 1
      vertex 8.28768127411604 21.11259974667004 1
    endloop
  endfacet
  facet normal -0.4584125327687592 -0.8887395286587241 0
    outer loop
      vertex 8.76601044088602 20.75601639726332 1.2000000000000002
      vertex 8.53736962378025 20.873949506665976 1
      vertex 8.76601044088602 20.75601639726332 1
    endloop
  endfacet
  facet normal 0 1 0
    outer loop
      vertex 7.167116731405258 21.11259974667004 1.2000000000000002
      vertex 8.28768127411604 21.11259974667004 1.2000000000000002
      vertex 8.28768127411604 21.11259974667004 1
    endloop
  endfacet
  facet normal 0 -1 0
    outer loop
      vertex 7.975446328520775 20.91326054313353 1.2000000000000002
      vertex 7.975446328520775 20.91326054313353 1
      vertex 8.192453041672707 20.91326054313353 1.2000000000000002
    endloop
  endfacet
  facet normal -0.11323948741346637 -0.9935677221459719 0
    outer loop
      vertex 8.192453041672707 20.91326054313353 1.2000000000000002
      vertex 8.192453041672707 20.91326054313353 1
      vertex 8.53736962378025 20.873949506665976 1.2000000000000002
    endloop
  endfacet
  facet normal 0 0 1
    outer loop
      vertex 7.548029646277428 20.937622771944316 1.2000000000000002
      vertex 7.975446328520775 20.91326054313353 1.2000000000000002
      vertex 8.28768127411604 21.11259974667004 1.2000000000000002
    endloop
  endfacet
  facet normal 0 0 1
    outer loop
      vertex 7.975446328520775 20.91326054313353 1.2000000000000002
      vertex 8.192453041672707 20.91326054313353 1.2000000000000002
      vertex 8.28768127411604 21.11259974667004 1.2000000000000002
    endloop
  endfacet
  facet normal -0.4584125327687592 -0.8887395286587241 0
    outer loop
      vertex 8.53736962378025 20.873949506665976 1.2000000000000002
      vertex 8.53736962378025 20.873949506665976 1
      vertex 8.76601044088602 20.75601639726332 1.2000000000000002
    endloop
  endfacet
  facet normal -0.8532431445374541 -0.5215133136362265 0
    outer loop
      vertex 8.893912144005299 20.546757595028193 1.2000000000000002
      vertex 8.76601044088602 20.75601639726332 1.2000000000000002
      vertex 8.76601044088602 20.75601639726332 1
    endloop
  endfacet
  facet normal 0.25851674779192146 0.9660067759136517 0
    outer loop
      vertex 8.28768127411604 21.11259974667004 1.2000000000000002
      vertex 9.104860953986645 20.89391118415764 1.2000000000000002
      vertex 9.104860953986645 20.89391118415764 1
    endloop
  endfacet
  facet normal 0 0 1
    outer loop
      vertex 8.192453041672707 20.91326054313353 1.2000000000000002
      vertex 8.53736962378025 20.873949506665976 1.2000000000000002
      vertex 8.28768127411604 21.11259974667004 1.2000000000000002
    endloop
  endfacet
  facet normal 0 0 1
    outer loop
      vertex 8.28768127411604 21.11259974667004 1.2000000000000002
      vertex 8.53736962378025 20.873949506665976 1.2000000000000002
      vertex 9.104860953986645 20.89391118415764 1.2000000000000002
    endloop
  endfacet
  facet normal 0 0 1
    outer loop
      vertex 8.53736962378025 20.873949506665976 1.2000000000000002
      vertex 8.76601044088602 20.75601639726332 1.2000000000000002
      vertex 9.104860953986645 20.89391118415764 1.2000000000000002
    endloop
  endfacet
  facet normal 0 0 1
    outer loop
      vertex 8.893912144005299 20.546757595028193 1.2000000000000002
      vertex 9.104860953986645 20.89391118415764 1.2000000000000002
      vertex 8.76601044088602 20.75601639726332 1.2000000000000002
    endloop
  endfacet
  facet normal 0.46780182563048495 -0.8838333847150069 0
    outer loop
      vertex 9.10152992606163 19.54466500261 1.2000000000000002
      vertex 8.765757352113724 19.366944828416617 1
      vertex 9.10152992606163 19.54466500261 1
    endloop
  endfacet
  facet normal 0.8158674121702473 -0.578239021304014 0
    outer loop
      vertex 9.308323122560978 19.83644024410418 1.2000000000000002
      vertex 9.10152992606163 19.54466500261 1
      vertex 9.308323122560978 19.83644024410418 1
    endloop
  endfacet
  facet normal 0.985573664585501 -0.16924701378608212 0
    outer loop
      vertex 9.37725418806076 20.23784551152161 1.2000000000000002
      vertex 9.308323122560978 19.83644024410418 1
      vertex 9.37725418806076 20.23784551152161 1
    endloop
  endfacet
  facet normal -1 0 0
    outer loop
      vertex 10.103777639567852 18.320022144700797 1.2000000000000002
      vertex 10.103777639567852 20.937622771944316 1
      vertex 10.103777639567852 18.320022144700797 1
    endloop
  endfacet
  facet normal 0.8158674121702473 -0.578239021304014 0
    outer loop
      vertex 9.10152992606163 19.54466500261 1.2000000000000002
      vertex 9.10152992606163 19.54466500261 1
      vertex 9.308323122560978 19.83644024410418 1.2000000000000002
    endloop
  endfacet
  facet normal 0 0 1
    outer loop
      vertex 8.891977205872536 19.901779019619735 1.2000000000000002
      vertex 9.10152992606163 19.54466500261 1.2000000000000002
      vertex 9.308323122560978 19.83644024410418 1.2000000000000002
    endloop
  endfacet
  facet normal 0.9235597159452464 0.38345462715050865 0
    outer loop
      vertex 9.37725418806076 20.23784551152161 1.2000000000000002
      vertex 9.37725418806076 20.23784551152161 1
      vertex 9.104860953986645 20.89391118415764 1.2000000000000002
    endloop
  endfacet
  facet normal 0.985573664585501 -0.16924701378608212 0
    outer loop
      vertex 9.308323122560978 19.83644024410418 1.2000000000000002
      vertex 9.308323122560978 19.83644024410418 1
      vertex 9.37725418806076 20.23784551152161 1.2000000000000002
    endloop
  endfacet
  facet normal 0 0 1
    outer loop
      vertex 8.891977205872536 19.901779019619735 1.2000000000000002
      vertex 9.308323122560978 19.83644024410418 1.2000000000000002
      vertex 8.936546042561531 20.233404145921977 1.2000000000000002
    endloop
  endfacet
  facet normal 0 0 1
    outer loop
      vertex 8.936546042561531 20.233404145921977 1.2000000000000002
      vertex 9.308323122560978 19.83644024410418 1.2000000000000002
      vertex 9.37725418806076 20.23784551152161 1.2000000000000002
    endloop
  endfacet
  facet normal 0 0 1
    outer loop
      vertex 8.893912144005299 20.546757595028193 1.2000000000000002
      vertex 8.936546042561531 20.233404145921977 1.2000000000000002
      vertex 9.37725418806076 20.23784551152161 1.2000000000000002
    endloop
  endfacet
  facet normal 0 0 1
    outer loop
      vertex 8.893912144005299 20.546757595028193 1.2000000000000002
      vertex 9.37725418806076 20.23784551152161 1.2000000000000002
      vertex 9.104860953986645 20.89391118415764 1.2000000000000002
    endloop
  endfacet
  facet normal 0 0 1
    outer loop
      vertex 10.103777639567852 18.320022144700797 1.2000000000000002
      vertex 10.528973646461964 18.320022144700797 1.2000000000000002
      vertex 10.103777639567852 20.937622771944316 1.2000000000000002
    endloop
  endfacet
  facet normal -1 0 0
    outer loop
      vertex 10.103777639567852 18.320022144700797 1.2000000000000002
      vertex 10.103777639567852 20.937622771944316 1.2000000000000002
      vertex 10.103777639567852 20.937622771944316 1
    endloop
  endfacet
  facet normal 0.9235597159452464 0.38345462715050865 0
    outer loop
      vertex 9.104860953986645 20.89391118415764 1.2000000000000002
      vertex 9.37725418806076 20.23784551152161 1
      vertex 9.104860953986645 20.89391118415764 1
    endloop
  endfacet
  facet normal -1 0 0
    outer loop
      vertex 9.722864732146263 20.995229968215735 1.2000000000000002
      vertex 9.722864732146263 21.11259974667004 1
      vertex 9.722864732146263 20.995229968215735 1
    endloop
  endfacet
  facet normal -0.14953416403872039 -0.988756559414521 0
    outer loop
      vertex 10.103777639567852 20.937622771944316 1.2000000000000002
      vertex 9.722864732146263 20.995229968215735 1
      vertex 10.103777639567852 20.937622771944316 1
    endloop
  endfacet
  facet normal 0 1 0
    outer loop
      vertex 9.722864732146263 21.11259974667004 1.2000000000000002
      vertex 10.909886553883553 21.11259974667004 1
      vertex 9.722864732146263 21.11259974667004 1
    endloop
  endfacet
  facet normal -0.14953416403872039 -0.988756559414521 0
    outer loop
      vertex 9.722864732146263 20.995229968215735 1.2000000000000002
      vertex 9.722864732146263 20.995229968215735 1
      vertex 10.103777639567852 20.937622771944316 1.2000000000000002
    endloop
  endfacet
  facet normal -1 0 0
    outer loop
      vertex 9.722864732146263 20.995229968215735 1.2000000000000002
      vertex 9.722864732146263 21.11259974667004 1.2000000000000002
      vertex 9.722864732146263 21.11259974667004 1
    endloop
  endfacet
  facet normal 0 0 1
    outer loop
      vertex 9.722864732146263 20.995229968215735 1.2000000000000002
      vertex 10.103777639567852 20.937622771944316 1.2000000000000002
      vertex 9.722864732146263 21.11259974667004 1.2000000000000002
    endloop
  endfacet
  facet normal 0 0 1
    outer loop
      vertex 9.722864732146263 21.11259974667004 1.2000000000000002
      vertex 10.103777639567852 20.937622771944316 1.2000000000000002
      vertex 10.528973646461964 20.937622771944316 1.2000000000000002
    endloop
  endfacet
  facet normal 0.9327989311322162 -0.360397217079426 0
    outer loop
      vertex 10.537228643894196 4.727248431529315 1.2000000000000002
      vertex 10.098008215427399 3.5904351411121205 1
      vertex 10.537228643894196 4.727248431529315 1
    endloop
  endfacet
  facet normal -0.9322305807848216 0.3618648148820137 0
    outer loop
      vertex 10.122609928250313 4.018588432456763 1.2000000000000002
      vertex 10.566747069358826 5.162767717029364 1
      vertex 10.122609928250313 4.018588432456763 1
    endloop
  endfacet
  facet normal -0.9358329256497222 -0.3524439462806557 0
    outer loop
      vertex 10.965363785624504 3.5904351411121205 1.2000000000000002
      vertex 10.537228643894196 4.727248431529315 1
      vertex 10.965363785624504 3.5904351411121205 1
    endloop
  endfacet
  facet normal 0 -1 0
    outer loop
      vertex 11.030569210648537 3.5904351411121205 1.2000000000000002
      vertex 10.965363785624504 3.5904351411121205 1
      vertex 11.030569210648537 3.5904351411121205 1
    endloop
  endfacet
  facet normal -0.9519540322914363 0.30624095154645015 0
    outer loop
      vertex 11.050254210829735 4.018588432456763 1.2000000000000002
      vertex 11.424269214272499 5.18121899792126 1
      vertex 11.050254210829735 4.018588432456763 1
    endloop
  endfacet
  facet normal 0.9471327685703458 -0.3208418905010253 0
    outer loop
      vertex 11.569448359310627 5.18121899792126 1.2000000000000002
      vertex 11.030569210648537 3.5904351411121205 1
      vertex 11.569448359310627 5.18121899792126 1
    endloop
  endfacet
  facet normal -0.9358329256497222 -0.3524439462806557 0
    outer loop
      vertex 10.537228643894196 4.727248431529315 1.2000000000000002
      vertex 10.537228643894196 4.727248431529315 1
      vertex 10.965363785624504 3.5904351411121205 1.2000000000000002
    endloop
  endfacet
  facet normal 0 0 1
    outer loop
      vertex 10.098008215427399 3.5904351411121205 1.2000000000000002
      vertex 10.537228643894196 4.727248431529315 1.2000000000000002
      vertex 10.122609928250313 4.018588432456763 1.2000000000000002
    endloop
  endfacet
  facet normal 0 0 1
    outer loop
      vertex 10.122609928250313 4.018588432456763 1.2000000000000002
      vertex 10.537228643894196 4.727248431529315 1.2000000000000002
      vertex 10.566747069358826 5.162767717029364 1.2000000000000002
    endloop
  endfacet
  facet normal 0 0 1
    outer loop
      vertex 10.537228643894196 4.727248431529315 1.2000000000000002
      vertex 10.965363785624504 3.5904351411121205 1.2000000000000002
      vertex 11.050254210829735 4.018588432456763 1.2000000000000002
    endloop
  endfacet
  facet normal 0 0 1
    outer loop
      vertex 10.537228643894196 4.727248431529315 1.2000000000000002
      vertex 11.050254210829735 4.018588432456763 1.2000000000000002
      vertex 10.566747069358826 5.162767717029364 1.2000000000000002
    endloop
  endfacet
  facet normal 0 -1 0
    outer loop
      vertex 10.965363785624504 3.5904351411121205 1.2000000000000002
      vertex 10.965363785624504 3.5904351411121205 1
      vertex 11.030569210648537 3.5904351411121205 1.2000000000000002
    endloop
  endfacet
  facet normal 0.9471327685703458 -0.3208418905010253 0
    outer loop
      vertex 11.030569210648537 3.5904351411121205 1.2000000000000002
      vertex 11.030569210648537 3.5904351411121205 1
      vertex 11.569448359310627 5.18121899792126 1.2000000000000002
    endloop
  endfacet
  facet normal 0.9365797787113286 0.3504544451266651 0
    outer loop
      vertex 10.622119069099426 5.162767717029364 1.2000000000000002
      vertex 11.050254210829735 4.018588432456763 1.2000000000000002
      vertex 11.050254210829735 4.018588432456763 1
    endloop
  endfacet
  facet normal 0 0 1
    outer loop
      vertex 10.965363785624504 3.5904351411121205 1.2000000000000002
      vertex 11.030569210648537 3.5904351411121205 1.2000000000000002
      vertex 11.569448359310627 5.18121899792126 1.2000000000000002
    endloop
  endfacet
  facet normal 0 0 1
    outer loop
      vertex 10.965363785624504 3.5904351411121205 1.2000000000000002
      vertex 11.569448359310627 5.18121899792126 1.2000000000000002
      vertex 11.050254210829735 4.018588432456763 1.2000000000000002
    endloop
  endfacet
  facet normal 0.9365797787113286 0.3504544451266651 0
    outer loop
      vertex 10.622119069099426 5.162767717029364 1.2000000000000002
      vertex 11.050254210829735 4.018588432456763 1
      vertex 10.622119069099426 5.162767717029364 1
    endloop
  endfacet
  facet normal 0 1 0
    outer loop
      vertex 10.566747069358826 5.162767717029364 1.2000000000000002
      vertex 10.622119069099426 5.162767717029364 1
      vertex 10.566747069358826 5.162767717029364 1
    endloop
  endfacet
  facet normal -1 0 0
    outer loop
      vertex 11.167148642241955 5.213223004128249 1.2000000000000002
      vertex 11.167148642241955 5.278428429152282 1
      vertex 11.167148642241955 5.213223004128249 1
    endloop
  endfacet
  facet normal -0.12351766041688016 -0.9923423741658622 0
    outer loop
      vertex 11.424269214272499 5.18121899792126 1.2000000000000002
      vertex 11.167148642241955 5.213223004128249 1
      vertex 11.424269214272499 5.18121899792126 1
    endloop
  endfacet
  facet normal 0 1 0
    outer loop
      vertex 11.167148642241955 5.278428429152282 1.2000000000000002
      vertex 11.713393785059452 5.278428429152282 1
      vertex 11.167148642241955 5.278428429152282 1
    endloop
  endfacet
  facet normal -0.9322305807848216 0.3618648148820137 0
    outer loop
      vertex 10.122609928250313 4.018588432456763 1.2000000000000002
      vertex 10.566747069358826 5.162767717029364 1.2000000000000002
      vertex 10.566747069358826 5.162767717029364 1
    endloop
  endfacet
  facet normal 0 1 0
    outer loop
      vertex 10.566747069358826 5.162767717029364 1.2000000000000002
      vertex 10.622119069099426 5.162767717029364 1.2000000000000002
      vertex 10.622119069099426 5.162767717029364 1
    endloop
  endfacet
  facet normal 0 0 1
    outer loop
      vertex 10.566747069358826 5.162767717029364 1.2000000000000002
      vertex 11.050254210829735 4.018588432456763 1.2000000000000002
      vertex 10.622119069099426 5.162767717029364 1.2000000000000002
    endloop
  endfacet
  facet normal -1 0 0
    outer loop
      vertex 11.167148642241955 5.213223004128249 1.2000000000000002
      vertex 11.167148642241955 5.278428429152282 1.2000000000000002
      vertex 11.167148642241955 5.278428429152282 1
    endloop
  endfacet
  facet normal -0.9519540322914363 0.30624095154645015 0
    outer loop
      vertex 11.050254210829735 4.018588432456763 1.2000000000000002
      vertex 11.424269214272499 5.18121899792126 1.2000000000000002
      vertex 11.424269214272499 5.18121899792126 1
    endloop
  endfacet
  facet normal -0.12351766041688016 -0.9923423741658622 0
    outer loop
      vertex 11.167148642241955 5.213223004128249 1.2000000000000002
      vertex 11.167148642241955 5.213223004128249 1
      vertex 11.424269214272499 5.18121899792126 1.2000000000000002
    endloop
  endfacet
  facet normal 0 0 1
    outer loop
      vertex 11.050254210829735 4.018588432456763 1.2000000000000002
      vertex 11.569448359310627 5.18121899792126 1.2000000000000002
      vertex 11.424269214272499 5.18121899792126 1.2000000000000002
    endloop
  endfacet
  facet normal 0 0 1
    outer loop
      vertex 11.167148642241955 5.213223004128249 1.2000000000000002
      vertex 11.424269214272499 5.18121899792126 1.2000000000000002
      vertex 11.167148642241955 5.278428429152282 1.2000000000000002
    endloop
  endfacet
  facet normal 0 0 1
    outer loop
      vertex 11.167148642241955 5.278428429152282 1.2000000000000002
      vertex 11.424269214272499 5.18121899792126 1.2000000000000002
      vertex 11.569448359310627 5.18121899792126 1.2000000000000002
    endloop
  endfacet
  facet normal 0 0 1
    outer loop
      vertex 11.167148642241955 5.278428429152282 1.2000000000000002
      vertex 11.569448359310627 5.18121899792126 1.2000000000000002
      vertex 11.713393785059452 5.278428429152282 1.2000000000000002
    endloop
  endfacet
  facet normal -1 0 0
    outer loop
      vertex 11.791063353419304 3.6285714296357945 1.2000000000000002
      vertex 11.791063353419304 3.693776854659827 1
      vertex 11.791063353419304 3.6285714296357945 1
    endloop
  endfacet
  facet normal -0.1550796232845237 0.9879019741056955 0
    outer loop
      vertex 11.791063353419304 3.693776854659827 1.2000000000000002
      vertex 12.002681642770767 3.726996430541785 1
      vertex 11.791063353419304 3.693776854659827 1
    endloop
  endfacet
  facet normal 0 -1 0
    outer loop
      vertex 12.353310503065586 3.6285714296357945 1.2000000000000002
      vertex 11.791063353419304 3.6285714296357945 1
      vertex 12.353310503065586 3.6285714296357945 1
    endloop
  endfacet
  facet normal -1 0 0
    outer loop
      vertex 12.002681642770767 3.726996430541785 1.2000000000000002
      vertex 12.002681642770767 5.18121899792126 1
      vertex 12.002681642770767 3.726996430541785 1
    endloop
  endfacet
  facet normal 1 0 0
    outer loop
      vertex 12.13185878843069 5.112330572094233 1.2000000000000002
      vertex 12.13185878843069 3.726996430541785 1
      vertex 12.13185878843069 5.112330572094233 1
    endloop
  endfacet
  facet normal 0.14834839590330104 0.988935161389723 0
    outer loop
      vertex 12.13185878843069 3.726996430541785 1.2000000000000002
      vertex 12.353310503065586 3.693776854659827 1
      vertex 12.13185878843069 3.726996430541785 1
    endloop
  endfacet
  facet normal 1 0 0
    outer loop
      vertex 12.353310503065586 3.693776854659827 1.2000000000000002
      vertex 12.353310503065586 3.6285714296357945 1
      vertex 12.353310503065586 3.693776854659827 1
    endloop
  endfacet
  facet normal -0.8247198483296493 -0.5655414854554175 0
    outer loop
      vertex 13.149328358471394 3.6285714296357945 1.2000000000000002
      vertex 12.13185878843069 5.112330572094233 1
      vertex 13.149328358471394 3.6285714296357945 1
    endloop
  endfacet
  facet normal -1 0 0
    outer loop
      vertex 11.791063353419304 3.6285714296357945 1.2000000000000002
      vertex 11.791063353419304 3.693776854659827 1.2000000000000002
      vertex 11.791063353419304 3.693776854659827 1
    endloop
  endfacet
  facet normal 0 -1 0
    outer loop
      vertex 11.791063353419304 3.6285714296357945 1.2000000000000002
      vertex 11.791063353419304 3.6285714296357945 1
      vertex 12.353310503065586 3.6285714296357945 1.2000000000000002
    endloop
  endfacet
  facet normal -0.1550796232845237 0.9879019741056955 0
    outer loop
      vertex 11.791063353419304 3.693776854659827 1.2000000000000002
      vertex 12.002681642770767 3.726996430541785 1.2000000000000002
      vertex 12.002681642770767 3.726996430541785 1
    endloop
  endfacet
  facet normal 0 0 1
    outer loop
      vertex 11.791063353419304 3.6285714296357945 1.2000000000000002
      vertex 12.002681642770767 3.726996430541785 1.2000000000000002
      vertex 11.791063353419304 3.693776854659827 1.2000000000000002
    endloop
  endfacet
  facet normal 0 0 1
    outer loop
      vertex 11.791063353419304 3.6285714296357945 1.2000000000000002
      vertex 12.353310503065586 3.6285714296357945 1.2000000000000002
      vertex 12.002681642770767 3.726996430541785 1.2000000000000002
    endloop
  endfacet
  facet normal 0 0 1
    outer loop
      vertex 12.002681642770767 3.726996430541785 1.2000000000000002
      vertex 12.353310503065586 3.6285714296357945 1.2000000000000002
      vertex 12.13185878843069 3.726996430541785 1.2000000000000002
    endloop
  endfacet
  facet normal 1 0 0
    outer loop
      vertex 12.13185878843069 3.726996430541785 1.2000000000000002
      vertex 12.13185878843069 3.726996430541785 1
      vertex 12.13185878843069 5.112330572094233 1.2000000000000002
    endloop
  endfacet
  facet normal -1 0 0
    outer loop
      vertex 12.002681642770767 3.726996430541785 1.2000000000000002
      vertex 12.002681642770767 5.18121899792126 1.2000000000000002
      vertex 12.002681642770767 5.18121899792126 1
    endloop
  endfacet
  facet normal 0 0 1
    outer loop
      vertex 12.002681642770767 3.726996430541785 1.2000000000000002
      vertex 12.13185878843069 3.726996430541785 1.2000000000000002
      vertex 12.13185878843069 5.112330572094233 1.2000000000000002
    endloop
  endfacet
  facet normal 0 0 1
    outer loop
      vertex 12.002681642770767 3.726996430541785 1.2000000000000002
      vertex 12.13185878843069 5.112330572094233 1.2000000000000002
      vertex 12.002681642770767 5.18121899792126 1.2000000000000002
    endloop
  endfacet
  facet normal 0.14834839590330104 0.988935161389723 0
    outer loop
      vertex 12.13185878843069 3.726996430541785 1.2000000000000002
      vertex 12.353310503065586 3.693776854659827 1.2000000000000002
      vertex 12.353310503065586 3.693776854659827 1
    endloop
  endfacet
  facet normal 1 0 0
    outer loop
      vertex 12.353310503065586 3.6285714296357945 1.2000000000000002
      vertex 12.353310503065586 3.6285714296357945 1
      vertex 12.353310503065586 3.693776854659827 1.2000000000000002
    endloop
  endfacet
  facet normal 0 0 1
    outer loop
      vertex 12.13185878843069 3.726996430541785 1.2000000000000002
      vertex 12.353310503065586 3.6285714296357945 1.2000000000000002
      vertex 12.353310503065586 3.693776854659827 1.2000000000000002
    endloop
  endfacet
  facet normal -0.8247198483296493 -0.5655414854554175 0
    outer loop
      vertex 12.13185878843069 5.112330572094233 1.2000000000000002
      vertex 12.13185878843069 5.112330572094233 1
      vertex 13.149328358471394 3.6285714296357945 1.2000000000000002
    endloop
  endfacet
  facet normal 0.21703471907889105 -0.9761638851721297 0
    outer loop
      vertex 11.713393785059452 5.213223004128249 1.2000000000000002
      vertex 11.569448359310627 5.18121899792126 1
      vertex 11.713393785059452 5.213223004128249 1
    endloop
  endfacet
  facet normal 1 0 0
    outer loop
      vertex 11.713393785059452 5.278428429152282 1.2000000000000002
      vertex 11.713393785059452 5.213223004128249 1
      vertex 11.713393785059452 5.278428429152282 1
    endloop
  endfacet
  facet normal -1 0 0
    outer loop
      vertex 11.791063353419304 5.213223004128249 1.2000000000000002
      vertex 11.791063353419304 5.278428429152282 1
      vertex 11.791063353419304 5.213223004128249 1
    endloop
  endfacet
  facet normal -0.14953419670656112 -0.9887565544740139 0
    outer loop
      vertex 12.002681642770767 5.18121899792126 1.2000000000000002
      vertex 11.791063353419304 5.213223004128249 1
      vertex 12.002681642770767 5.18121899792126 1
    endloop
  endfacet
  facet normal 0 1 0
    outer loop
      vertex 11.791063353419304 5.278428429152282 1.2000000000000002
      vertex 12.290572501718998 5.278428429152282 1
      vertex 11.791063353419304 5.278428429152282 1
    endloop
  endfacet
  facet normal 0.8212128117239231 0.5706220446674737 0
    outer loop
      vertex 12.290572501718998 5.278428429152282 1.2000000000000002
      vertex 13.139476783573627 4.0567247135298565 1
      vertex 12.290572501718998 5.278428429152282 1
    endloop
  endfacet
  facet normal 0 1 0
    outer loop
      vertex 11.167148642241955 5.278428429152282 1.2000000000000002
      vertex 11.713393785059452 5.278428429152282 1.2000000000000002
      vertex 11.713393785059452 5.278428429152282 1
    endloop
  endfacet
  facet normal 0.21703471907889105 -0.9761638851721297 0
    outer loop
      vertex 11.569448359310627 5.18121899792126 1.2000000000000002
      vertex 11.569448359310627 5.18121899792126 1
      vertex 11.713393785059452 5.213223004128249 1.2000000000000002
    endloop
  endfacet
  facet normal 1 0 0
    outer loop
      vertex 11.713393785059452 5.213223004128249 1.2000000000000002
      vertex 11.713393785059452 5.213223004128249 1
      vertex 11.713393785059452 5.278428429152282 1.2000000000000002
    endloop
  endfacet
  facet normal -1 0 0
    outer loop
      vertex 11.791063353419304 5.213223004128249 1.2000000000000002
      vertex 11.791063353419304 5.278428429152282 1.2000000000000002
      vertex 11.791063353419304 5.278428429152282 1
    endloop
  endfacet
  facet normal -0.14953419670656112 -0.9887565544740139 0
    outer loop
      vertex 11.791063353419304 5.213223004128249 1.2000000000000002
      vertex 11.791063353419304 5.213223004128249 1
      vertex 12.002681642770767 5.18121899792126 1.2000000000000002
    endloop
  endfacet
  facet normal 0 1 0
    outer loop
      vertex 11.791063353419304 5.278428429152282 1.2000000000000002
      vertex 12.290572501718998 5.278428429152282 1.2000000000000002
      vertex 12.290572501718998 5.278428429152282 1
    endloop
  endfacet
  facet normal 0 0 1
    outer loop
      vertex 11.569448359310627 5.18121899792126 1.2000000000000002
      vertex 11.713393785059452 5.213223004128249 1.2000000000000002
      vertex 11.713393785059452 5.278428429152282 1.2000000000000002
    endloop
  endfacet
  facet normal 0 0 1
    outer loop
      vertex 11.791063353419304 5.213223004128249 1.2000000000000002
      vertex 12.002681642770767 5.18121899792126 1.2000000000000002
      vertex 11.791063353419304 5.278428429152282 1.2000000000000002
    endloop
  endfacet
  facet normal 0 0 1
    outer loop
      vertex 11.791063353419304 5.278428429152282 1.2000000000000002
      vertex 12.002681642770767 5.18121899792126 1.2000000000000002
      vertex 12.290572501718998 5.278428429152282 1.2000000000000002
    endloop
  endfacet
  facet normal 0 0 1
    outer loop
      vertex 12.002681642770767 5.18121899792126 1.2000000000000002
      vertex 12.13185878843069 5.112330572094233 1.2000000000000002
      vertex 12.290572501718998 5.278428429152282 1.2000000000000002
    endloop
  endfacet
  facet normal 0 0 1
    outer loop
      vertex 12.13185878843069 5.112330572094233 1.2000000000000002
      vertex 13.139476783573627 4.0567247135298565 1.2000000000000002
      vertex 12.290572501718998 5.278428429152282 1.2000000000000002
    endloop
  endfacet
  facet normal 0 -1 0
    outer loop
      vertex 13.268672071397305 3.6285714296357945 1.2000000000000002
      vertex 13.149328358471394 3.6285714296357945 1
      vertex 13.268672071397305 3.6285714296357945 1
    endloop
  endfacet
  facet normal -1 0 0
    outer loop
      vertex 13.139476783573627 4.0567247135298565 1.2000000000000002
      vertex 13.139476783573627 5.18121899792126 1
      vertex 13.139476783573627 4.0567247135298565 1
    endloop
  endfacet
  facet normal 1 0 0
    outer loop
      vertex 13.268672071397305 5.18121899792126 1.2000000000000002
      vertex 13.268672071397305 3.6285714296357945 1
      vertex 13.268672071397305 5.18121899792126 1
    endloop
  endfacet
  facet normal -1 0 0
    outer loop
      vertex 13.610810071229935 3.6285714296357945 1.2000000000000002
      vertex 13.610810071229935 3.693776854659827 1
      vertex 13.610810071229935 3.6285714296357945 1
    endloop
  endfacet
  facet normal -0.1550796232845237 0.9879019741056955 0
    outer loop
      vertex 13.610810071229935 3.693776854659827 1.2000000000000002
      vertex 13.822428360581398 3.726996430541785 1
      vertex 13.610810071229935 3.693776854659827 1
    endloop
  endfacet
  facet normal 0 -1 0
    outer loop
      vertex 14.173057213425636 3.6285714296357945 1.2000000000000002
      vertex 13.610810071229935 3.6285714296357945 1
      vertex 14.173057213425636 3.6285714296357945 1
    endloop
  endfacet
  facet normal 0.14834839590330104 0.988935161389723 0
    outer loop
      vertex 13.951605498790741 3.726996430541785 1.2000000000000002
      vertex 14.173057213425636 3.693776854659827 1
      vertex 13.951605498790741 3.726996430541785 1
    endloop
  endfacet
  facet normal -1 0 0
    outer loop
      vertex 13.822428360581398 3.726996430541785 1.2000000000000002
      vertex 13.822428360581398 5.18121899792126 1
      vertex 13.822428360581398 3.726996430541785 1
    endloop
  endfacet
  facet normal 1 0 0
    outer loop
      vertex 13.951605498790741 5.112330572094233 1.2000000000000002
      vertex 13.951605498790741 3.726996430541785 1
      vertex 13.951605498790741 5.112330572094233 1
    endloop
  endfacet
  facet normal 0 -1 0
    outer loop
      vertex 13.149328358471394 3.6285714296357945 1.2000000000000002
      vertex 13.149328358471394 3.6285714296357945 1
      vertex 13.268672071397305 3.6285714296357945 1.2000000000000002
    endloop
  endfacet
  facet normal 0.8212128117239231 0.5706220446674737 0
    outer loop
      vertex 12.290572501718998 5.278428429152282 1.2000000000000002
      vertex 13.139476783573627 4.0567247135298565 1.2000000000000002
      vertex 13.139476783573627 4.0567247135298565 1
    endloop
  endfacet
  facet normal 1 0 0
    outer loop
      vertex 13.268672071397305 3.6285714296357945 1.2000000000000002
      vertex 13.268672071397305 3.6285714296357945 1
      vertex 13.268672071397305 5.18121899792126 1.2000000000000002
    endloop
  endfacet
  facet normal 0 0 1
    outer loop
      vertex 12.13185878843069 5.112330572094233 1.2000000000000002
      vertex 13.149328358471394 3.6285714296357945 1.2000000000000002
      vertex 13.268672071397305 3.6285714296357945 1.2000000000000002
    endloop
  endfacet
  facet normal 0 0 1
    outer loop
      vertex 12.13185878843069 5.112330572094233 1.2000000000000002
      vertex 13.268672071397305 3.6285714296357945 1.2000000000000002
      vertex 13.139476783573627 4.0567247135298565 1.2000000000000002
    endloop
  endfacet
  facet normal 0 0 1
    outer loop
      vertex 13.139476783573627 4.0567247135298565 1.2000000000000002
      vertex 13.268672071397305 3.6285714296357945 1.2000000000000002
      vertex 13.268672071397305 5.18121899792126 1.2000000000000002
    endloop
  endfacet
  facet normal -1 0 0
    outer loop
      vertex 13.610810071229935 3.6285714296357945 1.2000000000000002
      vertex 13.610810071229935 3.693776854659827 1.2000000000000002
      vertex 13.610810071229935 3.693776854659827 1
    endloop
  endfacet
  facet normal -0.1550796232845237 0.9879019741056955 0
    outer loop
      vertex 13.610810071229935 3.693776854659827 1.2000000000000002
      vertex 13.822428360581398 3.726996430541785 1.2000000000000002
      vertex 13.822428360581398 3.726996430541785 1
    endloop
  endfacet
  facet normal 0 -1 0
    outer loop
      vertex 13.610810071229935 3.6285714296357945 1.2000000000000002
      vertex 13.610810071229935 3.6285714296357945 1
      vertex 14.173057213425636 3.6285714296357945 1.2000000000000002
    endloop
  endfacet
  facet normal 0 0 1
    outer loop
      vertex 13.610810071229935 3.6285714296357945 1.2000000000000002
      vertex 13.822428360581398 3.726996430541785 1.2000000000000002
      vertex 13.610810071229935 3.693776854659827 1.2000000000000002
    endloop
  endfacet
  facet normal 0 0 1
    outer loop
      vertex 13.610810071229935 3.6285714296357945 1.2000000000000002
      vertex 14.173057213425636 3.6285714296357945 1.2000000000000002
      vertex 13.822428360581398 3.726996430541785 1.2000000000000002
    endloop
  endfacet
  facet normal 0 0 1
    outer loop
      vertex 13.822428360581398 3.726996430541785 1.2000000000000002
      vertex 14.173057213425636 3.6285714296357945 1.2000000000000002
      vertex 13.951605498790741 3.726996430541785 1.2000000000000002
    endloop
  endfacet
  facet normal 1 0 0
    outer loop
      vertex 13.951605498790741 3.726996430541785 1.2000000000000002
      vertex 13.951605498790741 3.726996430541785 1
      vertex 13.951605498790741 5.112330572094233 1.2000000000000002
    endloop
  endfacet
  facet normal -1 0 0
    outer loop
      vertex 13.822428360581398 3.726996430541785 1.2000000000000002
      vertex 13.822428360581398 5.18121899792126 1.2000000000000002
      vertex 13.822428360581398 5.18121899792126 1
    endloop
  endfacet
  facet normal 0 0 1
    outer loop
      vertex 13.822428360581398 3.726996430541785 1.2000000000000002
      vertex 13.951605498790741 3.726996430541785 1.2000000000000002
      vertex 13.951605498790741 5.112330572094233 1.2000000000000002
    endloop
  endfacet
  facet normal 0 0 1
    outer loop
      vertex 13.822428360581398 3.726996430541785 1.2000000000000002
      vertex 13.951605498790741 5.112330572094233 1.2000000000000002
      vertex 13.822428360581398 5.18121899792126 1.2000000000000002
    endloop
  endfacet
  facet normal -1 0 0
    outer loop
      vertex 12.918025068938732 5.213223004128249 1.2000000000000002
      vertex 12.918025068938732 5.278428429152282 1
      vertex 12.918025068938732 5.213223004128249 1
    endloop
  endfacet
  facet normal -0.143033156368482 -0.9897178972713737 0
    outer loop
      vertex 13.139476783573627 5.18121899792126 1.2000000000000002
      vertex 12.918025068938732 5.213223004128249 1
      vertex 13.139476783573627 5.18121899792126 1
    endloop
  endfacet
  facet normal 0 1 0
    outer loop
      vertex 12.918025068938732 5.278428429152282 1.2000000000000002
      vertex 13.480290360748768 5.278428429152282 1
      vertex 12.918025068938732 5.278428429152282 1
    endloop
  endfacet
  facet normal 0.14953419670656112 -0.9887565544740139 0
    outer loop
      vertex 13.480290360748768 5.213223004128249 1.2000000000000002
      vertex 13.268672071397305 5.18121899792126 1
      vertex 13.480290360748768 5.213223004128249 1
    endloop
  endfacet
  facet normal 1 0 0
    outer loop
      vertex 13.480290360748768 5.278428429152282 1.2000000000000002
      vertex 13.480290360748768 5.213223004128249 1
      vertex 13.480290360748768 5.278428429152282 1
    endloop
  endfacet
  facet normal -1 0 0
    outer loop
      vertex 13.610810071229935 5.213223004128249 1.2000000000000002
      vertex 13.610810071229935 5.278428429152282 1
      vertex 13.610810071229935 5.213223004128249 1
    endloop
  endfacet
  facet normal -0.14953419670656112 -0.9887565544740139 0
    outer loop
      vertex 13.822428360581398 5.18121899792126 1.2000000000000002
      vertex 13.610810071229935 5.213223004128249 1
      vertex 13.822428360581398 5.18121899792126 1
    endloop
  endfacet
  facet normal 0 1 0
    outer loop
      vertex 13.610810071229935 5.278428429152282 1.2000000000000002
      vertex 14.110319212079048 5.278428429152282 1
      vertex 13.610810071229935 5.278428429152282 1
    endloop
  endfacet
  facet normal -1 0 0
    outer loop
      vertex 12.918025068938732 5.213223004128249 1.2000000000000002
      vertex 12.918025068938732 5.278428429152282 1.2000000000000002
      vertex 12.918025068938732 5.278428429152282 1
    endloop
  endfacet
  facet normal -0.143033156368482 -0.9897178972713737 0
    outer loop
      vertex 12.918025068938732 5.213223004128249 1.2000000000000002
      vertex 12.918025068938732 5.213223004128249 1
      vertex 13.139476783573627 5.18121899792126 1.2000000000000002
    endloop
  endfacet
  facet normal -1 0 0
    outer loop
      vertex 13.139476783573627 4.0567247135298565 1.2000000000000002
      vertex 13.139476783573627 5.18121899792126 1.2000000000000002
      vertex 13.139476783573627 5.18121899792126 1
    endloop
  endfacet
  facet normal 0 1 0
    outer loop
      vertex 12.918025068938732 5.278428429152282 1.2000000000000002
      vertex 13.480290360748768 5.278428429152282 1.2000000000000002
      vertex 13.480290360748768 5.278428429152282 1
    endloop
  endfacet
  facet normal 0.14953419670656112 -0.9887565544740139 0
    outer loop
      vertex 13.268672071397305 5.18121899792126 1.2000000000000002
      vertex 13.268672071397305 5.18121899792126 1
      vertex 13.480290360748768 5.213223004128249 1.2000000000000002
    endloop
  endfacet
  facet normal 0 0 1
    outer loop
      vertex 12.918025068938732 5.213223004128249 1.2000000000000002
      vertex 13.139476783573627 5.18121899792126 1.2000000000000002
      vertex 12.918025068938732 5.278428429152282 1.2000000000000002
    endloop
  endfacet
  facet normal 0 0 1
    outer loop
      vertex 12.918025068938732 5.278428429152282 1.2000000000000002
      vertex 13.139476783573627 5.18121899792126 1.2000000000000002
      vertex 13.268672071397305 5.18121899792126 1.2000000000000002
    endloop
  endfacet
  facet normal 0 0 1
    outer loop
      vertex 13.139476783573627 4.0567247135298565 1.2000000000000002
      vertex 13.268672071397305 5.18121899792126 1.2000000000000002
      vertex 13.139476783573627 5.18121899792126 1.2000000000000002
    endloop
  endfacet
  facet normal 0 0 1
    outer loop
      vertex 12.918025068938732 5.278428429152282 1.2000000000000002
      vertex 13.268672071397305 5.18121899792126 1.2000000000000002
      vertex 13.480290360748768 5.278428429152282 1.2000000000000002
    endloop
  endfacet
  facet normal 0 0 1
    outer loop
      vertex 13.268672071397305 5.18121899792126 1.2000000000000002
      vertex 13.480290360748768 5.213223004128249 1.2000000000000002
      vertex 13.480290360748768 5.278428429152282 1.2000000000000002
    endloop
  endfacet
  facet normal 1 0 0
    outer loop
      vertex 13.480290360748768 5.213223004128249 1.2000000000000002
      vertex 13.480290360748768 5.213223004128249 1
      vertex 13.480290360748768 5.278428429152282 1.2000000000000002
    endloop
  endfacet
  facet normal -1 0 0
    outer loop
      vertex 13.610810071229935 5.213223004128249 1.2000000000000002
      vertex 13.610810071229935 5.278428429152282 1.2000000000000002
      vertex 13.610810071229935 5.278428429152282 1
    endloop
  endfacet
  facet normal -0.14953419670656112 -0.9887565544740139 0
    outer loop
      vertex 13.610810071229935 5.213223004128249 1.2000000000000002
      vertex 13.610810071229935 5.213223004128249 1
      vertex 13.822428360581398 5.18121899792126 1.2000000000000002
    endloop
  endfacet
  facet normal 0 1 0
    outer loop
      vertex 13.610810071229935 5.278428429152282 1.2000000000000002
      vertex 14.110319212079048 5.278428429152282 1.2000000000000002
      vertex 14.110319212079048 5.278428429152282 1
    endloop
  endfacet
  facet normal 0 0 1
    outer loop
      vertex 13.610810071229935 5.213223004128249 1.2000000000000002
      vertex 13.822428360581398 5.18121899792126 1.2000000000000002
      vertex 13.610810071229935 5.278428429152282 1.2000000000000002
    endloop
  endfacet
  facet normal 0 0 1
    outer loop
      vertex 13.610810071229935 5.278428429152282 1.2000000000000002
      vertex 13.822428360581398 5.18121899792126 1.2000000000000002
      vertex 14.110319212079048 5.278428429152282 1.2000000000000002
    endloop
  endfacet
  facet normal 0 0 1
    outer loop
      vertex 13.822428360581398 5.18121899792126 1.2000000000000002
      vertex 13.951605498790741 5.112330572094233 1.2000000000000002
      vertex 14.110319212079048 5.278428429152282 1.2000000000000002
    endloop
  endfacet
  facet normal 1 0 0
    outer loop
      vertex 14.173057213425636 3.693776854659827 1.2000000000000002
      vertex 14.173057213425636 3.6285714296357945 1
      vertex 14.173057213425636 3.693776854659827 1
    endloop
  endfacet
  facet normal -0.8247198483296493 -0.5655414854554175 0
    outer loop
      vertex 14.969075068831444 3.6285714296357945 1.2000000000000002
      vertex 13.951605498790741 5.112330572094233 1
      vertex 14.969075068831444 3.6285714296357945 1
    endloop
  endfacet
  facet normal 0 -1 0
    outer loop
      vertex 15.088418789207935 3.6285714296357945 1.2000000000000002
      vertex 14.969075068831444 3.6285714296357945 1
      vertex 15.088418789207935 3.6285714296357945 1
    endloop
  endfacet
  facet normal -1 0 0
    outer loop
      vertex 14.959223501384258 4.0567247135298565 1.2000000000000002
      vertex 14.959223501384258 5.18121899792126 1
      vertex 14.959223501384258 4.0567247135298565 1
    endloop
  endfacet
  facet normal 1 0 0
    outer loop
      vertex 15.088418789207935 5.18121899792126 1.2000000000000002
      vertex 15.088418789207935 3.6285714296357945 1
      vertex 15.088418789207935 5.18121899792126 1
    endloop
  endfacet
  facet normal 1 0 0
    outer loop
      vertex 14.173057213425636 3.6285714296357945 1.2000000000000002
      vertex 14.173057213425636 3.6285714296357945 1
      vertex 14.173057213425636 3.693776854659827 1.2000000000000002
    endloop
  endfacet
  facet normal 0.14834839590330104 0.988935161389723 0
    outer loop
      vertex 13.951605498790741 3.726996430541785 1.2000000000000002
      vertex 14.173057213425636 3.693776854659827 1.2000000000000002
      vertex 14.173057213425636 3.693776854659827 1
    endloop
  endfacet
  facet normal 0 0 1
    outer loop
      vertex 13.951605498790741 3.726996430541785 1.2000000000000002
      vertex 14.173057213425636 3.6285714296357945 1.2000000000000002
      vertex 14.173057213425636 3.693776854659827 1.2000000000000002
    endloop
  endfacet
  facet normal -0.8247198483296493 -0.5655414854554175 0
    outer loop
      vertex 13.951605498790741 5.112330572094233 1.2000000000000002
      vertex 13.951605498790741 5.112330572094233 1
      vertex 14.969075068831444 3.6285714296357945 1.2000000000000002
    endloop
  endfacet
  facet normal 0.8212128093770793 0.5706220480449428 0
    outer loop
      vertex 14.959223501384258 4.0567247135298565 1.2000000000000002
      vertex 14.959223501384258 4.0567247135298565 1
      vertex 14.110319212079048 5.278428429152282 1.2000000000000002
    endloop
  endfacet
  facet normal 0 0 1
    outer loop
      vertex 13.951605498790741 5.112330572094233 1.2000000000000002
      vertex 14.969075068831444 3.6285714296357945 1.2000000000000002
      vertex 15.088418789207935 3.6285714296357945 1.2000000000000002
    endloop
  endfacet
  facet normal 0 0 1
    outer loop
      vertex 13.951605498790741 5.112330572094233 1.2000000000000002
      vertex 15.088418789207935 3.6285714296357945 1.2000000000000002
      vertex 14.959223501384258 4.0567247135298565 1.2000000000000002
    endloop
  endfacet
  facet normal 0 -1 0
    outer loop
      vertex 14.969075068831444 3.6285714296357945 1.2000000000000002
      vertex 14.969075068831444 3.6285714296357945 1
      vertex 15.088418789207935 3.6285714296357945 1.2000000000000002
    endloop
  endfacet
  facet normal 1 0 0
    outer loop
      vertex 15.088418789207935 3.6285714296357945 1.2000000000000002
      vertex 15.088418789207935 3.6285714296357945 1
      vertex 15.088418789207935 5.18121899792126 1.2000000000000002
    endloop
  endfacet
  facet normal 0 0 1
    outer loop
      vertex 15.088418789207935 3.6285714296357945 1.2000000000000002
      vertex 15.088418789207935 5.18121899792126 1.2000000000000002
      vertex 14.959223501384258 4.0567247135298565 1.2000000000000002
    endloop
  endfacet
  facet normal 0.8212128093770793 0.5706220480449428 0
    outer loop
      vertex 14.110319212079048 5.278428429152282 1.2000000000000002
      vertex 14.959223501384258 4.0567247135298565 1
      vertex 14.110319212079048 5.278428429152282 1
    endloop
  endfacet
  facet normal -1 0 0
    outer loop
      vertex 14.737771786749363 5.213223004128249 1.2000000000000002
      vertex 14.737771786749363 5.278428429152282 1
      vertex 14.737771786749363 5.213223004128249 1
    endloop
  endfacet
  facet normal -0.143033156368482 -0.9897178972713737 0
    outer loop
      vertex 14.959223501384258 5.18121899792126 1.2000000000000002
      vertex 14.737771786749363 5.213223004128249 1
      vertex 14.959223501384258 5.18121899792126 1
    endloop
  endfacet
  facet normal 0 1 0
    outer loop
      vertex 14.737771786749363 5.278428429152282 1.2000000000000002
      vertex 15.300037071108818 5.278428429152282 1
      vertex 14.737771786749363 5.278428429152282 1
    endloop
  endfacet
  facet normal 0.14953420185358526 -0.9887565536956057 0
    outer loop
      vertex 15.300037071108818 5.213223004128249 1.2000000000000002
      vertex 15.088418789207935 5.18121899792126 1
      vertex 15.300037071108818 5.213223004128249 1
    endloop
  endfacet
  facet normal 1 0 0
    outer loop
      vertex 15.300037071108818 5.278428429152282 1.2000000000000002
      vertex 15.300037071108818 5.213223004128249 1
      vertex 15.300037071108818 5.278428429152282 1
    endloop
  endfacet
  facet normal 0 0 1
    outer loop
      vertex 13.951605498790741 5.112330572094233 1.2000000000000002
      vertex 14.959223501384258 4.0567247135298565 1.2000000000000002
      vertex 14.110319212079048 5.278428429152282 1.2000000000000002
    endloop
  endfacet
  facet normal -1 0 0
    outer loop
      vertex 14.959223501384258 4.0567247135298565 1.2000000000000002
      vertex 14.959223501384258 5.18121899792126 1.2000000000000002
      vertex 14.959223501384258 5.18121899792126 1
    endloop
  endfacet
  facet normal -1 0 0
    outer loop
      vertex 14.737771786749363 5.213223004128249 1.2000000000000002
      vertex 14.737771786749363 5.278428429152282 1.2000000000000002
      vertex 14.737771786749363 5.278428429152282 1
    endloop
  endfacet
  facet normal -0.143033156368482 -0.9897178972713737 0
    outer loop
      vertex 14.737771786749363 5.213223004128249 1.2000000000000002
      vertex 14.737771786749363 5.213223004128249 1
      vertex 14.959223501384258 5.18121899792126 1.2000000000000002
    endloop
  endfacet
  facet normal 0 1 0
    outer loop
      vertex 14.737771786749363 5.278428429152282 1.2000000000000002
      vertex 15.300037071108818 5.278428429152282 1.2000000000000002
      vertex 15.300037071108818 5.278428429152282 1
    endloop
  endfacet
  facet normal 0.14953420185358526 -0.9887565536956057 0
    outer loop
      vertex 15.088418789207935 5.18121899792126 1.2000000000000002
      vertex 15.088418789207935 5.18121899792126 1
      vertex 15.300037071108818 5.213223004128249 1.2000000000000002
    endloop
  endfacet
  facet normal 1 0 0
    outer loop
      vertex 15.300037071108818 5.213223004128249 1.2000000000000002
      vertex 15.300037071108818 5.213223004128249 1
      vertex 15.300037071108818 5.278428429152282 1.2000000000000002
    endloop
  endfacet
  facet normal 0 0 1
    outer loop
      vertex 14.959223501384258 4.0567247135298565 1.2000000000000002
      vertex 15.088418789207935 5.18121899792126 1.2000000000000002
      vertex 14.959223501384258 5.18121899792126 1.2000000000000002
    endloop
  endfacet
  facet normal 0 0 1
    outer loop
      vertex 14.737771786749363 5.213223004128249 1.2000000000000002
      vertex 14.959223501384258 5.18121899792126 1.2000000000000002
      vertex 14.737771786749363 5.278428429152282 1.2000000000000002
    endloop
  endfacet
  facet normal 0 0 1
    outer loop
      vertex 14.737771786749363 5.278428429152282 1.2000000000000002
      vertex 14.959223501384258 5.18121899792126 1.2000000000000002
      vertex 15.088418789207935 5.18121899792126 1.2000000000000002
    endloop
  endfacet
  facet normal 0 0 1
    outer loop
      vertex 14.737771786749363 5.278428429152282 1.2000000000000002
      vertex 15.088418789207935 5.18121899792126 1.2000000000000002
      vertex 15.300037071108818 5.278428429152282 1.2000000000000002
    endloop
  endfacet
  facet normal 0 0 1
    outer loop
      vertex 15.088418789207935 5.18121899792126 1.2000000000000002
      vertex 15.300037071108818 5.213223004128249 1.2000000000000002
      vertex 15.300037071108818 5.278428429152282 1.2000000000000002
    endloop
  endfacet
  facet normal -1 0 0
    outer loop
      vertex 10.34104085713625 7.257142857994349 1.2000000000000002
      vertex 10.34104085713625 7.322348283018382 1
      vertex 10.34104085713625 7.257142857994349 1
    endloop
  endfacet
  facet normal -0.1550796232845237 0.9879019741056955 0
    outer loop
      vertex 10.34104085713625 7.322348283018382 1.2000000000000002
      vertex 10.552659146487713 7.35556785890034 1
      vertex 10.34104085713625 7.322348283018382 1
    endloop
  endfacet
  facet normal -1 0 0
    outer loop
      vertex 10.552659146487713 7.35556785890034 1.2000000000000002
      vertex 10.552659146487713 8.809790426279815 1
      vertex 10.552659146487713 7.35556785890034 1
    endloop
  endfacet
  facet normal 0 -1 0
    outer loop
      vertex 11.000497430562973 7.257142857994349 1.2000000000000002
      vertex 10.34104085713625 7.257142857994349 1
      vertex 11.000497430562973 7.257142857994349 1
    endloop
  endfacet
  facet normal 0.1550796232845237 0.9879019741056955 0
    outer loop
      vertex 10.78887914121151 7.35556785890034 1.2000000000000002
      vertex 11.000497430562973 7.322348283018382 1
      vertex 10.78887914121151 7.35556785890034 1
    endloop
  endfacet
  facet normal 1 0 0
    outer loop
      vertex 11.000497430562973 7.322348283018382 1.2000000000000002
      vertex 11.000497430562973 7.257142857994349 1
      vertex 11.000497430562973 7.322348283018382 1
    endloop
  endfacet
  facet normal -1 0 0
    outer loop
      vertex 11.180166140198708 7.257142857994349 1.2000000000000002
      vertex 11.180166140198708 7.322348283018382 1
      vertex 11.180166140198708 7.257142857994349 1
    endloop
  endfacet
  facet normal -0.1550796232845237 0.9879019741056955 0
    outer loop
      vertex 11.180166140198708 7.322348283018382 1.2000000000000002
      vertex 11.391784429550171 7.35556785890034 1
      vertex 11.180166140198708 7.322348283018382 1
    endloop
  endfacet
  facet normal -1 0 0
    outer loop
      vertex 11.391784429550171 7.35556785890034 1.2000000000000002
      vertex 11.391784429550171 8.809790426279815 1
      vertex 11.391784429550171 7.35556785890034 1
    endloop
  endfacet
  facet normal -1 0 0
    outer loop
      vertex 10.34104085713625 7.257142857994349 1.2000000000000002
      vertex 10.34104085713625 7.322348283018382 1.2000000000000002
      vertex 10.34104085713625 7.322348283018382 1
    endloop
  endfacet
  facet normal 0 -1 0
    outer loop
      vertex 10.34104085713625 7.257142857994349 1.2000000000000002
      vertex 10.34104085713625 7.257142857994349 1
      vertex 11.000497430562973 7.257142857994349 1.2000000000000002
    endloop
  endfacet
  facet normal -0.1550796232845237 0.9879019741056955 0
    outer loop
      vertex 10.34104085713625 7.322348283018382 1.2000000000000002
      vertex 10.552659146487713 7.35556785890034 1.2000000000000002
      vertex 10.552659146487713 7.35556785890034 1
    endloop
  endfacet
  facet normal 1 0 0
    outer loop
      vertex 10.78887914121151 7.35556785890034 1.2000000000000002
      vertex 10.78887914121151 7.35556785890034 1
      vertex 10.78887914121151 8.809790426279815 1.2000000000000002
    endloop
  endfacet
  facet normal 0 0 1
    outer loop
      vertex 10.34104085713625 7.257142857994349 1.2000000000000002
      vertex 10.552659146487713 7.35556785890034 1.2000000000000002
      vertex 10.34104085713625 7.322348283018382 1.2000000000000002
    endloop
  endfacet
  facet normal 0 0 1
    outer loop
      vertex 10.34104085713625 7.257142857994349 1.2000000000000002
      vertex 11.000497430562973 7.257142857994349 1.2000000000000002
      vertex 10.552659146487713 7.35556785890034 1.2000000000000002
    endloop
  endfacet
  facet normal 0 0 1
    outer loop
      vertex 10.552659146487713 7.35556785890034 1.2000000000000002
      vertex 11.000497430562973 7.257142857994349 1.2000000000000002
      vertex 10.78887914121151 7.35556785890034 1.2000000000000002
    endloop
  endfacet
  facet normal 0 0 1
    outer loop
      vertex 10.552659146487713 7.35556785890034 1.2000000000000002
      vertex 10.78887914121151 7.35556785890034 1.2000000000000002
      vertex 10.552659146487713 8.809790426279815 1.2000000000000002
    endloop
  endfacet
  facet normal 0.1550796232845237 0.9879019741056955 0
    outer loop
      vertex 10.78887914121151 7.35556785890034 1.2000000000000002
      vertex 11.000497430562973 7.322348283018382 1.2000000000000002
      vertex 11.000497430562973 7.322348283018382 1
    endloop
  endfacet
  facet normal 1 0 0
    outer loop
      vertex 11.000497430562973 7.257142857994349 1.2000000000000002
      vertex 11.000497430562973 7.257142857994349 1
      vertex 11.000497430562973 7.322348283018382 1.2000000000000002
    endloop
  endfacet
  facet normal -1 0 0
    outer loop
      vertex 11.180166140198708 7.257142857994349 1.2000000000000002
      vertex 11.180166140198708 7.322348283018382 1.2000000000000002
      vertex 11.180166140198708 7.322348283018382 1
    endloop
  endfacet
  facet normal -0.1550796232845237 0.9879019741056955 0
    outer loop
      vertex 11.180166140198708 7.322348283018382 1.2000000000000002
      vertex 11.391784429550171 7.35556785890034 1.2000000000000002
      vertex 11.391784429550171 7.35556785890034 1
    endloop
  endfacet
  facet normal 0 -1 0
    outer loop
      vertex 11.180166140198708 7.257142857994349 1.2000000000000002
      vertex 11.180166140198708 7.257142857994349 1
      vertex 11.839622713625431 7.257142857994349 1.2000000000000002
    endloop
  endfacet
  facet normal 0 0 1
    outer loop
      vertex 10.78887914121151 7.35556785890034 1.2000000000000002
      vertex 11.000497430562973 7.257142857994349 1.2000000000000002
      vertex 11.000497430562973 7.322348283018382 1.2000000000000002
    endloop
  endfacet
  facet normal 0 0 1
    outer loop
      vertex 11.180166140198708 7.257142857994349 1.2000000000000002
      vertex 11.391784429550171 7.35556785890034 1.2000000000000002
      vertex 11.180166140198708 7.322348283018382 1.2000000000000002
    endloop
  endfacet
  facet normal 0 0 1
    outer loop
      vertex 11.180166140198708 7.257142857994349 1.2000000000000002
      vertex 11.839622713625431 7.257142857994349 1.2000000000000002
      vertex 11.391784429550171 7.35556785890034 1.2000000000000002
    endloop
  endfacet
  facet normal 0 0 1
    outer loop
      vertex 11.391784429550171 7.35556785890034 1.2000000000000002
      vertex 11.628004431724548 7.35556785890034 1.2000000000000002
      vertex 11.391784429550171 8.809790426279815 1.2000000000000002
    endloop
  endfacet
  facet normal 1 0 0
    outer loop
      vertex 10.78887914121151 8.809790426279815 1.2000000000000002
      vertex 10.78887914121151 7.35556785890034 1
      vertex 10.78887914121151 8.809790426279815 1
    endloop
  endfacet
  facet normal -1 0 0
    outer loop
      vertex 10.34104085713625 8.841794432486804 1.2000000000000002
      vertex 10.34104085713625 8.906999857510836 1
      vertex 10.34104085713625 8.841794432486804 1
    endloop
  endfacet
  facet normal -0.14953419670656112 -0.9887565544740139 0
    outer loop
      vertex 10.552659146487713 8.809790426279815 1.2000000000000002
      vertex 10.34104085713625 8.841794432486804 1
      vertex 10.552659146487713 8.809790426279815 1
    endloop
  endfacet
  facet normal 0 1 0
    outer loop
      vertex 10.34104085713625 8.906999857510836 1.2000000000000002
      vertex 11.000497430562973 8.906999857510836 1
      vertex 10.34104085713625 8.906999857510836 1
    endloop
  endfacet
  facet normal 0.14953419670656112 -0.9887565544740139 0
    outer loop
      vertex 11.000497430562973 8.841794432486804 1.2000000000000002
      vertex 10.78887914121151 8.809790426279815 1
      vertex 11.000497430562973 8.841794432486804 1
    endloop
  endfacet
  facet normal 1 0 0
    outer loop
      vertex 11.000497430562973 8.906999857510836 1.2000000000000002
      vertex 11.000497430562973 8.841794432486804 1
      vertex 11.000497430562973 8.906999857510836 1
    endloop
  endfacet
  facet normal -1 0 0
    outer loop
      vertex 11.180166140198708 8.841794432486804 1.2000000000000002
      vertex 11.180166140198708 8.906999857510836 1
      vertex 11.180166140198708 8.841794432486804 1
    endloop
  endfacet
  facet normal -0.14953419670656112 -0.9887565544740139 0
    outer loop
      vertex 11.391784429550171 8.809790426279815 1.2000000000000002
      vertex 11.180166140198708 8.841794432486804 1
      vertex 11.391784429550171 8.809790426279815 1
    endloop
  endfacet
  facet normal 0 1 0
    outer loop
      vertex 11.180166140198708 8.906999857510836 1.2000000000000002
      vertex 11.839622713625431 8.906999857510836 1
      vertex 11.180166140198708 8.906999857510836 1
    endloop
  endfacet
  facet normal -1 0 0
    outer loop
      vertex 10.552659146487713 7.35556785890034 1.2000000000000002
      vertex 10.552659146487713 8.809790426279815 1.2000000000000002
      vertex 10.552659146487713 8.809790426279815 1
    endloop
  endfacet
  facet normal 0 0 1
    outer loop
      vertex 10.78887914121151 7.35556785890034 1.2000000000000002
      vertex 10.78887914121151 8.809790426279815 1.2000000000000002
      vertex 10.552659146487713 8.809790426279815 1.2000000000000002
    endloop
  endfacet
  facet normal -1 0 0
    outer loop
      vertex 10.34104085713625 8.841794432486804 1.2000000000000002
      vertex 10.34104085713625 8.906999857510836 1.2000000000000002
      vertex 10.34104085713625 8.906999857510836 1
    endloop
  endfacet
  facet normal -0.14953419670656112 -0.9887565544740139 0
    outer loop
      vertex 10.34104085713625 8.841794432486804 1.2000000000000002
      vertex 10.34104085713625 8.841794432486804 1
      vertex 10.552659146487713 8.809790426279815 1.2000000000000002
    endloop
  endfacet
  facet normal 0 1 0
    outer loop
      vertex 10.34104085713625 8.906999857510836 1.2000000000000002
      vertex 11.000497430562973 8.906999857510836 1.2000000000000002
      vertex 11.000497430562973 8.906999857510836 1
    endloop
  endfacet
  facet normal 0.14953419670656112 -0.9887565544740139 0
    outer loop
      vertex 10.78887914121151 8.809790426279815 1.2000000000000002
      vertex 10.78887914121151 8.809790426279815 1
      vertex 11.000497430562973 8.841794432486804 1.2000000000000002
    endloop
  endfacet
  facet normal 0 0 1
    outer loop
      vertex 10.34104085713625 8.841794432486804 1.2000000000000002
      vertex 10.552659146487713 8.809790426279815 1.2000000000000002
      vertex 10.34104085713625 8.906999857510836 1.2000000000000002
    endloop
  endfacet
  facet normal 0 0 1
    outer loop
      vertex 10.34104085713625 8.906999857510836 1.2000000000000002
      vertex 10.552659146487713 8.809790426279815 1.2000000000000002
      vertex 10.78887914121151 8.809790426279815 1.2000000000000002
    endloop
  endfacet
  facet normal 0 0 1
    outer loop
      vertex 10.34104085713625 8.906999857510836 1.2000000000000002
      vertex 10.78887914121151 8.809790426279815 1.2000000000000002
      vertex 11.000497430562973 8.906999857510836 1.2000000000000002
    endloop
  endfacet
  facet normal -1 0 0
    outer loop
      vertex 11.391784429550171 7.35556785890034 1.2000000000000002
      vertex 11.391784429550171 8.809790426279815 1.2000000000000002
      vertex 11.391784429550171 8.809790426279815 1
    endloop
  endfacet
  facet normal 1 0 0
    outer loop
      vertex 11.000497430562973 8.841794432486804 1.2000000000000002
      vertex 11.000497430562973 8.841794432486804 1
      vertex 11.000497430562973 8.906999857510836 1.2000000000000002
    endloop
  endfacet
  facet normal -1 0 0
    outer loop
      vertex 11.180166140198708 8.841794432486804 1.2000000000000002
      vertex 11.180166140198708 8.906999857510836 1.2000000000000002
      vertex 11.180166140198708 8.906999857510836 1
    endloop
  endfacet
  facet normal -0.14953419670656112 -0.9887565544740139 0
    outer loop
      vertex 11.180166140198708 8.841794432486804 1.2000000000000002
      vertex 11.180166140198708 8.841794432486804 1
      vertex 11.391784429550171 8.809790426279815 1.2000000000000002
    endloop
  endfacet
  facet normal 0 0 1
    outer loop
      vertex 10.78887914121151 8.809790426279815 1.2000000000000002
      vertex 11.000497430562973 8.841794432486804 1.2000000000000002
      vertex 11.000497430562973 8.906999857510836 1.2000000000000002
    endloop
  endfacet
  facet normal 0 0 1
    outer loop
      vertex 11.180166140198708 8.841794432486804 1.2000000000000002
      vertex 11.391784429550171 8.809790426279815 1.2000000000000002
      vertex 11.180166140198708 8.906999857510836 1.2000000000000002
    endloop
  endfacet
  facet normal 0 0 1
    outer loop
      vertex 11.180166140198708 8.906999857510836 1.2000000000000002
      vertex 11.391784429550171 8.809790426279815 1.2000000000000002
      vertex 11.839622713625431 8.906999857510836 1.2000000000000002
    endloop
  endfacet
  facet normal 0 -1 0
    outer loop
      vertex 11.839622713625431 7.257142857994349 1.2000000000000002
      vertex 11.180166140198708 7.257142857994349 1
      vertex 11.839622713625431 7.257142857994349 1
    endloop
  endfacet
  facet normal 1 0 0
    outer loop
      vertex 11.839622713625431 7.322348283018382 1.2000000000000002
      vertex 11.839622713625431 7.257142857994349 1
      vertex 11.839622713625431 7.322348283018382 1
    endloop
  endfacet
  facet normal 0.15507962861320046 0.9879019732692064 0
    outer loop
      vertex 11.628004431724548 7.35556785890034 1.2000000000000002
      vertex 11.839622713625431 7.322348283018382 1
      vertex 11.628004431724548 7.35556785890034 1
    endloop
  endfacet
  facet normal -1 0 0
    outer loop
      vertex 12.019291430711746 7.257142857994349 1.2000000000000002
      vertex 12.019291430711746 7.322348283018382 1
      vertex 12.019291430711746 7.257142857994349 1
    endloop
  endfacet
  facet normal -0.15507962861320046 0.9879019732692064 0
    outer loop
      vertex 12.019291430711746 7.322348283018382 1.2000000000000002
      vertex 12.230909712612629 7.35556785890034 1
      vertex 12.019291430711746 7.322348283018382 1
    endloop
  endfacet
  facet normal 0 -1 0
    outer loop
      vertex 12.678747996687889 7.257142857994349 1.2000000000000002
      vertex 12.019291430711746 7.257142857994349 1
      vertex 12.678747996687889 7.257142857994349 1
    endloop
  endfacet
  facet normal -1 0 0
    outer loop
      vertex 12.230909712612629 7.35556785890034 1.2000000000000002
      vertex 12.230909712612629 8.809790426279815 1
      vertex 12.230909712612629 7.35556785890034 1
    endloop
  endfacet
  facet normal 1 0 0
    outer loop
      vertex 12.467129714787006 7.35556785890034 1.2000000000000002
      vertex 12.467129714787006 7.35556785890034 1
      vertex 12.467129714787006 8.809790426279815 1
    endloop
  endfacet
  facet normal 0.15507962861320046 0.9879019732692064 0
    outer loop
      vertex 12.467129714787006 7.35556785890034 1.2000000000000002
      vertex 12.678747996687889 7.322348283018382 1
      vertex 12.467129714787006 7.35556785890034 1
    endloop
  endfacet
  facet normal 1 0 0
    outer loop
      vertex 12.678747996687889 7.322348283018382 1.2000000000000002
      vertex 12.678747996687889 7.257142857994349 1
      vertex 12.678747996687889 7.322348283018382 1
    endloop
  endfacet
  facet normal 0.15507962861320046 0.9879019732692064 0
    outer loop
      vertex 11.628004431724548 7.35556785890034 1.2000000000000002
      vertex 11.839622713625431 7.322348283018382 1.2000000000000002
      vertex 11.839622713625431 7.322348283018382 1
    endloop
  endfacet
  facet normal 1 0 0
    outer loop
      vertex 11.839622713625431 7.257142857994349 1.2000000000000002
      vertex 11.839622713625431 7.257142857994349 1
      vertex 11.839622713625431 7.322348283018382 1.2000000000000002
    endloop
  endfacet
  facet normal 1 0 0
    outer loop
      vertex 11.628004431724548 7.35556785890034 1.2000000000000002
      vertex 11.628004431724548 7.35556785890034 1
      vertex 11.628004431724548 8.809790426279815 1.2000000000000002
    endloop
  endfacet
  facet normal -1 0 0
    outer loop
      vertex 12.019291430711746 7.257142857994349 1.2000000000000002
      vertex 12.019291430711746 7.322348283018382 1.2000000000000002
      vertex 12.019291430711746 7.322348283018382 1
    endloop
  endfacet
  facet normal -0.15507962861320046 0.9879019732692064 0
    outer loop
      vertex 12.019291430711746 7.322348283018382 1.2000000000000002
      vertex 12.230909712612629 7.35556785890034 1.2000000000000002
      vertex 12.230909712612629 7.35556785890034 1
    endloop
  endfacet
  facet normal 0 0 1
    outer loop
      vertex 11.391784429550171 7.35556785890034 1.2000000000000002
      vertex 11.839622713625431 7.257142857994349 1.2000000000000002
      vertex 11.628004431724548 7.35556785890034 1.2000000000000002
    endloop
  endfacet
  facet normal 0 0 1
    outer loop
      vertex 11.628004431724548 7.35556785890034 1.2000000000000002
      vertex 11.839622713625431 7.257142857994349 1.2000000000000002
      vertex 11.839622713625431 7.322348283018382 1.2000000000000002
    endloop
  endfacet
  facet normal 0 0 1
    outer loop
      vertex 12.019291430711746 7.257142857994349 1.2000000000000002
      vertex 12.230909712612629 7.35556785890034 1.2000000000000002
      vertex 12.019291430711746 7.322348283018382 1.2000000000000002
    endloop
  endfacet
  facet normal 0 -1 0
    outer loop
      vertex 12.019291430711746 7.257142857994349 1.2000000000000002
      vertex 12.019291430711746 7.257142857994349 1
      vertex 12.678747996687889 7.257142857994349 1.2000000000000002
    endloop
  endfacet
  facet normal 0.15507962861320046 0.9879019732692064 0
    outer loop
      vertex 12.467129714787006 7.35556785890034 1.2000000000000002
      vertex 12.678747996687889 7.322348283018382 1.2000000000000002
      vertex 12.678747996687889 7.322348283018382 1
    endloop
  endfacet
  facet normal 1 0 0
    outer loop
      vertex 12.678747996687889 7.257142857994349 1.2000000000000002
      vertex 12.678747996687889 7.257142857994349 1
      vertex 12.678747996687889 7.322348283018382 1.2000000000000002
    endloop
  endfacet
  facet normal 0 0 1
    outer loop
      vertex 12.019291430711746 7.257142857994349 1.2000000000000002
      vertex 12.678747996687889 7.257142857994349 1.2000000000000002
      vertex 12.230909712612629 7.35556785890034 1.2000000000000002
    endloop
  endfacet
  facet normal 0 0 1
    outer loop
      vertex 12.230909712612629 7.35556785890034 1.2000000000000002
      vertex 12.678747996687889 7.257142857994349 1.2000000000000002
      vertex 12.467129714787006 7.35556785890034 1.2000000000000002
    endloop
  endfacet
  facet normal 0 0 1
    outer loop
      vertex 12.230909712612629 7.35556785890034 1.2000000000000002
      vertex 12.467129714787006 7.35556785890034 1.2000000000000002
      vertex 12.230909712612629 8.809790426279815 1.2000000000000002
    endloop
  endfacet
  facet normal 0 0 1
    outer loop
      vertex 12.467129714787006 7.35556785890034 1.2000000000000002
      vertex 12.678747996687889 7.257142857994349 1.2000000000000002
      vertex 12.678747996687889 7.322348283018382 1.2000000000000002
    endloop
  endfacet
  facet normal 1 0 0
    outer loop
      vertex 11.628004431724548 8.809790426279815 1.2000000000000002
      vertex 11.628004431724548 7.35556785890034 1
      vertex 11.628004431724548 8.809790426279815 1
    endloop
  endfacet
  facet normal 0.14953420185358526 -0.9887565536956057 0
    outer loop
      vertex 11.839622713625431 8.841794432486804 1.2000000000000002
      vertex 11.628004431724548 8.809790426279815 1
      vertex 11.839622713625431 8.841794432486804 1
    endloop
  endfacet
  facet normal 1 0 0
    outer loop
      vertex 11.839622713625431 8.906999857510836 1.2000000000000002
      vertex 11.839622713625431 8.841794432486804 1
      vertex 11.839622713625431 8.906999857510836 1
    endloop
  endfacet
  facet normal -1 0 0
    outer loop
      vertex 12.019291430711746 8.841794432486804 1.2000000000000002
      vertex 12.019291430711746 8.906999857510836 1
      vertex 12.019291430711746 8.841794432486804 1
    endloop
  endfacet
  facet normal -0.14953420185358526 -0.9887565536956057 0
    outer loop
      vertex 12.230909712612629 8.809790426279815 1.2000000000000002
      vertex 12.019291430711746 8.841794432486804 1
      vertex 12.230909712612629 8.809790426279815 1
    endloop
  endfacet
  facet normal 0 1 0
    outer loop
      vertex 12.019291430711746 8.906999857510836 1.2000000000000002
      vertex 12.678747996687889 8.906999857510836 1
      vertex 12.019291430711746 8.906999857510836 1
    endloop
  endfacet
  facet normal 0.14953420185358526 -0.9887565536956057 0
    outer loop
      vertex 12.678747996687889 8.841794432486804 1.2000000000000002
      vertex 12.467129714787006 8.809790426279815 1
      vertex 12.678747996687889 8.841794432486804 1
    endloop
  endfacet
  facet normal 1 0 0
    outer loop
      vertex 12.678747996687889 8.906999857510836 1.2000000000000002
      vertex 12.678747996687889 8.841794432486804 1
      vertex 12.678747996687889 8.906999857510836 1
    endloop
  endfacet
  facet normal 0 0 1
    outer loop
      vertex 11.628004431724548 7.35556785890034 1.2000000000000002
      vertex 11.628004431724548 8.809790426279815 1.2000000000000002
      vertex 11.391784429550171 8.809790426279815 1.2000000000000002
    endloop
  endfacet
  facet normal 0 1 0
    outer loop
      vertex 11.180166140198708 8.906999857510836 1.2000000000000002
      vertex 11.839622713625431 8.906999857510836 1.2000000000000002
      vertex 11.839622713625431 8.906999857510836 1
    endloop
  endfacet
  facet normal 0.14953420185358526 -0.9887565536956057 0
    outer loop
      vertex 11.628004431724548 8.809790426279815 1.2000000000000002
      vertex 11.628004431724548 8.809790426279815 1
      vertex 11.839622713625431 8.841794432486804 1.2000000000000002
    endloop
  endfacet
  facet normal 1 0 0
    outer loop
      vertex 11.839622713625431 8.841794432486804 1.2000000000000002
      vertex 11.839622713625431 8.841794432486804 1
      vertex 11.839622713625431 8.906999857510836 1.2000000000000002
    endloop
  endfacet
  facet normal -1 0 0
    outer loop
      vertex 12.019291430711746 8.841794432486804 1.2000000000000002
      vertex 12.019291430711746 8.906999857510836 1.2000000000000002
      vertex 12.019291430711746 8.906999857510836 1
    endloop
  endfacet
  facet normal -0.14953420185358526 -0.9887565536956057 0
    outer loop
      vertex 12.019291430711746 8.841794432486804 1.2000000000000002
      vertex 12.019291430711746 8.841794432486804 1
      vertex 12.230909712612629 8.809790426279815 1.2000000000000002
    endloop
  endfacet
  facet normal 0 0 1
    outer loop
      vertex 11.391784429550171 8.809790426279815 1.2000000000000002
      vertex 11.628004431724548 8.809790426279815 1.2000000000000002
      vertex 11.839622713625431 8.906999857510836 1.2000000000000002
    endloop
  endfacet
  facet normal 0 0 1
    outer loop
      vertex 11.628004431724548 8.809790426279815 1.2000000000000002
      vertex 11.839622713625431 8.841794432486804 1.2000000000000002
      vertex 11.839622713625431 8.906999857510836 1.2000000000000002
    endloop
  endfacet
  facet normal 0 0 1
    outer loop
      vertex 12.019291430711746 8.841794432486804 1.2000000000000002
      vertex 12.230909712612629 8.809790426279815 1.2000000000000002
      vertex 12.019291430711746 8.906999857510836 1.2000000000000002
    endloop
  endfacet
  facet normal -1 0 0
    outer loop
      vertex 12.230909712612629 7.35556785890034 1.2000000000000002
      vertex 12.230909712612629 8.809790426279815 1.2000000000000002
      vertex 12.230909712612629 8.809790426279815 1
    endloop
  endfacet
  facet normal 1 0 0
    outer loop
      vertex 12.467129714787006 7.35556785890034 1.2000000000000002
      vertex 12.467129714787006 8.809790426279815 1
      vertex 12.467129714787006 8.809790426279815 1.2000000000000002
    endloop
  endfacet
  facet normal 0 0 1
    outer loop
      vertex 12.467129714787006 7.35556785890034 1.2000000000000002
      vertex 12.467129714787006 8.809790426279815 1.2000000000000002
      vertex 12.230909712612629 8.809790426279815 1.2000000000000002
    endloop
  endfacet
  facet normal 0 1 0
    outer loop
      vertex 12.019291430711746 8.906999857510836 1.2000000000000002
      vertex 12.678747996687889 8.906999857510836 1.2000000000000002
      vertex 12.678747996687889 8.906999857510836 1
    endloop
  endfacet
  facet normal 0.14953420185358526 -0.9887565536956057 0
    outer loop
      vertex 12.467129714787006 8.809790426279815 1.2000000000000002
      vertex 12.467129714787006 8.809790426279815 1
      vertex 12.678747996687889 8.841794432486804 1.2000000000000002
    endloop
  endfacet
  facet normal 1 0 0
    outer loop
      vertex 12.678747996687889 8.841794432486804 1.2000000000000002
      vertex 12.678747996687889 8.841794432486804 1
      vertex 12.678747996687889 8.906999857510836 1.2000000000000002
    endloop
  endfacet
  facet normal 0 0 1
    outer loop
      vertex 12.019291430711746 8.906999857510836 1.2000000000000002
      vertex 12.230909712612629 8.809790426279815 1.2000000000000002
      vertex 12.467129714787006 8.809790426279815 1.2000000000000002
    endloop
  endfacet
  facet normal 0 0 1
    outer loop
      vertex 12.019291430711746 8.906999857510836 1.2000000000000002
      vertex 12.467129714787006 8.809790426279815 1.2000000000000002
      vertex 12.678747996687889 8.906999857510836 1.2000000000000002
    endloop
  endfacet
  facet normal 0 0 1
    outer loop
      vertex 12.467129714787006 8.809790426279815 1.2000000000000002
      vertex 12.678747996687889 8.841794432486804 1.2000000000000002
      vertex 12.678747996687889 8.906999857510836 1.2000000000000002
    endloop
  endfacet
  facet normal -0.5211469848986284 -0.8534669414400704 0
    outer loop
      vertex 10.845471248030663 10.915704430426867 1.2000000000000002
      vertex 10.577260859310627 11.0794800011175 1
      vertex 10.845471248030663 10.915704430426867 1
    endloop
  endfacet
  facet normal 0.6059529029143212 0.7955005213384257 0
    outer loop
      vertex 10.762426860630512 11.145302289511474 1.2000000000000002
      vertex 10.948976248502731 11.003202894117148 1
      vertex 10.762426860630512 11.145302289511474 1
    endloop
  endfacet
  facet normal 0.1821054903417665 0.9832789992608327 0
    outer loop
      vertex 10.948976248502731 11.003202894117148 1.2000000000000002
      vertex 11.204731568694115 10.955836431469233 1
      vertex 10.948976248502731 11.003202894117148 1
    endloop
  endfacet
  facet normal -0.1512469369206657 -0.9884960111564013 0
    outer loop
      vertex 11.20226414501667 10.86111257352999 1.2000000000000002
      vertex 10.845471248030663 10.915704430426867 1
      vertex 11.20226414501667 10.86111257352999 1
    endloop
  endfacet
  facet normal -0.06196662886931278 0.9980782218376338 0
    outer loop
      vertex 11.204731568694115 10.955836431469233 1.2000000000000002
      vertex 11.340979896485806 10.964295537556918 1
      vertex 11.204731568694115 10.955836431469233 1
    endloop
  endfacet
  facet normal 0.0642171165843565 -0.9979359508192854 0
    outer loop
      vertex 11.503376610577106 10.880489142026217 1.2000000000000002
      vertex 11.20226414501667 10.86111257352999 1
      vertex 11.503376610577106 10.880489142026217 1
    endloop
  endfacet
  facet normal -0.19410090876426547 0.980981568235044 0
    outer loop
      vertex 11.340979896485806 10.964295537556918 1.2000000000000002
      vertex 11.4692362844944 10.989672855819972 1
      vertex 11.340979896485806 10.964295537556918 1
    endloop
  endfacet
  facet normal -0.3345264756573585 0.9423863523440196 0
    outer loop
      vertex 11.4692362844944 10.989672855819972 1.2000000000000002
      vertex 11.580578997731209 11.029197075750144 1
      vertex 11.4692362844944 10.989672855819972 1
    endloop
  endfacet
  facet normal -0.5211469848986284 -0.8534669414400704 0
    outer loop
      vertex 10.577260859310627 11.0794800011175 1.2000000000000002
      vertex 10.577260859310627 11.0794800011175 1
      vertex 10.845471248030663 10.915704430426867 1.2000000000000002
    endloop
  endfacet
  facet normal 0.6059529029143212 0.7955005213384257 0
    outer loop
      vertex 10.762426860630512 11.145302289511474 1.2000000000000002
      vertex 10.948976248502731 11.003202894117148 1.2000000000000002
      vertex 10.948976248502731 11.003202894117148 1
    endloop
  endfacet
  facet normal 0 0 1
    outer loop
      vertex 10.577260859310627 11.0794800011175 1.2000000000000002
      vertex 10.845471248030663 10.915704430426867 1.2000000000000002
      vertex 10.762426860630512 11.145302289511474 1.2000000000000002
    endloop
  endfacet
  facet normal 0 0 1
    outer loop
      vertex 10.762426860630512 11.145302289511474 1.2000000000000002
      vertex 10.845471248030663 10.915704430426867 1.2000000000000002
      vertex 10.948976248502731 11.003202894117148 1.2000000000000002
    endloop
  endfacet
  facet normal -0.1512469369206657 -0.9884960111564013 0
    outer loop
      vertex 11.20226414501667 10.86111257352999 1.2000000000000002
      vertex 10.845471248030663 10.915704430426867 1.2000000000000002
      vertex 10.845471248030663 10.915704430426867 1
    endloop
  endfacet
  facet normal 0.1821054903417665 0.9832789992608327 0
    outer loop
      vertex 10.948976248502731 11.003202894117148 1.2000000000000002
      vertex 11.204731568694115 10.955836431469233 1.2000000000000002
      vertex 11.204731568694115 10.955836431469233 1
    endloop
  endfacet
  facet normal 0.0642171165843565 -0.9979359508192854 0
    outer loop
      vertex 11.20226414501667 10.86111257352999 1.2000000000000002
      vertex 11.20226414501667 10.86111257352999 1
      vertex 11.503376610577106 10.880489142026217 1.2000000000000002
    endloop
  endfacet
  facet normal -0.06196662886931278 0.9980782218376338 0
    outer loop
      vertex 11.204731568694115 10.955836431469233 1.2000000000000002
      vertex 11.340979896485806 10.964295537556918 1.2000000000000002
      vertex 11.340979896485806 10.964295537556918 1
    endloop
  endfacet
  facet normal -0.19410090876426547 0.980981568235044 0
    outer loop
      vertex 11.340979896485806 10.964295537556918 1.2000000000000002
      vertex 11.4692362844944 10.989672855819972 1.2000000000000002
      vertex 11.4692362844944 10.989672855819972 1
    endloop
  endfacet
  facet normal 0 0 1
    outer loop
      vertex 11.20226414501667 10.86111257352999 1.2000000000000002
      vertex 10.948976248502731 11.003202894117148 1.2000000000000002
      vertex 10.845471248030663 10.915704430426867 1.2000000000000002
    endloop
  endfacet
  facet normal 0 0 1
    outer loop
      vertex 11.20226414501667 10.86111257352999 1.2000000000000002
      vertex 11.204731568694115 10.955836431469233 1.2000000000000002
      vertex 10.948976248502731 11.003202894117148 1.2000000000000002
    endloop
  endfacet
  facet normal 0 0 1
    outer loop
      vertex 11.20226414501667 10.86111257352999 1.2000000000000002
      vertex 11.503376610577106 10.880489142026217 1.2000000000000002
      vertex 11.340979896485806 10.964295537556918 1.2000000000000002
    endloop
  endfacet
  facet normal 0 0 1
    outer loop
      vertex 11.20226414501667 10.86111257352999 1.2000000000000002
      vertex 11.340979896485806 10.964295537556918 1.2000000000000002
      vertex 11.204731568694115 10.955836431469233 1.2000000000000002
    endloop
  endfacet
  facet normal 0 0 1
    outer loop
      vertex 11.503376610577106 10.880489142026217 1.2000000000000002
      vertex 11.4692362844944 10.989672855819972 1.2000000000000002
      vertex 11.340979896485806 10.964295537556918 1.2000000000000002
    endloop
  endfacet
  facet normal 0 0 1
    outer loop
      vertex 11.503376610577106 10.880489142026217 1.2000000000000002
      vertex 11.580578997731209 11.029197075750144 1.2000000000000002
      vertex 11.4692362844944 10.989672855819972 1.2000000000000002
    endloop
  endfacet
  facet normal -0.9874404713049383 -0.157991504926947 0
    outer loop
      vertex 10.409321501851082 11.341694177474292 1.2000000000000002
      vertex 10.353341713547707 11.691565574492724 1
      vertex 10.409321501851082 11.341694177474292 1
    endloop
  endfacet
  facet normal -0.8420930511399761 -0.5393322660677421 0
    outer loop
      vertex 10.577260859310627 11.0794800011175 1.2000000000000002
      vertex 10.409321501851082 11.341694177474292 1
      vertex 10.577260859310627 11.0794800011175 1
    endloop
  endfacet
  facet normal -0.989794477863066 0.14250225118144907 0
    outer loop
      vertex 10.353341713547707 11.691565574492724 1.2000000000000002
      vertex 10.40716703236103 12.065426358367713 1
      vertex 10.353341713547707 11.691565574492724 1
    endloop
  endfacet
  facet normal 0.8975054443677024 0.4410033756450545 0
    outer loop
      vertex 10.648467034101486 11.377226964916499 1.2000000000000002
      vertex 10.762426860630512 11.145302289511474 1
      vertex 10.648467034101486 11.377226964916499 1
    endloop
  endfacet
  facet normal 0.9928880001782906 0.11905216966504518 0
    outer loop
      vertex 10.610480427742004 11.694032998170169 1.2000000000000002
      vertex 10.648467034101486 11.377226964916499 1
      vertex 10.610480427742004 11.694032998170169 1
    endloop
  endfacet
  facet normal -0.8584031489980861 0.5129756658850102 0
    outer loop
      vertex 10.40716703236103 12.065426358367713 1.2000000000000002
      vertex 10.568643003702164 12.335636997010024 1
      vertex 10.40716703236103 12.065426358367713 1
    endloop
  endfacet
  facet normal 0.9943155946021133 -0.10647299343517097 0
    outer loop
      vertex 10.646775215864182 12.032977857972892 1.2000000000000002
      vertex 10.610480427742004 11.694032998170169 1
      vertex 10.646775215864182 12.032977857972892 1
    endloop
  endfacet
  facet normal 0.9085786933945726 -0.4177137272216598 0
    outer loop
      vertex 10.755659572780132 12.26981471606663 1.2000000000000002
      vertex 10.646775215864182 12.032977857972892 1
      vertex 10.755659572780132 12.26981471606663 1
    endloop
  endfacet
  facet normal -0.5224779276725786 0.8526528104070072 0
    outer loop
      vertex 10.568643003702164 12.335636997010024 1.2000000000000002
      vertex 10.835937179625034 12.499426179911406 1
      vertex 10.568643003702164 12.335636997010024 1
    endloop
  endfacet
  facet normal 0.5955798792485176 -0.803296089517633 0
    outer loop
      vertex 10.943592354655266 12.40915186085871 1.2000000000000002
      vertex 10.755659572780132 12.26981471606663 1
      vertex 10.943592354655266 12.40915186085871 1
    endloop
  endfacet
  facet normal -0.14549851836132377 0.9893584694915487 0
    outer loop
      vertex 10.835937179625034 12.499426179911406 1.2000000000000002
      vertex 11.207180857658386 12.554022574211867 1
      vertex 10.835937179625034 12.499426179911406 1
    endloop
  endfacet
  facet normal 0.1674584799138452 -0.9858791292572048 0
    outer loop
      vertex 11.217032425105572 12.455597573305877 1.2000000000000002
      vertex 10.943592354655266 12.40915186085871 1
      vertex 11.217032425105572 12.455597573305877 1
    endloop
  endfacet
  facet normal -0.06166062914717463 -0.9980971730313509 0
    outer loop
      vertex 11.334062926471233 12.44836764165333 1.2000000000000002
      vertex 11.217032425105572 12.455597573305877 1
      vertex 11.334062926471233 12.44836764165333 1
    endloop
  endfacet
  facet normal 0.05873098817108971 0.9982738457099071 0
    outer loop
      vertex 11.207180857658386 12.554022574211867 1.2000000000000002
      vertex 11.473853640258312 12.538333536471637 1
      vertex 11.207180857658386 12.554022574211867 1
    endloop
  endfacet
  facet normal -0.1855393529306214 -0.9826368344989345 0
    outer loop
      vertex 11.44893442839384 12.426677854146273 1.2000000000000002
      vertex 11.334062926471233 12.44836764165333 1
      vertex 11.44893442839384 12.426677854146273 1
    endloop
  endfacet
  facet normal -0.31040101675283005 -0.9506057062730106 0
    outer loop
      vertex 11.5558230727911 12.391775534834178 1.2000000000000002
      vertex 11.44893442839384 12.426677854146273 1
      vertex 11.5558230727911 12.391775534834178 1
    endloop
  endfacet
  facet normal -0.8420930511399761 -0.5393322660677421 0
    outer loop
      vertex 10.409321501851082 11.341694177474292 1.2000000000000002
      vertex 10.409321501851082 11.341694177474292 1
      vertex 10.577260859310627 11.0794800011175 1.2000000000000002
    endloop
  endfacet
  facet normal -0.9874404713049383 -0.157991504926947 0
    outer loop
      vertex 10.409321501851082 11.341694177474292 1.2000000000000002
      vertex 10.353341713547707 11.691565574492724 1.2000000000000002
      vertex 10.353341713547707 11.691565574492724 1
    endloop
  endfacet
  facet normal 0.8975054443677024 0.4410033756450545 0
    outer loop
      vertex 10.762426860630512 11.145302289511474 1.2000000000000002
      vertex 10.762426860630512 11.145302289511474 1
      vertex 10.648467034101486 11.377226964916499 1.2000000000000002
    endloop
  endfacet
  facet normal 0.9928880001782906 0.11905216966504518 0
    outer loop
      vertex 10.648467034101486 11.377226964916499 1.2000000000000002
      vertex 10.648467034101486 11.377226964916499 1
      vertex 10.610480427742004 11.694032998170169 1.2000000000000002
    endloop
  endfacet
  facet normal 0.9943155946021133 -0.10647299343517097 0
    outer loop
      vertex 10.610480427742004 11.694032998170169 1.2000000000000002
      vertex 10.610480427742004 11.694032998170169 1
      vertex 10.646775215864182 12.032977857972892 1.2000000000000002
    endloop
  endfacet
  facet normal 0 0 1
    outer loop
      vertex 10.409321501851082 11.341694177474292 1.2000000000000002
      vertex 10.577260859310627 11.0794800011175 1.2000000000000002
      vertex 10.648467034101486 11.377226964916499 1.2000000000000002
    endloop
  endfacet
  facet normal 0 0 1
    outer loop
      vertex 10.409321501851082 11.341694177474292 1.2000000000000002
      vertex 10.648467034101486 11.377226964916499 1.2000000000000002
      vertex 10.610480427742004 11.694032998170169 1.2000000000000002
    endloop
  endfacet
  facet normal 0 0 1
    outer loop
      vertex 10.409321501851082 11.341694177474292 1.2000000000000002
      vertex 10.610480427742004 11.694032998170169 1.2000000000000002
      vertex 10.353341713547707 11.691565574492724 1.2000000000000002
    endloop
  endfacet
  facet normal 0 0 1
    outer loop
      vertex 10.353341713547707 11.691565574492724 1.2000000000000002
      vertex 10.610480427742004 11.694032998170169 1.2000000000000002
      vertex 10.40716703236103 12.065426358367713 1.2000000000000002
    endloop
  endfacet
  facet normal 0 0 1
    outer loop
      vertex 10.577260859310627 11.0794800011175 1.2000000000000002
      vertex 10.762426860630512 11.145302289511474 1.2000000000000002
      vertex 10.648467034101486 11.377226964916499 1.2000000000000002
    endloop
  endfacet
  facet normal -0.989794477863066 0.14250225118144907 0
    outer loop
      vertex 10.353341713547707 11.691565574492724 1.2000000000000002
      vertex 10.40716703236103 12.065426358367713 1.2000000000000002
      vertex 10.40716703236103 12.065426358367713 1
    endloop
  endfacet
  facet normal -0.8584031489980861 0.5129756658850102 0
    outer loop
      vertex 10.40716703236103 12.065426358367713 1.2000000000000002
      vertex 10.568643003702164 12.335636997010024 1.2000000000000002
      vertex 10.568643003702164 12.335636997010024 1
    endloop
  endfacet
  facet normal 0.9085786933945726 -0.4177137272216598 0
    outer loop
      vertex 10.646775215864182 12.032977857972892 1.2000000000000002
      vertex 10.646775215864182 12.032977857972892 1
      vertex 10.755659572780132 12.26981471606663 1.2000000000000002
    endloop
  endfacet
  facet normal -0.5224779276725786 0.8526528104070072 0
    outer loop
      vertex 10.568643003702164 12.335636997010024 1.2000000000000002
      vertex 10.835937179625034 12.499426179911406 1.2000000000000002
      vertex 10.835937179625034 12.499426179911406 1
    endloop
  endfacet
  facet normal 0.5955798792485176 -0.803296089517633 0
    outer loop
      vertex 10.755659572780132 12.26981471606663 1.2000000000000002
      vertex 10.755659572780132 12.26981471606663 1
      vertex 10.943592354655266 12.40915186085871 1.2000000000000002
    endloop
  endfacet
  facet normal 0 0 1
    outer loop
      vertex 10.40716703236103 12.065426358367713 1.2000000000000002
      vertex 10.610480427742004 11.694032998170169 1.2000000000000002
      vertex 10.646775215864182 12.032977857972892 1.2000000000000002
    endloop
  endfacet
  facet normal 0 0 1
    outer loop
      vertex 10.40716703236103 12.065426358367713 1.2000000000000002
      vertex 10.646775215864182 12.032977857972892 1.2000000000000002
      vertex 10.568643003702164 12.335636997010024 1.2000000000000002
    endloop
  endfacet
  facet normal 0 0 1
    outer loop
      vertex 10.646775215864182 12.032977857972892 1.2000000000000002
      vertex 10.755659572780132 12.26981471606663 1.2000000000000002
      vertex 10.568643003702164 12.335636997010024 1.2000000000000002
    endloop
  endfacet
  facet normal 0 0 1
    outer loop
      vertex 10.568643003702164 12.335636997010024 1.2000000000000002
      vertex 10.755659572780132 12.26981471606663 1.2000000000000002
      vertex 10.835937179625034 12.499426179911406 1.2000000000000002
    endloop
  endfacet
  facet normal 0 0 1
    outer loop
      vertex 10.755659572780132 12.26981471606663 1.2000000000000002
      vertex 10.943592354655266 12.40915186085871 1.2000000000000002
      vertex 10.835937179625034 12.499426179911406 1.2000000000000002
    endloop
  endfacet
  facet normal 0.1674584799138452 -0.9858791292572048 0
    outer loop
      vertex 10.943592354655266 12.40915186085871 1.2000000000000002
      vertex 10.943592354655266 12.40915186085871 1
      vertex 11.217032425105572 12.455597573305877 1.2000000000000002
    endloop
  endfacet
  facet normal -0.14549851836132377 0.9893584694915487 0
    outer loop
      vertex 10.835937179625034 12.499426179911406 1.2000000000000002
      vertex 11.207180857658386 12.554022574211867 1.2000000000000002
      vertex 11.207180857658386 12.554022574211867 1
    endloop
  endfacet
  facet normal -0.06166062914717463 -0.9980971730313509 0
    outer loop
      vertex 11.217032425105572 12.455597573305877 1.2000000000000002
      vertex 11.217032425105572 12.455597573305877 1
      vertex 11.334062926471233 12.44836764165333 1.2000000000000002
    endloop
  endfacet
  facet normal -0.1855393529306214 -0.9826368344989345 0
    outer loop
      vertex 11.334062926471233 12.44836764165333 1.2000000000000002
      vertex 11.334062926471233 12.44836764165333 1
      vertex 11.44893442839384 12.426677854146273 1.2000000000000002
    endloop
  endfacet
  facet normal -0.31040101675283005 -0.9506057062730106 0
    outer loop
      vertex 11.5558230727911 12.391775534834178 1.2000000000000002
      vertex 11.44893442839384 12.426677854146273 1.2000000000000002
      vertex 11.44893442839384 12.426677854146273 1
    endloop
  endfacet
  facet normal 0.05873098817108971 0.9982738457099071 0
    outer loop
      vertex 11.207180857658386 12.554022574211867 1.2000000000000002
      vertex 11.473853640258312 12.538333536471637 1.2000000000000002
      vertex 11.473853640258312 12.538333536471637 1
    endloop
  endfacet
  facet normal 0 0 1
    outer loop
      vertex 10.835937179625034 12.499426179911406 1.2000000000000002
      vertex 10.943592354655266 12.40915186085871 1.2000000000000002
      vertex 11.207180857658386 12.554022574211867 1.2000000000000002
    endloop
  endfacet
  facet normal 0 0 1
    outer loop
      vertex 10.943592354655266 12.40915186085871 1.2000000000000002
      vertex 11.217032425105572 12.455597573305877 1.2000000000000002
      vertex 11.207180857658386 12.554022574211867 1.2000000000000002
    endloop
  endfacet
  facet normal 0 0 1
    outer loop
      vertex 11.217032425105572 12.455597573305877 1.2000000000000002
      vertex 11.334062926471233 12.44836764165333 1.2000000000000002
      vertex 11.207180857658386 12.554022574211867 1.2000000000000002
    endloop
  endfacet
  facet normal 0 0 1
    outer loop
      vertex 11.207180857658386 12.554022574211867 1.2000000000000002
      vertex 11.334062926471233 12.44836764165333 1.2000000000000002
      vertex 11.473853640258312 12.538333536471637 1.2000000000000002
    endloop
  endfacet
  facet normal 0 0 1
    outer loop
      vertex 11.334062926471233 12.44836764165333 1.2000000000000002
      vertex 11.44893442839384 12.426677854146273 1.2000000000000002
      vertex 11.473853640258312 12.538333536471637 1.2000000000000002
    endloop
  endfacet
  facet normal 0 0 1
    outer loop
      vertex 11.5558230727911 12.391775534834178 1.2000000000000002
      vertex 11.473853640258312 12.538333536471637 1.2000000000000002
      vertex 11.44893442839384 12.426677854146273 1.2000000000000002
    endloop
  endfacet
  facet normal -0.5115030460592257 0.859281463707983 0
    outer loop
      vertex 11.580578997731209 11.029197075750144 1.2000000000000002
      vertex 11.666086286306381 11.08009685703686 1
      vertex 11.580578997731209 11.029197075750144 1
    endloop
  endfacet
  facet normal 0.20270287867613027 -0.9792402886811847 0
    outer loop
      vertex 11.78419628739357 10.93861885496548 1.2000000000000002
      vertex 11.503376610577106 10.880489142026217 1
      vertex 11.78419628739357 10.93861885496548 1
    endloop
  endfacet
  facet normal -1 0 0
    outer loop
      vertex 12.0193095728755 10.885714286352904 1.2000000000000002
      vertex 12.0193095728755 10.950919711376937 1
      vertex 12.0193095728755 10.885714286352904 1
    endloop
  endfacet
  facet normal -0.16742310857902717 0.9858851366735047 0
    outer loop
      vertex 12.0193095728755 10.950919711376937 1.2000000000000002
      vertex 12.214925855398178 10.984139287258895 1
      vertex 12.0193095728755 10.950919711376937 1
    endloop
  endfacet
  facet normal 0 -1 0
    outer loop
      vertex 12.714435003697872 10.885714286352904 1.2000000000000002
      vertex 12.0193095728755 10.885714286352904 1
      vertex 12.714435003697872 10.885714286352904 1
    endloop
  endfacet
  facet normal 0.12575903900219518 0.9920608167391979 0
    outer loop
      vertex 12.452379569411278 10.984139287258895 1.2000000000000002
      vertex 12.714435003697872 10.950919711376937 1
      vertex 12.452379569411278 10.984139287258895 1
    endloop
  endfacet
  facet normal 1 0 0
    outer loop
      vertex 12.714435003697872 10.950919711376937 1.2000000000000002
      vertex 12.714435003697872 10.885714286352904 1
      vertex 12.714435003697872 10.950919711376937 1
    endloop
  endfacet
  facet normal 0.20270287867613027 -0.9792402886811847 0
    outer loop
      vertex 11.503376610577106 10.880489142026217 1.2000000000000002
      vertex 11.503376610577106 10.880489142026217 1
      vertex 11.78419628739357 10.93861885496548 1.2000000000000002
    endloop
  endfacet
  facet normal -0.3345264756573585 0.9423863523440196 0
    outer loop
      vertex 11.4692362844944 10.989672855819972 1.2000000000000002
      vertex 11.580578997731209 11.029197075750144 1.2000000000000002
      vertex 11.580578997731209 11.029197075750144 1
    endloop
  endfacet
  facet normal -0.5115030460592257 0.859281463707983 0
    outer loop
      vertex 11.580578997731209 11.029197075750144 1.2000000000000002
      vertex 11.666086286306381 11.08009685703686 1.2000000000000002
      vertex 11.666086286306381 11.08009685703686 1
    endloop
  endfacet
  facet normal 0.9998185330491863 -0.01904995987851641 0
    outer loop
      vertex 11.78419628739357 10.93861885496548 1.2000000000000002
      vertex 11.78419628739357 10.93861885496548 1
      vertex 11.791580431163311 11.326168426658423 1.2000000000000002
    endloop
  endfacet
  facet normal -1 0 0
    outer loop
      vertex 12.0193095728755 10.885714286352904 1.2000000000000002
      vertex 12.0193095728755 10.950919711376937 1.2000000000000002
      vertex 12.0193095728755 10.950919711376937 1
    endloop
  endfacet
  facet normal -0.16742310857902717 0.9858851366735047 0
    outer loop
      vertex 12.0193095728755 10.950919711376937 1.2000000000000002
      vertex 12.214925855398178 10.984139287258895 1.2000000000000002
      vertex 12.214925855398178 10.984139287258895 1
    endloop
  endfacet
  facet normal 0 0 1
    outer loop
      vertex 11.503376610577106 10.880489142026217 1.2000000000000002
      vertex 11.78419628739357 10.93861885496548 1.2000000000000002
      vertex 11.580578997731209 11.029197075750144 1.2000000000000002
    endloop
  endfacet
  facet normal 0 0 1
    outer loop
      vertex 11.580578997731209 11.029197075750144 1.2000000000000002
      vertex 11.78419628739357 10.93861885496548 1.2000000000000002
      vertex 11.666086286306381 11.08009685703686 1.2000000000000002
    endloop
  endfacet
  facet normal 0 0 1
    outer loop
      vertex 12.0193095728755 10.885714286352904 1.2000000000000002
      vertex 12.214925855398178 10.984139287258895 1.2000000000000002
      vertex 12.0193095728755 10.950919711376937 1.2000000000000002
    endloop
  endfacet
  facet normal 0 -1 0
    outer loop
      vertex 12.0193095728755 10.885714286352904 1.2000000000000002
      vertex 12.0193095728755 10.885714286352904 1
      vertex 12.714435003697872 10.885714286352904 1.2000000000000002
    endloop
  endfacet
  facet normal 0.12575903900219518 0.9920608167391979 0
    outer loop
      vertex 12.452379569411278 10.984139287258895 1.2000000000000002
      vertex 12.714435003697872 10.950919711376937 1.2000000000000002
      vertex 12.714435003697872 10.950919711376937 1
    endloop
  endfacet
  facet normal 1 0 0
    outer loop
      vertex 12.714435003697872 10.885714286352904 1.2000000000000002
      vertex 12.714435003697872 10.885714286352904 1
      vertex 12.714435003697872 10.950919711376937 1.2000000000000002
    endloop
  endfacet
  facet normal 0 0 1
    outer loop
      vertex 12.0193095728755 10.885714286352904 1.2000000000000002
      vertex 12.452379569411278 10.984139287258895 1.2000000000000002
      vertex 12.214925855398178 10.984139287258895 1.2000000000000002
    endloop
  endfacet
  facet normal 0 0 1
    outer loop
      vertex 12.0193095728755 10.885714286352904 1.2000000000000002
      vertex 12.714435003697872 10.885714286352904 1.2000000000000002
      vertex 12.452379569411278 10.984139287258895 1.2000000000000002
    endloop
  endfacet
  facet normal 0 0 1
    outer loop
      vertex 12.452379569411278 10.984139287258895 1.2000000000000002
      vertex 12.714435003697872 10.885714286352904 1.2000000000000002
      vertex 12.714435003697872 10.950919711376937 1.2000000000000002
    endloop
  endfacet
  facet normal -0.9833166049965077 0.18190232087068514 0
    outer loop
      vertex 11.666086286306381 11.08009685703686 1.2000000000000002
      vertex 11.711606711149216 11.326168426658423 1
      vertex 11.666086286306381 11.08009685703686 1
    endloop
  endfacet
  facet normal 0.9998185330491863 -0.01904995987851641 0
    outer loop
      vertex 11.791580431163311 11.326168426658423 1.2000000000000002
      vertex 11.78419628739357 10.93861885496548 1
      vertex 11.791580431163311 11.326168426658423 1
    endloop
  endfacet
  facet normal 0 1 0
    outer loop
      vertex 11.711606711149216 11.326168426658423 1.2000000000000002
      vertex 11.791580431163311 11.326168426658423 1
      vertex 11.711606711149216 11.326168426658423 1
    endloop
  endfacet
  facet normal -0.9854668670560632 -0.16986775425226408 0
    outer loop
      vertex 11.68577128648758 12.130786002959521 1.2000000000000002
      vertex 11.648868717253208 12.344871715988429 1
      vertex 11.68577128648758 12.130786002959521 1
    endloop
  endfacet
  facet normal 0 -1 0
    outer loop
      vertex 11.766978710889816 12.130786002959521 1.2000000000000002
      vertex 11.68577128648758 12.130786002959521 1
      vertex 11.766978710889816 12.130786002959521 1
    endloop
  endfacet
  facet normal -0.4501363460774989 -0.8929598366891975 0
    outer loop
      vertex 11.648868717253208 12.344871715988429 1.2000000000000002
      vertex 11.5558230727911 12.391775534834178 1
      vertex 11.648868717253208 12.344871715988429 1
    endloop
  endfacet
  facet normal 0.16252934842501912 0.9867037097835087 0
    outer loop
      vertex 11.473853640258312 12.538333536471637 1.2000000000000002
      vertex 11.759594574570656 12.491266430701526 1
      vertex 11.473853640258312 12.538333536471637 1
    endloop
  endfacet
  facet normal 0.9997902657343251 0.020479857003597522 0
    outer loop
      vertex 11.759594574570656 12.491266430701526 1.2000000000000002
      vertex 11.766978710889816 12.130786002959521 1
      vertex 11.759594574570656 12.491266430701526 1
    endloop
  endfacet
  facet normal -1 0 0
    outer loop
      vertex 12.003307573497295 12.470365860845359 1.2000000000000002
      vertex 12.003307573497295 12.535571285869391 1
      vertex 12.003307573497295 12.470365860845359 1
    endloop
  endfacet
  facet normal -0.14953420185358526 -0.9887565536956057 0
    outer loop
      vertex 12.214925855398178 12.43836185463837 1.2000000000000002
      vertex 12.003307573497295 12.470365860845359 1
      vertex 12.214925855398178 12.43836185463837 1
    endloop
  endfacet
  facet normal -1 0 0
    outer loop
      vertex 12.214925855398178 10.984139287258895 1.2000000000000002
      vertex 12.214925855398178 12.43836185463837 1
      vertex 12.214925855398178 10.984139287258895 1
    endloop
  endfacet
  facet normal 1 0 0
    outer loop
      vertex 12.452379569411278 11.532851861204417 1.2000000000000002
      vertex 12.452379569411278 10.984139287258895 1
      vertex 12.452379569411278 11.532851861204417 1
    endloop
  endfacet
  facet normal 0 1 0
    outer loop
      vertex 12.452379569411278 11.643595860685618 1.2000000000000002
      vertex 12.580323003232479 11.643595860685618 1
      vertex 12.452379569411278 11.643595860685618 1
    endloop
  endfacet
  facet normal 0 -1 0
    outer loop
      vertex 12.63814428448677 11.532851861204417 1.2000000000000002
      vertex 12.452379569411278 11.532851861204417 1
      vertex 12.63814428448677 11.532851861204417 1
    endloop
  endfacet
  facet normal -0.1299413728951762 0.9915216788402141 0
    outer loop
      vertex 12.580323003232479 11.643595860685618 1.2000000000000002
      vertex 12.761021323502064 11.667276823307784 1
      vertex 12.580323003232479 11.643595860685618 1
    endloop
  endfacet
  facet normal 0.12884797667380674 -0.9916643579896708 0
    outer loop
      vertex 12.891441248357296 11.565762997950824 1.2000000000000002
      vertex 12.63814428448677 11.532851861204417 1
      vertex 12.891441248357296 11.565762997950824 1
    endloop
  endfacet
  facet normal -0.4903727390814467 0.8715128092952849 0
    outer loop
      vertex 12.761021323502064 11.667276823307784 1.2000000000000002
      vertex 12.887281998991966 11.738319718624862 1
      vertex 12.761021323502064 11.667276823307784 1
    endloop
  endfacet
  facet normal 1 0 0
    outer loop
      vertex 12.452379569411278 12.42482728638819 1.2000000000000002
      vertex 12.452379569411278 11.643595860685618 1
      vertex 12.452379569411278 12.42482728638819 1
    endloop
  endfacet
  facet normal 0 1 0
    outer loop
      vertex 12.003307573497295 12.535571285869391 1.2000000000000002
      vertex 12.625843428075314 12.535571285869391 1
      vertex 12.003307573497295 12.535571285869391 1
    endloop
  endfacet
  facet normal 0 -1 0
    outer loop
      vertex 12.572938859462738 12.42482728638819 1.2000000000000002
      vertex 12.452379569411278 12.42482728638819 1
      vertex 12.572938859462738 12.42482728638819 1
    endloop
  endfacet
  facet normal -0.11323947663308084 -0.9935677233746405 0
    outer loop
      vertex 12.764559179544449 12.402987824167521 1.2000000000000002
      vertex 12.572938859462738 12.42482728638819 1
      vertex 12.764559179544449 12.402987824167521 1
    endloop
  endfacet
  facet normal 0.2585167435087583 0.9660067770598852 0
    outer loop
      vertex 12.625843428075314 12.535571285869391 1.2000000000000002
      vertex 13.079832144081593 12.414077640857013 1
      vertex 12.625843428075314 12.535571285869391 1
    endloop
  endfacet
  facet normal -0.9833166049965077 0.18190232087068514 0
    outer loop
      vertex 11.666086286306381 11.08009685703686 1.2000000000000002
      vertex 11.711606711149216 11.326168426658423 1.2000000000000002
      vertex 11.711606711149216 11.326168426658423 1
    endloop
  endfacet
  facet normal 0 1 0
    outer loop
      vertex 11.711606711149216 11.326168426658423 1.2000000000000002
      vertex 11.791580431163311 11.326168426658423 1.2000000000000002
      vertex 11.791580431163311 11.326168426658423 1
    endloop
  endfacet
  facet normal 0 0 1
    outer loop
      vertex 11.666086286306381 11.08009685703686 1.2000000000000002
      vertex 11.78419628739357 10.93861885496548 1.2000000000000002
      vertex 11.791580431163311 11.326168426658423 1.2000000000000002
    endloop
  endfacet
  facet normal 0 0 1
    outer loop
      vertex 11.666086286306381 11.08009685703686 1.2000000000000002
      vertex 11.791580431163311 11.326168426658423 1.2000000000000002
      vertex 11.711606711149216 11.326168426658423 1.2000000000000002
    endloop
  endfacet
  facet normal -0.9854668670560632 -0.16986775425226408 0
    outer loop
      vertex 11.68577128648758 12.130786002959521 1.2000000000000002
      vertex 11.648868717253208 12.344871715988429 1.2000000000000002
      vertex 11.648868717253208 12.344871715988429 1
    endloop
  endfacet
  facet normal 0 -1 0
    outer loop
      vertex 11.68577128648758 12.130786002959521 1.2000000000000002
      vertex 11.68577128648758 12.130786002959521 1
      vertex 11.766978710889816 12.130786002959521 1.2000000000000002
    endloop
  endfacet
  facet normal 0.9997902657343251 0.020479857003597522 0
    outer loop
      vertex 11.766978710889816 12.130786002959521 1.2000000000000002
      vertex 11.766978710889816 12.130786002959521 1
      vertex 11.759594574570656 12.491266430701526 1.2000000000000002
    endloop
  endfacet
  facet normal -0.4501363460774989 -0.8929598366891975 0
    outer loop
      vertex 11.5558230727911 12.391775534834178 1.2000000000000002
      vertex 11.5558230727911 12.391775534834178 1
      vertex 11.648868717253208 12.344871715988429 1.2000000000000002
    endloop
  endfacet
  facet normal 0.16252934842501912 0.9867037097835087 0
    outer loop
      vertex 11.473853640258312 12.538333536471637 1.2000000000000002
      vertex 11.759594574570656 12.491266430701526 1.2000000000000002
      vertex 11.759594574570656 12.491266430701526 1
    endloop
  endfacet
  facet normal -1 0 0
    outer loop
      vertex 12.003307573497295 12.470365860845359 1.2000000000000002
      vertex 12.003307573497295 12.535571285869391 1.2000000000000002
      vertex 12.003307573497295 12.535571285869391 1
    endloop
  endfacet
  facet normal -0.14953420185358526 -0.9887565536956057 0
    outer loop
      vertex 12.003307573497295 12.470365860845359 1.2000000000000002
      vertex 12.003307573497295 12.470365860845359 1
      vertex 12.214925855398178 12.43836185463837 1.2000000000000002
    endloop
  endfacet
  facet normal 0 0 1
    outer loop
      vertex 11.68577128648758 12.130786002959521 1.2000000000000002
      vertex 11.766978710889816 12.130786002959521 1.2000000000000002
      vertex 11.648868717253208 12.344871715988429 1.2000000000000002
    endloop
  endfacet
  facet normal 0 0 1
    outer loop
      vertex 11.5558230727911 12.391775534834178 1.2000000000000002
      vertex 11.759594574570656 12.491266430701526 1.2000000000000002
      vertex 11.473853640258312 12.538333536471637 1.2000000000000002
    endloop
  endfacet
  facet normal 0 0 1
    outer loop
      vertex 11.5558230727911 12.391775534834178 1.2000000000000002
      vertex 11.648868717253208 12.344871715988429 1.2000000000000002
      vertex 11.759594574570656 12.491266430701526 1.2000000000000002
    endloop
  endfacet
  facet normal 0 0 1
    outer loop
      vertex 11.648868717253208 12.344871715988429 1.2000000000000002
      vertex 11.766978710889816 12.130786002959521 1.2000000000000002
      vertex 11.759594574570656 12.491266430701526 1.2000000000000002
    endloop
  endfacet
  facet normal 0 0 1
    outer loop
      vertex 12.003307573497295 12.470365860845359 1.2000000000000002
      vertex 12.214925855398178 12.43836185463837 1.2000000000000002
      vertex 12.003307573497295 12.535571285869391 1.2000000000000002
    endloop
  endfacet
  facet normal 1 0 0
    outer loop
      vertex 12.452379569411278 10.984139287258895 1.2000000000000002
      vertex 12.452379569411278 10.984139287258895 1
      vertex 12.452379569411278 11.532851861204417 1.2000000000000002
    endloop
  endfacet
  facet normal 1 0 0
    outer loop
      vertex 12.452379569411278 11.643595860685618 1.2000000000000002
      vertex 12.452379569411278 11.643595860685618 1
      vertex 12.452379569411278 12.42482728638819 1.2000000000000002
    endloop
  endfacet
  facet normal 0 -1 0
    outer loop
      vertex 12.452379569411278 11.532851861204417 1.2000000000000002
      vertex 12.452379569411278 11.532851861204417 1
      vertex 12.63814428448677 11.532851861204417 1.2000000000000002
    endloop
  endfacet
  facet normal 0 1 0
    outer loop
      vertex 12.452379569411278 11.643595860685618 1.2000000000000002
      vertex 12.580323003232479 11.643595860685618 1.2000000000000002
      vertex 12.580323003232479 11.643595860685618 1
    endloop
  endfacet
  facet normal 0.12884797667380674 -0.9916643579896708 0
    outer loop
      vertex 12.63814428448677 11.532851861204417 1.2000000000000002
      vertex 12.63814428448677 11.532851861204417 1
      vertex 12.891441248357296 11.565762997950824 1.2000000000000002
    endloop
  endfacet
  facet normal -0.1299413728951762 0.9915216788402141 0
    outer loop
      vertex 12.580323003232479 11.643595860685618 1.2000000000000002
      vertex 12.761021323502064 11.667276823307784 1.2000000000000002
      vertex 12.761021323502064 11.667276823307784 1
    endloop
  endfacet
  facet normal 0 0 1
    outer loop
      vertex 12.214925855398178 10.984139287258895 1.2000000000000002
      vertex 12.452379569411278 10.984139287258895 1.2000000000000002
      vertex 12.452379569411278 11.532851861204417 1.2000000000000002
    endloop
  endfacet
  facet normal 0 0 1
    outer loop
      vertex 12.214925855398178 10.984139287258895 1.2000000000000002
      vertex 12.452379569411278 11.532851861204417 1.2000000000000002
      vertex 12.452379569411278 11.643595860685618 1.2000000000000002
    endloop
  endfacet
  facet normal 0 0 1
    outer loop
      vertex 12.214925855398178 10.984139287258895 1.2000000000000002
      vertex 12.452379569411278 11.643595860685618 1.2000000000000002
      vertex 12.214925855398178 12.43836185463837 1.2000000000000002
    endloop
  endfacet
  facet normal 0 0 1
    outer loop
      vertex 12.452379569411278 11.532851861204417 1.2000000000000002
      vertex 12.580323003232479 11.643595860685618 1.2000000000000002
      vertex 12.452379569411278 11.643595860685618 1.2000000000000002
    endloop
  endfacet
  facet normal 0 0 1
    outer loop
      vertex 12.452379569411278 11.532851861204417 1.2000000000000002
      vertex 12.63814428448677 11.532851861204417 1.2000000000000002
      vertex 12.580323003232479 11.643595860685618 1.2000000000000002
    endloop
  endfacet
  facet normal 0 0 1
    outer loop
      vertex 12.63814428448677 11.532851861204417 1.2000000000000002
      vertex 12.761021323502064 11.667276823307784 1.2000000000000002
      vertex 12.580323003232479 11.643595860685618 1.2000000000000002
    endloop
  endfacet
  facet normal 0 0 1
    outer loop
      vertex 12.63814428448677 11.532851861204417 1.2000000000000002
      vertex 12.891441248357296 11.565762997950824 1.2000000000000002
      vertex 12.761021323502064 11.667276823307784 1.2000000000000002
    endloop
  endfacet
  facet normal -1 0 0
    outer loop
      vertex 12.214925855398178 10.984139287258895 1.2000000000000002
      vertex 12.214925855398178 12.43836185463837 1.2000000000000002
      vertex 12.214925855398178 12.43836185463837 1
    endloop
  endfacet
  facet normal 0 1 0
    outer loop
      vertex 12.003307573497295 12.535571285869391 1.2000000000000002
      vertex 12.625843428075314 12.535571285869391 1.2000000000000002
      vertex 12.625843428075314 12.535571285869391 1
    endloop
  endfacet
  facet normal 0 -1 0
    outer loop
      vertex 12.452379569411278 12.42482728638819 1.2000000000000002
      vertex 12.452379569411278 12.42482728638819 1
      vertex 12.572938859462738 12.42482728638819 1.2000000000000002
    endloop
  endfacet
  facet normal -0.11323947663308084 -0.9935677233746405 0
    outer loop
      vertex 12.572938859462738 12.42482728638819 1.2000000000000002
      vertex 12.572938859462738 12.42482728638819 1
      vertex 12.764559179544449 12.402987824167521 1.2000000000000002
    endloop
  endfacet
  facet normal -0.45841253276875926 -0.8887395286587242 0
    outer loop
      vertex 12.764559179544449 12.402987824167521 1.2000000000000002
      vertex 12.764559179544449 12.402987824167521 1
      vertex 12.891581855714321 12.337469430054934 1.2000000000000002
    endloop
  endfacet
  facet normal 0 0 1
    outer loop
      vertex 12.452379569411278 11.643595860685618 1.2000000000000002
      vertex 12.452379569411278 12.42482728638819 1.2000000000000002
      vertex 12.214925855398178 12.43836185463837 1.2000000000000002
    endloop
  endfacet
  facet normal 0 0 1
    outer loop
      vertex 12.003307573497295 12.535571285869391 1.2000000000000002
      vertex 12.214925855398178 12.43836185463837 1.2000000000000002
      vertex 12.625843428075314 12.535571285869391 1.2000000000000002
    endloop
  endfacet
  facet normal 0 0 1
    outer loop
      vertex 12.214925855398178 12.43836185463837 1.2000000000000002
      vertex 12.452379569411278 12.42482728638819 1.2000000000000002
      vertex 12.625843428075314 12.535571285869391 1.2000000000000002
    endloop
  endfacet
  facet normal 0 0 1
    outer loop
      vertex 12.452379569411278 12.42482728638819 1.2000000000000002
      vertex 12.572938859462738 12.42482728638819 1.2000000000000002
      vertex 12.625843428075314 12.535571285869391 1.2000000000000002
    endloop
  endfacet
  facet normal 0 0 1
    outer loop
      vertex 12.572938859462738 12.42482728638819 1.2000000000000002
      vertex 12.764559179544449 12.402987824167521 1.2000000000000002
      vertex 12.625843428075314 12.535571285869391 1.2000000000000002
    endloop
  endfacet
  facet normal -1 0 0
    outer loop
      vertex 13.404716283082962 10.885714286352904 1.2000000000000002
      vertex 13.404716283082962 10.950919711376937 1
      vertex 13.404716283082962 10.885714286352904 1
    endloop
  endfacet
  facet normal -0.1550796232845237 0.9879019741056955 0
    outer loop
      vertex 13.404716283082962 10.950919711376937 1.2000000000000002
      vertex 13.616334572434425 10.984139287258895 1
      vertex 13.404716283082962 10.950919711376937 1
    endloop
  endfacet
  facet normal 0 -1 0
    outer loop
      vertex 13.966963425278664 10.885714286352904 1.2000000000000002
      vertex 13.404716283082962 10.885714286352904 1
      vertex 13.966963425278664 10.885714286352904 1
    endloop
  endfacet
  facet normal 0.14834839590330104 0.988935161389723 0
    outer loop
      vertex 13.745511710643768 10.984139287258895 1.2000000000000002
      vertex 13.966963425278664 10.950919711376937 1
      vertex 13.745511710643768 10.984139287258895 1
    endloop
  endfacet
  facet normal 1 0 0
    outer loop
      vertex 13.966963425278664 10.950919711376937 1.2000000000000002
      vertex 13.966963425278664 10.885714286352904 1
      vertex 13.966963425278664 10.950919711376937 1
    endloop
  endfacet
  facet normal -1 0 0
    outer loop
      vertex 13.404716283082962 10.885714286352904 1.2000000000000002
      vertex 13.404716283082962 10.950919711376937 1.2000000000000002
      vertex 13.404716283082962 10.950919711376937 1
    endloop
  endfacet
  facet normal 0 -1 0
    outer loop
      vertex 13.404716283082962 10.885714286352904 1.2000000000000002
      vertex 13.404716283082962 10.885714286352904 1
      vertex 13.966963425278664 10.885714286352904 1.2000000000000002
    endloop
  endfacet
  facet normal -0.1550796232845237 0.9879019741056955 0
    outer loop
      vertex 13.404716283082962 10.950919711376937 1.2000000000000002
      vertex 13.616334572434425 10.984139287258895 1.2000000000000002
      vertex 13.616334572434425 10.984139287258895 1
    endloop
  endfacet
  facet normal 0.14834839590330104 0.988935161389723 0
    outer loop
      vertex 13.745511710643768 10.984139287258895 1.2000000000000002
      vertex 13.966963425278664 10.950919711376937 1.2000000000000002
      vertex 13.966963425278664 10.950919711376937 1
    endloop
  endfacet
  facet normal 1 0 0
    outer loop
      vertex 13.966963425278664 10.885714286352904 1.2000000000000002
      vertex 13.966963425278664 10.885714286352904 1
      vertex 13.966963425278664 10.950919711376937 1.2000000000000002
    endloop
  endfacet
  facet normal 0 0 1
    outer loop
      vertex 13.404716283082962 10.885714286352904 1.2000000000000002
      vertex 13.616334572434425 10.984139287258895 1.2000000000000002
      vertex 13.404716283082962 10.950919711376937 1.2000000000000002
    endloop
  endfacet
  facet normal 0 0 1
    outer loop
      vertex 13.404716283082962 10.885714286352904 1.2000000000000002
      vertex 13.966963425278664 10.885714286352904 1.2000000000000002
      vertex 13.616334572434425 10.984139287258895 1.2000000000000002
    endloop
  endfacet
  facet normal 0 0 1
    outer loop
      vertex 13.616334572434425 10.984139287258895 1.2000000000000002
      vertex 13.966963425278664 10.885714286352904 1.2000000000000002
      vertex 13.745511710643768 10.984139287258895 1.2000000000000002
    endloop
  endfacet
  facet normal 0 0 1
    outer loop
      vertex 13.745511710643768 10.984139287258895 1.2000000000000002
      vertex 13.966963425278664 10.885714286352904 1.2000000000000002
      vertex 13.966963425278664 10.950919711376937 1.2000000000000002
    endloop
  endfacet
  facet normal -0.8588969617612794 0.5121484248508859 0
    outer loop
      vertex 12.887281998991966 11.738319718624862 1.2000000000000002
      vertex 12.961563393473625 11.862893105830462 1
      vertex 12.887281998991966 11.738319718624862 1
    endloop
  endfacet
  facet normal 0.46780183157897554 -0.883833381566546 0
    outer loop
      vertex 13.077981568872929 11.664496430541785 1.2000000000000002
      vertex 12.891441248357296 11.565762997950824 1
      vertex 13.077981568872929 11.664496430541785 1
    endloop
  endfacet
  facet normal 0.8158674194605371 -0.5782390110177659 0
    outer loop
      vertex 13.192866675555706 11.826593787755282 1.2000000000000002
      vertex 13.077981568872929 11.664496430541785 1
      vertex 13.192866675555706 11.826593787755282 1
    endloop
  endfacet
  facet normal -0.9910894891713876 0.1331976893718424 0
    outer loop
      vertex 12.961563393473625 11.862893105830462 1.2000000000000002
      vertex 12.986323855817318 12.047129289593013 1
      vertex 12.961563393473625 11.862893105830462 1
    endloop
  endfacet
  facet normal -0.8532431615121754 -0.52151328586404 0
    outer loop
      vertex 12.962638355791569 12.221214534129412 1.2000000000000002
      vertex 12.891581855714321 12.337469430054934 1
      vertex 12.962638355791569 12.221214534129412 1
    endloop
  endfacet
  facet normal -0.990870811327814 -0.13481481839382334 0
    outer loop
      vertex 12.986323855817318 12.047129289593013 1.2000000000000002
      vertex 12.962638355791569 12.221214534129412 1
      vertex 12.986323855817318 12.047129289593013 1
    endloop
  endfacet
  facet normal 0.9235597197856338 0.3834546179008432 0
    outer loop
      vertex 13.079832144081593 12.414077640857013 1.2000000000000002
      vertex 13.231161713600159 12.049596713270457 1
      vertex 13.079832144081593 12.414077640857013 1
    endloop
  endfacet
  facet normal -0.45841253276875926 -0.8887395286587242 0
    outer loop
      vertex 12.891581855714321 12.337469430054934 1.2000000000000002
      vertex 12.764559179544449 12.402987824167521 1
      vertex 12.891581855714321 12.337469430054934 1
    endloop
  endfacet
  facet normal 0.9855736632601193 -0.16924702150415757 0
    outer loop
      vertex 13.231161713600159 12.049596713270457 1.2000000000000002
      vertex 13.192866675555706 11.826593787755282 1
      vertex 13.231161713600159 12.049596713270457 1
    endloop
  endfacet
  facet normal -1 0 0
    outer loop
      vertex 13.404716283082962 12.470365860845359 1.2000000000000002
      vertex 13.404716283082962 12.535571285869391 1
      vertex 13.404716283082962 12.470365860845359 1
    endloop
  endfacet
  facet normal -1 0 0
    outer loop
      vertex 13.616334572434425 12.43836185463837 1.2000000000000002
      vertex 13.616334572434425 12.43836185463837 1
      vertex 13.616334572434425 10.984139287258895 1
    endloop
  endfacet
  facet normal 1 0 0
    outer loop
      vertex 13.745511710643768 12.369473428811343 1.2000000000000002
      vertex 13.745511710643768 10.984139287258895 1
      vertex 13.745511710643768 12.369473428811343 1
    endloop
  endfacet
  facet normal -0.14953419670656112 -0.9887565544740139 0
    outer loop
      vertex 13.616334572434425 12.43836185463837 1.2000000000000002
      vertex 13.404716283082962 12.470365860845359 1
      vertex 13.616334572434425 12.43836185463837 1
    endloop
  endfacet
  facet normal 0 1 0
    outer loop
      vertex 13.404716283082962 12.535571285869391 1.2000000000000002
      vertex 13.904225431382656 12.535571285869391 1
      vertex 13.404716283082962 12.535571285869391 1
    endloop
  endfacet
  facet normal 0.46780183157897554 -0.883833381566546 0
    outer loop
      vertex 12.891441248357296 11.565762997950824 1.2000000000000002
      vertex 12.891441248357296 11.565762997950824 1
      vertex 13.077981568872929 11.664496430541785 1.2000000000000002
    endloop
  endfacet
  facet normal -0.4903727390814467 0.8715128092952849 0
    outer loop
      vertex 12.761021323502064 11.667276823307784 1.2000000000000002
      vertex 12.887281998991966 11.738319718624862 1.2000000000000002
      vertex 12.887281998991966 11.738319718624862 1
    endloop
  endfacet
  facet normal -0.8588969617612794 0.5121484248508859 0
    outer loop
      vertex 12.887281998991966 11.738319718624862 1.2000000000000002
      vertex 12.961563393473625 11.862893105830462 1.2000000000000002
      vertex 12.961563393473625 11.862893105830462 1
    endloop
  endfacet
  facet normal 0.8158674194605371 -0.5782390110177659 0
    outer loop
      vertex 13.077981568872929 11.664496430541785 1.2000000000000002
      vertex 13.077981568872929 11.664496430541785 1
      vertex 13.192866675555706 11.826593787755282 1.2000000000000002
    endloop
  endfacet
  facet normal 0.9855736632601193 -0.16924702150415757 0
    outer loop
      vertex 13.192866675555706 11.826593787755282 1.2000000000000002
      vertex 13.192866675555706 11.826593787755282 1
      vertex 13.231161713600159 12.049596713270457 1.2000000000000002
    endloop
  endfacet
  facet normal 0 0 1
    outer loop
      vertex 12.761021323502064 11.667276823307784 1.2000000000000002
      vertex 12.891441248357296 11.565762997950824 1.2000000000000002
      vertex 12.887281998991966 11.738319718624862 1.2000000000000002
    endloop
  endfacet
  facet normal 0 0 1
    outer loop
      vertex 12.891441248357296 11.565762997950824 1.2000000000000002
      vertex 13.077981568872929 11.664496430541785 1.2000000000000002
      vertex 12.887281998991966 11.738319718624862 1.2000000000000002
    endloop
  endfacet
  facet normal 0 0 1
    outer loop
      vertex 12.887281998991966 11.738319718624862 1.2000000000000002
      vertex 13.077981568872929 11.664496430541785 1.2000000000000002
      vertex 12.961563393473625 11.862893105830462 1.2000000000000002
    endloop
  endfacet
  facet normal 0 0 1
    outer loop
      vertex 12.961563393473625 11.862893105830462 1.2000000000000002
      vertex 13.077981568872929 11.664496430541785 1.2000000000000002
      vertex 13.192866675555706 11.826593787755282 1.2000000000000002
    endloop
  endfacet
  facet normal -0.990870811327814 -0.13481481839382334 0
    outer loop
      vertex 12.962638355791569 12.221214534129412 1.2000000000000002
      vertex 12.962638355791569 12.221214534129412 1
      vertex 12.986323855817318 12.047129289593013 1.2000000000000002
    endloop
  endfacet
  facet normal -0.8532431615121754 -0.52151328586404 0
    outer loop
      vertex 12.962638355791569 12.221214534129412 1.2000000000000002
      vertex 12.891581855714321 12.337469430054934 1.2000000000000002
      vertex 12.891581855714321 12.337469430054934 1
    endloop
  endfacet
  facet normal -0.9910894891713876 0.1331976893718424 0
    outer loop
      vertex 12.961563393473625 11.862893105830462 1.2000000000000002
      vertex 12.986323855817318 12.047129289593013 1.2000000000000002
      vertex 12.986323855817318 12.047129289593013 1
    endloop
  endfacet
  facet normal 0.2585167435087583 0.9660067770598852 0
    outer loop
      vertex 12.625843428075314 12.535571285869391 1.2000000000000002
      vertex 13.079832144081593 12.414077640857013 1.2000000000000002
      vertex 13.079832144081593 12.414077640857013 1
    endloop
  endfacet
  facet normal 0.9235597197856338 0.3834546179008432 0
    outer loop
      vertex 13.231161713600159 12.049596713270457 1.2000000000000002
      vertex 13.231161713600159 12.049596713270457 1
      vertex 13.079832144081593 12.414077640857013 1.2000000000000002
    endloop
  endfacet
  facet normal -1 0 0
    outer loop
      vertex 13.404716283082962 12.470365860845359 1.2000000000000002
      vertex 13.404716283082962 12.535571285869391 1.2000000000000002
      vertex 13.404716283082962 12.535571285869391 1
    endloop
  endfacet
  facet normal 0 0 1
    outer loop
      vertex 12.961563393473625 11.862893105830462 1.2000000000000002
      vertex 13.192866675555706 11.826593787755282 1.2000000000000002
      vertex 12.986323855817318 12.047129289593013 1.2000000000000002
    endloop
  endfacet
  facet normal 0 0 1
    outer loop
      vertex 12.962638355791569 12.221214534129412 1.2000000000000002
      vertex 12.986323855817318 12.047129289593013 1.2000000000000002
      vertex 13.231161713600159 12.049596713270457 1.2000000000000002
    endloop
  endfacet
  facet normal 0 0 1
    outer loop
      vertex 12.962638355791569 12.221214534129412 1.2000000000000002
      vertex 13.231161713600159 12.049596713270457 1.2000000000000002
      vertex 13.079832144081593 12.414077640857013 1.2000000000000002
    endloop
  endfacet
  facet normal 0 0 1
    outer loop
      vertex 12.625843428075314 12.535571285869391 1.2000000000000002
      vertex 12.764559179544449 12.402987824167521 1.2000000000000002
      vertex 13.079832144081593 12.414077640857013 1.2000000000000002
    endloop
  endfacet
  facet normal 0 0 1
    outer loop
      vertex 12.764559179544449 12.402987824167521 1.2000000000000002
      vertex 12.891581855714321 12.337469430054934 1.2000000000000002
      vertex 13.079832144081593 12.414077640857013 1.2000000000000002
    endloop
  endfacet
  facet normal 0 0 1
    outer loop
      vertex 12.962638355791569 12.221214534129412 1.2000000000000002
      vertex 13.079832144081593 12.414077640857013 1.2000000000000002
      vertex 12.891581855714321 12.337469430054934 1.2000000000000002
    endloop
  endfacet
  facet normal 0 0 1
    outer loop
      vertex 12.986323855817318 12.047129289593013 1.2000000000000002
      vertex 13.192866675555706 11.826593787755282 1.2000000000000002
      vertex 13.231161713600159 12.049596713270457 1.2000000000000002
    endloop
  endfacet
  facet normal -1 0 0
    outer loop
      vertex 13.616334572434425 10.984139287258895 1.2000000000000002
      vertex 13.616334572434425 12.43836185463837 1.2000000000000002
      vertex 13.616334572434425 10.984139287258895 1
    endloop
  endfacet
  facet normal 1 0 0
    outer loop
      vertex 13.745511710643768 10.984139287258895 1.2000000000000002
      vertex 13.745511710643768 10.984139287258895 1
      vertex 13.745511710643768 12.369473428811343 1.2000000000000002
    endloop
  endfacet
  facet normal -0.8247198463981076 -0.5655414882721529 0
    outer loop
      vertex 13.745511710643768 12.369473428811343 1.2000000000000002
      vertex 13.745511710643768 12.369473428811343 1
      vertex 14.762981288135052 10.885714286352904 1.2000000000000002
    endloop
  endfacet
  facet normal 0 0 1
    outer loop
      vertex 13.616334572434425 10.984139287258895 1.2000000000000002
      vertex 13.745511710643768 10.984139287258895 1.2000000000000002
      vertex 13.745511710643768 12.369473428811343 1.2000000000000002
    endloop
  endfacet
  facet normal -0.14953419670656112 -0.9887565544740139 0
    outer loop
      vertex 13.404716283082962 12.470365860845359 1.2000000000000002
      vertex 13.404716283082962 12.470365860845359 1
      vertex 13.616334572434425 12.43836185463837 1.2000000000000002
    endloop
  endfacet
  facet normal 0 1 0
    outer loop
      vertex 13.404716283082962 12.535571285869391 1.2000000000000002
      vertex 13.904225431382656 12.535571285869391 1.2000000000000002
      vertex 13.904225431382656 12.535571285869391 1
    endloop
  endfacet
  facet normal 0 0 1
    outer loop
      vertex 13.616334572434425 10.984139287258895 1.2000000000000002
      vertex 13.745511710643768 12.369473428811343 1.2000000000000002
      vertex 13.616334572434425 12.43836185463837 1.2000000000000002
    endloop
  endfacet
  facet normal 0 0 1
    outer loop
      vertex 13.404716283082962 12.470365860845359 1.2000000000000002
      vertex 13.616334572434425 12.43836185463837 1.2000000000000002
      vertex 13.404716283082962 12.535571285869391 1.2000000000000002
    endloop
  endfacet
  facet normal 0 0 1
    outer loop
      vertex 13.745511710643768 12.369473428811343 1.2000000000000002
      vertex 13.904225431382656 12.535571285869391 1.2000000000000002
      vertex 13.616334572434425 12.43836185463837 1.2000000000000002
    endloop
  endfacet
  facet normal 0 0 1
    outer loop
      vertex 13.404716283082962 12.535571285869391 1.2000000000000002
      vertex 13.616334572434425 12.43836185463837 1.2000000000000002
      vertex 13.904225431382656 12.535571285869391 1.2000000000000002
    endloop
  endfacet
  facet normal 0 -1 0
    outer loop
      vertex 14.882325001060963 10.885714286352904 1.2000000000000002
      vertex 14.762981288135052 10.885714286352904 1
      vertex 14.882325001060963 10.885714286352904 1
    endloop
  endfacet
  facet normal 0 -1 0
    outer loop
      vertex 14.762981288135052 10.885714286352904 1.2000000000000002
      vertex 14.762981288135052 10.885714286352904 1
      vertex 14.882325001060963 10.885714286352904 1.2000000000000002
    endloop
  endfacet
  facet normal -0.8247198463981076 -0.5655414882721529 0
    outer loop
      vertex 14.762981288135052 10.885714286352904 1.2000000000000002
      vertex 13.745511710643768 12.369473428811343 1
      vertex 14.762981288135052 10.885714286352904 1
    endloop
  endfacet
  facet normal 0.8212128117239231 0.5706220446674737 0
    outer loop
      vertex 13.904225431382656 12.535571285869391 1.2000000000000002
      vertex 14.753129713237286 11.313867570246966 1
      vertex 13.904225431382656 12.535571285869391 1
    endloop
  endfacet
  facet normal -1 0 0
    outer loop
      vertex 14.53167799860239 12.470365860845359 1.2000000000000002
      vertex 14.53167799860239 12.535571285869391 1
      vertex 14.53167799860239 12.470365860845359 1
    endloop
  endfacet
  facet normal -0.143033156368482 -0.9897178972713737 0
    outer loop
      vertex 14.753129713237286 12.43836185463837 1.2000000000000002
      vertex 14.53167799860239 12.470365860845359 1
      vertex 14.753129713237286 12.43836185463837 1
    endloop
  endfacet
  facet normal 0 1 0
    outer loop
      vertex 14.53167799860239 12.535571285869391 1.2000000000000002
      vertex 15.093943282961845 12.535571285869391 1
      vertex 14.53167799860239 12.535571285869391 1
    endloop
  endfacet
  facet normal -1 0 0
    outer loop
      vertex 14.753129713237286 11.313867570246966 1.2000000000000002
      vertex 14.753129713237286 12.43836185463837 1
      vertex 14.753129713237286 11.313867570246966 1
    endloop
  endfacet
  facet normal 1 0 0
    outer loop
      vertex 14.882325001060963 12.43836185463837 1.2000000000000002
      vertex 14.882325001060963 10.885714286352904 1
      vertex 14.882325001060963 12.43836185463837 1
    endloop
  endfacet
  facet normal 0.14953420185358526 -0.9887565536956057 0
    outer loop
      vertex 15.093943282961845 12.470365860845359 1.2000000000000002
      vertex 14.882325001060963 12.43836185463837 1
      vertex 15.093943282961845 12.470365860845359 1
    endloop
  endfacet
  facet normal 1 0 0
    outer loop
      vertex 15.093943282961845 12.535571285869391 1.2000000000000002
      vertex 15.093943282961845 12.470365860845359 1
      vertex 15.093943282961845 12.535571285869391 1
    endloop
  endfacet
  facet normal 0.8212128117239231 0.5706220446674737 0
    outer loop
      vertex 13.904225431382656 12.535571285869391 1.2000000000000002
      vertex 14.753129713237286 11.313867570246966 1.2000000000000002
      vertex 14.753129713237286 11.313867570246966 1
    endloop
  endfacet
  facet normal 0 0 1
    outer loop
      vertex 13.745511710643768 12.369473428811343 1.2000000000000002
      vertex 14.762981288135052 10.885714286352904 1.2000000000000002
      vertex 14.882325001060963 10.885714286352904 1.2000000000000002
    endloop
  endfacet
  facet normal 0 0 1
    outer loop
      vertex 13.745511710643768 12.369473428811343 1.2000000000000002
      vertex 14.882325001060963 10.885714286352904 1.2000000000000002
      vertex 14.753129713237286 11.313867570246966 1.2000000000000002
    endloop
  endfacet
  facet normal -1 0 0
    outer loop
      vertex 14.53167799860239 12.470365860845359 1.2000000000000002
      vertex 14.53167799860239 12.535571285869391 1.2000000000000002
      vertex 14.53167799860239 12.535571285869391 1
    endloop
  endfacet
  facet normal -0.143033156368482 -0.9897178972713737 0
    outer loop
      vertex 14.53167799860239 12.470365860845359 1.2000000000000002
      vertex 14.53167799860239 12.470365860845359 1
      vertex 14.753129713237286 12.43836185463837 1.2000000000000002
    endloop
  endfacet
  facet normal 0 0 1
    outer loop
      vertex 13.745511710643768 12.369473428811343 1.2000000000000002
      vertex 14.753129713237286 11.313867570246966 1.2000000000000002
      vertex 13.904225431382656 12.535571285869391 1.2000000000000002
    endloop
  endfacet
  facet normal 0 0 1
    outer loop
      vertex 14.53167799860239 12.470365860845359 1.2000000000000002
      vertex 14.753129713237286 12.43836185463837 1.2000000000000002
      vertex 14.53167799860239 12.535571285869391 1.2000000000000002
    endloop
  endfacet
  facet normal 0 0 1
    outer loop
      vertex 14.53167799860239 12.535571285869391 1.2000000000000002
      vertex 14.753129713237286 12.43836185463837 1.2000000000000002
      vertex 14.882325001060963 12.43836185463837 1.2000000000000002
    endloop
  endfacet
  facet normal 1 0 0
    outer loop
      vertex 14.882325001060963 10.885714286352904 1.2000000000000002
      vertex 14.882325001060963 10.885714286352904 1
      vertex 14.882325001060963 12.43836185463837 1.2000000000000002
    endloop
  endfacet
  facet normal 0 0 1
    outer loop
      vertex 14.753129713237286 11.313867570246966 1.2000000000000002
      vertex 14.882325001060963 10.885714286352904 1.2000000000000002
      vertex 14.882325001060963 12.43836185463837 1.2000000000000002
    endloop
  endfacet
  facet normal -1 0 0
    outer loop
      vertex 14.753129713237286 11.313867570246966 1.2000000000000002
      vertex 14.753129713237286 12.43836185463837 1.2000000000000002
      vertex 14.753129713237286 12.43836185463837 1
    endloop
  endfacet
  facet normal 0.14953420185358526 -0.9887565536956057 0
    outer loop
      vertex 14.882325001060963 12.43836185463837 1.2000000000000002
      vertex 14.882325001060963 12.43836185463837 1
      vertex 15.093943282961845 12.470365860845359 1.2000000000000002
    endloop
  endfacet
  facet normal 0 1 0
    outer loop
      vertex 14.53167799860239 12.535571285869391 1.2000000000000002
      vertex 15.093943282961845 12.535571285869391 1.2000000000000002
      vertex 15.093943282961845 12.535571285869391 1
    endloop
  endfacet
  facet normal 1 0 0
    outer loop
      vertex 15.093943282961845 12.470365860845359 1.2000000000000002
      vertex 15.093943282961845 12.470365860845359 1
      vertex 15.093943282961845 12.535571285869391 1.2000000000000002
    endloop
  endfacet
  facet normal 0 0 1
    outer loop
      vertex 14.753129713237286 11.313867570246966 1.2000000000000002
      vertex 14.882325001060963 12.43836185463837 1.2000000000000002
      vertex 14.753129713237286 12.43836185463837 1.2000000000000002
    endloop
  endfacet
  facet normal 0 0 1
    outer loop
      vertex 14.53167799860239 12.535571285869391 1.2000000000000002
      vertex 14.882325001060963 12.43836185463837 1.2000000000000002
      vertex 15.093943282961845 12.535571285869391 1.2000000000000002
    endloop
  endfacet
  facet normal 0 0 1
    outer loop
      vertex 14.882325001060963 12.43836185463837 1.2000000000000002
      vertex 15.093943282961845 12.470365860845359 1.2000000000000002
      vertex 15.093943282961845 12.535571285869391 1.2000000000000002
    endloop
  endfacet
  facet normal -1 0 0
    outer loop
      vertex 15.430556789040565 3.6285714296357945 1.2000000000000002
      vertex 15.430556789040565 3.693776854659827 1
      vertex 15.430556789040565 3.6285714296357945 1
    endloop
  endfacet
  facet normal -0.15507962861320046 0.9879019732692064 0
    outer loop
      vertex 15.430556789040565 3.693776854659827 1.2000000000000002
      vertex 15.642175070941448 3.726996430541785 1
      vertex 15.430556789040565 3.693776854659827 1
    endloop
  endfacet
  facet normal 0 -1 0
    outer loop
      vertex 15.992803931236267 3.6285714296357945 1.2000000000000002
      vertex 15.430556789040565 3.6285714296357945 1
      vertex 15.992803931236267 3.6285714296357945 1
    endloop
  endfacet
  facet normal 0.14834839590330104 0.988935161389723 0
    outer loop
      vertex 15.771352216601372 3.726996430541785 1.2000000000000002
      vertex 15.992803931236267 3.693776854659827 1
      vertex 15.771352216601372 3.726996430541785 1
    endloop
  endfacet
  facet normal 1 0 0
    outer loop
      vertex 15.992803931236267 3.693776854659827 1.2000000000000002
      vertex 15.992803931236267 3.6285714296357945 1
      vertex 15.992803931236267 3.693776854659827 1
    endloop
  endfacet
  facet normal -1 0 0
    outer loop
      vertex 15.642175070941448 3.726996430541785 1.2000000000000002
      vertex 15.642175070941448 5.18121899792126 1
      vertex 15.642175070941448 3.726996430541785 1
    endloop
  endfacet
  facet normal 1 0 0
    outer loop
      vertex 15.771352216601372 5.112330572094233 1.2000000000000002
      vertex 15.771352216601372 3.726996430541785 1
      vertex 15.771352216601372 5.112330572094233 1
    endloop
  endfacet
  facet normal -0.8247198483296493 -0.5655414854554175 0
    outer loop
      vertex 16.788821786642075 3.6285714296357945 1.2000000000000002
      vertex 15.771352216601372 5.112330572094233 1
      vertex 16.788821786642075 3.6285714296357945 1
    endloop
  endfacet
  facet normal -1 0 0
    outer loop
      vertex 15.430556789040565 3.6285714296357945 1.2000000000000002
      vertex 15.430556789040565 3.693776854659827 1.2000000000000002
      vertex 15.430556789040565 3.693776854659827 1
    endloop
  endfacet
  facet normal -0.15507962861320046 0.9879019732692064 0
    outer loop
      vertex 15.430556789040565 3.693776854659827 1.2000000000000002
      vertex 15.642175070941448 3.726996430541785 1.2000000000000002
      vertex 15.642175070941448 3.726996430541785 1
    endloop
  endfacet
  facet normal 0 -1 0
    outer loop
      vertex 15.430556789040565 3.6285714296357945 1.2000000000000002
      vertex 15.430556789040565 3.6285714296357945 1
      vertex 15.992803931236267 3.6285714296357945 1.2000000000000002
    endloop
  endfacet
  facet normal 0.14834839590330104 0.988935161389723 0
    outer loop
      vertex 15.771352216601372 3.726996430541785 1.2000000000000002
      vertex 15.992803931236267 3.693776854659827 1.2000000000000002
      vertex 15.992803931236267 3.693776854659827 1
    endloop
  endfacet
  facet normal 1 0 0
    outer loop
      vertex 15.992803931236267 3.6285714296357945 1.2000000000000002
      vertex 15.992803931236267 3.6285714296357945 1
      vertex 15.992803931236267 3.693776854659827 1.2000000000000002
    endloop
  endfacet
  facet normal 0 0 1
    outer loop
      vertex 15.430556789040565 3.6285714296357945 1.2000000000000002
      vertex 15.642175070941448 3.726996430541785 1.2000000000000002
      vertex 15.430556789040565 3.693776854659827 1.2000000000000002
    endloop
  endfacet
  facet normal 0 0 1
    outer loop
      vertex 15.430556789040565 3.6285714296357945 1.2000000000000002
      vertex 15.992803931236267 3.6285714296357945 1.2000000000000002
      vertex 15.642175070941448 3.726996430541785 1.2000000000000002
    endloop
  endfacet
  facet normal 0 0 1
    outer loop
      vertex 15.642175070941448 3.726996430541785 1.2000000000000002
      vertex 15.992803931236267 3.6285714296357945 1.2000000000000002
      vertex 15.771352216601372 3.726996430541785 1.2000000000000002
    endloop
  endfacet
  facet normal 0 0 1
    outer loop
      vertex 15.771352216601372 3.726996430541785 1.2000000000000002
      vertex 15.992803931236267 3.6285714296357945 1.2000000000000002
      vertex 15.992803931236267 3.693776854659827 1.2000000000000002
    endloop
  endfacet
  facet normal -1 0 0
    outer loop
      vertex 15.642175070941448 3.726996430541785 1.2000000000000002
      vertex 15.642175070941448 5.18121899792126 1.2000000000000002
      vertex 15.642175070941448 5.18121899792126 1
    endloop
  endfacet
  facet normal 1 0 0
    outer loop
      vertex 15.771352216601372 3.726996430541785 1.2000000000000002
      vertex 15.771352216601372 3.726996430541785 1
      vertex 15.771352216601372 5.112330572094233 1.2000000000000002
    endloop
  endfacet
  facet normal 0 0 1
    outer loop
      vertex 15.642175070941448 3.726996430541785 1.2000000000000002
      vertex 15.771352216601372 5.112330572094233 1.2000000000000002
      vertex 15.642175070941448 5.18121899792126 1.2000000000000002
    endloop
  endfacet
  facet normal 0 0 1
    outer loop
      vertex 15.642175070941448 3.726996430541785 1.2000000000000002
      vertex 15.771352216601372 3.726996430541785 1.2000000000000002
      vertex 15.771352216601372 5.112330572094233 1.2000000000000002
    endloop
  endfacet
  facet normal -0.8247198483296493 -0.5655414854554175 0
    outer loop
      vertex 15.771352216601372 5.112330572094233 1.2000000000000002
      vertex 15.771352216601372 5.112330572094233 1
      vertex 16.788821786642075 3.6285714296357945 1.2000000000000002
    endloop
  endfacet
  facet normal 0.8212128117239231 0.5706220446674737 0
    outer loop
      vertex 15.930065929889679 5.278428429152282 1.2000000000000002
      vertex 16.77897021174431 4.0567247135298565 1.2000000000000002
      vertex 16.77897021174431 4.0567247135298565 1
    endloop
  endfacet
  facet normal 0 0 1
    outer loop
      vertex 15.771352216601372 5.112330572094233 1.2000000000000002
      vertex 16.788821786642075 3.6285714296357945 1.2000000000000002
      vertex 16.908165499567986 3.6285714296357945 1.2000000000000002
    endloop
  endfacet
  facet normal 0 0 1
    outer loop
      vertex 15.771352216601372 5.112330572094233 1.2000000000000002
      vertex 16.908165499567986 3.6285714296357945 1.2000000000000002
      vertex 16.77897021174431 4.0567247135298565 1.2000000000000002
    endloop
  endfacet
  facet normal -1 0 0
    outer loop
      vertex 15.430556789040565 5.213223004128249 1.2000000000000002
      vertex 15.430556789040565 5.278428429152282 1
      vertex 15.430556789040565 5.213223004128249 1
    endloop
  endfacet
  facet normal -0.14953420185358526 -0.9887565536956057 0
    outer loop
      vertex 15.642175070941448 5.18121899792126 1.2000000000000002
      vertex 15.430556789040565 5.213223004128249 1
      vertex 15.642175070941448 5.18121899792126 1
    endloop
  endfacet
  facet normal 0 1 0
    outer loop
      vertex 15.430556789040565 5.278428429152282 1.2000000000000002
      vertex 15.930065929889679 5.278428429152282 1
      vertex 15.430556789040565 5.278428429152282 1
    endloop
  endfacet
  facet normal 0.8212128117239231 0.5706220446674737 0
    outer loop
      vertex 15.930065929889679 5.278428429152282 1.2000000000000002
      vertex 16.77897021174431 4.0567247135298565 1
      vertex 15.930065929889679 5.278428429152282 1
    endloop
  endfacet
  facet normal -1 0 0
    outer loop
      vertex 16.557518497109413 5.213223004128249 1.2000000000000002
      vertex 16.557518497109413 5.278428429152282 1
      vertex 16.557518497109413 5.213223004128249 1
    endloop
  endfacet
  facet normal -1 0 0
    outer loop
      vertex 15.430556789040565 5.213223004128249 1.2000000000000002
      vertex 15.430556789040565 5.278428429152282 1.2000000000000002
      vertex 15.430556789040565 5.278428429152282 1
    endloop
  endfacet
  facet normal -0.14953420185358526 -0.9887565536956057 0
    outer loop
      vertex 15.430556789040565 5.213223004128249 1.2000000000000002
      vertex 15.430556789040565 5.213223004128249 1
      vertex 15.642175070941448 5.18121899792126 1.2000000000000002
    endloop
  endfacet
  facet normal 0 1 0
    outer loop
      vertex 15.430556789040565 5.278428429152282 1.2000000000000002
      vertex 15.930065929889679 5.278428429152282 1.2000000000000002
      vertex 15.930065929889679 5.278428429152282 1
    endloop
  endfacet
  facet normal 0 0 1
    outer loop
      vertex 15.430556789040565 5.213223004128249 1.2000000000000002
      vertex 15.642175070941448 5.18121899792126 1.2000000000000002
      vertex 15.430556789040565 5.278428429152282 1.2000000000000002
    endloop
  endfacet
  facet normal 0 0 1
    outer loop
      vertex 15.430556789040565 5.278428429152282 1.2000000000000002
      vertex 15.642175070941448 5.18121899792126 1.2000000000000002
      vertex 15.930065929889679 5.278428429152282 1.2000000000000002
    endloop
  endfacet
  facet normal 0 0 1
    outer loop
      vertex 15.642175070941448 5.18121899792126 1.2000000000000002
      vertex 15.771352216601372 5.112330572094233 1.2000000000000002
      vertex 15.930065929889679 5.278428429152282 1.2000000000000002
    endloop
  endfacet
  facet normal -1 0 0
    outer loop
      vertex 16.557518497109413 5.213223004128249 1.2000000000000002
      vertex 16.557518497109413 5.278428429152282 1.2000000000000002
      vertex 16.557518497109413 5.278428429152282 1
    endloop
  endfacet
  facet normal -0.143033156368482 -0.9897178972713737 0
    outer loop
      vertex 16.557518497109413 5.213223004128249 1.2000000000000002
      vertex 16.557518497109413 5.213223004128249 1
      vertex 16.77897021174431 5.18121899792126 1.2000000000000002
    endloop
  endfacet
  facet normal 0 0 1
    outer loop
      vertex 15.771352216601372 5.112330572094233 1.2000000000000002
      vertex 16.77897021174431 4.0567247135298565 1.2000000000000002
      vertex 15.930065929889679 5.278428429152282 1.2000000000000002
    endloop
  endfacet
  facet normal 0 0 1
    outer loop
      vertex 16.557518497109413 5.213223004128249 1.2000000000000002
      vertex 16.77897021174431 5.18121899792126 1.2000000000000002
      vertex 16.557518497109413 5.278428429152282 1.2000000000000002
    endloop
  endfacet
  facet normal 0 -1 0
    outer loop
      vertex 16.908165499567986 3.6285714296357945 1.2000000000000002
      vertex 16.788821786642075 3.6285714296357945 1
      vertex 16.908165499567986 3.6285714296357945 1
    endloop
  endfacet
  facet normal -1 0 0
    outer loop
      vertex 16.77897021174431 4.0567247135298565 1.2000000000000002
      vertex 16.77897021174431 4.610446664472906 1
      vertex 16.77897021174431 4.0567247135298565 1
    endloop
  endfacet
  facet normal 1 0 0
    outer loop
      vertex 16.908165499567986 5.18121899792126 1.2000000000000002
      vertex 16.908165499567986 3.6285714296357945 1
      vertex 16.908165499567986 5.18121899792126 1
    endloop
  endfacet
  facet normal 0 -1 0
    outer loop
      vertex 16.788821786642075 3.6285714296357945 1.2000000000000002
      vertex 16.788821786642075 3.6285714296357945 1
      vertex 16.908165499567986 3.6285714296357945 1.2000000000000002
    endloop
  endfacet
  facet normal 1 0 0
    outer loop
      vertex 16.908165499567986 3.6285714296357945 1.2000000000000002
      vertex 16.908165499567986 3.6285714296357945 1
      vertex 16.908165499567986 5.18121899792126 1.2000000000000002
    endloop
  endfacet
  facet normal -1 0 0
    outer loop
      vertex 16.77897021174431 4.0567247135298565 1.2000000000000002
      vertex 16.77897021174431 5.18121899792126 1.2000000000000002
      vertex 16.77897021174431 4.610446664472906 1
    endloop
  endfacet
  facet normal 0 0 1
    outer loop
      vertex 16.908165499567986 3.6285714296357945 1.2000000000000002
      vertex 16.908165499567986 5.18121899792126 1.2000000000000002
      vertex 16.77897021174431 4.0567247135298565 1.2000000000000002
    endloop
  endfacet
  facet normal -1 0 0
    outer loop
      vertex 16.77897021174431 5.18121899792126 1.2000000000000002
      vertex 16.77897021174431 5.18121899792126 1
      vertex 16.77897021174431 4.610446664472906 1
    endloop
  endfacet
  facet normal -0.143033156368482 -0.9897178972713737 0
    outer loop
      vertex 16.77897021174431 5.18121899792126 1.2000000000000002
      vertex 16.557518497109413 5.213223004128249 1
      vertex 16.77897021174431 5.18121899792126 1
    endloop
  endfacet
  facet normal 0 1 0
    outer loop
      vertex 16.557518497109413 5.278428429152282 1.2000000000000002
      vertex 17.11978378891945 5.278428429152282 1
      vertex 16.557518497109413 5.278428429152282 1
    endloop
  endfacet
  facet normal 0.14953419670656112 -0.9887565544740139 0
    outer loop
      vertex 17.11978378891945 5.213223004128249 1.2000000000000002
      vertex 16.908165499567986 5.18121899792126 1
      vertex 17.11978378891945 5.213223004128249 1
    endloop
  endfacet
  facet normal 1 0 0
    outer loop
      vertex 17.11978378891945 5.278428429152282 1.2000000000000002
      vertex 17.11978378891945 5.213223004128249 1
      vertex 17.11978378891945 5.278428429152282 1
    endloop
  endfacet
  facet normal 0 1 0
    outer loop
      vertex 16.557518497109413 5.278428429152282 1.2000000000000002
      vertex 17.11978378891945 5.278428429152282 1.2000000000000002
      vertex 17.11978378891945 5.278428429152282 1
    endloop
  endfacet
  facet normal 0.14953419670656112 -0.9887565544740139 0
    outer loop
      vertex 16.908165499567986 5.18121899792126 1.2000000000000002
      vertex 16.908165499567986 5.18121899792126 1
      vertex 17.11978378891945 5.213223004128249 1.2000000000000002
    endloop
  endfacet
  facet normal 1 0 0
    outer loop
      vertex 17.11978378891945 5.213223004128249 1.2000000000000002
      vertex 17.11978378891945 5.213223004128249 1
      vertex 17.11978378891945 5.278428429152282 1.2000000000000002
    endloop
  endfacet
  facet normal 0 0 1
    outer loop
      vertex 16.77897021174431 4.0567247135298565 1.2000000000000002
      vertex 16.908165499567986 5.18121899792126 1.2000000000000002
      vertex 16.77897021174431 5.18121899792126 1.2000000000000002
    endloop
  endfacet
  facet normal 0 0 1
    outer loop
      vertex 16.557518497109413 5.278428429152282 1.2000000000000002
      vertex 16.77897021174431 5.18121899792126 1.2000000000000002
      vertex 16.908165499567986 5.18121899792126 1.2000000000000002
    endloop
  endfacet
  facet normal 0 0 1
    outer loop
      vertex 16.557518497109413 5.278428429152282 1.2000000000000002
      vertex 16.908165499567986 5.18121899792126 1.2000000000000002
      vertex 17.11978378891945 5.278428429152282 1.2000000000000002
    endloop
  endfacet
  facet normal 0 0 1
    outer loop
      vertex 16.908165499567986 5.18121899792126 1.2000000000000002
      vertex 17.11978378891945 5.213223004128249 1.2000000000000002
      vertex 17.11978378891945 5.278428429152282 1.2000000000000002
    endloop
  endfacet
  facet normal -0.8420930511399761 -0.5393322660677421 0
    outer loop
      vertex 10.577260859310627 14.708051429476054 1.2000000000000002
      vertex 10.409321501851082 14.970265605832846 1
      vertex 10.577260859310627 14.708051429476054 1
    endloop
  endfacet
  facet normal -0.5211469848986284 -0.8534669414400704 0
    outer loop
      vertex 10.845471248030663 14.544275858785422 1.2000000000000002
      vertex 10.577260859310627 14.708051429476054 1
      vertex 10.845471248030663 14.544275858785422 1
    endloop
  endfacet
  facet normal 0.8975054443677024 0.4410033756450545 0
    outer loop
      vertex 10.648467034101486 15.005798393275054 1.2000000000000002
      vertex 10.762426860630512 14.773873717870028 1
      vertex 10.648467034101486 15.005798393275054 1
    endloop
  endfacet
  facet normal 0.6059529029143212 0.7955005213384257 0
    outer loop
      vertex 10.762426860630512 14.773873717870028 1.2000000000000002
      vertex 10.948976248502731 14.631774322475703 1
      vertex 10.762426860630512 14.773873717870028 1
    endloop
  endfacet
  facet normal -0.9874404713049383 -0.157991504926947 0
    outer loop
      vertex 10.409321501851082 14.970265605832846 1.2000000000000002
      vertex 10.353341713547707 15.320137002851279 1
      vertex 10.409321501851082 14.970265605832846 1
    endloop
  endfacet
  facet normal -0.989794477863066 0.14250225118144907 0
    outer loop
      vertex 10.353341713547707 15.320137002851279 1.2000000000000002
      vertex 10.40716703236103 15.693997786726268 1
      vertex 10.353341713547707 15.320137002851279 1
    endloop
  endfacet
  facet normal -0.8584031489980861 0.5129756658850102 0
    outer loop
      vertex 10.40716703236103 15.693997786726268 1.2000000000000002
      vertex 10.568643003702164 15.964208425368579 1
      vertex 10.40716703236103 15.693997786726268 1
    endloop
  endfacet
  facet normal 0.9928880001782906 0.11905216966504518 0
    outer loop
      vertex 10.610480427742004 15.322604426528724 1.2000000000000002
      vertex 10.648467034101486 15.005798393275054 1
      vertex 10.610480427742004 15.322604426528724 1
    endloop
  endfacet
  facet normal 0.9943155946021133 -0.10647299343517097 0
    outer loop
      vertex 10.646775215864182 15.661549286331446 1.2000000000000002
      vertex 10.610480427742004 15.322604426528724 1
      vertex 10.646775215864182 15.661549286331446 1
    endloop
  endfacet
  facet normal 0.9085786933945726 -0.4177137272216598 0
    outer loop
      vertex 10.755659572780132 15.898386144425185 1.2000000000000002
      vertex 10.646775215864182 15.661549286331446 1
      vertex 10.755659572780132 15.898386144425185 1
    endloop
  endfacet
  facet normal 0.1821054903417665 0.9832789992608327 0
    outer loop
      vertex 10.948976248502731 14.631774322475703 1.2000000000000002
      vertex 11.204731568694115 14.584407859827788 1
      vertex 10.948976248502731 14.631774322475703 1
    endloop
  endfacet
  facet normal -0.1512469369206657 -0.9884960111564013 0
    outer loop
      vertex 11.20226414501667 14.489684001888545 1.2000000000000002
      vertex 10.845471248030663 14.544275858785422 1
      vertex 11.20226414501667 14.489684001888545 1
    endloop
  endfacet
  facet normal -0.06196662886931278 0.9980782218376338 0
    outer loop
      vertex 11.204731568694115 14.584407859827788 1.2000000000000002
      vertex 11.340979896485806 14.592866965915473 1
      vertex 11.204731568694115 14.584407859827788 1
    endloop
  endfacet
  facet normal 0.0642171165843565 -0.9979359508192854 0
    outer loop
      vertex 11.503376610577106 14.509060570384772 1.2000000000000002
      vertex 11.20226414501667 14.489684001888545 1
      vertex 11.503376610577106 14.509060570384772 1
    endloop
  endfacet
  facet normal -0.19410090876426547 0.980981568235044 0
    outer loop
      vertex 11.340979896485806 14.592866965915473 1.2000000000000002
      vertex 11.4692362844944 14.618244284178527 1
      vertex 11.340979896485806 14.592866965915473 1
    endloop
  endfacet
  facet normal -0.3345264756573585 0.9423863523440196 0
    outer loop
      vertex 11.4692362844944 14.618244284178527 1.2000000000000002
      vertex 11.580578997731209 14.657768504108699 1
      vertex 11.4692362844944 14.618244284178527 1
    endloop
  endfacet
  facet normal -0.8420930511399761 -0.5393322660677421 0
    outer loop
      vertex 10.409321501851082 14.970265605832846 1.2000000000000002
      vertex 10.409321501851082 14.970265605832846 1
      vertex 10.577260859310627 14.708051429476054 1.2000000000000002
    endloop
  endfacet
  facet normal -0.5211469848986284 -0.8534669414400704 0
    outer loop
      vertex 10.577260859310627 14.708051429476054 1.2000000000000002
      vertex 10.577260859310627 14.708051429476054 1
      vertex 10.845471248030663 14.544275858785422 1.2000000000000002
    endloop
  endfacet
  facet normal 0.6059529029143212 0.7955005213384257 0
    outer loop
      vertex 10.762426860630512 14.773873717870028 1.2000000000000002
      vertex 10.948976248502731 14.631774322475703 1.2000000000000002
      vertex 10.948976248502731 14.631774322475703 1
    endloop
  endfacet
  facet normal 0.8975054443677024 0.4410033756450545 0
    outer loop
      vertex 10.762426860630512 14.773873717870028 1.2000000000000002
      vertex 10.762426860630512 14.773873717870028 1
      vertex 10.648467034101486 15.005798393275054 1.2000000000000002
    endloop
  endfacet
  facet normal 0 0 1
    outer loop
      vertex 10.409321501851082 14.970265605832846 1.2000000000000002
      vertex 10.577260859310627 14.708051429476054 1.2000000000000002
      vertex 10.648467034101486 15.005798393275054 1.2000000000000002
    endloop
  endfacet
  facet normal 0 0 1
    outer loop
      vertex 10.577260859310627 14.708051429476054 1.2000000000000002
      vertex 10.845471248030663 14.544275858785422 1.2000000000000002
      vertex 10.762426860630512 14.773873717870028 1.2000000000000002
    endloop
  endfacet
  facet normal 0 0 1
    outer loop
      vertex 10.762426860630512 14.773873717870028 1.2000000000000002
      vertex 10.845471248030663 14.544275858785422 1.2000000000000002
      vertex 10.948976248502731 14.631774322475703 1.2000000000000002
    endloop
  endfacet
  facet normal 0 0 1
    outer loop
      vertex 10.577260859310627 14.708051429476054 1.2000000000000002
      vertex 10.762426860630512 14.773873717870028 1.2000000000000002
      vertex 10.648467034101486 15.005798393275054 1.2000000000000002
    endloop
  endfacet
  facet normal -0.9874404713049383 -0.157991504926947 0
    outer loop
      vertex 10.409321501851082 14.970265605832846 1.2000000000000002
      vertex 10.353341713547707 15.320137002851279 1.2000000000000002
      vertex 10.353341713547707 15.320137002851279 1
    endloop
  endfacet
  facet normal -0.989794477863066 0.14250225118144907 0
    outer loop
      vertex 10.353341713547707 15.320137002851279 1.2000000000000002
      vertex 10.40716703236103 15.693997786726268 1.2000000000000002
      vertex 10.40716703236103 15.693997786726268 1
    endloop
  endfacet
  facet normal -0.8584031489980861 0.5129756658850102 0
    outer loop
      vertex 10.40716703236103 15.693997786726268 1.2000000000000002
      vertex 10.568643003702164 15.964208425368579 1.2000000000000002
      vertex 10.568643003702164 15.964208425368579 1
    endloop
  endfacet
  facet normal 0.9928880001782906 0.11905216966504518 0
    outer loop
      vertex 10.648467034101486 15.005798393275054 1.2000000000000002
      vertex 10.648467034101486 15.005798393275054 1
      vertex 10.610480427742004 15.322604426528724 1.2000000000000002
    endloop
  endfacet
  facet normal 0.9943155946021133 -0.10647299343517097 0
    outer loop
      vertex 10.610480427742004 15.322604426528724 1.2000000000000002
      vertex 10.610480427742004 15.322604426528724 1
      vertex 10.646775215864182 15.661549286331446 1.2000000000000002
    endloop
  endfacet
  facet normal 0.9085786933945726 -0.4177137272216598 0
    outer loop
      vertex 10.646775215864182 15.661549286331446 1.2000000000000002
      vertex 10.646775215864182 15.661549286331446 1
      vertex 10.755659572780132 15.898386144425185 1.2000000000000002
    endloop
  endfacet
  facet normal 0 0 1
    outer loop
      vertex 10.409321501851082 14.970265605832846 1.2000000000000002
      vertex 10.610480427742004 15.322604426528724 1.2000000000000002
      vertex 10.353341713547707 15.320137002851279 1.2000000000000002
    endloop
  endfacet
  facet normal 0 0 1
    outer loop
      vertex 10.409321501851082 14.970265605832846 1.2000000000000002
      vertex 10.648467034101486 15.005798393275054 1.2000000000000002
      vertex 10.610480427742004 15.322604426528724 1.2000000000000002
    endloop
  endfacet
  facet normal 0 0 1
    outer loop
      vertex 10.353341713547707 15.320137002851279 1.2000000000000002
      vertex 10.610480427742004 15.322604426528724 1.2000000000000002
      vertex 10.40716703236103 15.693997786726268 1.2000000000000002
    endloop
  endfacet
  facet normal 0 0 1
    outer loop
      vertex 10.40716703236103 15.693997786726268 1.2000000000000002
      vertex 10.610480427742004 15.322604426528724 1.2000000000000002
      vertex 10.646775215864182 15.661549286331446 1.2000000000000002
    endloop
  endfacet
  facet normal 0 0 1
    outer loop
      vertex 10.40716703236103 15.693997786726268 1.2000000000000002
      vertex 10.646775215864182 15.661549286331446 1.2000000000000002
      vertex 10.568643003702164 15.964208425368579 1.2000000000000002
    endloop
  endfacet
  facet normal 0 0 1
    outer loop
      vertex 10.646775215864182 15.661549286331446 1.2000000000000002
      vertex 10.755659572780132 15.898386144425185 1.2000000000000002
      vertex 10.568643003702164 15.964208425368579 1.2000000000000002
    endloop
  endfacet
  facet normal -0.1512469369206657 -0.9884960111564013 0
    outer loop
      vertex 11.20226414501667 14.489684001888545 1.2000000000000002
      vertex 10.845471248030663 14.544275858785422 1.2000000000000002
      vertex 10.845471248030663 14.544275858785422 1
    endloop
  endfacet
  facet normal 0.1821054903417665 0.9832789992608327 0
    outer loop
      vertex 10.948976248502731 14.631774322475703 1.2000000000000002
      vertex 11.204731568694115 14.584407859827788 1.2000000000000002
      vertex 11.204731568694115 14.584407859827788 1
    endloop
  endfacet
  facet normal 0.0642171165843565 -0.9979359508192854 0
    outer loop
      vertex 11.20226414501667 14.489684001888545 1.2000000000000002
      vertex 11.20226414501667 14.489684001888545 1
      vertex 11.503376610577106 14.509060570384772 1.2000000000000002
    endloop
  endfacet
  facet normal -0.06196662886931278 0.9980782218376338 0
    outer loop
      vertex 11.204731568694115 14.584407859827788 1.2000000000000002
      vertex 11.340979896485806 14.592866965915473 1.2000000000000002
      vertex 11.340979896485806 14.592866965915473 1
    endloop
  endfacet
  facet normal -0.19410090876426547 0.980981568235044 0
    outer loop
      vertex 11.340979896485806 14.592866965915473 1.2000000000000002
      vertex 11.4692362844944 14.618244284178527 1.2000000000000002
      vertex 11.4692362844944 14.618244284178527 1
    endloop
  endfacet
  facet normal 0 0 1
    outer loop
      vertex 11.20226414501667 14.489684001888545 1.2000000000000002
      vertex 10.948976248502731 14.631774322475703 1.2000000000000002
      vertex 10.845471248030663 14.544275858785422 1.2000000000000002
    endloop
  endfacet
  facet normal 0 0 1
    outer loop
      vertex 11.20226414501667 14.489684001888545 1.2000000000000002
      vertex 11.204731568694115 14.584407859827788 1.2000000000000002
      vertex 10.948976248502731 14.631774322475703 1.2000000000000002
    endloop
  endfacet
  facet normal 0 0 1
    outer loop
      vertex 11.20226414501667 14.489684001888545 1.2000000000000002
      vertex 11.340979896485806 14.592866965915473 1.2000000000000002
      vertex 11.204731568694115 14.584407859827788 1.2000000000000002
    endloop
  endfacet
  facet normal 0 0 1
    outer loop
      vertex 11.20226414501667 14.489684001888545 1.2000000000000002
      vertex 11.503376610577106 14.509060570384772 1.2000000000000002
      vertex 11.340979896485806 14.592866965915473 1.2000000000000002
    endloop
  endfacet
  facet normal 0 0 1
    outer loop
      vertex 11.503376610577106 14.509060570384772 1.2000000000000002
      vertex 11.4692362844944 14.618244284178527 1.2000000000000002
      vertex 11.340979896485806 14.592866965915473 1.2000000000000002
    endloop
  endfacet
  facet normal 0 0 1
    outer loop
      vertex 11.503376610577106 14.509060570384772 1.2000000000000002
      vertex 11.580578997731209 14.657768504108699 1.2000000000000002
      vertex 11.4692362844944 14.618244284178527 1.2000000000000002
    endloop
  endfacet
  facet normal -0.5115030460592257 0.859281463707983 0
    outer loop
      vertex 11.580578997731209 14.657768504108699 1.2000000000000002
      vertex 11.666086286306381 14.708668285395415 1
      vertex 11.580578997731209 14.657768504108699 1
    endloop
  endfacet
  facet normal 0.20270287867613027 -0.9792402886811847 0
    outer loop
      vertex 11.78419628739357 14.567190283324035 1.2000000000000002
      vertex 11.503376610577106 14.509060570384772 1
      vertex 11.78419628739357 14.567190283324035 1
    endloop
  endfacet
  facet normal -0.9833166049965077 0.18190232087068514 0
    outer loop
      vertex 11.666086286306381 14.708668285395415 1.2000000000000002
      vertex 11.711606711149216 14.954739855016978 1
      vertex 11.666086286306381 14.708668285395415 1
    endloop
  endfacet
  facet normal 0.9998185330491863 -0.01904995987851641 0
    outer loop
      vertex 11.791580431163311 14.954739855016978 1.2000000000000002
      vertex 11.78419628739357 14.567190283324035 1
      vertex 11.791580431163311 14.954739855016978 1
    endloop
  endfacet
  facet normal 0 1 0
    outer loop
      vertex 11.711606711149216 14.954739855016978 1.2000000000000002
      vertex 11.791580431163311 14.954739855016978 1
      vertex 11.711606711149216 14.954739855016978 1
    endloop
  endfacet
  facet normal -1 0 0
    outer loop
      vertex 12.0193095728755 14.514285714711459 1.2000000000000002
      vertex 12.0193095728755 14.579491139735492 1
      vertex 12.0193095728755 14.514285714711459 1
    endloop
  endfacet
  facet normal -0.16742310857902717 0.9858851366735047 0
    outer loop
      vertex 12.0193095728755 14.579491139735492 1.2000000000000002
      vertex 12.214925855398178 14.61271071561745 1
      vertex 12.0193095728755 14.579491139735492 1
    endloop
  endfacet
  facet normal -0.9854668670560632 -0.16986775425226408 0
    outer loop
      vertex 11.68577128648758 15.759357431318076 1.2000000000000002
      vertex 11.648868717253208 15.973443144346984 1
      vertex 11.68577128648758 15.759357431318076 1
    endloop
  endfacet
  facet normal 0 -1 0
    outer loop
      vertex 11.766978710889816 15.759357431318076 1.2000000000000002
      vertex 11.68577128648758 15.759357431318076 1
      vertex 11.766978710889816 15.759357431318076 1
    endloop
  endfacet
  facet normal 0 -1 0
    outer loop
      vertex 12.714435003697872 14.514285714711459 1.2000000000000002
      vertex 12.0193095728755 14.514285714711459 1
      vertex 12.714435003697872 14.514285714711459 1
    endloop
  endfacet
  facet normal 1 0 0
    outer loop
      vertex 12.452379569411278 15.161423289562972 1.2000000000000002
      vertex 12.452379569411278 14.61271071561745 1
      vertex 12.452379569411278 15.161423289562972 1
    endloop
  endfacet
  facet normal 0.12575903900219518 0.9920608167391979 0
    outer loop
      vertex 12.452379569411278 14.61271071561745 1.2000000000000002
      vertex 12.714435003697872 14.579491139735492 1
      vertex 12.452379569411278 14.61271071561745 1
    endloop
  endfacet
  facet normal 1 0 0
    outer loop
      vertex 12.714435003697872 14.579491139735492 1.2000000000000002
      vertex 12.714435003697872 14.514285714711459 1
      vertex 12.714435003697872 14.579491139735492 1
    endloop
  endfacet
  facet normal -1 0 0
    outer loop
      vertex 12.214925855398178 14.61271071561745 1.2000000000000002
      vertex 12.214925855398178 16.066933282996924 1
      vertex 12.214925855398178 14.61271071561745 1
    endloop
  endfacet
  facet normal 1 0 0
    outer loop
      vertex 12.452379569411278 16.053398714746745 1.2000000000000002
      vertex 12.452379569411278 15.272167289044173 1
      vertex 12.452379569411278 16.053398714746745 1
    endloop
  endfacet
  facet normal 0 1 0
    outer loop
      vertex 12.452379569411278 15.272167289044173 1.2000000000000002
      vertex 12.580323003232479 15.272167289044173 1
      vertex 12.452379569411278 15.272167289044173 1
    endloop
  endfacet
  facet normal 0 -1 0
    outer loop
      vertex 12.63814428448677 15.161423289562972 1.2000000000000002
      vertex 12.452379569411278 15.161423289562972 1
      vertex 12.63814428448677 15.161423289562972 1
    endloop
  endfacet
  facet normal -0.1299413728951762 0.9915216788402141 0
    outer loop
      vertex 12.580323003232479 15.272167289044173 1.2000000000000002
      vertex 12.761021323502064 15.295848251666339 1
      vertex 12.580323003232479 15.272167289044173 1
    endloop
  endfacet
  facet normal 0.12884797667380674 -0.9916643579896708 0
    outer loop
      vertex 12.891441248357296 15.194334426309378 1.2000000000000002
      vertex 12.63814428448677 15.161423289562972 1
      vertex 12.891441248357296 15.194334426309378 1
    endloop
  endfacet
  facet normal -0.4903727390814467 0.8715128092952849 0
    outer loop
      vertex 12.761021323502064 15.295848251666339 1.2000000000000002
      vertex 12.887281998991966 15.366891146983416 1
      vertex 12.761021323502064 15.295848251666339 1
    endloop
  endfacet
  facet normal 0.20270287867613027 -0.9792402886811847 0
    outer loop
      vertex 11.503376610577106 14.509060570384772 1.2000000000000002
      vertex 11.503376610577106 14.509060570384772 1
      vertex 11.78419628739357 14.567190283324035 1.2000000000000002
    endloop
  endfacet
  facet normal -0.3345264756573585 0.9423863523440196 0
    outer loop
      vertex 11.4692362844944 14.618244284178527 1.2000000000000002
      vertex 11.580578997731209 14.657768504108699 1.2000000000000002
      vertex 11.580578997731209 14.657768504108699 1
    endloop
  endfacet
  facet normal -0.5115030460592257 0.859281463707983 0
    outer loop
      vertex 11.580578997731209 14.657768504108699 1.2000000000000002
      vertex 11.666086286306381 14.708668285395415 1.2000000000000002
      vertex 11.666086286306381 14.708668285395415 1
    endloop
  endfacet
  facet normal -0.9833166049965077 0.18190232087068514 0
    outer loop
      vertex 11.666086286306381 14.708668285395415 1.2000000000000002
      vertex 11.711606711149216 14.954739855016978 1.2000000000000002
      vertex 11.711606711149216 14.954739855016978 1
    endloop
  endfacet
  facet normal 0.9998185330491863 -0.01904995987851641 0
    outer loop
      vertex 11.78419628739357 14.567190283324035 1.2000000000000002
      vertex 11.78419628739357 14.567190283324035 1
      vertex 11.791580431163311 14.954739855016978 1.2000000000000002
    endloop
  endfacet
  facet normal 0 1 0
    outer loop
      vertex 11.711606711149216 14.954739855016978 1.2000000000000002
      vertex 11.791580431163311 14.954739855016978 1.2000000000000002
      vertex 11.791580431163311 14.954739855016978 1
    endloop
  endfacet
  facet normal -1 0 0
    outer loop
      vertex 12.0193095728755 14.514285714711459 1.2000000000000002
      vertex 12.0193095728755 14.579491139735492 1.2000000000000002
      vertex 12.0193095728755 14.579491139735492 1
    endloop
  endfacet
  facet normal -0.16742310857902717 0.9858851366735047 0
    outer loop
      vertex 12.0193095728755 14.579491139735492 1.2000000000000002
      vertex 12.214925855398178 14.61271071561745 1.2000000000000002
      vertex 12.214925855398178 14.61271071561745 1
    endloop
  endfacet
  facet normal 0 0 1
    outer loop
      vertex 11.503376610577106 14.509060570384772 1.2000000000000002
      vertex 11.78419628739357 14.567190283324035 1.2000000000000002
      vertex 11.580578997731209 14.657768504108699 1.2000000000000002
    endloop
  endfacet
  facet normal 0 0 1
    outer loop
      vertex 11.580578997731209 14.657768504108699 1.2000000000000002
      vertex 11.78419628739357 14.567190283324035 1.2000000000000002
      vertex 11.666086286306381 14.708668285395415 1.2000000000000002
    endloop
  endfacet
  facet normal 0 0 1
    outer loop
      vertex 11.666086286306381 14.708668285395415 1.2000000000000002
      vertex 11.78419628739357 14.567190283324035 1.2000000000000002
      vertex 11.791580431163311 14.954739855016978 1.2000000000000002
    endloop
  endfacet
  facet normal 0 0 1
    outer loop
      vertex 11.666086286306381 14.708668285395415 1.2000000000000002
      vertex 11.791580431163311 14.954739855016978 1.2000000000000002
      vertex 11.711606711149216 14.954739855016978 1.2000000000000002
    endloop
  endfacet
  facet normal 0 0 1
    outer loop
      vertex 12.0193095728755 14.514285714711459 1.2000000000000002
      vertex 12.214925855398178 14.61271071561745 1.2000000000000002
      vertex 12.0193095728755 14.579491139735492 1.2000000000000002
    endloop
  endfacet
  facet normal 0 -1 0
    outer loop
      vertex 11.68577128648758 15.759357431318076 1.2000000000000002
      vertex 11.68577128648758 15.759357431318076 1
      vertex 11.766978710889816 15.759357431318076 1.2000000000000002
    endloop
  endfacet
  facet normal 0 0 1
    outer loop
      vertex 11.68577128648758 15.759357431318076 1.2000000000000002
      vertex 11.766978710889816 15.759357431318076 1.2000000000000002
      vertex 11.648868717253208 15.973443144346984 1.2000000000000002
    endloop
  endfacet
  facet normal 0 -1 0
    outer loop
      vertex 12.0193095728755 14.514285714711459 1.2000000000000002
      vertex 12.0193095728755 14.514285714711459 1
      vertex 12.714435003697872 14.514285714711459 1.2000000000000002
    endloop
  endfacet
  facet normal 1 0 0
    outer loop
      vertex 12.452379569411278 14.61271071561745 1.2000000000000002
      vertex 12.452379569411278 14.61271071561745 1
      vertex 12.452379569411278 15.161423289562972 1.2000000000000002
    endloop
  endfacet
  facet normal 0.12575903900219518 0.9920608167391979 0
    outer loop
      vertex 12.452379569411278 14.61271071561745 1.2000000000000002
      vertex 12.714435003697872 14.579491139735492 1.2000000000000002
      vertex 12.714435003697872 14.579491139735492 1
    endloop
  endfacet
  facet normal 1 0 0
    outer loop
      vertex 12.714435003697872 14.514285714711459 1.2000000000000002
      vertex 12.714435003697872 14.514285714711459 1
      vertex 12.714435003697872 14.579491139735492 1.2000000000000002
    endloop
  endfacet
  facet normal 0 0 1
    outer loop
      vertex 12.0193095728755 14.514285714711459 1.2000000000000002
      vertex 12.452379569411278 14.61271071561745 1.2000000000000002
      vertex 12.214925855398178 14.61271071561745 1.2000000000000002
    endloop
  endfacet
  facet normal 0 0 1
    outer loop
      vertex 12.0193095728755 14.514285714711459 1.2000000000000002
      vertex 12.714435003697872 14.514285714711459 1.2000000000000002
      vertex 12.452379569411278 14.61271071561745 1.2000000000000002
    endloop
  endfacet
  facet normal 0 0 1
    outer loop
      vertex 12.214925855398178 14.61271071561745 1.2000000000000002
      vertex 12.452379569411278 14.61271071561745 1.2000000000000002
      vertex 12.452379569411278 15.161423289562972 1.2000000000000002
    endloop
  endfacet
  facet normal 0 0 1
    outer loop
      vertex 12.214925855398178 14.61271071561745 1.2000000000000002
      vertex 12.452379569411278 15.161423289562972 1.2000000000000002
      vertex 12.452379569411278 15.272167289044173 1.2000000000000002
    endloop
  endfacet
  facet normal 0 0 1
    outer loop
      vertex 12.714435003697872 14.514285714711459 1.2000000000000002
      vertex 12.714435003697872 14.579491139735492 1.2000000000000002
      vertex 12.452379569411278 14.61271071561745 1.2000000000000002
    endloop
  endfacet
  facet normal -1 0 0
    outer loop
      vertex 12.214925855398178 14.61271071561745 1.2000000000000002
      vertex 12.214925855398178 16.066933282996924 1.2000000000000002
      vertex 12.214925855398178 16.066933282996924 1
    endloop
  endfacet
  facet normal 1 0 0
    outer loop
      vertex 12.452379569411278 15.272167289044173 1.2000000000000002
      vertex 12.452379569411278 15.272167289044173 1
      vertex 12.452379569411278 16.053398714746745 1.2000000000000002
    endloop
  endfacet
  facet normal 0 -1 0
    outer loop
      vertex 12.452379569411278 15.161423289562972 1.2000000000000002
      vertex 12.452379569411278 15.161423289562972 1
      vertex 12.63814428448677 15.161423289562972 1.2000000000000002
    endloop
  endfacet
  facet normal 0 1 0
    outer loop
      vertex 12.452379569411278 15.272167289044173 1.2000000000000002
      vertex 12.580323003232479 15.272167289044173 1.2000000000000002
      vertex 12.580323003232479 15.272167289044173 1
    endloop
  endfacet
  facet normal 0.12884797667380674 -0.9916643579896708 0
    outer loop
      vertex 12.63814428448677 15.161423289562972 1.2000000000000002
      vertex 12.63814428448677 15.161423289562972 1
      vertex 12.891441248357296 15.194334426309378 1.2000000000000002
    endloop
  endfacet
  facet normal -0.1299413728951762 0.9915216788402141 0
    outer loop
      vertex 12.580323003232479 15.272167289044173 1.2000000000000002
      vertex 12.761021323502064 15.295848251666339 1.2000000000000002
      vertex 12.761021323502064 15.295848251666339 1
    endloop
  endfacet
  facet normal 0 0 1
    outer loop
      vertex 12.214925855398178 14.61271071561745 1.2000000000000002
      vertex 12.452379569411278 15.272167289044173 1.2000000000000002
      vertex 12.214925855398178 16.066933282996924 1.2000000000000002
    endloop
  endfacet
  facet normal 0 0 1
    outer loop
      vertex 12.452379569411278 15.272167289044173 1.2000000000000002
      vertex 12.452379569411278 16.053398714746745 1.2000000000000002
      vertex 12.214925855398178 16.066933282996924 1.2000000000000002
    endloop
  endfacet
  facet normal 0 0 1
    outer loop
      vertex 12.452379569411278 15.161423289562972 1.2000000000000002
      vertex 12.580323003232479 15.272167289044173 1.2000000000000002
      vertex 12.452379569411278 15.272167289044173 1.2000000000000002
    endloop
  endfacet
  facet normal 0 0 1
    outer loop
      vertex 12.452379569411278 15.161423289562972 1.2000000000000002
      vertex 12.63814428448677 15.161423289562972 1.2000000000000002
      vertex 12.580323003232479 15.272167289044173 1.2000000000000002
    endloop
  endfacet
  facet normal 0 0 1
    outer loop
      vertex 12.63814428448677 15.161423289562972 1.2000000000000002
      vertex 12.761021323502064 15.295848251666339 1.2000000000000002
      vertex 12.580323003232479 15.272167289044173 1.2000000000000002
    endloop
  endfacet
  facet normal 0 0 1
    outer loop
      vertex 12.63814428448677 15.161423289562972 1.2000000000000002
      vertex 12.891441248357296 15.194334426309378 1.2000000000000002
      vertex 12.761021323502064 15.295848251666339 1.2000000000000002
    endloop
  endfacet
  facet normal -0.5224779276725786 0.8526528104070072 0
    outer loop
      vertex 10.568643003702164 15.964208425368579 1.2000000000000002
      vertex 10.835937179625034 16.12799760826996 1
      vertex 10.568643003702164 15.964208425368579 1
    endloop
  endfacet
  facet normal 0.5955798792485176 -0.803296089517633 0
    outer loop
      vertex 10.943592354655266 16.037723289217265 1.2000000000000002
      vertex 10.755659572780132 15.898386144425185 1
      vertex 10.943592354655266 16.037723289217265 1
    endloop
  endfacet
  facet normal -0.14549851836132377 0.9893584694915487 0
    outer loop
      vertex 10.835937179625034 16.12799760826996 1.2000000000000002
      vertex 11.207180857658386 16.182594002570422 1
      vertex 10.835937179625034 16.12799760826996 1
    endloop
  endfacet
  facet normal 0.1674584799138452 -0.9858791292572048 0
    outer loop
      vertex 11.217032425105572 16.08416900166443 1.2000000000000002
      vertex 10.943592354655266 16.037723289217265 1
      vertex 11.217032425105572 16.08416900166443 1
    endloop
  endfacet
  facet normal -0.06166062914717463 -0.9980971730313509 0
    outer loop
      vertex 11.334062926471233 16.076939070011885 1.2000000000000002
      vertex 11.217032425105572 16.08416900166443 1
      vertex 11.334062926471233 16.076939070011885 1
    endloop
  endfacet
  facet normal 0.05873098817108971 0.9982738457099071 0
    outer loop
      vertex 11.207180857658386 16.182594002570422 1.2000000000000002
      vertex 11.473853640258312 16.16690496483019 1
      vertex 11.207180857658386 16.182594002570422 1
    endloop
  endfacet
  facet normal -0.1855393529306214 -0.9826368344989345 0
    outer loop
      vertex 11.44893442839384 16.05524928250483 1.2000000000000002
      vertex 11.334062926471233 16.076939070011885 1
      vertex 11.44893442839384 16.05524928250483 1
    endloop
  endfacet
  facet normal -0.31040101675283005 -0.9506057062730106 0
    outer loop
      vertex 11.5558230727911 16.020346963192733 1.2000000000000002
      vertex 11.44893442839384 16.05524928250483 1
      vertex 11.5558230727911 16.020346963192733 1
    endloop
  endfacet
  facet normal -0.5224779276725786 0.8526528104070072 0
    outer loop
      vertex 10.568643003702164 15.964208425368579 1.2000000000000002
      vertex 10.835937179625034 16.12799760826996 1.2000000000000002
      vertex 10.835937179625034 16.12799760826996 1
    endloop
  endfacet
  facet normal 0.5955798792485176 -0.803296089517633 0
    outer loop
      vertex 10.755659572780132 15.898386144425185 1.2000000000000002
      vertex 10.755659572780132 15.898386144425185 1
      vertex 10.943592354655266 16.037723289217265 1.2000000000000002
    endloop
  endfacet
  facet normal 0 0 1
    outer loop
      vertex 10.568643003702164 15.964208425368579 1.2000000000000002
      vertex 10.755659572780132 15.898386144425185 1.2000000000000002
      vertex 10.835937179625034 16.12799760826996 1.2000000000000002
    endloop
  endfacet
  facet normal 0 0 1
    outer loop
      vertex 10.755659572780132 15.898386144425185 1.2000000000000002
      vertex 10.943592354655266 16.037723289217265 1.2000000000000002
      vertex 10.835937179625034 16.12799760826996 1.2000000000000002
    endloop
  endfacet
  facet normal 0.1674584799138452 -0.9858791292572048 0
    outer loop
      vertex 10.943592354655266 16.037723289217265 1.2000000000000002
      vertex 10.943592354655266 16.037723289217265 1
      vertex 11.217032425105572 16.08416900166443 1.2000000000000002
    endloop
  endfacet
  facet normal -0.14549851836132377 0.9893584694915487 0
    outer loop
      vertex 10.835937179625034 16.12799760826996 1.2000000000000002
      vertex 11.207180857658386 16.182594002570422 1.2000000000000002
      vertex 11.207180857658386 16.182594002570422 1
    endloop
  endfacet
  facet normal -0.06166062914717463 -0.9980971730313509 0
    outer loop
      vertex 11.217032425105572 16.08416900166443 1.2000000000000002
      vertex 11.217032425105572 16.08416900166443 1
      vertex 11.334062926471233 16.076939070011885 1.2000000000000002
    endloop
  endfacet
  facet normal -0.1855393529306214 -0.9826368344989345 0
    outer loop
      vertex 11.334062926471233 16.076939070011885 1.2000000000000002
      vertex 11.334062926471233 16.076939070011885 1
      vertex 11.44893442839384 16.05524928250483 1.2000000000000002
    endloop
  endfacet
  facet normal -0.31040101675283005 -0.9506057062730106 0
    outer loop
      vertex 11.5558230727911 16.020346963192733 1.2000000000000002
      vertex 11.44893442839384 16.05524928250483 1.2000000000000002
      vertex 11.44893442839384 16.05524928250483 1
    endloop
  endfacet
  facet normal 0.05873098817108971 0.9982738457099071 0
    outer loop
      vertex 11.207180857658386 16.182594002570422 1.2000000000000002
      vertex 11.473853640258312 16.16690496483019 1.2000000000000002
      vertex 11.473853640258312 16.16690496483019 1
    endloop
  endfacet
  facet normal 0 0 1
    outer loop
      vertex 10.943592354655266 16.037723289217265 1.2000000000000002
      vertex 11.207180857658386 16.182594002570422 1.2000000000000002
      vertex 10.835937179625034 16.12799760826996 1.2000000000000002
    endloop
  endfacet
  facet normal 0 0 1
    outer loop
      vertex 10.943592354655266 16.037723289217265 1.2000000000000002
      vertex 11.217032425105572 16.08416900166443 1.2000000000000002
      vertex 11.207180857658386 16.182594002570422 1.2000000000000002
    endloop
  endfacet
  facet normal 0 0 1
    outer loop
      vertex 11.217032425105572 16.08416900166443 1.2000000000000002
      vertex 11.334062926471233 16.076939070011885 1.2000000000000002
      vertex 11.207180857658386 16.182594002570422 1.2000000000000002
    endloop
  endfacet
  facet normal 0 0 1
    outer loop
      vertex 11.207180857658386 16.182594002570422 1.2000000000000002
      vertex 11.334062926471233 16.076939070011885 1.2000000000000002
      vertex 11.473853640258312 16.16690496483019 1.2000000000000002
    endloop
  endfacet
  facet normal 0 0 1
    outer loop
      vertex 11.334062926471233 16.076939070011885 1.2000000000000002
      vertex 11.44893442839384 16.05524928250483 1.2000000000000002
      vertex 11.473853640258312 16.16690496483019 1.2000000000000002
    endloop
  endfacet
  facet normal 0 0 1
    outer loop
      vertex 11.5558230727911 16.020346963192733 1.2000000000000002
      vertex 11.473853640258312 16.16690496483019 1.2000000000000002
      vertex 11.44893442839384 16.05524928250483 1.2000000000000002
    endloop
  endfacet
  facet normal 0 -1 0
    outer loop
      vertex 10.909886553883553 18.142857143070014 1.2000000000000002
      vertex 9.722864732146263 18.142857143070014 1
      vertex 10.909886553883553 18.142857143070014 1
    endloop
  endfacet
  facet normal 0.15507961352644067 0.9879019756375071 0
    outer loop
      vertex 10.528973646461964 18.320022144700797 1.2000000000000002
      vertex 10.909886553883553 18.260226914073737 1
      vertex 10.528973646461964 18.320022144700797 1
    endloop
  endfacet
  facet normal 1 0 0
    outer loop
      vertex 10.909886553883553 18.260226914073737 1.2000000000000002
      vertex 10.909886553883553 18.142857143070014 1
      vertex 10.909886553883553 18.260226914073737 1
    endloop
  endfacet
  facet normal 0 0 1
    outer loop
      vertex 10.909886553883553 18.142857143070014 1.2000000000000002
      vertex 10.909886553883553 18.260226914073737 1.2000000000000002
      vertex 10.528973646461964 18.320022144700797 1.2000000000000002
    endloop
  endfacet
  facet normal 0.15507961352644067 0.9879019756375071 0
    outer loop
      vertex 10.528973646461964 18.320022144700797 1.2000000000000002
      vertex 10.909886553883553 18.260226914073737 1.2000000000000002
      vertex 10.909886553883553 18.260226914073737 1
    endloop
  endfacet
  facet normal 0 0 1
    outer loop
      vertex 10.909886553883553 18.142857143070014 1.2000000000000002
      vertex 10.528973646461964 18.320022144700797 1.2000000000000002
      vertex 10.103777639567852 18.320022144700797 1.2000000000000002
    endloop
  endfacet
  facet normal 1 0 0
    outer loop
      vertex 10.909886553883553 18.142857143070014 1.2000000000000002
      vertex 10.909886553883553 18.142857143070014 1
      vertex 10.909886553883553 18.260226914073737 1.2000000000000002
    endloop
  endfacet
  facet normal -0.8420930531207519 -0.5393322629750334 0
    outer loop
      vertex 11.356195397675037 18.96362094708851 1.2000000000000002
      vertex 11.356195397675037 18.96362094708851 1
      vertex 11.658486239612103 18.49163542815617 1.2000000000000002
    endloop
  endfacet
  facet normal -0.4501363460774989 -0.8929598366891975 0
    outer loop
      vertex 11.648868717253208 15.973443144346984 1.2000000000000002
      vertex 11.5558230727911 16.020346963192733 1
      vertex 11.648868717253208 15.973443144346984 1
    endloop
  endfacet
  facet normal 0.16252934842501912 0.9867037097835087 0
    outer loop
      vertex 11.473853640258312 16.16690496483019 1.2000000000000002
      vertex 11.759594574570656 16.11983785906008 1
      vertex 11.473853640258312 16.16690496483019 1
    endloop
  endfacet
  facet normal 0.9997902657343251 0.020479857003597522 0
    outer loop
      vertex 11.759594574570656 16.11983785906008 1.2000000000000002
      vertex 11.766978710889816 15.759357431318076 1
      vertex 11.759594574570656 16.11983785906008 1
    endloop
  endfacet
  facet normal -1 0 0
    outer loop
      vertex 12.003307573497295 16.098937289203914 1.2000000000000002
      vertex 12.003307573497295 16.164142714227946 1
      vertex 12.003307573497295 16.098937289203914 1
    endloop
  endfacet
  facet normal -0.14953420185358526 -0.9887565536956057 0
    outer loop
      vertex 12.214925855398178 16.066933282996924 1.2000000000000002
      vertex 12.003307573497295 16.098937289203914 1
      vertex 12.214925855398178 16.066933282996924 1
    endloop
  endfacet
  facet normal 0 1 0
    outer loop
      vertex 12.003307573497295 16.164142714227946 1.2000000000000002
      vertex 12.625843428075314 16.164142714227946 1
      vertex 12.003307573497295 16.164142714227946 1
    endloop
  endfacet
  facet normal 0 -1 0
    outer loop
      vertex 12.572938859462738 16.053398714746745 1.2000000000000002
      vertex 12.452379569411278 16.053398714746745 1
      vertex 12.572938859462738 16.053398714746745 1
    endloop
  endfacet
  facet normal -0.11323947663308084 -0.9935677233746405 0
    outer loop
      vertex 12.764559179544449 16.031559252526076 1.2000000000000002
      vertex 12.572938859462738 16.053398714746745 1
      vertex 12.764559179544449 16.031559252526076 1
    endloop
  endfacet
  facet normal 0.2585167435087583 0.9660067770598852 0
    outer loop
      vertex 12.625843428075314 16.164142714227946 1.2000000000000002
      vertex 13.079832144081593 16.042649069215567 1
      vertex 12.625843428075314 16.164142714227946 1
    endloop
  endfacet
  facet normal -0.4501363460774989 -0.8929598366891975 0
    outer loop
      vertex 11.5558230727911 16.020346963192733 1.2000000000000002
      vertex 11.5558230727911 16.020346963192733 1
      vertex 11.648868717253208 15.973443144346984 1.2000000000000002
    endloop
  endfacet
  facet normal -0.9854668670560632 -0.16986775425226408 0
    outer loop
      vertex 11.68577128648758 15.759357431318076 1.2000000000000002
      vertex 11.648868717253208 15.973443144346984 1.2000000000000002
      vertex 11.648868717253208 15.973443144346984 1
    endloop
  endfacet
  facet normal 0.16252934842501912 0.9867037097835087 0
    outer loop
      vertex 11.473853640258312 16.16690496483019 1.2000000000000002
      vertex 11.759594574570656 16.11983785906008 1.2000000000000002
      vertex 11.759594574570656 16.11983785906008 1
    endloop
  endfacet
  facet normal 0.9997902657343251 0.020479857003597522 0
    outer loop
      vertex 11.766978710889816 15.759357431318076 1.2000000000000002
      vertex 11.766978710889816 15.759357431318076 1
      vertex 11.759594574570656 16.11983785906008 1.2000000000000002
    endloop
  endfacet
  facet normal -1 0 0
    outer loop
      vertex 12.003307573497295 16.098937289203914 1.2000000000000002
      vertex 12.003307573497295 16.164142714227946 1.2000000000000002
      vertex 12.003307573497295 16.164142714227946 1
    endloop
  endfacet
  facet normal -0.14953420185358526 -0.9887565536956057 0
    outer loop
      vertex 12.003307573497295 16.098937289203914 1.2000000000000002
      vertex 12.003307573497295 16.098937289203914 1
      vertex 12.214925855398178 16.066933282996924 1.2000000000000002
    endloop
  endfacet
  facet normal 0 0 1
    outer loop
      vertex 11.5558230727911 16.020346963192733 1.2000000000000002
      vertex 11.648868717253208 15.973443144346984 1.2000000000000002
      vertex 11.759594574570656 16.11983785906008 1.2000000000000002
    endloop
  endfacet
  facet normal 0 0 1
    outer loop
      vertex 11.5558230727911 16.020346963192733 1.2000000000000002
      vertex 11.759594574570656 16.11983785906008 1.2000000000000002
      vertex 11.473853640258312 16.16690496483019 1.2000000000000002
    endloop
  endfacet
  facet normal 0 0 1
    outer loop
      vertex 11.648868717253208 15.973443144346984 1.2000000000000002
      vertex 11.766978710889816 15.759357431318076 1.2000000000000002
      vertex 11.759594574570656 16.11983785906008 1.2000000000000002
    endloop
  endfacet
  facet normal 0 0 1
    outer loop
      vertex 12.003307573497295 16.098937289203914 1.2000000000000002
      vertex 12.214925855398178 16.066933282996924 1.2000000000000002
      vertex 12.003307573497295 16.164142714227946 1.2000000000000002
    endloop
  endfacet
  facet normal 0 1 0
    outer loop
      vertex 12.003307573497295 16.164142714227946 1.2000000000000002
      vertex 12.625843428075314 16.164142714227946 1.2000000000000002
      vertex 12.625843428075314 16.164142714227946 1
    endloop
  endfacet
  facet normal 0 -1 0
    outer loop
      vertex 12.452379569411278 16.053398714746745 1.2000000000000002
      vertex 12.452379569411278 16.053398714746745 1
      vertex 12.572938859462738 16.053398714746745 1.2000000000000002
    endloop
  endfacet
  facet normal -0.11323947663308084 -0.9935677233746405 0
    outer loop
      vertex 12.572938859462738 16.053398714746745 1.2000000000000002
      vertex 12.572938859462738 16.053398714746745 1
      vertex 12.764559179544449 16.031559252526076 1.2000000000000002
    endloop
  endfacet
  facet normal -0.45841253276875926 -0.8887395286587242 0
    outer loop
      vertex 12.764559179544449 16.031559252526076 1.2000000000000002
      vertex 12.764559179544449 16.031559252526076 1
      vertex 12.891581855714321 15.96604085841349 1.2000000000000002
    endloop
  endfacet
  facet normal 0 0 1
    outer loop
      vertex 12.003307573497295 16.164142714227946 1.2000000000000002
      vertex 12.214925855398178 16.066933282996924 1.2000000000000002
      vertex 12.625843428075314 16.164142714227946 1.2000000000000002
    endloop
  endfacet
  facet normal 0 0 1
    outer loop
      vertex 12.214925855398178 16.066933282996924 1.2000000000000002
      vertex 12.452379569411278 16.053398714746745 1.2000000000000002
      vertex 12.625843428075314 16.164142714227946 1.2000000000000002
    endloop
  endfacet
  facet normal 0 0 1
    outer loop
      vertex 12.452379569411278 16.053398714746745 1.2000000000000002
      vertex 12.572938859462738 16.053398714746745 1.2000000000000002
      vertex 12.625843428075314 16.164142714227946 1.2000000000000002
    endloop
  endfacet
  facet normal 0 0 1
    outer loop
      vertex 12.572938859462738 16.053398714746745 1.2000000000000002
      vertex 12.764559179544449 16.031559252526076 1.2000000000000002
      vertex 12.625843428075314 16.164142714227946 1.2000000000000002
    endloop
  endfacet
  facet normal -0.8420930531207519 -0.5393322629750334 0
    outer loop
      vertex 11.658486239612103 18.49163542815617 1.2000000000000002
      vertex 11.356195397675037 18.96362094708851 1
      vertex 11.658486239612103 18.49163542815617 1
    endloop
  endfacet
  facet normal -0.5211469743535904 -0.8534669478791187 0
    outer loop
      vertex 12.141264952719212 18.19683940091303 1.2000000000000002
      vertex 11.658486239612103 18.49163542815617 1
      vertex 12.141264952719212 18.19683940091303 1
    endloop
  endfacet
  facet normal 0.6059528899380878 0.7955005312227513 0
    outer loop
      vertex 11.991785041987896 18.61011554428509 1.2000000000000002
      vertex 12.327573947608471 18.354336635555537 1
      vertex 11.991785041987896 18.61011554428509 1
    endloop
  endfacet
  facet normal 0.8975054538448025 0.4410033563577889 0
    outer loop
      vertex 11.786657363176346 19.027579964484485 1.2000000000000002
      vertex 11.991785041987896 18.61011554428509 1
      vertex 11.786657363176346 19.027579964484485 1
    endloop
  endfacet
  facet normal -0.15124693966386799 -0.9884960107366717 0
    outer loop
      vertex 12.783492155373096 18.098574058498652 1.2000000000000002
      vertex 12.141264952719212 18.19683940091303 1
      vertex 12.783492155373096 18.098574058498652 1
    endloop
  endfacet
  facet normal 0.18210550094079214 0.9832789972978693 0
    outer loop
      vertex 12.327573947608471 18.354336635555537 1.2000000000000002
      vertex 12.78793352842331 18.269076996828826 1
      vertex 12.327573947608471 18.354336635555537 1
    endloop
  endfacet
  facet normal -0.5211469743535904 -0.8534669478791187 0
    outer loop
      vertex 11.658486239612103 18.49163542815617 1.2000000000000002
      vertex 11.658486239612103 18.49163542815617 1
      vertex 12.141264952719212 18.19683940091303 1.2000000000000002
    endloop
  endfacet
  facet normal 0.8975054538448025 0.4410033563577889 0
    outer loop
      vertex 11.786657363176346 19.027579964484485 1.2000000000000002
      vertex 11.991785041987896 18.61011554428509 1.2000000000000002
      vertex 11.991785041987896 18.61011554428509 1
    endloop
  endfacet
  facet normal 0 0 1
    outer loop
      vertex 11.356195397675037 18.96362094708851 1.2000000000000002
      vertex 11.658486239612103 18.49163542815617 1.2000000000000002
      vertex 11.786657363176346 19.027579964484485 1.2000000000000002
    endloop
  endfacet
  facet normal 0 0 1
    outer loop
      vertex 11.658486239612103 18.49163542815617 1.2000000000000002
      vertex 11.991785041987896 18.61011554428509 1.2000000000000002
      vertex 11.786657363176346 19.027579964484485 1.2000000000000002
    endloop
  endfacet
  facet normal 0 0 1
    outer loop
      vertex 11.658486239612103 18.49163542815617 1.2000000000000002
      vertex 12.141264952719212 18.19683940091303 1.2000000000000002
      vertex 11.991785041987896 18.61011554428509 1.2000000000000002
    endloop
  endfacet
  facet normal 0 0 1
    outer loop
      vertex 12.141264952719212 18.19683940091303 1.2000000000000002
      vertex 12.327573947608471 18.354336635555537 1.2000000000000002
      vertex 11.991785041987896 18.61011554428509 1.2000000000000002
    endloop
  endfacet
  facet normal -0.15124693966386799 -0.9884960107366717 0
    outer loop
      vertex 12.783492155373096 18.098574058498652 1.2000000000000002
      vertex 12.141264952719212 18.19683940091303 1.2000000000000002
      vertex 12.141264952719212 18.19683940091303 1
    endloop
  endfacet
  facet normal 0 0 1
    outer loop
      vertex 12.783492155373096 18.098574058498652 1.2000000000000002
      vertex 12.327573947608471 18.354336635555537 1.2000000000000002
      vertex 12.141264952719212 18.19683940091303 1.2000000000000002
    endloop
  endfacet
  facet normal 0 0 1
    outer loop
      vertex 12.783492155373096 18.098574058498652 1.2000000000000002
      vertex 12.78793352842331 18.269076996828826 1.2000000000000002
      vertex 12.327573947608471 18.354336635555537 1.2000000000000002
    endloop
  endfacet
  facet normal 0.6059528899380878 0.7955005312227513 0
    outer loop
      vertex 11.991785041987896 18.61011554428509 1.2000000000000002
      vertex 12.327573947608471 18.354336635555537 1.2000000000000002
      vertex 12.327573947608471 18.354336635555537 1
    endloop
  endfacet
  facet normal 0.18210550094079214 0.9832789972978693 0
    outer loop
      vertex 12.327573947608471 18.354336635555537 1.2000000000000002
      vertex 12.78793352842331 18.269076996828826 1.2000000000000002
      vertex 12.78793352842331 18.269076996828826 1
    endloop
  endfacet
  facet normal -1 0 0
    outer loop
      vertex 13.404716283082962 14.514285714711459 1.2000000000000002
      vertex 13.404716283082962 14.579491139735492 1
      vertex 13.404716283082962 14.514285714711459 1
    endloop
  endfacet
  facet normal -0.8588969617612794 0.5121484248508859 0
    outer loop
      vertex 12.887281998991966 15.366891146983416 1.2000000000000002
      vertex 12.961563393473625 15.491464534189017 1
      vertex 12.887281998991966 15.366891146983416 1
    endloop
  endfacet
  facet normal 0.46780183157897554 -0.883833381566546 0
    outer loop
      vertex 13.077981568872929 15.29306785890034 1.2000000000000002
      vertex 12.891441248357296 15.194334426309378 1
      vertex 13.077981568872929 15.29306785890034 1
    endloop
  endfacet
  facet normal -0.9910894891713876 0.1331976893718424 0
    outer loop
      vertex 12.961563393473625 15.491464534189017 1.2000000000000002
      vertex 12.986323855817318 15.675700717951567 1
      vertex 12.961563393473625 15.491464534189017 1
    endloop
  endfacet
  facet normal -0.990870811327814 -0.13481481839382334 0
    outer loop
      vertex 12.986323855817318 15.675700717951567 1.2000000000000002
      vertex 12.962638355791569 15.849785962487967 1
      vertex 12.986323855817318 15.675700717951567 1
    endloop
  endfacet
  facet normal 0.8158674194605371 -0.5782390110177659 0
    outer loop
      vertex 13.192866675555706 15.455165216113837 1.2000000000000002
      vertex 13.077981568872929 15.29306785890034 1
      vertex 13.192866675555706 15.455165216113837 1
    endloop
  endfacet
  facet normal 0.9855736632601193 -0.16924702150415757 0
    outer loop
      vertex 13.231161713600159 15.678168141629012 1.2000000000000002
      vertex 13.192866675555706 15.455165216113837 1
      vertex 13.231161713600159 15.678168141629012 1
    endloop
  endfacet
  facet normal -0.1550796232845237 0.9879019741056955 0
    outer loop
      vertex 13.404716283082962 14.579491139735492 1.2000000000000002
      vertex 13.616334572434425 14.61271071561745 1
      vertex 13.404716283082962 14.579491139735492 1
    endloop
  endfacet
  facet normal 0 -1 0
    outer loop
      vertex 13.966963425278664 14.514285714711459 1.2000000000000002
      vertex 13.404716283082962 14.514285714711459 1
      vertex 13.966963425278664 14.514285714711459 1
    endloop
  endfacet
  facet normal 0.14834839590330104 0.988935161389723 0
    outer loop
      vertex 13.745511710643768 14.61271071561745 1.2000000000000002
      vertex 13.966963425278664 14.579491139735492 1
      vertex 13.745511710643768 14.61271071561745 1
    endloop
  endfacet
  facet normal 1 0 0
    outer loop
      vertex 13.966963425278664 14.579491139735492 1.2000000000000002
      vertex 13.966963425278664 14.514285714711459 1
      vertex 13.966963425278664 14.579491139735492 1
    endloop
  endfacet
  facet normal -1 0 0
    outer loop
      vertex 13.616334572434425 16.066933282996924 1.2000000000000002
      vertex 13.616334572434425 16.066933282996924 1
      vertex 13.616334572434425 14.61271071561745 1
    endloop
  endfacet
  facet normal 1 0 0
    outer loop
      vertex 13.745511710643768 15.998044857169898 1.2000000000000002
      vertex 13.745511710643768 14.61271071561745 1
      vertex 13.745511710643768 15.998044857169898 1
    endloop
  endfacet
  facet normal -1 0 0
    outer loop
      vertex 13.404716283082962 14.514285714711459 1.2000000000000002
      vertex 13.404716283082962 14.579491139735492 1.2000000000000002
      vertex 13.404716283082962 14.579491139735492 1
    endloop
  endfacet
  facet normal 0.46780183157897554 -0.883833381566546 0
    outer loop
      vertex 12.891441248357296 15.194334426309378 1.2000000000000002
      vertex 12.891441248357296 15.194334426309378 1
      vertex 13.077981568872929 15.29306785890034 1.2000000000000002
    endloop
  endfacet
  facet normal -0.4903727390814467 0.8715128092952849 0
    outer loop
      vertex 12.761021323502064 15.295848251666339 1.2000000000000002
      vertex 12.887281998991966 15.366891146983416 1.2000000000000002
      vertex 12.887281998991966 15.366891146983416 1
    endloop
  endfacet
  facet normal -0.8588969617612794 0.5121484248508859 0
    outer loop
      vertex 12.887281998991966 15.366891146983416 1.2000000000000002
      vertex 12.961563393473625 15.491464534189017 1.2000000000000002
      vertex 12.961563393473625 15.491464534189017 1
    endloop
  endfacet
  facet normal 0.8158674194605371 -0.5782390110177659 0
    outer loop
      vertex 13.077981568872929 15.29306785890034 1.2000000000000002
      vertex 13.077981568872929 15.29306785890034 1
      vertex 13.192866675555706 15.455165216113837 1.2000000000000002
    endloop
  endfacet
  facet normal -0.990870811327814 -0.13481481839382334 0
    outer loop
      vertex 12.986323855817318 15.675700717951567 1.2000000000000002
      vertex 12.962638355791569 15.849785962487967 1.2000000000000002
      vertex 12.962638355791569 15.849785962487967 1
    endloop
  endfacet
  facet normal -0.9910894891713876 0.1331976893718424 0
    outer loop
      vertex 12.961563393473625 15.491464534189017 1.2000000000000002
      vertex 12.986323855817318 15.675700717951567 1.2000000000000002
      vertex 12.986323855817318 15.675700717951567 1
    endloop
  endfacet
  facet normal 0.9855736632601193 -0.16924702150415757 0
    outer loop
      vertex 13.192866675555706 15.455165216113837 1.2000000000000002
      vertex 13.192866675555706 15.455165216113837 1
      vertex 13.231161713600159 15.678168141629012 1.2000000000000002
    endloop
  endfacet
  facet normal 0.9235597197856338 0.3834546179008432 0
    outer loop
      vertex 13.231161713600159 15.678168141629012 1.2000000000000002
      vertex 13.231161713600159 15.678168141629012 1
      vertex 13.079832144081593 16.042649069215567 1.2000000000000002
    endloop
  endfacet
  facet normal 0 0 1
    outer loop
      vertex 12.761021323502064 15.295848251666339 1.2000000000000002
      vertex 12.891441248357296 15.194334426309378 1.2000000000000002
      vertex 12.887281998991966 15.366891146983416 1.2000000000000002
    endloop
  endfacet
  facet normal 0 0 1
    outer loop
      vertex 12.891441248357296 15.194334426309378 1.2000000000000002
      vertex 13.077981568872929 15.29306785890034 1.2000000000000002
      vertex 12.887281998991966 15.366891146983416 1.2000000000000002
    endloop
  endfacet
  facet normal 0 0 1
    outer loop
      vertex 12.887281998991966 15.366891146983416 1.2000000000000002
      vertex 13.077981568872929 15.29306785890034 1.2000000000000002
      vertex 12.961563393473625 15.491464534189017 1.2000000000000002
    endloop
  endfacet
  facet normal 0 0 1
    outer loop
      vertex 12.961563393473625 15.491464534189017 1.2000000000000002
      vertex 13.077981568872929 15.29306785890034 1.2000000000000002
      vertex 13.192866675555706 15.455165216113837 1.2000000000000002
    endloop
  endfacet
  facet normal 0 0 1
    outer loop
      vertex 12.961563393473625 15.491464534189017 1.2000000000000002
      vertex 13.192866675555706 15.455165216113837 1.2000000000000002
      vertex 12.986323855817318 15.675700717951567 1.2000000000000002
    endloop
  endfacet
  facet normal 0 0 1
    outer loop
      vertex 12.986323855817318 15.675700717951567 1.2000000000000002
      vertex 13.231161713600159 15.678168141629012 1.2000000000000002
      vertex 12.962638355791569 15.849785962487967 1.2000000000000002
    endloop
  endfacet
  facet normal 0 0 1
    outer loop
      vertex 13.231161713600159 15.678168141629012 1.2000000000000002
      vertex 13.079832144081593 16.042649069215567 1.2000000000000002
      vertex 12.962638355791569 15.849785962487967 1.2000000000000002
    endloop
  endfacet
  facet normal 0 0 1
    outer loop
      vertex 12.986323855817318 15.675700717951567 1.2000000000000002
      vertex 13.192866675555706 15.455165216113837 1.2000000000000002
      vertex 13.231161713600159 15.678168141629012 1.2000000000000002
    endloop
  endfacet
  facet normal 0 -1 0
    outer loop
      vertex 13.404716283082962 14.514285714711459 1.2000000000000002
      vertex 13.404716283082962 14.514285714711459 1
      vertex 13.966963425278664 14.514285714711459 1.2000000000000002
    endloop
  endfacet
  facet normal -0.1550796232845237 0.9879019741056955 0
    outer loop
      vertex 13.404716283082962 14.579491139735492 1.2000000000000002
      vertex 13.616334572434425 14.61271071561745 1.2000000000000002
      vertex 13.616334572434425 14.61271071561745 1
    endloop
  endfacet
  facet normal 1 0 0
    outer loop
      vertex 13.745511710643768 14.61271071561745 1.2000000000000002
      vertex 13.745511710643768 14.61271071561745 1
      vertex 13.745511710643768 15.998044857169898 1.2000000000000002
    endloop
  endfacet
  facet normal 0.14834839590330104 0.988935161389723 0
    outer loop
      vertex 13.745511710643768 14.61271071561745 1.2000000000000002
      vertex 13.966963425278664 14.579491139735492 1.2000000000000002
      vertex 13.966963425278664 14.579491139735492 1
    endloop
  endfacet
  facet normal 1 0 0
    outer loop
      vertex 13.966963425278664 14.514285714711459 1.2000000000000002
      vertex 13.966963425278664 14.514285714711459 1
      vertex 13.966963425278664 14.579491139735492 1.2000000000000002
    endloop
  endfacet
  facet normal 0 0 1
    outer loop
      vertex 13.404716283082962 14.514285714711459 1.2000000000000002
      vertex 13.616334572434425 14.61271071561745 1.2000000000000002
      vertex 13.404716283082962 14.579491139735492 1.2000000000000002
    endloop
  endfacet
  facet normal 0 0 1
    outer loop
      vertex 13.404716283082962 14.514285714711459 1.2000000000000002
      vertex 13.966963425278664 14.514285714711459 1.2000000000000002
      vertex 13.616334572434425 14.61271071561745 1.2000000000000002
    endloop
  endfacet
  facet normal 0 0 1
    outer loop
      vertex 13.616334572434425 14.61271071561745 1.2000000000000002
      vertex 13.745511710643768 14.61271071561745 1.2000000000000002
      vertex 13.745511710643768 15.998044857169898 1.2000000000000002
    endloop
  endfacet
  facet normal 0 0 1
    outer loop
      vertex 13.966963425278664 14.514285714711459 1.2000000000000002
      vertex 13.745511710643768 14.61271071561745 1.2000000000000002
      vertex 13.616334572434425 14.61271071561745 1.2000000000000002
    endloop
  endfacet
  facet normal 0 0 1
    outer loop
      vertex 13.966963425278664 14.514285714711459 1.2000000000000002
      vertex 13.966963425278664 14.579491139735492 1.2000000000000002
      vertex 13.745511710643768 14.61271071561745 1.2000000000000002
    endloop
  endfacet
  facet normal -1 0 0
    outer loop
      vertex 13.616334572434425 14.61271071561745 1.2000000000000002
      vertex 13.616334572434425 16.066933282996924 1.2000000000000002
      vertex 13.616334572434425 14.61271071561745 1
    endloop
  endfacet
  facet normal -0.8247198463981076 -0.5655414882721529 0
    outer loop
      vertex 13.745511710643768 15.998044857169898 1.2000000000000002
      vertex 13.745511710643768 15.998044857169898 1
      vertex 14.762981288135052 14.514285714711459 1.2000000000000002
    endloop
  endfacet
  facet normal 0 0 1
    outer loop
      vertex 13.616334572434425 14.61271071561745 1.2000000000000002
      vertex 13.745511710643768 15.998044857169898 1.2000000000000002
      vertex 13.616334572434425 16.066933282996924 1.2000000000000002
    endloop
  endfacet
  facet normal -0.8247198463981076 -0.5655414882721529 0
    outer loop
      vertex 14.762981288135052 14.514285714711459 1.2000000000000002
      vertex 13.745511710643768 15.998044857169898 1
      vertex 14.762981288135052 14.514285714711459 1
    endloop
  endfacet
  facet normal 0.8212128117239231 0.5706220446674737 0
    outer loop
      vertex 13.904225431382656 16.164142714227946 1.2000000000000002
      vertex 14.753129713237286 14.942438998605521 1
      vertex 13.904225431382656 16.164142714227946 1
    endloop
  endfacet
  facet normal 0 -1 0
    outer loop
      vertex 14.882325001060963 14.514285714711459 1.2000000000000002
      vertex 14.762981288135052 14.514285714711459 1
      vertex 14.882325001060963 14.514285714711459 1
    endloop
  endfacet
  facet normal -1 0 0
    outer loop
      vertex 14.753129713237286 14.942438998605521 1.2000000000000002
      vertex 14.753129713237286 16.066933282996924 1
      vertex 14.753129713237286 14.942438998605521 1
    endloop
  endfacet
  facet normal 1 0 0
    outer loop
      vertex 14.882325001060963 16.066933282996924 1.2000000000000002
      vertex 14.882325001060963 14.514285714711459 1
      vertex 14.882325001060963 16.066933282996924 1
    endloop
  endfacet
  facet normal 0 0 1
    outer loop
      vertex 13.745511710643768 15.998044857169898 1.2000000000000002
      vertex 14.762981288135052 14.514285714711459 1.2000000000000002
      vertex 14.882325001060963 14.514285714711459 1.2000000000000002
    endloop
  endfacet
  facet normal 0.8212128117239231 0.5706220446674737 0
    outer loop
      vertex 13.904225431382656 16.164142714227946 1.2000000000000002
      vertex 14.753129713237286 14.942438998605521 1.2000000000000002
      vertex 14.753129713237286 14.942438998605521 1
    endloop
  endfacet
  facet normal 0 0 1
    outer loop
      vertex 13.745511710643768 15.998044857169898 1.2000000000000002
      vertex 14.753129713237286 14.942438998605521 1.2000000000000002
      vertex 13.904225431382656 16.164142714227946 1.2000000000000002
    endloop
  endfacet
  facet normal 0 0 1
    outer loop
      vertex 13.745511710643768 15.998044857169898 1.2000000000000002
      vertex 14.882325001060963 14.514285714711459 1.2000000000000002
      vertex 14.753129713237286 14.942438998605521 1.2000000000000002
    endloop
  endfacet
  facet normal 0 -1 0
    outer loop
      vertex 14.762981288135052 14.514285714711459 1.2000000000000002
      vertex 14.762981288135052 14.514285714711459 1
      vertex 14.882325001060963 14.514285714711459 1.2000000000000002
    endloop
  endfacet
  facet normal 1 0 0
    outer loop
      vertex 14.882325001060963 14.514285714711459 1.2000000000000002
      vertex 14.882325001060963 14.514285714711459 1
      vertex 14.882325001060963 16.066933282996924 1.2000000000000002
    endloop
  endfacet
  facet normal -1 0 0
    outer loop
      vertex 14.753129713237286 14.942438998605521 1.2000000000000002
      vertex 14.753129713237286 16.066933282996924 1.2000000000000002
      vertex 14.753129713237286 16.066933282996924 1
    endloop
  endfacet
  facet normal 0 0 1
    outer loop
      vertex 14.882325001060963 14.514285714711459 1.2000000000000002
      vertex 14.882325001060963 16.066933282996924 1.2000000000000002
      vertex 14.753129713237286 14.942438998605521 1.2000000000000002
    endloop
  endfacet
  facet normal 0 0 1
    outer loop
      vertex 14.753129713237286 14.942438998605521 1.2000000000000002
      vertex 14.882325001060963 16.066933282996924 1.2000000000000002
      vertex 14.753129713237286 16.066933282996924 1.2000000000000002
    endloop
  endfacet
  facet normal -0.45841253276875926 -0.8887395286587242 0
    outer loop
      vertex 12.891581855714321 15.96604085841349 1.2000000000000002
      vertex 12.764559179544449 16.031559252526076 1
      vertex 12.891581855714321 15.96604085841349 1
    endloop
  endfacet
  facet normal -0.8532431615121754 -0.52151328586404 0
    outer loop
      vertex 12.962638355791569 15.849785962487967 1.2000000000000002
      vertex 12.891581855714321 15.96604085841349 1
      vertex 12.962638355791569 15.849785962487967 1
    endloop
  endfacet
  facet normal 0.9235597197856338 0.3834546179008432 0
    outer loop
      vertex 13.079832144081593 16.042649069215567 1.2000000000000002
      vertex 13.231161713600159 15.678168141629012 1
      vertex 13.079832144081593 16.042649069215567 1
    endloop
  endfacet
  facet normal -1 0 0
    outer loop
      vertex 13.404716283082962 16.098937289203914 1.2000000000000002
      vertex 13.404716283082962 16.164142714227946 1
      vertex 13.404716283082962 16.098937289203914 1
    endloop
  endfacet
  facet normal -0.14953419670656112 -0.9887565544740139 0
    outer loop
      vertex 13.616334572434425 16.066933282996924 1.2000000000000002
      vertex 13.404716283082962 16.098937289203914 1
      vertex 13.616334572434425 16.066933282996924 1
    endloop
  endfacet
  facet normal 0 1 0
    outer loop
      vertex 13.404716283082962 16.164142714227946 1.2000000000000002
      vertex 13.904225431382656 16.164142714227946 1
      vertex 13.404716283082962 16.164142714227946 1
    endloop
  endfacet
  facet normal -0.8532431615121754 -0.52151328586404 0
    outer loop
      vertex 12.962638355791569 15.849785962487967 1.2000000000000002
      vertex 12.891581855714321 15.96604085841349 1.2000000000000002
      vertex 12.891581855714321 15.96604085841349 1
    endloop
  endfacet
  facet normal 0.2585167435087583 0.9660067770598852 0
    outer loop
      vertex 12.625843428075314 16.164142714227946 1.2000000000000002
      vertex 13.079832144081593 16.042649069215567 1.2000000000000002
      vertex 13.079832144081593 16.042649069215567 1
    endloop
  endfacet
  facet normal -1 0 0
    outer loop
      vertex 13.404716283082962 16.098937289203914 1.2000000000000002
      vertex 13.404716283082962 16.164142714227946 1.2000000000000002
      vertex 13.404716283082962 16.164142714227946 1
    endloop
  endfacet
  facet normal 0 0 1
    outer loop
      vertex 12.764559179544449 16.031559252526076 1.2000000000000002
      vertex 12.891581855714321 15.96604085841349 1.2000000000000002
      vertex 13.079832144081593 16.042649069215567 1.2000000000000002
    endloop
  endfacet
  facet normal 0 0 1
    outer loop
      vertex 12.625843428075314 16.164142714227946 1.2000000000000002
      vertex 12.764559179544449 16.031559252526076 1.2000000000000002
      vertex 13.079832144081593 16.042649069215567 1.2000000000000002
    endloop
  endfacet
  facet normal 0 0 1
    outer loop
      vertex 12.962638355791569 15.849785962487967 1.2000000000000002
      vertex 13.079832144081593 16.042649069215567 1.2000000000000002
      vertex 12.891581855714321 15.96604085841349 1.2000000000000002
    endloop
  endfacet
  facet normal -0.14953419670656112 -0.9887565544740139 0
    outer loop
      vertex 13.404716283082962 16.098937289203914 1.2000000000000002
      vertex 13.404716283082962 16.098937289203914 1
      vertex 13.616334572434425 16.066933282996924 1.2000000000000002
    endloop
  endfacet
  facet normal 0 1 0
    outer loop
      vertex 13.404716283082962 16.164142714227946 1.2000000000000002
      vertex 13.904225431382656 16.164142714227946 1.2000000000000002
      vertex 13.904225431382656 16.164142714227946 1
    endloop
  endfacet
  facet normal 0 0 1
    outer loop
      vertex 13.404716283082962 16.098937289203914 1.2000000000000002
      vertex 13.616334572434425 16.066933282996924 1.2000000000000002
      vertex 13.404716283082962 16.164142714227946 1.2000000000000002
    endloop
  endfacet
  facet normal 0 0 1
    outer loop
      vertex 13.404716283082962 16.164142714227946 1.2000000000000002
      vertex 13.616334572434425 16.066933282996924 1.2000000000000002
      vertex 13.904225431382656 16.164142714227946 1.2000000000000002
    endloop
  endfacet
  facet normal 0 0 1
    outer loop
      vertex 13.745511710643768 15.998044857169898 1.2000000000000002
      vertex 13.904225431382656 16.164142714227946 1.2000000000000002
      vertex 13.616334572434425 16.066933282996924 1.2000000000000002
    endloop
  endfacet
  facet normal 0.06421712733769588 -0.9979359501273086 0
    outer loop
      vertex 13.325494594871998 18.133451887752326 1.2000000000000002
      vertex 12.783492155373096 18.098574058498652 1
      vertex 13.325494594871998 18.133451887752326 1
    endloop
  endfacet
  facet normal -0.06196664432691162 0.998078220877934 0
    outer loop
      vertex 12.78793352842331 18.269076996828826 1.2000000000000002
      vertex 13.033180505037308 18.28430339076689 1
      vertex 12.78793352842331 18.269076996828826 1
    endloop
  endfacet
  facet normal -0.1941009380901012 0.9809815624325171 0
    outer loop
      vertex 13.033180505037308 18.28430339076689 1.2000000000000002
      vertex 13.264042012393475 18.329982572581084 1
      vertex 13.033180505037308 18.28430339076689 1
    endloop
  endfacet
  facet normal -0.3345264174449517 0.9423863730081447 0
    outer loop
      vertex 13.264042012393475 18.329982572581084 1.2000000000000002
      vertex 13.464458897709846 18.40112615504435 1
      vertex 13.264042012393475 18.329982572581084 1
    endloop
  endfacet
  facet normal 0.20270287371285742 -0.9792402897085829 0
    outer loop
      vertex 13.830970011651516 18.238085368062766 1.2000000000000002
      vertex 13.325494594871998 18.133451887752326 1
      vertex 13.830970011651516 18.238085368062766 1
    endloop
  endfacet
  facet normal -0.5115030988563444 0.8592814322795278 0
    outer loop
      vertex 13.464458897709846 18.40112615504435 1.2000000000000002
      vertex 13.61837201565504 18.492745773281367 1
      vertex 13.464458897709846 18.40112615504435 1
    endloop
  endfacet
  facet normal -0.9833166034402889 0.18190232928319935 0
    outer loop
      vertex 13.61837201565504 18.492745773281367 1.2000000000000002
      vertex 13.700308784842491 18.935674601580413 1
      vertex 13.61837201565504 18.492745773281367 1
    endloop
  endfacet
  facet normal 0 1 0
    outer loop
      vertex 13.700308784842491 18.935674601580413 1.2000000000000002
      vertex 13.844261474907398 18.935674601580413 1
      vertex 13.700308784842491 18.935674601580413 1
    endloop
  endfacet
  facet normal 0.9998185329294783 -0.019049966161276913 0
    outer loop
      vertex 13.844261474907398 18.935674601580413 1.2000000000000002
      vertex 13.830970011651516 18.238085368062766 1
      vertex 13.844261474907398 18.935674601580413 1
    endloop
  endfacet
  facet normal 0.06421712733769588 -0.9979359501273086 0
    outer loop
      vertex 12.783492155373096 18.098574058498652 1.2000000000000002
      vertex 12.783492155373096 18.098574058498652 1
      vertex 13.325494594871998 18.133451887752326 1.2000000000000002
    endloop
  endfacet
  facet normal 0 0 1
    outer loop
      vertex 12.783492155373096 18.098574058498652 1.2000000000000002
      vertex 13.033180505037308 18.28430339076689 1.2000000000000002
      vertex 12.78793352842331 18.269076996828826 1.2000000000000002
    endloop
  endfacet
  facet normal 0 0 1
    outer loop
      vertex 12.783492155373096 18.098574058498652 1.2000000000000002
      vertex 13.325494594871998 18.133451887752326 1.2000000000000002
      vertex 13.033180505037308 18.28430339076689 1.2000000000000002
    endloop
  endfacet
  facet normal 0 0 1
    outer loop
      vertex 13.325494594871998 18.133451887752326 1.2000000000000002
      vertex 13.264042012393475 18.329982572581084 1.2000000000000002
      vertex 13.033180505037308 18.28430339076689 1.2000000000000002
    endloop
  endfacet
  facet normal -0.06196664432691162 0.998078220877934 0
    outer loop
      vertex 12.78793352842331 18.269076996828826 1.2000000000000002
      vertex 13.033180505037308 18.28430339076689 1.2000000000000002
      vertex 13.033180505037308 18.28430339076689 1
    endloop
  endfacet
  facet normal -0.1941009380901012 0.9809815624325171 0
    outer loop
      vertex 13.033180505037308 18.28430339076689 1.2000000000000002
      vertex 13.264042012393475 18.329982572581084 1.2000000000000002
      vertex 13.264042012393475 18.329982572581084 1
    endloop
  endfacet
  facet normal -0.3345264174449517 0.9423863730081447 0
    outer loop
      vertex 13.264042012393475 18.329982572581084 1.2000000000000002
      vertex 13.464458897709846 18.40112615504435 1.2000000000000002
      vertex 13.464458897709846 18.40112615504435 1
    endloop
  endfacet
  facet normal 0 0 1
    outer loop
      vertex 13.325494594871998 18.133451887752326 1.2000000000000002
      vertex 13.464458897709846 18.40112615504435 1.2000000000000002
      vertex 13.264042012393475 18.329982572581084 1.2000000000000002
    endloop
  endfacet
  facet normal 0.20270287371285742 -0.9792402897085829 0
    outer loop
      vertex 13.325494594871998 18.133451887752326 1.2000000000000002
      vertex 13.325494594871998 18.133451887752326 1
      vertex 13.830970011651516 18.238085368062766 1.2000000000000002
    endloop
  endfacet
  facet normal -0.5115030988563444 0.8592814322795278 0
    outer loop
      vertex 13.464458897709846 18.40112615504435 1.2000000000000002
      vertex 13.61837201565504 18.492745773281367 1.2000000000000002
      vertex 13.61837201565504 18.492745773281367 1
    endloop
  endfacet
  facet normal -0.9833166034402889 0.18190232928319935 0
    outer loop
      vertex 13.61837201565504 18.492745773281367 1.2000000000000002
      vertex 13.700308784842491 18.935674601580413 1.2000000000000002
      vertex 13.700308784842491 18.935674601580413 1
    endloop
  endfacet
  facet normal 0.9998185329294783 -0.019049966161276913 0
    outer loop
      vertex 13.830970011651516 18.238085368062766 1.2000000000000002
      vertex 13.830970011651516 18.238085368062766 1
      vertex 13.844261474907398 18.935674601580413 1.2000000000000002
    endloop
  endfacet
  facet normal 0 1 0
    outer loop
      vertex 13.700308784842491 18.935674601580413 1.2000000000000002
      vertex 13.844261474907398 18.935674601580413 1.2000000000000002
      vertex 13.844261474907398 18.935674601580413 1
    endloop
  endfacet
  facet normal 0 0 1
    outer loop
      vertex 13.325494594871998 18.133451887752326 1.2000000000000002
      vertex 13.830970011651516 18.238085368062766 1.2000000000000002
      vertex 13.464458897709846 18.40112615504435 1.2000000000000002
    endloop
  endfacet
  facet normal 0 0 1
    outer loop
      vertex 13.464458897709846 18.40112615504435 1.2000000000000002
      vertex 13.830970011651516 18.238085368062766 1.2000000000000002
      vertex 13.61837201565504 18.492745773281367 1.2000000000000002
    endloop
  endfacet
  facet normal 0 0 1
    outer loop
      vertex 13.61837201565504 18.492745773281367 1.2000000000000002
      vertex 13.830970011651516 18.238085368062766 1.2000000000000002
      vertex 13.844261474907398 18.935674601580413 1.2000000000000002
    endloop
  endfacet
  facet normal 0 0 1
    outer loop
      vertex 13.61837201565504 18.492745773281367 1.2000000000000002
      vertex 13.844261474907398 18.935674601580413 1.2000000000000002
      vertex 13.700308784842491 18.935674601580413 1.2000000000000002
    endloop
  endfacet
  facet normal -1 0 0
    outer loop
      vertex 14.53167799860239 16.098937289203914 1.2000000000000002
      vertex 14.53167799860239 16.164142714227946 1
      vertex 14.53167799860239 16.098937289203914 1
    endloop
  endfacet
  facet normal -0.143033156368482 -0.9897178972713737 0
    outer loop
      vertex 14.753129713237286 16.066933282996924 1.2000000000000002
      vertex 14.53167799860239 16.098937289203914 1
      vertex 14.753129713237286 16.066933282996924 1
    endloop
  endfacet
  facet normal 0 1 0
    outer loop
      vertex 14.53167799860239 16.164142714227946 1.2000000000000002
      vertex 15.093943282961845 16.164142714227946 1
      vertex 14.53167799860239 16.164142714227946 1
    endloop
  endfacet
  facet normal 0.14953420185358526 -0.9887565536956057 0
    outer loop
      vertex 15.093943282961845 16.098937289203914 1.2000000000000002
      vertex 14.882325001060963 16.066933282996924 1
      vertex 15.093943282961845 16.098937289203914 1
    endloop
  endfacet
  facet normal 1 0 0
    outer loop
      vertex 15.093943282961845 16.164142714227946 1.2000000000000002
      vertex 15.093943282961845 16.098937289203914 1
      vertex 15.093943282961845 16.164142714227946 1
    endloop
  endfacet
  facet normal -1 0 0
    outer loop
      vertex 14.53167799860239 16.098937289203914 1.2000000000000002
      vertex 14.53167799860239 16.164142714227946 1.2000000000000002
      vertex 14.53167799860239 16.164142714227946 1
    endloop
  endfacet
  facet normal -0.143033156368482 -0.9897178972713737 0
    outer loop
      vertex 14.53167799860239 16.098937289203914 1.2000000000000002
      vertex 14.53167799860239 16.098937289203914 1
      vertex 14.753129713237286 16.066933282996924 1.2000000000000002
    endloop
  endfacet
  facet normal 0 0 1
    outer loop
      vertex 14.53167799860239 16.098937289203914 1.2000000000000002
      vertex 14.753129713237286 16.066933282996924 1.2000000000000002
      vertex 14.53167799860239 16.164142714227946 1.2000000000000002
    endloop
  endfacet
  facet normal 0 0 1
    outer loop
      vertex 14.53167799860239 16.164142714227946 1.2000000000000002
      vertex 14.753129713237286 16.066933282996924 1.2000000000000002
      vertex 14.882325001060963 16.066933282996924 1.2000000000000002
    endloop
  endfacet
  facet normal 0 1 0
    outer loop
      vertex 14.53167799860239 16.164142714227946 1.2000000000000002
      vertex 15.093943282961845 16.164142714227946 1.2000000000000002
      vertex 15.093943282961845 16.164142714227946 1
    endloop
  endfacet
  facet normal 0.14953420185358526 -0.9887565536956057 0
    outer loop
      vertex 14.882325001060963 16.066933282996924 1.2000000000000002
      vertex 14.882325001060963 16.066933282996924 1
      vertex 15.093943282961845 16.098937289203914 1.2000000000000002
    endloop
  endfacet
  facet normal 1 0 0
    outer loop
      vertex 15.093943282961845 16.098937289203914 1.2000000000000002
      vertex 15.093943282961845 16.098937289203914 1
      vertex 15.093943282961845 16.164142714227946 1.2000000000000002
    endloop
  endfacet
  facet normal 0 0 1
    outer loop
      vertex 14.53167799860239 16.164142714227946 1.2000000000000002
      vertex 14.882325001060963 16.066933282996924 1.2000000000000002
      vertex 15.093943282961845 16.164142714227946 1.2000000000000002
    endloop
  endfacet
  facet normal 0 0 1
    outer loop
      vertex 14.882325001060963 16.066933282996924 1.2000000000000002
      vertex 15.093943282961845 16.098937289203914 1.2000000000000002
      vertex 15.093943282961845 16.164142714227946 1.2000000000000002
    endloop
  endfacet
  facet normal -0.18124046807716093 -0.9834388098560944 0
    outer loop
      vertex 14.723653011023998 18.12238111474684 1.2000000000000002
      vertex 14.336110703647137 18.193802283491404 1
      vertex 14.723653011023998 18.12238111474684 1
    endloop
  endfacet
  facet normal -0.99923995332031 -0.03898096571949644 0
    outer loop
      vertex 14.31174847483635 18.81830483057669 1.2000000000000002
      vertex 14.31174847483635 18.81830483057669 1
      vertex 14.336110703647137 18.193802283491404 1
    endloop
  endfacet
  facet normal 0 1 0
    outer loop
      vertex 14.31174847483635 18.81830483057669 1.2000000000000002
      vertex 14.457889184355736 18.81830483057669 1
      vertex 14.31174847483635 18.81830483057669 1
    endloop
  endfacet
  facet normal 0.3989175958025503 0.9169867783992925 0
    outer loop
      vertex 14.5575587823987 18.401958913888247 1.2000000000000002
      vertex 14.661922849714756 18.356557318355353 1
      vertex 14.5575587823987 18.401958913888247 1
    endloop
  endfacet
  facet normal 0.266200321274149 0.9639177293491079 0
    outer loop
      vertex 14.661922849714756 18.356557318355353 1.2000000000000002
      vertex 14.802258759737015 18.3178014544504 1
      vertex 14.661922849714756 18.356557318355353 1
    endloop
  endfacet
  facet normal 0.9725214727236332 0.2328131978463753 0
    outer loop
      vertex 14.457889184355736 18.81830483057669 1.2000000000000002
      vertex 14.5575587823987 18.401958913888247 1
      vertex 14.457889184355736 18.81830483057669 1
    endloop
  endfacet
  facet normal -0.05801293004704678 -0.9983158317623518 0
    outer loop
      vertex 15.133336871862411 18.098574058498652 1.2000000000000002
      vertex 14.723653011023998 18.12238111474684 1
      vertex 15.133336871862411 18.098574058498652 1
    endloop
  endfacet
  facet normal 0.17103291424907963 0.9852653156604402 0
    outer loop
      vertex 14.802258759737015 18.3178014544504 1.2000000000000002
      vertex 14.955347277224064 18.29122670867613 1
      vertex 14.802258759737015 18.3178014544504 1
    endloop
  endfacet
  facet normal 0.0620188522614807 0.9980749781274795 0
    outer loop
      vertex 14.955347277224064 18.29122670867613 1.2000000000000002
      vertex 15.097903870046139 18.282368460084708 1
      vertex 14.955347277224064 18.29122670867613 1
    endloop
  endfacet
  facet normal -0.13071840046331568 0.9914195377237187 0
    outer loop
      vertex 15.097903870046139 18.282368460084708 1.2000000000000002
      vertex 15.400202877819538 18.322226503278525 1
      vertex 15.097903870046139 18.282368460084708 1
    endloop
  endfacet
  facet normal -0.18124046807716093 -0.9834388098560944 0
    outer loop
      vertex 14.723653011023998 18.12238111474684 1.2000000000000002
      vertex 14.336110703647137 18.193802283491404 1.2000000000000002
      vertex 14.336110703647137 18.193802283491404 1
    endloop
  endfacet
  facet normal 0 0 1
    outer loop
      vertex 14.723653011023998 18.12238111474684 1.2000000000000002
      vertex 14.661922849714756 18.356557318355353 1.2000000000000002
      vertex 14.336110703647137 18.193802283491404 1.2000000000000002
    endloop
  endfacet
  facet normal -0.99923995332031 -0.03898096571949644 0
    outer loop
      vertex 14.336110703647137 18.193802283491404 1.2000000000000002
      vertex 14.31174847483635 18.81830483057669 1.2000000000000002
      vertex 14.336110703647137 18.193802283491404 1
    endloop
  endfacet
  facet normal 0 1 0
    outer loop
      vertex 14.31174847483635 18.81830483057669 1.2000000000000002
      vertex 14.457889184355736 18.81830483057669 1.2000000000000002
      vertex 14.457889184355736 18.81830483057669 1
    endloop
  endfacet
  facet normal 0.9725214727236332 0.2328131978463753 0
    outer loop
      vertex 14.5575587823987 18.401958913888247 1.2000000000000002
      vertex 14.5575587823987 18.401958913888247 1
      vertex 14.457889184355736 18.81830483057669 1.2000000000000002
    endloop
  endfacet
  facet normal 0.3989175958025503 0.9169867783992925 0
    outer loop
      vertex 14.5575587823987 18.401958913888247 1.2000000000000002
      vertex 14.661922849714756 18.356557318355353 1.2000000000000002
      vertex 14.661922849714756 18.356557318355353 1
    endloop
  endfacet
  facet normal 0 0 1
    outer loop
      vertex 14.336110703647137 18.193802283491404 1.2000000000000002
      vertex 14.5575587823987 18.401958913888247 1.2000000000000002
      vertex 14.31174847483635 18.81830483057669 1.2000000000000002
    endloop
  endfacet
  facet normal 0 0 1
    outer loop
      vertex 14.336110703647137 18.193802283491404 1.2000000000000002
      vertex 14.661922849714756 18.356557318355353 1.2000000000000002
      vertex 14.5575587823987 18.401958913888247 1.2000000000000002
    endloop
  endfacet
  facet normal 0 0 1
    outer loop
      vertex 14.723653011023998 18.12238111474684 1.2000000000000002
      vertex 14.802258759737015 18.3178014544504 1.2000000000000002
      vertex 14.661922849714756 18.356557318355353 1.2000000000000002
    endloop
  endfacet
  facet normal 0 0 1
    outer loop
      vertex 14.5575587823987 18.401958913888247 1.2000000000000002
      vertex 14.457889184355736 18.81830483057669 1.2000000000000002
      vertex 14.31174847483635 18.81830483057669 1.2000000000000002
    endloop
  endfacet
  facet normal -0.05801293004704678 -0.9983158317623518 0
    outer loop
      vertex 14.723653011023998 18.12238111474684 1.2000000000000002
      vertex 14.723653011023998 18.12238111474684 1
      vertex 15.133336871862411 18.098574058498652 1.2000000000000002
    endloop
  endfacet
  facet normal 0.1257031190154658 -0.9920679038603071 0
    outer loop
      vertex 15.133336871862411 18.098574058498652 1.2000000000000002
      vertex 15.133336871862411 18.098574058498652 1
      vertex 15.579025231301785 18.15504641958645 1.2000000000000002
    endloop
  endfacet
  facet normal 0 0 1
    outer loop
      vertex 14.723653011023998 18.12238111474684 1.2000000000000002
      vertex 14.955347277224064 18.29122670867613 1.2000000000000002
      vertex 14.802258759737015 18.3178014544504 1.2000000000000002
    endloop
  endfacet
  facet normal 0 0 1
    outer loop
      vertex 14.723653011023998 18.12238111474684 1.2000000000000002
      vertex 15.133336871862411 18.098574058498652 1.2000000000000002
      vertex 14.955347277224064 18.29122670867613 1.2000000000000002
    endloop
  endfacet
  facet normal 0 0 1
    outer loop
      vertex 15.133336871862411 18.098574058498652 1.2000000000000002
      vertex 15.097903870046139 18.282368460084708 1.2000000000000002
      vertex 14.955347277224064 18.29122670867613 1.2000000000000002
    endloop
  endfacet
  facet normal 0 0 1
    outer loop
      vertex 15.133336871862411 18.098574058498652 1.2000000000000002
      vertex 15.400202877819538 18.322226503278525 1.2000000000000002
      vertex 15.097903870046139 18.282368460084708 1.2000000000000002
    endloop
  endfacet
  facet normal 0 0 1
    outer loop
      vertex 15.133336871862411 18.098574058498652 1.2000000000000002
      vertex 15.579025231301785 18.15504641958645 1.2000000000000002
      vertex 15.400202877819538 18.322226503278525 1.2000000000000002
    endloop
  endfacet
  facet normal 0.266200321274149 0.9639177293491079 0
    outer loop
      vertex 14.661922849714756 18.356557318355353 1.2000000000000002
      vertex 14.802258759737015 18.3178014544504 1.2000000000000002
      vertex 14.802258759737015 18.3178014544504 1
    endloop
  endfacet
  facet normal 0.17103291424907963 0.9852653156604402 0
    outer loop
      vertex 14.802258759737015 18.3178014544504 1.2000000000000002
      vertex 14.955347277224064 18.29122670867613 1.2000000000000002
      vertex 14.955347277224064 18.29122670867613 1
    endloop
  endfacet
  facet normal 0.0620188522614807 0.9980749781274795 0
    outer loop
      vertex 14.955347277224064 18.29122670867613 1.2000000000000002
      vertex 15.097903870046139 18.282368460084708 1.2000000000000002
      vertex 15.097903870046139 18.282368460084708 1
    endloop
  endfacet
  facet normal -0.13071840046331568 0.9914195377237187 0
    outer loop
      vertex 15.097903870046139 18.282368460084708 1.2000000000000002
      vertex 15.400202877819538 18.322226503278525 1.2000000000000002
      vertex 15.400202877819538 18.322226503278525 1
    endloop
  endfacet
  facet normal 1 0 0
    outer loop
      vertex 10.528973646461964 20.937622771944316 1.2000000000000002
      vertex 10.528973646461964 18.320022144700797 1
      vertex 10.528973646461964 20.937622771944316 1
    endloop
  endfacet
  facet normal -0.9874404730691064 -0.15799149390096676 0
    outer loop
      vertex 11.356195397675037 18.96362094708851 1.2000000000000002
      vertex 11.255431786179543 19.593389460231574 1
      vertex 11.356195397675037 18.96362094708851 1
    endloop
  endfacet
  facet normal -0.9897944772447941 0.14250225547585177 0
    outer loop
      vertex 11.255431786179543 19.593389460231574 1.2000000000000002
      vertex 11.352317363023758 20.266338871206553 1
      vertex 11.255431786179543 19.593389460231574 1
    endloop
  endfacet
  facet normal -0.8584031591804984 0.5129756488459662 0
    outer loop
      vertex 11.352317363023758 20.266338871206553 1.2000000000000002
      vertex 11.642974101006985 20.75271802523306 1
      vertex 11.352317363023758 20.266338871206553 1
    endloop
  endfacet
  facet normal 1 0 0
    outer loop
      vertex 10.528973646461964 18.320022144700797 1.2000000000000002
      vertex 10.528973646461964 18.320022144700797 1
      vertex 10.528973646461964 20.937622771944316 1.2000000000000002
    endloop
  endfacet
  facet normal 0 0 1
    outer loop
      vertex 10.528973646461964 18.320022144700797 1.2000000000000002
      vertex 10.528973646461964 20.937622771944316 1.2000000000000002
      vertex 10.103777639567852 20.937622771944316 1.2000000000000002
    endloop
  endfacet
  facet normal -0.9874404730691064 -0.15799149390096676 0
    outer loop
      vertex 11.356195397675037 18.96362094708851 1.2000000000000002
      vertex 11.255431786179543 19.593389460231574 1.2000000000000002
      vertex 11.255431786179543 19.593389460231574 1
    endloop
  endfacet
  facet normal 0 0 1
    outer loop
      vertex 11.356195397675037 18.96362094708851 1.2000000000000002
      vertex 11.718281470239162 19.597830825831206 1.2000000000000002
      vertex 11.255431786179543 19.593389460231574 1.2000000000000002
    endloop
  endfacet
  facet normal 0 0 1
    outer loop
      vertex 11.255431786179543 19.593389460231574 1.2000000000000002
      vertex 11.718281470239162 19.597830825831206 1.2000000000000002
      vertex 11.352317363023758 20.266338871206553 1.2000000000000002
    endloop
  endfacet
  facet normal -0.9897944772447941 0.14250225547585177 0
    outer loop
      vertex 11.255431786179543 19.593389460231574 1.2000000000000002
      vertex 11.352317363023758 20.266338871206553 1.2000000000000002
      vertex 11.352317363023758 20.266338871206553 1
    endloop
  endfacet
  facet normal 0.14953416403872039 -0.988756559414521 0
    outer loop
      vertex 10.909886553883553 20.995229968215735 1.2000000000000002
      vertex 10.528973646461964 20.937622771944316 1
      vertex 10.909886553883553 20.995229968215735 1
    endloop
  endfacet
  facet normal 1 0 0
    outer loop
      vertex 10.909886553883553 21.11259974667004 1.2000000000000002
      vertex 10.909886553883553 20.995229968215735 1
      vertex 10.909886553883553 21.11259974667004 1
    endloop
  endfacet
  facet normal 0 1 0
    outer loop
      vertex 9.722864732146263 21.11259974667004 1.2000000000000002
      vertex 10.909886553883553 21.11259974667004 1.2000000000000002
      vertex 10.909886553883553 21.11259974667004 1
    endloop
  endfacet
  facet normal 0.14953416403872039 -0.988756559414521 0
    outer loop
      vertex 10.528973646461964 20.937622771944316 1.2000000000000002
      vertex 10.528973646461964 20.937622771944316 1
      vertex 10.909886553883553 20.995229968215735 1.2000000000000002
    endloop
  endfacet
  facet normal 0 0 1
    outer loop
      vertex 9.722864732146263 21.11259974667004 1.2000000000000002
      vertex 10.528973646461964 20.937622771944316 1.2000000000000002
      vertex 10.909886553883553 21.11259974667004 1.2000000000000002
    endloop
  endfacet
  facet normal 0 0 1
    outer loop
      vertex 10.528973646461964 20.937622771944316 1.2000000000000002
      vertex 10.909886553883553 20.995229968215735 1.2000000000000002
      vertex 10.909886553883553 21.11259974667004 1.2000000000000002
    endloop
  endfacet
  facet normal 1 0 0
    outer loop
      vertex 10.909886553883553 20.995229968215735 1.2000000000000002
      vertex 10.909886553883553 20.995229968215735 1
      vertex 10.909886553883553 21.11259974667004 1.2000000000000002
    endloop
  endfacet
  facet normal 0.992887999908379 0.11905217191609202 0
    outer loop
      vertex 11.718281470239162 19.597830825831206 1.2000000000000002
      vertex 11.786657363176346 19.027579964484485 1
      vertex 11.718281470239162 19.597830825831206 1
    endloop
  endfacet
  facet normal 0.994315594831685 -0.10647299129127831 0
    outer loop
      vertex 11.783612087368965 20.20793157198599 1.2000000000000002
      vertex 11.718281470239162 19.597830825831206 1
      vertex 11.783612087368965 20.20793157198599 1
    endloop
  endfacet
  facet normal 0.9085786921892532 -0.41771372984337773 0
    outer loop
      vertex 11.979603931307793 20.63423791655472 1.2000000000000002
      vertex 11.783612087368965 20.20793157198599 1
      vertex 11.979603931307793 20.63423791655472 1
    endloop
  endfacet
  facet normal 0.992887999908379 0.11905217191609202 0
    outer loop
      vertex 11.786657363176346 19.027579964484485 1.2000000000000002
      vertex 11.786657363176346 19.027579964484485 1
      vertex 11.718281470239162 19.597830825831206 1.2000000000000002
    endloop
  endfacet
  facet normal 0.994315594831685 -0.10647299129127831 0
    outer loop
      vertex 11.718281470239162 19.597830825831206 1.2000000000000002
      vertex 11.718281470239162 19.597830825831206 1
      vertex 11.783612087368965 20.20793157198599 1.2000000000000002
    endloop
  endfacet
  facet normal 0 0 1
    outer loop
      vertex 11.356195397675037 18.96362094708851 1.2000000000000002
      vertex 11.786657363176346 19.027579964484485 1.2000000000000002
      vertex 11.718281470239162 19.597830825831206 1.2000000000000002
    endloop
  endfacet
  facet normal -0.8584031591804984 0.5129756488459662 0
    outer loop
      vertex 11.352317363023758 20.266338871206553 1.2000000000000002
      vertex 11.642974101006985 20.75271802523306 1.2000000000000002
      vertex 11.642974101006985 20.75271802523306 1
    endloop
  endfacet
  facet normal 0.9085786921892532 -0.41771372984337773 0
    outer loop
      vertex 11.783612087368965 20.20793157198599 1.2000000000000002
      vertex 11.783612087368965 20.20793157198599 1
      vertex 11.979603931307793 20.63423791655472 1.2000000000000002
    endloop
  endfacet
  facet normal 0 0 1
    outer loop
      vertex 11.352317363023758 20.266338871206553 1.2000000000000002
      vertex 11.718281470239162 19.597830825831206 1.2000000000000002
      vertex 11.783612087368965 20.20793157198599 1.2000000000000002
    endloop
  endfacet
  facet normal 0 0 1
    outer loop
      vertex 11.352317363023758 20.266338871206553 1.2000000000000002
      vertex 11.783612087368965 20.20793157198599 1.2000000000000002
      vertex 11.642974101006985 20.75271802523306 1.2000000000000002
    endloop
  endfacet
  facet normal 0 0 1
    outer loop
      vertex 11.783612087368965 20.20793157198599 1.2000000000000002
      vertex 11.979603931307793 20.63423791655472 1.2000000000000002
      vertex 11.642974101006985 20.75271802523306 1.2000000000000002
    endloop
  endfacet
  facet normal -0.5224779195600451 0.852652815378104 0
    outer loop
      vertex 11.642974101006985 20.75271802523306 1.2000000000000002
      vertex 12.124103620648384 21.0475385499852 1
      vertex 11.642974101006985 20.75271802523306 1
    endloop
  endfacet
  facet normal 0.5955798661388599 -0.8032960992373969 0
    outer loop
      vertex 12.317882940173149 20.885044769729884 1.2000000000000002
      vertex 11.979603931307793 20.63423791655472 1
      vertex 12.317882940173149 20.885044769729884 1
    endloop
  endfacet
  facet normal -0.145498515249099 0.9893584699492433 0
    outer loop
      vertex 12.124103620648384 21.0475385499852 1.2000000000000002
      vertex 12.792342245578766 21.145812058235915 1
      vertex 12.124103620648384 21.0475385499852 1
    endloop
  endfacet
  facet normal 0.16745848615319478 -0.9858791281974076 0
    outer loop
      vertex 12.81007507443428 20.968647056605132 1.2000000000000002
      vertex 12.317882940173149 20.885044769729884 1
      vertex 12.81007507443428 20.968647056605132 1
    endloop
  endfacet
  facet normal -0.5224779195600451 0.852652815378104 0
    outer loop
      vertex 11.642974101006985 20.75271802523306 1.2000000000000002
      vertex 12.124103620648384 21.0475385499852 1.2000000000000002
      vertex 12.124103620648384 21.0475385499852 1
    endloop
  endfacet
  facet normal 0.5955798661388599 -0.8032960992373969 0
    outer loop
      vertex 11.979603931307793 20.63423791655472 1.2000000000000002
      vertex 11.979603931307793 20.63423791655472 1
      vertex 12.317882940173149 20.885044769729884 1.2000000000000002
    endloop
  endfacet
  facet normal 0 0 1
    outer loop
      vertex 11.642974101006985 20.75271802523306 1.2000000000000002
      vertex 11.979603931307793 20.63423791655472 1.2000000000000002
      vertex 12.124103620648384 21.0475385499852 1.2000000000000002
    endloop
  endfacet
  facet normal 0 0 1
    outer loop
      vertex 11.979603931307793 20.63423791655472 1.2000000000000002
      vertex 12.317882940173149 20.885044769729884 1.2000000000000002
      vertex 12.124103620648384 21.0475385499852 1.2000000000000002
    endloop
  endfacet
  facet normal 0.16745848615319478 -0.9858791281974076 0
    outer loop
      vertex 12.317882940173149 20.885044769729884 1.2000000000000002
      vertex 12.317882940173149 20.885044769729884 1
      vertex 12.81007507443428 20.968647056605132 1.2000000000000002
    endloop
  endfacet
  facet normal -0.145498515249099 0.9893584699492433 0
    outer loop
      vertex 12.124103620648384 21.0475385499852 1.2000000000000002
      vertex 12.792342245578766 21.145812058235915 1.2000000000000002
      vertex 12.792342245578766 21.145812058235915 1
    endloop
  endfacet
  facet normal 0 0 1
    outer loop
      vertex 12.124103620648384 21.0475385499852 1.2000000000000002
      vertex 12.317882940173149 20.885044769729884 1.2000000000000002
      vertex 12.792342245578766 21.145812058235915 1.2000000000000002
    endloop
  endfacet
  facet normal 0 0 1
    outer loop
      vertex 12.317882940173149 20.885044769729884 1.2000000000000002
      vertex 12.81007507443428 20.968647056605132 1.2000000000000002
      vertex 12.792342245578766 21.145812058235915 1.2000000000000002
    endloop
  endfacet
  facet normal 0 -1 0
    outer loop
      vertex 13.799978382885456 20.383986228491576 1.2000000000000002
      vertex 13.653805017471313 20.383986228491576 1
      vertex 13.799978382885456 20.383986228491576 1
    endloop
  endfacet
  facet normal -0.9854668648343212 -0.169867767141426 0
    outer loop
      vertex 13.653805017471313 20.383986228491576 1.2000000000000002
      vertex 13.58738038688898 20.76934051641396 1
      vertex 13.653805017471313 20.383986228491576 1
    endloop
  endfacet
  facet normal 0 -1 0
    outer loop
      vertex 13.653805017471313 20.383986228491576 1.2000000000000002
      vertex 13.653805017471313 20.383986228491576 1
      vertex 13.799978382885456 20.383986228491576 1.2000000000000002
    endloop
  endfacet
  facet normal 0.9997902654042765 0.02047987311597746 0
    outer loop
      vertex 13.799978382885456 20.383986228491576 1.2000000000000002
      vertex 13.799978382885456 20.383986228491576 1
      vertex 13.786686927080154 21.032850996937068 1.2000000000000002
    endloop
  endfacet
  facet normal 0 0 1
    outer loop
      vertex 13.653805017471313 20.383986228491576 1.2000000000000002
      vertex 13.799978382885456 20.383986228491576 1.2000000000000002
      vertex 13.58738038688898 20.76934051641396 1.2000000000000002
    endloop
  endfacet
  facet normal -0.061660594849060994 -0.9980971751502254 0
    outer loop
      vertex 13.020729973912239 20.95563318708113 1.2000000000000002
      vertex 12.81007507443428 20.968647056605132 1
      vertex 13.020729973912239 20.95563318708113 1
    endloop
  endfacet
  facet normal 0.058730978906221434 0.9982738462549828 0
    outer loop
      vertex 12.792342245578766 21.145812058235915 1.2000000000000002
      vertex 13.272353254258633 21.11757179477385 1
      vertex 12.792342245578766 21.145812058235915 1
    endloop
  endfacet
  facet normal -0.1855393499661304 -0.9826368350586832 0
    outer loop
      vertex 13.227498672902584 20.916591571058543 1.2000000000000002
      vertex 13.020729973912239 20.95563318708113 1
      vertex 13.227498672902584 20.916591571058543 1
    endloop
  endfacet
  facet normal -0.3104010254424346 -0.9506057034355965 0
    outer loop
      vertex 13.419898226857185 20.85376739629677 1.2000000000000002
      vertex 13.227498672902584 20.916591571058543 1
      vertex 13.419898226857185 20.85376739629677 1
    endloop
  endfacet
  facet normal 0.16252936509135854 0.9867037070382375 0
    outer loop
      vertex 13.272353254258633 21.11757179477385 1.2000000000000002
      vertex 13.786686927080154 21.032850996937068 1
      vertex 13.272353254258633 21.11757179477385 1
    endloop
  endfacet
  facet normal -0.45013637141754026 -0.8929598239154157 0
    outer loop
      vertex 13.58738038688898 20.76934051641396 1.2000000000000002
      vertex 13.419898226857185 20.85376739629677 1
      vertex 13.58738038688898 20.76934051641396 1
    endloop
  endfacet
  facet normal 0.9997902654042765 0.02047987311597746 0
    outer loop
      vertex 13.786686927080154 21.032850996937068 1.2000000000000002
      vertex 13.799978382885456 20.383986228491576 1
      vertex 13.786686927080154 21.032850996937068 1
    endloop
  endfacet
  facet normal -0.061660594849060994 -0.9980971751502254 0
    outer loop
      vertex 12.81007507443428 20.968647056605132 1.2000000000000002
      vertex 12.81007507443428 20.968647056605132 1
      vertex 13.020729973912239 20.95563318708113 1.2000000000000002
    endloop
  endfacet
  facet normal -0.1855393499661304 -0.9826368350586832 0
    outer loop
      vertex 13.020729973912239 20.95563318708113 1.2000000000000002
      vertex 13.020729973912239 20.95563318708113 1
      vertex 13.227498672902584 20.916591571058543 1.2000000000000002
    endloop
  endfacet
  facet normal 0.058730978906221434 0.9982738462549828 0
    outer loop
      vertex 12.792342245578766 21.145812058235915 1.2000000000000002
      vertex 13.272353254258633 21.11757179477385 1.2000000000000002
      vertex 13.272353254258633 21.11757179477385 1
    endloop
  endfacet
  facet normal -0.3104010254424346 -0.9506057034355965 0
    outer loop
      vertex 13.227498672902584 20.916591571058543 1.2000000000000002
      vertex 13.227498672902584 20.916591571058543 1
      vertex 13.419898226857185 20.85376739629677 1.2000000000000002
    endloop
  endfacet
  facet normal 0 0 1
    outer loop
      vertex 12.81007507443428 20.968647056605132 1.2000000000000002
      vertex 13.020729973912239 20.95563318708113 1.2000000000000002
      vertex 12.792342245578766 21.145812058235915 1.2000000000000002
    endloop
  endfacet
  facet normal 0 0 1
    outer loop
      vertex 12.792342245578766 21.145812058235915 1.2000000000000002
      vertex 13.020729973912239 20.95563318708113 1.2000000000000002
      vertex 13.272353254258633 21.11757179477385 1.2000000000000002
    endloop
  endfacet
  facet normal 0 0 1
    outer loop
      vertex 13.020729973912239 20.95563318708113 1.2000000000000002
      vertex 13.227498672902584 20.916591571058543 1.2000000000000002
      vertex 13.272353254258633 21.11757179477385 1.2000000000000002
    endloop
  endfacet
  facet normal 0 0 1
    outer loop
      vertex 13.227498672902584 20.916591571058543 1.2000000000000002
      vertex 13.419898226857185 20.85376739629677 1.2000000000000002
      vertex 13.272353254258633 21.11757179477385 1.2000000000000002
    endloop
  endfacet
  facet normal -0.45013637141754026 -0.8929598239154157 0
    outer loop
      vertex 13.419898226857185 20.85376739629677 1.2000000000000002
      vertex 13.419898226857185 20.85376739629677 1
      vertex 13.58738038688898 20.76934051641396 1.2000000000000002
    endloop
  endfacet
  facet normal -0.9854668648343212 -0.169867767141426 0
    outer loop
      vertex 13.653805017471313 20.383986228491576 1.2000000000000002
      vertex 13.58738038688898 20.76934051641396 1.2000000000000002
      vertex 13.58738038688898 20.76934051641396 1
    endloop
  endfacet
  facet normal 0.16252936509135854 0.9867037070382375 0
    outer loop
      vertex 13.272353254258633 21.11757179477385 1.2000000000000002
      vertex 13.786686927080154 21.032850996937068 1.2000000000000002
      vertex 13.786686927080154 21.032850996937068 1
    endloop
  endfacet
  facet normal 0 0 1
    outer loop
      vertex 13.419898226857185 20.85376739629677 1.2000000000000002
      vertex 13.786686927080154 21.032850996937068 1.2000000000000002
      vertex 13.272353254258633 21.11757179477385 1.2000000000000002
    endloop
  endfacet
  facet normal 0 0 1
    outer loop
      vertex 13.419898226857185 20.85376739629677 1.2000000000000002
      vertex 13.58738038688898 20.76934051641396 1.2000000000000002
      vertex 13.786686927080154 21.032850996937068 1.2000000000000002
    endloop
  endfacet
  facet normal 0 0 1
    outer loop
      vertex 13.799978382885456 20.383986228491576 1.2000000000000002
      vertex 13.786686927080154 21.032850996937068 1.2000000000000002
      vertex 13.58738038688898 20.76934051641396 1.2000000000000002
    endloop
  endfacet
  facet normal 0 -1 0
    outer loop
      vertex 14.548708699643612 20.47921446093491 1.2000000000000002
      vertex 14.402535326778889 20.47921446093491 1
      vertex 14.548708699643612 20.47921446093491 1
    endloop
  endfacet
  facet normal -1 0 0
    outer loop
      vertex 14.834360726177692 19.602239542986663 1.2000000000000002
      vertex 14.834360726177692 19.78384591766766 1
      vertex 14.834360726177692 19.602239542986663 1
    endloop
  endfacet
  facet normal -0.055800738798138315 -0.9984419249759007 0
    outer loop
      vertex 15.151069700717926 19.584539370025905 1.2000000000000002
      vertex 14.834360726177692 19.602239542986663 1
      vertex 15.151069700717926 19.584539370025905 1
    endloop
  endfacet
  facet normal -0.06277550343718227 0.9980276730473 0
    outer loop
      vertex 14.834360726177692 19.78384591766766 1.2000000000000002
      vertex 15.151069700717926 19.803766773428233 1
      vertex 14.834360726177692 19.78384591766766 1
    endloop
  endfacet
  facet normal -0.1748781633671267 -0.9845900811898018 0
    outer loop
      vertex 15.4300841614604 19.534982161011012 1.2000000000000002
      vertex 15.151069700717926 19.584539370025905 1
      vertex 15.4300841614604 19.534982161011012 1
    endloop
  endfacet
  facet normal -0.2042828191753342 0.9789119111491992 0
    outer loop
      vertex 15.151069700717926 19.803766773428233 1.2000000000000002
      vertex 15.368631586432457 19.849168361510547 1
      vertex 15.151069700717926 19.803766773428233 1
    endloop
  endfacet
  facet normal 0 -1 0
    outer loop
      vertex 14.402535326778889 20.47921446093491 1.2000000000000002
      vertex 14.402535326778889 20.47921446093491 1
      vertex 14.548708699643612 20.47921446093491 1.2000000000000002
    endloop
  endfacet
  facet normal 0.9779835017885653 -0.20868222307943574 0
    outer loop
      vertex 14.548708699643612 20.47921446093491 1.2000000000000002
      vertex 14.548708699643612 20.47921446093491 1
      vertex 14.62620410323143 20.842394539500983 1.2000000000000002
    endloop
  endfacet
  facet normal 0 0 1
    outer loop
      vertex 14.402535326778889 20.47921446093491 1.2000000000000002
      vertex 14.548708699643612 20.47921446093491 1.2000000000000002
      vertex 14.62620410323143 20.842394539500983 1.2000000000000002
    endloop
  endfacet
  facet normal -1 0 0
    outer loop
      vertex 14.834360726177692 19.602239542986663 1.2000000000000002
      vertex 14.834360726177692 19.78384591766766 1.2000000000000002
      vertex 14.834360726177692 19.78384591766766 1
    endloop
  endfacet
  facet normal -0.055800738798138315 -0.9984419249759007 0
    outer loop
      vertex 14.834360726177692 19.602239542986663 1.2000000000000002
      vertex 14.834360726177692 19.602239542986663 1
      vertex 15.151069700717926 19.584539370025905 1.2000000000000002
    endloop
  endfacet
  facet normal -0.06277550343718227 0.9980276730473 0
    outer loop
      vertex 14.834360726177692 19.78384591766766 1.2000000000000002
      vertex 15.151069700717926 19.803766773428233 1.2000000000000002
      vertex 15.151069700717926 19.803766773428233 1
    endloop
  endfacet
  facet normal -0.1748781633671267 -0.9845900811898018 0
    outer loop
      vertex 15.151069700717926 19.584539370025905 1.2000000000000002
      vertex 15.151069700717926 19.584539370025905 1
      vertex 15.4300841614604 19.534982161011012 1.2000000000000002
    endloop
  endfacet
  facet normal -0.2042828191753342 0.9789119111491992 0
    outer loop
      vertex 15.151069700717926 19.803766773428233 1.2000000000000002
      vertex 15.368631586432457 19.849168361510547 1.2000000000000002
      vertex 15.368631586432457 19.849168361510547 1
    endloop
  endfacet
  facet normal 0 0 1
    outer loop
      vertex 14.834360726177692 19.602239542986663 1.2000000000000002
      vertex 15.151069700717926 19.584539370025905 1.2000000000000002
      vertex 14.834360726177692 19.78384591766766 1.2000000000000002
    endloop
  endfacet
  facet normal 0 0 1
    outer loop
      vertex 14.834360726177692 19.78384591766766 1.2000000000000002
      vertex 15.151069700717926 19.584539370025905 1.2000000000000002
      vertex 15.151069700717926 19.803766773428233 1.2000000000000002
    endloop
  endfacet
  facet normal 0 0 1
    outer loop
      vertex 15.151069700717926 19.584539370025905 1.2000000000000002
      vertex 15.4300841614604 19.534982161011012 1.2000000000000002
      vertex 15.401288725435734 19.697467767979415 1.2000000000000002
    endloop
  endfacet
  facet normal 0 0 1
    outer loop
      vertex 15.151069700717926 19.584539370025905 1.2000000000000002
      vertex 15.368631586432457 19.849168361510547 1.2000000000000002
      vertex 15.151069700717926 19.803766773428233 1.2000000000000002
    endloop
  endfacet
  facet normal 0 0 1
    outer loop
      vertex 15.151069700717926 19.584539370025905 1.2000000000000002
      vertex 15.401288725435734 19.697467767979415 1.2000000000000002
      vertex 15.368631586432457 19.849168361510547 1.2000000000000002
    endloop
  endfacet
  facet normal -1 0 0
    outer loop
      vertex 14.402535326778889 20.47921446093491 1.2000000000000002
      vertex 14.402535326778889 21.050583825792582 1
      vertex 14.402535326778889 20.47921446093491 1
    endloop
  endfacet
  facet normal 0.9779835017885653 -0.20868222307943574 0
    outer loop
      vertex 14.62620410323143 20.842394539500983 1.2000000000000002
      vertex 14.548708699643612 20.47921446093491 1
      vertex 14.62620410323143 20.842394539500983 1
    endloop
  endfacet
  facet normal 0.4143988861520376 -0.910095359375022 0
    outer loop
      vertex 14.731400921940804 20.890294404114993 1.2000000000000002
      vertex 14.62620410323143 20.842394539500983 1
      vertex 14.731400921940804 20.890294404114993 1
    endloop
  endfacet
  facet normal -0.2282172759278655 0.9736102274360435 0
    outer loop
      vertex 14.402535326778889 21.050583825792582 1.2000000000000002
      vertex 14.606813922524452 21.098467366184504 1
      vertex 14.402535326778889 21.050583825792582 1
    endloop
  endfacet
  facet normal -0.16130363354261162 0.9869048271266845 0
    outer loop
      vertex 14.606813922524452 21.098467366184504 1.2000000000000002
      vertex 14.781194902956486 21.126968884255202 1
      vertex 14.606813922524452 21.098467366184504 1
    endloop
  endfacet
  facet normal 0.2957609853754728 -0.9552619742927745 0
    outer loop
      vertex 14.852093555033207 20.92766234406403 1.2000000000000002
      vertex 14.731400921940804 20.890294404114993 1
      vertex 14.852093555033207 20.92766234406403 1
    endloop
  endfacet
  facet normal 0.1883432826192807 -0.9821032572454863 0
    outer loop
      vertex 14.977766409516335 20.951763310815604 1.2000000000000002
      vertex 14.852093555033207 20.92766234406403 1
      vertex 14.977766409516335 20.951763310815604 1
    endloop
  endfacet
  facet normal -0.08858380658968405 0.9960687271519376 0
    outer loop
      vertex 14.781194902956486 21.126968884255202 1.2000000000000002
      vertex 14.940104559063911 21.141101264740737 1
      vertex 14.781194902956486 21.126968884255202 1
    endloop
  endfacet
  facet normal -0.029839773855969854 0.9995546947997516 0
    outer loop
      vertex 14.940104559063911 21.141101264740737 1.2000000000000002
      vertex 15.097903870046139 21.145812058235915 1
      vertex 14.940104559063911 21.141101264740737 1
    endloop
  endfacet
  facet normal 0.06672157915190988 -0.9977716326271635 0
    outer loop
      vertex 15.097903870046139 20.959796973850043 1.2000000000000002
      vertex 14.977766409516335 20.951763310815604 1
      vertex 15.097903870046139 20.959796973850043 1
    endloop
  endfacet
  facet normal -0.1376772168476049 -0.9904771496410694 0
    outer loop
      vertex 15.342889592051506 20.925743737603934 1.2000000000000002
      vertex 15.097903870046139 20.959796973850043 1
      vertex 15.342889592051506 20.925743737603934 1
    endloop
  endfacet
  facet normal 0.24783494577315685 0.9688022706691064 0
    outer loop
      vertex 15.097903870046139 21.145812058235915 1.2000000000000002
      vertex 15.812091089785099 20.96311167010239 1
      vertex 15.097903870046139 21.145812058235915 1
    endloop
  endfacet
  facet normal -1 0 0
    outer loop
      vertex 14.402535326778889 20.47921446093491 1.2000000000000002
      vertex 14.402535326778889 21.050583825792582 1.2000000000000002
      vertex 14.402535326778889 21.050583825792582 1
    endloop
  endfacet
  facet normal 0.4143988861520376 -0.910095359375022 0
    outer loop
      vertex 14.62620410323143 20.842394539500983 1.2000000000000002
      vertex 14.62620410323143 20.842394539500983 1
      vertex 14.731400921940804 20.890294404114993 1.2000000000000002
    endloop
  endfacet
  facet normal -0.2282172759278655 0.9736102274360435 0
    outer loop
      vertex 14.402535326778889 21.050583825792582 1.2000000000000002
      vertex 14.606813922524452 21.098467366184504 1.2000000000000002
      vertex 14.606813922524452 21.098467366184504 1
    endloop
  endfacet
  facet normal -0.16130363354261162 0.9869048271266845 0
    outer loop
      vertex 14.606813922524452 21.098467366184504 1.2000000000000002
      vertex 14.781194902956486 21.126968884255202 1.2000000000000002
      vertex 14.781194902956486 21.126968884255202 1
    endloop
  endfacet
  facet normal 0 0 1
    outer loop
      vertex 14.402535326778889 20.47921446093491 1.2000000000000002
      vertex 14.62620410323143 20.842394539500983 1.2000000000000002
      vertex 14.402535326778889 21.050583825792582 1.2000000000000002
    endloop
  endfacet
  facet normal 0 0 1
    outer loop
      vertex 14.402535326778889 21.050583825792582 1.2000000000000002
      vertex 14.62620410323143 20.842394539500983 1.2000000000000002
      vertex 14.606813922524452 21.098467366184504 1.2000000000000002
    endloop
  endfacet
  facet normal 0 0 1
    outer loop
      vertex 14.62620410323143 20.842394539500983 1.2000000000000002
      vertex 14.731400921940804 20.890294404114993 1.2000000000000002
      vertex 14.606813922524452 21.098467366184504 1.2000000000000002
    endloop
  endfacet
  facet normal 0 0 1
    outer loop
      vertex 14.731400921940804 20.890294404114993 1.2000000000000002
      vertex 14.781194902956486 21.126968884255202 1.2000000000000002
      vertex 14.606813922524452 21.098467366184504 1.2000000000000002
    endloop
  endfacet
  facet normal 0.2957609853754728 -0.9552619742927745 0
    outer loop
      vertex 14.731400921940804 20.890294404114993 1.2000000000000002
      vertex 14.731400921940804 20.890294404114993 1
      vertex 14.852093555033207 20.92766234406403 1.2000000000000002
    endloop
  endfacet
  facet normal 0.1883432826192807 -0.9821032572454863 0
    outer loop
      vertex 14.852093555033207 20.92766234406403 1.2000000000000002
      vertex 14.852093555033207 20.92766234406403 1
      vertex 14.977766409516335 20.951763310815604 1.2000000000000002
    endloop
  endfacet
  facet normal 0.06672157915190988 -0.9977716326271635 0
    outer loop
      vertex 14.977766409516335 20.951763310815604 1.2000000000000002
      vertex 14.977766409516335 20.951763310815604 1
      vertex 15.097903870046139 20.959796973850043 1.2000000000000002
    endloop
  endfacet
  facet normal -0.08858380658968405 0.9960687271519376 0
    outer loop
      vertex 14.781194902956486 21.126968884255202 1.2000000000000002
      vertex 14.940104559063911 21.141101264740737 1.2000000000000002
      vertex 14.940104559063911 21.141101264740737 1
    endloop
  endfacet
  facet normal -0.029839773855969854 0.9995546947997516 0
    outer loop
      vertex 14.940104559063911 21.141101264740737 1.2000000000000002
      vertex 15.097903870046139 21.145812058235915 1.2000000000000002
      vertex 15.097903870046139 21.145812058235915 1
    endloop
  endfacet
  facet normal -0.1376772168476049 -0.9904771496410694 0
    outer loop
      vertex 15.097903870046139 20.959796973850043 1.2000000000000002
      vertex 15.097903870046139 20.959796973850043 1
      vertex 15.342889592051506 20.925743737603934 1.2000000000000002
    endloop
  endfacet
  facet normal 0 0 1
    outer loop
      vertex 14.731400921940804 20.890294404114993 1.2000000000000002
      vertex 14.852093555033207 20.92766234406403 1.2000000000000002
      vertex 14.781194902956486 21.126968884255202 1.2000000000000002
    endloop
  endfacet
  facet normal 0 0 1
    outer loop
      vertex 14.852093555033207 20.92766234406403 1.2000000000000002
      vertex 14.977766409516335 20.951763310815604 1.2000000000000002
      vertex 14.940104559063911 21.141101264740737 1.2000000000000002
    endloop
  endfacet
  facet normal 0 0 1
    outer loop
      vertex 14.852093555033207 20.92766234406403 1.2000000000000002
      vertex 14.940104559063911 21.141101264740737 1.2000000000000002
      vertex 14.781194902956486 21.126968884255202 1.2000000000000002
    endloop
  endfacet
  facet normal 0 0 1
    outer loop
      vertex 14.977766409516335 20.951763310815604 1.2000000000000002
      vertex 15.097903870046139 21.145812058235915 1.2000000000000002
      vertex 14.940104559063911 21.141101264740737 1.2000000000000002
    endloop
  endfacet
  facet normal 0 0 1
    outer loop
      vertex 14.977766409516335 20.951763310815604 1.2000000000000002
      vertex 15.097903870046139 20.959796973850043 1.2000000000000002
      vertex 15.097903870046139 21.145812058235915 1.2000000000000002
    endloop
  endfacet
  facet normal 0 0 1
    outer loop
      vertex 15.097903870046139 20.959796973850043 1.2000000000000002
      vertex 15.342889592051506 20.925743737603934 1.2000000000000002
      vertex 15.097903870046139 21.145812058235915 1.2000000000000002
    endloop
  endfacet
  facet normal 0.1257031190154658 -0.9920679038603071 0
    outer loop
      vertex 15.579025231301785 18.15504641958645 1.2000000000000002
      vertex 15.133336871862411 18.098574058498652 1
      vertex 15.579025231301785 18.15504641958645 1
    endloop
  endfacet
  facet normal -0.4921602059439862 0.8705046419664705 0
    outer loop
      vertex 15.400202877819538 18.322226503278525 1.2000000000000002
      vertex 15.61169870197773 18.441800625409396 1
      vertex 15.400202877819538 18.322226503278525 1
    endloop
  endfacet
  facet normal -0.862813598999099 0.5055221987036985 0
    outer loop
      vertex 15.61169870197773 18.441800625409396 1.2000000000000002
      vertex 15.736269369721413 18.65441496052912 1
      vertex 15.61169870197773 18.441800625409396 1
    endloop
  endfacet
  facet normal 0.4549492117981197 -0.8905173859528346 0
    outer loop
      vertex 15.910642184317112 18.32446351775101 1.2000000000000002
      vertex 15.579025231301785 18.15504641958645 1
      vertex 15.910642184317112 18.32446351775101 1
    endloop
  endfacet
  facet normal -0.9916298278941773 0.12911345565263246 0
    outer loop
      vertex 15.736269369721413 18.65441496052912 1.2000000000000002
      vertex 15.777792930603027 18.9733282861965 1
      vertex 15.736269369721413 18.65441496052912 1
    endloop
  endfacet
  facet normal -1 0 0
    outer loop
      vertex 16.561890929937363 18.142857143070014 1.2000000000000002
      vertex 16.561890929937363 18.46838354447058 1
      vertex 16.561890929937363 18.142857143070014 1
    endloop
  endfacet
  facet normal 0.7946759958444327 -0.6070338224750408 0
    outer loop
      vertex 16.11660262197256 18.594089047397883 1.2000000000000002
      vertex 15.910642184317112 18.32446351775101 1
      vertex 16.11660262197256 18.594089047397883 1
    endloop
  endfacet
  facet normal 0.9820162139144817 -0.18879659851032046 0
    outer loop
      vertex 16.185256101191044 18.95118674018553 1.2000000000000002
      vertex 16.11660262197256 18.594089047397883 1
      vertex 16.185256101191044 18.95118674018553 1
    endloop
  endfacet
  facet normal 0.4549492117981197 -0.8905173859528346 0
    outer loop
      vertex 15.579025231301785 18.15504641958645 1.2000000000000002
      vertex 15.579025231301785 18.15504641958645 1
      vertex 15.910642184317112 18.32446351775101 1.2000000000000002
    endloop
  endfacet
  facet normal -0.4921602059439862 0.8705046419664705 0
    outer loop
      vertex 15.400202877819538 18.322226503278525 1.2000000000000002
      vertex 15.61169870197773 18.441800625409396 1.2000000000000002
      vertex 15.61169870197773 18.441800625409396 1
    endloop
  endfacet
  facet normal -0.862813598999099 0.5055221987036985 0
    outer loop
      vertex 15.61169870197773 18.441800625409396 1.2000000000000002
      vertex 15.736269369721413 18.65441496052912 1.2000000000000002
      vertex 15.736269369721413 18.65441496052912 1
    endloop
  endfacet
  facet normal 0.7946759958444327 -0.6070338224750408 0
    outer loop
      vertex 15.910642184317112 18.32446351775101 1.2000000000000002
      vertex 15.910642184317112 18.32446351775101 1
      vertex 16.11660262197256 18.594089047397883 1.2000000000000002
    endloop
  endfacet
  facet normal -0.9916298278941773 0.12911345565263246 0
    outer loop
      vertex 15.736269369721413 18.65441496052912 1.2000000000000002
      vertex 15.777792930603027 18.9733282861965 1.2000000000000002
      vertex 15.777792930603027 18.9733282861965 1
    endloop
  endfacet
  facet normal 0 0 1
    outer loop
      vertex 15.579025231301785 18.15504641958645 1.2000000000000002
      vertex 15.61169870197773 18.441800625409396 1.2000000000000002
      vertex 15.400202877819538 18.322226503278525 1.2000000000000002
    endloop
  endfacet
  facet normal 0 0 1
    outer loop
      vertex 15.579025231301785 18.15504641958645 1.2000000000000002
      vertex 15.910642184317112 18.32446351775101 1.2000000000000002
      vertex 15.61169870197773 18.441800625409396 1.2000000000000002
    endloop
  endfacet
  facet normal 0 0 1
    outer loop
      vertex 15.61169870197773 18.441800625409396 1.2000000000000002
      vertex 15.910642184317112 18.32446351775101 1.2000000000000002
      vertex 15.736269369721413 18.65441496052912 1.2000000000000002
    endloop
  endfacet
  facet normal 0 0 1
    outer loop
      vertex 15.910642184317112 18.32446351775101 1.2000000000000002
      vertex 16.11660262197256 18.594089047397883 1.2000000000000002
      vertex 15.736269369721413 18.65441496052912 1.2000000000000002
    endloop
  endfacet
  facet normal 0 0 1
    outer loop
      vertex 15.736269369721413 18.65441496052912 1.2000000000000002
      vertex 16.11660262197256 18.594089047397883 1.2000000000000002
      vertex 15.777792930603027 18.9733282861965 1.2000000000000002
    endloop
  endfacet
  facet normal 0.9820162139144817 -0.18879659851032046 0
    outer loop
      vertex 16.11660262197256 18.594089047397883 1.2000000000000002
      vertex 16.11660262197256 18.594089047397883 1
      vertex 16.185256101191044 18.95118674018553 1.2000000000000002
    endloop
  endfacet
  facet normal 0.9871125084923688 0.160027796266471 0
    outer loop
      vertex 16.185256101191044 18.95118674018553 1.2000000000000002
      vertex 16.185256101191044 18.95118674018553 1
      vertex 16.137641988694668 19.244888753976138 1.2000000000000002
    endloop
  endfacet
  facet normal -1 0 0
    outer loop
      vertex 16.561890929937363 18.142857143070014 1.2000000000000002
      vertex 16.561890929937363 18.46838354447058 1.2000000000000002
      vertex 16.561890929937363 18.46838354447058 1
    endloop
  endfacet
  facet normal 0 0 1
    outer loop
      vertex 16.11660262197256 18.594089047397883 1.2000000000000002
      vertex 16.185256101191044 18.95118674018553 1.2000000000000002
      vertex 15.777792930603027 18.9733282861965 1.2000000000000002
    endloop
  endfacet
  facet normal -0.6725004609120209 0.7400967031902788 0
    outer loop
      vertex 16.561890929937363 18.46838354447058 1.2000000000000002
      vertex 16.973795473575592 18.842667059387477 1
      vertex 16.561890929937363 18.46838354447058 1
    endloop
  endfacet
  facet normal 0.6678227836682058 -0.7443203138526105 0
    outer loop
      vertex 17.067374512553215 18.677119837488444 1.2000000000000002
      vertex 16.852016985416412 18.483895683075698 1
      vertex 17.067374512553215 18.677119837488444 1
    endloop
  endfacet
  facet normal -0.6748902682921785 0.7379181023423341 0
    outer loop
      vertex 16.973795473575592 18.842667059387477 1.2000000000000002
      vertex 17.317618034780025 19.157122687782557 1
      vertex 16.973795473575592 18.842667059387477 1
    endloop
  endfacet
  facet normal 0.656057824362751 -0.7547106273880168 0
    outer loop
      vertex 17.270550929009914 18.853737832392962 1.2000000000000002
      vertex 17.067374512553215 18.677119837488444 1
      vertex 17.270550929009914 18.853737832392962 1
    endloop
  endfacet
  facet normal 0 -1 0
    outer loop
      vertex 18.38004469871521 18.142857143070014 1.2000000000000002
      vertex 16.561890929937363 18.142857143070014 1
      vertex 18.38004469871521 18.142857143070014 1
    endloop
  endfacet
  facet normal 0 1 0
    outer loop
      vertex 16.852016985416412 18.483895683075698 1.2000000000000002
      vertex 18.38004469871521 18.483895683075698 1
      vertex 16.852016985416412 18.483895683075698 1
    endloop
  endfacet
  facet normal 0 -1 0
    outer loop
      vertex 16.561890929937363 18.142857143070014 1.2000000000000002
      vertex 16.561890929937363 18.142857143070014 1
      vertex 18.38004469871521 18.142857143070014 1.2000000000000002
    endloop
  endfacet
  facet normal 0.6678227836682058 -0.7443203138526105 0
    outer loop
      vertex 16.852016985416412 18.483895683075698 1.2000000000000002
      vertex 16.852016985416412 18.483895683075698 1
      vertex 17.067374512553215 18.677119837488444 1.2000000000000002
    endloop
  endfacet
  facet normal -0.6725004609120209 0.7400967031902788 0
    outer loop
      vertex 16.561890929937363 18.46838354447058 1.2000000000000002
      vertex 16.973795473575592 18.842667059387477 1.2000000000000002
      vertex 16.973795473575592 18.842667059387477 1
    endloop
  endfacet
  facet normal 0.656057824362751 -0.7547106273880168 0
    outer loop
      vertex 17.067374512553215 18.677119837488444 1.2000000000000002
      vertex 17.067374512553215 18.677119837488444 1
      vertex 17.270550929009914 18.853737832392962 1.2000000000000002
    endloop
  endfacet
  facet normal 0 0 1
    outer loop
      vertex 16.561890929937363 18.142857143070014 1.2000000000000002
      vertex 16.852016985416412 18.483895683075698 1.2000000000000002
      vertex 16.561890929937363 18.46838354447058 1.2000000000000002
    endloop
  endfacet
  facet normal 0 0 1
    outer loop
      vertex 16.561890929937363 18.46838354447058 1.2000000000000002
      vertex 16.852016985416412 18.483895683075698 1.2000000000000002
      vertex 16.973795473575592 18.842667059387477 1.2000000000000002
    endloop
  endfacet
  facet normal 0 0 1
    outer loop
      vertex 16.852016985416412 18.483895683075698 1.2000000000000002
      vertex 17.067374512553215 18.677119837488444 1.2000000000000002
      vertex 16.973795473575592 18.842667059387477 1.2000000000000002
    endloop
  endfacet
  facet normal 0 0 1
    outer loop
      vertex 16.561890929937363 18.142857143070014 1.2000000000000002
      vertex 18.38004469871521 18.142857143070014 1.2000000000000002
      vertex 16.852016985416412 18.483895683075698 1.2000000000000002
    endloop
  endfacet
  facet normal 0 0 1
    outer loop
      vertex 17.067374512553215 18.677119837488444 1.2000000000000002
      vertex 17.270550929009914 18.853737832392962 1.2000000000000002
      vertex 16.973795473575592 18.842667059387477 1.2000000000000002
    endloop
  endfacet
  facet normal 0 0 1
    outer loop
      vertex 16.973795473575592 18.842667059387477 1.2000000000000002
      vertex 17.270550929009914 18.853737832392962 1.2000000000000002
      vertex 17.317618034780025 19.157122687782557 1.2000000000000002
    endloop
  endfacet
  facet normal 0.6613274726705247 -0.7500973096147037 0
    outer loop
      vertex 17.270550929009914 18.853737832392962 1.2000000000000002
      vertex 17.270550929009914 18.853737832392962 1
      vertex 17.665849313139915 19.202254855419906 1.2000000000000002
    endloop
  endfacet
  facet normal 0 1 0
    outer loop
      vertex 16.852016985416412 18.483895683075698 1.2000000000000002
      vertex 18.38004469871521 18.483895683075698 1.2000000000000002
      vertex 18.38004469871521 18.483895683075698 1
    endloop
  endfacet
  facet normal 0 0 1
    outer loop
      vertex 18.38004469871521 18.142857143070014 1.2000000000000002
      vertex 18.38004469871521 18.483895683075698 1.2000000000000002
      vertex 16.852016985416412 18.483895683075698 1.2000000000000002
    endloop
  endfacet
  facet normal 1 0 0
    outer loop
      vertex 18.38004469871521 18.483895683075698 1.2000000000000002
      vertex 18.38004469871521 18.142857143070014 1
      vertex 18.38004469871521 18.483895683075698 1
    endloop
  endfacet
  facet normal 1 0 0
    outer loop
      vertex 18.38004469871521 18.142857143070014 1.2000000000000002
      vertex 18.38004469871521 18.142857143070014 1
      vertex 18.38004469871521 18.483895683075698 1.2000000000000002
    endloop
  endfacet
  facet normal 0.22580231045993535 0.9741731450778937 0
    outer loop
      vertex 15.401288725435734 19.697467767979415 1.2000000000000002
      vertex 15.751193687319756 19.616363757635863 1
      vertex 15.401288725435734 19.697467767979415 1
    endloop
  endfacet
  facet normal -0.5168304071949954 -0.8560878051921165 0
    outer loop
      vertex 15.624957501888275 19.41733480372599 1.2000000000000002
      vertex 15.4300841614604 19.534982161011012 1
      vertex 15.624957501888275 19.41733480372599 1
    endloop
  endfacet
  facet normal 0.27591617024664794 -0.9611817034236673 0
    outer loop
      vertex 15.676172062754631 19.776375593032153 1.2000000000000002
      vertex 15.401288725435734 19.697467767979415 1
      vertex 15.676172062754631 19.776375593032153 1
    endloop
  endfacet
  facet normal -0.989141326034699 -0.14696746963296786 0
    outer loop
      vertex 15.777792930603027 18.9733282861965 1.2000000000000002
      vertex 15.73958407342434 19.23048696049622 1
      vertex 15.777792930603027 18.9733282861965 1
    endloop
  endfacet
  facet normal -0.8523838520162277 -0.5229165983423911 0
    outer loop
      vertex 15.73958407342434 19.23048696049622 1.2000000000000002
      vertex 15.624957501888275 19.41733480372599 1
      vertex 15.73958407342434 19.23048696049622 1
    endloop
  endfacet
  facet normal 0.5250932728342381 0.8510446843875052 0
    outer loop
      vertex 15.751193687319756 19.616363757635863 1.2000000000000002
      vertex 15.994799643754959 19.466059253896983 1
      vertex 15.751193687319756 19.616363757635863 1
    endloop
  endfacet
  facet normal -0.5843173471539046 0.8115252539601115 0
    outer loop
      vertex 15.368631586432457 19.849168361510547 1.2000000000000002
      vertex 15.520879186689854 19.958790229048045 1
      vertex 15.368631586432457 19.849168361510547 1
    endloop
  endfacet
  facet normal -0.8933116743109807 0.4494377070737526 0
    outer loop
      vertex 15.520879186689854 19.958790229048045 1.2000000000000002
      vertex 15.610572025179863 20.137065568353446 1
      vertex 15.520879186689854 19.958790229048045 1
    endloop
  endfacet
  facet normal -0.9930005279588852 0.11810991268041553 0
    outer loop
      vertex 15.610572025179863 20.137065568353446 1.2000000000000002
      vertex 15.640469640493393 20.38842760154179 1
      vertex 15.610572025179863 20.137065568353446 1
    endloop
  endfacet
  facet normal -0.9922290651796898 -0.12442460453077166 0
    outer loop
      vertex 15.640469640493393 20.38842760154179 1.2000000000000002
      vertex 15.608081921935081 20.646704779352458 1
      vertex 15.640469640493393 20.38842760154179 1
    endloop
  endfacet
  facet normal 0.5864191208159221 -0.8100077868400283 0
    outer loop
      vertex 15.880728244781494 19.92446757235697 1.2000000000000002
      vertex 15.676172062754631 19.776375593032153 1
      vertex 15.880728244781494 19.92446757235697 1
    endloop
  endfacet
  facet normal 0.8598371902633908 -0.5105683169174892 0
    outer loop
      vertex 16.007797189056873 20.138461665596278 1.2000000000000002
      vertex 15.880728244781494 19.92446757235697 1
      vertex 16.007797189056873 20.138461665596278 1
    endloop
  endfacet
  facet normal 0.9871125084923688 0.160027796266471 0
    outer loop
      vertex 16.137641988694668 19.244888753976138 1.2000000000000002
      vertex 16.185256101191044 18.95118674018553 1
      vertex 16.137641988694668 19.244888753976138 1
    endloop
  endfacet
  facet normal 0.8400340744862995 0.5425336429217512 0
    outer loop
      vertex 15.994799643754959 19.466059253896983 1.2000000000000002
      vertex 16.137641988694668 19.244888753976138 1
      vertex 15.994799643754959 19.466059253896983 1
    endloop
  endfacet
  facet normal 0.9884733597630508 -0.1513949042694182 0
    outer loop
      vertex 16.050153501331806 20.415010513152392 1.2000000000000002
      vertex 16.007797189056873 20.138461665596278 1
      vertex 16.050153501331806 20.415010513152392 1
    endloop
  endfacet
  facet normal -0.8523838520162277 -0.5229165983423911 0
    outer loop
      vertex 15.73958407342434 19.23048696049622 1.2000000000000002
      vertex 15.624957501888275 19.41733480372599 1.2000000000000002
      vertex 15.624957501888275 19.41733480372599 1
    endloop
  endfacet
  facet normal -0.5168304071949954 -0.8560878051921165 0
    outer loop
      vertex 15.4300841614604 19.534982161011012 1.2000000000000002
      vertex 15.4300841614604 19.534982161011012 1
      vertex 15.624957501888275 19.41733480372599 1.2000000000000002
    endloop
  endfacet
  facet normal 0.27591617024664794 -0.9611817034236673 0
    outer loop
      vertex 15.401288725435734 19.697467767979415 1.2000000000000002
      vertex 15.401288725435734 19.697467767979415 1
      vertex 15.676172062754631 19.776375593032153 1.2000000000000002
    endloop
  endfacet
  facet normal 0.22580231045993535 0.9741731450778937 0
    outer loop
      vertex 15.401288725435734 19.697467767979415 1.2000000000000002
      vertex 15.751193687319756 19.616363757635863 1.2000000000000002
      vertex 15.751193687319756 19.616363757635863 1
    endloop
  endfacet
  facet normal -0.989141326034699 -0.14696746963296786 0
    outer loop
      vertex 15.777792930603027 18.9733282861965 1.2000000000000002
      vertex 15.73958407342434 19.23048696049622 1.2000000000000002
      vertex 15.73958407342434 19.23048696049622 1
    endloop
  endfacet
  facet normal 0.5864191208159221 -0.8100077868400283 0
    outer loop
      vertex 15.676172062754631 19.776375593032153 1.2000000000000002
      vertex 15.676172062754631 19.776375593032153 1
      vertex 15.880728244781494 19.92446757235697 1.2000000000000002
    endloop
  endfacet
  facet normal 0.5250932728342381 0.8510446843875052 0
    outer loop
      vertex 15.751193687319756 19.616363757635863 1.2000000000000002
      vertex 15.994799643754959 19.466059253896983 1.2000000000000002
      vertex 15.994799643754959 19.466059253896983 1
    endloop
  endfacet
  facet normal 0 0 1
    outer loop
      vertex 15.401288725435734 19.697467767979415 1.2000000000000002
      vertex 15.4300841614604 19.534982161011012 1.2000000000000002
      vertex 15.751193687319756 19.616363757635863 1.2000000000000002
    endloop
  endfacet
  facet normal 0 0 1
    outer loop
      vertex 15.401288725435734 19.697467767979415 1.2000000000000002
      vertex 15.676172062754631 19.776375593032153 1.2000000000000002
      vertex 15.368631586432457 19.849168361510547 1.2000000000000002
    endloop
  endfacet
  facet normal 0 0 1
    outer loop
      vertex 15.4300841614604 19.534982161011012 1.2000000000000002
      vertex 15.624957501888275 19.41733480372599 1.2000000000000002
      vertex 15.751193687319756 19.616363757635863 1.2000000000000002
    endloop
  endfacet
  facet normal 0 0 1
    outer loop
      vertex 15.73958407342434 19.23048696049622 1.2000000000000002
      vertex 15.994799643754959 19.466059253896983 1.2000000000000002
      vertex 15.624957501888275 19.41733480372599 1.2000000000000002
    endloop
  endfacet
  facet normal 0 0 1
    outer loop
      vertex 15.777792930603027 18.9733282861965 1.2000000000000002
      vertex 16.137641988694668 19.244888753976138 1.2000000000000002
      vertex 15.73958407342434 19.23048696049622 1.2000000000000002
    endloop
  endfacet
  facet normal 0 0 1
    outer loop
      vertex 15.73958407342434 19.23048696049622 1.2000000000000002
      vertex 16.137641988694668 19.244888753976138 1.2000000000000002
      vertex 15.994799643754959 19.466059253896983 1.2000000000000002
    endloop
  endfacet
  facet normal 0 0 1
    outer loop
      vertex 15.624957501888275 19.41733480372599 1.2000000000000002
      vertex 15.994799643754959 19.466059253896983 1.2000000000000002
      vertex 15.751193687319756 19.616363757635863 1.2000000000000002
    endloop
  endfacet
  facet normal -0.5843173471539046 0.8115252539601115 0
    outer loop
      vertex 15.368631586432457 19.849168361510547 1.2000000000000002
      vertex 15.520879186689854 19.958790229048045 1.2000000000000002
      vertex 15.520879186689854 19.958790229048045 1
    endloop
  endfacet
  facet normal -0.8933116743109807 0.4494377070737526 0
    outer loop
      vertex 15.520879186689854 19.958790229048045 1.2000000000000002
      vertex 15.610572025179863 20.137065568353446 1.2000000000000002
      vertex 15.610572025179863 20.137065568353446 1
    endloop
  endfacet
  facet normal -0.9930005279588852 0.11810991268041553 0
    outer loop
      vertex 15.610572025179863 20.137065568353446 1.2000000000000002
      vertex 15.640469640493393 20.38842760154179 1.2000000000000002
      vertex 15.640469640493393 20.38842760154179 1
    endloop
  endfacet
  facet normal -0.9922290651796898 -0.12442460453077166 0
    outer loop
      vertex 15.640469640493393 20.38842760154179 1.2000000000000002
      vertex 15.608081921935081 20.646704779352458 1.2000000000000002
      vertex 15.608081921935081 20.646704779352458 1
    endloop
  endfacet
  facet normal 0.8598371902633908 -0.5105683169174892 0
    outer loop
      vertex 15.880728244781494 19.92446757235697 1.2000000000000002
      vertex 15.880728244781494 19.92446757235697 1
      vertex 16.007797189056873 20.138461665596278 1.2000000000000002
    endloop
  endfacet
  facet normal 0.9172183443749817 0.3983848751421386 0
    outer loop
      vertex 16.050153501331806 20.415010513152392 1.2000000000000002
      vertex 16.050153501331806 20.415010513152392 1
      vertex 15.812091089785099 20.96311167010239 1.2000000000000002
    endloop
  endfacet
  facet normal 0 0 1
    outer loop
      vertex 15.368631586432457 19.849168361510547 1.2000000000000002
      vertex 15.676172062754631 19.776375593032153 1.2000000000000002
      vertex 15.520879186689854 19.958790229048045 1.2000000000000002
    endloop
  endfacet
  facet normal 0 0 1
    outer loop
      vertex 15.520879186689854 19.958790229048045 1.2000000000000002
      vertex 15.676172062754631 19.776375593032153 1.2000000000000002
      vertex 15.880728244781494 19.92446757235697 1.2000000000000002
    endloop
  endfacet
  facet normal 0 0 1
    outer loop
      vertex 15.520879186689854 19.958790229048045 1.2000000000000002
      vertex 15.880728244781494 19.92446757235697 1.2000000000000002
      vertex 15.610572025179863 20.137065568353446 1.2000000000000002
    endloop
  endfacet
  facet normal 0 0 1
    outer loop
      vertex 15.610572025179863 20.137065568353446 1.2000000000000002
      vertex 16.007797189056873 20.138461665596278 1.2000000000000002
      vertex 15.640469640493393 20.38842760154179 1.2000000000000002
    endloop
  endfacet
  facet normal 0 0 1
    outer loop
      vertex 15.610572025179863 20.137065568353446 1.2000000000000002
      vertex 15.880728244781494 19.92446757235697 1.2000000000000002
      vertex 16.007797189056873 20.138461665596278 1.2000000000000002
    endloop
  endfacet
  facet normal 0 0 1
    outer loop
      vertex 15.640469640493393 20.38842760154179 1.2000000000000002
      vertex 16.050153501331806 20.415010513152392 1.2000000000000002
      vertex 15.608081921935081 20.646704779352458 1.2000000000000002
    endloop
  endfacet
  facet normal 0 0 1
    outer loop
      vertex 15.640469640493393 20.38842760154179 1.2000000000000002
      vertex 16.007797189056873 20.138461665596278 1.2000000000000002
      vertex 16.050153501331806 20.415010513152392 1.2000000000000002
    endloop
  endfacet
  facet normal 0.8400340744862995 0.5425336429217512 0
    outer loop
      vertex 16.137641988694668 19.244888753976138 1.2000000000000002
      vertex 16.137641988694668 19.244888753976138 1
      vertex 15.994799643754959 19.466059253896983 1.2000000000000002
    endloop
  endfacet
  facet normal 0 0 1
    outer loop
      vertex 15.777792930603027 18.9733282861965 1.2000000000000002
      vertex 16.185256101191044 18.95118674018553 1.2000000000000002
      vertex 16.137641988694668 19.244888753976138 1.2000000000000002
    endloop
  endfacet
  facet normal 0.9884733597630508 -0.1513949042694182 0
    outer loop
      vertex 16.007797189056873 20.138461665596278 1.2000000000000002
      vertex 16.007797189056873 20.138461665596278 1
      vertex 16.050153501331806 20.415010513152392 1.2000000000000002
    endloop
  endfacet
  facet normal -0.5195056494656767 -0.8544670152634598 0
    outer loop
      vertex 15.510918758809566 20.823584028865607 1.2000000000000002
      vertex 15.342889592051506 20.925743737603934 1
      vertex 15.510918758809566 20.823584028865607 1
    endloop
  endfacet
  facet normal -0.8764677639052714 -0.48146054753727563 0
    outer loop
      vertex 15.608081921935081 20.646704779352458 1.2000000000000002
      vertex 15.510918758809566 20.823584028865607 1
      vertex 15.608081921935081 20.646704779352458 1
    endloop
  endfacet
  facet normal 0.9172183443749817 0.3983848751421386 0
    outer loop
      vertex 15.812091089785099 20.96311167010239 1.2000000000000002
      vertex 16.050153501331806 20.415010513152392 1
      vertex 15.812091089785099 20.96311167010239 1
    endloop
  endfacet
  facet normal -0.5195056494656767 -0.8544670152634598 0
    outer loop
      vertex 15.342889592051506 20.925743737603934 1.2000000000000002
      vertex 15.342889592051506 20.925743737603934 1
      vertex 15.510918758809566 20.823584028865607 1.2000000000000002
    endloop
  endfacet
  facet normal -0.8764677639052714 -0.48146054753727563 0
    outer loop
      vertex 15.510918758809566 20.823584028865607 1.2000000000000002
      vertex 15.510918758809566 20.823584028865607 1
      vertex 15.608081921935081 20.646704779352458 1.2000000000000002
    endloop
  endfacet
  facet normal 0.24783494577315685 0.9688022706691064 0
    outer loop
      vertex 15.097903870046139 21.145812058235915 1.2000000000000002
      vertex 15.812091089785099 20.96311167010239 1.2000000000000002
      vertex 15.812091089785099 20.96311167010239 1
    endloop
  endfacet
  facet normal 0 0 1
    outer loop
      vertex 15.097903870046139 21.145812058235915 1.2000000000000002
      vertex 15.342889592051506 20.925743737603934 1.2000000000000002
      vertex 15.812091089785099 20.96311167010239 1.2000000000000002
    endloop
  endfacet
  facet normal 0 0 1
    outer loop
      vertex 15.510918758809566 20.823584028865607 1.2000000000000002
      vertex 15.608081921935081 20.646704779352458 1.2000000000000002
      vertex 15.812091089785099 20.96311167010239 1.2000000000000002
    endloop
  endfacet
  facet normal 0 0 1
    outer loop
      vertex 15.342889592051506 20.925743737603934 1.2000000000000002
      vertex 15.510918758809566 20.823584028865607 1.2000000000000002
      vertex 15.812091089785099 20.96311167010239 1.2000000000000002
    endloop
  endfacet
  facet normal 0 0 1
    outer loop
      vertex 16.050153501331806 20.415010513152392 1.2000000000000002
      vertex 15.812091089785099 20.96311167010239 1.2000000000000002
      vertex 15.608081921935081 20.646704779352458 1.2000000000000002
    endloop
  endfacet
  facet normal 0 -1 0
    outer loop
      vertex 16.807701244950294 20.47921446093491 1.2000000000000002
      vertex 16.661560527980328 20.47921446093491 1
      vertex 16.807701244950294 20.47921446093491 1
    endloop
  endfacet
  facet normal -0.720649797330536 0.6932992641042232 0
    outer loop
      vertex 17.317618034780025 19.157122687782557 1.2000000000000002
      vertex 17.55623561143875 19.405153685595305 1
      vertex 17.317618034780025 19.157122687782557 1
    endloop
  endfacet
  facet normal 0.6613274726705247 -0.7500973096147037 0
    outer loop
      vertex 17.665849313139915 19.202254855419906 1.2000000000000002
      vertex 17.270550929009914 18.853737832392962 1
      vertex 17.665849313139915 19.202254855419906 1
    endloop
  endfacet
  facet normal -0.806839676219585 0.5907704603971625 0
    outer loop
      vertex 17.55623561143875 19.405153685595305 1.2000000000000002
      vertex 17.715953536331654 19.623287068094523 1
      vertex 17.55623561143875 19.405153685595305 1
    endloop
  endfacet
  facet normal 0.7029918988136147 -0.7111978558758657 0
    outer loop
      vertex 17.93048647046089 19.463838571097167 1.2000000000000002
      vertex 17.665849313139915 19.202254855419906 1
      vertex 17.93048647046089 19.463838571097167 1
    endloop
  endfacet
  facet normal -0.9027144017409217 0.43024029203403297 0
    outer loop
      vertex 17.715953536331654 19.623287068094523 1.2000000000000002
      vertex 17.823077127337456 19.848049857999595 1
      vertex 17.715953536331654 19.623287068094523 1
    endloop
  endfacet
  facet normal -0.9706395219148856 0.240538808712529 0
    outer loop
      vertex 17.823077127337456 19.848049857999595 1.2000000000000002
      vertex 17.883721441030502 20.092766159559996 1
      vertex 17.823077127337456 19.848049857999595 1
    endloop
  endfacet
  facet normal -0.9973653538739132 0.0725420629150018 0
    outer loop
      vertex 17.883721441030502 20.092766159559996 1.2000000000000002
      vertex 17.903936214745045 20.370694772686274 1
      vertex 17.883721441030502 20.092766159559996 1
    endloop
  endfacet
  facet normal -0.9918046474639793 -0.12776361480817439 0
    outer loop
      vertex 17.903936214745045 20.370694772686274 1.2000000000000002
      vertex 17.871270909905434 20.6242693228381 1
      vertex 17.903936214745045 20.370694772686274 1
    endloop
  endfacet
  facet normal -0.6748902682921785 0.7379181023423341 0
    outer loop
      vertex 16.973795473575592 18.842667059387477 1.2000000000000002
      vertex 17.317618034780025 19.157122687782557 1.2000000000000002
      vertex 17.317618034780025 19.157122687782557 1
    endloop
  endfacet
  facet normal 0 -1 0
    outer loop
      vertex 16.661560527980328 20.47921446093491 1.2000000000000002
      vertex 16.661560527980328 20.47921446093491 1
      vertex 16.807701244950294 20.47921446093491 1.2000000000000002
    endloop
  endfacet
  facet normal 0.9779655557538748 -0.20876630896534734 0
    outer loop
      vertex 16.807701244950294 20.47921446093491 1.2000000000000002
      vertex 16.807701244950294 20.47921446093491 1
      vertex 16.88522929698229 20.842394539500983 1.2000000000000002
    endloop
  endfacet
  facet normal 0 0 1
    outer loop
      vertex 16.661560527980328 20.47921446093491 1.2000000000000002
      vertex 16.807701244950294 20.47921446093491 1.2000000000000002
      vertex 16.88522929698229 20.842394539500983 1.2000000000000002
    endloop
  endfacet
  facet normal -0.720649797330536 0.6932992641042232 0
    outer loop
      vertex 17.317618034780025 19.157122687782557 1.2000000000000002
      vertex 17.55623561143875 19.405153685595305 1.2000000000000002
      vertex 17.55623561143875 19.405153685595305 1
    endloop
  endfacet
  facet normal 0.7029918988136147 -0.7111978558758657 0
    outer loop
      vertex 17.665849313139915 19.202254855419906 1.2000000000000002
      vertex 17.665849313139915 19.202254855419906 1
      vertex 17.93048647046089 19.463838571097167 1.2000000000000002
    endloop
  endfacet
  facet normal -0.806839676219585 0.5907704603971625 0
    outer loop
      vertex 17.55623561143875 19.405153685595305 1.2000000000000002
      vertex 17.715953536331654 19.623287068094523 1.2000000000000002
      vertex 17.715953536331654 19.623287068094523 1
    endloop
  endfacet
  facet normal -0.9027144017409217 0.43024029203403297 0
    outer loop
      vertex 17.715953536331654 19.623287068094523 1.2000000000000002
      vertex 17.823077127337456 19.848049857999595 1.2000000000000002
      vertex 17.823077127337456 19.848049857999595 1
    endloop
  endfacet
  facet normal 0 0 1
    outer loop
      vertex 17.270550929009914 18.853737832392962 1.2000000000000002
      vertex 17.665849313139915 19.202254855419906 1.2000000000000002
      vertex 17.317618034780025 19.157122687782557 1.2000000000000002
    endloop
  endfacet
  facet normal 0 0 1
    outer loop
      vertex 17.317618034780025 19.157122687782557 1.2000000000000002
      vertex 17.665849313139915 19.202254855419906 1.2000000000000002
      vertex 17.55623561143875 19.405153685595305 1.2000000000000002
    endloop
  endfacet
  facet normal 0 0 1
    outer loop
      vertex 17.665849313139915 19.202254855419906 1.2000000000000002
      vertex 17.93048647046089 19.463838571097167 1.2000000000000002
      vertex 17.55623561143875 19.405153685595305 1.2000000000000002
    endloop
  endfacet
  facet normal 0 0 1
    outer loop
      vertex 17.55623561143875 19.405153685595305 1.2000000000000002
      vertex 17.93048647046089 19.463838571097167 1.2000000000000002
      vertex 17.715953536331654 19.623287068094523 1.2000000000000002
    endloop
  endfacet
  facet normal 0 0 1
    outer loop
      vertex 17.715953536331654 19.623287068094523 1.2000000000000002
      vertex 17.93048647046089 19.463838571097167 1.2000000000000002
      vertex 18.104051023721695 19.68253529199532 1.2000000000000002
    endloop
  endfacet
  facet normal 0 0 1
    outer loop
      vertex 17.715953536331654 19.623287068094523 1.2000000000000002
      vertex 18.104051023721695 19.68253529199532 1.2000000000000002
      vertex 17.823077127337456 19.848049857999595 1.2000000000000002
    endloop
  endfacet
  facet normal -0.9706395219148856 0.240538808712529 0
    outer loop
      vertex 17.823077127337456 19.848049857999595 1.2000000000000002
      vertex 17.883721441030502 20.092766159559996 1.2000000000000002
      vertex 17.883721441030502 20.092766159559996 1
    endloop
  endfacet
  facet normal -0.9973653538739132 0.0725420629150018 0
    outer loop
      vertex 17.883721441030502 20.092766159559996 1.2000000000000002
      vertex 17.903936214745045 20.370694772686274 1.2000000000000002
      vertex 17.903936214745045 20.370694772686274 1
    endloop
  endfacet
  facet normal -0.9918046474639793 -0.12776361480817439 0
    outer loop
      vertex 17.903936214745045 20.370694772686274 1.2000000000000002
      vertex 17.871270909905434 20.6242693228381 1.2000000000000002
      vertex 17.871270909905434 20.6242693228381 1
    endloop
  endfacet
  facet normal -1 0 0
    outer loop
      vertex 16.661560527980328 20.47921446093491 1.2000000000000002
      vertex 16.661560527980328 21.050583825792582 1
      vertex 16.661560527980328 20.47921446093491 1
    endloop
  endfacet
  facet normal 0.9779655557538748 -0.20876630896534734 0
    outer loop
      vertex 16.88522929698229 20.842394539500983 1.2000000000000002
      vertex 16.807701244950294 20.47921446093491 1
      vertex 16.88522929698229 20.842394539500983 1
    endloop
  endfacet
  facet normal 0.4236363548656931 -0.9058323458764921 0
    outer loop
      vertex 16.987650267779827 20.890294404114993 1.2000000000000002
      vertex 16.88522929698229 20.842394539500983 1
      vertex 16.987650267779827 20.890294404114993 1
    endloop
  endfacet
  facet normal -0.18825513130902244 0.9821201584000924 0
    outer loop
      vertex 16.661560527980328 21.050583825792582 1.2000000000000002
      vertex 17.03416220098734 21.122005001987727 1
      vertex 16.661560527980328 21.050583825792582 1
    endloop
  endfacet
  facet normal 0.30470088322561295 -0.9524480939985818 0
    outer loop
      vertex 17.104456700384617 20.92766234406403 1.2000000000000002
      vertex 16.987650267779827 20.890294404114993 1
      vertex 17.104456700384617 20.92766234406403 1
    endloop
  endfacet
  facet normal 0.19324498063795953 -0.9811505376129774 0
    outer loop
      vertex 17.226823017001152 20.951763310815604 1.2000000000000002
      vertex 17.104456700384617 20.92766234406403 1
      vertex 17.226823017001152 20.951763310815604 1
    endloop
  endfacet
  facet normal -0.07615724571666105 0.9970958198311995 0
    outer loop
      vertex 17.03416220098734 21.122005001987727 1.2000000000000002
      vertex 17.345858298242092 21.145812058235915 1
      vertex 17.03416220098734 21.122005001987727 1
    endloop
  endfacet
  facet normal 0.06733658356286874 -0.9977303165255031 0
    outer loop
      vertex 17.345858298242092 20.959796973850043 1.2000000000000002
      vertex 17.226823017001152 20.951763310815604 1
      vertex 17.345858298242092 20.959796973850043 1
    endloop
  endfacet
  facet normal -0.14594766725384073 -0.9892923119195672 0
    outer loop
      vertex 17.60109020024538 20.922143289233954 1.2000000000000002
      vertex 17.345858298242092 20.959796973850043 1
      vertex 17.60109020024538 20.922143289233954 1
    endloop
  endfacet
  facet normal 0.11792733472317768 0.9930222272059612 0
    outer loop
      vertex 17.345858298242092 21.145812058235915 1.2000000000000002
      vertex 17.77244222909212 21.095152662481578 1
      vertex 17.345858298242092 21.145812058235915 1
    endloop
  endfacet
  facet normal -0.5485369404011973 -0.8361263212070849 0
    outer loop
      vertex 17.77327498793602 20.809182227935107 1.2000000000000002
      vertex 17.60109020024538 20.922143289233954 1
      vertex 17.77327498793602 20.809182227935107 1
    endloop
  endfacet
  facet normal -0.8835885541596226 -0.46826409958281845 0
    outer loop
      vertex 17.871270909905434 20.6242693228381 1.2000000000000002
      vertex 17.77327498793602 20.809182227935107 1
      vertex 17.871270909905434 20.6242693228381 1
    endloop
  endfacet
  facet normal 0.4456042448124449 0.8952300581443469 0
    outer loop
      vertex 17.77244222909212 21.095152662481578 1.2000000000000002
      vertex 18.077770188450813 20.943174482669146 1
      vertex 17.77244222909212 21.095152662481578 1
    endloop
  endfacet
  facet normal -1 0 0
    outer loop
      vertex 16.661560527980328 20.47921446093491 1.2000000000000002
      vertex 16.661560527980328 21.050583825792582 1.2000000000000002
      vertex 16.661560527980328 21.050583825792582 1
    endloop
  endfacet
  facet normal 0.4236363548656931 -0.9058323458764921 0
    outer loop
      vertex 16.88522929698229 20.842394539500983 1.2000000000000002
      vertex 16.88522929698229 20.842394539500983 1
      vertex 16.987650267779827 20.890294404114993 1.2000000000000002
    endloop
  endfacet
  facet normal -0.18825513130902244 0.9821201584000924 0
    outer loop
      vertex 16.661560527980328 21.050583825792582 1.2000000000000002
      vertex 17.03416220098734 21.122005001987727 1.2000000000000002
      vertex 17.03416220098734 21.122005001987727 1
    endloop
  endfacet
  facet normal 0.30470088322561295 -0.9524480939985818 0
    outer loop
      vertex 16.987650267779827 20.890294404114993 1.2000000000000002
      vertex 16.987650267779827 20.890294404114993 1
      vertex 17.104456700384617 20.92766234406403 1.2000000000000002
    endloop
  endfacet
  facet normal 0.19324498063795953 -0.9811505376129774 0
    outer loop
      vertex 17.104456700384617 20.92766234406403 1.2000000000000002
      vertex 17.104456700384617 20.92766234406403 1
      vertex 17.226823017001152 20.951763310815604 1.2000000000000002
    endloop
  endfacet
  facet normal 0.06733658356286874 -0.9977303165255031 0
    outer loop
      vertex 17.226823017001152 20.951763310815604 1.2000000000000002
      vertex 17.226823017001152 20.951763310815604 1
      vertex 17.345858298242092 20.959796973850043 1.2000000000000002
    endloop
  endfacet
  facet normal -0.07615724571666105 0.9970958198311995 0
    outer loop
      vertex 17.03416220098734 21.122005001987727 1.2000000000000002
      vertex 17.345858298242092 21.145812058235915 1.2000000000000002
      vertex 17.345858298242092 21.145812058235915 1
    endloop
  endfacet
  facet normal 0 0 1
    outer loop
      vertex 16.661560527980328 20.47921446093491 1.2000000000000002
      vertex 16.88522929698229 20.842394539500983 1.2000000000000002
      vertex 16.661560527980328 21.050583825792582 1.2000000000000002
    endloop
  endfacet
  facet normal 0 0 1
    outer loop
      vertex 16.661560527980328 21.050583825792582 1.2000000000000002
      vertex 16.88522929698229 20.842394539500983 1.2000000000000002
      vertex 16.987650267779827 20.890294404114993 1.2000000000000002
    endloop
  endfacet
  facet normal 0 0 1
    outer loop
      vertex 16.661560527980328 21.050583825792582 1.2000000000000002
      vertex 16.987650267779827 20.890294404114993 1.2000000000000002
      vertex 17.03416220098734 21.122005001987727 1.2000000000000002
    endloop
  endfacet
  facet normal 0 0 1
    outer loop
      vertex 16.987650267779827 20.890294404114993 1.2000000000000002
      vertex 17.104456700384617 20.92766234406403 1.2000000000000002
      vertex 17.03416220098734 21.122005001987727 1.2000000000000002
    endloop
  endfacet
  facet normal 0 0 1
    outer loop
      vertex 17.104456700384617 20.92766234406403 1.2000000000000002
      vertex 17.226823017001152 20.951763310815604 1.2000000000000002
      vertex 17.03416220098734 21.122005001987727 1.2000000000000002
    endloop
  endfacet
  facet normal 0 0 1
    outer loop
      vertex 17.03416220098734 21.122005001987727 1.2000000000000002
      vertex 17.226823017001152 20.951763310815604 1.2000000000000002
      vertex 17.345858298242092 21.145812058235915 1.2000000000000002
    endloop
  endfacet
  facet normal -0.14594766725384073 -0.9892923119195672 0
    outer loop
      vertex 17.345858298242092 20.959796973850043 1.2000000000000002
      vertex 17.345858298242092 20.959796973850043 1
      vertex 17.60109020024538 20.922143289233954 1.2000000000000002
    endloop
  endfacet
  facet normal -0.5485369404011973 -0.8361263212070849 0
    outer loop
      vertex 17.77327498793602 20.809182227935107 1.2000000000000002
      vertex 17.60109020024538 20.922143289233954 1.2000000000000002
      vertex 17.60109020024538 20.922143289233954 1
    endloop
  endfacet
  facet normal -0.8835885541596226 -0.46826409958281845 0
    outer loop
      vertex 17.77327498793602 20.809182227935107 1.2000000000000002
      vertex 17.77327498793602 20.809182227935107 1
      vertex 17.871270909905434 20.6242693228381 1.2000000000000002
    endloop
  endfacet
  facet normal 0.11792733472317768 0.9930222272059612 0
    outer loop
      vertex 17.345858298242092 21.145812058235915 1.2000000000000002
      vertex 17.77244222909212 21.095152662481578 1.2000000000000002
      vertex 17.77244222909212 21.095152662481578 1
    endloop
  endfacet
  facet normal 0 0 1
    outer loop
      vertex 17.226823017001152 20.951763310815604 1.2000000000000002
      vertex 17.345858298242092 20.959796973850043 1.2000000000000002
      vertex 17.345858298242092 21.145812058235915 1.2000000000000002
    endloop
  endfacet
  facet normal 0 0 1
    outer loop
      vertex 17.345858298242092 20.959796973850043 1.2000000000000002
      vertex 17.60109020024538 20.922143289233954 1.2000000000000002
      vertex 17.345858298242092 21.145812058235915 1.2000000000000002
    endloop
  endfacet
  facet normal 0 0 1
    outer loop
      vertex 17.345858298242092 21.145812058235915 1.2000000000000002
      vertex 17.60109020024538 20.922143289233954 1.2000000000000002
      vertex 17.77244222909212 21.095152662481578 1.2000000000000002
    endloop
  endfacet
  facet normal 0 0 1
    outer loop
      vertex 17.77327498793602 20.809182227935107 1.2000000000000002
      vertex 17.77244222909212 21.095152662481578 1.2000000000000002
      vertex 17.60109020024538 20.922143289233954 1.2000000000000002
    endloop
  endfacet
  facet normal 0 0 1
    outer loop
      vertex 17.77327498793602 20.809182227935107 1.2000000000000002
      vertex 17.871270909905434 20.6242693228381 1.2000000000000002
      vertex 18.077770188450813 20.943174482669146 1.2000000000000002
    endloop
  endfacet
  facet normal 0 0 1
    outer loop
      vertex 17.77327498793602 20.809182227935107 1.2000000000000002
      vertex 18.077770188450813 20.943174482669146 1.2000000000000002
      vertex 17.77244222909212 21.095152662481578 1.2000000000000002
    endloop
  endfacet
  facet normal 0.7832963550273172 -0.6216484699578365 0
    outer loop
      vertex 18.104051023721695 19.68253529199532 1.2000000000000002
      vertex 17.93048647046089 19.463838571097167 1
      vertex 18.104051023721695 19.68253529199532 1
    endloop
  endfacet
  facet normal 0.8742001596734756 -0.4855657327559987 0
    outer loop
      vertex 18.226131588220596 19.902326026346 1.2000000000000002
      vertex 18.104051023721695 19.68253529199532 1
      vertex 18.226131588220596 19.902326026346 1
    endloop
  endfacet
  facet normal 0.952994101297573 -0.3029888494516443 0
    outer loop
      vertex 18.29838551580906 20.129587085332187 1.2000000000000002
      vertex 18.226131588220596 19.902326026346 1
      vertex 18.29838551580906 20.129587085332187 1
    endloop
  endfacet
  facet normal 0.9950478599748916 -0.09939696353203227 0
    outer loop
      vertex 18.322470158338547 20.370694772686274 1.2000000000000002
      vertex 18.29838551580906 20.129587085332187 1
      vertex 18.322470158338547 20.370694772686274 1
    endloop
  endfacet
  facet normal 0.983052301772304 0.1833253173464467 0
    outer loop
      vertex 18.261295162141323 20.698735774840625 1.2000000000000002
      vertex 18.322470158338547 20.370694772686274 1
      vertex 18.261295162141323 20.698735774840625 1
    endloop
  endfacet
  facet normal 0.7832963550273172 -0.6216484699578365 0
    outer loop
      vertex 17.93048647046089 19.463838571097167 1.2000000000000002
      vertex 17.93048647046089 19.463838571097167 1
      vertex 18.104051023721695 19.68253529199532 1.2000000000000002
    endloop
  endfacet
  facet normal 0.8742001596734756 -0.4855657327559987 0
    outer loop
      vertex 18.104051023721695 19.68253529199532 1.2000000000000002
      vertex 18.104051023721695 19.68253529199532 1
      vertex 18.226131588220596 19.902326026346 1.2000000000000002
    endloop
  endfacet
  facet normal 0 0 1
    outer loop
      vertex 17.823077127337456 19.848049857999595 1.2000000000000002
      vertex 18.104051023721695 19.68253529199532 1.2000000000000002
      vertex 18.226131588220596 19.902326026346 1.2000000000000002
    endloop
  endfacet
  facet normal 0.952994101297573 -0.3029888494516443 0
    outer loop
      vertex 18.226131588220596 19.902326026346 1.2000000000000002
      vertex 18.226131588220596 19.902326026346 1
      vertex 18.29838551580906 20.129587085332187 1.2000000000000002
    endloop
  endfacet
  facet normal 0.9950478599748916 -0.09939696353203227 0
    outer loop
      vertex 18.29838551580906 20.129587085332187 1.2000000000000002
      vertex 18.29838551580906 20.129587085332187 1
      vertex 18.322470158338547 20.370694772686274 1.2000000000000002
    endloop
  endfacet
  facet normal 0.983052301772304 0.1833253173464467 0
    outer loop
      vertex 18.322470158338547 20.370694772686274 1.2000000000000002
      vertex 18.322470158338547 20.370694772686274 1
      vertex 18.261295162141323 20.698735774840625 1.2000000000000002
    endloop
  endfacet
  facet normal 0 0 1
    outer loop
      vertex 17.823077127337456 19.848049857999595 1.2000000000000002
      vertex 18.226131588220596 19.902326026346 1.2000000000000002
      vertex 17.883721441030502 20.092766159559996 1.2000000000000002
    endloop
  endfacet
  facet normal 0 0 1
    outer loop
      vertex 17.883721441030502 20.092766159559996 1.2000000000000002
      vertex 18.29838551580906 20.129587085332187 1.2000000000000002
      vertex 17.903936214745045 20.370694772686274 1.2000000000000002
    endloop
  endfacet
  facet normal 0 0 1
    outer loop
      vertex 18.226131588220596 19.902326026346 1.2000000000000002
      vertex 18.29838551580906 20.129587085332187 1.2000000000000002
      vertex 17.883721441030502 20.092766159559996 1.2000000000000002
    endloop
  endfacet
  facet normal 0 0 1
    outer loop
      vertex 17.903936214745045 20.370694772686274 1.2000000000000002
      vertex 18.261295162141323 20.698735774840625 1.2000000000000002
      vertex 17.871270909905434 20.6242693228381 1.2000000000000002
    endloop
  endfacet
  facet normal 0 0 1
    outer loop
      vertex 17.903936214745045 20.370694772686274 1.2000000000000002
      vertex 18.29838551580906 20.129587085332187 1.2000000000000002
      vertex 18.322470158338547 20.370694772686274 1.2000000000000002
    endloop
  endfacet
  facet normal 0 0 1
    outer loop
      vertex 17.903936214745045 20.370694772686274 1.2000000000000002
      vertex 18.322470158338547 20.370694772686274 1.2000000000000002
      vertex 18.261295162141323 20.698735774840625 1.2000000000000002
    endloop
  endfacet
  facet normal 0.7996921976560195 0.6004101839643344 0
    outer loop
      vertex 18.077770188450813 20.943174482669146 1.2000000000000002
      vertex 18.261295162141323 20.698735774840625 1
      vertex 18.077770188450813 20.943174482669146 1
    endloop
  endfacet
  facet normal 0.4456042448124449 0.8952300581443469 0
    outer loop
      vertex 17.77244222909212 21.095152662481578 1.2000000000000002
      vertex 18.077770188450813 20.943174482669146 1.2000000000000002
      vertex 18.077770188450813 20.943174482669146 1
    endloop
  endfacet
  facet normal 0.7996921976560195 0.6004101839643344 0
    outer loop
      vertex 18.077770188450813 20.943174482669146 1.2000000000000002
      vertex 18.261295162141323 20.698735774840625 1.2000000000000002
      vertex 18.261295162141323 20.698735774840625 1
    endloop
  endfacet
  facet normal 0 0 1
    outer loop
      vertex 17.871270909905434 20.6242693228381 1.2000000000000002
      vertex 18.261295162141323 20.698735774840625 1.2000000000000002
      vertex 18.077770188450813 20.943174482669146 1.2000000000000002
    endloop
  endfacet
endsolid OpenSCAD_Model
