# Blender 5.0.1
# www.blender.org
mtllib C04-00669B.mtl
o OpenSCAD_Model
v 0.000000 0.000000 0.000000
v 0.000000 0.000927 0.000000
v 0.000000 0.000000 -0.009000
v 0.000000 0.000927 -0.009000
v 0.000653 0.000927 -0.007955
v 0.000653 0.001127 -0.007955
v 0.000676 0.000927 -0.007835
v 0.000676 0.001127 -0.007835
v 0.000676 0.000927 -0.008078
v 0.000676 0.001127 -0.008078
v 0.000743 0.000927 -0.007733
v 0.000743 0.001127 -0.007733
v 0.000745 0.000927 -0.008180
v 0.000745 0.001127 -0.008180
v 0.000845 0.000927 -0.007662
v 0.000845 0.001127 -0.007662
v 0.000847 0.000927 -0.008249
v 0.000847 0.001127 -0.008249
v 0.000970 0.000927 -0.007638
v 0.000970 0.001127 -0.007638
v 0.000970 0.000927 -0.008271
v 0.000970 0.001127 -0.008271
v 0.001093 0.000927 -0.008249
v 0.001093 0.001127 -0.008249
v 0.001094 0.000927 -0.007662
v 0.001094 0.001127 -0.007662
v 0.001195 0.000927 -0.008180
v 0.001195 0.001127 -0.008180
v 0.001196 0.000927 -0.007733
v 0.001196 0.001127 -0.007733
v 0.001263 0.000927 -0.008078
v 0.001263 0.001127 -0.008078
v 0.001264 0.000927 -0.007835
v 0.001264 0.001127 -0.007835
v 0.001286 0.000927 -0.007955
v 0.001286 0.001127 -0.007955
v 0.001577 0.000927 -0.006429
v 0.001577 0.001127 -0.006429
v 0.001577 0.000927 -0.006470
v 0.001577 0.001127 -0.006470
v 0.001577 0.000927 -0.007439
v 0.001577 0.001127 -0.007439
v 0.001577 0.000927 -0.007481
v 0.001577 0.001127 -0.007481
v 0.001712 0.000927 -0.006491
v 0.001712 0.001127 -0.006491
v 0.001712 0.000927 -0.007419
v 0.001712 0.001127 -0.007419
v 0.001794 0.000927 -0.006491
v 0.001794 0.001127 -0.006491
v 0.001794 0.000927 -0.007333
v 0.001794 0.001127 -0.007333
v 0.001895 0.000927 -0.007481
v 0.001895 0.001127 -0.007481
v 0.001935 0.000927 -0.006429
v 0.001935 0.001127 -0.006429
v 0.001935 0.000927 -0.006470
v 0.001935 0.001127 -0.006470
v 0.002055 0.000927 -0.001847
v 0.002055 0.001127 -0.001847
v 0.002055 0.000927 -0.001870
v 0.002055 0.001127 -0.001870
v 0.002121 0.000927 -0.001836
v 0.002121 0.001127 -0.001836
v 0.002179 0.000927 -0.006429
v 0.002179 0.001127 -0.006429
v 0.002207 0.000927 -0.006429
v 0.002207 0.001127 -0.006429
v 0.002224 0.000927 -0.001836
v 0.002224 0.001127 -0.001836
v 0.002234 0.000927 -0.001286
v 0.002234 0.001127 -0.001286
v 0.002234 0.000927 -0.001309
v 0.002234 0.001127 -0.001309
v 0.002238 0.000927 -0.006680
v 0.002238 0.001127 -0.006680
v 0.002302 0.000927 -0.001847
v 0.002302 0.001127 -0.001847
v 0.002302 0.000927 -0.001870
v 0.002302 0.001127 -0.001870
v 0.002326 0.000927 -0.001321
v 0.002326 0.001127 -0.001321
v 0.002326 0.000927 -0.001513
v 0.002326 0.001127 -0.001513
v 0.002392 0.000927 -0.001566
v 0.002392 0.001127 -0.001566
v 0.002411 0.000927 -0.001321
v 0.002411 0.001127 -0.001321
v 0.002411 0.000927 -0.001516
v 0.002411 0.001127 -0.001516
v 0.002477 0.000927 -0.001847
v 0.002477 0.001127 -0.001847
v 0.002477 0.000927 -0.001870
v 0.002477 0.001127 -0.001870
v 0.002486 0.000927 -0.006429
v 0.002486 0.001127 -0.006429
v 0.002486 0.000927 -0.006470
v 0.002486 0.001127 -0.006470
v 0.002503 0.000927 -0.001286
v 0.002503 0.001127 -0.001286
v 0.002503 0.000927 -0.001309
v 0.002503 0.001127 -0.001309
v 0.002551 0.000927 -0.001836
v 0.002551 0.001127 -0.001836
v 0.002603 0.000927 -0.001836
v 0.002603 0.001127 -0.001836
v 0.002611 0.000927 -0.007481
v 0.002611 0.001127 -0.007481
v 0.002627 0.000927 -0.006491
v 0.002627 0.001127 -0.006491
v 0.002627 0.000927 -0.007333
v 0.002627 0.001127 -0.007333
v 0.002667 0.000927 -0.001847
v 0.002667 0.001127 -0.001847
v 0.002667 0.000927 -0.001870
v 0.002667 0.001127 -0.001870
v 0.002700 0.000927 -0.001847
v 0.002700 0.001127 -0.001847
v 0.002700 0.000927 -0.001870
v 0.002700 0.001127 -0.001870
v 0.002766 0.000927 -0.001836
v 0.002766 0.001127 -0.001836
v 0.002777 0.000927 -0.006491
v 0.002777 0.001127 -0.006491
v 0.002777 0.000927 -0.007419
v 0.002777 0.001127 -0.007419
v 0.002800 0.000927 -0.004143
v 0.002800 0.001127 -0.004143
v 0.002800 0.000927 -0.005428
v 0.002800 0.001127 -0.005428
v 0.002819 0.000927 -0.004275
v 0.002819 0.001127 -0.004275
v 0.002819 0.000927 -0.005561
v 0.002819 0.001127 -0.005561
v 0.002820 0.000927 -0.004019
v 0.002820 0.001127 -0.004019
v 0.002820 0.000927 -0.005304
v 0.002820 0.001127 -0.005304
v 0.002869 0.000927 -0.001836
v 0.002869 0.001127 -0.001836
v 0.002876 0.000927 -0.004371
v 0.002876 0.001127 -0.004371
v 0.002876 0.000927 -0.005657
v 0.002876 0.001127 -0.005657
v 0.002878 0.000927 -0.001286
v 0.002878 0.001127 -0.001286
v 0.002878 0.000927 -0.001309
v 0.002878 0.001127 -0.001309
v 0.002879 0.000927 -0.003926
v 0.002879 0.001127 -0.003926
v 0.002879 0.000927 -0.005212
v 0.002879 0.001127 -0.005212
v 0.002891 0.000927 -0.004144
v 0.002891 0.001127 -0.004144
v 0.002891 0.000927 -0.005429
v 0.002891 0.001127 -0.005429
v 0.002904 0.000927 -0.004264
v 0.002904 0.001127 -0.004264
v 0.002904 0.000927 -0.005549
v 0.002904 0.001127 -0.005549
v 0.002904 0.000927 -0.004031
v 0.002904 0.001127 -0.004031
v 0.002904 0.000927 -0.005317
v 0.002904 0.001127 -0.005317
v 0.002912 0.000927 -0.006429
v 0.002912 0.001127 -0.006429
v 0.002912 0.000927 -0.006470
v 0.002912 0.001127 -0.006470
v 0.002912 0.000927 -0.007439
v 0.002912 0.001127 -0.007439
v 0.002912 0.000927 -0.007481
v 0.002912 0.001127 -0.007481
v 0.002942 0.000927 -0.004348
v 0.002942 0.001127 -0.004348
v 0.002942 0.000927 -0.005633
v 0.002942 0.001127 -0.005633
v 0.002945 0.000927 -0.003949
v 0.002945 0.001127 -0.003949
v 0.002945 0.000927 -0.005235
v 0.002945 0.001127 -0.005235
v 0.002947 0.000927 -0.001847
v 0.002947 0.001127 -0.001847
v 0.002947 0.000927 -0.001870
v 0.002947 0.001127 -0.001870
v 0.002971 0.000927 -0.004429
v 0.002971 0.001127 -0.004429
v 0.002971 0.000927 -0.005715
v 0.002971 0.001127 -0.005715
v 0.002971 0.000927 -0.001321
v 0.002971 0.001127 -0.001321
v 0.002971 0.000927 -0.001513
v 0.002971 0.001127 -0.001513
v 0.002974 0.000927 -0.003868
v 0.002974 0.001127 -0.003868
v 0.002974 0.000927 -0.005153
v 0.002974 0.001127 -0.005153
v 0.003009 0.000927 -0.004397
v 0.003009 0.001127 -0.004397
v 0.003009 0.000927 -0.005683
v 0.003009 0.001127 -0.005683
v 0.003011 0.000927 -0.003899
v 0.003011 0.001127 -0.003899
v 0.003011 0.000927 -0.005184
v 0.003011 0.001127 -0.005184
v 0.003037 0.000927 -0.001566
v 0.003037 0.001127 -0.001566
v 0.003055 0.000927 -0.001321
v 0.003055 0.001127 -0.001321
v 0.003055 0.000927 -0.001516
v 0.003055 0.001127 -0.001516
v 0.003101 0.000927 -0.003848
v 0.003101 0.001127 -0.003848
v 0.003101 0.000927 -0.005134
v 0.003101 0.001127 -0.005134
v 0.003101 0.000927 -0.003882
v 0.003101 0.001127 -0.003882
v 0.003101 0.000927 -0.005168
v 0.003101 0.001127 -0.005168
v 0.003102 0.000927 -0.004448
v 0.003102 0.001127 -0.004448
v 0.003102 0.000927 -0.005734
v 0.003102 0.001127 -0.005734
v 0.003106 0.000927 -0.004413
v 0.003106 0.001127 -0.004413
v 0.003106 0.000927 -0.005699
v 0.003106 0.001127 -0.005699
v 0.003122 0.000927 -0.001847
v 0.003122 0.001127 -0.001847
v 0.003122 0.000927 -0.001870
v 0.003122 0.001127 -0.001870
v 0.003147 0.000927 -0.004411
v 0.003147 0.001127 -0.004411
v 0.003147 0.000927 -0.005697
v 0.003147 0.001127 -0.005697
v 0.003148 0.000927 -0.001286
v 0.003148 0.001127 -0.001286
v 0.003148 0.000927 -0.001309
v 0.003148 0.001127 -0.001309
v 0.003150 0.000927 -0.003885
v 0.003150 0.001127 -0.003885
v 0.003150 0.000927 -0.005171
v 0.003150 0.001127 -0.005171
v 0.003188 0.000927 -0.004403
v 0.003188 0.001127 -0.004403
v 0.003188 0.000927 -0.005689
v 0.003188 0.001127 -0.005689
v 0.003195 0.000927 -0.003894
v 0.003195 0.001127 -0.003894
v 0.003195 0.000927 -0.005180
v 0.003195 0.001127 -0.005180
v 0.003196 0.000927 -0.001836
v 0.003196 0.001127 -0.001836
v 0.003197 0.000927 -0.004443
v 0.003197 0.001127 -0.004443
v 0.003197 0.000927 -0.005728
v 0.003197 0.001127 -0.005728
v 0.003207 0.000927 -0.003855
v 0.003207 0.001127 -0.003855
v 0.003207 0.000927 -0.005141
v 0.003207 0.001127 -0.005141
v 0.003226 0.000927 -0.004391
v 0.003226 0.001127 -0.004391
v 0.003226 0.000927 -0.005677
v 0.003226 0.001127 -0.005677
v 0.003235 0.000927 -0.003908
v 0.003235 0.001127 -0.003908
v 0.003235 0.000927 -0.005194
v 0.003235 0.001127 -0.005194
v 0.003248 0.000927 -0.001836
v 0.003248 0.001127 -0.001836
v 0.003259 0.000927 -0.004374
v 0.003259 0.001127 -0.004374
v 0.003259 0.000927 -0.005660
v 0.003259 0.001127 -0.005660
v 0.003265 0.000927 -0.003926
v 0.003265 0.001127 -0.003926
v 0.003265 0.000927 -0.005212
v 0.003265 0.001127 -0.005212
v 0.003272 0.000927 -0.004298
v 0.003272 0.001127 -0.004298
v 0.003272 0.000927 -0.005584
v 0.003272 0.001127 -0.005584
v 0.003281 0.000927 -0.004013
v 0.003281 0.001127 -0.004013
v 0.003281 0.000927 -0.005299
v 0.003281 0.001127 -0.005299
v 0.003298 0.000927 -0.004426
v 0.003298 0.001127 -0.004426
v 0.003298 0.000927 -0.005712
v 0.003298 0.001127 -0.005712
v 0.003301 0.000927 -0.004298
v 0.003301 0.001127 -0.004298
v 0.003301 0.000927 -0.005584
v 0.003301 0.001127 -0.005584
v 0.003307 0.000927 -0.003876
v 0.003307 0.001127 -0.003876
v 0.003307 0.000927 -0.005162
v 0.003307 0.001127 -0.005162
v 0.003309 0.000927 -0.004013
v 0.003309 0.001127 -0.004013
v 0.003309 0.000927 -0.005299
v 0.003309 0.001127 -0.005299
v 0.003312 0.000927 -0.001847
v 0.003312 0.001127 -0.001847
v 0.003312 0.000927 -0.001870
v 0.003312 0.001127 -0.001870
v 0.003336 0.000927 -0.001847
v 0.003336 0.001127 -0.001847
v 0.003336 0.000927 -0.001870
v 0.003336 0.001127 -0.001870
v 0.003384 0.000927 -0.004419
v 0.003384 0.001127 -0.004419
v 0.003384 0.000927 -0.004442
v 0.003384 0.001127 -0.004442
v 0.003384 0.000927 -0.005704
v 0.003384 0.001127 -0.005704
v 0.003384 0.000927 -0.005727
v 0.003384 0.001127 -0.005727
v 0.003387 0.000927 -0.001836
v 0.003387 0.001127 -0.001836
v 0.003390 0.000927 -0.003857
v 0.003390 0.001127 -0.003857
v 0.003390 0.000927 -0.003880
v 0.003390 0.001127 -0.003880
v 0.003390 0.000927 -0.005143
v 0.003390 0.001127 -0.005143
v 0.003390 0.000927 -0.005166
v 0.003390 0.001127 -0.005166
v 0.003408 0.000927 -0.007439
v 0.003408 0.001127 -0.007439
v 0.003408 0.000927 -0.007481
v 0.003408 0.001127 -0.007481
v 0.003418 0.000927 -0.006429
v 0.003418 0.001127 -0.006429
v 0.003418 0.000927 -0.006470
v 0.003418 0.001127 -0.006470
v 0.003459 0.000927 -0.003892
v 0.003459 0.001127 -0.003892
v 0.003459 0.000927 -0.004407
v 0.003459 0.001127 -0.004407
v 0.003459 0.000927 -0.005178
v 0.003459 0.001127 -0.005178
v 0.003459 0.000927 -0.005693
v 0.003459 0.001127 -0.005693
v 0.003473 0.000927 -0.001836
v 0.003473 0.001127 -0.001836
v 0.003492 0.000927 -0.002571
v 0.003492 0.001127 -0.002571
v 0.003492 0.000927 -0.002595
v 0.003492 0.001127 -0.002595
v 0.003543 0.000927 -0.006491
v 0.003543 0.001127 -0.006491
v 0.003543 0.000927 -0.007419
v 0.003543 0.001127 -0.007419
v 0.003543 0.000927 -0.003892
v 0.003543 0.001127 -0.003892
v 0.003543 0.000927 -0.004086
v 0.003543 0.001127 -0.004086
v 0.003543 0.000927 -0.004126
v 0.003543 0.001127 -0.004126
v 0.003543 0.000927 -0.004402
v 0.003543 0.001127 -0.004402
v 0.003543 0.000927 -0.005178
v 0.003543 0.001127 -0.005178
v 0.003543 0.000927 -0.005372
v 0.003543 0.001127 -0.005372
v 0.003543 0.000927 -0.005411
v 0.003543 0.001127 -0.005411
v 0.003543 0.000927 -0.005688
v 0.003543 0.001127 -0.005688
v 0.003558 0.000927 -0.002606
v 0.003558 0.001127 -0.002606
v 0.003559 0.000927 -0.001847
v 0.003559 0.001127 -0.001847
v 0.003559 0.000927 -0.001870
v 0.003559 0.001127 -0.001870
v 0.003580 0.000927 -0.001272
v 0.003580 0.001127 -0.001272
v 0.003586 0.000927 -0.004402
v 0.003586 0.001127 -0.004402
v 0.003586 0.000927 -0.005688
v 0.003586 0.001127 -0.005688
v 0.003589 0.000927 -0.004126
v 0.003589 0.001127 -0.004126
v 0.003589 0.000927 -0.005411
v 0.003589 0.001127 -0.005411
v 0.003603 0.000927 -0.001272
v 0.003603 0.001127 -0.001272
v 0.003605 0.000927 -0.004442
v 0.003605 0.001127 -0.004442
v 0.003605 0.000927 -0.005727
v 0.003605 0.001127 -0.005727
v 0.003605 0.000927 -0.002606
v 0.003605 0.001127 -0.002606
v 0.003609 0.000927 -0.004086
v 0.003609 0.001127 -0.004086
v 0.003609 0.000927 -0.005372
v 0.003609 0.001127 -0.005372
v 0.003612 0.000927 -0.001424
v 0.003612 0.001127 -0.001424
v 0.003636 0.000927 -0.003857
v 0.003636 0.001127 -0.003857
v 0.003636 0.000927 -0.003880
v 0.003636 0.001127 -0.003880
v 0.003636 0.000927 -0.005143
v 0.003636 0.001127 -0.005143
v 0.003636 0.000927 -0.005166
v 0.003636 0.001127 -0.005166
v 0.003653 0.000927 -0.004134
v 0.003653 0.001127 -0.004134
v 0.003653 0.000927 -0.005420
v 0.003653 0.001127 -0.005420
v 0.003654 0.000927 -0.004395
v 0.003654 0.001127 -0.004395
v 0.003654 0.000927 -0.005680
v 0.003654 0.001127 -0.005680
v 0.003664 0.000927 -0.002775
v 0.003664 0.001127 -0.002775
v 0.003677 0.000927 -0.002814
v 0.003677 0.001127 -0.002814
v 0.003684 0.000927 -0.002571
v 0.003684 0.001127 -0.002571
v 0.003684 0.000927 -0.002595
v 0.003684 0.001127 -0.002595
v 0.003694 0.000927 -0.006491
v 0.003694 0.001127 -0.006491
v 0.003694 0.000927 -0.006841
v 0.003694 0.001127 -0.006841
v 0.003694 0.000927 -0.006912
v 0.003694 0.001127 -0.006912
v 0.003694 0.000927 -0.007410
v 0.003694 0.001127 -0.007410
v 0.003698 0.000927 -0.004159
v 0.003698 0.001127 -0.004159
v 0.003698 0.000927 -0.005445
v 0.003698 0.001127 -0.005445
v 0.003699 0.000927 -0.004098
v 0.003699 0.001127 -0.004098
v 0.003699 0.000927 -0.005384
v 0.003699 0.001127 -0.005384
v 0.003699 0.000927 -0.004372
v 0.003699 0.001127 -0.004372
v 0.003699 0.000927 -0.005657
v 0.003699 0.001127 -0.005657
v 0.003724 0.000927 -0.004203
v 0.003724 0.001127 -0.004203
v 0.003724 0.000927 -0.005489
v 0.003724 0.001127 -0.005489
v 0.003724 0.000927 -0.004330
v 0.003724 0.001127 -0.004330
v 0.003724 0.000927 -0.005616
v 0.003724 0.001127 -0.005616
v 0.003733 0.000927 -0.004269
v 0.003733 0.001127 -0.004269
v 0.003733 0.000927 -0.005554
v 0.003733 0.001127 -0.005554
v 0.003757 0.000927 -0.003161
v 0.003757 0.001127 -0.003161
v 0.003759 0.000927 -0.001675
v 0.003759 0.001127 -0.001675
v 0.003765 0.000927 -0.004133
v 0.003765 0.001127 -0.004133
v 0.003765 0.000927 -0.005419
v 0.003765 0.001127 -0.005419
v 0.003766 0.000927 -0.004399
v 0.003766 0.001127 -0.004399
v 0.003766 0.000927 -0.005684
v 0.003766 0.001127 -0.005684
v 0.003770 0.000927 -0.001829
v 0.003770 0.001127 -0.001829
v 0.003771 0.000927 -0.007410
v 0.003771 0.001127 -0.007410
v 0.003776 0.000927 -0.006912
v 0.003776 0.001127 -0.006912
v 0.003778 0.000927 -0.003098
v 0.003778 0.001127 -0.003098
v 0.003789 0.000927 -0.001829
v 0.003789 0.001127 -0.001829
v 0.003805 0.000927 -0.007481
v 0.003805 0.001127 -0.007481
v 0.003806 0.000927 -0.004191
v 0.003806 0.001127 -0.004191
v 0.003806 0.000927 -0.005476
v 0.003806 0.001127 -0.005476
v 0.003813 0.000927 -0.006841
v 0.003813 0.001127 -0.006841
v 0.003819 0.000927 -0.004270
v 0.003819 0.001127 -0.004270
v 0.003819 0.000927 -0.005555
v 0.003819 0.001127 -0.005555
v 0.003840 0.000927 -0.003161
v 0.003840 0.001127 -0.003161
v 0.003861 0.000927 -0.006429
v 0.003861 0.001127 -0.006429
v 0.003861 0.000927 -0.006470
v 0.003861 0.001127 -0.006470
v 0.003874 0.000927 -0.002571
v 0.003874 0.001127 -0.002571
v 0.003874 0.000927 -0.002595
v 0.003874 0.001127 -0.002595
v 0.003881 0.000927 -0.002814
v 0.003881 0.001127 -0.002814
v 0.003881 0.000927 -0.003857
v 0.003881 0.001127 -0.003857
v 0.003881 0.000927 -0.003880
v 0.003881 0.001127 -0.003880
v 0.003881 0.000927 -0.004419
v 0.003881 0.001127 -0.004419
v 0.003881 0.000927 -0.004442
v 0.003881 0.001127 -0.004442
v 0.003881 0.000927 -0.005143
v 0.003881 0.001127 -0.005143
v 0.003881 0.000927 -0.005166
v 0.003881 0.001127 -0.005166
v 0.003881 0.000927 -0.005704
v 0.003881 0.001127 -0.005704
v 0.003881 0.000927 -0.005727
v 0.003881 0.001127 -0.005727
v 0.003891 0.000927 -0.006927
v 0.003891 0.001127 -0.006927
v 0.003893 0.000927 -0.007396
v 0.003893 0.001127 -0.007396
v 0.003894 0.000927 -0.002775
v 0.003894 0.001127 -0.002775
v 0.003911 0.000927 -0.001272
v 0.003911 0.001127 -0.001272
v 0.003934 0.000927 -0.001272
v 0.003934 0.001127 -0.001272
v 0.003941 0.000927 -0.001424
v 0.003941 0.001127 -0.001424
v 0.003952 0.000927 -0.002606
v 0.003952 0.001127 -0.002606
v 0.003956 0.000927 -0.003892
v 0.003956 0.001127 -0.003892
v 0.003956 0.000927 -0.004407
v 0.003956 0.001127 -0.004407
v 0.003956 0.000927 -0.005178
v 0.003956 0.001127 -0.005178
v 0.003956 0.000927 -0.005693
v 0.003956 0.001127 -0.005693
v 0.003971 0.000927 -0.006972
v 0.003971 0.001127 -0.006972
v 0.003974 0.000927 -0.006862
v 0.003974 0.001127 -0.006862
v 0.003974 0.000927 -0.007354
v 0.003974 0.001127 -0.007354
v 0.003982 0.000927 -0.001847
v 0.003982 0.001127 -0.001847
v 0.003982 0.000927 -0.001870
v 0.003982 0.001127 -0.001870
v 0.004002 0.000927 -0.003892
v 0.004002 0.001127 -0.003892
v 0.004002 0.000927 -0.004383
v 0.004002 0.001127 -0.004383
v 0.004002 0.000927 -0.005178
v 0.004002 0.001127 -0.005178
v 0.004002 0.000927 -0.005669
v 0.004002 0.001127 -0.005669
v 0.004019 0.000927 -0.007052
v 0.004019 0.001127 -0.007052
v 0.004019 0.000927 -0.007280
v 0.004019 0.001127 -0.007280
v 0.004035 0.000927 -0.007169
v 0.004035 0.001127 -0.007169
v 0.004047 0.000927 -0.002606
v 0.004047 0.001127 -0.002606
v 0.004058 0.000927 -0.004442
v 0.004058 0.001127 -0.004442
v 0.004058 0.000927 -0.005727
v 0.004058 0.001127 -0.005727
v 0.004073 0.000927 -0.001836
v 0.004073 0.001127 -0.001836
v 0.004080 0.000927 -0.003857
v 0.004080 0.001127 -0.003857
v 0.004080 0.000927 -0.003880
v 0.004080 0.001127 -0.003880
v 0.004080 0.000927 -0.005143
v 0.004080 0.001127 -0.005143
v 0.004080 0.000927 -0.005166
v 0.004080 0.001127 -0.005166
v 0.004093 0.000927 -0.006925
v 0.004093 0.001127 -0.006925
v 0.004094 0.000927 -0.007403
v 0.004094 0.001127 -0.007403
v 0.004121 0.000927 -0.002571
v 0.004121 0.001127 -0.002571
v 0.004121 0.000927 -0.002595
v 0.004121 0.001127 -0.002595
v 0.004125 0.000927 -0.001836
v 0.004125 0.001127 -0.001836
v 0.004153 0.000927 -0.003133
v 0.004153 0.001127 -0.003133
v 0.004153 0.000927 -0.003156
v 0.004153 0.001127 -0.003156
v 0.004159 0.000927 -0.002571
v 0.004159 0.001127 -0.002571
v 0.004159 0.000927 -0.002595
v 0.004159 0.001127 -0.002595
v 0.004166 0.000927 -0.007029
v 0.004166 0.001127 -0.007029
v 0.004176 0.000927 -0.001847
v 0.004176 0.001127 -0.001847
v 0.004176 0.000927 -0.001870
v 0.004176 0.001127 -0.001870
v 0.004178 0.000927 -0.001847
v 0.004178 0.001127 -0.001847
v 0.004178 0.000927 -0.001870
v 0.004178 0.001127 -0.001870
v 0.004191 0.000927 -0.007171
v 0.004191 0.001127 -0.007171
v 0.004228 0.000927 -0.002606
v 0.004228 0.001127 -0.002606
v 0.004228 0.000927 -0.003122
v 0.004228 0.001127 -0.003122
v 0.004229 0.000927 -0.001836
v 0.004229 0.001127 -0.001836
v 0.004280 0.000927 -0.004419
v 0.004280 0.001127 -0.004419
v 0.004280 0.000927 -0.004442
v 0.004280 0.001127 -0.004442
v 0.004280 0.000927 -0.005704
v 0.004280 0.001127 -0.005704
v 0.004280 0.000927 -0.005727
v 0.004280 0.001127 -0.005727
v 0.004313 0.000927 -0.002606
v 0.004313 0.001127 -0.002606
v 0.004313 0.000927 -0.002828
v 0.004313 0.001127 -0.002828
v 0.004313 0.000927 -0.002867
v 0.004313 0.001127 -0.002867
v 0.004313 0.000927 -0.003117
v 0.004313 0.001127 -0.003117
v 0.004313 0.000927 -0.006429
v 0.004313 0.001127 -0.006429
v 0.004313 0.000927 -0.006470
v 0.004313 0.001127 -0.006470
v 0.004313 0.000927 -0.007439
v 0.004313 0.001127 -0.007439
v 0.004313 0.000927 -0.007481
v 0.004313 0.001127 -0.007481
v 0.004316 0.000927 -0.001836
v 0.004316 0.001127 -0.001836
v 0.004359 0.000927 -0.004009
v 0.004359 0.001127 -0.004009
v 0.004359 0.000927 -0.004407
v 0.004359 0.001127 -0.004407
v 0.004359 0.000927 -0.005295
v 0.004359 0.001127 -0.005295
v 0.004359 0.000927 -0.005693
v 0.004359 0.001127 -0.005693
v 0.004362 0.000927 -0.003857
v 0.004362 0.001127 -0.003857
v 0.004362 0.000927 -0.005143
v 0.004362 0.001127 -0.005143
v 0.004387 0.000927 -0.003117
v 0.004387 0.001127 -0.003117
v 0.004390 0.000927 -0.002867
v 0.004390 0.001127 -0.002867
v 0.004401 0.000927 -0.002571
v 0.004401 0.001127 -0.002571
v 0.004401 0.000927 -0.002595
v 0.004401 0.001127 -0.002595
v 0.004402 0.000927 -0.001847
v 0.004402 0.001127 -0.001847
v 0.004402 0.000927 -0.001870
v 0.004402 0.001127 -0.001870
v 0.004404 0.000927 -0.003857
v 0.004404 0.001127 -0.003857
v 0.004404 0.000927 -0.004407
v 0.004404 0.001127 -0.004407
v 0.004404 0.000927 -0.005143
v 0.004404 0.001127 -0.005143
v 0.004404 0.000927 -0.005693
v 0.004404 0.001127 -0.005693
v 0.004406 0.000927 -0.003156
v 0.004406 0.001127 -0.003156
v 0.004418 0.000927 -0.002828
v 0.004418 0.001127 -0.002828
v 0.004423 0.000927 -0.001272
v 0.004423 0.001127 -0.001272
v 0.004446 0.000927 -0.001272
v 0.004446 0.001127 -0.001272
v 0.004448 0.000927 -0.006491
v 0.004448 0.001127 -0.006491
v 0.004448 0.000927 -0.007419
v 0.004448 0.001127 -0.007419
v 0.004455 0.000927 -0.001424
v 0.004455 0.001127 -0.001424
v 0.004456 0.000927 -0.003110
v 0.004456 0.001127 -0.003110
v 0.004456 0.000927 -0.002874
v 0.004456 0.001127 -0.002874
v 0.004479 0.000927 -0.004419
v 0.004479 0.001127 -0.004419
v 0.004479 0.000927 -0.004442
v 0.004479 0.001127 -0.004442
v 0.004479 0.000927 -0.005704
v 0.004479 0.001127 -0.005704
v 0.004479 0.000927 -0.005727
v 0.004479 0.001127 -0.005727
v 0.004500 0.000927 -0.002840
v 0.004500 0.001127 -0.002840
v 0.004501 0.000927 -0.002896
v 0.004501 0.001127 -0.002896
v 0.004501 0.000927 -0.003089
v 0.004501 0.001127 -0.003089
v 0.004501 0.000927 -0.003147
v 0.004501 0.001127 -0.003147
v 0.004525 0.000927 -0.002935
v 0.004525 0.001127 -0.002935
v 0.004525 0.000927 -0.003051
v 0.004525 0.001127 -0.003051
v 0.004534 0.000927 -0.002994
v 0.004534 0.001127 -0.002994
v 0.004537 0.000927 -0.004143
v 0.004537 0.001127 -0.004143
v 0.004537 0.000927 -0.005428
v 0.004537 0.001127 -0.005428
v 0.004551 0.000927 -0.002863
v 0.004551 0.001127 -0.002863
v 0.004556 0.000927 -0.004275
v 0.004556 0.001127 -0.004275
v 0.004556 0.000927 -0.005561
v 0.004556 0.001127 -0.005561
v 0.004556 0.000927 -0.004019
v 0.004556 0.001127 -0.004019
v 0.004556 0.000927 -0.005304
v 0.004556 0.001127 -0.005304
v 0.004568 0.000927 -0.003119
v 0.004568 0.001127 -0.003119
v 0.004582 0.000927 -0.002571
v 0.004582 0.001127 -0.002571
v 0.004588 0.000927 -0.002899
v 0.004588 0.001127 -0.002899
v 0.004599 0.000927 -0.006491
v 0.004599 0.001127 -0.006491
v 0.004599 0.000927 -0.007419
v 0.004599 0.001127 -0.007419
v 0.004602 0.000927 -0.001675
v 0.004602 0.001127 -0.001675
v 0.004607 0.000927 -0.003071
v 0.004607 0.001127 -0.003071
v 0.004612 0.000927 -0.001829
v 0.004612 0.001127 -0.001829
v 0.004612 0.000927 -0.002946
v 0.004612 0.001127 -0.002946
v 0.004613 0.000927 -0.004371
v 0.004613 0.001127 -0.004371
v 0.004613 0.000927 -0.005657
v 0.004613 0.001127 -0.005657
v 0.004616 0.000927 -0.003926
v 0.004616 0.001127 -0.003926
v 0.004616 0.000927 -0.005212
v 0.004616 0.001127 -0.005212
v 0.004620 0.000927 -0.003000
v 0.004620 0.001127 -0.003000
v 0.004628 0.000927 -0.004144
v 0.004628 0.001127 -0.004144
v 0.004628 0.000927 -0.005429
v 0.004628 0.001127 -0.005429
v 0.004632 0.000927 -0.001829
v 0.004632 0.001127 -0.001829
v 0.004641 0.000927 -0.004264
v 0.004641 0.001127 -0.004264
v 0.004641 0.000927 -0.005549
v 0.004641 0.001127 -0.005549
v 0.004641 0.000927 -0.004031
v 0.004641 0.001127 -0.004031
v 0.004641 0.000927 -0.005317
v 0.004641 0.001127 -0.005317
v 0.004659 0.000927 -0.002606
v 0.004659 0.001127 -0.002606
v 0.004679 0.000927 -0.004348
v 0.004679 0.001127 -0.004348
v 0.004679 0.000927 -0.005633
v 0.004679 0.001127 -0.005633
v 0.004682 0.000927 -0.003949
v 0.004682 0.001127 -0.003949
v 0.004682 0.000927 -0.005235
v 0.004682 0.001127 -0.005235
v 0.004708 0.000927 -0.004429
v 0.004708 0.001127 -0.004429
v 0.004708 0.000927 -0.005715
v 0.004708 0.001127 -0.005715
v 0.004711 0.000927 -0.003868
v 0.004711 0.001127 -0.003868
v 0.004711 0.000927 -0.005153
v 0.004711 0.001127 -0.005153
v 0.004722 0.000927 -0.002571
v 0.004722 0.001127 -0.002571
v 0.004722 0.000927 -0.002595
v 0.004722 0.001127 -0.002595
v 0.004734 0.000927 -0.006429
v 0.004734 0.001127 -0.006429
v 0.004734 0.000927 -0.006470
v 0.004734 0.001127 -0.006470
v 0.004734 0.000927 -0.007439
v 0.004734 0.001127 -0.007439
v 0.004734 0.000927 -0.007481
v 0.004734 0.001127 -0.007481
v 0.004746 0.000927 -0.004397
v 0.004746 0.001127 -0.004397
v 0.004746 0.000927 -0.005683
v 0.004746 0.001127 -0.005683
v 0.004748 0.000927 -0.003899
v 0.004748 0.001127 -0.003899
v 0.004748 0.000927 -0.005184
v 0.004748 0.001127 -0.005184
v 0.004749 0.000927 -0.002571
v 0.004749 0.001127 -0.002571
v 0.004749 0.000927 -0.002595
v 0.004749 0.001127 -0.002595
v 0.004749 0.000927 -0.003133
v 0.004749 0.001127 -0.003133
v 0.004749 0.000927 -0.003156
v 0.004749 0.001127 -0.003156
v 0.004753 0.000927 -0.001272
v 0.004753 0.001127 -0.001272
v 0.004777 0.000927 -0.001272
v 0.004777 0.001127 -0.001272
v 0.004784 0.000927 -0.001424
v 0.004784 0.001127 -0.001424
v 0.004824 0.000927 -0.002606
v 0.004824 0.001127 -0.002606
v 0.004824 0.000927 -0.003122
v 0.004824 0.001127 -0.003122
v 0.004825 0.000927 -0.001847
v 0.004825 0.001127 -0.001847
v 0.004825 0.000927 -0.001870
v 0.004825 0.001127 -0.001870
v 0.004837 0.000927 -0.003848
v 0.004837 0.001127 -0.003848
v 0.004837 0.000927 -0.005134
v 0.004837 0.001127 -0.005134
v 0.004838 0.000927 -0.003882
v 0.004838 0.001127 -0.003882
v 0.004838 0.000927 -0.005168
v 0.004838 0.001127 -0.005168
v 0.004839 0.000927 -0.004448
v 0.004839 0.001127 -0.004448
v 0.004839 0.000927 -0.005734
v 0.004839 0.001127 -0.005734
v 0.004843 0.000927 -0.004413
v 0.004843 0.001127 -0.004413
v 0.004843 0.000927 -0.005699
v 0.004843 0.001127 -0.005699
v 0.004856 0.000927 -0.006943
v 0.004856 0.001127 -0.006943
v 0.004870 0.000927 -0.002606
v 0.004870 0.001127 -0.002606
v 0.004870 0.000927 -0.003074
v 0.004870 0.001127 -0.003074
v 0.004884 0.000927 -0.004411
v 0.004884 0.001127 -0.004411
v 0.004884 0.000927 -0.005697
v 0.004884 0.001127 -0.005697
v 0.004887 0.000927 -0.003885
v 0.004887 0.001127 -0.003885
v 0.004887 0.000927 -0.005171
v 0.004887 0.001127 -0.005171
v 0.004891 0.000927 -0.007181
v 0.004891 0.001127 -0.007181
v 0.004892 0.000927 -0.006719
v 0.004892 0.001127 -0.006719
v 0.004916 0.000927 -0.001836
v 0.004916 0.001127 -0.001836
v 0.004925 0.000927 -0.004403
v 0.004925 0.001127 -0.004403
v 0.004925 0.000927 -0.005689
v 0.004925 0.001127 -0.005689
v 0.004926 0.000927 -0.003156
v 0.004926 0.001127 -0.003156
v 0.004932 0.000927 -0.003894
v 0.004932 0.001127 -0.003894
v 0.004932 0.000927 -0.005180
v 0.004932 0.001127 -0.005180
v 0.004934 0.000927 -0.004443
v 0.004934 0.001127 -0.004443
v 0.004934 0.000927 -0.005728
v 0.004934 0.001127 -0.005728
v 0.004944 0.000927 -0.003855
v 0.004944 0.001127 -0.003855
v 0.004944 0.000927 -0.005141
v 0.004944 0.001127 -0.005141
v 0.004948 0.000927 -0.002571
v 0.004948 0.001127 -0.002571
v 0.004948 0.000927 -0.002595
v 0.004948 0.001127 -0.002595
v 0.004963 0.000927 -0.004391
v 0.004963 0.001127 -0.004391
v 0.004963 0.000927 -0.005677
v 0.004963 0.001127 -0.005677
v 0.004968 0.000927 -0.001836
v 0.004968 0.001127 -0.001836
v 0.004971 0.000927 -0.003908
v 0.004971 0.001127 -0.003908
v 0.004971 0.000927 -0.005194
v 0.004971 0.001127 -0.005194
v 0.004994 0.000927 -0.007353
v 0.004994 0.001127 -0.007353
v 0.004996 0.000927 -0.004374
v 0.004996 0.001127 -0.004374
v 0.004996 0.000927 -0.005660
v 0.004996 0.001127 -0.005660
v 0.004999 0.000927 -0.006552
v 0.004999 0.001127 -0.006552
v 0.005002 0.000927 -0.003926
v 0.005002 0.001127 -0.003926
v 0.005002 0.000927 -0.005212
v 0.005002 0.001127 -0.005212
v 0.005009 0.000927 -0.004298
v 0.005009 0.001127 -0.004298
v 0.005009 0.000927 -0.005584
v 0.005009 0.001127 -0.005584
v 0.005018 0.000927 -0.004013
v 0.005018 0.001127 -0.004013
v 0.005018 0.000927 -0.005299
v 0.005018 0.001127 -0.005299
v 0.005019 0.000927 -0.001847
v 0.005019 0.001127 -0.001847
v 0.005019 0.000927 -0.001870
v 0.005019 0.001127 -0.001870
v 0.005020 0.000927 -0.006944
v 0.005020 0.001127 -0.006944
v 0.005035 0.000927 -0.004426
v 0.005035 0.001127 -0.004426
v 0.005035 0.000927 -0.005712
v 0.005035 0.001127 -0.005712
v 0.005038 0.000927 -0.004298
v 0.005038 0.001127 -0.004298
v 0.005038 0.000927 -0.005584
v 0.005038 0.001127 -0.005584
v 0.005043 0.000927 -0.007160
v 0.005043 0.001127 -0.007160
v 0.005044 0.000927 -0.003876
v 0.005044 0.001127 -0.003876
v 0.005044 0.000927 -0.005162
v 0.005044 0.001127 -0.005162
v 0.005044 0.000927 -0.006742
v 0.005044 0.001127 -0.006742
v 0.005046 0.000927 -0.001286
v 0.005046 0.001127 -0.001286
v 0.005046 0.000927 -0.001309
v 0.005046 0.001127 -0.001309
v 0.005046 0.000927 -0.001847
v 0.005046 0.001127 -0.001847
v 0.005046 0.000927 -0.001870
v 0.005046 0.001127 -0.001870
v 0.005046 0.000927 -0.004013
v 0.005046 0.001127 -0.004013
v 0.005046 0.000927 -0.005299
v 0.005046 0.001127 -0.005299
v 0.005084 0.000927 -0.002571
v 0.005084 0.001127 -0.002571
v 0.005099 0.000927 -0.002571
v 0.005099 0.001127 -0.002571
v 0.005113 0.000927 -0.007311
v 0.005113 0.001127 -0.007311
v 0.005116 0.000927 -0.002711
v 0.005116 0.001127 -0.002711
v 0.005117 0.000927 -0.006594
v 0.005117 0.001127 -0.006594
v 0.005121 0.000927 -0.001321
v 0.005121 0.001127 -0.001321
v 0.005121 0.000927 -0.001836
v 0.005121 0.001127 -0.001836
v 0.005121 0.000927 -0.004419
v 0.005121 0.001127 -0.004419
v 0.005121 0.000927 -0.004442
v 0.005121 0.001127 -0.004442
v 0.005121 0.000927 -0.005704
v 0.005121 0.001127 -0.005704
v 0.005121 0.000927 -0.005727
v 0.005121 0.001127 -0.005727
v 0.005127 0.000927 -0.003857
v 0.005127 0.001127 -0.003857
v 0.005127 0.000927 -0.003880
v 0.005127 0.001127 -0.003880
v 0.005127 0.000927 -0.005143
v 0.005127 0.001127 -0.005143
v 0.005127 0.000927 -0.005166
v 0.005127 0.001127 -0.005166
v 0.005164 0.000927 -0.007458
v 0.005164 0.001127 -0.007458
v 0.005167 0.000927 -0.001321
v 0.005167 0.001127 -0.001321
v 0.005167 0.000927 -0.001811
v 0.005167 0.001127 -0.001811
v 0.005170 0.000927 -0.006448
v 0.005170 0.001127 -0.006448
v 0.005196 0.000927 -0.003892
v 0.005196 0.001127 -0.003892
v 0.005196 0.000927 -0.004407
v 0.005196 0.001127 -0.004407
v 0.005196 0.000927 -0.005178
v 0.005196 0.001127 -0.005178
v 0.005196 0.000927 -0.005693
v 0.005196 0.001127 -0.005693
v 0.005223 0.000927 -0.001870
v 0.005223 0.001127 -0.001870
v 0.005233 0.000927 -0.007400
v 0.005233 0.001127 -0.007400
v 0.005236 0.000927 -0.006504
v 0.005236 0.001127 -0.006504
v 0.005245 0.000927 -0.001286
v 0.005245 0.001127 -0.001286
v 0.005245 0.000927 -0.001309
v 0.005245 0.001127 -0.001309
v 0.005254 0.000927 -0.002571
v 0.005254 0.001127 -0.002571
v 0.005254 0.000927 -0.002595
v 0.005254 0.001127 -0.002595
v 0.005280 0.000927 -0.003892
v 0.005280 0.001127 -0.003892
v 0.005280 0.000927 -0.004086
v 0.005280 0.001127 -0.004086
v 0.005280 0.000927 -0.004126
v 0.005280 0.001127 -0.004126
v 0.005280 0.000927 -0.004402
v 0.005280 0.001127 -0.004402
v 0.005280 0.000927 -0.005178
v 0.005280 0.001127 -0.005178
v 0.005280 0.000927 -0.005372
v 0.005280 0.001127 -0.005372
v 0.005280 0.000927 -0.005411
v 0.005280 0.001127 -0.005411
v 0.005280 0.000927 -0.005688
v 0.005280 0.001127 -0.005688
v 0.005323 0.000927 -0.004402
v 0.005323 0.001127 -0.004402
v 0.005323 0.000927 -0.005688
v 0.005323 0.001127 -0.005688
v 0.005324 0.000927 -0.003156
v 0.005324 0.001127 -0.003156
v 0.005326 0.000927 -0.004126
v 0.005326 0.001127 -0.004126
v 0.005326 0.000927 -0.005411
v 0.005326 0.001127 -0.005411
v 0.005332 0.000927 -0.002606
v 0.005332 0.001127 -0.002606
v 0.005332 0.000927 -0.003074
v 0.005332 0.001127 -0.003074
v 0.005342 0.000927 -0.004442
v 0.005342 0.001127 -0.004442
v 0.005342 0.000927 -0.005727
v 0.005342 0.001127 -0.005727
v 0.005346 0.000927 -0.004086
v 0.005346 0.001127 -0.004086
v 0.005346 0.000927 -0.005372
v 0.005346 0.001127 -0.005372
v 0.005373 0.000927 -0.003857
v 0.005373 0.001127 -0.003857
v 0.005373 0.000927 -0.003880
v 0.005373 0.001127 -0.003880
v 0.005373 0.000927 -0.005143
v 0.005373 0.001127 -0.005143
v 0.005373 0.000927 -0.005166
v 0.005373 0.001127 -0.005166
v 0.005390 0.000927 -0.004134
v 0.005390 0.001127 -0.004134
v 0.005390 0.000927 -0.005420
v 0.005390 0.001127 -0.005420
v 0.005391 0.000927 -0.004395
v 0.005391 0.001127 -0.004395
v 0.005391 0.000927 -0.005680
v 0.005391 0.001127 -0.005680
v 0.005398 0.000927 -0.006413
v 0.005398 0.001127 -0.006413
v 0.005399 0.000927 -0.006473
v 0.005399 0.001127 -0.006473
v 0.005401 0.000927 -0.007493
v 0.005401 0.001127 -0.007493
v 0.005407 0.000927 -0.007430
v 0.005407 0.001127 -0.007430
v 0.005416 0.000927 -0.002606
v 0.005416 0.001127 -0.002606
v 0.005416 0.000927 -0.003122
v 0.005416 0.001127 -0.003122
v 0.005434 0.000927 -0.004159
v 0.005434 0.001127 -0.004159
v 0.005434 0.000927 -0.005445
v 0.005434 0.001127 -0.005445
v 0.005436 0.000927 -0.004098
v 0.005436 0.001127 -0.004098
v 0.005436 0.000927 -0.005384
v 0.005436 0.001127 -0.005384
v 0.005436 0.000927 -0.004372
v 0.005436 0.001127 -0.004372
v 0.005436 0.000927 -0.005657
v 0.005436 0.001127 -0.005657
v 0.005445 0.000927 -0.001847
v 0.005445 0.001127 -0.001847
v 0.005445 0.000927 -0.001870
v 0.005445 0.001127 -0.001870
v 0.005461 0.000927 -0.004203
v 0.005461 0.001127 -0.004203
v 0.005461 0.000927 -0.005489
v 0.005461 0.001127 -0.005489
v 0.005461 0.000927 -0.004330
v 0.005461 0.001127 -0.004330
v 0.005461 0.000927 -0.005616
v 0.005461 0.001127 -0.005616
v 0.005470 0.000927 -0.004269
v 0.005470 0.001127 -0.004269
v 0.005470 0.000927 -0.005554
v 0.005470 0.001127 -0.005554
v 0.005482 0.000927 -0.007425
v 0.005482 0.001127 -0.007425
v 0.005486 0.000927 -0.006479
v 0.005486 0.001127 -0.006479
v 0.005491 0.000927 -0.002571
v 0.005491 0.001127 -0.002571
v 0.005491 0.000927 -0.002595
v 0.005491 0.001127 -0.002595
v 0.005491 0.000927 -0.003133
v 0.005491 0.001127 -0.003133
v 0.005491 0.000927 -0.003156
v 0.005491 0.001127 -0.003156
v 0.005502 0.000927 -0.004133
v 0.005502 0.001127 -0.004133
v 0.005502 0.000927 -0.005419
v 0.005502 0.001127 -0.005419
v 0.005503 0.000927 -0.004399
v 0.005503 0.001127 -0.004399
v 0.005503 0.000927 -0.005684
v 0.005503 0.001127 -0.005684
v 0.005524 0.000927 -0.001437
v 0.005524 0.001127 -0.001437
v 0.005524 0.000927 -0.001836
v 0.005524 0.001127 -0.001836
v 0.005527 0.000927 -0.001286
v 0.005527 0.001127 -0.001286
v 0.005543 0.000927 -0.004191
v 0.005543 0.001127 -0.004191
v 0.005543 0.000927 -0.005476
v 0.005543 0.001127 -0.005476
v 0.005555 0.000927 -0.007411
v 0.005555 0.001127 -0.007411
v 0.005556 0.000927 -0.004270
v 0.005556 0.001127 -0.004270
v 0.005556 0.000927 -0.005555
v 0.005556 0.001127 -0.005555
v 0.005568 0.000927 -0.006495
v 0.005568 0.001127 -0.006495
v 0.005570 0.000927 -0.001286
v 0.005570 0.001127 -0.001286
v 0.005570 0.000927 -0.001836
v 0.005570 0.001127 -0.001836
v 0.005571 0.000927 -0.007483
v 0.005571 0.001127 -0.007483
v 0.005590 0.000927 -0.006425
v 0.005590 0.001127 -0.006425
v 0.005618 0.000927 -0.003857
v 0.005618 0.001127 -0.003857
v 0.005618 0.000927 -0.003880
v 0.005618 0.001127 -0.003880
v 0.005618 0.000927 -0.004419
v 0.005618 0.001127 -0.004419
v 0.005618 0.000927 -0.004442
v 0.005618 0.001127 -0.004442
v 0.005618 0.000927 -0.005143
v 0.005618 0.001127 -0.005143
v 0.005618 0.000927 -0.005166
v 0.005618 0.001127 -0.005166
v 0.005618 0.000927 -0.005704
v 0.005618 0.001127 -0.005704
v 0.005618 0.000927 -0.005727
v 0.005618 0.001127 -0.005727
v 0.005623 0.000927 -0.007389
v 0.005623 0.001127 -0.007389
v 0.005639 0.000927 -0.006520
v 0.005639 0.001127 -0.006520
v 0.005645 0.000927 -0.001847
v 0.005645 0.001127 -0.001847
v 0.005645 0.000927 -0.001870
v 0.005645 0.001127 -0.001870
v 0.005683 0.000927 -0.007359
v 0.005683 0.001127 -0.007359
v 0.005691 0.000927 -0.001286
v 0.005691 0.001127 -0.001286
v 0.005691 0.000927 -0.001309
v 0.005691 0.001127 -0.001309
v 0.005691 0.000927 -0.001847
v 0.005691 0.001127 -0.001847
v 0.005691 0.000927 -0.001870
v 0.005691 0.001127 -0.001870
v 0.005693 0.000927 -0.003892
v 0.005693 0.001127 -0.003892
v 0.005693 0.000927 -0.004407
v 0.005693 0.001127 -0.004407
v 0.005693 0.000927 -0.005178
v 0.005693 0.001127 -0.005178
v 0.005693 0.000927 -0.005693
v 0.005693 0.001127 -0.005693
v 0.005694 0.000927 -0.006553
v 0.005694 0.001127 -0.006553
v 0.005706 0.000927 -0.007223
v 0.005706 0.001127 -0.007223
v 0.005723 0.000927 -0.006709
v 0.005723 0.001127 -0.006709
v 0.005739 0.000927 -0.003892
v 0.005739 0.001127 -0.003892
v 0.005739 0.000927 -0.004383
v 0.005739 0.001127 -0.004383
v 0.005739 0.000927 -0.005178
v 0.005739 0.001127 -0.005178
v 0.005739 0.000927 -0.005669
v 0.005739 0.001127 -0.005669
v 0.005753 0.000927 -0.007453
v 0.005753 0.001127 -0.007453
v 0.005758 0.000927 -0.007223
v 0.005758 0.001127 -0.007223
v 0.005766 0.000927 -0.001321
v 0.005766 0.001127 -0.001321
v 0.005766 0.000927 -0.001836
v 0.005766 0.001127 -0.001836
v 0.005769 0.000927 -0.006462
v 0.005769 0.001127 -0.006462
v 0.005774 0.000927 -0.006709
v 0.005774 0.001127 -0.006709
v 0.005795 0.000927 -0.004442
v 0.005795 0.001127 -0.004442
v 0.005795 0.000927 -0.005727
v 0.005795 0.001127 -0.005727
v 0.005812 0.000927 -0.001321
v 0.005812 0.001127 -0.001321
v 0.005812 0.000927 -0.001811
v 0.005812 0.001127 -0.001811
v 0.005817 0.000927 -0.003857
v 0.005817 0.001127 -0.003857
v 0.005817 0.000927 -0.003880
v 0.005817 0.001127 -0.003880
v 0.005817 0.000927 -0.005143
v 0.005817 0.001127 -0.005143
v 0.005817 0.000927 -0.005166
v 0.005817 0.001127 -0.005166
v 0.005868 0.000927 -0.001870
v 0.005868 0.001127 -0.001870
v 0.005890 0.000927 -0.001286
v 0.005890 0.001127 -0.001286
v 0.005890 0.000927 -0.001309
v 0.005890 0.001127 -0.001309
v 0.005939 0.000927 -0.006668
v 0.005939 0.001127 -0.006668
v 0.005948 0.000927 -0.006447
v 0.005948 0.001127 -0.006447
v 0.005971 0.000927 -0.007256
v 0.005971 0.001127 -0.007256
v 0.005971 0.000927 -0.007459
v 0.005971 0.001127 -0.007459
v 0.005991 0.000927 -0.006668
v 0.005991 0.001127 -0.006668
v 0.006017 0.000927 -0.004419
v 0.006017 0.001127 -0.004419
v 0.006017 0.000927 -0.004442
v 0.006017 0.001127 -0.004442
v 0.006017 0.000927 -0.005704
v 0.006017 0.001127 -0.005704
v 0.006017 0.000927 -0.005727
v 0.006017 0.001127 -0.005727
v 0.006023 0.000927 -0.007256
v 0.006023 0.001127 -0.007256
v 0.006026 0.000927 -0.006520
v 0.006026 0.001127 -0.006520
v 0.006044 0.000927 -0.007476
v 0.006044 0.001127 -0.007476
v 0.006051 0.000927 -0.007385
v 0.006051 0.001127 -0.007385
v 0.006063 0.000927 -0.006504
v 0.006063 0.001127 -0.006504
v 0.006085 0.000927 -0.006421
v 0.006085 0.001127 -0.006421
v 0.006088 0.000927 -0.007402
v 0.006088 0.001127 -0.007402
v 0.006090 0.000927 -0.001847
v 0.006090 0.001127 -0.001847
v 0.006090 0.000927 -0.001870
v 0.006090 0.001127 -0.001870
v 0.006096 0.000927 -0.004009
v 0.006096 0.001127 -0.004009
v 0.006096 0.000927 -0.004407
v 0.006096 0.001127 -0.004407
v 0.006096 0.000927 -0.005295
v 0.006096 0.001127 -0.005295
v 0.006096 0.000927 -0.005693
v 0.006096 0.001127 -0.005693
v 0.006099 0.000927 -0.003857
v 0.006099 0.001127 -0.003857
v 0.006099 0.000927 -0.005143
v 0.006099 0.001127 -0.005143
v 0.006106 0.000927 -0.007486
v 0.006106 0.001127 -0.007486
v 0.006113 0.000927 -0.006491
v 0.006113 0.001127 -0.006491
v 0.006124 0.000927 -0.006946
v 0.006124 0.001127 -0.006946
v 0.006124 0.000927 -0.007010
v 0.006124 0.001127 -0.007010
v 0.006131 0.000927 -0.007415
v 0.006131 0.001127 -0.007415
v 0.006141 0.000927 -0.003857
v 0.006141 0.001127 -0.003857
v 0.006141 0.000927 -0.004407
v 0.006141 0.001127 -0.004407
v 0.006141 0.000927 -0.005143
v 0.006141 0.001127 -0.005143
v 0.006141 0.000927 -0.005693
v 0.006141 0.001127 -0.005693
v 0.006162 0.000927 -0.007491
v 0.006162 0.001127 -0.007491
v 0.006167 0.000927 -0.006481
v 0.006167 0.001127 -0.006481
v 0.006169 0.000927 -0.001437
v 0.006169 0.001127 -0.001437
v 0.006169 0.000927 -0.001836
v 0.006169 0.001127 -0.001836
v 0.006172 0.000927 -0.001286
v 0.006172 0.001127 -0.001286
v 0.006175 0.000927 -0.007424
v 0.006175 0.001127 -0.007424
v 0.006214 0.000927 -0.001286
v 0.006214 0.001127 -0.001286
v 0.006214 0.000927 -0.001836
v 0.006214 0.001127 -0.001836
v 0.006216 0.000927 -0.004419
v 0.006216 0.001127 -0.004419
v 0.006216 0.000927 -0.004442
v 0.006216 0.001127 -0.004442
v 0.006216 0.000927 -0.005704
v 0.006216 0.001127 -0.005704
v 0.006216 0.000927 -0.005727
v 0.006216 0.001127 -0.005727
v 0.006218 0.000927 -0.006478
v 0.006218 0.001127 -0.006478
v 0.006218 0.000927 -0.007427
v 0.006218 0.001127 -0.007427
v 0.006218 0.000927 -0.007493
v 0.006218 0.001127 -0.007493
v 0.006230 0.000927 -0.006413
v 0.006230 0.001127 -0.006413
v 0.006237 0.000927 -0.006939
v 0.006237 0.001127 -0.006939
v 0.006237 0.000927 -0.007017
v 0.006237 0.001127 -0.007017
v 0.006289 0.000927 -0.001847
v 0.006289 0.001127 -0.001847
v 0.006289 0.000927 -0.001870
v 0.006289 0.001127 -0.001870
v 0.006305 0.000927 -0.007415
v 0.006305 0.001127 -0.007415
v 0.006314 0.000927 -0.007033
v 0.006314 0.001127 -0.007033
v 0.006325 0.000927 -0.006492
v 0.006325 0.001127 -0.006492
v 0.006325 0.000927 -0.006979
v 0.006325 0.001127 -0.006979
v 0.006335 0.000927 -0.006922
v 0.006335 0.001127 -0.006922
v 0.006336 0.000927 -0.001286
v 0.006336 0.001127 -0.001286
v 0.006336 0.000927 -0.001309
v 0.006336 0.001127 -0.001309
v 0.006336 0.000927 -0.001847
v 0.006336 0.001127 -0.001847
v 0.006336 0.000927 -0.001870
v 0.006336 0.001127 -0.001870
v 0.006364 0.000927 -0.007378
v 0.006364 0.001127 -0.007378
v 0.006368 0.000927 -0.007072
v 0.006368 0.001127 -0.007072
v 0.006388 0.000927 -0.006433
v 0.006388 0.001127 -0.006433
v 0.006399 0.000927 -0.007316
v 0.006399 0.001127 -0.007316
v 0.006399 0.000927 -0.007135
v 0.006399 0.001127 -0.007135
v 0.006400 0.000927 -0.006534
v 0.006400 0.001127 -0.006534
v 0.006405 0.000927 -0.006880
v 0.006405 0.001127 -0.006880
v 0.006410 0.000927 -0.007224
v 0.006410 0.001127 -0.007224
v 0.006411 0.000927 -0.001321
v 0.006411 0.001127 -0.001321
v 0.006411 0.000927 -0.001836
v 0.006411 0.001127 -0.001836
v 0.006423 0.000927 -0.007007
v 0.006423 0.001127 -0.007007
v 0.006444 0.000927 -0.006610
v 0.006444 0.001127 -0.006610
v 0.006445 0.000927 -0.006814
v 0.006445 0.001127 -0.006814
v 0.006449 0.000927 -0.006951
v 0.006449 0.001127 -0.006951
v 0.006456 0.000927 -0.001321
v 0.006456 0.001127 -0.001321
v 0.006456 0.000927 -0.001811
v 0.006456 0.001127 -0.001811
v 0.006459 0.000927 -0.006723
v 0.006459 0.001127 -0.006723
v 0.006471 0.000927 -0.007428
v 0.006471 0.001127 -0.007428
v 0.006495 0.000927 -0.007060
v 0.006495 0.001127 -0.007060
v 0.006506 0.000927 -0.006493
v 0.006506 0.001127 -0.006493
v 0.006513 0.000927 -0.001870
v 0.006513 0.001127 -0.001870
v 0.006535 0.000927 -0.001286
v 0.006535 0.001127 -0.001286
v 0.006535 0.000927 -0.001309
v 0.006535 0.001127 -0.001309
v 0.006536 0.000927 -0.006897
v 0.006536 0.001127 -0.006897
v 0.006540 0.000927 -0.007136
v 0.006540 0.001127 -0.007136
v 0.006555 0.000927 -0.007234
v 0.006555 0.001127 -0.007234
v 0.006579 0.000927 -0.006588
v 0.006579 0.001127 -0.006588
v 0.006586 0.000927 -0.006819
v 0.006586 0.001127 -0.006819
v 0.006603 0.000927 -0.006715
v 0.006603 0.001127 -0.006715
v 0.006735 0.000927 -0.001847
v 0.006735 0.001127 -0.001847
v 0.006735 0.000927 -0.001870
v 0.006735 0.001127 -0.001870
v 0.006736 0.000927 -0.006429
v 0.006736 0.001127 -0.006429
v 0.006736 0.000927 -0.006544
v 0.006736 0.001127 -0.006544
v 0.006772 0.000927 -0.007256
v 0.006772 0.001127 -0.007256
v 0.006772 0.000927 -0.007459
v 0.006772 0.001127 -0.007459
v 0.006813 0.000927 -0.001437
v 0.006813 0.001127 -0.001437
v 0.006813 0.000927 -0.001836
v 0.006813 0.001127 -0.001836
v 0.006817 0.000927 -0.001286
v 0.006817 0.001127 -0.001286
v 0.006824 0.000927 -0.007256
v 0.006824 0.001127 -0.007256
v 0.006839 0.000927 -0.006549
v 0.006839 0.001127 -0.006549
v 0.006851 0.000927 -0.007385
v 0.006851 0.001127 -0.007385
v 0.006859 0.000927 -0.001286
v 0.006859 0.001127 -0.001286
v 0.006859 0.000927 -0.001836
v 0.006859 0.001127 -0.001836
v 0.006882 0.000927 -0.006677
v 0.006882 0.001127 -0.006677
v 0.006887 0.000927 -0.007402
v 0.006887 0.001127 -0.007402
v 0.006904 0.000927 -0.007484
v 0.006904 0.001127 -0.007484
v 0.006916 0.000927 -0.006618
v 0.006916 0.001127 -0.006618
v 0.006929 0.000927 -0.007415
v 0.006929 0.001127 -0.007415
v 0.006934 0.000927 -0.001847
v 0.006934 0.001127 -0.001847
v 0.006934 0.000927 -0.001870
v 0.006934 0.001127 -0.001870
v 0.006972 0.000927 -0.007424
v 0.006972 0.001127 -0.007424
v 0.006988 0.000927 -0.006680
v 0.006988 0.001127 -0.006680
v 0.007004 0.000927 -0.006788
v 0.007004 0.001127 -0.006788
v 0.007014 0.000927 -0.007427
v 0.007014 0.001127 -0.007427
v 0.007014 0.000927 -0.007493
v 0.007014 0.001127 -0.007493
v 0.007089 0.000927 -0.006876
v 0.007089 0.001127 -0.006876
v 0.007105 0.000927 -0.007413
v 0.007105 0.001127 -0.007413
v 0.007128 0.000927 -0.006804
v 0.007128 0.001127 -0.006804
v 0.007145 0.000927 -0.006953
v 0.007145 0.001127 -0.006953
v 0.007165 0.000927 -0.007475
v 0.007165 0.001127 -0.007475
v 0.007166 0.000927 -0.007373
v 0.007166 0.001127 -0.007373
v 0.007183 0.000927 -0.007033
v 0.007183 0.001127 -0.007033
v 0.007200 0.000927 -0.007308
v 0.007200 0.001127 -0.007308
v 0.007205 0.000927 -0.007119
v 0.007205 0.001127 -0.007119
v 0.007212 0.000927 -0.007218
v 0.007212 0.001127 -0.007218
v 0.007221 0.000927 -0.006897
v 0.007221 0.001127 -0.006897
v 0.007274 0.000927 -0.007421
v 0.007274 0.001127 -0.007421
v 0.007283 0.000927 -0.006974
v 0.007283 0.001127 -0.006974
v 0.007326 0.000927 -0.007052
v 0.007326 0.001127 -0.007052
v 0.007339 0.000927 -0.007334
v 0.007339 0.001127 -0.007334
v 0.007352 0.000927 -0.007133
v 0.007352 0.001127 -0.007133
v 0.007360 0.000927 -0.007218
v 0.007360 0.001127 -0.007218
v 0.007381 0.000927 -0.006429
v 0.007381 0.001127 -0.006429
v 0.007381 0.000927 -0.006549
v 0.007381 0.001127 -0.006549
v 0.009000 0.000000 0.000000
v 0.009000 0.000927 0.000000
v 0.009000 0.000000 -0.009000
v 0.009000 0.000927 -0.009000
vn -1.0000 -0.0000 -0.0000
vn -0.0000 -1.0000 -0.0000
vn -0.0000 -0.0000 1.0000
vn -0.0000 1.0000 -0.0000
vn -0.0000 -0.0000 -1.0000
vn -0.9831 -0.0000 -0.1830
vn -0.9827 -0.0000 0.1852
vn -0.8350 -0.0000 0.5502
vn -0.8296 -0.0000 -0.5584
vn -0.5704 -0.0000 0.8214
vn -0.5584 -0.0000 -0.8296
vn -0.1857 -0.0000 0.9826
vn -0.1831 -0.0000 -0.9831
vn 0.1857 -0.0000 0.9826
vn 0.1831 -0.0000 -0.9831
vn 0.5585 -0.0000 -0.8295
vn 0.5705 -0.0000 0.8213
vn 0.8295 -0.0000 -0.5585
vn 0.8349 -0.0000 0.5504
vn 0.9831 -0.0000 -0.1831
vn 0.9827 -0.0000 0.1853
vn -0.1551 -0.0000 -0.9879
vn -0.1495 -0.0000 0.9888
vn 0.1483 -0.0000 -0.9889
vn 1.0000 -0.0000 -0.0000
vn -0.9201 -0.0000 0.3918
vn 0.9195 -0.0000 -0.3930
vn -0.1698 -0.0000 0.9855
vn -0.8436 -0.0000 0.5370
vn -0.0001 1.0000 -0.0000
vn 0.9071 -0.0000 0.4209
vn 0.8492 -0.0000 -0.5281
vn 0.1430 -0.0000 0.9897
vn -0.1258 -0.0000 -0.9921
vn -0.9062 -0.0000 -0.4229
vn -0.8608 -0.0000 -0.5090
vn 0.1258 -0.0000 -0.9921
vn 0.8567 -0.0000 0.5159
vn -0.1513 -0.0000 0.9885
vn -0.1483 -0.0000 -0.9889
vn 0.1743 -0.0000 0.9847
vn 0.1551 -0.0000 -0.9879
vn 0.1495 -0.0000 0.9888
vn -0.9898 -0.0000 -0.1425
vn -0.9874 -0.0000 0.1580
vn -0.8584 -0.0000 -0.5130
vn -0.8421 -0.0000 0.5393
vn -0.5225 -0.0000 -0.8527
vn -0.5212 -0.0000 0.8535
vn 0.9929 -0.0000 -0.1190
vn 0.9943 -0.0000 0.1065
vn 0.9086 -0.0000 0.4177
vn 0.8975 -0.0000 -0.4410
vn 0.5956 -0.0000 0.8033
vn 0.6060 -0.0000 -0.7955
vn -0.1455 -0.0000 -0.9894
vn -0.1512 -0.0000 0.9885
vn 0.1675 -0.0000 0.9859
vn 0.1821 -0.0000 -0.9833
vn 0.0642 -0.0000 0.9979
vn -0.0620 -0.0000 -0.9981
vn 0.0587 -0.0000 -0.9983
vn -0.0616 -0.0000 0.9981
vn -0.0617 -0.0000 0.9981
vn -0.1856 -0.0000 0.9826
vn -0.1855 -0.0000 0.9826
vn -0.1941 -0.0000 -0.9810
vn -0.3104 -0.0000 0.9506
vn -0.3345 -0.0000 -0.9424
vn 0.1625 -0.0000 -0.9867
vn 0.2027 -0.0000 0.9792
vn -0.4501 -0.0000 0.8930
vn -0.5115 -0.0000 -0.8593
vn -0.9855 -0.0000 0.1699
vn -0.9833 -0.0000 -0.1819
vn 0.9998 -0.0000 -0.0205
vn 0.9998 -0.0000 0.0191
vn -0.2170 -0.0000 0.9762
vn -0.9458 -0.0000 0.3248
vn -0.1674 -0.0000 -0.9859
vn 0.9475 -0.0000 -0.3198
vn 0.1309 -0.0000 0.9914
vn -0.1749 -0.0000 -0.9846
vn 0.1257 -0.0000 -0.9921
vn -0.9411 -0.0000 -0.3381
vn -0.1132 -0.0000 0.9936
vn -0.1299 -0.0000 -0.9915
vn 0.9328 -0.0000 0.3604
vn 0.2585 -0.0000 -0.9660
vn 0.9442 -0.0000 0.3294
vn 0.1289 -0.0000 0.9917
vn 0.1288 -0.0000 0.9917
vn -0.9322 -0.0000 -0.3619
vn -0.4904 -0.0000 -0.8715
vn -0.4584 -0.0000 0.8887
vn 0.9429 -0.0000 0.3331
vn -0.8589 -0.0000 -0.5122
vn -0.8589 -0.0000 -0.5121
vn 0.4678 -0.0000 0.8838
vn -0.8532 -0.0000 0.5215
vn -0.9911 -0.0000 -0.1332
vn -0.9909 -0.0000 0.1348
vn -0.9358 -0.0000 0.3524
vn 0.8159 -0.0000 0.5782
vn 0.9236 -0.0000 -0.3835
vn 0.9236 -0.0000 -0.3834
vn -0.9397 -0.0000 0.3421
vn 0.9366 -0.0000 -0.3505
vn 0.9856 -0.0000 0.1692
vn 0.9368 -0.0000 -0.3498
vn -0.9457 -0.0000 0.3250
vn 0.9471 -0.0000 0.3208
vn -0.9520 -0.0000 -0.3062
vn -0.1235 -0.0000 0.9923
vn -0.8247 -0.0000 0.5655
vn 0.1484 -0.0000 -0.9889
vn 0.1568 -0.0000 -0.9876
vn 0.8212 -0.0000 -0.5706
vn 0.2170 -0.0000 0.9762
vn -0.1430 -0.0000 0.9897
vn 0.1318 -0.0000 -0.9913
vn -0.1010 -0.0000 0.9949
vn -0.1079 -0.0000 -0.9942
vn 0.0966 -0.0000 -0.9953
vn -0.8418 -0.0000 0.5398
vn -0.4264 -0.0000 0.9045
vn -0.4414 -0.0000 -0.8973
vn 0.8280 -0.0000 -0.5607
vn 0.4177 -0.0000 0.9086
vn -0.8447 -0.0000 -0.5352
vn -0.8403 -0.0000 0.5421
vn 0.3847 -0.0000 -0.9230
vn -0.9904 -0.0000 -0.1384
vn -0.9904 -0.0000 -0.1383
vn -0.9900 -0.0000 0.1409
vn 0.6886 -0.0000 0.7251
vn 0.6887 -0.0000 0.7251
vn 0.0007 1.0000 -0.0000
vn 0.7760 -0.0000 -0.6307
vn 0.8896 -0.0000 0.4568
vn 0.8896 -0.0000 0.4567
vn 0.9833 -0.0000 -0.1818
vn 0.9895 -0.0000 0.1446
vn -0.5225 -0.0000 -0.8526
vn -0.5211 -0.0000 0.8535
vn 0.9929 -0.0000 -0.1191
vn 0.9998 -0.0000 0.0190
vn 0.6059 -0.0000 -0.7955
vn -0.1300 -0.0000 -0.9915
vn 0.9856 -0.0000 0.1693
vn -0.9992 -0.0000 0.0390
vn -0.1812 -0.0000 0.9834
vn -0.2282 -0.0000 -0.9736
vn 0.9725 -0.0000 -0.2328
vn 0.9780 -0.0000 0.2087
vn 0.3989 -0.0000 -0.9170
vn -0.1613 -0.0000 -0.9869
vn 0.4144 -0.0000 0.9101
vn 0.2662 -0.0000 -0.9639
vn -0.0580 -0.0000 0.9983
vn 0.2957 -0.0000 0.9553
vn -0.0886 -0.0000 -0.9961
vn 0.1710 -0.0000 -0.9853
vn -0.0558 -0.0000 0.9984
vn -0.0628 -0.0000 -0.9980
vn 0.1883 -0.0000 0.9821
vn 0.1884 -0.0000 0.9821
vn -0.0298 -0.0000 -0.9996
vn 0.0620 -0.0000 -0.9981
vn 0.0667 -0.0000 0.9978
vn -0.1307 -0.0000 -0.9914
vn -0.1377 -0.0000 0.9905
vn 0.2478 -0.0000 -0.9688
vn 0.1257 -0.0000 0.9921
vn -0.1749 -0.0000 0.9846
vn -0.2043 -0.0000 -0.9789
vn -0.5195 -0.0000 0.8545
vn -0.5843 -0.0000 -0.8115
vn -0.4922 -0.0000 -0.8705
vn 0.2258 -0.0000 -0.9742
vn 0.2759 -0.0000 0.9612
vn -0.5168 -0.0000 0.8561
vn -0.8765 -0.0000 0.4815
vn -0.8933 -0.0000 -0.4494
vn 0.4550 -0.0000 0.8905
vn -0.9922 -0.0000 0.1244
vn -0.9930 -0.0000 -0.1181
vn -0.8628 -0.0000 -0.5055
vn -0.8524 -0.0000 0.5229
vn 0.5864 -0.0000 0.8100
vn -0.9916 -0.0000 -0.1291
vn -0.9891 -0.0000 0.1470
vn 0.5251 -0.0000 -0.8510
vn 0.9172 -0.0000 -0.3984
vn 0.8598 -0.0000 0.5106
vn 0.7947 -0.0000 0.6070
vn 0.8400 -0.0000 -0.5425
vn 0.9885 -0.0000 0.1514
vn 0.9820 -0.0000 0.1888
vn 0.9871 -0.0000 -0.1600
vn -0.6725 -0.0000 -0.7401
vn -0.1883 -0.0000 -0.9821
vn 0.9780 -0.0000 0.2088
vn 0.6678 -0.0000 0.7443
vn 0.4236 -0.0000 0.9058
vn -0.6749 -0.0000 -0.7379
vn 0.3047 -0.0000 0.9525
vn -0.0761 -0.0000 -0.9971
vn -0.0762 -0.0000 -0.9971
vn 0.6561 -0.0000 0.7547
vn 0.1933 -0.0000 0.9811
vn 0.0673 -0.0000 0.9977
vn 0.6613 -0.0000 0.7501
vn -0.7207 -0.0000 -0.6933
vn -0.7206 -0.0000 -0.6933
vn -0.1460 -0.0000 0.9893
vn 0.1179 -0.0000 -0.9930
vn -0.8068 -0.0000 -0.5908
vn -0.5485 -0.0000 0.8361
vn 0.7030 -0.0000 0.7112
vn -0.9027 -0.0000 -0.4302
vn -0.9027 -0.0000 -0.4303
vn 0.4456 -0.0000 -0.8952
vn -0.8836 -0.0000 0.4683
vn -0.9706 -0.0000 -0.2405
vn -0.9918 -0.0000 0.1278
vn -0.9918 -0.0000 0.1277
vn -0.9974 -0.0000 -0.0725
vn 0.7833 -0.0000 0.6216
vn 0.7997 -0.0000 -0.6004
vn 0.8742 -0.0000 0.4856
vn 0.9530 -0.0000 0.3030
vn 0.9831 -0.0000 -0.1833
vn 0.9950 -0.0000 0.0994
s 0
usemtl Color_1
f 1//1 2//1 4//1
f 1//2 3//2 1517//2
f 1//1 4//1 3//1
f 1//3 1515//3 1516//3
f 1//3 1516//3 2//3
f 1//2 1517//2 1515//2
f 2//4 5//4 4//4
f 2//4 7//4 5//4
f 2//4 11//4 7//4
f 2//4 15//4 11//4
f 2//4 37//4 39//4
f 2//4 39//4 15//4
f 2//4 59//4 61//4
f 2//4 61//4 37//4
f 2//4 71//4 73//4
f 2//4 73//4 59//4
f 2//4 99//4 71//4
f 2//4 145//4 99//4
f 2//4 235//4 145//4
f 2//4 377//4 235//4
f 2//4 387//4 377//4
f 2//4 525//4 387//4
f 2//4 527//4 525//4
f 2//4 679//4 527//4
f 2//4 681//4 679//4
f 2//4 817//4 681//4
f 2//4 819//4 817//4
f 2//4 941//4 819//4
f 2//4 1005//4 941//4
f 2//4 1131//4 1005//4
f 2//4 1145//4 1131//4
f 2//4 1179//4 1145//4
f 2//4 1516//4 1179//4
f 3//5 4//5 1517//5
f 4//4 5//4 9//4
f 4//4 9//4 13//4
f 4//4 13//4 17//4
f 4//4 17//4 21//4
f 4//4 21//4 23//4
f 4//4 23//4 1518//4
f 4//5 1518//5 1517//5
f 15//4 39//4 19//4
f 19//4 39//4 45//4
f 19//4 45//4 25//4
f 23//4 27//4 1518//4
f 25//4 45//4 29//4
f 27//4 31//4 107//4
f 27//4 107//4 171//4
f 27//4 171//4 331//4
f 27//4 331//4 1518//4
f 29//4 41//4 43//4
f 29//4 43//4 33//4
f 29//4 45//4 41//4
f 31//4 35//4 107//4
f 33//4 43//4 53//4
f 33//4 53//4 35//4
f 35//4 53//4 107//4
f 37//4 61//4 127//4
f 37//4 127//4 131//4
f 37//4 129//4 55//4
f 37//4 131//4 141//4
f 37//4 137//4 129//4
f 37//4 141//4 137//4
f 41//4 45//4 47//4
f 49//4 57//4 51//4
f 51//4 57//4 65//4
f 53//4 75//4 107//4
f 55//4 65//4 57//4
f 55//4 129//4 133//4
f 55//4 133//4 65//4
f 59//4 73//4 63//4
f 61//4 79//4 149//4
f 61//4 135//4 127//4
f 61//4 149//4 135//4
f 63//4 73//4 83//4
f 65//4 133//4 67//4
f 67//4 95//4 97//4
f 67//30 97//30 109//30
f 67//4 109//4 111//4
f 67//4 133//4 143//4
f 67//4 143//4 95//4
f 69//4 85//4 77//4
f 73//4 81//4 83//4
f 77//4 85//4 103//4
f 77//4 91//4 93//4
f 77//4 93//4 79//4
f 77//4 103//4 91//4
f 79//4 93//4 193//4
f 79//4 193//4 149//4
f 87//4 101//4 121//4
f 87//4 121//4 89//4
f 89//4 121//4 105//4
f 93//4 115//4 193//4
f 95//4 143//4 187//4
f 95//4 187//4 221//4
f 95//4 221//4 255//4
f 95//4 255//4 289//4
f 95//4 289//4 165//4
f 99//4 145//4 147//4
f 99//4 147//4 189//4
f 99//4 189//4 191//4
f 99//4 191//4 101//4
f 101//4 191//4 121//4
f 105//4 121//4 113//4
f 113//4 117//4 119//4
f 113//4 119//4 115//4
f 113//4 121//4 117//4
f 115//4 119//4 349//4
f 115//4 211//4 193//4
f 115//4 349//4 211//4
f 119//4 183//4 349//4
f 123//4 167//4 335//4
f 123//4 169//4 125//4
f 123//4 335//4 353//4
f 123//4 353//4 169//4
f 137//4 141//4 151//4
f 139//4 205//4 181//4
f 141//4 185//4 151//4
f 151//4 185//4 195//4
f 153//4 161//4 279//4
f 153//4 279//4 157//4
f 155//4 163//4 281//4
f 155//4 281//4 159//4
f 157//4 279//4 173//4
f 159//4 281//4 175//4
f 161//4 177//4 279//4
f 163//4 179//4 281//4
f 165//4 289//4 317//4
f 165//4 317//4 391//4
f 165//4 391//4 167//4
f 167//4 333//4 335//4
f 167//4 391//4 333//4
f 169//4 329//4 331//4
f 169//4 331//4 171//4
f 169//4 353//4 329//4
f 173//4 279//4 197//4
f 175//4 281//4 199//4
f 177//4 201//4 279//4
f 179//4 203//4 281//4
f 181//4 205//4 251//4
f 181//4 227//4 229//4
f 181//4 229//4 183//4
f 181//4 251//4 227//4
f 183//4 229//4 347//4
f 183//4 347//4 349//4
f 185//4 213//4 195//4
f 185//4 219//4 325//4
f 185//4 259//4 213//4
f 185//4 297//4 259//4
f 185//4 325//4 297//4
f 197//4 279//4 223//4
f 199//4 281//4 225//4
f 201//4 215//4 279//4
f 203//4 217//4 281//4
f 207//4 237//4 319//4
f 207//4 319//4 209//4
f 209//4 303//4 269//4
f 209//4 307//4 303//4
f 209//4 319//4 307//4
f 211//4 349//4 457//4
f 211//4 457//4 257//4
f 215//4 239//4 291//4
f 215//4 291//4 279//4
f 217//4 241//4 281//4
f 219//4 253//4 325//4
f 223//4 279//4 231//4
f 225//4 281//4 233//4
f 229//4 305//4 347//4
f 231//4 279//4 243//4
f 233//4 281//4 245//4
f 235//4 377//4 237//4
f 237//4 377//4 319//4
f 239//4 247//4 291//4
f 241//4 249//4 281//4
f 243//4 271//4 261//4
f 243//4 279//4 271//4
f 245//4 273//4 263//4
f 245//4 281//4 273//4
f 247//4 265//4 291//4
f 249//4 267//4 281//4
f 253//4 287//4 325//4
f 257//4 457//4 295//4
f 265//4 275//4 291//4
f 267//4 277//4 281//4
f 275//4 283//4 291//4
f 277//4 285//4 281//4
f 281//4 285//4 301//4
f 281//4 301//4 341//4
f 281//4 341//4 293//4
f 283//4 299//4 311//4
f 283//4 311//4 291//4
f 287//4 291//4 311//4
f 287//4 311//4 313//4
f 287//4 313//4 325//4
f 289//4 293//4 315//4
f 289//4 315//4 317//4
f 293//4 341//4 315//4
f 295//4 321//4 323//4
f 295//4 323//4 337//4
f 295//4 337//4 339//4
f 295//4 339//4 299//4
f 295//4 457//4 321//4
f 297//4 325//4 327//4
f 297//4 327//4 341//4
f 297//4 341//4 301//4
f 299//4 339//4 311//4
f 303//4 307//4 309//4
f 303//4 309//4 305//4
f 305//4 309//4 347//4
f 309//4 375//4 347//4
f 313//4 389//4 325//4
f 315//4 341//4 343//4
f 321//4 457//4 401//4
f 325//4 389//4 405//4
f 331//4 479//4 1518//4
f 333//4 391//4 467//4
f 333//4 467//4 517//4
f 333//4 517//4 493//4
f 335//4 351//4 353//4
f 345//4 399//4 373//4
f 347//4 375//4 421//4
f 349//4 371//4 457//4
f 355//4 403//4 357//4
f 357//4 403//4 395//4
f 359//4 379//4 361//4
f 359//4 383//4 409//4
f 359//4 409//4 433//4
f 359//4 413//4 379//4
f 359//4 433//4 445//4
f 359//4 441//4 413//4
f 359//4 445//4 453//4
f 359//4 449//4 441//4
f 359//4 453//4 449//4
f 363//4 407//4 365//4
f 365//4 407//4 397//4
f 367//4 381//4 369//4
f 367//4 385//4 411//4
f 367//4 411//4 435//4
f 367//4 415//4 381//4
f 367//4 435//4 447//4
f 367//4 443//4 415//4
f 367//4 447//4 455//4
f 367//4 451//4 443//4
f 367//4 455//4 451//4
f 373//4 399//4 469//4
f 373//4 469//4 375//4
f 375//4 469//4 421//4
f 387//4 525//4 459//4
f 389//4 465//4 405//4
f 393//4 423//4 499//4
f 393//4 499//4 417//4
f 395//4 403//4 437//4
f 397//4 407//4 695//4
f 397//4 511//4 513//4
f 397//4 513//4 439//4
f 397//4 695//4 781//4
f 397//4 781//4 511//4
f 401//4 457//4 491//4
f 401//4 491//4 503//4
f 401//4 503//4 505//4
f 401//4 505//4 403//4
f 403//4 505//4 437//4
f 405//4 465//4 509//4
f 405//4 509//4 567//4
f 405//4 567//4 619//4
f 405//4 619//4 407//4
f 407//4 619//4 695//4
f 417//4 499//4 531//4
f 417//4 531//4 523//4
f 419//4 501//4 475//4
f 421//4 469//4 477//4
f 421//4 477//4 497//4
f 421//4 497//4 499//4
f 421//4 499//4 423//4
f 425//4 495//4 427//4
f 427//4 495//4 485//4
f 429//4 471//4 431//4
f 429//4 473//4 519//4
f 429//4 519//4 541//4
f 429//4 521//4 471//4
f 429//4 541//4 559//4
f 429//4 545//4 521//4
f 429//4 559//4 563//4
f 429//4 561//4 545//4
f 429//4 563//4 561//4
f 437//4 505//4 461//4
f 439//4 513//4 463//4
f 461//4 505//4 533//4
f 461//4 533//4 481//4
f 463//4 513//4 537//4
f 463//4 537//4 483//4
f 465//4 487//4 507//4
f 465//4 507//4 509//4
f 467//4 489//4 515//4
f 467//4 515//4 517//4
f 477//4 529//4 547//4
f 477//4 547//4 549//4
f 477//4 549//4 497//4
f 479//4 583//4 639//4
f 479//4 639//4 1518//4
f 481//4 533//4 487//4
f 483//4 537//4 539//4
f 483//4 539//4 489//4
f 485//4 495//4 543//4
f 487//4 533//4 535//4
f 487//4 535//4 507//4
f 489//4 539//4 515//4
f 491//4 565//4 591//4
f 491//4 573//4 503//4
f 491//4 591//4 593//4
f 491//4 593//4 573//4
f 493//4 517//4 569//4
f 493//4 569//4 623//4
f 493//4 623//4 699//4
f 493//4 633//4 635//4
f 493//4 635//4 495//4
f 493//4 699//4 841//4
f 493//4 841//4 879//4
f 493//4 879//4 927//4
f 493//4 927//4 971//4
f 493//4 971//4 633//4
f 495//4 635//4 543//4
f 497//4 549//4 603//4
f 497//4 603//4 585//4
f 511//4 781//4 577//4
f 527//4 601//4 589//4
f 527//4 605//4 601//4
f 527//4 615//4 605//4
f 527//4 679//4 615//4
f 529//4 571//4 547//4
f 543//4 635//4 581//4
f 551//4 575//4 553//4
f 553//4 575//4 651//4
f 555//4 579//4 557//4
f 557//4 579//4 653//4
f 565//4 587//4 613//4
f 565//4 613//4 591//4
f 567//4 617//4 619//4
f 567//4 643//4 617//4
f 569//4 621//4 623//4
f 569//4 647//4 621//4
f 573//4 593//4 675//4
f 573//4 651//4 575//4
f 573//4 675//4 651//4
f 577//4 653//4 579//4
f 577//4 781//4 839//4
f 577//4 839//4 877//4
f 577//4 877//4 925//4
f 577//4 925//4 967//4
f 577//4 967//4 653//4
f 581//4 635//4 685//4
f 581//4 685//4 599//4
f 583//4 609//4 637//4
f 583//4 637//4 639//4
f 585//4 595//4 597//4
f 585//4 597//4 587//4
f 585//4 603//4 595//4
f 587//4 597//4 613//4
f 595//4 603//4 607//4
f 595//4 607//4 665//4
f 595//4 665//4 659//4
f 597//4 611//4 613//4
f 599//4 685//4 609//4
f 601//4 605//4 607//4
f 601//4 607//4 603//4
f 609//4 685//4 637//4
f 617//4 643//4 645//4
f 621//4 647//4 649//4
f 625//4 661//4 627//4
f 627//4 661//4 677//4
f 629//4 655//4 631//4
f 629//4 657//4 689//4
f 629//4 689//4 655//4
f 633//4 971//4 973//4
f 633//4 973//4 793//4
f 635//4 683//4 685//4
f 639//4 799//4 1518//4
f 641//4 687//4 663//4
f 651//4 675//4 667//4
f 653//4 967//4 671//4
f 657//4 691//4 711//4
f 657//4 705//4 689//4
f 657//4 711//4 705//4
f 659//4 665//4 731//4
f 659//4 731//4 661//4
f 661//4 731//4 677//4
f 663//4 687//4 743//4
f 663//4 743//4 665//4
f 665//4 743//4 731//4
f 667//4 675//4 707//4
f 667//4 707//4 751//4
f 667//4 715//4 721//4
f 667//4 721//4 669//4
f 667//4 725//4 715//4
f 667//4 751//4 725//4
f 669//4 721//4 693//4
f 671//4 697//4 673//4
f 671//4 717//4 723//4
f 671//4 723//4 697//4
f 671//4 727//4 717//4
f 671//4 753//4 727//4
f 671//4 787//4 753//4
f 671//4 967//4 969//4
f 671//4 969//4 787//4
f 681//4 817//4 739//4
f 691//4 703//4 709//4
f 691//4 709//4 713//4
f 691//4 713//4 711//4
f 693//4 721//4 747//4
f 693//4 747//4 781//4
f 693//4 781//4 695//4
f 697//4 723//4 749//4
f 697//4 749//4 699//4
f 699//4 749//4 783//4
f 699//4 783//4 841//4
f 701//4 771//4 719//4
f 707//4 729//4 785//4
f 707//4 785//4 751//4
f 719//4 771//4 825//4
f 719//138 825//138 733//138
f 729//4 741//4 815//4
f 729//4 815//4 785//4
f 731//4 743//4 761//4
f 731//4 761//4 789//4
f 733//4 825//4 745//4
f 735//4 795//4 847//4
f 735//4 797//4 737//4
f 735//4 847//4 861//4
f 735//4 861//4 797//4
f 741//4 755//4 813//4
f 741//4 813//4 815//4
f 745//4 813//4 755//4
f 745//4 825//4 813//4
f 757//4 767//4 915//4
f 757//4 915//4 763//4
f 759//4 769//4 913//4
f 759//4 913//4 765//4
f 761//4 809//4 789//4
f 761//4 821//4 827//4
f 761//4 827//4 829//4
f 761//4 829//4 809//4
f 763//4 915//4 773//4
f 765//4 913//4 775//4
f 767//4 777//4 835//4
f 767//4 835//4 857//4
f 767//4 857//4 873//4
f 767//4 873//4 895//4
f 767//4 895//4 907//4
f 767//4 907//4 915//4
f 769//4 779//4 913//4
f 771//4 791//4 825//4
f 773//4 915//4 801//4
f 775//4 913//4 803//4
f 777//4 805//4 835//4
f 779//4 807//4 913//4
f 785//4 815//4 831//4
f 787//4 969//4 833//4
f 789//4 809//4 811//4
f 789//4 811//4 791//4
f 791//4 811//4 825//4
f 793//4 905//4 795//4
f 793//4 973//4 989//4
f 793//4 989//4 905//4
f 795//4 863//4 847//4
f 795//4 905//4 863//4
f 797//4 861//4 899//4
f 797//4 899//4 799//4
f 799//4 899//4 983//4
f 799//4 983//4 1071//4
f 799//4 1071//4 1518//4
f 801//4 915//4 949//4
f 801//4 949//4 843//4
f 803//4 913//4 845//4
f 807//4 837//4 913//4
f 809//4 829//4 921//4
f 809//4 921//4 885//4
f 811//4 823//4 825//4
f 815//4 871//4 831//4
f 819//4 919//4 893//4
f 819//4 941//4 943//4
f 819//4 943//4 965//4
f 819//4 945//4 919//4
f 819//4 965//4 945//4
f 821//4 865//4 827//4
f 831//4 871//4 881//4
f 833//4 969//4 883//4
f 837//4 859//4 931//4
f 837//4 931//4 913//4
f 843//4 949//4 853//4
f 845//4 913//4 855//4
f 849//4 887//4 851//4
f 851//4 887//4 953//4
f 853//4 949//4 867//4
f 855//4 913//4 869//4
f 859//4 875//4 931//4
f 867//4 901//4 889//4
f 867//4 949//4 901//4
f 869//4 903//4 891//4
f 869//4 913//4 903//4
f 871//4 935//4 881//4
f 871//4 959//4 1033//4
f 871//4 975//4 935//4
f 871//4 1033//4 975//4
f 875//4 897//4 931//4
f 883//4 969//4 937//4
f 885//4 921//4 947//4
f 885//4 947//4 953//4
f 885//4 953//4 887//4
f 897//4 909//4 931//4
f 901//4 949//4 911//4
f 909//4 917//4 931//4
f 911//4 949//4 929//4
f 917//4 951//4 971//4
f 917//4 971//4 931//4
f 919//4 945//4 947//4
f 919//4 947//4 921//4
f 923//4 939//4 1197//4
f 923//4 1197//4 933//4
f 925//4 929//4 967//4
f 927//4 931//4 971//4
f 929//4 949//4 967//4
f 933//4 1197//4 957//4
f 935//4 975//4 977//4
f 935//4 977//4 993//4
f 935//4 993//4 949//4
f 937//4 969//4 979//4
f 937//4 979//4 981//4
f 937//4 981//4 995//4
f 937//4 995//4 997//4
f 937//4 997//4 951//4
f 939//4 961//4 1197//4
f 943//4 963//4 965//4
f 947//4 955//4 953//4
f 947//4 999//4 955//4
f 949//4 993//4 967//4
f 951//4 997//4 971//4
f 955//4 999//4 1009//4
f 955//4 1009//4 1011//4
f 955//4 1011//4 1041//4
f 957//4 1197//4 1001//4
f 961//4 1003//4 1197//4
f 969//4 1043//4 979//4
f 973//4 1045//4 1245//4
f 973//4 1067//4 989//4
f 973//4 1151//4 1067//4
f 973//4 1217//4 1151//4
f 973//4 1245//4 1217//4
f 975//4 1033//4 1117//4
f 975//4 1117//4 1465//4
f 975//4 1465//4 1516//4
f 975//4 1516//4 1051//4
f 977//4 991//4 993//4
f 979//4 1043//4 1123//4
f 979//4 1123//4 1159//4
f 979//4 1159//4 1055//4
f 985//4 1007//4 987//4
f 987//4 1007//4 1131//4
f 999//4 1091//4 1093//4
f 999//4 1093//4 1009//4
f 999//4 1127//4 1091//4
f 1001//4 1197//4 1073//4
f 1003//4 1069//4 1197//4
f 1005//4 1131//4 1007//4
f 1009//4 1093//4 1111//4
f 1011//4 1039//4 1041//4
f 1013//4 1053//4 1015//4
f 1015//4 1053//4 1047//4
f 1017//4 1029//4 1019//4
f 1017//4 1035//4 1059//4
f 1017//4 1059//4 1079//4
f 1017//4 1063//4 1029//4
f 1017//4 1079//4 1095//4
f 1017//4 1087//4 1063//4
f 1017//4 1095//4 1103//4
f 1017//4 1099//4 1087//4
f 1017//4 1103//4 1099//4
f 1021//4 1057//4 1023//4
f 1023//4 1057//4 1049//4
f 1025//4 1031//4 1027//4
f 1025//4 1037//4 1061//4
f 1025//4 1061//4 1081//4
f 1025//4 1065//4 1031//4
f 1025//4 1081//4 1097//4
f 1025//4 1089//4 1065//4
f 1025//4 1097//4 1105//4
f 1025//4 1101//4 1089//4
f 1025//4 1105//4 1101//4
f 1045//4 1125//4 1245//4
f 1047//4 1053//4 1083//4
f 1049//4 1057//4 1085//4
f 1051//4 1153//4 1155//4
f 1051//4 1155//4 1053//4
f 1051//4 1516//4 1153//4
f 1053//4 1155//4 1083//4
f 1055//4 1159//4 1221//4
f 1055//4 1161//4 1163//4
f 1055//4 1163//4 1057//4
f 1055//4 1221//4 1255//4
f 1055//4 1255//4 1161//4
f 1057//4 1163//4 1085//4
f 1069//4 1109//4 1211//4
f 1069//4 1211//4 1197//4
f 1071//4 1149//4 1518//4
f 1073//4 1197//4 1107//4
f 1075//4 1113//4 1077//4
f 1077//4 1113//4 1347//4
f 1077//4 1347//4 1365//4
f 1077//4 1365//4 1407//4
f 1077//4 1407//4 1427//4
f 1077//4 1427//4 1115//4
f 1083//4 1155//4 1119//4
f 1085//4 1163//4 1121//4
f 1091//4 1127//4 1129//4
f 1093//4 1175//4 1111//4
f 1107//4 1197//4 1137//4
f 1109//4 1143//4 1211//4
f 1111//4 1175//4 1185//4
f 1111//4 1185//4 1237//4
f 1111//4 1237//4 1113//4
f 1113//4 1237//4 1277//4
f 1113//4 1277//4 1347//4
f 1115//4 1427//4 1117//4
f 1117//4 1427//4 1465//4
f 1119//4 1155//4 1187//4
f 1119//4 1187//4 1133//4
f 1121//4 1163//4 1191//4
f 1121//4 1191//4 1135//4
f 1123//4 1139//4 1157//4
f 1123//4 1157//4 1159//4
f 1125//4 1141//4 1165//4
f 1125//4 1165//4 1167//4
f 1125//4 1167//4 1245//4
f 1133//4 1187//4 1189//4
f 1133//4 1189//4 1139//4
f 1135//4 1191//4 1141//4
f 1137//4 1177//4 1169//4
f 1137//4 1197//4 1177//4
f 1139//4 1189//4 1157//4
f 1141//4 1191//4 1193//4
f 1141//4 1193//4 1165//4
f 1143//4 1171//4 1211//4
f 1145//4 1173//4 1147//4
f 1145//4 1179//4 1181//4
f 1145//4 1181//4 1215//4
f 1145//4 1183//4 1173//4
f 1145//4 1215//4 1183//4
f 1149//4 1209//4 1518//4
f 1153//4 1516//4 1229//4
f 1161//4 1255//4 1233//4
f 1167//4 1223//4 1245//4
f 1171//4 1195//4 1211//4
f 1173//4 1183//4 1185//4
f 1173//4 1185//4 1175//4
f 1179//4 1516//4 1239//4
f 1181//4 1213//4 1215//4
f 1195//4 1199//4 1211//4
f 1199//4 1219//4 1211//4
f 1201//4 1231//4 1203//4
f 1203//4 1231//4 1287//4
f 1205//4 1235//4 1207//4
f 1207//4 1235//4 1289//4
f 1209//4 1211//4 1249//4
f 1209//4 1249//4 1518//4
f 1211//4 1219//4 1295//4
f 1211//4 1247//4 1249//4
f 1211//4 1295//4 1297//4
f 1211//4 1297//4 1247//4
f 1217//4 1243//4 1219//4
f 1217//4 1245//4 1243//4
f 1219//4 1243//4 1251//4
f 1219//4 1251//4 1399//4
f 1219//4 1341//4 1295//4
f 1219//4 1357//4 1341//4
f 1219//4 1379//4 1357//4
f 1219//4 1391//4 1379//4
f 1219//4 1399//4 1391//4
f 1221//4 1253//4 1255//4
f 1221//4 1279//4 1253//4
f 1223//4 1257//4 1259//4
f 1223//4 1259//4 1245//4
f 1223//4 1283//4 1257//4
f 1225//4 1241//4 1227//4
f 1227//4 1241//4 1317//4
f 1229//4 1287//4 1231//4
f 1229//4 1516//4 1287//4
f 1233//4 1255//4 1289//4
f 1233//4 1289//4 1235//4
f 1237//4 1275//4 1277//4
f 1237//4 1313//4 1275//4
f 1239//4 1317//4 1241//4
f 1239//4 1516//4 1317//4
f 1245//4 1259//4 1271//4
f 1247//4 1297//4 1261//4
f 1249//4 1265//4 1518//4
f 1251//4 1263//4 1311//4
f 1251//4 1311//4 1333//4
f 1251//4 1333//4 1353//4
f 1251//4 1353//4 1377//4
f 1251//4 1377//4 1389//4
f 1251//4 1389//4 1399//4
f 1253//4 1279//4 1281//4
f 1255//4 1327//4 1289//4
f 1257//4 1283//4 1285//4
f 1259//4 1331//4 1271//4
f 1261//4 1273//4 1267//4
f 1261//4 1297//4 1343//4
f 1261//4 1299//4 1273//4
f 1261//4 1319//4 1299//4
f 1261//4 1335//4 1319//4
f 1261//4 1343//4 1351//4
f 1261//4 1349//4 1335//4
f 1261//4 1351//4 1369//4
f 1261//4 1367//4 1349//4
f 1261//4 1369//4 1375//4
f 1261//4 1373//4 1367//4
f 1261//4 1375//4 1381//4
f 1261//4 1381//4 1373//4
f 1263//4 1269//4 1293//4
f 1263//4 1293//4 1311//4
f 1265//4 1291//4 1518//4
f 1271//4 1331//4 1339//4
f 1275//4 1313//4 1315//4
f 1287//4 1516//4 1301//4
f 1289//4 1327//4 1305//4
f 1291//4 1309//4 1518//4
f 1301//4 1325//4 1303//4
f 1301//4 1516//4 1325//4
f 1305//4 1327//4 1516//4
f 1305//4 1329//4 1307//4
f 1305//4 1516//4 1329//4
f 1309//4 1337//4 1518//4
f 1317//4 1516//4 1321//4
f 1321//4 1345//4 1323//4
f 1321//4 1359//4 1361//4
f 1321//4 1361//4 1385//4
f 1321//4 1363//4 1345//4
f 1321//4 1385//4 1363//4
f 1321//4 1516//4 1359//4
f 1325//4 1516//4 1327//4
f 1329//4 1516//4 1331//4
f 1331//4 1371//4 1339//4
f 1331//4 1405//4 1371//4
f 1331//4 1429//4 1405//4
f 1331//4 1511//4 1429//4
f 1331//4 1516//4 1511//4
f 1337//4 1401//4 1518//4
f 1345//4 1363//4 1365//4
f 1345//4 1365//4 1347//4
f 1355//4 1393//4 1387//4
f 1359//4 1516//4 1409//4
f 1361//4 1383//4 1385//4
f 1387//4 1393//4 1413//4
f 1387//4 1413//4 1403//4
f 1395//4 1411//4 1397//4
f 1397//4 1411//4 1441//4
f 1401//4 1417//4 1435//4
f 1401//4 1435//4 1518//4
f 1403//4 1413//4 1477//4
f 1403//4 1477//4 1415//4
f 1405//4 1429//4 1431//4
f 1405//4 1431//4 1419//4
f 1407//4 1425//4 1427//4
f 1407//4 1437//4 1425//4
f 1409//4 1441//4 1411//4
f 1409//4 1516//4 1441//4
f 1413//4 1421//4 1477//4
f 1415//4 1433//4 1417//4
f 1415//4 1443//4 1433//4
f 1415//4 1477//4 1483//4
f 1415//4 1483//4 1489//4
f 1415//4 1489//4 1493//4
f 1415//4 1493//4 1443//4
f 1417//4 1433//4 1435//4
f 1419//4 1431//4 1453//4
f 1419//4 1453//4 1423//4
f 1421//4 1423//4 1471//4
f 1421//4 1471//4 1477//4
f 1423//4 1453//4 1471//4
f 1425//4 1437//4 1439//4
f 1435//4 1457//4 1518//4
f 1441//4 1516//4 1449//4
f 1443//4 1455//4 1447//4
f 1443//4 1461//4 1455//4
f 1443//4 1467//4 1461//4
f 1443//4 1473//4 1467//4
f 1443//4 1479//4 1473//4
f 1443//4 1487//4 1479//4
f 1443//4 1491//4 1487//4
f 1443//4 1493//4 1495//4
f 1443//4 1495//4 1491//4
f 1445//4 1513//4 1459//4
f 1449//4 1463//4 1451//4
f 1449//4 1516//4 1463//4
f 1457//4 1475//4 1518//4
f 1459//4 1513//4 1469//4
f 1463//4 1516//4 1465//4
f 1469//4 1513//4 1481//4
f 1475//4 1485//4 1518//4
f 1481//4 1513//4 1497//4
f 1485//4 1499//4 1518//4
f 1497//4 1513//4 1518//4
f 1497//4 1518//4 1501//4
f 1499//4 1505//4 1518//4
f 1501//4 1518//4 1503//4
f 1503//4 1518//4 1507//4
f 1505//4 1509//4 1518//4
f 1507//4 1518//4 1509//4
f 1511//4 1516//4 1513//4
f 1513//4 1516//4 1518//4
f 1515//25 1517//25 1516//25
f 1516//25 1517//25 1518//25
usemtl Color_2
f 5//6 6//6 9//6
f 5//7 7//7 8//7
f 5//7 8//7 6//7
f 6//4 8//4 36//4
f 6//6 10//6 9//6
f 6//4 14//4 10//4
f 6//4 18//4 14//4
f 6//4 22//4 18//4
f 6//4 24//4 22//4
f 6//4 28//4 24//4
f 6//4 32//4 28//4
f 6//4 36//4 32//4
f 7//8 11//8 12//8
f 7//8 12//8 8//8
f 8//4 12//4 36//4
f 9//9 10//9 13//9
f 10//9 14//9 13//9
f 11//10 15//10 16//10
f 11//10 16//10 12//10
f 12//4 16//4 36//4
f 13//11 14//11 17//11
f 14//11 18//11 17//11
f 15//12 19//12 20//12
f 15//12 20//12 16//12
f 16//4 20//4 36//4
f 17//13 18//13 21//13
f 18//13 22//13 21//13
f 19//14 25//14 26//14
f 19//14 26//14 20//14
f 20//4 26//4 30//4
f 20//4 30//4 34//4
f 20//4 34//4 36//4
f 21//15 22//15 23//15
f 22//15 24//15 23//15
f 23//16 24//16 27//16
f 24//16 28//16 27//16
f 25//17 29//17 30//17
f 25//17 30//17 26//17
f 27//18 28//18 31//18
f 28//18 32//18 31//18
f 29//19 33//19 34//19
f 29//19 34//19 30//19
f 31//20 32//20 35//20
f 32//20 36//20 35//20
f 33//21 35//21 36//21
f 33//21 36//21 34//21
f 37//1 38//1 39//1
f 37//3 55//3 56//3
f 37//3 56//3 38//3
f 38//1 40//1 39//1
f 38//4 46//4 40//4
f 38//4 56//4 46//4
f 39//22 40//22 45//22
f 40//22 46//22 45//22
f 41//1 42//1 43//1
f 41//23 47//23 48//23
f 41//23 48//23 42//23
f 42//1 44//1 43//1
f 42//4 48//4 44//4
f 43//5 44//5 53//5
f 44//4 48//4 54//4
f 44//5 54//5 53//5
f 45//1 46//1 48//1
f 45//1 48//1 47//1
f 46//4 50//4 52//4
f 46//4 52//4 48//4
f 46//4 56//4 50//4
f 48//4 52//4 54//4
f 49//24 50//24 57//24
f 49//25 51//25 52//25
f 49//25 52//25 50//25
f 50//4 56//4 58//4
f 50//24 58//24 57//24
f 51//26 65//26 66//26
f 51//26 66//26 52//26
f 52//4 66//4 68//4
f 52//4 68//4 76//4
f 52//4 76//4 54//4
f 53//27 54//27 75//27
f 54//27 76//27 75//27
f 55//25 57//25 58//25
f 55//25 58//25 56//25
f 59//1 60//1 61//1
f 59//28 63//28 64//28
f 59//28 64//28 60//28
f 60//1 62//1 61//1
f 60//4 64//4 62//4
f 61//5 62//5 79//5
f 62//4 64//4 70//4
f 62//4 70//4 80//4
f 62//5 80//5 79//5
f 63//29 83//29 84//29
f 63//29 84//29 64//29
f 64//4 84//4 70//4
f 65//3 67//3 68//3
f 65//3 68//3 66//3
f 67//31 111//31 112//31
f 67//31 112//31 68//31
f 68//4 112//4 76//4
f 69//32 70//32 85//32
f 69//33 77//33 78//33
f 69//33 78//33 70//33
f 70//4 78//4 80//4
f 70//4 84//4 86//4
f 70//32 86//32 85//32
f 71//1 72//1 73//1
f 71//3 99//3 100//3
f 71//3 100//3 72//3
f 72//1 74//1 73//1
f 72//4 82//4 74//4
f 72//4 88//4 82//4
f 72//4 100//4 88//4
f 73//34 74//34 81//34
f 74//34 82//34 81//34
f 75//35 76//35 107//35
f 76//35 108//35 107//35
f 76//4 112//4 108//4
f 77//25 79//25 80//25
f 77//25 80//25 78//25
f 81//1 82//1 83//1
f 82//1 84//1 83//1
f 82//4 88//4 84//4
f 84//4 88//4 90//4
f 84//4 90//4 86//4
f 85//36 86//36 103//36
f 86//4 90//4 104//4
f 86//36 104//36 103//36
f 87//37 88//37 101//37
f 87//25 89//25 90//25
f 87//25 90//25 88//25
f 88//4 100//4 102//4
f 88//37 102//37 101//37
f 89//38 105//38 106//38
f 89//38 106//38 90//38
f 90//4 106//4 104//4
f 91//1 92//1 93//1
f 91//39 103//39 104//39
f 91//39 104//39 92//39
f 92//1 94//1 93//1
f 92//4 104//4 94//4
f 93//5 94//5 115//5
f 94//4 104//4 106//4
f 94//4 106//4 116//4
f 94//5 116//5 115//5
f 95//1 96//1 97//1
f 95//3 165//3 166//3
f 95//3 166//3 96//3
f 96//1 98//1 97//1
f 96//4 110//4 98//4
f 96//4 166//4 110//4
f 97//40 98//40 109//40
f 98//40 110//40 109//40
f 99//25 101//25 102//25
f 99//25 102//25 100//25
f 105//41 113//41 114//41
f 105//41 114//41 106//41
f 106//4 114//4 116//4
f 107//5 108//5 171//5
f 108//4 112//4 124//4
f 108//4 124//4 126//4
f 108//4 126//4 172//4
f 108//5 172//5 171//5
f 109//1 110//1 111//1
f 110//1 112//1 111//1
f 110//4 124//4 112//4
f 110//4 166//4 124//4
f 113//25 115//25 116//25
f 113//25 116//25 114//25
f 117//1 118//1 119//1
f 117//28 121//28 122//28
f 117//28 122//28 118//28
f 118//1 120//1 119//1
f 118//4 122//4 120//4
f 119//5 120//5 183//5
f 120//4 122//4 140//4
f 120//4 140//4 184//4
f 120//5 184//5 183//5
f 121//29 191//29 192//29
f 121//29 192//29 122//29
f 122//4 192//4 140//4
f 123//42 124//42 167//42
f 123//25 125//25 126//25
f 123//25 126//25 124//25
f 124//4 166//4 168//4
f 124//42 168//42 167//42
f 125//43 169//43 170//43
f 125//43 170//43 126//43
f 126//4 170//4 172//4
f 127//44 128//44 131//44
f 127//45 135//45 136//45
f 127//45 136//45 128//45
f 128//44 132//44 131//44
f 128//4 136//4 154//4
f 128//4 154//4 132//4
f 129//44 130//44 133//44
f 129//45 137//45 138//45
f 129//45 138//45 130//45
f 130//44 134//44 133//44
f 130//4 138//4 156//4
f 130//4 156//4 134//4
f 131//46 132//46 141//46
f 132//46 142//46 141//46
f 132//4 154//4 158//4
f 132//4 158//4 142//4
f 133//46 134//46 143//46
f 134//46 144//46 143//46
f 134//4 156//4 160//4
f 134//4 160//4 144//4
f 135//47 149//47 150//47
f 135//47 150//47 136//47
f 136//4 150//4 162//4
f 136//4 162//4 154//4
f 137//47 151//47 152//47
f 137//47 152//47 138//47
f 138//4 152//4 164//4
f 138//4 164//4 156//4
f 139//32 140//32 205//32
f 139//33 181//33 182//33
f 139//33 182//33 140//33
f 140//4 182//4 184//4
f 140//4 192//4 206//4
f 140//32 206//32 205//32
f 141//48 142//48 185//48
f 142//4 158//4 174//4
f 142//4 174//4 186//4
f 142//48 186//48 185//48
f 143//48 144//48 187//48
f 144//4 160//4 176//4
f 144//4 176//4 188//4
f 144//48 188//48 187//48
f 145//1 146//1 147//1
f 145//3 235//3 236//3
f 145//3 236//3 146//3
f 146//1 148//1 147//1
f 146//4 190//4 148//4
f 146//4 236//4 190//4
f 147//34 148//34 189//34
f 148//34 190//34 189//34
f 149//49 193//49 194//49
f 149//49 194//49 150//49
f 150//4 178//4 162//4
f 150//4 194//4 178//4
f 151//49 195//49 196//49
f 151//49 196//49 152//49
f 152//4 180//4 164//4
f 152//4 196//4 180//4
f 153//50 154//50 161//50
f 153//51 157//51 158//51
f 153//51 158//51 154//51
f 154//50 162//50 161//50
f 155//50 156//50 163//50
f 155//51 159//51 160//51
f 155//51 160//51 156//51
f 156//50 164//50 163//50
f 157//52 173//52 174//52
f 157//52 174//52 158//52
f 159//52 175//52 176//52
f 159//52 176//52 160//52
f 161//53 162//53 177//53
f 162//53 178//53 177//53
f 163//53 164//53 179//53
f 164//53 180//53 179//53
f 165//25 167//25 168//25
f 165//25 168//25 166//25
f 169//25 171//25 172//25
f 169//25 172//25 170//25
f 173//54 197//54 198//54
f 173//54 198//54 174//54
f 174//4 198//4 186//4
f 175//54 199//54 200//54
f 175//54 200//54 176//54
f 176//4 200//4 188//4
f 177//55 178//55 201//55
f 178//4 194//4 202//4
f 178//55 202//55 201//55
f 179//55 180//55 203//55
f 180//4 196//4 204//4
f 180//55 204//55 203//55
f 181//25 183//25 184//25
f 181//25 184//25 182//25
f 185//56 186//56 219//56
f 186//4 198//4 220//4
f 186//56 220//56 219//56
f 187//56 188//56 221//56
f 188//4 200//4 222//4
f 188//56 222//56 221//56
f 189//1 190//1 191//1
f 190//1 192//1 191//1
f 190//4 208//4 192//4
f 190//4 236//4 208//4
f 192//4 208//4 210//4
f 192//4 210//4 206//4
f 193//39 211//39 212//39
f 193//39 212//39 194//39
f 194//4 212//4 202//4
f 195//57 213//57 214//57
f 195//57 214//57 196//57
f 196//4 214//4 204//4
f 197//58 223//58 224//58
f 197//58 224//58 198//58
f 198//4 224//4 220//4
f 199//58 225//58 226//58
f 199//58 226//58 200//58
f 200//4 226//4 222//4
f 201//59 202//59 215//59
f 202//4 212//4 216//4
f 202//59 216//59 215//59
f 203//59 204//59 217//59
f 204//4 214//4 218//4
f 204//59 218//59 217//59
f 205//36 206//36 251//36
f 206//4 210//4 252//4
f 206//36 252//36 251//36
f 207//37 208//37 237//37
f 207//25 209//25 210//25
f 207//25 210//25 208//25
f 208//4 236//4 238//4
f 208//37 238//37 237//37
f 209//38 269//38 270//38
f 209//38 270//38 210//38
f 210//4 270//4 252//4
f 211//60 257//60 258//60
f 211//60 258//60 212//60
f 212//4 240//4 216//4
f 212//4 258//4 240//4
f 213//60 259//60 260//60
f 213//60 260//60 214//60
f 214//4 242//4 218//4
f 214//4 260//4 242//4
f 215//61 216//61 239//61
f 216//61 240//61 239//61
f 217//61 218//61 241//61
f 218//61 242//61 241//61
f 219//62 220//62 253//62
f 220//4 224//4 232//4
f 220//4 232//4 254//4
f 220//62 254//62 253//62
f 221//62 222//62 255//62
f 222//4 226//4 234//4
f 222//4 234//4 256//4
f 222//62 256//62 255//62
f 223//63 231//63 232//63
f 223//63 232//63 224//63
f 225//64 233//64 234//64
f 225//64 234//64 226//64
f 227//1 228//1 229//1
f 227//39 251//39 252//39
f 227//39 252//39 228//39
f 228//1 230//1 229//1
f 228//4 252//4 230//4
f 229//5 230//5 305//5
f 230//4 252//4 270//4
f 230//4 270//4 306//4
f 230//5 306//5 305//5
f 231//65 243//65 244//65
f 231//65 244//65 232//65
f 232//4 244//4 254//4
f 233//66 245//66 246//66
f 233//66 246//66 234//66
f 234//4 246//4 256//4
f 235//25 237//25 238//25
f 235//25 238//25 236//25
f 239//67 240//67 247//67
f 240//67 248//67 247//67
f 240//4 258//4 248//4
f 241//67 242//67 249//67
f 242//67 250//67 249//67
f 242//4 260//4 250//4
f 243//68 261//68 262//68
f 243//68 262//68 244//68
f 244//4 262//4 254//4
f 245//68 263//68 264//68
f 245//68 264//68 246//68
f 246//4 264//4 256//4
f 247//69 248//69 265//69
f 248//4 258//4 266//4
f 248//69 266//69 265//69
f 249//69 250//69 267//69
f 250//4 260//4 268//4
f 250//69 268//69 267//69
f 253//70 254//70 287//70
f 254//4 262//4 288//4
f 254//70 288//70 287//70
f 255//70 256//70 289//70
f 256//4 264//4 290//4
f 256//70 290//70 289//70
f 257//71 295//71 296//71
f 257//71 296//71 258//71
f 258//4 296//4 266//4
f 259//71 297//71 298//71
f 259//71 298//71 260//71
f 260//4 298//4 268//4
f 261//72 271//72 272//72
f 261//72 272//72 262//72
f 262//4 272//4 288//4
f 263//72 273//72 274//72
f 263//72 274//72 264//72
f 264//4 274//4 290//4
f 265//73 266//73 275//73
f 266//73 276//73 275//73
f 266//4 296//4 276//4
f 267//73 268//73 277//73
f 268//73 278//73 277//73
f 268//4 298//4 278//4
f 269//41 303//41 304//41
f 269//41 304//41 270//41
f 270//4 304//4 306//4
f 271//74 279//74 280//74
f 271//74 280//74 272//74
f 272//4 280//4 292//4
f 272//4 292//4 288//4
f 273//74 281//74 282//74
f 273//74 282//74 274//74
f 274//4 282//4 294//4
f 274//4 294//4 290//4
f 275//75 276//75 283//75
f 276//75 284//75 283//75
f 276//4 296//4 300//4
f 276//4 300//4 284//4
f 277//75 278//75 285//75
f 278//75 286//75 285//75
f 278//4 298//4 302//4
f 278//4 302//4 286//4
f 279//3 291//3 292//3
f 279//3 292//3 280//3
f 281//3 293//3 294//3
f 281//3 294//3 282//3
f 283//5 284//5 299//5
f 284//5 300//5 299//5
f 285//5 286//5 301//5
f 286//5 302//5 301//5
f 287//76 288//76 291//76
f 288//76 292//76 291//76
f 289//76 290//76 293//76
f 290//76 294//76 293//76
f 295//77 299//77 300//77
f 295//77 300//77 296//77
f 297//77 301//77 302//77
f 297//77 302//77 298//77
f 303//25 305//25 306//25
f 303//25 306//25 304//25
f 307//1 308//1 309//1
f 307//78 319//78 320//78
f 307//78 320//78 308//78
f 308//1 310//1 309//1
f 308//4 320//4 310//4
f 309//5 310//5 375//5
f 310//4 320//4 346//4
f 310//4 346//4 376//4
f 310//5 376//5 375//5
f 311//1 312//1 313//1
f 311//23 339//23 340//23
f 311//23 340//23 312//23
f 312//1 314//1 313//1
f 312//4 340//4 314//4
f 313//5 314//5 389//5
f 314//4 340//4 390//4
f 314//5 390//5 389//5
f 315//1 316//1 317//1
f 315//23 343//23 344//23
f 315//23 344//23 316//23
f 316//1 318//1 317//1
f 316//4 344//4 318//4
f 317//5 318//5 391//5
f 318//4 344//4 392//4
f 318//5 392//5 391//5
f 319//79 377//79 378//79
f 319//79 378//79 320//79
f 320//4 378//4 388//4
f 320//4 388//4 400//4
f 320//4 400//4 346//4
f 321//1 322//1 323//1
f 321//3 401//3 402//3
f 321//3 402//3 322//3
f 322//1 324//1 323//1
f 322//4 338//4 324//4
f 322//4 356//4 338//4
f 322//4 402//4 356//4
f 323//80 324//80 337//80
f 324//80 338//80 337//80
f 325//1 326//1 327//1
f 325//3 405//3 406//3
f 325//3 406//3 326//3
f 326//1 328//1 327//1
f 326//4 342//4 328//4
f 326//4 364//4 342//4
f 326//4 406//4 364//4
f 327//80 328//80 341//80
f 328//80 342//80 341//80
f 329//1 330//1 331//1
f 329//23 353//23 354//23
f 329//23 354//23 330//23
f 330//1 332//1 331//1
f 330//4 354//4 332//4
f 331//5 332//5 479//5
f 332//4 354//4 480//4
f 332//5 480//5 479//5
f 333//1 334//1 335//1
f 333//3 493//3 494//3
f 333//3 494//3 334//3
f 334//1 336//1 335//1
f 334//4 352//4 336//4
f 334//4 426//4 352//4
f 334//4 494//4 426//4
f 335//80 336//80 351//80
f 336//80 352//80 351//80
f 337//1 338//1 339//1
f 338//1 340//1 339//1
f 338//4 356//4 358//4
f 338//4 358//4 360//4
f 338//4 360//4 340//4
f 340//4 360//4 362//4
f 340//4 362//4 390//4
f 341//1 342//1 344//1
f 341//1 344//1 343//1
f 342//4 364//4 366//4
f 342//4 366//4 368//4
f 342//4 368//4 344//4
f 344//4 368//4 370//4
f 344//4 370//4 392//4
f 345//81 346//81 399//81
f 345//82 373//82 374//82
f 345//82 374//82 346//82
f 346//4 374//4 376//4
f 346//81 400//81 399//81
f 347//1 348//1 349//1
f 347//3 421//3 422//3
f 347//3 422//3 348//3
f 348//1 350//1 349//1
f 348//4 372//4 350//4
f 348//4 422//4 372//4
f 349//83 350//83 371//83
f 350//83 372//83 371//83
f 351//1 352//1 353//1
f 352//1 354//1 353//1
f 352//4 426//4 428//4
f 352//4 428//4 430//4
f 352//4 430//4 354//4
f 354//4 430//4 432//4
f 354//4 432//4 480//4
f 355//37 356//37 403//37
f 355//25 357//25 358//25
f 355//25 358//25 356//25
f 356//4 402//4 404//4
f 356//84 404//84 403//84
f 357//3 395//3 396//3
f 357//3 396//3 358//3
f 358//4 384//4 360//4
f 358//4 396//4 384//4
f 359//5 360//5 383//5
f 359//25 361//25 362//25
f 359//25 362//25 360//25
f 360//5 384//5 383//5
f 361//3 379//3 380//3
f 361//3 380//3 362//3
f 362//4 380//4 390//4
f 363//37 364//37 407//37
f 363//25 365//25 366//25
f 363//25 366//25 364//25
f 364//4 406//4 408//4
f 364//37 408//37 407//37
f 365//3 397//3 398//3
f 365//3 398//3 366//3
f 366//4 386//4 368//4
f 366//4 398//4 386//4
f 367//5 368//5 385//5
f 367//25 369//25 370//25
f 367//25 370//25 368//25
f 368//5 386//5 385//5
f 369//3 381//3 382//3
f 369//3 382//3 370//3
f 370//4 382//4 392//4
f 371//85 372//85 457//85
f 372//4 394//4 418//4
f 372//4 418//4 420//4
f 372//4 420//4 458//4
f 372//4 422//4 394//4
f 372//85 458//85 457//85
f 373//25 375//25 376//25
f 373//25 376//25 374//25
f 377//3 387//3 388//3
f 377//3 388//3 378//3
f 379//86 413//86 414//86
f 379//86 414//86 380//86
f 380//4 414//4 390//4
f 381//86 415//86 416//86
f 381//86 416//86 382//86
f 382//4 416//4 392//4
f 383//87 384//87 409//87
f 384//4 396//4 410//4
f 384//87 410//87 409//87
f 385//87 386//87 411//87
f 386//4 398//4 412//4
f 386//87 412//87 411//87
f 387//88 459//88 460//88
f 387//88 460//88 388//88
f 388//4 460//4 400//4
f 389//89 390//89 465//89
f 390//4 414//4 466//4
f 390//89 466//89 465//89
f 391//89 392//89 467//89
f 392//4 416//4 468//4
f 392//89 468//89 467//89
f 393//24 394//24 423//24
f 393//90 417//90 418//90
f 393//90 418//90 394//90
f 394//4 422//4 424//4
f 394//24 424//24 423//24
f 395//91 437//91 438//91
f 395//91 438//91 396//91
f 396//4 438//4 410//4
f 397//92 439//92 440//92
f 397//92 440//92 398//92
f 398//4 440//4 412//4
f 399//93 400//93 469//93
f 400//4 460//4 470//4
f 400//93 470//93 469//93
f 401//25 403//25 404//25
f 401//25 404//25 402//25
f 405//25 407//25 408//25
f 405//25 408//25 406//25
f 409//94 410//94 433//94
f 410//94 434//94 433//94
f 410//4 438//4 434//4
f 411//94 412//94 435//94
f 412//94 436//94 435//94
f 412//4 440//4 436//4
f 413//95 441//95 442//95
f 413//95 442//95 414//95
f 414//4 442//4 466//4
f 415//95 443//95 444//95
f 415//95 444//95 416//95
f 416//4 444//4 468//4
f 417//3 523//3 524//3
f 417//3 524//3 418//3
f 418//4 524//4 420//4
f 419//5 420//5 501//5
f 419//96 475//96 476//96
f 419//96 476//96 420//96
f 420//4 476//4 458//4
f 420//5 502//5 501//5
f 420//4 524//4 502//4
f 421//25 423//25 424//25
f 421//25 424//25 422//25
f 425//37 426//37 495//37
f 425//25 427//25 428//25
f 425//25 428//25 426//25
f 426//4 494//4 496//4
f 426//37 496//37 495//37
f 427//3 485//3 486//3
f 427//3 486//3 428//3
f 428//4 474//4 430//4
f 428//4 486//4 474//4
f 429//5 430//5 473//5
f 429//25 431//25 432//25
f 429//25 432//25 430//25
f 430//5 474//5 473//5
f 431//3 471//3 472//3
f 431//3 472//3 432//3
f 432//4 472//4 480//4
f 433//97 434//97 445//97
f 434//4 438//4 462//4
f 434//98 446//98 445//98
f 434//4 462//4 446//4
f 435//97 436//97 447//97
f 436//4 440//4 464//4
f 436//98 448//98 447//98
f 436//4 464//4 448//4
f 437//99 461//99 462//99
f 437//99 462//99 438//99
f 439//99 463//99 464//99
f 439//99 464//99 440//99
f 441//100 449//100 450//100
f 441//100 450//100 442//100
f 442//4 450//4 466//4
f 443//100 451//100 452//100
f 443//100 452//100 444//100
f 444//4 452//4 468//4
f 445//101 446//101 453//101
f 446//101 454//101 453//101
f 446//4 462//4 482//4
f 446//4 482//4 454//4
f 447//101 448//101 455//101
f 448//101 456//101 455//101
f 448//4 464//4 484//4
f 448//4 484//4 456//4
f 449//102 453//102 454//102
f 449//102 454//102 450//102
f 450//4 454//4 488//4
f 450//4 488//4 466//4
f 451//102 455//102 456//102
f 451//102 456//102 452//102
f 452//4 456//4 490//4
f 452//4 490//4 468//4
f 454//4 482//4 488//4
f 456//4 484//4 490//4
f 457//5 458//5 491//5
f 458//4 476//4 492//4
f 458//5 492//5 491//5
f 459//103 525//103 526//103
f 459//103 526//103 460//103
f 460//4 526//4 530//4
f 460//4 530//4 470//4
f 461//104 481//104 482//104
f 461//104 482//104 462//104
f 463//104 483//104 484//104
f 463//104 484//104 464//104
f 465//105 466//105 487//105
f 466//106 488//106 487//106
f 467//105 468//105 489//105
f 468//106 490//106 489//106
f 469//5 470//5 477//5
f 470//5 478//5 477//5
f 470//4 530//4 478//4
f 471//86 521//86 522//86
f 471//86 522//86 472//86
f 472//4 522//4 480//4
f 473//87 474//87 519//87
f 474//4 486//4 520//4
f 474//87 520//87 519//87
f 475//107 501//107 502//107
f 475//107 502//107 476//107
f 476//4 502//4 492//4
f 477//108 478//108 529//108
f 478//108 530//108 529//108
f 479//89 480//89 584//89
f 479//89 584//89 583//89
f 480//4 522//4 584//4
f 481//109 487//109 488//109
f 481//109 488//109 482//109
f 483//109 489//109 490//109
f 483//109 490//109 484//109
f 485//92 543//92 544//92
f 485//92 544//92 486//92
f 486//4 544//4 520//4
f 491//110 492//110 565//110
f 492//4 502//4 566//4
f 492//110 566//110 565//110
f 493//25 495//25 496//25
f 493//25 496//25 494//25
f 497//1 498//1 499//1
f 497//3 585//3 586//3
f 497//3 586//3 498//3
f 498//1 500//1 499//1
f 498//4 532//4 500//4
f 498//4 586//4 532//4
f 499//40 500//40 531//40
f 500//40 532//40 531//40
f 502//4 524//4 566//4
f 503//1 504//1 505//1
f 503//3 573//3 574//3
f 503//3 574//3 504//3
f 504//1 506//1 505//1
f 504//4 534//4 506//4
f 504//4 574//4 534//4
f 505//22 506//22 533//22
f 506//22 534//22 533//22
f 507//1 508//1 509//1
f 507//23 535//23 536//23
f 507//23 536//23 508//23
f 508//1 510//1 509//1
f 508//4 536//4 510//4
f 509//5 510//5 567//5
f 510//4 536//4 568//4
f 510//5 568//5 567//5
f 511//1 512//1 513//1
f 511//3 577//3 578//3
f 511//3 578//3 512//3
f 512//1 514//1 513//1
f 512//4 538//4 514//4
f 512//4 578//4 538//4
f 513//22 514//22 537//22
f 514//22 538//22 537//22
f 515//1 516//1 517//1
f 515//23 539//23 540//23
f 515//23 540//23 516//23
f 516//1 518//1 517//1
f 516//4 540//4 518//4
f 517//5 518//5 569//5
f 518//4 540//4 570//4
f 518//5 570//5 569//5
f 519//94 520//94 541//94
f 520//94 542//94 541//94
f 520//4 544//4 542//4
f 521//95 545//95 546//95
f 521//95 546//95 522//95
f 522//4 546//4 584//4
f 523//111 531//111 532//111
f 523//111 532//111 524//111
f 524//4 532//4 566//4
f 525//3 527//3 528//3
f 525//3 528//3 526//3
f 526//4 528//4 590//4
f 526//4 590//4 530//4
f 527//112 589//112 590//112
f 527//112 590//112 528//112
f 529//113 530//113 571//113
f 530//113 572//113 571//113
f 530//4 590//4 572//4
f 532//4 586//4 566//4
f 533//1 534//1 536//1
f 533//1 536//1 535//1
f 534//4 552//4 554//4
f 534//4 554//4 536//4
f 534//4 574//4 552//4
f 536//4 554//4 568//4
f 537//1 538//1 540//1
f 537//1 540//1 539//1
f 538//4 556//4 558//4
f 538//4 558//4 540//4
f 538//4 578//4 556//4
f 540//4 558//4 570//4
f 541//98 542//98 559//98
f 542//4 544//4 582//4
f 542//98 560//98 559//98
f 542//4 582//4 560//4
f 543//99 581//99 582//99
f 543//99 582//99 544//99
f 545//100 561//100 562//100
f 545//100 562//100 546//100
f 546//4 562//4 584//4
f 547//1 548//1 549//1
f 547//114 571//114 572//114
f 547//114 572//114 548//114
f 548//1 550//1 549//1
f 548//4 572//4 550//4
f 549//5 550//5 603//5
f 550//4 572//4 590//4
f 550//4 590//4 604//4
f 550//5 604//5 603//5
f 551//24 552//24 575//24
f 551//25 553//25 554//25
f 551//25 554//25 552//25
f 552//4 574//4 576//4
f 552//24 576//24 575//24
f 553//115 651//115 652//115
f 553//115 652//115 554//115
f 554//4 644//4 568//4
f 554//4 652//4 668//4
f 554//4 668//4 644//4
f 555//116 556//116 579//116
f 555//25 557//25 558//25
f 555//25 558//25 556//25
f 556//4 578//4 580//4
f 556//116 580//116 579//116
f 557//115 653//115 654//115
f 557//115 654//115 558//115
f 558//4 648//4 570//4
f 558//4 654//4 672//4
f 558//4 672//4 648//4
f 559//101 560//101 563//101
f 560//101 564//101 563//101
f 560//4 582//4 600//4
f 560//4 600//4 564//4
f 561//102 563//102 564//102
f 561//102 564//102 562//102
f 562//4 564//4 610//4
f 562//4 610//4 584//4
f 564//4 600//4 610//4
f 565//117 566//117 587//117
f 566//4 586//4 588//4
f 566//117 588//117 587//117
f 567//118 568//118 643//118
f 568//118 644//118 643//118
f 569//118 570//118 647//118
f 570//118 648//118 647//118
f 573//25 575//25 576//25
f 573//25 576//25 574//25
f 577//25 579//25 580//25
f 577//25 580//25 578//25
f 581//104 599//104 600//104
f 581//104 600//104 582//104
f 583//105 584//105 609//105
f 584//105 610//105 609//105
f 585//25 587//25 588//25
f 585//25 588//25 586//25
f 589//119 601//119 602//119
f 589//119 602//119 590//119
f 590//4 602//4 604//4
f 591//1 592//1 593//1
f 591//23 613//23 614//23
f 591//23 614//23 592//23
f 592//1 594//1 593//1
f 592//4 614//4 594//4
f 593//5 594//5 675//5
f 594//4 614//4 676//4
f 594//5 676//5 675//5
f 595//1 596//1 597//1
f 595//3 659//3 660//3
f 595//3 660//3 596//3
f 596//1 598//1 597//1
f 596//4 612//4 598//4
f 596//4 626//4 612//4
f 596//4 660//4 626//4
f 597//80 598//80 611//80
f 598//80 612//80 611//80
f 599//109 609//109 610//109
f 599//109 610//109 600//109
f 601//25 603//25 604//25
f 601//25 604//25 602//25
f 605//1 606//1 607//1
f 605//78 615//78 616//78
f 605//78 616//78 606//78
f 606//1 608//1 607//1
f 606//4 616//4 608//4
f 607//5 608//5 665//5
f 608//4 616//4 642//4
f 608//4 642//4 666//4
f 608//5 666//5 665//5
f 611//1 612//1 613//1
f 612//1 614//1 613//1
f 612//4 626//4 628//4
f 612//4 628//4 630//4
f 612//4 630//4 614//4
f 614//4 630//4 632//4
f 614//4 632//4 676//4
f 615//79 679//79 680//79
f 615//79 680//79 616//79
f 616//4 680//4 682//4
f 616//4 682//4 688//4
f 616//4 688//4 642//4
f 617//1 618//1 619//1
f 617//120 645//120 646//120
f 617//120 646//120 618//120
f 618//1 620//1 619//1
f 618//4 646//4 620//4
f 619//5 620//5 695//5
f 620//4 646//4 670//4
f 620//4 670//4 696//4
f 620//5 696//5 695//5
f 621//1 622//1 623//1
f 621//120 649//120 650//120
f 621//120 650//120 622//120
f 622//1 624//1 623//1
f 622//4 650//4 624//4
f 623//5 624//5 699//5
f 624//4 650//4 674//4
f 624//4 674//4 700//4
f 624//5 700//5 699//5
f 625//121 626//121 661//121
f 625//25 627//25 628//25
f 625//25 628//25 626//25
f 626//4 660//4 662//4
f 626//121 662//121 661//121
f 627//3 677//3 678//3
f 627//3 678//3 628//3
f 628//4 658//4 630//4
f 628//4 678//4 658//4
f 629//5 630//5 657//5
f 629//25 631//25 632//25
f 629//25 632//25 630//25
f 630//5 658//5 657//5
f 631//3 655//3 656//3
f 631//3 656//3 632//3
f 632//4 656//4 676//4
f 633//1 634//1 635//1
f 633//3 793//3 794//3
f 633//3 794//3 634//3
f 634//1 636//1 635//1
f 634//4 684//4 636//4
f 634//4 794//4 684//4
f 635//22 636//22 683//22
f 636//22 684//22 683//22
f 637//1 638//1 639//1
f 637//23 685//23 686//23
f 637//23 686//23 638//23
f 638//1 640//1 639//1
f 638//4 686//4 640//4
f 639//5 640//5 799//5
f 640//4 686//4 800//4
f 640//5 800//5 799//5
f 641//81 642//81 687//81
f 641//82 663//82 664//82
f 641//82 664//82 642//82
f 642//4 664//4 666//4
f 642//81 688//81 687//81
f 643//1 644//1 645//1
f 644//1 646//1 645//1
f 644//4 668//4 670//4
f 644//4 670//4 646//4
f 647//1 648//1 649//1
f 648//1 650//1 649//1
f 648//4 672//4 674//4
f 648//4 674//4 650//4
f 651//3 667//3 668//3
f 651//3 668//3 652//3
f 653//3 671//3 672//3
f 653//3 672//3 654//3
f 655//122 689//122 690//122
f 655//122 690//122 656//122
f 656//4 690//4 676//4
f 657//123 658//123 691//123
f 658//4 678//4 692//4
f 658//123 692//123 691//123
f 659//25 661//25 662//25
f 659//25 662//25 660//25
f 663//25 665//25 666//25
f 663//25 666//25 664//25
f 667//25 669//25 670//25
f 667//25 670//25 668//25
f 669//43 693//43 694//43
f 669//43 694//43 670//43
f 670//4 694//4 696//4
f 671//25 673//25 674//25
f 671//25 674//25 672//25
f 673//43 697//43 698//43
f 673//43 698//43 674//43
f 674//4 698//4 700//4
f 675//124 676//124 707//124
f 676//4 690//4 708//4
f 676//124 708//124 707//124
f 677//125 731//125 732//125
f 677//125 732//125 678//125
f 678//4 702//4 692//4
f 678//4 732//4 702//4
f 679//3 681//3 682//3
f 679//3 682//3 680//3
f 681//88 739//88 740//88
f 681//88 740//88 682//88
f 682//4 740//4 688//4
f 683//1 684//1 685//1
f 684//1 686//1 685//1
f 684//4 736//4 686//4
f 684//4 794//4 736//4
f 686//4 736//4 738//4
f 686//4 738//4 800//4
f 687//93 688//93 743//93
f 688//4 740//4 744//4
f 688//93 744//93 743//93
f 689//126 705//126 706//126
f 689//126 706//126 690//126
f 690//4 706//4 708//4
f 691//127 692//127 703//127
f 692//4 702//4 704//4
f 692//127 704//127 703//127
f 693//25 695//25 696//25
f 693//25 696//25 694//25
f 697//25 699//25 700//25
f 697//25 700//25 698//25
f 701//128 702//128 771//128
f 701//129 719//129 720//129
f 701//129 720//129 702//129
f 702//4 720//4 704//4
f 702//4 732//4 772//4
f 702//128 772//128 771//128
f 703//130 704//130 709//130
f 704//130 710//130 709//130
f 704//4 720//4 710//4
f 705//131 711//131 712//131
f 705//131 712//131 706//131
f 706//4 712//4 730//4
f 706//4 730//4 708//4
f 707//132 708//132 729//132
f 708//132 730//132 729//132
f 709//133 710//133 713//133
f 710//134 714//134 713//134
f 710//4 720//4 734//4
f 710//4 734//4 746//4
f 710//4 746//4 714//4
f 711//135 713//135 714//135
f 711//135 714//135 712//135
f 712//4 714//4 756//4
f 712//4 742//4 730//4
f 712//4 756//4 742//4
f 714//4 746//4 756//4
f 715//44 716//44 721//44
f 715//45 725//45 726//45
f 715//45 726//45 716//45
f 716//44 722//44 721//44
f 716//4 726//4 758//4
f 716//4 758//4 722//4
f 717//44 718//44 723//44
f 717//45 727//45 728//45
f 717//45 728//45 718//45
f 718//44 724//44 723//44
f 718//4 728//4 760//4
f 718//4 760//4 724//4
f 719//136 733//136 734//136
f 719//137 734//137 720//137
f 721//46 722//46 747//46
f 722//46 748//46 747//46
f 722//4 758//4 764//4
f 722//4 764//4 748//4
f 723//46 724//46 749//46
f 724//46 750//46 749//46
f 724//4 760//4 766//4
f 724//4 766//4 750//4
f 725//47 751//47 752//47
f 725//47 752//47 726//47
f 726//4 752//4 768//4
f 726//4 768//4 758//4
f 727//47 753//47 754//47
f 727//47 754//47 728//47
f 728//4 754//4 770//4
f 728//4 770//4 760//4
f 729//139 730//139 741//139
f 730//139 742//139 741//139
f 731//3 789//3 790//3
f 731//3 790//3 732//3
f 732//4 790//4 772//4
f 733//140 745//140 746//140
f 733//141 746//141 734//141
f 735//42 736//42 795//42
f 735//25 737//25 738//25
f 735//25 738//25 736//25
f 736//4 794//4 796//4
f 736//42 796//42 795//42
f 737//43 797//43 798//43
f 737//43 798//43 738//43
f 738//4 798//4 800//4
f 739//103 817//103 818//103
f 739//103 818//103 740//103
f 740//4 818//4 822//4
f 740//4 822//4 744//4
f 741//142 742//142 755//142
f 742//142 756//142 755//142
f 743//5 744//5 761//5
f 744//5 762//5 761//5
f 744//4 822//4 762//4
f 745//143 755//143 756//143
f 745//143 756//143 746//143
f 747//144 748//144 781//144
f 748//4 764//4 774//4
f 748//4 774//4 782//4
f 748//144 782//144 781//144
f 749//48 750//48 783//48
f 750//4 766//4 776//4
f 750//4 776//4 784//4
f 750//144 784//144 783//144
f 751//145 785//145 786//145
f 751//145 786//145 752//145
f 752//4 778//4 768//4
f 752//4 786//4 778//4
f 753//145 787//145 788//145
f 753//145 788//145 754//145
f 754//4 780//4 770//4
f 754//4 788//4 780//4
f 757//146 758//146 767//146
f 757//51 763//51 764//51
f 757//51 764//51 758//51
f 758//146 768//146 767//146
f 759//146 760//146 769//146
f 759//51 765//51 766//51
f 759//51 766//51 760//51
f 760//146 770//146 769//146
f 761//108 762//108 821//108
f 762//108 822//108 821//108
f 763//52 773//52 774//52
f 763//52 774//52 764//52
f 765//52 775//52 776//52
f 765//52 776//52 766//52
f 767//53 768//53 777//53
f 768//53 778//53 777//53
f 769//53 770//53 779//53
f 770//53 780//53 779//53
f 771//15 772//15 791//15
f 772//4 790//4 792//4
f 772//15 792//15 791//15
f 773//54 801//54 802//54
f 773//54 802//54 774//54
f 774//4 802//4 782//4
f 775//54 803//54 804//54
f 775//54 804//54 776//54
f 776//4 804//4 784//4
f 777//55 778//55 805//55
f 778//4 786//4 806//4
f 778//55 806//55 805//55
f 779//55 780//55 807//55
f 780//4 788//4 808//4
f 780//55 808//55 807//55
f 781//56 782//56 839//56
f 782//4 802//4 840//4
f 782//56 840//56 839//56
f 783//56 784//56 841//56
f 784//4 804//4 842//4
f 784//56 842//56 841//56
f 785//39 831//39 832//39
f 785//39 832//39 786//39
f 786//4 832//4 806//4
f 787//57 833//57 834//57
f 787//57 834//57 788//57
f 788//4 834//4 808//4
f 789//25 791//25 792//25
f 789//25 792//25 790//25
f 793//25 795//25 796//25
f 793//25 796//25 794//25
f 797//25 799//25 800//25
f 797//25 800//25 798//25
f 801//58 843//58 844//58
f 801//58 844//58 802//58
f 802//4 844//4 840//4
f 803//58 845//58 846//58
f 803//58 846//58 804//58
f 804//4 846//4 842//4
f 805//59 806//59 835//59
f 806//4 832//4 836//4
f 806//59 836//59 835//59
f 807//59 808//59 837//59
f 808//4 834//4 838//4
f 808//59 838//59 837//59
f 809//1 810//1 811//1
f 809//3 885//3 886//3
f 809//3 886//3 810//3
f 810//1 812//1 811//1
f 810//4 824//4 812//4
f 810//4 886//4 824//4
f 811//22 812//22 823//22
f 812//22 824//22 823//22
f 813//1 814//1 815//1
f 813//23 825//23 826//23
f 813//23 826//23 814//23
f 814//1 816//1 815//1
f 814//4 826//4 816//4
f 815//5 816//5 871//5
f 816//4 826//4 872//4
f 816//5 872//5 871//5
f 817//3 819//3 820//3
f 817//3 820//3 818//3
f 818//4 820//4 894//4
f 818//4 894//4 822//4
f 819//112 893//112 894//112
f 819//112 894//112 820//112
f 821//113 822//113 865//113
f 822//113 866//113 865//113
f 822//4 894//4 866//4
f 823//1 824//1 825//1
f 824//1 826//1 825//1
f 824//4 850//4 852//4
f 824//4 852//4 826//4
f 824//4 886//4 850//4
f 826//4 852//4 872//4
f 827//1 828//1 829//1
f 827//114 865//114 866//114
f 827//114 866//114 828//114
f 828//1 830//1 829//1
f 828//4 866//4 830//4
f 829//5 830//5 921//5
f 830//4 866//4 894//4
f 830//4 894//4 922//4
f 830//5 922//5 921//5
f 831//60 881//60 882//60
f 831//60 882//60 832//60
f 832//4 858//4 836//4
f 832//4 882//4 858//4
f 833//60 883//60 884//60
f 833//60 884//60 834//60
f 834//4 860//4 838//4
f 834//4 884//4 860//4
f 835//61 836//61 857//61
f 836//61 858//61 857//61
f 837//61 838//61 859//61
f 838//61 860//61 859//61
f 839//62 840//62 877//62
f 840//4 844//4 854//4
f 840//4 854//4 878//4
f 840//62 878//62 877//62
f 841//62 842//62 879//62
f 842//4 846//4 856//4
f 842//4 856//4 880//4
f 842//62 880//62 879//62
f 843//63 853//63 854//63
f 843//63 854//63 844//63
f 845//64 855//64 856//64
f 845//64 856//64 846//64
f 847//44 848//44 861//44
f 847//45 863//45 864//45
f 847//45 864//45 848//45
f 848//44 862//44 861//44
f 848//4 864//4 924//4
f 848//4 924//4 862//4
f 849//24 850//24 887//24
f 849//25 851//25 852//25
f 849//25 852//25 850//25
f 850//4 886//4 888//4
f 850//24 888//24 887//24
f 851//26 953//26 954//26
f 851//26 954//26 852//26
f 852//4 954//4 956//4
f 852//4 956//4 960//4
f 852//4 960//4 872//4
f 853//65 867//65 868//65
f 853//65 868//65 854//65
f 854//4 868//4 878//4
f 855//66 869//66 870//66
f 855//66 870//66 856//66
f 856//4 870//4 880//4
f 857//67 858//67 873//67
f 858//67 874//67 873//67
f 858//4 882//4 874//4
f 859//67 860//67 875//67
f 860//67 876//67 875//67
f 860//4 884//4 876//4
f 861//46 862//46 899//46
f 862//46 900//46 899//46
f 862//4 924//4 934//4
f 862//4 934//4 900//4
f 863//47 905//47 906//47
f 863//47 906//47 864//47
f 864//4 906//4 940//4
f 864//4 940//4 924//4
f 867//68 889//68 890//68
f 867//68 890//68 868//68
f 868//4 890//4 878//4
f 869//68 891//68 892//68
f 869//68 892//68 870//68
f 870//4 892//4 880//4
f 871//27 872//27 959//27
f 872//27 960//27 959//27
f 873//69 874//69 895//69
f 874//4 882//4 896//4
f 874//69 896//69 895//69
f 875//69 876//69 897//69
f 876//4 884//4 898//4
f 876//69 898//69 897//69
f 877//70 878//70 925//70
f 878//4 890//4 926//4
f 878//70 926//70 925//70
f 879//70 880//70 927//70
f 880//4 892//4 928//4
f 880//70 928//70 927//70
f 881//71 935//71 936//71
f 881//71 936//71 882//71
f 882//4 936//4 896//4
f 883//71 937//71 938//71
f 883//71 938//71 884//71
f 884//4 938//4 898//4
f 885//25 887//25 888//25
f 885//25 888//25 886//25
f 889//72 901//72 902//72
f 889//72 902//72 890//72
f 890//4 902//4 926//4
f 891//72 903//72 904//72
f 891//72 904//72 892//72
f 892//4 904//4 928//4
f 893//119 919//119 920//119
f 893//119 920//119 894//119
f 894//4 920//4 922//4
f 895//73 896//73 907//73
f 896//73 908//73 907//73
f 896//4 936//4 908//4
f 897//73 898//73 909//73
f 898//73 910//73 909//73
f 898//4 938//4 910//4
f 899//48 900//48 983//48
f 900//4 934//4 958//4
f 900//4 958//4 984//4
f 900//48 984//48 983//48
f 901//74 911//74 912//74
f 901//74 912//74 902//74
f 902//4 912//4 930//4
f 902//4 930//4 926//4
f 903//74 913//74 914//74
f 903//74 914//74 904//74
f 904//4 914//4 932//4
f 904//4 932//4 928//4
f 905//145 989//145 990//145
f 905//145 990//145 906//145
f 906//4 962//4 940//4
f 906//4 990//4 962//4
f 907//75 908//75 915//75
f 908//75 916//75 915//75
f 908//4 936//4 950//4
f 908//4 950//4 916//4
f 909//75 910//75 917//75
f 910//75 918//75 917//75
f 910//4 938//4 952//4
f 910//4 952//4 918//4
f 911//3 929//3 930//3
f 911//3 930//3 912//3
f 913//3 931//3 932//3
f 913//3 932//3 914//3
f 915//5 916//5 949//5
f 916//5 950//5 949//5
f 917//5 918//5 951//5
f 918//5 952//5 951//5
f 919//25 921//25 922//25
f 919//25 922//25 920//25
f 923//146 924//146 939//146
f 923//51 933//51 934//51
f 923//51 934//51 924//51
f 924//146 940//146 939//146
f 925//76 926//76 929//76
f 926//76 930//76 929//76
f 927//76 928//76 931//76
f 928//76 932//76 931//76
f 933//52 957//52 958//52
f 933//52 958//52 934//52
f 935//77 949//77 950//77
f 935//147 950//147 936//147
f 937//77 951//77 952//77
f 937//147 952//147 938//147
f 939//53 940//53 961//53
f 940//53 962//53 961//53
f 941//1 942//1 943//1
f 941//3 1005//3 1006//3
f 941//3 1006//3 942//3
f 942//1 944//1 943//1
f 942//4 964//4 944//4
f 942//4 1006//4 964//4
f 943//22 944//22 963//22
f 944//22 964//22 963//22
f 945//1 946//1 947//1
f 945//23 965//23 966//23
f 945//23 966//23 946//23
f 946//1 948//1 947//1
f 946//4 966//4 948//4
f 947//5 948//5 999//5
f 948//4 966//4 1000//4
f 948//5 1000//5 999//5
f 953//3 955//3 956//3
f 953//3 956//3 954//3
f 955//31 1041//31 1042//31
f 955//31 1042//31 956//31
f 956//4 1042//4 960//4
f 957//54 1001//54 1002//54
f 957//54 1002//54 958//54
f 958//4 1002//4 984//4
f 959//35 960//35 1033//35
f 960//35 1034//35 1033//35
f 960//4 1042//4 1034//4
f 961//55 962//55 1003//55
f 962//4 990//4 1004//4
f 962//148 1004//148 1003//148
f 963//1 964//1 965//1
f 964//1 966//1 965//1
f 964//4 986//4 988//4
f 964//4 988//4 966//4
f 964//4 1006//4 986//4
f 966//4 988//4 1000//4
f 967//1 968//1 969//1
f 967//23 993//23 994//23
f 967//23 994//23 968//23
f 968//1 970//1 969//1
f 968//4 994//4 970//4
f 969//5 970//5 1043//5
f 970//4 994//4 1044//4
f 970//5 1044//5 1043//5
f 971//1 972//1 973//1
f 971//23 997//23 998//23
f 971//23 998//23 972//23
f 972//1 974//1 973//1
f 972//4 998//4 974//4
f 973//5 974//5 1045//5
f 974//4 998//4 1046//4
f 974//5 1046//5 1045//5
f 975//1 976//1 977//1
f 975//3 1051//3 1052//3
f 975//3 1052//3 976//3
f 976//1 978//1 977//1
f 976//4 992//4 978//4
f 976//4 1014//4 992//4
f 976//4 1052//4 1014//4
f 977//80 978//80 991//80
f 978//80 992//80 991//80
f 979//1 980//1 981//1
f 979//3 1055//3 1056//3
f 979//3 1056//3 980//3
f 980//1 982//1 981//1
f 980//4 996//4 982//4
f 980//4 1022//4 996//4
f 980//4 1056//4 1022//4
f 981//80 982//80 995//80
f 982//80 996//80 995//80
f 983//56 984//56 1071//56
f 984//4 1002//4 1072//4
f 984//56 1072//56 1071//56
f 985//24 986//24 1007//24
f 985//25 987//25 988//25
f 985//25 988//25 986//25
f 986//4 1006//4 1008//4
f 986//116 1008//116 1007//116
f 987//115 1131//115 1132//115
f 987//115 1132//115 988//115
f 988//4 1128//4 1000//4
f 988//4 1132//4 1146//4
f 988//4 1146//4 1128//4
f 989//57 1067//57 1068//57
f 989//57 1068//57 990//57
f 990//4 1068//4 1004//4
f 991//1 992//1 993//1
f 992//1 994//1 993//1
f 992//4 1014//4 1016//4
f 992//4 1016//4 1018//4
f 992//4 1018//4 994//4
f 994//4 1018//4 1020//4
f 994//4 1020//4 1044//4
f 995//1 996//1 997//1
f 996//1 998//1 997//1
f 996//4 1022//4 1024//4
f 996//4 1024//4 1026//4
f 996//4 1026//4 998//4
f 998//4 1026//4 1028//4
f 998//4 1028//4 1046//4
f 999//118 1000//118 1127//118
f 1000//118 1128//118 1127//118
f 1001//58 1073//58 1074//58
f 1001//58 1074//58 1002//58
f 1002//4 1074//4 1072//4
f 1003//59 1004//59 1069//59
f 1004//4 1068//4 1070//4
f 1004//59 1070//59 1069//59
f 1005//25 1007//25 1008//25
f 1005//25 1008//25 1006//25
f 1009//1 1010//1 1011//1
f 1009//3 1111//3 1112//3
f 1009//3 1112//3 1010//3
f 1010//1 1012//1 1011//1
f 1010//4 1040//4 1012//4
f 1010//4 1112//4 1040//4
f 1011//40 1012//40 1039//40
f 1012//40 1040//40 1039//40
f 1013//84 1014//84 1053//84
f 1013//25 1015//25 1016//25
f 1013//25 1016//25 1014//25
f 1014//4 1052//4 1054//4
f 1014//84 1054//84 1053//84
f 1015//3 1047//3 1048//3
f 1015//3 1048//3 1016//3
f 1016//4 1036//4 1018//4
f 1016//4 1048//4 1036//4
f 1017//5 1018//5 1035//5
f 1017//25 1019//25 1020//25
f 1017//25 1020//25 1018//25
f 1018//5 1036//5 1035//5
f 1019//3 1029//3 1030//3
f 1019//3 1030//3 1020//3
f 1020//4 1030//4 1044//4
f 1021//37 1022//37 1057//37
f 1021//25 1023//25 1024//25
f 1021//25 1024//25 1022//25
f 1022//4 1056//4 1058//4
f 1022//37 1058//37 1057//37
f 1023//3 1049//3 1050//3
f 1023//3 1050//3 1024//3
f 1024//4 1038//4 1026//4
f 1024//4 1050//4 1038//4
f 1025//5 1026//5 1037//5
f 1025//25 1027//25 1028//25
f 1025//25 1028//25 1026//25
f 1026//5 1038//5 1037//5
f 1027//3 1031//3 1032//3
f 1027//3 1032//3 1028//3
f 1028//4 1032//4 1046//4
f 1029//86 1063//86 1064//86
f 1029//86 1064//86 1030//86
f 1030//4 1064//4 1044//4
f 1031//86 1065//86 1066//86
f 1031//86 1066//86 1032//86
f 1032//4 1066//4 1046//4
f 1033//5 1034//5 1117//5
f 1034//4 1042//4 1076//4
f 1034//4 1076//4 1078//4
f 1034//4 1078//4 1118//4
f 1034//5 1118//5 1117//5
f 1035//149 1036//149 1059//149
f 1036//4 1048//4 1060//4
f 1036//87 1060//87 1059//87
f 1037//87 1038//87 1061//87
f 1038//4 1050//4 1062//4
f 1038//87 1062//87 1061//87
f 1039//1 1040//1 1041//1
f 1040//1 1042//1 1041//1
f 1040//4 1076//4 1042//4
f 1040//4 1112//4 1076//4
f 1043//89 1044//89 1123//89
f 1044//4 1064//4 1124//4
f 1044//89 1124//89 1123//89
f 1045//89 1046//89 1125//89
f 1046//4 1066//4 1126//4
f 1046//89 1126//89 1125//89
f 1047//91 1083//91 1084//91
f 1047//91 1084//91 1048//91
f 1048//4 1084//4 1060//4
f 1049//92 1085//92 1086//92
f 1049//92 1086//92 1050//92
f 1050//4 1086//4 1062//4
f 1051//25 1053//25 1054//25
f 1051//25 1054//25 1052//25
f 1055//25 1057//25 1058//25
f 1055//25 1058//25 1056//25
f 1059//94 1060//94 1079//94
f 1060//94 1080//94 1079//94
f 1060//4 1084//4 1080//4
f 1061//94 1062//94 1081//94
f 1062//94 1082//94 1081//94
f 1062//4 1086//4 1082//4
f 1063//95 1087//95 1088//95
f 1063//95 1088//95 1064//95
f 1064//4 1088//4 1124//4
f 1065//95 1089//95 1090//95
f 1065//95 1090//95 1066//95
f 1066//4 1090//4 1126//4
f 1067//60 1151//60 1152//60
f 1067//60 1152//60 1068//60
f 1068//4 1110//4 1070//4
f 1068//4 1152//4 1110//4
f 1069//61 1070//61 1109//61
f 1070//61 1110//61 1109//61
f 1071//62 1072//62 1149//62
f 1072//4 1074//4 1108//4
f 1072//4 1108//4 1150//4
f 1072//62 1150//62 1149//62
f 1073//64 1107//64 1108//64
f 1073//64 1108//64 1074//64
f 1075//42 1076//42 1113//42
f 1075//25 1077//25 1076//25
f 1076//25 1077//25 1078//25
f 1076//4 1112//4 1114//4
f 1076//42 1114//42 1113//42
f 1077//43 1115//43 1116//43
f 1077//43 1116//43 1078//43
f 1078//4 1116//4 1118//4
f 1079//97 1080//97 1095//97
f 1080//4 1084//4 1120//4
f 1080//97 1096//97 1095//97
f 1080//4 1120//4 1096//4
f 1081//97 1082//97 1097//97
f 1082//4 1086//4 1122//4
f 1082//97 1098//97 1097//97
f 1082//4 1122//4 1098//4
f 1083//99 1119//99 1120//99
f 1083//99 1120//99 1084//99
f 1085//99 1121//99 1122//99
f 1085//99 1122//99 1086//99
f 1087//100 1099//100 1100//100
f 1087//100 1100//100 1088//100
f 1088//4 1100//4 1124//4
f 1089//100 1101//100 1102//100
f 1089//100 1102//100 1090//100
f 1090//4 1102//4 1126//4
f 1091//1 1092//1 1093//1
f 1091//120 1129//120 1130//120
f 1091//120 1130//120 1092//120
f 1092//1 1094//1 1093//1
f 1092//4 1130//4 1094//4
f 1093//5 1094//5 1175//5
f 1094//4 1130//4 1148//4
f 1094//4 1148//4 1176//4
f 1094//5 1176//5 1175//5
f 1095//101 1096//101 1103//101
f 1096//101 1104//101 1103//101
f 1096//4 1120//4 1134//4
f 1096//4 1134//4 1104//4
f 1097//101 1098//101 1105//101
f 1098//101 1106//101 1105//101
f 1098//4 1122//4 1136//4
f 1098//4 1136//4 1106//4
f 1099//102 1103//102 1104//102
f 1099//102 1104//102 1100//102
f 1100//4 1104//4 1140//4
f 1100//4 1140//4 1124//4
f 1101//102 1105//102 1106//102
f 1101//102 1106//102 1102//102
f 1102//4 1106//4 1142//4
f 1102//4 1142//4 1126//4
f 1104//4 1134//4 1140//4
f 1106//4 1136//4 1142//4
f 1107//66 1137//66 1138//66
f 1107//66 1138//66 1108//66
f 1108//4 1138//4 1150//4
f 1109//67 1110//67 1143//67
f 1110//67 1144//67 1143//67
f 1110//4 1152//4 1144//4
f 1111//25 1113//25 1114//25
f 1111//25 1114//25 1112//25
f 1115//25 1117//25 1118//25
f 1115//25 1118//25 1116//25
f 1119//104 1133//104 1134//104
f 1119//104 1134//104 1120//104
f 1121//104 1135//104 1136//104
f 1121//104 1136//104 1122//104
f 1123//105 1124//105 1139//105
f 1124//105 1140//105 1139//105
f 1125//105 1126//105 1141//105
f 1126//105 1142//105 1141//105
f 1127//1 1128//1 1129//1
f 1128//1 1130//1 1129//1
f 1128//4 1146//4 1148//4
f 1128//4 1148//4 1130//4
f 1131//3 1145//3 1146//3
f 1131//3 1146//3 1132//3
f 1133//109 1139//109 1140//109
f 1133//150 1140//150 1134//150
f 1135//109 1141//109 1142//109
f 1135//150 1142//150 1136//150
f 1137//68 1169//68 1170//68
f 1137//68 1170//68 1138//68
f 1138//4 1170//4 1150//4
f 1143//69 1144//69 1171//69
f 1144//4 1152//4 1172//4
f 1144//69 1172//69 1171//69
f 1145//25 1147//25 1148//25
f 1145//25 1148//25 1146//25
f 1147//43 1173//43 1174//43
f 1147//43 1174//43 1148//43
f 1148//4 1174//4 1176//4
f 1149//70 1150//70 1209//70
f 1150//4 1170//4 1210//4
f 1150//70 1210//70 1209//70
f 1151//71 1217//71 1218//71
f 1151//71 1218//71 1152//71
f 1152//4 1218//4 1172//4
f 1153//1 1154//1 1155//1
f 1153//3 1229//3 1230//3
f 1153//3 1230//3 1154//3
f 1154//1 1156//1 1155//1
f 1154//4 1188//4 1156//4
f 1154//4 1230//4 1188//4
f 1155//22 1156//22 1187//22
f 1156//22 1188//22 1187//22
f 1157//1 1158//1 1159//1
f 1157//23 1189//23 1190//23
f 1157//23 1190//23 1158//23
f 1158//1 1160//1 1159//1
f 1158//4 1190//4 1160//4
f 1159//5 1160//5 1221//5
f 1160//4 1190//4 1222//4
f 1160//5 1222//5 1221//5
f 1161//1 1162//1 1163//1
f 1161//3 1233//3 1234//3
f 1161//3 1234//3 1162//3
f 1162//1 1164//1 1163//1
f 1162//4 1192//4 1164//4
f 1162//4 1234//4 1192//4
f 1163//22 1164//22 1191//22
f 1164//22 1192//22 1191//22
f 1165//1 1166//1 1167//1
f 1165//23 1193//23 1194//23
f 1165//23 1194//23 1166//23
f 1166//1 1168//1 1167//1
f 1166//4 1194//4 1168//4
f 1167//5 1168//5 1223//5
f 1168//4 1194//4 1224//4
f 1168//5 1224//5 1223//5
f 1169//72 1177//72 1178//72
f 1169//72 1178//72 1170//72
f 1170//4 1178//4 1210//4
f 1171//73 1172//73 1195//73
f 1172//73 1196//73 1195//73
f 1172//4 1218//4 1196//4
f 1173//25 1175//25 1176//25
f 1173//25 1176//25 1174//25
f 1177//74 1197//74 1198//74
f 1177//74 1198//74 1178//74
f 1178//4 1198//4 1212//4
f 1178//4 1212//4 1210//4
f 1179//1 1180//1 1181//1
f 1179//3 1239//3 1240//3
f 1179//3 1240//3 1180//3
f 1180//1 1182//1 1181//1
f 1180//4 1214//4 1182//4
f 1180//4 1240//4 1214//4
f 1181//22 1182//22 1213//22
f 1182//22 1214//22 1213//22
f 1183//1 1184//1 1185//1
f 1183//23 1215//23 1216//23
f 1183//23 1216//23 1184//23
f 1184//1 1186//1 1185//1
f 1184//4 1216//4 1186//4
f 1185//5 1186//5 1237//5
f 1186//4 1216//4 1238//4
f 1186//5 1238//5 1237//5
f 1187//1 1188//1 1190//1
f 1187//1 1190//1 1189//1
f 1188//4 1202//4 1204//4
f 1188//4 1204//4 1190//4
f 1188//4 1230//4 1202//4
f 1190//4 1204//4 1222//4
f 1191//1 1192//1 1194//1
f 1191//1 1194//1 1193//1
f 1192//4 1206//4 1208//4
f 1192//4 1208//4 1194//4
f 1192//4 1234//4 1206//4
f 1194//4 1208//4 1224//4
f 1195//75 1196//75 1199//75
f 1196//75 1200//75 1199//75
f 1196//4 1218//4 1220//4
f 1196//4 1220//4 1200//4
f 1197//3 1211//3 1212//3
f 1197//3 1212//3 1198//3
f 1199//5 1200//5 1219//5
f 1200//5 1220//5 1219//5
f 1201//24 1202//24 1231//24
f 1201//25 1203//25 1204//25
f 1201//25 1204//25 1202//25
f 1202//4 1230//4 1232//4
f 1202//24 1232//24 1231//24
f 1203//115 1287//115 1288//115
f 1203//115 1288//115 1204//115
f 1204//4 1280//4 1222//4
f 1204//4 1288//4 1302//4
f 1204//4 1302//4 1280//4
f 1205//116 1206//116 1235//116
f 1205//25 1207//25 1208//25
f 1205//25 1208//25 1206//25
f 1206//4 1234//4 1236//4
f 1206//116 1236//116 1235//116
f 1207//115 1289//115 1290//115
f 1207//115 1290//115 1208//115
f 1208//4 1284//4 1224//4
f 1208//4 1290//4 1306//4
f 1208//4 1306//4 1284//4
f 1209//76 1210//76 1211//76
f 1210//76 1212//76 1211//76
f 1213//1 1214//1 1215//1
f 1214//1 1216//1 1215//1
f 1214//4 1226//4 1228//4
f 1214//4 1228//4 1216//4
f 1214//4 1240//4 1226//4
f 1216//4 1228//4 1238//4
f 1217//77 1219//77 1220//77
f 1217//77 1220//77 1218//77
f 1221//118 1222//118 1279//118
f 1222//118 1280//118 1279//118
f 1223//118 1224//118 1283//118
f 1224//118 1284//118 1283//118
f 1225//116 1226//116 1241//116
f 1225//25 1227//25 1228//25
f 1225//25 1228//25 1226//25
f 1226//4 1240//4 1242//4
f 1226//24 1242//24 1241//24
f 1227//115 1317//115 1318//115
f 1227//115 1318//115 1228//115
f 1228//4 1314//4 1238//4
f 1228//4 1318//4 1322//4
f 1228//4 1322//4 1314//4
f 1229//25 1231//25 1232//25
f 1229//25 1232//25 1230//25
f 1233//25 1235//25 1236//25
f 1233//25 1236//25 1234//25
f 1237//118 1238//118 1313//118
f 1238//118 1314//118 1313//118
f 1239//25 1241//25 1242//25
f 1239//25 1242//25 1240//25
f 1243//5 1244//5 1251//5
f 1243//151 1245//151 1244//151
f 1244//151 1245//151 1246//151
f 1244//4 1246//4 1264//4
f 1244//5 1252//5 1251//5
f 1244//4 1264//4 1252//4
f 1245//152 1271//152 1272//152
f 1245//152 1272//152 1246//152
f 1246//4 1270//4 1264//4
f 1246//4 1272//4 1270//4
f 1247//1 1248//1 1249//1
f 1247//3 1261//3 1262//3
f 1247//3 1262//3 1248//3
f 1248//1 1250//1 1249//1
f 1248//4 1262//4 1268//4
f 1248//4 1268//4 1250//4
f 1249//153 1250//153 1265//153
f 1250//153 1266//153 1265//153
f 1250//4 1268//4 1266//4
f 1251//154 1252//154 1263//154
f 1252//154 1264//154 1263//154
f 1253//1 1254//1 1255//1
f 1253//120 1281//120 1282//120
f 1253//120 1282//120 1254//120
f 1254//1 1256//1 1255//1
f 1254//4 1282//4 1256//4
f 1255//5 1256//5 1327//5
f 1256//4 1282//4 1304//4
f 1256//4 1304//4 1328//4
f 1256//5 1328//5 1327//5
f 1257//1 1258//1 1259//1
f 1257//120 1285//120 1286//120
f 1257//120 1286//120 1258//120
f 1258//1 1260//1 1259//1
f 1258//4 1286//4 1260//4
f 1259//5 1260//5 1331//5
f 1260//4 1286//4 1308//4
f 1260//4 1308//4 1332//4
f 1260//5 1332//5 1331//5
f 1261//155 1267//155 1268//155
f 1261//155 1268//155 1262//155
f 1263//156 1264//156 1269//156
f 1264//156 1270//156 1269//156
f 1265//157 1266//157 1291//157
f 1266//4 1268//4 1274//4
f 1266//4 1274//4 1292//4
f 1266//157 1292//157 1291//157
f 1267//158 1273//158 1274//158
f 1267//158 1274//158 1268//158
f 1269//159 1270//159 1293//159
f 1270//4 1272//4 1294//4
f 1270//159 1294//159 1293//159
f 1271//160 1339//160 1340//160
f 1271//160 1340//160 1272//160
f 1272//4 1312//4 1294//4
f 1272//4 1340//4 1312//4
f 1273//161 1299//161 1300//161
f 1273//161 1300//161 1274//161
f 1274//4 1300//4 1292//4
f 1275//1 1276//1 1277//1
f 1275//120 1315//120 1316//120
f 1275//120 1316//120 1276//120
f 1276//1 1278//1 1277//1
f 1276//4 1316//4 1278//4
f 1277//5 1278//5 1347//5
f 1278//4 1316//4 1324//4
f 1278//4 1324//4 1348//4
f 1278//5 1348//5 1347//5
f 1279//1 1280//1 1281//1
f 1280//1 1282//1 1281//1
f 1280//4 1302//4 1304//4
f 1280//4 1304//4 1282//4
f 1283//1 1284//1 1285//1
f 1284//1 1286//1 1285//1
f 1284//4 1306//4 1308//4
f 1284//4 1308//4 1286//4
f 1287//3 1301//3 1302//3
f 1287//3 1302//3 1288//3
f 1289//3 1305//3 1306//3
f 1289//3 1306//3 1290//3
f 1291//162 1292//162 1309//162
f 1292//4 1300//4 1310//4
f 1292//162 1310//162 1309//162
f 1293//163 1294//163 1311//163
f 1294//163 1312//163 1311//163
f 1295//1 1296//1 1297//1
f 1295//164 1341//164 1342//164
f 1295//164 1342//164 1296//164
f 1296//1 1298//1 1297//1
f 1296//4 1342//4 1298//4
f 1297//165 1298//165 1343//165
f 1298//4 1342//4 1344//4
f 1298//165 1344//165 1343//165
f 1299//166 1319//166 1320//166
f 1299//167 1320//167 1300//167
f 1300//4 1320//4 1310//4
f 1301//25 1303//25 1304//25
f 1301//25 1304//25 1302//25
f 1303//43 1325//43 1326//43
f 1303//43 1326//43 1304//43
f 1304//4 1326//4 1328//4
f 1305//25 1307//25 1308//25
f 1305//25 1308//25 1306//25
f 1307//43 1329//43 1330//43
f 1307//43 1330//43 1308//43
f 1308//4 1330//4 1332//4
f 1309//168 1310//168 1337//168
f 1310//4 1320//4 1338//4
f 1310//168 1338//168 1337//168
f 1311//169 1312//169 1333//169
f 1312//169 1334//169 1333//169
f 1312//4 1340//4 1334//4
f 1313//1 1314//1 1315//1
f 1314//1 1316//1 1315//1
f 1314//4 1322//4 1324//4
f 1314//4 1324//4 1316//4
f 1317//3 1321//3 1322//3
f 1317//3 1322//3 1318//3
f 1319//170 1335//170 1336//170
f 1319//170 1336//170 1320//170
f 1320//4 1336//4 1338//4
f 1321//25 1323//25 1324//25
f 1321//25 1324//25 1322//25
f 1323//43 1345//43 1346//43
f 1323//43 1346//43 1324//43
f 1324//4 1346//4 1348//4
f 1325//25 1327//25 1328//25
f 1325//25 1328//25 1326//25
f 1329//25 1331//25 1332//25
f 1329//25 1332//25 1330//25
f 1333//171 1334//171 1353//171
f 1334//4 1340//4 1354//4
f 1334//171 1354//171 1353//171
f 1335//172 1349//172 1350//172
f 1335//172 1350//172 1336//172
f 1336//4 1350//4 1338//4
f 1337//173 1338//173 1401//173
f 1338//4 1350//4 1402//4
f 1338//173 1402//173 1401//173
f 1339//174 1371//174 1372//174
f 1339//174 1372//174 1340//174
f 1340//4 1372//4 1354//4
f 1341//175 1357//175 1358//175
f 1341//175 1358//175 1342//175
f 1342//4 1352//4 1344//4
f 1342//4 1356//4 1352//4
f 1342//4 1358//4 1356//4
f 1343//176 1344//176 1351//176
f 1344//176 1352//176 1351//176
f 1345//25 1347//25 1348//25
f 1345//25 1348//25 1346//25
f 1349//177 1367//177 1368//177
f 1349//177 1368//177 1350//177
f 1350//4 1368//4 1402//4
f 1351//178 1352//178 1369//178
f 1352//4 1356//4 1388//4
f 1352//178 1370//178 1369//178
f 1352//4 1388//4 1370//4
f 1353//179 1354//179 1377//179
f 1354//4 1372//4 1378//4
f 1354//179 1378//179 1377//179
f 1355//180 1356//180 1393//180
f 1355//181 1387//181 1388//181
f 1355//181 1388//181 1356//181
f 1356//4 1358//4 1394//4
f 1356//180 1394//180 1393//180
f 1357//182 1379//182 1380//182
f 1357//182 1380//182 1358//182
f 1358//4 1380//4 1394//4
f 1359//1 1360//1 1361//1
f 1359//3 1409//3 1410//3
f 1359//3 1410//3 1360//3
f 1360//1 1362//1 1361//1
f 1360//4 1384//4 1362//4
f 1360//4 1410//4 1384//4
f 1361//22 1362//22 1383//22
f 1362//22 1384//22 1383//22
f 1363//1 1364//1 1365//1
f 1363//23 1385//23 1386//23
f 1363//23 1386//23 1364//23
f 1364//1 1366//1 1365//1
f 1364//4 1386//4 1366//4
f 1365//5 1366//5 1407//5
f 1366//4 1386//4 1408//4
f 1366//5 1408//5 1407//5
f 1367//183 1373//183 1374//183
f 1367//183 1374//183 1368//183
f 1368//4 1374//4 1402//4
f 1369//184 1370//184 1375//184
f 1370//184 1376//184 1375//184
f 1370//4 1388//4 1404//4
f 1370//4 1404//4 1376//4
f 1371//185 1405//185 1406//185
f 1371//185 1406//185 1372//185
f 1372//4 1406//4 1378//4
f 1373//186 1381//186 1382//186
f 1373//186 1382//186 1374//186
f 1374//4 1382//4 1418//4
f 1374//4 1418//4 1402//4
f 1375//187 1376//187 1381//187
f 1376//187 1382//187 1381//187
f 1376//4 1404//4 1416//4
f 1376//4 1416//4 1382//4
f 1377//188 1378//188 1389//188
f 1378//188 1390//188 1389//188
f 1378//4 1406//4 1390//4
f 1379//189 1391//189 1392//189
f 1379//189 1392//189 1380//189
f 1380//4 1392//4 1414//4
f 1380//4 1414//4 1394//4
f 1382//4 1416//4 1418//4
f 1383//1 1384//1 1385//1
f 1384//1 1386//1 1385//1
f 1384//4 1396//4 1398//4
f 1384//4 1398//4 1386//4
f 1384//4 1410//4 1396//4
f 1386//4 1398//4 1408//4
f 1387//190 1403//190 1404//190
f 1387//190 1404//190 1388//190
f 1389//191 1390//191 1399//191
f 1390//191 1400//191 1399//191
f 1390//4 1406//4 1420//4
f 1390//4 1420//4 1400//4
f 1391//192 1399//192 1400//192
f 1391//192 1400//192 1392//192
f 1392//4 1400//4 1422//4
f 1392//4 1422//4 1414//4
f 1393//193 1394//193 1413//193
f 1394//193 1414//193 1413//193
f 1395//116 1396//116 1411//116
f 1395//25 1397//25 1398//25
f 1395//25 1398//25 1396//25
f 1396//4 1410//4 1412//4
f 1396//116 1412//116 1411//116
f 1397//115 1441//115 1442//115
f 1397//115 1442//115 1398//115
f 1398//4 1438//4 1408//4
f 1398//4 1442//4 1450//4
f 1398//4 1450//4 1438//4
f 1400//4 1420//4 1424//4
f 1400//4 1424//4 1422//4
f 1401//194 1402//194 1417//194
f 1402//194 1418//194 1417//194
f 1403//195 1415//195 1416//195
f 1403//195 1416//195 1404//195
f 1405//196 1419//196 1420//196
f 1405//196 1420//196 1406//196
f 1407//118 1408//118 1437//118
f 1408//118 1438//118 1437//118
f 1409//25 1411//25 1412//25
f 1409//25 1412//25 1410//25
f 1413//197 1414//197 1421//197
f 1414//197 1422//197 1421//197
f 1415//198 1417//198 1418//198
f 1415//198 1418//198 1416//198
f 1419//199 1423//199 1424//199
f 1419//199 1424//199 1420//199
f 1421//200 1422//200 1423//200
f 1422//200 1424//200 1423//200
f 1425//1 1426//1 1427//1
f 1425//120 1439//120 1440//120
f 1425//120 1440//120 1426//120
f 1426//1 1428//1 1427//1
f 1426//4 1440//4 1428//4
f 1427//5 1428//5 1465//5
f 1428//4 1440//4 1452//4
f 1428//4 1452//4 1466//4
f 1428//5 1466//5 1465//5
f 1429//1 1430//1 1431//1
f 1429//3 1511//3 1512//3
f 1429//3 1512//3 1430//3
f 1430//1 1432//1 1431//1
f 1430//4 1446//4 1432//4
f 1430//4 1512//4 1446//4
f 1431//201 1432//201 1453//201
f 1432//4 1446//4 1454//4
f 1432//201 1454//201 1453//201
f 1433//1 1434//1 1435//1
f 1433//3 1443//3 1444//3
f 1433//3 1444//3 1434//3
f 1434//1 1436//1 1435//1
f 1434//4 1444//4 1448//4
f 1434//4 1448//4 1436//4
f 1435//202 1436//202 1457//202
f 1436//4 1448//4 1456//4
f 1436//4 1456//4 1458//4
f 1436//202 1458//202 1457//202
f 1437//1 1438//1 1439//1
f 1438//1 1440//1 1439//1
f 1438//4 1450//4 1452//4
f 1438//4 1452//4 1440//4
f 1441//3 1449//3 1450//3
f 1441//3 1450//3 1442//3
f 1443//203 1447//203 1448//203
f 1443//203 1448//203 1444//203
f 1445//5 1446//5 1513//5
f 1445//204 1459//204 1460//204
f 1445//204 1460//204 1446//204
f 1446//4 1460//4 1454//4
f 1446//4 1512//4 1514//4
f 1446//5 1514//5 1513//5
f 1447//205 1455//205 1456//205
f 1447//205 1456//205 1448//205
f 1449//25 1451//25 1452//25
f 1449//25 1452//25 1450//25
f 1451//43 1463//43 1464//43
f 1451//43 1464//43 1452//43
f 1452//4 1464//4 1466//4
f 1453//206 1454//206 1471//206
f 1454//4 1460//4 1470//4
f 1454//4 1470//4 1472//4
f 1454//206 1472//206 1471//206
f 1455//207 1461//207 1462//207
f 1455//207 1462//207 1456//207
f 1456//4 1462//4 1458//4
f 1457//208 1458//208 1475//208
f 1458//4 1462//4 1468//4
f 1458//4 1468//4 1476//4
f 1458//209 1476//209 1475//209
f 1459//210 1469//210 1470//210
f 1459//210 1470//210 1460//210
f 1461//211 1467//211 1468//211
f 1461//211 1468//211 1462//211
f 1463//25 1465//25 1466//25
f 1463//25 1466//25 1464//25
f 1467//212 1473//212 1474//212
f 1467//212 1474//212 1468//212
f 1468//4 1474//4 1476//4
f 1469//213 1481//213 1482//213
f 1469//213 1482//213 1470//213
f 1470//4 1482//4 1472//4
f 1471//214 1472//214 1477//214
f 1472//215 1478//215 1477//215
f 1472//4 1482//4 1478//4
f 1473//216 1479//216 1480//216
f 1473//216 1480//216 1474//216
f 1474//4 1480//4 1476//4
f 1475//217 1476//217 1485//217
f 1476//4 1480//4 1486//4
f 1476//217 1486//217 1485//217
f 1477//218 1478//218 1483//218
f 1478//4 1482//4 1498//4
f 1478//218 1484//218 1483//218
f 1478//4 1498//4 1484//4
f 1479//219 1487//219 1488//219
f 1479//219 1488//219 1480//219
f 1480//4 1488//4 1486//4
f 1481//220 1497//220 1498//220
f 1481//220 1498//220 1482//220
f 1483//221 1484//221 1489//221
f 1484//222 1490//222 1489//222
f 1484//4 1498//4 1502//4
f 1484//4 1502//4 1490//4
f 1485//223 1486//223 1499//223
f 1486//4 1488//4 1500//4
f 1486//223 1500//223 1499//223
f 1487//224 1491//224 1492//224
f 1487//224 1492//224 1488//224
f 1488//4 1492//4 1500//4
f 1489//225 1490//225 1493//225
f 1490//225 1494//225 1493//225
f 1490//4 1502//4 1504//4
f 1490//4 1504//4 1494//4
f 1491//226 1495//226 1496//226
f 1491//227 1496//227 1492//227
f 1492//4 1496//4 1506//4
f 1492//4 1506//4 1500//4
f 1493//228 1494//228 1495//228
f 1494//228 1496//228 1495//228
f 1494//4 1504//4 1508//4
f 1494//4 1508//4 1496//4
f 1496//4 1508//4 1510//4
f 1496//4 1510//4 1506//4
f 1497//229 1501//229 1502//229
f 1497//229 1502//229 1498//229
f 1499//230 1500//230 1505//230
f 1500//230 1506//230 1505//230
f 1501//231 1503//231 1504//231
f 1501//231 1504//231 1502//231
f 1503//232 1507//232 1508//232
f 1503//232 1508//232 1504//232
f 1505//233 1506//233 1509//233
f 1506//233 1510//233 1509//233
f 1507//234 1509//234 1510//234
f 1507//234 1510//234 1508//234
f 1511//25 1513//25 1514//25
f 1511//25 1514//25 1512//25
