# Blender 5.0.1
# www.blender.org
mtllib TQFP100.mtl
o OpenSCAD_Model
v 0.000000 0.000000 -0.001865
v 0.000000 0.000200 -0.001865
v 0.000000 0.000000 -0.002135
v 0.000000 0.000200 -0.002135
v 0.000000 0.000000 -0.002365
v 0.000000 0.000200 -0.002365
v 0.000000 0.000000 -0.002635
v 0.000000 0.000200 -0.002635
v 0.000000 0.000000 -0.002865
v 0.000000 0.000200 -0.002865
v 0.000000 0.000000 -0.003135
v 0.000000 0.000200 -0.003135
v 0.000000 0.000000 -0.003365
v 0.000000 0.000200 -0.003365
v 0.000000 0.000000 -0.003635
v 0.000000 0.000200 -0.003635
v 0.000000 0.000000 -0.003865
v 0.000000 0.000200 -0.003865
v 0.000000 0.000000 -0.004135
v 0.000000 0.000200 -0.004135
v 0.000000 0.000000 -0.004365
v 0.000000 0.000200 -0.004365
v 0.000000 0.000000 -0.004635
v 0.000000 0.000200 -0.004635
v 0.000000 0.000000 -0.004865
v 0.000000 0.000200 -0.004865
v 0.000000 0.000000 -0.005135
v 0.000000 0.000200 -0.005135
v 0.000000 0.000000 -0.005365
v 0.000000 0.000200 -0.005365
v 0.000000 0.000000 -0.005635
v 0.000000 0.000200 -0.005635
v 0.000000 0.000000 -0.005865
v 0.000000 0.000200 -0.005865
v 0.000000 0.000000 -0.006135
v 0.000000 0.000200 -0.006135
v 0.000000 0.000000 -0.006365
v 0.000000 0.000200 -0.006365
v 0.000000 0.000000 -0.006635
v 0.000000 0.000200 -0.006635
v 0.000000 0.000000 -0.006865
v 0.000000 0.000200 -0.006865
v 0.000000 0.000000 -0.007135
v 0.000000 0.000200 -0.007135
v 0.000000 0.000000 -0.007365
v 0.000000 0.000200 -0.007365
v 0.000000 0.000000 -0.007635
v 0.000000 0.000200 -0.007635
v 0.000000 0.000000 -0.007865
v 0.000000 0.000200 -0.007865
v 0.000000 0.000000 -0.008135
v 0.000000 0.000200 -0.008135
v 0.000000 0.000000 -0.008365
v 0.000000 0.000200 -0.008365
v 0.000000 0.000000 -0.008635
v 0.000000 0.000200 -0.008635
v 0.000000 0.000000 -0.008865
v 0.000000 0.000200 -0.008865
v 0.000000 0.000000 -0.009135
v 0.000000 0.000200 -0.009135
v 0.000000 0.000000 -0.009365
v 0.000000 0.000200 -0.009365
v 0.000000 0.000000 -0.009635
v 0.000000 0.000200 -0.009635
v 0.000000 0.000000 -0.009865
v 0.000000 0.000200 -0.009865
v 0.000000 0.000000 -0.010135
v 0.000000 0.000200 -0.010135
v 0.000000 0.000000 -0.010365
v 0.000000 0.000200 -0.010365
v 0.000000 0.000000 -0.010635
v 0.000000 0.000200 -0.010635
v 0.000000 0.000000 -0.010865
v 0.000000 0.000200 -0.010865
v 0.000000 0.000000 -0.011135
v 0.000000 0.000200 -0.011135
v 0.000000 0.000000 -0.011365
v 0.000000 0.000200 -0.011365
v 0.000000 0.000000 -0.011635
v 0.000000 0.000200 -0.011635
v 0.000000 0.000000 -0.011865
v 0.000000 0.000200 -0.011865
v 0.000000 0.000000 -0.012135
v 0.000000 0.000200 -0.012135
v 0.000000 0.000000 -0.012365
v 0.000000 0.000200 -0.012365
v 0.000000 0.000000 -0.012635
v 0.000000 0.000200 -0.012635
v 0.000000 0.000000 -0.012865
v 0.000000 0.000200 -0.012865
v 0.000000 0.000000 -0.013135
v 0.000000 0.000200 -0.013135
v 0.000000 0.000000 -0.013365
v 0.000000 0.000200 -0.013365
v 0.000000 0.000000 -0.013635
v 0.000000 0.000200 -0.013635
v 0.000000 0.000000 -0.013865
v 0.000000 0.000200 -0.013865
v 0.000000 0.000000 -0.014135
v 0.000000 0.000200 -0.014135
v 0.000750 0.000200 -0.001865
v 0.000750 0.000600 -0.001865
v 0.000750 0.000200 -0.002135
v 0.000750 0.000600 -0.002135
v 0.000750 0.000200 -0.002365
v 0.000750 0.000600 -0.002365
v 0.000750 0.000200 -0.002635
v 0.000750 0.000600 -0.002635
v 0.000750 0.000200 -0.002865
v 0.000750 0.000600 -0.002865
v 0.000750 0.000200 -0.003135
v 0.000750 0.000600 -0.003135
v 0.000750 0.000200 -0.003365
v 0.000750 0.000600 -0.003365
v 0.000750 0.000200 -0.003635
v 0.000750 0.000600 -0.003635
v 0.000750 0.000200 -0.003865
v 0.000750 0.000600 -0.003865
v 0.000750 0.000200 -0.004135
v 0.000750 0.000600 -0.004135
v 0.000750 0.000200 -0.004365
v 0.000750 0.000600 -0.004365
v 0.000750 0.000200 -0.004635
v 0.000750 0.000600 -0.004635
v 0.000750 0.000200 -0.004865
v 0.000750 0.000600 -0.004865
v 0.000750 0.000200 -0.005135
v 0.000750 0.000600 -0.005135
v 0.000750 0.000200 -0.005365
v 0.000750 0.000600 -0.005365
v 0.000750 0.000200 -0.005635
v 0.000750 0.000600 -0.005635
v 0.000750 0.000200 -0.005865
v 0.000750 0.000600 -0.005865
v 0.000750 0.000200 -0.006135
v 0.000750 0.000600 -0.006135
v 0.000750 0.000200 -0.006365
v 0.000750 0.000600 -0.006365
v 0.000750 0.000200 -0.006635
v 0.000750 0.000600 -0.006635
v 0.000750 0.000200 -0.006865
v 0.000750 0.000600 -0.006865
v 0.000750 0.000200 -0.007135
v 0.000750 0.000600 -0.007135
v 0.000750 0.000200 -0.007365
v 0.000750 0.000600 -0.007365
v 0.000750 0.000200 -0.007635
v 0.000750 0.000600 -0.007635
v 0.000750 0.000200 -0.007865
v 0.000750 0.000600 -0.007865
v 0.000750 0.000200 -0.008135
v 0.000750 0.000600 -0.008135
v 0.000750 0.000200 -0.008365
v 0.000750 0.000600 -0.008365
v 0.000750 0.000200 -0.008635
v 0.000750 0.000600 -0.008635
v 0.000750 0.000200 -0.008865
v 0.000750 0.000600 -0.008865
v 0.000750 0.000200 -0.009135
v 0.000750 0.000600 -0.009135
v 0.000750 0.000200 -0.009365
v 0.000750 0.000600 -0.009365
v 0.000750 0.000200 -0.009635
v 0.000750 0.000600 -0.009635
v 0.000750 0.000200 -0.009865
v 0.000750 0.000600 -0.009865
v 0.000750 0.000200 -0.010135
v 0.000750 0.000600 -0.010135
v 0.000750 0.000200 -0.010365
v 0.000750 0.000600 -0.010365
v 0.000750 0.000200 -0.010635
v 0.000750 0.000600 -0.010635
v 0.000750 0.000200 -0.010865
v 0.000750 0.000600 -0.010865
v 0.000750 0.000200 -0.011135
v 0.000750 0.000600 -0.011135
v 0.000750 0.000200 -0.011365
v 0.000750 0.000600 -0.011365
v 0.000750 0.000200 -0.011635
v 0.000750 0.000600 -0.011635
v 0.000750 0.000200 -0.011865
v 0.000750 0.000600 -0.011865
v 0.000750 0.000200 -0.012135
v 0.000750 0.000600 -0.012135
v 0.000750 0.000200 -0.012365
v 0.000750 0.000600 -0.012365
v 0.000750 0.000200 -0.012635
v 0.000750 0.000600 -0.012635
v 0.000750 0.000200 -0.012865
v 0.000750 0.000600 -0.012865
v 0.000750 0.000200 -0.013135
v 0.000750 0.000600 -0.013135
v 0.000750 0.000200 -0.013365
v 0.000750 0.000600 -0.013365
v 0.000750 0.000200 -0.013635
v 0.000750 0.000600 -0.013635
v 0.000750 0.000200 -0.013865
v 0.000750 0.000600 -0.013865
v 0.000750 0.000200 -0.014135
v 0.000750 0.000600 -0.014135
v 0.001000 0.000150 -0.001000
v 0.001000 0.001200 -0.001000
v 0.001000 0.000000 -0.001865
v 0.001000 0.000150 -0.001865
v 0.001000 0.000600 -0.001865
v 0.001000 0.000000 -0.002135
v 0.001000 0.000150 -0.002135
v 0.001000 0.000600 -0.002135
v 0.001000 0.000000 -0.002365
v 0.001000 0.000150 -0.002365
v 0.001000 0.000600 -0.002365
v 0.001000 0.000000 -0.002635
v 0.001000 0.000150 -0.002635
v 0.001000 0.000600 -0.002635
v 0.001000 0.000000 -0.002865
v 0.001000 0.000150 -0.002865
v 0.001000 0.000600 -0.002865
v 0.001000 0.000000 -0.003135
v 0.001000 0.000150 -0.003135
v 0.001000 0.000600 -0.003135
v 0.001000 0.000000 -0.003365
v 0.001000 0.000150 -0.003365
v 0.001000 0.000600 -0.003365
v 0.001000 0.000000 -0.003635
v 0.001000 0.000150 -0.003635
v 0.001000 0.000600 -0.003635
v 0.001000 0.000000 -0.003865
v 0.001000 0.000150 -0.003865
v 0.001000 0.000600 -0.003865
v 0.001000 0.000000 -0.004135
v 0.001000 0.000150 -0.004135
v 0.001000 0.000600 -0.004135
v 0.001000 0.000000 -0.004365
v 0.001000 0.000150 -0.004365
v 0.001000 0.000600 -0.004365
v 0.001000 0.000000 -0.004635
v 0.001000 0.000150 -0.004635
v 0.001000 0.000600 -0.004635
v 0.001000 0.000000 -0.004865
v 0.001000 0.000150 -0.004865
v 0.001000 0.000600 -0.004865
v 0.001000 0.000000 -0.005135
v 0.001000 0.000150 -0.005135
v 0.001000 0.000600 -0.005135
v 0.001000 0.000000 -0.005365
v 0.001000 0.000150 -0.005365
v 0.001000 0.000600 -0.005365
v 0.001000 0.000000 -0.005635
v 0.001000 0.000150 -0.005635
v 0.001000 0.000600 -0.005635
v 0.001000 0.000000 -0.005865
v 0.001000 0.000150 -0.005865
v 0.001000 0.000600 -0.005865
v 0.001000 0.000000 -0.006135
v 0.001000 0.000150 -0.006135
v 0.001000 0.000600 -0.006135
v 0.001000 0.000000 -0.006365
v 0.001000 0.000150 -0.006365
v 0.001000 0.000600 -0.006365
v 0.001000 0.000000 -0.006635
v 0.001000 0.000150 -0.006635
v 0.001000 0.000600 -0.006635
v 0.001000 0.000000 -0.006865
v 0.001000 0.000150 -0.006865
v 0.001000 0.000600 -0.006865
v 0.001000 0.000000 -0.007135
v 0.001000 0.000150 -0.007135
v 0.001000 0.000600 -0.007135
v 0.001000 0.000000 -0.007365
v 0.001000 0.000150 -0.007365
v 0.001000 0.000600 -0.007365
v 0.001000 0.000000 -0.007635
v 0.001000 0.000150 -0.007635
v 0.001000 0.000600 -0.007635
v 0.001000 0.000000 -0.007865
v 0.001000 0.000150 -0.007865
v 0.001000 0.000600 -0.007865
v 0.001000 0.000000 -0.008135
v 0.001000 0.000150 -0.008135
v 0.001000 0.000600 -0.008135
v 0.001000 0.000000 -0.008365
v 0.001000 0.000150 -0.008365
v 0.001000 0.000600 -0.008365
v 0.001000 0.000000 -0.008635
v 0.001000 0.000150 -0.008635
v 0.001000 0.000600 -0.008635
v 0.001000 0.000000 -0.008865
v 0.001000 0.000150 -0.008865
v 0.001000 0.000600 -0.008865
v 0.001000 0.000000 -0.009135
v 0.001000 0.000150 -0.009135
v 0.001000 0.000600 -0.009135
v 0.001000 0.000000 -0.009365
v 0.001000 0.000150 -0.009365
v 0.001000 0.000600 -0.009365
v 0.001000 0.000000 -0.009635
v 0.001000 0.000150 -0.009635
v 0.001000 0.000600 -0.009635
v 0.001000 0.000000 -0.009865
v 0.001000 0.000150 -0.009865
v 0.001000 0.000600 -0.009865
v 0.001000 0.000000 -0.010135
v 0.001000 0.000150 -0.010135
v 0.001000 0.000600 -0.010135
v 0.001000 0.000000 -0.010365
v 0.001000 0.000150 -0.010365
v 0.001000 0.000600 -0.010365
v 0.001000 0.000000 -0.010635
v 0.001000 0.000150 -0.010635
v 0.001000 0.000600 -0.010635
v 0.001000 0.000000 -0.010865
v 0.001000 0.000150 -0.010865
v 0.001000 0.000600 -0.010865
v 0.001000 0.000000 -0.011135
v 0.001000 0.000150 -0.011135
v 0.001000 0.000600 -0.011135
v 0.001000 0.000000 -0.011365
v 0.001000 0.000150 -0.011365
v 0.001000 0.000600 -0.011365
v 0.001000 0.000000 -0.011635
v 0.001000 0.000150 -0.011635
v 0.001000 0.000600 -0.011635
v 0.001000 0.000000 -0.011865
v 0.001000 0.000150 -0.011865
v 0.001000 0.000600 -0.011865
v 0.001000 0.000000 -0.012135
v 0.001000 0.000150 -0.012135
v 0.001000 0.000600 -0.012135
v 0.001000 0.000000 -0.012365
v 0.001000 0.000150 -0.012365
v 0.001000 0.000600 -0.012365
v 0.001000 0.000000 -0.012635
v 0.001000 0.000150 -0.012635
v 0.001000 0.000600 -0.012635
v 0.001000 0.000000 -0.012865
v 0.001000 0.000150 -0.012865
v 0.001000 0.000600 -0.012865
v 0.001000 0.000000 -0.013135
v 0.001000 0.000150 -0.013135
v 0.001000 0.000600 -0.013135
v 0.001000 0.000000 -0.013365
v 0.001000 0.000150 -0.013365
v 0.001000 0.000600 -0.013365
v 0.001000 0.000000 -0.013635
v 0.001000 0.000150 -0.013635
v 0.001000 0.000600 -0.013635
v 0.001000 0.000000 -0.013865
v 0.001000 0.000150 -0.013865
v 0.001000 0.000600 -0.013865
v 0.001000 0.000000 -0.014135
v 0.001000 0.000150 -0.014135
v 0.001000 0.000600 -0.014135
v 0.001000 0.000150 -0.015000
v 0.001000 0.001200 -0.015000
v 0.001250 0.001200 -0.001500
v 0.001250 0.001300 -0.001500
v 0.001251 0.001200 -0.001475
v 0.001251 0.001300 -0.001475
v 0.001251 0.001200 -0.001525
v 0.001251 0.001300 -0.001525
v 0.001255 0.001200 -0.001451
v 0.001255 0.001300 -0.001451
v 0.001255 0.001200 -0.001549
v 0.001255 0.001300 -0.001549
v 0.001261 0.001200 -0.001427
v 0.001261 0.001300 -0.001427
v 0.001261 0.001200 -0.001573
v 0.001261 0.001300 -0.001573
v 0.001269 0.001200 -0.001404
v 0.001269 0.001300 -0.001404
v 0.001269 0.001200 -0.001596
v 0.001269 0.001300 -0.001596
v 0.001280 0.001200 -0.001382
v 0.001280 0.001300 -0.001382
v 0.001280 0.001200 -0.001618
v 0.001280 0.001300 -0.001618
v 0.001292 0.001200 -0.001361
v 0.001292 0.001300 -0.001361
v 0.001292 0.001200 -0.001639
v 0.001292 0.001300 -0.001639
v 0.001307 0.001200 -0.001341
v 0.001307 0.001300 -0.001341
v 0.001307 0.001200 -0.001659
v 0.001307 0.001300 -0.001659
v 0.001323 0.001200 -0.001323
v 0.001323 0.001300 -0.001323
v 0.001323 0.001200 -0.001677
v 0.001323 0.001300 -0.001677
v 0.001341 0.001200 -0.001307
v 0.001341 0.001300 -0.001307
v 0.001341 0.001200 -0.001693
v 0.001341 0.001300 -0.001693
v 0.001361 0.001200 -0.001292
v 0.001361 0.001300 -0.001292
v 0.001361 0.001200 -0.001708
v 0.001361 0.001300 -0.001708
v 0.001382 0.001200 -0.001280
v 0.001382 0.001300 -0.001280
v 0.001382 0.001200 -0.001720
v 0.001382 0.001300 -0.001720
v 0.001404 0.001200 -0.001269
v 0.001404 0.001300 -0.001269
v 0.001404 0.001200 -0.001731
v 0.001404 0.001300 -0.001731
v 0.001427 0.001200 -0.001261
v 0.001427 0.001300 -0.001261
v 0.001427 0.001200 -0.001739
v 0.001427 0.001300 -0.001739
v 0.001451 0.001200 -0.001255
v 0.001451 0.001300 -0.001255
v 0.001451 0.001200 -0.001745
v 0.001451 0.001300 -0.001745
v 0.001475 0.001200 -0.001251
v 0.001475 0.001300 -0.001251
v 0.001475 0.001200 -0.001749
v 0.001475 0.001300 -0.001749
v 0.001500 0.001200 -0.001250
v 0.001500 0.001300 -0.001250
v 0.001500 0.001200 -0.001750
v 0.001500 0.001300 -0.001750
v 0.001525 0.001200 -0.001251
v 0.001525 0.001300 -0.001251
v 0.001525 0.001200 -0.001749
v 0.001525 0.001300 -0.001749
v 0.001549 0.001200 -0.001255
v 0.001549 0.001300 -0.001255
v 0.001549 0.001200 -0.001745
v 0.001549 0.001300 -0.001745
v 0.001573 0.001200 -0.001261
v 0.001573 0.001300 -0.001261
v 0.001573 0.001200 -0.001739
v 0.001573 0.001300 -0.001739
v 0.001596 0.001200 -0.001269
v 0.001596 0.001300 -0.001269
v 0.001596 0.001200 -0.001731
v 0.001596 0.001300 -0.001731
v 0.001618 0.001200 -0.001280
v 0.001618 0.001300 -0.001280
v 0.001618 0.001200 -0.001720
v 0.001618 0.001300 -0.001720
v 0.001639 0.001200 -0.001292
v 0.001639 0.001300 -0.001292
v 0.001639 0.001200 -0.001708
v 0.001639 0.001300 -0.001708
v 0.001659 0.001200 -0.001307
v 0.001659 0.001300 -0.001307
v 0.001659 0.001200 -0.001693
v 0.001659 0.001300 -0.001693
v 0.001677 0.001200 -0.001323
v 0.001677 0.001300 -0.001323
v 0.001677 0.001200 -0.001677
v 0.001677 0.001300 -0.001677
v 0.001693 0.001200 -0.001341
v 0.001693 0.001300 -0.001341
v 0.001693 0.001200 -0.001659
v 0.001693 0.001300 -0.001659
v 0.001708 0.001200 -0.001361
v 0.001708 0.001300 -0.001361
v 0.001708 0.001200 -0.001639
v 0.001708 0.001300 -0.001639
v 0.001720 0.001200 -0.001382
v 0.001720 0.001300 -0.001382
v 0.001720 0.001200 -0.001618
v 0.001720 0.001300 -0.001618
v 0.001731 0.001200 -0.001404
v 0.001731 0.001300 -0.001404
v 0.001731 0.001200 -0.001596
v 0.001731 0.001300 -0.001596
v 0.001739 0.001200 -0.001427
v 0.001739 0.001300 -0.001427
v 0.001739 0.001200 -0.001573
v 0.001739 0.001300 -0.001573
v 0.001745 0.001200 -0.001451
v 0.001745 0.001300 -0.001451
v 0.001745 0.001200 -0.001549
v 0.001745 0.001300 -0.001549
v 0.001749 0.001200 -0.001475
v 0.001749 0.001300 -0.001475
v 0.001749 0.001200 -0.001525
v 0.001749 0.001300 -0.001525
v 0.001750 0.001200 -0.001500
v 0.001750 0.001300 -0.001500
v 0.001865 0.000000 0.000000
v 0.001865 0.000200 0.000000
v 0.001865 0.000200 -0.000750
v 0.001865 0.000600 -0.000750
v 0.001865 0.000000 -0.001000
v 0.001865 0.000150 -0.001000
v 0.001865 0.000600 -0.001000
v 0.001865 0.000000 -0.015000
v 0.001865 0.000150 -0.015000
v 0.001865 0.000600 -0.015000
v 0.001865 0.000200 -0.015250
v 0.001865 0.000600 -0.015250
v 0.001865 0.000000 -0.016000
v 0.001865 0.000200 -0.016000
v 0.002135 0.000000 0.000000
v 0.002135 0.000200 0.000000
v 0.002135 0.000200 -0.000750
v 0.002135 0.000600 -0.000750
v 0.002135 0.000000 -0.001000
v 0.002135 0.000150 -0.001000
v 0.002135 0.000600 -0.001000
v 0.002135 0.000000 -0.015000
v 0.002135 0.000150 -0.015000
v 0.002135 0.000600 -0.015000
v 0.002135 0.000200 -0.015250
v 0.002135 0.000600 -0.015250
v 0.002135 0.000000 -0.016000
v 0.002135 0.000200 -0.016000
v 0.002365 0.000000 0.000000
v 0.002365 0.000200 0.000000
v 0.002365 0.000200 -0.000750
v 0.002365 0.000600 -0.000750
v 0.002365 0.000000 -0.001000
v 0.002365 0.000150 -0.001000
v 0.002365 0.000600 -0.001000
v 0.002365 0.000000 -0.015000
v 0.002365 0.000150 -0.015000
v 0.002365 0.000600 -0.015000
v 0.002365 0.000200 -0.015250
v 0.002365 0.000600 -0.015250
v 0.002365 0.000000 -0.016000
v 0.002365 0.000200 -0.016000
v 0.002635 0.000000 0.000000
v 0.002635 0.000200 0.000000
v 0.002635 0.000200 -0.000750
v 0.002635 0.000600 -0.000750
v 0.002635 0.000000 -0.001000
v 0.002635 0.000150 -0.001000
v 0.002635 0.000600 -0.001000
v 0.002635 0.000000 -0.015000
v 0.002635 0.000150 -0.015000
v 0.002635 0.000600 -0.015000
v 0.002635 0.000200 -0.015250
v 0.002635 0.000600 -0.015250
v 0.002635 0.000000 -0.016000
v 0.002635 0.000200 -0.016000
v 0.002865 0.000000 0.000000
v 0.002865 0.000200 0.000000
v 0.002865 0.000200 -0.000750
v 0.002865 0.000600 -0.000750
v 0.002865 0.000000 -0.001000
v 0.002865 0.000150 -0.001000
v 0.002865 0.000600 -0.001000
v 0.002865 0.000000 -0.015000
v 0.002865 0.000150 -0.015000
v 0.002865 0.000600 -0.015000
v 0.002865 0.000200 -0.015250
v 0.002865 0.000600 -0.015250
v 0.002865 0.000000 -0.016000
v 0.002865 0.000200 -0.016000
v 0.003135 0.000000 0.000000
v 0.003135 0.000200 0.000000
v 0.003135 0.000200 -0.000750
v 0.003135 0.000600 -0.000750
v 0.003135 0.000000 -0.001000
v 0.003135 0.000150 -0.001000
v 0.003135 0.000600 -0.001000
v 0.003135 0.000000 -0.015000
v 0.003135 0.000150 -0.015000
v 0.003135 0.000600 -0.015000
v 0.003135 0.000200 -0.015250
v 0.003135 0.000600 -0.015250
v 0.003135 0.000000 -0.016000
v 0.003135 0.000200 -0.016000
v 0.003365 0.000000 0.000000
v 0.003365 0.000200 0.000000
v 0.003365 0.000200 -0.000750
v 0.003365 0.000600 -0.000750
v 0.003365 0.000000 -0.001000
v 0.003365 0.000150 -0.001000
v 0.003365 0.000600 -0.001000
v 0.003365 0.000000 -0.015000
v 0.003365 0.000150 -0.015000
v 0.003365 0.000600 -0.015000
v 0.003365 0.000200 -0.015250
v 0.003365 0.000600 -0.015250
v 0.003365 0.000000 -0.016000
v 0.003365 0.000200 -0.016000
v 0.003635 0.000000 0.000000
v 0.003635 0.000200 0.000000
v 0.003635 0.000200 -0.000750
v 0.003635 0.000600 -0.000750
v 0.003635 0.000000 -0.001000
v 0.003635 0.000150 -0.001000
v 0.003635 0.000600 -0.001000
v 0.003635 0.000000 -0.015000
v 0.003635 0.000150 -0.015000
v 0.003635 0.000600 -0.015000
v 0.003635 0.000200 -0.015250
v 0.003635 0.000600 -0.015250
v 0.003635 0.000000 -0.016000
v 0.003635 0.000200 -0.016000
v 0.003865 0.000000 0.000000
v 0.003865 0.000200 0.000000
v 0.003865 0.000200 -0.000750
v 0.003865 0.000600 -0.000750
v 0.003865 0.000000 -0.001000
v 0.003865 0.000150 -0.001000
v 0.003865 0.000600 -0.001000
v 0.003865 0.000000 -0.015000
v 0.003865 0.000150 -0.015000
v 0.003865 0.000600 -0.015000
v 0.003865 0.000200 -0.015250
v 0.003865 0.000600 -0.015250
v 0.003865 0.000000 -0.016000
v 0.003865 0.000200 -0.016000
v 0.004135 0.000000 0.000000
v 0.004135 0.000200 0.000000
v 0.004135 0.000200 -0.000750
v 0.004135 0.000600 -0.000750
v 0.004135 0.000000 -0.001000
v 0.004135 0.000150 -0.001000
v 0.004135 0.000600 -0.001000
v 0.004135 0.000000 -0.015000
v 0.004135 0.000150 -0.015000
v 0.004135 0.000600 -0.015000
v 0.004135 0.000200 -0.015250
v 0.004135 0.000600 -0.015250
v 0.004135 0.000000 -0.016000
v 0.004135 0.000200 -0.016000
v 0.004365 0.000000 0.000000
v 0.004365 0.000200 0.000000
v 0.004365 0.000200 -0.000750
v 0.004365 0.000600 -0.000750
v 0.004365 0.000000 -0.001000
v 0.004365 0.000150 -0.001000
v 0.004365 0.000600 -0.001000
v 0.004365 0.000000 -0.015000
v 0.004365 0.000150 -0.015000
v 0.004365 0.000600 -0.015000
v 0.004365 0.000200 -0.015250
v 0.004365 0.000600 -0.015250
v 0.004365 0.000000 -0.016000
v 0.004365 0.000200 -0.016000
v 0.004635 0.000000 0.000000
v 0.004635 0.000200 0.000000
v 0.004635 0.000200 -0.000750
v 0.004635 0.000600 -0.000750
v 0.004635 0.000000 -0.001000
v 0.004635 0.000150 -0.001000
v 0.004635 0.000600 -0.001000
v 0.004635 0.000000 -0.015000
v 0.004635 0.000150 -0.015000
v 0.004635 0.000600 -0.015000
v 0.004635 0.000200 -0.015250
v 0.004635 0.000600 -0.015250
v 0.004635 0.000000 -0.016000
v 0.004635 0.000200 -0.016000
v 0.004865 0.000000 0.000000
v 0.004865 0.000200 0.000000
v 0.004865 0.000200 -0.000750
v 0.004865 0.000600 -0.000750
v 0.004865 0.000000 -0.001000
v 0.004865 0.000150 -0.001000
v 0.004865 0.000600 -0.001000
v 0.004865 0.000000 -0.015000
v 0.004865 0.000150 -0.015000
v 0.004865 0.000600 -0.015000
v 0.004865 0.000200 -0.015250
v 0.004865 0.000600 -0.015250
v 0.004865 0.000000 -0.016000
v 0.004865 0.000200 -0.016000
v 0.005135 0.000000 0.000000
v 0.005135 0.000200 0.000000
v 0.005135 0.000200 -0.000750
v 0.005135 0.000600 -0.000750
v 0.005135 0.000000 -0.001000
v 0.005135 0.000150 -0.001000
v 0.005135 0.000600 -0.001000
v 0.005135 0.000000 -0.015000
v 0.005135 0.000150 -0.015000
v 0.005135 0.000600 -0.015000
v 0.005135 0.000200 -0.015250
v 0.005135 0.000600 -0.015250
v 0.005135 0.000000 -0.016000
v 0.005135 0.000200 -0.016000
v 0.005365 0.000000 0.000000
v 0.005365 0.000200 0.000000
v 0.005365 0.000200 -0.000750
v 0.005365 0.000600 -0.000750
v 0.005365 0.000000 -0.001000
v 0.005365 0.000150 -0.001000
v 0.005365 0.000600 -0.001000
v 0.005365 0.000000 -0.015000
v 0.005365 0.000150 -0.015000
v 0.005365 0.000600 -0.015000
v 0.005365 0.000200 -0.015250
v 0.005365 0.000600 -0.015250
v 0.005365 0.000000 -0.016000
v 0.005365 0.000200 -0.016000
v 0.005635 0.000000 0.000000
v 0.005635 0.000200 0.000000
v 0.005635 0.000200 -0.000750
v 0.005635 0.000600 -0.000750
v 0.005635 0.000000 -0.001000
v 0.005635 0.000150 -0.001000
v 0.005635 0.000600 -0.001000
v 0.005635 0.000000 -0.015000
v 0.005635 0.000150 -0.015000
v 0.005635 0.000600 -0.015000
v 0.005635 0.000200 -0.015250
v 0.005635 0.000600 -0.015250
v 0.005635 0.000000 -0.016000
v 0.005635 0.000200 -0.016000
v 0.005865 0.000000 0.000000
v 0.005865 0.000200 0.000000
v 0.005865 0.000200 -0.000750
v 0.005865 0.000600 -0.000750
v 0.005865 0.000000 -0.001000
v 0.005865 0.000150 -0.001000
v 0.005865 0.000600 -0.001000
v 0.005865 0.000000 -0.015000
v 0.005865 0.000150 -0.015000
v 0.005865 0.000600 -0.015000
v 0.005865 0.000200 -0.015250
v 0.005865 0.000600 -0.015250
v 0.005865 0.000000 -0.016000
v 0.005865 0.000200 -0.016000
v 0.006135 0.000000 0.000000
v 0.006135 0.000200 0.000000
v 0.006135 0.000200 -0.000750
v 0.006135 0.000600 -0.000750
v 0.006135 0.000000 -0.001000
v 0.006135 0.000150 -0.001000
v 0.006135 0.000600 -0.001000
v 0.006135 0.000000 -0.015000
v 0.006135 0.000150 -0.015000
v 0.006135 0.000600 -0.015000
v 0.006135 0.000200 -0.015250
v 0.006135 0.000600 -0.015250
v 0.006135 0.000000 -0.016000
v 0.006135 0.000200 -0.016000
v 0.006365 0.000000 0.000000
v 0.006365 0.000200 0.000000
v 0.006365 0.000200 -0.000750
v 0.006365 0.000600 -0.000750
v 0.006365 0.000000 -0.001000
v 0.006365 0.000150 -0.001000
v 0.006365 0.000600 -0.001000
v 0.006365 0.000000 -0.015000
v 0.006365 0.000150 -0.015000
v 0.006365 0.000600 -0.015000
v 0.006365 0.000200 -0.015250
v 0.006365 0.000600 -0.015250
v 0.006365 0.000000 -0.016000
v 0.006365 0.000200 -0.016000
v 0.006635 0.000000 0.000000
v 0.006635 0.000200 0.000000
v 0.006635 0.000200 -0.000750
v 0.006635 0.000600 -0.000750
v 0.006635 0.000000 -0.001000
v 0.006635 0.000150 -0.001000
v 0.006635 0.000600 -0.001000
v 0.006635 0.000000 -0.015000
v 0.006635 0.000150 -0.015000
v 0.006635 0.000600 -0.015000
v 0.006635 0.000200 -0.015250
v 0.006635 0.000600 -0.015250
v 0.006635 0.000000 -0.016000
v 0.006635 0.000200 -0.016000
v 0.006865 0.000000 0.000000
v 0.006865 0.000200 0.000000
v 0.006865 0.000200 -0.000750
v 0.006865 0.000600 -0.000750
v 0.006865 0.000000 -0.001000
v 0.006865 0.000150 -0.001000
v 0.006865 0.000600 -0.001000
v 0.006865 0.000000 -0.015000
v 0.006865 0.000150 -0.015000
v 0.006865 0.000600 -0.015000
v 0.006865 0.000200 -0.015250
v 0.006865 0.000600 -0.015250
v 0.006865 0.000000 -0.016000
v 0.006865 0.000200 -0.016000
v 0.007135 0.000000 0.000000
v 0.007135 0.000200 0.000000
v 0.007135 0.000200 -0.000750
v 0.007135 0.000600 -0.000750
v 0.007135 0.000000 -0.001000
v 0.007135 0.000150 -0.001000
v 0.007135 0.000600 -0.001000
v 0.007135 0.000000 -0.015000
v 0.007135 0.000150 -0.015000
v 0.007135 0.000600 -0.015000
v 0.007135 0.000200 -0.015250
v 0.007135 0.000600 -0.015250
v 0.007135 0.000000 -0.016000
v 0.007135 0.000200 -0.016000
v 0.007365 0.000000 0.000000
v 0.007365 0.000200 0.000000
v 0.007365 0.000200 -0.000750
v 0.007365 0.000600 -0.000750
v 0.007365 0.000000 -0.001000
v 0.007365 0.000150 -0.001000
v 0.007365 0.000600 -0.001000
v 0.007365 0.000000 -0.015000
v 0.007365 0.000150 -0.015000
v 0.007365 0.000600 -0.015000
v 0.007365 0.000200 -0.015250
v 0.007365 0.000600 -0.015250
v 0.007365 0.000000 -0.016000
v 0.007365 0.000200 -0.016000
v 0.007635 0.000000 0.000000
v 0.007635 0.000200 0.000000
v 0.007635 0.000200 -0.000750
v 0.007635 0.000600 -0.000750
v 0.007635 0.000000 -0.001000
v 0.007635 0.000150 -0.001000
v 0.007635 0.000600 -0.001000
v 0.007635 0.000000 -0.015000
v 0.007635 0.000150 -0.015000
v 0.007635 0.000600 -0.015000
v 0.007635 0.000200 -0.015250
v 0.007635 0.000600 -0.015250
v 0.007635 0.000000 -0.016000
v 0.007635 0.000200 -0.016000
v 0.007865 0.000000 0.000000
v 0.007865 0.000200 0.000000
v 0.007865 0.000200 -0.000750
v 0.007865 0.000600 -0.000750
v 0.007865 0.000000 -0.001000
v 0.007865 0.000150 -0.001000
v 0.007865 0.000600 -0.001000
v 0.007865 0.000000 -0.015000
v 0.007865 0.000150 -0.015000
v 0.007865 0.000600 -0.015000
v 0.007865 0.000200 -0.015250
v 0.007865 0.000600 -0.015250
v 0.007865 0.000000 -0.016000
v 0.007865 0.000200 -0.016000
v 0.008135 0.000000 0.000000
v 0.008135 0.000200 0.000000
v 0.008135 0.000200 -0.000750
v 0.008135 0.000600 -0.000750
v 0.008135 0.000000 -0.001000
v 0.008135 0.000150 -0.001000
v 0.008135 0.000600 -0.001000
v 0.008135 0.000000 -0.015000
v 0.008135 0.000150 -0.015000
v 0.008135 0.000600 -0.015000
v 0.008135 0.000200 -0.015250
v 0.008135 0.000600 -0.015250
v 0.008135 0.000000 -0.016000
v 0.008135 0.000200 -0.016000
v 0.008365 0.000000 0.000000
v 0.008365 0.000200 0.000000
v 0.008365 0.000200 -0.000750
v 0.008365 0.000600 -0.000750
v 0.008365 0.000000 -0.001000
v 0.008365 0.000150 -0.001000
v 0.008365 0.000600 -0.001000
v 0.008365 0.000000 -0.015000
v 0.008365 0.000150 -0.015000
v 0.008365 0.000600 -0.015000
v 0.008365 0.000200 -0.015250
v 0.008365 0.000600 -0.015250
v 0.008365 0.000000 -0.016000
v 0.008365 0.000200 -0.016000
v 0.008635 0.000000 0.000000
v 0.008635 0.000200 0.000000
v 0.008635 0.000200 -0.000750
v 0.008635 0.000600 -0.000750
v 0.008635 0.000000 -0.001000
v 0.008635 0.000150 -0.001000
v 0.008635 0.000600 -0.001000
v 0.008635 0.000000 -0.015000
v 0.008635 0.000150 -0.015000
v 0.008635 0.000600 -0.015000
v 0.008635 0.000200 -0.015250
v 0.008635 0.000600 -0.015250
v 0.008635 0.000000 -0.016000
v 0.008635 0.000200 -0.016000
v 0.008865 0.000000 0.000000
v 0.008865 0.000200 0.000000
v 0.008865 0.000200 -0.000750
v 0.008865 0.000600 -0.000750
v 0.008865 0.000000 -0.001000
v 0.008865 0.000150 -0.001000
v 0.008865 0.000600 -0.001000
v 0.008865 0.000000 -0.015000
v 0.008865 0.000150 -0.015000
v 0.008865 0.000600 -0.015000
v 0.008865 0.000200 -0.015250
v 0.008865 0.000600 -0.015250
v 0.008865 0.000000 -0.016000
v 0.008865 0.000200 -0.016000
v 0.009135 0.000000 0.000000
v 0.009135 0.000200 0.000000
v 0.009135 0.000200 -0.000750
v 0.009135 0.000600 -0.000750
v 0.009135 0.000000 -0.001000
v 0.009135 0.000150 -0.001000
v 0.009135 0.000600 -0.001000
v 0.009135 0.000000 -0.015000
v 0.009135 0.000150 -0.015000
v 0.009135 0.000600 -0.015000
v 0.009135 0.000200 -0.015250
v 0.009135 0.000600 -0.015250
v 0.009135 0.000000 -0.016000
v 0.009135 0.000200 -0.016000
v 0.009365 0.000000 0.000000
v 0.009365 0.000200 0.000000
v 0.009365 0.000200 -0.000750
v 0.009365 0.000600 -0.000750
v 0.009365 0.000000 -0.001000
v 0.009365 0.000150 -0.001000
v 0.009365 0.000600 -0.001000
v 0.009365 0.000000 -0.015000
v 0.009365 0.000150 -0.015000
v 0.009365 0.000600 -0.015000
v 0.009365 0.000200 -0.015250
v 0.009365 0.000600 -0.015250
v 0.009365 0.000000 -0.016000
v 0.009365 0.000200 -0.016000
v 0.009635 0.000000 0.000000
v 0.009635 0.000200 0.000000
v 0.009635 0.000200 -0.000750
v 0.009635 0.000600 -0.000750
v 0.009635 0.000000 -0.001000
v 0.009635 0.000150 -0.001000
v 0.009635 0.000600 -0.001000
v 0.009635 0.000000 -0.015000
v 0.009635 0.000150 -0.015000
v 0.009635 0.000600 -0.015000
v 0.009635 0.000200 -0.015250
v 0.009635 0.000600 -0.015250
v 0.009635 0.000000 -0.016000
v 0.009635 0.000200 -0.016000
v 0.009865 0.000000 0.000000
v 0.009865 0.000200 0.000000
v 0.009865 0.000200 -0.000750
v 0.009865 0.000600 -0.000750
v 0.009865 0.000000 -0.001000
v 0.009865 0.000150 -0.001000
v 0.009865 0.000600 -0.001000
v 0.009865 0.000000 -0.015000
v 0.009865 0.000150 -0.015000
v 0.009865 0.000600 -0.015000
v 0.009865 0.000200 -0.015250
v 0.009865 0.000600 -0.015250
v 0.009865 0.000000 -0.016000
v 0.009865 0.000200 -0.016000
v 0.010135 0.000000 0.000000
v 0.010135 0.000200 0.000000
v 0.010135 0.000200 -0.000750
v 0.010135 0.000600 -0.000750
v 0.010135 0.000000 -0.001000
v 0.010135 0.000150 -0.001000
v 0.010135 0.000600 -0.001000
v 0.010135 0.000000 -0.015000
v 0.010135 0.000150 -0.015000
v 0.010135 0.000600 -0.015000
v 0.010135 0.000200 -0.015250
v 0.010135 0.000600 -0.015250
v 0.010135 0.000000 -0.016000
v 0.010135 0.000200 -0.016000
v 0.010365 0.000000 0.000000
v 0.010365 0.000200 0.000000
v 0.010365 0.000200 -0.000750
v 0.010365 0.000600 -0.000750
v 0.010365 0.000000 -0.001000
v 0.010365 0.000150 -0.001000
v 0.010365 0.000600 -0.001000
v 0.010365 0.000000 -0.015000
v 0.010365 0.000150 -0.015000
v 0.010365 0.000600 -0.015000
v 0.010365 0.000200 -0.015250
v 0.010365 0.000600 -0.015250
v 0.010365 0.000000 -0.016000
v 0.010365 0.000200 -0.016000
v 0.010635 0.000000 0.000000
v 0.010635 0.000200 0.000000
v 0.010635 0.000200 -0.000750
v 0.010635 0.000600 -0.000750
v 0.010635 0.000000 -0.001000
v 0.010635 0.000150 -0.001000
v 0.010635 0.000600 -0.001000
v 0.010635 0.000000 -0.015000
v 0.010635 0.000150 -0.015000
v 0.010635 0.000600 -0.015000
v 0.010635 0.000200 -0.015250
v 0.010635 0.000600 -0.015250
v 0.010635 0.000000 -0.016000
v 0.010635 0.000200 -0.016000
v 0.010865 0.000000 0.000000
v 0.010865 0.000200 0.000000
v 0.010865 0.000200 -0.000750
v 0.010865 0.000600 -0.000750
v 0.010865 0.000000 -0.001000
v 0.010865 0.000150 -0.001000
v 0.010865 0.000600 -0.001000
v 0.010865 0.000000 -0.015000
v 0.010865 0.000150 -0.015000
v 0.010865 0.000600 -0.015000
v 0.010865 0.000200 -0.015250
v 0.010865 0.000600 -0.015250
v 0.010865 0.000000 -0.016000
v 0.010865 0.000200 -0.016000
v 0.011135 0.000000 0.000000
v 0.011135 0.000200 0.000000
v 0.011135 0.000200 -0.000750
v 0.011135 0.000600 -0.000750
v 0.011135 0.000000 -0.001000
v 0.011135 0.000150 -0.001000
v 0.011135 0.000600 -0.001000
v 0.011135 0.000000 -0.015000
v 0.011135 0.000150 -0.015000
v 0.011135 0.000600 -0.015000
v 0.011135 0.000200 -0.015250
v 0.011135 0.000600 -0.015250
v 0.011135 0.000000 -0.016000
v 0.011135 0.000200 -0.016000
v 0.011365 0.000000 0.000000
v 0.011365 0.000200 0.000000
v 0.011365 0.000200 -0.000750
v 0.011365 0.000600 -0.000750
v 0.011365 0.000000 -0.001000
v 0.011365 0.000150 -0.001000
v 0.011365 0.000600 -0.001000
v 0.011365 0.000000 -0.015000
v 0.011365 0.000150 -0.015000
v 0.011365 0.000600 -0.015000
v 0.011365 0.000200 -0.015250
v 0.011365 0.000600 -0.015250
v 0.011365 0.000000 -0.016000
v 0.011365 0.000200 -0.016000
v 0.011635 0.000000 0.000000
v 0.011635 0.000200 0.000000
v 0.011635 0.000200 -0.000750
v 0.011635 0.000600 -0.000750
v 0.011635 0.000000 -0.001000
v 0.011635 0.000150 -0.001000
v 0.011635 0.000600 -0.001000
v 0.011635 0.000000 -0.015000
v 0.011635 0.000150 -0.015000
v 0.011635 0.000600 -0.015000
v 0.011635 0.000200 -0.015250
v 0.011635 0.000600 -0.015250
v 0.011635 0.000000 -0.016000
v 0.011635 0.000200 -0.016000
v 0.011865 0.000000 0.000000
v 0.011865 0.000200 0.000000
v 0.011865 0.000200 -0.000750
v 0.011865 0.000600 -0.000750
v 0.011865 0.000000 -0.001000
v 0.011865 0.000150 -0.001000
v 0.011865 0.000600 -0.001000
v 0.011865 0.000000 -0.015000
v 0.011865 0.000150 -0.015000
v 0.011865 0.000600 -0.015000
v 0.011865 0.000200 -0.015250
v 0.011865 0.000600 -0.015250
v 0.011865 0.000000 -0.016000
v 0.011865 0.000200 -0.016000
v 0.012135 0.000000 0.000000
v 0.012135 0.000200 0.000000
v 0.012135 0.000200 -0.000750
v 0.012135 0.000600 -0.000750
v 0.012135 0.000000 -0.001000
v 0.012135 0.000150 -0.001000
v 0.012135 0.000600 -0.001000
v 0.012135 0.000000 -0.015000
v 0.012135 0.000150 -0.015000
v 0.012135 0.000600 -0.015000
v 0.012135 0.000200 -0.015250
v 0.012135 0.000600 -0.015250
v 0.012135 0.000000 -0.016000
v 0.012135 0.000200 -0.016000
v 0.012365 0.000000 0.000000
v 0.012365 0.000200 0.000000
v 0.012365 0.000200 -0.000750
v 0.012365 0.000600 -0.000750
v 0.012365 0.000000 -0.001000
v 0.012365 0.000150 -0.001000
v 0.012365 0.000600 -0.001000
v 0.012365 0.000000 -0.015000
v 0.012365 0.000150 -0.015000
v 0.012365 0.000600 -0.015000
v 0.012365 0.000200 -0.015250
v 0.012365 0.000600 -0.015250
v 0.012365 0.000000 -0.016000
v 0.012365 0.000200 -0.016000
v 0.012635 0.000000 0.000000
v 0.012635 0.000200 0.000000
v 0.012635 0.000200 -0.000750
v 0.012635 0.000600 -0.000750
v 0.012635 0.000000 -0.001000
v 0.012635 0.000150 -0.001000
v 0.012635 0.000600 -0.001000
v 0.012635 0.000000 -0.015000
v 0.012635 0.000150 -0.015000
v 0.012635 0.000600 -0.015000
v 0.012635 0.000200 -0.015250
v 0.012635 0.000600 -0.015250
v 0.012635 0.000000 -0.016000
v 0.012635 0.000200 -0.016000
v 0.012865 0.000000 0.000000
v 0.012865 0.000200 0.000000
v 0.012865 0.000200 -0.000750
v 0.012865 0.000600 -0.000750
v 0.012865 0.000000 -0.001000
v 0.012865 0.000150 -0.001000
v 0.012865 0.000600 -0.001000
v 0.012865 0.000000 -0.015000
v 0.012865 0.000150 -0.015000
v 0.012865 0.000600 -0.015000
v 0.012865 0.000200 -0.015250
v 0.012865 0.000600 -0.015250
v 0.012865 0.000000 -0.016000
v 0.012865 0.000200 -0.016000
v 0.013135 0.000000 0.000000
v 0.013135 0.000200 0.000000
v 0.013135 0.000200 -0.000750
v 0.013135 0.000600 -0.000750
v 0.013135 0.000000 -0.001000
v 0.013135 0.000150 -0.001000
v 0.013135 0.000600 -0.001000
v 0.013135 0.000000 -0.015000
v 0.013135 0.000150 -0.015000
v 0.013135 0.000600 -0.015000
v 0.013135 0.000200 -0.015250
v 0.013135 0.000600 -0.015250
v 0.013135 0.000000 -0.016000
v 0.013135 0.000200 -0.016000
v 0.013365 0.000000 0.000000
v 0.013365 0.000200 0.000000
v 0.013365 0.000200 -0.000750
v 0.013365 0.000600 -0.000750
v 0.013365 0.000000 -0.001000
v 0.013365 0.000150 -0.001000
v 0.013365 0.000600 -0.001000
v 0.013365 0.000000 -0.015000
v 0.013365 0.000150 -0.015000
v 0.013365 0.000600 -0.015000
v 0.013365 0.000200 -0.015250
v 0.013365 0.000600 -0.015250
v 0.013365 0.000000 -0.016000
v 0.013365 0.000200 -0.016000
v 0.013635 0.000000 0.000000
v 0.013635 0.000200 0.000000
v 0.013635 0.000200 -0.000750
v 0.013635 0.000600 -0.000750
v 0.013635 0.000000 -0.001000
v 0.013635 0.000150 -0.001000
v 0.013635 0.000600 -0.001000
v 0.013635 0.000000 -0.015000
v 0.013635 0.000150 -0.015000
v 0.013635 0.000600 -0.015000
v 0.013635 0.000200 -0.015250
v 0.013635 0.000600 -0.015250
v 0.013635 0.000000 -0.016000
v 0.013635 0.000200 -0.016000
v 0.013865 0.000000 0.000000
v 0.013865 0.000200 0.000000
v 0.013865 0.000200 -0.000750
v 0.013865 0.000600 -0.000750
v 0.013865 0.000000 -0.001000
v 0.013865 0.000150 -0.001000
v 0.013865 0.000600 -0.001000
v 0.013865 0.000000 -0.015000
v 0.013865 0.000150 -0.015000
v 0.013865 0.000600 -0.015000
v 0.013865 0.000200 -0.015250
v 0.013865 0.000600 -0.015250
v 0.013865 0.000000 -0.016000
v 0.013865 0.000200 -0.016000
v 0.014135 0.000000 0.000000
v 0.014135 0.000200 0.000000
v 0.014135 0.000200 -0.000750
v 0.014135 0.000600 -0.000750
v 0.014135 0.000000 -0.001000
v 0.014135 0.000150 -0.001000
v 0.014135 0.000600 -0.001000
v 0.014135 0.000000 -0.015000
v 0.014135 0.000150 -0.015000
v 0.014135 0.000600 -0.015000
v 0.014135 0.000200 -0.015250
v 0.014135 0.000600 -0.015250
v 0.014135 0.000000 -0.016000
v 0.014135 0.000200 -0.016000
v 0.015000 0.000150 -0.001000
v 0.015000 0.001200 -0.001000
v 0.015000 0.000000 -0.001865
v 0.015000 0.000150 -0.001865
v 0.015000 0.000600 -0.001865
v 0.015000 0.000000 -0.002135
v 0.015000 0.000150 -0.002135
v 0.015000 0.000600 -0.002135
v 0.015000 0.000000 -0.002365
v 0.015000 0.000150 -0.002365
v 0.015000 0.000600 -0.002365
v 0.015000 0.000000 -0.002635
v 0.015000 0.000150 -0.002635
v 0.015000 0.000600 -0.002635
v 0.015000 0.000000 -0.002865
v 0.015000 0.000150 -0.002865
v 0.015000 0.000600 -0.002865
v 0.015000 0.000000 -0.003135
v 0.015000 0.000150 -0.003135
v 0.015000 0.000600 -0.003135
v 0.015000 0.000000 -0.003365
v 0.015000 0.000150 -0.003365
v 0.015000 0.000600 -0.003365
v 0.015000 0.000000 -0.003635
v 0.015000 0.000150 -0.003635
v 0.015000 0.000600 -0.003635
v 0.015000 0.000000 -0.003865
v 0.015000 0.000150 -0.003865
v 0.015000 0.000600 -0.003865
v 0.015000 0.000000 -0.004135
v 0.015000 0.000150 -0.004135
v 0.015000 0.000600 -0.004135
v 0.015000 0.000000 -0.004365
v 0.015000 0.000150 -0.004365
v 0.015000 0.000600 -0.004365
v 0.015000 0.000000 -0.004635
v 0.015000 0.000150 -0.004635
v 0.015000 0.000600 -0.004635
v 0.015000 0.000000 -0.004865
v 0.015000 0.000150 -0.004865
v 0.015000 0.000600 -0.004865
v 0.015000 0.000000 -0.005135
v 0.015000 0.000150 -0.005135
v 0.015000 0.000600 -0.005135
v 0.015000 0.000000 -0.005365
v 0.015000 0.000150 -0.005365
v 0.015000 0.000600 -0.005365
v 0.015000 0.000000 -0.005635
v 0.015000 0.000150 -0.005635
v 0.015000 0.000600 -0.005635
v 0.015000 0.000000 -0.005865
v 0.015000 0.000150 -0.005865
v 0.015000 0.000600 -0.005865
v 0.015000 0.000000 -0.006135
v 0.015000 0.000150 -0.006135
v 0.015000 0.000600 -0.006135
v 0.015000 0.000000 -0.006365
v 0.015000 0.000150 -0.006365
v 0.015000 0.000600 -0.006365
v 0.015000 0.000000 -0.006635
v 0.015000 0.000150 -0.006635
v 0.015000 0.000600 -0.006635
v 0.015000 0.000000 -0.006865
v 0.015000 0.000150 -0.006865
v 0.015000 0.000600 -0.006865
v 0.015000 0.000000 -0.007135
v 0.015000 0.000150 -0.007135
v 0.015000 0.000600 -0.007135
v 0.015000 0.000000 -0.007365
v 0.015000 0.000150 -0.007365
v 0.015000 0.000600 -0.007365
v 0.015000 0.000000 -0.007635
v 0.015000 0.000150 -0.007635
v 0.015000 0.000600 -0.007635
v 0.015000 0.000000 -0.007865
v 0.015000 0.000150 -0.007865
v 0.015000 0.000600 -0.007865
v 0.015000 0.000000 -0.008135
v 0.015000 0.000150 -0.008135
v 0.015000 0.000600 -0.008135
v 0.015000 0.000000 -0.008365
v 0.015000 0.000150 -0.008365
v 0.015000 0.000600 -0.008365
v 0.015000 0.000000 -0.008635
v 0.015000 0.000150 -0.008635
v 0.015000 0.000600 -0.008635
v 0.015000 0.000000 -0.008865
v 0.015000 0.000150 -0.008865
v 0.015000 0.000600 -0.008865
v 0.015000 0.000000 -0.009135
v 0.015000 0.000150 -0.009135
v 0.015000 0.000600 -0.009135
v 0.015000 0.000000 -0.009365
v 0.015000 0.000150 -0.009365
v 0.015000 0.000600 -0.009365
v 0.015000 0.000000 -0.009635
v 0.015000 0.000150 -0.009635
v 0.015000 0.000600 -0.009635
v 0.015000 0.000000 -0.009865
v 0.015000 0.000150 -0.009865
v 0.015000 0.000600 -0.009865
v 0.015000 0.000000 -0.010135
v 0.015000 0.000150 -0.010135
v 0.015000 0.000600 -0.010135
v 0.015000 0.000000 -0.010365
v 0.015000 0.000150 -0.010365
v 0.015000 0.000600 -0.010365
v 0.015000 0.000000 -0.010635
v 0.015000 0.000150 -0.010635
v 0.015000 0.000600 -0.010635
v 0.015000 0.000000 -0.010865
v 0.015000 0.000150 -0.010865
v 0.015000 0.000600 -0.010865
v 0.015000 0.000000 -0.011135
v 0.015000 0.000150 -0.011135
v 0.015000 0.000600 -0.011135
v 0.015000 0.000000 -0.011365
v 0.015000 0.000150 -0.011365
v 0.015000 0.000600 -0.011365
v 0.015000 0.000000 -0.011635
v 0.015000 0.000150 -0.011635
v 0.015000 0.000600 -0.011635
v 0.015000 0.000000 -0.011865
v 0.015000 0.000150 -0.011865
v 0.015000 0.000600 -0.011865
v 0.015000 0.000000 -0.012135
v 0.015000 0.000150 -0.012135
v 0.015000 0.000600 -0.012135
v 0.015000 0.000000 -0.012365
v 0.015000 0.000150 -0.012365
v 0.015000 0.000600 -0.012365
v 0.015000 0.000000 -0.012635
v 0.015000 0.000150 -0.012635
v 0.015000 0.000600 -0.012635
v 0.015000 0.000000 -0.012865
v 0.015000 0.000150 -0.012865
v 0.015000 0.000600 -0.012865
v 0.015000 0.000000 -0.013135
v 0.015000 0.000150 -0.013135
v 0.015000 0.000600 -0.013135
v 0.015000 0.000000 -0.013365
v 0.015000 0.000150 -0.013365
v 0.015000 0.000600 -0.013365
v 0.015000 0.000000 -0.013635
v 0.015000 0.000150 -0.013635
v 0.015000 0.000600 -0.013635
v 0.015000 0.000000 -0.013865
v 0.015000 0.000150 -0.013865
v 0.015000 0.000600 -0.013865
v 0.015000 0.000000 -0.014135
v 0.015000 0.000150 -0.014135
v 0.015000 0.000600 -0.014135
v 0.015000 0.000150 -0.015000
v 0.015000 0.001200 -0.015000
v 0.015250 0.000200 -0.001865
v 0.015250 0.000600 -0.001865
v 0.015250 0.000200 -0.002135
v 0.015250 0.000600 -0.002135
v 0.015250 0.000200 -0.002365
v 0.015250 0.000600 -0.002365
v 0.015250 0.000200 -0.002635
v 0.015250 0.000600 -0.002635
v 0.015250 0.000200 -0.002865
v 0.015250 0.000600 -0.002865
v 0.015250 0.000200 -0.003135
v 0.015250 0.000600 -0.003135
v 0.015250 0.000200 -0.003365
v 0.015250 0.000600 -0.003365
v 0.015250 0.000200 -0.003635
v 0.015250 0.000600 -0.003635
v 0.015250 0.000200 -0.003865
v 0.015250 0.000600 -0.003865
v 0.015250 0.000200 -0.004135
v 0.015250 0.000600 -0.004135
v 0.015250 0.000200 -0.004365
v 0.015250 0.000600 -0.004365
v 0.015250 0.000200 -0.004635
v 0.015250 0.000600 -0.004635
v 0.015250 0.000200 -0.004865
v 0.015250 0.000600 -0.004865
v 0.015250 0.000200 -0.005135
v 0.015250 0.000600 -0.005135
v 0.015250 0.000200 -0.005365
v 0.015250 0.000600 -0.005365
v 0.015250 0.000200 -0.005635
v 0.015250 0.000600 -0.005635
v 0.015250 0.000200 -0.005865
v 0.015250 0.000600 -0.005865
v 0.015250 0.000200 -0.006135
v 0.015250 0.000600 -0.006135
v 0.015250 0.000200 -0.006365
v 0.015250 0.000600 -0.006365
v 0.015250 0.000200 -0.006635
v 0.015250 0.000600 -0.006635
v 0.015250 0.000200 -0.006865
v 0.015250 0.000600 -0.006865
v 0.015250 0.000200 -0.007135
v 0.015250 0.000600 -0.007135
v 0.015250 0.000200 -0.007365
v 0.015250 0.000600 -0.007365
v 0.015250 0.000200 -0.007635
v 0.015250 0.000600 -0.007635
v 0.015250 0.000200 -0.007865
v 0.015250 0.000600 -0.007865
v 0.015250 0.000200 -0.008135
v 0.015250 0.000600 -0.008135
v 0.015250 0.000200 -0.008365
v 0.015250 0.000600 -0.008365
v 0.015250 0.000200 -0.008635
v 0.015250 0.000600 -0.008635
v 0.015250 0.000200 -0.008865
v 0.015250 0.000600 -0.008865
v 0.015250 0.000200 -0.009135
v 0.015250 0.000600 -0.009135
v 0.015250 0.000200 -0.009365
v 0.015250 0.000600 -0.009365
v 0.015250 0.000200 -0.009635
v 0.015250 0.000600 -0.009635
v 0.015250 0.000200 -0.009865
v 0.015250 0.000600 -0.009865
v 0.015250 0.000200 -0.010135
v 0.015250 0.000600 -0.010135
v 0.015250 0.000200 -0.010365
v 0.015250 0.000600 -0.010365
v 0.015250 0.000200 -0.010635
v 0.015250 0.000600 -0.010635
v 0.015250 0.000200 -0.010865
v 0.015250 0.000600 -0.010865
v 0.015250 0.000200 -0.011135
v 0.015250 0.000600 -0.011135
v 0.015250 0.000200 -0.011365
v 0.015250 0.000600 -0.011365
v 0.015250 0.000200 -0.011635
v 0.015250 0.000600 -0.011635
v 0.015250 0.000200 -0.011865
v 0.015250 0.000600 -0.011865
v 0.015250 0.000200 -0.012135
v 0.015250 0.000600 -0.012135
v 0.015250 0.000200 -0.012365
v 0.015250 0.000600 -0.012365
v 0.015250 0.000200 -0.012635
v 0.015250 0.000600 -0.012635
v 0.015250 0.000200 -0.012865
v 0.015250 0.000600 -0.012865
v 0.015250 0.000200 -0.013135
v 0.015250 0.000600 -0.013135
v 0.015250 0.000200 -0.013365
v 0.015250 0.000600 -0.013365
v 0.015250 0.000200 -0.013635
v 0.015250 0.000600 -0.013635
v 0.015250 0.000200 -0.013865
v 0.015250 0.000600 -0.013865
v 0.015250 0.000200 -0.014135
v 0.015250 0.000600 -0.014135
v 0.016000 0.000000 -0.001865
v 0.016000 0.000200 -0.001865
v 0.016000 0.000000 -0.002135
v 0.016000 0.000200 -0.002135
v 0.016000 0.000000 -0.002365
v 0.016000 0.000200 -0.002365
v 0.016000 0.000000 -0.002635
v 0.016000 0.000200 -0.002635
v 0.016000 0.000000 -0.002865
v 0.016000 0.000200 -0.002865
v 0.016000 0.000000 -0.003135
v 0.016000 0.000200 -0.003135
v 0.016000 0.000000 -0.003365
v 0.016000 0.000200 -0.003365
v 0.016000 0.000000 -0.003635
v 0.016000 0.000200 -0.003635
v 0.016000 0.000000 -0.003865
v 0.016000 0.000200 -0.003865
v 0.016000 0.000000 -0.004135
v 0.016000 0.000200 -0.004135
v 0.016000 0.000000 -0.004365
v 0.016000 0.000200 -0.004365
v 0.016000 0.000000 -0.004635
v 0.016000 0.000200 -0.004635
v 0.016000 0.000000 -0.004865
v 0.016000 0.000200 -0.004865
v 0.016000 0.000000 -0.005135
v 0.016000 0.000200 -0.005135
v 0.016000 0.000000 -0.005365
v 0.016000 0.000200 -0.005365
v 0.016000 0.000000 -0.005635
v 0.016000 0.000200 -0.005635
v 0.016000 0.000000 -0.005865
v 0.016000 0.000200 -0.005865
v 0.016000 0.000000 -0.006135
v 0.016000 0.000200 -0.006135
v 0.016000 0.000000 -0.006365
v 0.016000 0.000200 -0.006365
v 0.016000 0.000000 -0.006635
v 0.016000 0.000200 -0.006635
v 0.016000 0.000000 -0.006865
v 0.016000 0.000200 -0.006865
v 0.016000 0.000000 -0.007135
v 0.016000 0.000200 -0.007135
v 0.016000 0.000000 -0.007365
v 0.016000 0.000200 -0.007365
v 0.016000 0.000000 -0.007635
v 0.016000 0.000200 -0.007635
v 0.016000 0.000000 -0.007865
v 0.016000 0.000200 -0.007865
v 0.016000 0.000000 -0.008135
v 0.016000 0.000200 -0.008135
v 0.016000 0.000000 -0.008365
v 0.016000 0.000200 -0.008365
v 0.016000 0.000000 -0.008635
v 0.016000 0.000200 -0.008635
v 0.016000 0.000000 -0.008865
v 0.016000 0.000200 -0.008865
v 0.016000 0.000000 -0.009135
v 0.016000 0.000200 -0.009135
v 0.016000 0.000000 -0.009365
v 0.016000 0.000200 -0.009365
v 0.016000 0.000000 -0.009635
v 0.016000 0.000200 -0.009635
v 0.016000 0.000000 -0.009865
v 0.016000 0.000200 -0.009865
v 0.016000 0.000000 -0.010135
v 0.016000 0.000200 -0.010135
v 0.016000 0.000000 -0.010365
v 0.016000 0.000200 -0.010365
v 0.016000 0.000000 -0.010635
v 0.016000 0.000200 -0.010635
v 0.016000 0.000000 -0.010865
v 0.016000 0.000200 -0.010865
v 0.016000 0.000000 -0.011135
v 0.016000 0.000200 -0.011135
v 0.016000 0.000000 -0.011365
v 0.016000 0.000200 -0.011365
v 0.016000 0.000000 -0.011635
v 0.016000 0.000200 -0.011635
v 0.016000 0.000000 -0.011865
v 0.016000 0.000200 -0.011865
v 0.016000 0.000000 -0.012135
v 0.016000 0.000200 -0.012135
v 0.016000 0.000000 -0.012365
v 0.016000 0.000200 -0.012365
v 0.016000 0.000000 -0.012635
v 0.016000 0.000200 -0.012635
v 0.016000 0.000000 -0.012865
v 0.016000 0.000200 -0.012865
v 0.016000 0.000000 -0.013135
v 0.016000 0.000200 -0.013135
v 0.016000 0.000000 -0.013365
v 0.016000 0.000200 -0.013365
v 0.016000 0.000000 -0.013635
v 0.016000 0.000200 -0.013635
v 0.016000 0.000000 -0.013865
v 0.016000 0.000200 -0.013865
v 0.016000 0.000000 -0.014135
v 0.016000 0.000200 -0.014135
vn -1.0000 -0.0000 -0.0000
vn -0.0000 -1.0000 -0.0000
vn -0.0000 -0.0000 1.0000
vn -0.0000 1.0000 -0.0000
vn -0.0000 -0.0000 -1.0000
vn 0.0001 1.0000 -0.0000
vn 1.0000 -0.0000 -0.0000
vn -0.0000 0.0001 -1.0000
vn -0.0000 -0.0001 -1.0000
vn -0.9988 -0.0000 -0.0490
vn -0.9988 -0.0000 0.0490
vn -0.0003 1.0000 -0.0000
vn -0.9892 -0.0000 0.1467
vn -0.9892 -0.0000 -0.1467
vn -0.9700 -0.0000 0.2430
vn -0.9700 -0.0000 -0.2430
vn -0.9415 -0.0000 0.3369
vn -0.9415 -0.0000 -0.3369
vn -0.9040 -0.0000 0.4276
vn -0.9040 -0.0000 -0.4276
vn -0.8577 -0.0000 0.5141
vn -0.8577 -0.0000 -0.5141
vn -0.8032 -0.0000 0.5957
vn -0.8032 -0.0000 -0.5957
vn -0.7409 -0.0000 0.6716
vn -0.7409 -0.0000 -0.6716
vn -0.6716 -0.0000 0.7409
vn -0.6716 -0.0000 -0.7409
vn -0.5957 -0.0000 0.8032
vn -0.5957 -0.0000 -0.8032
vn -0.5141 -0.0000 0.8577
vn -0.5141 -0.0000 -0.8577
vn -0.4276 -0.0000 0.9040
vn -0.4275 -0.0000 -0.9040
vn -0.3369 -0.0000 0.9415
vn -0.3369 -0.0000 -0.9415
vn -0.2430 -0.0000 0.9700
vn -0.2430 -0.0000 -0.9700
vn -0.1467 -0.0000 0.9892
vn -0.1467 -0.0000 -0.9892
vn -0.0490 -0.0000 0.9988
vn -0.0491 -0.0000 -0.9988
vn 0.0490 -0.0000 0.9988
vn 0.0491 -0.0000 -0.9988
vn 0.1467 -0.0000 0.9892
vn 0.1467 -0.0000 -0.9892
vn 0.2430 -0.0000 0.9700
vn 0.2430 -0.0000 -0.9700
vn 0.3369 -0.0000 0.9415
vn 0.3369 -0.0000 -0.9415
vn 0.4276 -0.0000 0.9040
vn 0.4275 -0.0000 -0.9040
vn 0.5141 -0.0000 0.8577
vn 0.5141 -0.0000 -0.8577
vn 0.5957 -0.0000 0.8032
vn 0.5957 -0.0000 -0.8032
vn 0.6716 -0.0000 0.7409
vn 0.6716 -0.0000 -0.7409
vn 0.7409 -0.0000 0.6716
vn 0.7409 -0.0000 -0.6716
vn 0.8032 -0.0000 0.5957
vn 0.8032 -0.0000 -0.5957
vn 0.8577 -0.0000 0.5141
vn 0.8577 -0.0000 -0.5141
vn 0.9040 -0.0000 0.4275
vn 0.9040 -0.0000 -0.4275
vn 0.9415 -0.0000 0.3369
vn 0.9416 -0.0000 0.3369
vn 0.9415 -0.0000 -0.3369
vn 0.9416 -0.0000 -0.3369
vn 0.9700 -0.0000 0.2430
vn 0.9700 -0.0000 -0.2430
vn 0.9892 -0.0000 0.1467
vn 0.9892 -0.0000 -0.1467
vn -0.0001 1.0000 -0.0000
vn 0.9988 -0.0000 0.0491
vn 0.9988 -0.0000 -0.0491
s 0
f 1//1 2//1 4//1
f 1//2 3//2 206//2
f 1//1 4//1 3//1
f 1//3 101//3 2//3
f 1//3 203//3 101//3
f 1//2 206//2 203//2
f 2//4 101//4 4//4
f 3//5 4//5 103//5
f 3//5 103//5 206//5
f 4//4 101//4 103//4
f 5//1 6//1 8//1
f 5//2 7//2 212//2
f 5//1 8//1 7//1
f 5//3 105//3 6//3
f 5//3 209//3 105//3
f 5//2 212//2 209//2
f 6//4 105//4 8//4
f 7//5 8//5 107//5
f 7//5 107//5 212//5
f 8//4 105//4 107//4
f 9//1 10//1 12//1
f 9//2 11//2 218//2
f 9//1 12//1 11//1
f 9//3 109//3 10//3
f 9//3 215//3 109//3
f 9//2 218//2 215//2
f 10//4 109//4 12//4
f 11//5 12//5 111//5
f 11//5 111//5 218//5
f 12//4 109//4 111//4
f 13//1 14//1 16//1
f 13//2 15//2 224//2
f 13//1 16//1 15//1
f 13//3 113//3 14//3
f 13//3 221//3 113//3
f 13//2 224//2 221//2
f 14//4 113//4 16//4
f 15//5 16//5 115//5
f 15//5 115//5 224//5
f 16//4 113//4 115//4
f 17//1 18//1 20//1
f 17//2 19//2 230//2
f 17//1 20//1 19//1
f 17//3 117//3 18//3
f 17//3 227//3 117//3
f 17//2 230//2 227//2
f 18//4 117//4 20//4
f 19//5 20//5 119//5
f 19//5 119//5 230//5
f 20//4 117//4 119//4
f 21//1 22//1 24//1
f 21//2 23//2 236//2
f 21//1 24//1 23//1
f 21//3 121//3 22//3
f 21//3 233//3 121//3
f 21//2 236//2 233//2
f 22//4 121//4 24//4
f 23//5 24//5 123//5
f 23//5 123//5 236//5
f 24//4 121//4 123//4
f 25//1 26//1 28//1
f 25//2 27//2 242//2
f 25//1 28//1 27//1
f 25//3 125//3 26//3
f 25//3 239//3 125//3
f 25//2 242//2 239//2
f 26//4 125//4 28//4
f 27//5 28//5 127//5
f 27//5 127//5 242//5
f 28//4 125//4 127//4
f 29//1 30//1 32//1
f 29//2 31//2 248//2
f 29//1 32//1 31//1
f 29//3 129//3 30//3
f 29//3 245//3 129//3
f 29//2 248//2 245//2
f 30//4 129//4 32//4
f 31//5 32//5 131//5
f 31//5 131//5 248//5
f 32//4 129//4 131//4
f 33//1 34//1 36//1
f 33//2 35//2 254//2
f 33//1 36//1 35//1
f 33//3 133//3 34//3
f 33//3 251//3 133//3
f 33//2 254//2 251//2
f 34//4 133//4 36//4
f 35//5 36//5 135//5
f 35//5 135//5 254//5
f 36//4 133//4 135//4
f 37//1 38//1 40//1
f 37//2 39//2 260//2
f 37//1 40//1 39//1
f 37//3 137//3 38//3
f 37//3 257//3 137//3
f 37//2 260//2 257//2
f 38//4 137//4 40//4
f 39//5 40//5 139//5
f 39//5 139//5 260//5
f 40//4 137//4 139//4
f 41//1 42//1 44//1
f 41//2 43//2 266//2
f 41//1 44//1 43//1
f 41//3 141//3 42//3
f 41//3 263//3 141//3
f 41//2 266//2 263//2
f 42//4 141//4 44//4
f 43//5 44//5 143//5
f 43//5 143//5 266//5
f 44//4 141//4 143//4
f 45//1 46//1 48//1
f 45//2 47//2 272//2
f 45//1 48//1 47//1
f 45//3 145//3 46//3
f 45//3 269//3 145//3
f 45//2 272//2 269//2
f 46//4 145//4 48//4
f 47//5 48//5 147//5
f 47//5 147//5 272//5
f 48//4 145//4 147//4
f 49//1 50//1 52//1
f 49//2 51//2 278//2
f 49//1 52//1 51//1
f 49//3 149//3 50//3
f 49//3 275//3 149//3
f 49//2 278//2 275//2
f 50//4 149//4 52//4
f 51//5 52//5 151//5
f 51//5 151//5 278//5
f 52//4 149//4 151//4
f 53//1 54//1 56//1
f 53//2 55//2 284//2
f 53//1 56//1 55//1
f 53//3 153//3 54//3
f 53//3 281//3 153//3
f 53//2 284//2 281//2
f 54//4 153//4 56//4
f 55//5 56//5 155//5
f 55//5 155//5 284//5
f 56//4 153//4 155//4
f 57//1 58//1 60//1
f 57//2 59//2 290//2
f 57//1 60//1 59//1
f 57//3 157//3 58//3
f 57//3 287//3 157//3
f 57//2 290//2 287//2
f 58//4 157//4 60//4
f 59//5 60//5 159//5
f 59//5 159//5 290//5
f 60//4 157//4 159//4
f 61//1 62//1 64//1
f 61//2 63//2 296//2
f 61//1 64//1 63//1
f 61//3 161//3 62//3
f 61//3 293//3 161//3
f 61//2 296//2 293//2
f 62//4 161//4 64//4
f 63//5 64//5 163//5
f 63//5 163//5 296//5
f 64//4 161//4 163//4
f 65//1 66//1 68//1
f 65//2 67//2 302//2
f 65//1 68//1 67//1
f 65//3 165//3 66//3
f 65//3 299//3 165//3
f 65//2 302//2 299//2
f 66//4 165//4 68//4
f 67//5 68//5 167//5
f 67//5 167//5 302//5
f 68//4 165//4 167//4
f 69//1 70//1 72//1
f 69//2 71//2 308//2
f 69//1 72//1 71//1
f 69//3 169//3 70//3
f 69//3 305//3 169//3
f 69//2 308//2 305//2
f 70//4 169//4 72//4
f 71//5 72//5 171//5
f 71//5 171//5 308//5
f 72//4 169//4 171//4
f 73//1 74//1 76//1
f 73//2 75//2 314//2
f 73//1 76//1 75//1
f 73//3 173//3 74//3
f 73//3 311//3 173//3
f 73//2 314//2 311//2
f 74//4 173//4 76//4
f 75//5 76//5 175//5
f 75//5 175//5 314//5
f 76//4 173//4 175//4
f 77//1 78//1 80//1
f 77//2 79//2 320//2
f 77//1 80//1 79//1
f 77//3 177//3 78//3
f 77//3 317//3 177//3
f 77//2 320//2 317//2
f 78//4 177//4 80//4
f 79//5 80//5 179//5
f 79//5 179//5 320//5
f 80//4 177//4 179//4
f 81//1 82//1 84//1
f 81//2 83//2 326//2
f 81//1 84//1 83//1
f 81//3 181//3 82//3
f 81//3 323//3 181//3
f 81//2 326//2 323//2
f 82//4 181//4 84//4
f 83//5 84//5 183//5
f 83//5 183//5 326//5
f 84//4 181//4 183//4
f 85//1 86//1 88//1
f 85//2 87//2 332//2
f 85//1 88//1 87//1
f 85//3 185//3 86//3
f 85//3 329//3 185//3
f 85//2 332//2 329//2
f 86//4 185//4 88//4
f 87//5 88//5 187//5
f 87//5 187//5 332//5
f 88//4 185//4 187//4
f 89//1 90//1 92//1
f 89//2 91//2 338//2
f 89//1 92//1 91//1
f 89//3 189//3 90//3
f 89//3 335//3 189//3
f 89//2 338//2 335//2
f 90//4 189//4 92//4
f 91//5 92//5 191//5
f 91//5 191//5 338//5
f 92//4 189//4 191//4
f 93//1 94//1 96//1
f 93//2 95//2 344//2
f 93//1 96//1 95//1
f 93//3 193//3 94//3
f 93//3 341//3 193//3
f 93//2 344//2 341//2
f 94//4 193//4 96//4
f 95//5 96//5 195//5
f 95//5 195//5 344//5
f 96//4 193//4 195//4
f 97//1 98//1 100//1
f 97//2 99//2 350//2
f 97//1 100//1 99//1
f 97//3 197//3 98//3
f 97//3 347//3 197//3
f 97//2 350//2 347//2
f 98//4 197//4 100//4
f 99//5 100//5 199//5
f 99//5 199//5 350//5
f 100//4 197//4 199//4
f 101//1 102//1 104//1
f 101//1 104//1 103//1
f 101//3 203//3 204//3
f 101//3 204//3 205//3
f 101//3 205//3 102//3
f 102//4 205//4 104//4
f 103//5 104//5 208//5
f 103//5 207//5 206//5
f 103//5 208//5 207//5
f 104//4 205//4 208//4
f 105//1 106//1 108//1
f 105//1 108//1 107//1
f 105//3 209//3 210//3
f 105//3 210//3 211//3
f 105//3 211//3 106//3
f 106//4 211//4 108//4
f 107//5 108//5 214//5
f 107//5 213//5 212//5
f 107//5 214//5 213//5
f 108//4 211//4 214//4
f 109//1 110//1 112//1
f 109//1 112//1 111//1
f 109//3 215//3 216//3
f 109//3 216//3 217//3
f 109//3 217//3 110//3
f 110//4 217//4 112//4
f 111//5 112//5 220//5
f 111//5 219//5 218//5
f 111//5 220//5 219//5
f 112//4 217//4 220//4
f 113//1 114//1 116//1
f 113//1 116//1 115//1
f 113//3 221//3 222//3
f 113//3 222//3 223//3
f 113//3 223//3 114//3
f 114//4 223//4 116//4
f 115//5 116//5 226//5
f 115//5 225//5 224//5
f 115//5 226//5 225//5
f 116//4 223//4 226//4
f 117//1 118//1 120//1
f 117//1 120//1 119//1
f 117//3 227//3 228//3
f 117//3 228//3 229//3
f 117//3 229//3 118//3
f 118//4 229//4 120//4
f 119//5 120//5 232//5
f 119//5 231//5 230//5
f 119//5 232//5 231//5
f 120//4 229//4 232//4
f 121//1 122//1 124//1
f 121//1 124//1 123//1
f 121//3 233//3 234//3
f 121//3 234//3 235//3
f 121//3 235//3 122//3
f 122//4 235//4 124//4
f 123//5 124//5 238//5
f 123//5 237//5 236//5
f 123//5 238//5 237//5
f 124//4 235//4 238//4
f 125//1 126//1 128//1
f 125//1 128//1 127//1
f 125//3 239//3 240//3
f 125//3 240//3 241//3
f 125//3 241//3 126//3
f 126//4 241//4 128//4
f 127//5 128//5 244//5
f 127//5 243//5 242//5
f 127//5 244//5 243//5
f 128//4 241//4 244//4
f 129//1 130//1 132//1
f 129//1 132//1 131//1
f 129//3 245//3 246//3
f 129//3 246//3 247//3
f 129//3 247//3 130//3
f 130//4 247//4 132//4
f 131//5 132//5 250//5
f 131//5 249//5 248//5
f 131//5 250//5 249//5
f 132//4 247//4 250//4
f 133//1 134//1 136//1
f 133//1 136//1 135//1
f 133//3 251//3 252//3
f 133//3 252//3 253//3
f 133//3 253//3 134//3
f 134//4 253//4 136//4
f 135//5 136//5 256//5
f 135//5 255//5 254//5
f 135//5 256//5 255//5
f 136//4 253//4 256//4
f 137//1 138//1 140//1
f 137//1 140//1 139//1
f 137//3 257//3 258//3
f 137//3 258//3 259//3
f 137//3 259//3 138//3
f 138//4 259//4 140//4
f 139//5 140//5 262//5
f 139//5 261//5 260//5
f 139//5 262//5 261//5
f 140//4 259//4 262//4
f 141//1 142//1 144//1
f 141//1 144//1 143//1
f 141//3 263//3 264//3
f 141//3 264//3 265//3
f 141//3 265//3 142//3
f 142//4 265//4 144//4
f 143//5 144//5 268//5
f 143//5 267//5 266//5
f 143//5 268//5 267//5
f 144//4 265//4 268//4
f 145//1 146//1 148//1
f 145//1 148//1 147//1
f 145//3 269//3 270//3
f 145//3 270//3 271//3
f 145//3 271//3 146//3
f 146//4 271//4 148//4
f 147//5 148//5 274//5
f 147//5 273//5 272//5
f 147//5 274//5 273//5
f 148//4 271//4 274//4
f 149//1 150//1 152//1
f 149//1 152//1 151//1
f 149//3 275//3 276//3
f 149//3 276//3 277//3
f 149//3 277//3 150//3
f 150//4 277//4 152//4
f 151//5 152//5 280//5
f 151//5 279//5 278//5
f 151//5 280//5 279//5
f 152//4 277//4 280//4
f 153//1 154//1 156//1
f 153//1 156//1 155//1
f 153//3 281//3 282//3
f 153//3 282//3 283//3
f 153//3 283//3 154//3
f 154//4 283//4 156//4
f 155//5 156//5 286//5
f 155//5 285//5 284//5
f 155//5 286//5 285//5
f 156//4 283//4 286//4
f 157//1 158//1 160//1
f 157//1 160//1 159//1
f 157//3 287//3 288//3
f 157//3 288//3 289//3
f 157//3 289//3 158//3
f 158//4 289//4 160//4
f 159//5 160//5 292//5
f 159//5 291//5 290//5
f 159//5 292//5 291//5
f 160//4 289//4 292//4
f 161//1 162//1 164//1
f 161//1 164//1 163//1
f 161//3 293//3 294//3
f 161//3 294//3 295//3
f 161//3 295//3 162//3
f 162//4 295//4 164//4
f 163//5 164//5 298//5
f 163//5 297//5 296//5
f 163//5 298//5 297//5
f 164//4 295//4 298//4
f 165//1 166//1 168//1
f 165//1 168//1 167//1
f 165//3 299//3 300//3
f 165//3 300//3 301//3
f 165//3 301//3 166//3
f 166//4 301//4 168//4
f 167//5 168//5 304//5
f 167//5 303//5 302//5
f 167//5 304//5 303//5
f 168//4 301//4 304//4
f 169//1 170//1 172//1
f 169//1 172//1 171//1
f 169//3 305//3 306//3
f 169//3 306//3 307//3
f 169//3 307//3 170//3
f 170//4 307//4 172//4
f 171//5 172//5 310//5
f 171//5 309//5 308//5
f 171//5 310//5 309//5
f 172//4 307//4 310//4
f 173//1 174//1 176//1
f 173//1 176//1 175//1
f 173//3 311//3 312//3
f 173//3 312//3 313//3
f 173//3 313//3 174//3
f 174//4 313//4 176//4
f 175//5 176//5 316//5
f 175//5 315//5 314//5
f 175//5 316//5 315//5
f 176//4 313//4 316//4
f 177//1 178//1 180//1
f 177//1 180//1 179//1
f 177//3 317//3 318//3
f 177//3 318//3 319//3
f 177//3 319//3 178//3
f 178//4 319//4 180//4
f 179//5 180//5 322//5
f 179//5 321//5 320//5
f 179//5 322//5 321//5
f 180//4 319//4 322//4
f 181//1 182//1 184//1
f 181//1 184//1 183//1
f 181//3 323//3 324//3
f 181//3 324//3 325//3
f 181//3 325//3 182//3
f 182//4 325//4 184//4
f 183//5 184//5 328//5
f 183//5 327//5 326//5
f 183//5 328//5 327//5
f 184//4 325//4 328//4
f 185//1 186//1 188//1
f 185//1 188//1 187//1
f 185//3 329//3 330//3
f 185//3 330//3 331//3
f 185//3 331//3 186//3
f 186//4 331//4 188//4
f 187//5 188//5 334//5
f 187//5 333//5 332//5
f 187//5 334//5 333//5
f 188//4 331//4 334//4
f 189//1 190//1 192//1
f 189//1 192//1 191//1
f 189//3 335//3 336//3
f 189//3 336//3 337//3
f 189//3 337//3 190//3
f 190//4 337//4 192//4
f 191//5 192//5 340//5
f 191//5 339//5 338//5
f 191//5 340//5 339//5
f 192//4 337//4 340//4
f 193//1 194//1 196//1
f 193//1 196//1 195//1
f 193//3 341//3 342//3
f 193//3 342//3 343//3
f 193//3 343//3 194//3
f 194//4 343//4 196//4
f 195//5 196//5 346//5
f 195//5 345//5 344//5
f 195//5 346//5 345//5
f 196//4 343//4 346//4
f 197//1 198//1 200//1
f 197//1 200//1 199//1
f 197//3 347//3 348//3
f 197//3 348//3 349//3
f 197//3 349//3 198//3
f 198//4 349//4 200//4
f 199//5 200//5 352//5
f 199//5 351//5 350//5
f 199//5 352//5 351//5
f 200//4 349//4 352//4
f 201//1 202//1 205//1
f 201//2 204//2 488//2
f 201//1 205//1 204//1
f 201//3 488//3 489//3
f 201//3 489//3 202//3
f 202//1 208//1 205//1
f 202//1 211//1 208//1
f 202//1 214//1 211//1
f 202//1 217//1 214//1
f 202//1 220//1 217//1
f 202//1 223//1 220//1
f 202//1 226//1 223//1
f 202//1 229//1 226//1
f 202//1 232//1 229//1
f 202//1 235//1 232//1
f 202//1 238//1 235//1
f 202//1 241//1 238//1
f 202//1 244//1 241//1
f 202//1 247//1 244//1
f 202//1 250//1 247//1
f 202//1 253//1 250//1
f 202//1 256//1 253//1
f 202//1 259//1 256//1
f 202//1 262//1 259//1
f 202//1 265//1 262//1
f 202//1 268//1 265//1
f 202//1 271//1 268//1
f 202//1 274//1 271//1
f 202//1 354//1 274//1
f 202//4 355//4 359//4
f 202//4 357//4 355//4
f 202//4 359//4 363//4
f 202//4 361//4 357//4
f 202//4 363//4 367//4
f 202//4 365//4 361//4
f 202//6 367//6 371//6
f 202//4 369//4 365//4
f 202//4 371//4 354//4
f 202//4 373//4 369//4
f 202//4 377//4 373//4
f 202//4 381//4 377//4
f 202//4 385//4 381//4
f 202//4 389//4 385//4
f 202//4 393//4 389//4
f 202//4 397//4 393//4
f 202//4 401//4 397//4
f 202//4 405//4 401//4
f 202//4 409//4 405//4
f 202//4 413//4 409//4
f 202//4 417//4 413//4
f 202//4 421//4 417//4
f 202//4 425//4 421//4
f 202//4 429//4 425//4
f 202//4 433//4 429//4
f 202//3 489//3 503//3
f 202//3 503//3 517//3
f 202//3 517//3 531//3
f 202//3 531//3 545//3
f 202//3 545//3 559//3
f 202//3 559//3 573//3
f 202//3 573//3 587//3
f 202//3 587//3 601//3
f 202//3 601//3 615//3
f 202//3 615//3 629//3
f 202//3 629//3 643//3
f 202//3 643//3 657//3
f 202//3 657//3 671//3
f 202//3 671//3 685//3
f 202//3 685//3 699//3
f 202//3 699//3 713//3
f 202//3 713//3 727//3
f 202//3 727//3 741//3
f 202//3 741//3 755//3
f 202//3 755//3 769//3
f 202//3 769//3 783//3
f 202//3 783//3 797//3
f 202//3 797//3 811//3
f 202//3 811//3 1184//3
f 202//4 1184//4 433//4
f 203//7 206//7 204//7
f 204//7 206//7 207//7
f 204//2 207//2 488//2
f 207//1 208//1 211//1
f 207//2 210//2 502//2
f 207//1 211//1 210//1
f 207//2 502//2 488//2
f 209//7 212//7 210//7
f 210//7 212//7 213//7
f 210//2 213//2 516//2
f 210//2 516//2 502//2
f 213//1 214//1 217//1
f 213//2 216//2 530//2
f 213//1 217//1 216//1
f 213//2 530//2 516//2
f 215//7 218//7 216//7
f 216//7 218//7 219//7
f 216//2 219//2 544//2
f 216//2 544//2 530//2
f 219//1 220//1 223//1
f 219//2 222//2 558//2
f 219//1 223//1 222//1
f 219//2 558//2 544//2
f 221//7 224//7 222//7
f 222//7 224//7 225//7
f 222//2 225//2 572//2
f 222//2 572//2 558//2
f 225//1 226//1 229//1
f 225//2 228//2 586//2
f 225//1 229//1 228//1
f 225//2 586//2 572//2
f 227//7 230//7 228//7
f 228//7 230//7 231//7
f 228//2 231//2 600//2
f 228//2 600//2 586//2
f 231//1 232//1 235//1
f 231//2 234//2 614//2
f 231//1 235//1 234//1
f 231//2 614//2 600//2
f 233//7 236//7 234//7
f 234//7 236//7 237//7
f 234//2 237//2 628//2
f 234//2 628//2 614//2
f 237//1 238//1 241//1
f 237//2 240//2 642//2
f 237//1 241//1 240//1
f 237//2 642//2 628//2
f 239//7 242//7 240//7
f 240//7 242//7 243//7
f 240//2 243//2 656//2
f 240//2 656//2 642//2
f 243//1 244//1 247//1
f 243//2 246//2 670//2
f 243//1 247//1 246//1
f 243//2 670//2 656//2
f 245//7 248//7 246//7
f 246//7 248//7 249//7
f 246//2 249//2 684//2
f 246//2 684//2 670//2
f 249//1 250//1 253//1
f 249//2 252//2 698//2
f 249//1 253//1 252//1
f 249//2 698//2 684//2
f 251//7 254//7 252//7
f 252//7 254//7 255//7
f 252//2 255//2 712//2
f 252//2 712//2 698//2
f 255//1 256//1 259//1
f 255//2 258//2 726//2
f 255//1 259//1 258//1
f 255//2 726//2 712//2
f 257//7 260//7 258//7
f 258//7 260//7 261//7
f 258//2 261//2 740//2
f 258//2 740//2 726//2
f 261//1 262//1 265//1
f 261//2 264//2 754//2
f 261//1 265//1 264//1
f 261//2 754//2 740//2
f 263//7 266//7 264//7
f 264//7 266//7 267//7
f 264//2 267//2 768//2
f 264//2 768//2 754//2
f 267//1 268//1 271//1
f 267//2 270//2 782//2
f 267//1 271//1 270//1
f 267//2 782//2 768//2
f 269//7 272//7 270//7
f 270//7 272//7 273//7
f 270//2 273//2 796//2
f 270//2 796//2 782//2
f 273//1 274//1 277//1
f 273//2 276//2 810//2
f 273//1 277//1 276//1
f 273//2 810//2 796//2
f 274//1 354//1 277//1
f 275//7 278//7 276//7
f 276//7 278//7 279//7
f 276//2 279//2 827//2
f 276//2 824//2 810//2
f 276//2 827//2 824//2
f 277//1 354//1 280//1
f 279//1 280//1 283//1
f 279//2 282//2 813//2
f 279//1 283//1 282//1
f 279//2 813//2 827//2
f 280//1 354//1 283//1
f 281//7 284//7 282//7
f 282//7 284//7 285//7
f 282//2 285//2 799//2
f 282//2 799//2 813//2
f 283//1 354//1 286//1
f 285//1 286//1 289//1
f 285//2 288//2 785//2
f 285//1 289//1 288//1
f 285//2 785//2 799//2
f 286//1 354//1 289//1
f 287//7 290//7 288//7
f 288//7 290//7 291//7
f 288//2 291//2 771//2
f 288//2 771//2 785//2
f 289//1 354//1 292//1
f 291//1 292//1 295//1
f 291//2 294//2 757//2
f 291//1 295//1 294//1
f 291//2 757//2 771//2
f 292//1 354//1 295//1
f 293//7 296//7 294//7
f 294//7 296//7 297//7
f 294//2 297//2 743//2
f 294//2 743//2 757//2
f 295//1 354//1 298//1
f 297//1 298//1 301//1
f 297//2 300//2 729//2
f 297//1 301//1 300//1
f 297//2 729//2 743//2
f 298//1 354//1 301//1
f 299//7 302//7 300//7
f 300//7 302//7 303//7
f 300//2 303//2 715//2
f 300//2 715//2 729//2
f 301//1 354//1 304//1
f 303//1 304//1 307//1
f 303//2 306//2 701//2
f 303//1 307//1 306//1
f 303//2 701//2 715//2
f 304//1 354//1 307//1
f 305//7 308//7 306//7
f 306//7 308//7 309//7
f 306//2 309//2 687//2
f 306//2 687//2 701//2
f 307//1 354//1 310//1
f 309//1 310//1 313//1
f 309//2 312//2 673//2
f 309//1 313//1 312//1
f 309//2 673//2 687//2
f 310//1 354//1 313//1
f 311//7 314//7 312//7
f 312//7 314//7 315//7
f 312//2 315//2 659//2
f 312//2 659//2 673//2
f 313//1 354//1 316//1
f 315//1 316//1 319//1
f 315//2 318//2 645//2
f 315//1 319//1 318//1
f 315//2 645//2 659//2
f 316//1 354//1 319//1
f 317//7 320//7 318//7
f 318//7 320//7 321//7
f 318//2 321//2 631//2
f 318//2 631//2 645//2
f 319//1 354//1 322//1
f 321//1 322//1 325//1
f 321//2 324//2 617//2
f 321//1 325//1 324//1
f 321//2 617//2 631//2
f 322//1 354//1 325//1
f 323//7 326//7 324//7
f 324//7 326//7 327//7
f 324//2 327//2 603//2
f 324//2 603//2 617//2
f 325//1 354//1 328//1
f 327//1 328//1 331//1
f 327//2 330//2 589//2
f 327//1 331//1 330//1
f 327//2 589//2 603//2
f 328//1 354//1 331//1
f 329//7 332//7 330//7
f 330//7 332//7 333//7
f 330//2 333//2 575//2
f 330//2 575//2 589//2
f 331//1 354//1 334//1
f 333//1 334//1 337//1
f 333//2 336//2 561//2
f 333//1 337//1 336//1
f 333//2 561//2 575//2
f 334//1 354//1 337//1
f 335//7 338//7 336//7
f 336//7 338//7 339//7
f 336//2 339//2 547//2
f 336//2 547//2 561//2
f 337//1 354//1 340//1
f 339//1 340//1 343//1
f 339//2 342//2 533//2
f 339//1 343//1 342//1
f 339//2 533//2 547//2
f 340//1 354//1 343//1
f 341//7 344//7 342//7
f 342//7 344//7 345//7
f 342//2 345//2 519//2
f 342//2 519//2 533//2
f 343//1 354//1 346//1
f 345//1 346//1 349//1
f 345//2 348//2 505//2
f 345//1 349//1 348//1
f 345//2 505//2 519//2
f 346//1 354//1 349//1
f 347//7 350//7 348//7
f 348//7 350//7 351//7
f 348//2 351//2 491//2
f 348//2 491//2 505//2
f 349//1 354//1 352//1
f 351//1 352//1 353//1
f 351//2 353//2 491//2
f 352//1 354//1 353//1
f 353//5 354//5 492//5
f 353//5 492//5 491//5
f 354//4 371//4 375//4
f 354//4 375//4 379//4
f 354//4 379//4 383//4
f 354//4 383//4 387//4
f 354//4 387//4 391//4
f 354//4 391//4 395//4
f 354//4 395//4 399//4
f 354//4 399//4 403//4
f 354//4 403//4 407//4
f 354//4 407//4 411//4
f 354//4 411//4 415//4
f 354//4 415//4 419//4
f 354//4 419//4 423//4
f 354//4 423//4 427//4
f 354//4 427//4 431//4
f 354//4 431//4 435//4
f 354//4 435//4 439//4
f 354//4 439//4 443//4
f 354//4 443//4 447//4
f 354//4 447//4 1336//4
f 354//5 506//5 492//5
f 354//5 520//5 506//5
f 354//5 534//5 520//5
f 354//5 548//5 534//5
f 354//5 562//5 548//5
f 354//5 576//5 562//5
f 354//5 590//5 576//5
f 354//5 604//5 590//5
f 354//5 618//5 604//5
f 354//5 632//5 618//5
f 354//5 646//5 632//5
f 354//5 660//5 646//5
f 354//5 674//5 660//5
f 354//5 688//5 674//5
f 354//8 702//8 688//8
f 354//9 716//9 702//9
f 354//8 730//8 716//8
f 354//9 744//9 730//9
f 354//8 758//8 744//8
f 354//9 772//9 758//9
f 354//8 786//8 772//8
f 354//9 800//9 786//9
f 354//8 814//8 800//8
f 354//9 828//9 814//9
f 354//8 842//8 828//8
f 354//9 856//9 842//9
f 354//5 1336//5 856//5
f 355//10 356//10 360//10
f 355//11 357//11 356//11
f 355//10 360//10 359//10
f 356//11 357//11 358//11
f 356//12 358//12 360//12
f 357//13 361//13 358//13
f 358//13 361//13 362//13
f 358//6 362//6 360//6
f 359//14 360//14 364//14
f 359//14 364//14 363//14
f 360//4 362//4 364//4
f 361//15 365//15 362//15
f 362//15 365//15 366//15
f 362//4 366//4 364//4
f 363//16 364//16 368//16
f 363//16 368//16 367//16
f 364//4 366//4 368//4
f 365//17 369//17 366//17
f 366//17 369//17 370//17
f 366//4 370//4 368//4
f 367//18 368//18 372//18
f 367//18 372//18 371//18
f 368//4 370//4 372//4
f 369//19 373//19 370//19
f 370//19 373//19 374//19
f 370//4 374//4 372//4
f 371//20 372//20 376//20
f 371//20 376//20 375//20
f 372//4 374//4 376//4
f 373//21 377//21 374//21
f 374//21 377//21 378//21
f 374//4 378//4 376//4
f 375//22 376//22 380//22
f 375//22 380//22 379//22
f 376//4 378//4 380//4
f 377//23 381//23 378//23
f 378//23 381//23 382//23
f 378//4 382//4 380//4
f 379//24 380//24 384//24
f 379//24 384//24 383//24
f 380//4 382//4 384//4
f 381//25 385//25 382//25
f 382//25 385//25 386//25
f 382//4 386//4 384//4
f 383//26 384//26 388//26
f 383//26 388//26 387//26
f 384//4 386//4 388//4
f 385//27 389//27 390//27
f 385//27 390//27 386//27
f 386//4 390//4 388//4
f 387//28 388//28 391//28
f 388//4 390//4 392//4
f 388//28 392//28 391//28
f 389//29 393//29 394//29
f 389//29 394//29 390//29
f 390//4 394//4 392//4
f 391//30 392//30 395//30
f 392//4 394//4 396//4
f 392//30 396//30 395//30
f 393//31 397//31 398//31
f 393//31 398//31 394//31
f 394//4 398//4 396//4
f 395//32 396//32 399//32
f 396//4 398//4 400//4
f 396//32 400//32 399//32
f 397//33 401//33 402//33
f 397//33 402//33 398//33
f 398//4 402//4 400//4
f 399//34 400//34 403//34
f 400//4 402//4 404//4
f 400//34 404//34 403//34
f 401//35 405//35 406//35
f 401//35 406//35 402//35
f 402//4 406//4 404//4
f 403//36 404//36 407//36
f 404//4 406//4 408//4
f 404//36 408//36 407//36
f 405//37 409//37 410//37
f 405//37 410//37 406//37
f 406//4 410//4 408//4
f 407//38 408//38 411//38
f 408//4 410//4 412//4
f 408//38 412//38 411//38
f 409//39 413//39 414//39
f 409//39 414//39 410//39
f 410//4 414//4 412//4
f 411//40 412//40 415//40
f 412//4 414//4 416//4
f 412//40 416//40 415//40
f 413//41 417//41 418//41
f 413//41 418//41 414//41
f 414//4 418//4 416//4
f 415//42 416//42 419//42
f 416//4 418//4 420//4
f 416//42 420//42 419//42
f 417//43 421//43 422//43
f 417//43 422//43 418//43
f 418//4 422//4 420//4
f 419//44 420//44 423//44
f 420//4 422//4 424//4
f 420//44 424//44 423//44
f 421//45 425//45 426//45
f 421//45 426//45 422//45
f 422//4 426//4 424//4
f 423//46 424//46 427//46
f 424//4 426//4 428//4
f 424//46 428//46 427//46
f 425//47 429//47 430//47
f 425//47 430//47 426//47
f 426//4 430//4 428//4
f 427//48 428//48 431//48
f 428//4 430//4 432//4
f 428//48 432//48 431//48
f 429//49 433//49 434//49
f 429//49 434//49 430//49
f 430//4 434//4 432//4
f 431//50 432//50 435//50
f 432//4 434//4 436//4
f 432//50 436//50 435//50
f 433//51 437//51 438//51
f 433//51 438//51 434//51
f 433//4 1184//4 437//4
f 434//4 438//4 436//4
f 435//52 436//52 439//52
f 436//4 438//4 440//4
f 436//52 440//52 439//52
f 437//53 441//53 442//53
f 437//53 442//53 438//53
f 437//4 1184//4 441//4
f 438//4 442//4 440//4
f 439//54 440//54 443//54
f 440//4 442//4 444//4
f 440//54 444//54 443//54
f 441//55 445//55 446//55
f 441//55 446//55 442//55
f 441//4 1184//4 445//4
f 442//4 446//4 444//4
f 443//56 444//56 447//56
f 444//4 446//4 448//4
f 444//56 448//56 447//56
f 445//57 449//57 450//57
f 445//57 450//57 446//57
f 445//4 1184//4 449//4
f 446//4 450//4 448//4
f 447//58 448//58 451//58
f 447//4 451//4 1336//4
f 448//4 450//4 452//4
f 448//58 452//58 451//58
f 449//59 453//59 450//59
f 449//4 1184//4 453//4
f 450//59 453//59 454//59
f 450//4 454//4 452//4
f 451//60 452//60 456//60
f 451//4 455//4 1336//4
f 451//60 456//60 455//60
f 452//4 454//4 456//4
f 453//61 457//61 454//61
f 453//4 1184//4 457//4
f 454//61 457//61 458//61
f 454//4 458//4 456//4
f 455//62 456//62 460//62
f 455//4 459//4 1184//4
f 455//62 460//62 459//62
f 455//4 1184//4 1336//4
f 456//4 458//4 460//4
f 457//63 461//63 458//63
f 457//4 1184//4 461//4
f 458//63 461//63 462//63
f 458//4 462//4 460//4
f 459//64 460//64 464//64
f 459//4 463//4 1184//4
f 459//64 464//64 463//64
f 460//4 462//4 464//4
f 461//65 465//65 462//65
f 461//4 1184//4 465//4
f 462//65 465//65 466//65
f 462//4 466//4 464//4
f 463//66 464//66 468//66
f 463//4 467//4 1184//4
f 463//66 468//66 467//66
f 464//4 466//4 468//4
f 465//67 469//67 466//67
f 465//4 1184//4 469//4
f 466//68 469//68 470//68
f 466//4 470//4 468//4
f 467//69 468//69 472//69
f 467//4 471//4 1184//4
f 467//70 472//70 471//70
f 468//4 470//4 472//4
f 469//71 473//71 470//71
f 469//4 1184//4 473//4
f 470//71 473//71 474//71
f 470//4 474//4 472//4
f 471//72 472//72 476//72
f 471//4 475//4 1184//4
f 471//72 476//72 475//72
f 472//4 474//4 476//4
f 473//73 477//73 474//73
f 473//4 1184//4 477//4
f 474//73 477//73 478//73
f 474//4 478//4 476//4
f 475//74 476//74 480//74
f 475//4 479//4 1184//4
f 475//74 480//74 479//74
f 476//75 478//75 480//75
f 477//76 481//76 478//76
f 477//4 1184//4 481//4
f 478//76 481//76 482//76
f 478//6 482//6 480//6
f 479//77 480//77 482//77
f 479//4 481//4 1184//4
f 479//77 482//77 481//77
f 483//1 484//1 485//1
f 483//1 485//1 487//1
f 483//2 487//2 501//2
f 483//3 497//3 498//3
f 483//3 498//3 484//3
f 483//2 501//2 497//2
f 484//4 498//4 485//4
f 485//1 486//1 489//1
f 485//1 488//1 487//1
f 485//1 489//1 488//1
f 485//4 498//4 499//4
f 485//3 499//3 500//3
f 485//3 500//3 486//3
f 486//4 500//4 489//4
f 487//5 488//5 501//5
f 488//5 502//5 501//5
f 489//4 500//4 503//4
f 490//1 491//1 493//1
f 490//1 493//1 495//1
f 490//2 495//2 509//2
f 490//3 504//3 505//3
f 490//3 505//3 491//3
f 490//2 509//2 504//2
f 491//1 492//1 493//1
f 492//1 494//1 493//1
f 492//4 506//4 494//4
f 493//5 494//5 507//5
f 493//1 496//1 495//1
f 493//4 507//4 496//4
f 494//4 506//4 508//4
f 494//5 508//5 507//5
f 495//5 496//5 509//5
f 496//4 507//4 510//4
f 496//5 510//5 509//5
f 497//7 499//7 498//7
f 497//7 501//7 499//7
f 499//7 501//7 502//7
f 499//7 502//7 503//7
f 499//7 503//7 500//7
f 502//3 516//3 517//3
f 502//3 517//3 503//3
f 504//7 507//7 505//7
f 504//7 509//7 507//7
f 505//5 506//5 519//5
f 505//7 507//7 506//7
f 506//7 507//7 508//7
f 506//5 520//5 519//5
f 507//7 509//7 510//7
f 511//1 512//1 513//1
f 511//1 513//1 515//1
f 511//2 515//2 529//2
f 511//3 525//3 526//3
f 511//3 526//3 512//3
f 511//2 529//2 525//2
f 512//4 526//4 513//4
f 513//1 514//1 517//1
f 513//1 516//1 515//1
f 513//1 517//1 516//1
f 513//4 526//4 527//4
f 513//3 527//3 528//3
f 513//3 528//3 514//3
f 514//4 528//4 517//4
f 515//5 516//5 529//5
f 516//5 530//5 529//5
f 517//4 528//4 531//4
f 518//1 519//1 521//1
f 518//1 521//1 523//1
f 518//2 523//2 537//2
f 518//3 532//3 533//3
f 518//3 533//3 519//3
f 518//2 537//2 532//2
f 519//1 520//1 521//1
f 520//1 522//1 521//1
f 520//4 534//4 522//4
f 521//5 522//5 535//5
f 521//1 524//1 523//1
f 521//4 535//4 524//4
f 522//4 534//4 536//4
f 522//5 536//5 535//5
f 523//5 524//5 537//5
f 524//4 535//4 538//4
f 524//5 538//5 537//5
f 525//7 527//7 526//7
f 525//7 529//7 527//7
f 527//7 529//7 530//7
f 527//7 530//7 531//7
f 527//7 531//7 528//7
f 530//3 544//3 545//3
f 530//3 545//3 531//3
f 532//7 535//7 533//7
f 532//7 537//7 535//7
f 533//5 534//5 547//5
f 533//7 535//7 534//7
f 534//7 535//7 536//7
f 534//5 548//5 547//5
f 535//7 537//7 538//7
f 539//1 540//1 541//1
f 539//1 541//1 543//1
f 539//2 543//2 557//2
f 539//3 553//3 554//3
f 539//3 554//3 540//3
f 539//2 557//2 553//2
f 540//4 554//4 541//4
f 541//1 542//1 545//1
f 541//1 544//1 543//1
f 541//1 545//1 544//1
f 541//4 554//4 555//4
f 541//3 555//3 556//3
f 541//3 556//3 542//3
f 542//4 556//4 545//4
f 543//5 544//5 557//5
f 544//5 558//5 557//5
f 545//4 556//4 559//4
f 546//1 547//1 549//1
f 546//1 549//1 551//1
f 546//2 551//2 565//2
f 546//3 560//3 561//3
f 546//3 561//3 547//3
f 546//2 565//2 560//2
f 547//1 548//1 549//1
f 548//1 550//1 549//1
f 548//4 562//4 550//4
f 549//5 550//5 563//5
f 549//1 552//1 551//1
f 549//4 563//4 552//4
f 550//4 562//4 564//4
f 550//5 564//5 563//5
f 551//5 552//5 565//5
f 552//4 563//4 566//4
f 552//5 566//5 565//5
f 553//7 555//7 554//7
f 553//7 557//7 555//7
f 555//7 557//7 558//7
f 555//7 558//7 559//7
f 555//7 559//7 556//7
f 558//3 572//3 573//3
f 558//3 573//3 559//3
f 560//7 563//7 561//7
f 560//7 565//7 563//7
f 561//5 562//5 575//5
f 561//7 563//7 562//7
f 562//7 563//7 564//7
f 562//5 576//5 575//5
f 563//7 565//7 566//7
f 567//1 568//1 569//1
f 567//1 569//1 571//1
f 567//2 571//2 585//2
f 567//3 581//3 582//3
f 567//3 582//3 568//3
f 567//2 585//2 581//2
f 568//4 582//4 569//4
f 569//1 570//1 573//1
f 569//1 572//1 571//1
f 569//1 573//1 572//1
f 569//4 582//4 583//4
f 569//3 583//3 584//3
f 569//3 584//3 570//3
f 570//4 584//4 573//4
f 571//5 572//5 585//5
f 572//5 586//5 585//5
f 573//4 584//4 587//4
f 574//1 575//1 577//1
f 574//1 577//1 579//1
f 574//2 579//2 593//2
f 574//3 588//3 589//3
f 574//3 589//3 575//3
f 574//2 593//2 588//2
f 575//1 576//1 577//1
f 576//1 578//1 577//1
f 576//4 590//4 578//4
f 577//5 578//5 591//5
f 577//1 580//1 579//1
f 577//4 591//4 580//4
f 578//4 590//4 592//4
f 578//5 592//5 591//5
f 579//5 580//5 593//5
f 580//4 591//4 594//4
f 580//5 594//5 593//5
f 581//7 583//7 582//7
f 581//7 585//7 583//7
f 583//7 585//7 586//7
f 583//7 586//7 587//7
f 583//7 587//7 584//7
f 586//3 600//3 601//3
f 586//3 601//3 587//3
f 588//7 591//7 589//7
f 588//7 593//7 591//7
f 589//5 590//5 603//5
f 589//7 591//7 590//7
f 590//7 591//7 592//7
f 590//5 604//5 603//5
f 591//7 593//7 594//7
f 595//1 596//1 597//1
f 595//1 597//1 599//1
f 595//2 599//2 613//2
f 595//3 609//3 610//3
f 595//3 610//3 596//3
f 595//2 613//2 609//2
f 596//4 610//4 597//4
f 597//1 598//1 601//1
f 597//1 600//1 599//1
f 597//1 601//1 600//1
f 597//4 610//4 611//4
f 597//3 611//3 612//3
f 597//3 612//3 598//3
f 598//4 612//4 601//4
f 599//5 600//5 613//5
f 600//5 614//5 613//5
f 601//4 612//4 615//4
f 602//1 603//1 605//1
f 602//1 605//1 607//1
f 602//2 607//2 621//2
f 602//3 616//3 617//3
f 602//3 617//3 603//3
f 602//2 621//2 616//2
f 603//1 604//1 605//1
f 604//1 606//1 605//1
f 604//4 618//4 606//4
f 605//5 606//5 619//5
f 605//1 608//1 607//1
f 605//4 619//4 608//4
f 606//4 618//4 620//4
f 606//5 620//5 619//5
f 607//5 608//5 621//5
f 608//4 619//4 622//4
f 608//5 622//5 621//5
f 609//7 611//7 610//7
f 609//7 613//7 611//7
f 611//7 613//7 614//7
f 611//7 614//7 615//7
f 611//7 615//7 612//7
f 614//3 628//3 629//3
f 614//3 629//3 615//3
f 616//7 619//7 617//7
f 616//7 621//7 619//7
f 617//5 618//5 631//5
f 617//7 619//7 618//7
f 618//7 619//7 620//7
f 618//5 632//5 631//5
f 619//7 621//7 622//7
f 623//1 624//1 625//1
f 623//1 625//1 627//1
f 623//2 627//2 641//2
f 623//3 637//3 638//3
f 623//3 638//3 624//3
f 623//2 641//2 637//2
f 624//4 638//4 625//4
f 625//1 626//1 629//1
f 625//1 628//1 627//1
f 625//1 629//1 628//1
f 625//4 638//4 639//4
f 625//3 639//3 640//3
f 625//3 640//3 626//3
f 626//4 640//4 629//4
f 627//5 628//5 641//5
f 628//5 642//5 641//5
f 629//4 640//4 643//4
f 630//1 631//1 633//1
f 630//1 633//1 635//1
f 630//2 635//2 649//2
f 630//3 644//3 645//3
f 630//3 645//3 631//3
f 630//2 649//2 644//2
f 631//1 632//1 633//1
f 632//1 634//1 633//1
f 632//4 646//4 634//4
f 633//5 634//5 647//5
f 633//1 636//1 635//1
f 633//4 647//4 636//4
f 634//4 646//4 648//4
f 634//5 648//5 647//5
f 635//5 636//5 649//5
f 636//4 647//4 650//4
f 636//5 650//5 649//5
f 637//7 639//7 638//7
f 637//7 641//7 639//7
f 639//7 641//7 642//7
f 639//7 642//7 643//7
f 639//7 643//7 640//7
f 642//3 656//3 657//3
f 642//3 657//3 643//3
f 644//7 647//7 645//7
f 644//7 649//7 647//7
f 645//5 646//5 659//5
f 645//7 647//7 646//7
f 646//7 647//7 648//7
f 646//5 660//5 659//5
f 647//7 649//7 650//7
f 651//1 652//1 653//1
f 651//1 653//1 655//1
f 651//2 655//2 669//2
f 651//3 665//3 666//3
f 651//3 666//3 652//3
f 651//2 669//2 665//2
f 652//4 666//4 653//4
f 653//1 654//1 657//1
f 653//1 656//1 655//1
f 653//1 657//1 656//1
f 653//4 666//4 667//4
f 653//3 667//3 668//3
f 653//3 668//3 654//3
f 654//4 668//4 657//4
f 655//5 656//5 669//5
f 656//5 670//5 669//5
f 657//4 668//4 671//4
f 658//1 659//1 661//1
f 658//1 661//1 663//1
f 658//2 663//2 677//2
f 658//3 672//3 673//3
f 658//3 673//3 659//3
f 658//2 677//2 672//2
f 659//1 660//1 661//1
f 660//1 662//1 661//1
f 660//4 674//4 662//4
f 661//5 662//5 675//5
f 661//1 664//1 663//1
f 661//4 675//4 664//4
f 662//4 674//4 676//4
f 662//5 676//5 675//5
f 663//5 664//5 677//5
f 664//4 675//4 678//4
f 664//5 678//5 677//5
f 665//7 667//7 666//7
f 665//7 669//7 667//7
f 667//7 669//7 670//7
f 667//7 670//7 671//7
f 667//7 671//7 668//7
f 670//3 684//3 685//3
f 670//3 685//3 671//3
f 672//7 675//7 673//7
f 672//7 677//7 675//7
f 673//5 674//5 687//5
f 673//7 675//7 674//7
f 674//7 675//7 676//7
f 674//5 688//5 687//5
f 675//7 677//7 678//7
f 679//1 680//1 681//1
f 679//1 681//1 683//1
f 679//2 683//2 697//2
f 679//3 693//3 694//3
f 679//3 694//3 680//3
f 679//2 697//2 693//2
f 680//4 694//4 681//4
f 681//1 682//1 685//1
f 681//1 684//1 683//1
f 681//1 685//1 684//1
f 681//4 694//4 695//4
f 681//3 695//3 696//3
f 681//3 696//3 682//3
f 682//4 696//4 685//4
f 683//5 684//5 697//5
f 684//5 698//5 697//5
f 685//4 696//4 699//4
f 686//1 687//1 689//1
f 686//1 689//1 691//1
f 686//2 691//2 705//2
f 686//3 700//3 701//3
f 686//3 701//3 687//3
f 686//2 705//2 700//2
f 687//1 688//1 689//1
f 688//1 690//1 689//1
f 688//4 702//4 690//4
f 689//5 690//5 703//5
f 689//1 692//1 691//1
f 689//4 703//4 692//4
f 690//4 702//4 704//4
f 690//5 704//5 703//5
f 691//5 692//5 705//5
f 692//4 703//4 706//4
f 692//5 706//5 705//5
f 693//7 695//7 694//7
f 693//7 697//7 695//7
f 695//7 697//7 698//7
f 695//7 698//7 699//7
f 695//7 699//7 696//7
f 698//3 712//3 713//3
f 698//3 713//3 699//3
f 700//7 703//7 701//7
f 700//7 705//7 703//7
f 701//5 702//5 715//5
f 701//7 703//7 702//7
f 702//7 703//7 704//7
f 702//5 716//5 715//5
f 703//7 705//7 706//7
f 707//1 708//1 709//1
f 707//1 709//1 711//1
f 707//2 711//2 725//2
f 707//3 721//3 722//3
f 707//3 722//3 708//3
f 707//2 725//2 721//2
f 708//4 722//4 709//4
f 709//1 710//1 713//1
f 709//1 712//1 711//1
f 709//1 713//1 712//1
f 709//4 722//4 723//4
f 709//3 723//3 724//3
f 709//3 724//3 710//3
f 710//4 724//4 713//4
f 711//5 712//5 725//5
f 712//5 726//5 725//5
f 713//4 724//4 727//4
f 714//1 715//1 717//1
f 714//1 717//1 719//1
f 714//2 719//2 733//2
f 714//3 728//3 729//3
f 714//3 729//3 715//3
f 714//2 733//2 728//2
f 715//1 716//1 717//1
f 716//1 718//1 717//1
f 716//4 730//4 718//4
f 717//5 718//5 731//5
f 717//1 720//1 719//1
f 717//4 731//4 720//4
f 718//4 730//4 732//4
f 718//5 732//5 731//5
f 719//5 720//5 733//5
f 720//4 731//4 734//4
f 720//5 734//5 733//5
f 721//7 723//7 722//7
f 721//7 725//7 723//7
f 723//7 725//7 726//7
f 723//7 726//7 727//7
f 723//7 727//7 724//7
f 726//3 740//3 741//3
f 726//3 741//3 727//3
f 728//7 731//7 729//7
f 728//7 733//7 731//7
f 729//5 730//5 743//5
f 729//7 731//7 730//7
f 730//7 731//7 732//7
f 730//5 744//5 743//5
f 731//7 733//7 734//7
f 735//1 736//1 737//1
f 735//1 737//1 739//1
f 735//2 739//2 753//2
f 735//3 749//3 750//3
f 735//3 750//3 736//3
f 735//2 753//2 749//2
f 736//4 750//4 737//4
f 737//1 738//1 741//1
f 737//1 740//1 739//1
f 737//1 741//1 740//1
f 737//4 750//4 751//4
f 737//3 751//3 752//3
f 737//3 752//3 738//3
f 738//4 752//4 741//4
f 739//5 740//5 753//5
f 740//5 754//5 753//5
f 741//4 752//4 755//4
f 742//1 743//1 745//1
f 742//1 745//1 747//1
f 742//2 747//2 761//2
f 742//3 756//3 757//3
f 742//3 757//3 743//3
f 742//2 761//2 756//2
f 743//1 744//1 745//1
f 744//1 746//1 745//1
f 744//4 758//4 746//4
f 745//5 746//5 759//5
f 745//1 748//1 747//1
f 745//4 759//4 748//4
f 746//4 758//4 760//4
f 746//5 760//5 759//5
f 747//5 748//5 761//5
f 748//4 759//4 762//4
f 748//5 762//5 761//5
f 749//7 751//7 750//7
f 749//7 753//7 751//7
f 751//7 753//7 754//7
f 751//7 754//7 755//7
f 751//7 755//7 752//7
f 754//3 768//3 769//3
f 754//3 769//3 755//3
f 756//7 759//7 757//7
f 756//7 761//7 759//7
f 757//5 758//5 771//5
f 757//7 759//7 758//7
f 758//7 759//7 760//7
f 758//5 772//5 771//5
f 759//7 761//7 762//7
f 763//1 764//1 765//1
f 763//1 765//1 767//1
f 763//2 767//2 781//2
f 763//3 777//3 778//3
f 763//3 778//3 764//3
f 763//2 781//2 777//2
f 764//4 778//4 765//4
f 765//1 766//1 769//1
f 765//1 768//1 767//1
f 765//1 769//1 768//1
f 765//4 778//4 779//4
f 765//3 779//3 780//3
f 765//3 780//3 766//3
f 766//4 780//4 769//4
f 767//5 768//5 781//5
f 768//5 782//5 781//5
f 769//4 780//4 783//4
f 770//1 771//1 773//1
f 770//1 773//1 775//1
f 770//2 775//2 789//2
f 770//3 784//3 785//3
f 770//3 785//3 771//3
f 770//2 789//2 784//2
f 771//1 772//1 773//1
f 772//1 774//1 773//1
f 772//4 786//4 774//4
f 773//5 774//5 787//5
f 773//1 776//1 775//1
f 773//4 787//4 776//4
f 774//4 786//4 788//4
f 774//5 788//5 787//5
f 775//5 776//5 789//5
f 776//4 787//4 790//4
f 776//5 790//5 789//5
f 777//7 779//7 778//7
f 777//7 781//7 779//7
f 779//7 781//7 782//7
f 779//7 782//7 783//7
f 779//7 783//7 780//7
f 782//3 796//3 797//3
f 782//3 797//3 783//3
f 784//7 787//7 785//7
f 784//7 789//7 787//7
f 785//5 786//5 799//5
f 785//7 787//7 786//7
f 786//7 787//7 788//7
f 786//5 800//5 799//5
f 787//7 789//7 790//7
f 791//1 792//1 793//1
f 791//1 793//1 795//1
f 791//2 795//2 809//2
f 791//3 805//3 806//3
f 791//3 806//3 792//3
f 791//2 809//2 805//2
f 792//4 806//4 793//4
f 793//1 794//1 797//1
f 793//1 796//1 795//1
f 793//1 797//1 796//1
f 793//4 806//4 807//4
f 793//3 807//3 808//3
f 793//3 808//3 794//3
f 794//4 808//4 797//4
f 795//5 796//5 809//5
f 796//5 810//5 809//5
f 797//4 808//4 811//4
f 798//1 799//1 801//1
f 798//1 801//1 803//1
f 798//2 803//2 817//2
f 798//3 812//3 813//3
f 798//3 813//3 799//3
f 798//2 817//2 812//2
f 799//1 800//1 801//1
f 800//1 802//1 801//1
f 800//4 814//4 802//4
f 801//5 802//5 815//5
f 801//1 804//1 803//1
f 801//4 815//4 804//4
f 802//4 814//4 816//4
f 802//5 816//5 815//5
f 803//5 804//5 817//5
f 804//4 815//4 818//4
f 804//5 818//5 817//5
f 805//7 807//7 806//7
f 805//7 809//7 807//7
f 807//7 809//7 810//7
f 807//7 810//7 811//7
f 807//7 811//7 808//7
f 810//3 824//3 825//3
f 810//3 825//3 811//3
f 811//3 825//3 1184//3
f 812//7 815//7 813//7
f 812//7 817//7 815//7
f 813//5 814//5 827//5
f 813//7 815//7 814//7
f 814//7 815//7 816//7
f 814//5 828//5 827//5
f 815//7 817//7 818//7
f 819//1 820//1 821//1
f 819//1 821//1 823//1
f 819//2 823//2 837//2
f 819//3 833//3 834//3
f 819//3 834//3 820//3
f 819//2 837//2 833//2
f 820//4 834//4 821//4
f 821//1 822//1 825//1
f 821//1 824//1 823//1
f 821//1 825//1 824//1
f 821//4 834//4 835//4
f 821//3 835//3 836//3
f 821//3 836//3 822//3
f 822//4 836//4 825//4
f 823//5 824//5 837//5
f 824//2 827//2 841//2
f 824//5 838//5 837//5
f 824//2 841//2 838//2
f 825//4 836//4 839//4
f 825//3 839//3 1184//3
f 826//1 827//1 829//1
f 826//1 829//1 831//1
f 826//2 831//2 845//2
f 826//3 840//3 841//3
f 826//3 841//3 827//3
f 826//2 845//2 840//2
f 827//1 828//1 829//1
f 828//1 830//1 829//1
f 828//4 842//4 830//4
f 829//5 830//5 843//5
f 829//1 832//1 831//1
f 829//4 843//4 832//4
f 830//4 842//4 844//4
f 830//5 844//5 843//5
f 831//5 832//5 845//5
f 832//4 843//4 846//4
f 832//5 846//5 845//5
f 833//7 835//7 834//7
f 833//7 837//7 835//7
f 835//7 837//7 838//7
f 835//7 838//7 839//7
f 835//7 839//7 836//7
f 838//2 841//2 1261//2
f 838//3 852//3 853//3
f 838//3 853//3 839//3
f 838//2 1258//2 852//2
f 838//2 1261//2 1258//2
f 839//3 853//3 1184//3
f 840//7 843//7 841//7
f 840//7 845//7 843//7
f 841//5 842//5 855//5
f 841//7 843//7 842//7
f 841//2 855//2 1264//2
f 841//2 1264//2 1261//2
f 842//7 843//7 844//7
f 842//5 856//5 855//5
f 843//7 845//7 846//7
f 847//1 848//1 849//1
f 847//1 849//1 851//1
f 847//2 851//2 865//2
f 847//3 861//3 862//3
f 847//3 862//3 848//3
f 847//2 865//2 861//2
f 848//4 862//4 849//4
f 849//1 850//1 853//1
f 849//1 852//1 851//1
f 849//1 853//1 852//1
f 849//4 862//4 863//4
f 849//3 863//3 864//3
f 849//3 864//3 850//3
f 850//4 864//4 853//4
f 851//5 852//5 865//5
f 852//5 866//5 865//5
f 852//2 1255//2 866//2
f 852//2 1258//2 1255//2
f 853//4 864//4 867//4
f 853//3 867//3 1184//3
f 854//1 855//1 857//1
f 854//1 857//1 859//1
f 854//2 859//2 873//2
f 854//3 868//3 869//3
f 854//3 869//3 855//3
f 854//2 873//2 868//2
f 855//1 856//1 857//1
f 855//2 869//2 1267//2
f 855//2 1267//2 1264//2
f 856//1 858//1 857//1
f 856//4 870//4 858//4
f 856//8 1336//8 870//8
f 857//5 858//5 871//5
f 857//1 860//1 859//1
f 857//4 871//4 860//4
f 858//4 870//4 872//4
f 858//5 872//5 871//5
f 859//5 860//5 873//5
f 860//4 871//4 874//4
f 860//5 874//5 873//5
f 861//7 863//7 862//7
f 861//7 865//7 863//7
f 863//7 865//7 866//7
f 863//7 866//7 867//7
f 863//7 867//7 864//7
f 866//3 880//3 881//3
f 866//3 881//3 867//3
f 866//2 1252//2 880//2
f 866//2 1255//2 1252//2
f 867//3 881//3 1184//3
f 868//7 871//7 869//7
f 868//7 873//7 871//7
f 869//5 870//5 883//5
f 869//7 871//7 870//7
f 869//2 883//2 1270//2
f 869//2 1270//2 1267//2
f 870//7 871//7 872//7
f 870//5 884//5 883//5
f 870//9 1336//9 884//9
f 871//7 873//7 874//7
f 875//1 876//1 877//1
f 875//1 877//1 879//1
f 875//2 879//2 893//2
f 875//3 889//3 890//3
f 875//3 890//3 876//3
f 875//2 893//2 889//2
f 876//4 890//4 877//4
f 877//1 878//1 881//1
f 877//1 880//1 879//1
f 877//1 881//1 880//1
f 877//4 890//4 891//4
f 877//3 891//3 892//3
f 877//3 892//3 878//3
f 878//4 892//4 881//4
f 879//5 880//5 893//5
f 880//5 894//5 893//5
f 880//2 1249//2 894//2
f 880//2 1252//2 1249//2
f 881//4 892//4 895//4
f 881//3 895//3 1184//3
f 882//1 883//1 885//1
f 882//1 885//1 887//1
f 882//2 887//2 901//2
f 882//3 896//3 897//3
f 882//3 897//3 883//3
f 882//2 901//2 896//2
f 883//1 884//1 885//1
f 883//2 897//2 1273//2
f 883//2 1273//2 1270//2
f 884//1 886//1 885//1
f 884//4 898//4 886//4
f 884//8 1336//8 898//8
f 885//5 886//5 899//5
f 885//1 888//1 887//1
f 885//4 899//4 888//4
f 886//4 898//4 900//4
f 886//5 900//5 899//5
f 887//5 888//5 901//5
f 888//4 899//4 902//4
f 888//5 902//5 901//5
f 889//7 891//7 890//7
f 889//7 893//7 891//7
f 891//7 893//7 894//7
f 891//7 894//7 895//7
f 891//7 895//7 892//7
f 894//3 908//3 909//3
f 894//3 909//3 895//3
f 894//2 1246//2 908//2
f 894//2 1249//2 1246//2
f 895//3 909//3 1184//3
f 896//7 899//7 897//7
f 896//7 901//7 899//7
f 897//5 898//5 911//5
f 897//7 899//7 898//7
f 897//2 911//2 1276//2
f 897//2 1276//2 1273//2
f 898//7 899//7 900//7
f 898//5 912//5 911//5
f 898//9 1336//9 912//9
f 899//7 901//7 902//7
f 903//1 904//1 905//1
f 903//1 905//1 907//1
f 903//2 907//2 921//2
f 903//3 917//3 918//3
f 903//3 918//3 904//3
f 903//2 921//2 917//2
f 904//4 918//4 905//4
f 905//1 906//1 909//1
f 905//1 908//1 907//1
f 905//1 909//1 908//1
f 905//4 918//4 919//4
f 905//3 919//3 920//3
f 905//3 920//3 906//3
f 906//4 920//4 909//4
f 907//5 908//5 921//5
f 908//5 922//5 921//5
f 908//2 1243//2 922//2
f 908//2 1246//2 1243//2
f 909//4 920//4 923//4
f 909//3 923//3 1184//3
f 910//1 911//1 913//1
f 910//1 913//1 915//1
f 910//2 915//2 929//2
f 910//3 924//3 925//3
f 910//3 925//3 911//3
f 910//2 929//2 924//2
f 911//1 912//1 913//1
f 911//2 925//2 1279//2
f 911//2 1279//2 1276//2
f 912//1 914//1 913//1
f 912//4 926//4 914//4
f 912//8 1336//8 926//8
f 913//5 914//5 927//5
f 913//1 916//1 915//1
f 913//4 927//4 916//4
f 914//4 926//4 928//4
f 914//5 928//5 927//5
f 915//5 916//5 929//5
f 916//4 927//4 930//4
f 916//5 930//5 929//5
f 917//7 919//7 918//7
f 917//7 921//7 919//7
f 919//7 921//7 922//7
f 919//7 922//7 923//7
f 919//7 923//7 920//7
f 922//3 936//3 937//3
f 922//3 937//3 923//3
f 922//2 1240//2 936//2
f 922//2 1243//2 1240//2
f 923//3 937//3 1184//3
f 924//7 927//7 925//7
f 924//7 929//7 927//7
f 925//5 926//5 939//5
f 925//7 927//7 926//7
f 925//2 939//2 1282//2
f 925//2 1282//2 1279//2
f 926//7 927//7 928//7
f 926//5 940//5 939//5
f 926//9 1336//9 940//9
f 927//7 929//7 930//7
f 931//1 932//1 933//1
f 931//1 933//1 935//1
f 931//2 935//2 949//2
f 931//3 945//3 946//3
f 931//3 946//3 932//3
f 931//2 949//2 945//2
f 932//4 946//4 933//4
f 933//1 934//1 937//1
f 933//1 936//1 935//1
f 933//1 937//1 936//1
f 933//4 946//4 947//4
f 933//3 947//3 948//3
f 933//3 948//3 934//3
f 934//4 948//4 937//4
f 935//5 936//5 949//5
f 936//5 950//5 949//5
f 936//2 1237//2 950//2
f 936//2 1240//2 1237//2
f 937//4 948//4 951//4
f 937//3 951//3 1184//3
f 938//1 939//1 941//1
f 938//1 941//1 943//1
f 938//2 943//2 957//2
f 938//3 952//3 953//3
f 938//3 953//3 939//3
f 938//2 957//2 952//2
f 939//1 940//1 941//1
f 939//2 953//2 1285//2
f 939//2 1285//2 1282//2
f 940//1 942//1 941//1
f 940//4 954//4 942//4
f 940//8 1336//8 954//8
f 941//5 942//5 955//5
f 941//1 944//1 943//1
f 941//4 955//4 944//4
f 942//4 954//4 956//4
f 942//5 956//5 955//5
f 943//5 944//5 957//5
f 944//4 955//4 958//4
f 944//5 958//5 957//5
f 945//7 947//7 946//7
f 945//7 949//7 947//7
f 947//7 949//7 950//7
f 947//7 950//7 951//7
f 947//7 951//7 948//7
f 950//3 964//3 965//3
f 950//3 965//3 951//3
f 950//2 1234//2 964//2
f 950//2 1237//2 1234//2
f 951//3 965//3 1184//3
f 952//7 955//7 953//7
f 952//7 957//7 955//7
f 953//5 954//5 967//5
f 953//7 955//7 954//7
f 953//2 967//2 1288//2
f 953//2 1288//2 1285//2
f 954//7 955//7 956//7
f 954//5 968//5 967//5
f 954//9 1336//9 968//9
f 955//7 957//7 958//7
f 959//1 960//1 961//1
f 959//1 961//1 963//1
f 959//2 963//2 977//2
f 959//3 973//3 974//3
f 959//3 974//3 960//3
f 959//2 977//2 973//2
f 960//4 974//4 961//4
f 961//1 962//1 965//1
f 961//1 964//1 963//1
f 961//1 965//1 964//1
f 961//4 974//4 975//4
f 961//3 975//3 976//3
f 961//3 976//3 962//3
f 962//4 976//4 965//4
f 963//5 964//5 977//5
f 964//5 978//5 977//5
f 964//2 1231//2 978//2
f 964//2 1234//2 1231//2
f 965//4 976//4 979//4
f 965//3 979//3 1184//3
f 966//1 967//1 969//1
f 966//1 969//1 971//1
f 966//2 971//2 985//2
f 966//3 980//3 981//3
f 966//3 981//3 967//3
f 966//2 985//2 980//2
f 967//1 968//1 969//1
f 967//2 981//2 1291//2
f 967//2 1291//2 1288//2
f 968//1 970//1 969//1
f 968//4 982//4 970//4
f 968//8 1336//8 982//8
f 969//5 970//5 983//5
f 969//1 972//1 971//1
f 969//4 983//4 972//4
f 970//4 982//4 984//4
f 970//5 984//5 983//5
f 971//5 972//5 985//5
f 972//4 983//4 986//4
f 972//5 986//5 985//5
f 973//7 975//7 974//7
f 973//7 977//7 975//7
f 975//7 977//7 978//7
f 975//7 978//7 979//7
f 975//7 979//7 976//7
f 978//3 992//3 993//3
f 978//3 993//3 979//3
f 978//2 1228//2 992//2
f 978//2 1231//2 1228//2
f 979//3 993//3 1184//3
f 980//7 983//7 981//7
f 980//7 985//7 983//7
f 981//5 982//5 995//5
f 981//7 983//7 982//7
f 981//2 995//2 1294//2
f 981//2 1294//2 1291//2
f 982//7 983//7 984//7
f 982//5 996//5 995//5
f 982//9 1336//9 996//9
f 983//7 985//7 986//7
f 987//1 988//1 989//1
f 987//1 989//1 991//1
f 987//2 991//2 1005//2
f 987//3 1001//3 1002//3
f 987//3 1002//3 988//3
f 987//2 1005//2 1001//2
f 988//4 1002//4 989//4
f 989//1 990//1 993//1
f 989//1 992//1 991//1
f 989//1 993//1 992//1
f 989//4 1002//4 1003//4
f 989//3 1003//3 1004//3
f 989//3 1004//3 990//3
f 990//4 1004//4 993//4
f 991//5 992//5 1005//5
f 992//5 1006//5 1005//5
f 992//2 1225//2 1006//2
f 992//2 1228//2 1225//2
f 993//4 1004//4 1007//4
f 993//3 1007//3 1184//3
f 994//1 995//1 997//1
f 994//1 997//1 999//1
f 994//2 999//2 1013//2
f 994//3 1008//3 1009//3
f 994//3 1009//3 995//3
f 994//2 1013//2 1008//2
f 995//1 996//1 997//1
f 995//2 1009//2 1297//2
f 995//2 1297//2 1294//2
f 996//1 998//1 997//1
f 996//4 1010//4 998//4
f 996//5 1336//5 1010//5
f 997//5 998//5 1011//5
f 997//1 1000//1 999//1
f 997//4 1011//4 1000//4
f 998//4 1010//4 1012//4
f 998//5 1012//5 1011//5
f 999//5 1000//5 1013//5
f 1000//4 1011//4 1014//4
f 1000//5 1014//5 1013//5
f 1001//7 1003//7 1002//7
f 1001//7 1005//7 1003//7
f 1003//7 1005//7 1006//7
f 1003//7 1006//7 1007//7
f 1003//7 1007//7 1004//7
f 1006//3 1020//3 1021//3
f 1006//3 1021//3 1007//3
f 1006//2 1222//2 1020//2
f 1006//2 1225//2 1222//2
f 1007//3 1021//3 1184//3
f 1008//7 1011//7 1009//7
f 1008//7 1013//7 1011//7
f 1009//5 1010//5 1023//5
f 1009//7 1011//7 1010//7
f 1009//2 1023//2 1300//2
f 1009//2 1300//2 1297//2
f 1010//7 1011//7 1012//7
f 1010//5 1024//5 1023//5
f 1010//5 1336//5 1024//5
f 1011//7 1013//7 1014//7
f 1015//1 1016//1 1017//1
f 1015//1 1017//1 1019//1
f 1015//2 1019//2 1033//2
f 1015//3 1029//3 1030//3
f 1015//3 1030//3 1016//3
f 1015//2 1033//2 1029//2
f 1016//4 1030//4 1017//4
f 1017//1 1018//1 1021//1
f 1017//1 1020//1 1019//1
f 1017//1 1021//1 1020//1
f 1017//4 1030//4 1031//4
f 1017//3 1031//3 1032//3
f 1017//3 1032//3 1018//3
f 1018//4 1032//4 1021//4
f 1019//5 1020//5 1033//5
f 1020//5 1034//5 1033//5
f 1020//2 1219//2 1034//2
f 1020//2 1222//2 1219//2
f 1021//4 1032//4 1035//4
f 1021//3 1035//3 1184//3
f 1022//1 1023//1 1025//1
f 1022//1 1025//1 1027//1
f 1022//2 1027//2 1041//2
f 1022//3 1036//3 1037//3
f 1022//3 1037//3 1023//3
f 1022//2 1041//2 1036//2
f 1023//1 1024//1 1025//1
f 1023//2 1037//2 1303//2
f 1023//2 1303//2 1300//2
f 1024//1 1026//1 1025//1
f 1024//4 1038//4 1026//4
f 1024//5 1336//5 1038//5
f 1025//5 1026//5 1039//5
f 1025//1 1028//1 1027//1
f 1025//4 1039//4 1028//4
f 1026//4 1038//4 1040//4
f 1026//5 1040//5 1039//5
f 1027//5 1028//5 1041//5
f 1028//4 1039//4 1042//4
f 1028//5 1042//5 1041//5
f 1029//7 1031//7 1030//7
f 1029//7 1033//7 1031//7
f 1031//7 1033//7 1034//7
f 1031//7 1034//7 1035//7
f 1031//7 1035//7 1032//7
f 1034//3 1048//3 1049//3
f 1034//3 1049//3 1035//3
f 1034//2 1216//2 1048//2
f 1034//2 1219//2 1216//2
f 1035//3 1049//3 1184//3
f 1036//7 1039//7 1037//7
f 1036//7 1041//7 1039//7
f 1037//5 1038//5 1051//5
f 1037//7 1039//7 1038//7
f 1037//2 1051//2 1306//2
f 1037//2 1306//2 1303//2
f 1038//7 1039//7 1040//7
f 1038//5 1052//5 1051//5
f 1038//5 1336//5 1052//5
f 1039//7 1041//7 1042//7
f 1043//1 1044//1 1045//1
f 1043//1 1045//1 1047//1
f 1043//2 1047//2 1061//2
f 1043//3 1057//3 1058//3
f 1043//3 1058//3 1044//3
f 1043//2 1061//2 1057//2
f 1044//4 1058//4 1045//4
f 1045//1 1046//1 1049//1
f 1045//1 1048//1 1047//1
f 1045//1 1049//1 1048//1
f 1045//4 1058//4 1059//4
f 1045//3 1059//3 1060//3
f 1045//3 1060//3 1046//3
f 1046//4 1060//4 1049//4
f 1047//5 1048//5 1061//5
f 1048//5 1062//5 1061//5
f 1048//2 1213//2 1062//2
f 1048//2 1216//2 1213//2
f 1049//4 1060//4 1063//4
f 1049//3 1063//3 1184//3
f 1050//1 1051//1 1053//1
f 1050//1 1053//1 1055//1
f 1050//2 1055//2 1069//2
f 1050//3 1064//3 1065//3
f 1050//3 1065//3 1051//3
f 1050//2 1069//2 1064//2
f 1051//1 1052//1 1053//1
f 1051//2 1065//2 1309//2
f 1051//2 1309//2 1306//2
f 1052//1 1054//1 1053//1
f 1052//4 1066//4 1054//4
f 1052//5 1336//5 1066//5
f 1053//5 1054//5 1067//5
f 1053//1 1056//1 1055//1
f 1053//4 1067//4 1056//4
f 1054//4 1066//4 1068//4
f 1054//5 1068//5 1067//5
f 1055//5 1056//5 1069//5
f 1056//4 1067//4 1070//4
f 1056//5 1070//5 1069//5
f 1057//7 1059//7 1058//7
f 1057//7 1061//7 1059//7
f 1059//7 1061//7 1062//7
f 1059//7 1062//7 1063//7
f 1059//7 1063//7 1060//7
f 1062//3 1076//3 1077//3
f 1062//3 1077//3 1063//3
f 1062//2 1210//2 1076//2
f 1062//2 1213//2 1210//2
f 1063//3 1077//3 1184//3
f 1064//7 1067//7 1065//7
f 1064//7 1069//7 1067//7
f 1065//5 1066//5 1079//5
f 1065//7 1067//7 1066//7
f 1065//2 1079//2 1312//2
f 1065//2 1312//2 1309//2
f 1066//7 1067//7 1068//7
f 1066//5 1080//5 1079//5
f 1066//5 1336//5 1080//5
f 1067//7 1069//7 1070//7
f 1071//1 1072//1 1073//1
f 1071//1 1073//1 1075//1
f 1071//2 1075//2 1089//2
f 1071//3 1085//3 1086//3
f 1071//3 1086//3 1072//3
f 1071//2 1089//2 1085//2
f 1072//4 1086//4 1073//4
f 1073//1 1074//1 1077//1
f 1073//1 1076//1 1075//1
f 1073//1 1077//1 1076//1
f 1073//4 1086//4 1087//4
f 1073//3 1087//3 1088//3
f 1073//3 1088//3 1074//3
f 1074//4 1088//4 1077//4
f 1075//5 1076//5 1089//5
f 1076//5 1090//5 1089//5
f 1076//2 1207//2 1090//2
f 1076//2 1210//2 1207//2
f 1077//4 1088//4 1091//4
f 1077//3 1091//3 1184//3
f 1078//1 1079//1 1081//1
f 1078//1 1081//1 1083//1
f 1078//2 1083//2 1097//2
f 1078//3 1092//3 1093//3
f 1078//3 1093//3 1079//3
f 1078//2 1097//2 1092//2
f 1079//1 1080//1 1081//1
f 1079//2 1093//2 1315//2
f 1079//2 1315//2 1312//2
f 1080//1 1082//1 1081//1
f 1080//4 1094//4 1082//4
f 1080//5 1336//5 1094//5
f 1081//5 1082//5 1095//5
f 1081//1 1084//1 1083//1
f 1081//4 1095//4 1084//4
f 1082//4 1094//4 1096//4
f 1082//5 1096//5 1095//5
f 1083//5 1084//5 1097//5
f 1084//4 1095//4 1098//4
f 1084//5 1098//5 1097//5
f 1085//7 1087//7 1086//7
f 1085//7 1089//7 1087//7
f 1087//7 1089//7 1090//7
f 1087//7 1090//7 1091//7
f 1087//7 1091//7 1088//7
f 1090//3 1104//3 1105//3
f 1090//3 1105//3 1091//3
f 1090//2 1204//2 1104//2
f 1090//2 1207//2 1204//2
f 1091//3 1105//3 1184//3
f 1092//7 1095//7 1093//7
f 1092//7 1097//7 1095//7
f 1093//5 1094//5 1107//5
f 1093//7 1095//7 1094//7
f 1093//2 1107//2 1318//2
f 1093//2 1318//2 1315//2
f 1094//7 1095//7 1096//7
f 1094//5 1108//5 1107//5
f 1094//5 1336//5 1108//5
f 1095//7 1097//7 1098//7
f 1099//1 1100//1 1101//1
f 1099//1 1101//1 1103//1
f 1099//2 1103//2 1117//2
f 1099//3 1113//3 1114//3
f 1099//3 1114//3 1100//3
f 1099//2 1117//2 1113//2
f 1100//4 1114//4 1101//4
f 1101//1 1102//1 1105//1
f 1101//1 1104//1 1103//1
f 1101//1 1105//1 1104//1
f 1101//4 1114//4 1115//4
f 1101//3 1115//3 1116//3
f 1101//3 1116//3 1102//3
f 1102//4 1116//4 1105//4
f 1103//5 1104//5 1117//5
f 1104//5 1118//5 1117//5
f 1104//2 1201//2 1118//2
f 1104//2 1204//2 1201//2
f 1105//4 1116//4 1119//4
f 1105//3 1119//3 1184//3
f 1106//1 1107//1 1109//1
f 1106//1 1109//1 1111//1
f 1106//2 1111//2 1125//2
f 1106//3 1120//3 1121//3
f 1106//3 1121//3 1107//3
f 1106//2 1125//2 1120//2
f 1107//1 1108//1 1109//1
f 1107//2 1121//2 1321//2
f 1107//2 1321//2 1318//2
f 1108//1 1110//1 1109//1
f 1108//4 1122//4 1110//4
f 1108//5 1336//5 1122//5
f 1109//5 1110//5 1123//5
f 1109//1 1112//1 1111//1
f 1109//4 1123//4 1112//4
f 1110//4 1122//4 1124//4
f 1110//5 1124//5 1123//5
f 1111//5 1112//5 1125//5
f 1112//4 1123//4 1126//4
f 1112//5 1126//5 1125//5
f 1113//7 1115//7 1114//7
f 1113//7 1117//7 1115//7
f 1115//7 1117//7 1118//7
f 1115//7 1118//7 1119//7
f 1115//7 1119//7 1116//7
f 1118//3 1132//3 1133//3
f 1118//3 1133//3 1119//3
f 1118//2 1198//2 1132//2
f 1118//2 1201//2 1198//2
f 1119//3 1133//3 1184//3
f 1120//7 1123//7 1121//7
f 1120//7 1125//7 1123//7
f 1121//5 1122//5 1135//5
f 1121//7 1123//7 1122//7
f 1121//2 1135//2 1324//2
f 1121//2 1324//2 1321//2
f 1122//7 1123//7 1124//7
f 1122//5 1136//5 1135//5
f 1122//5 1336//5 1136//5
f 1123//7 1125//7 1126//7
f 1127//1 1128//1 1129//1
f 1127//1 1129//1 1131//1
f 1127//2 1131//2 1145//2
f 1127//3 1141//3 1142//3
f 1127//3 1142//3 1128//3
f 1127//2 1145//2 1141//2
f 1128//4 1142//4 1129//4
f 1129//1 1130//1 1133//1
f 1129//1 1132//1 1131//1
f 1129//1 1133//1 1132//1
f 1129//4 1142//4 1143//4
f 1129//3 1143//3 1144//3
f 1129//3 1144//3 1130//3
f 1130//4 1144//4 1133//4
f 1131//5 1132//5 1145//5
f 1132//5 1146//5 1145//5
f 1132//2 1195//2 1146//2
f 1132//2 1198//2 1195//2
f 1133//4 1144//4 1147//4
f 1133//3 1147//3 1184//3
f 1134//1 1135//1 1137//1
f 1134//1 1137//1 1139//1
f 1134//2 1139//2 1153//2
f 1134//3 1148//3 1149//3
f 1134//3 1149//3 1135//3
f 1134//2 1153//2 1148//2
f 1135//1 1136//1 1137//1
f 1135//2 1149//2 1327//2
f 1135//2 1327//2 1324//2
f 1136//1 1138//1 1137//1
f 1136//4 1150//4 1138//4
f 1136//5 1336//5 1150//5
f 1137//5 1138//5 1151//5
f 1137//1 1140//1 1139//1
f 1137//4 1151//4 1140//4
f 1138//4 1150//4 1152//4
f 1138//5 1152//5 1151//5
f 1139//5 1140//5 1153//5
f 1140//4 1151//4 1154//4
f 1140//5 1154//5 1153//5
f 1141//7 1143//7 1142//7
f 1141//7 1145//7 1143//7
f 1143//7 1145//7 1146//7
f 1143//7 1146//7 1147//7
f 1143//7 1147//7 1144//7
f 1146//3 1160//3 1161//3
f 1146//3 1161//3 1147//3
f 1146//2 1192//2 1160//2
f 1146//2 1195//2 1192//2
f 1147//3 1161//3 1184//3
f 1148//7 1151//7 1149//7
f 1148//7 1153//7 1151//7
f 1149//5 1150//5 1163//5
f 1149//7 1151//7 1150//7
f 1149//2 1163//2 1330//2
f 1149//2 1330//2 1327//2
f 1150//7 1151//7 1152//7
f 1150//5 1164//5 1163//5
f 1150//5 1336//5 1164//5
f 1151//7 1153//7 1154//7
f 1155//1 1156//1 1157//1
f 1155//1 1157//1 1159//1
f 1155//2 1159//2 1173//2
f 1155//3 1169//3 1170//3
f 1155//3 1170//3 1156//3
f 1155//2 1173//2 1169//2
f 1156//4 1170//4 1157//4
f 1157//1 1158//1 1161//1
f 1157//1 1160//1 1159//1
f 1157//1 1161//1 1160//1
f 1157//4 1170//4 1171//4
f 1157//3 1171//3 1172//3
f 1157//3 1172//3 1158//3
f 1158//4 1172//4 1161//4
f 1159//5 1160//5 1173//5
f 1160//5 1174//5 1173//5
f 1160//2 1189//2 1174//2
f 1160//2 1192//2 1189//2
f 1161//4 1172//4 1175//4
f 1161//3 1175//3 1184//3
f 1162//1 1163//1 1165//1
f 1162//1 1165//1 1167//1
f 1162//2 1167//2 1181//2
f 1162//3 1176//3 1177//3
f 1162//3 1177//3 1163//3
f 1162//2 1181//2 1176//2
f 1163//1 1164//1 1165//1
f 1163//2 1177//2 1333//2
f 1163//2 1333//2 1330//2
f 1164//1 1166//1 1165//1
f 1164//4 1178//4 1166//4
f 1164//5 1336//5 1178//5
f 1165//5 1166//5 1179//5
f 1165//1 1168//1 1167//1
f 1165//4 1179//4 1168//4
f 1166//4 1178//4 1180//4
f 1166//5 1180//5 1179//5
f 1167//5 1168//5 1181//5
f 1168//4 1179//4 1182//4
f 1168//5 1182//5 1181//5
f 1169//7 1171//7 1170//7
f 1169//7 1173//7 1171//7
f 1171//7 1173//7 1174//7
f 1171//7 1174//7 1175//7
f 1171//7 1175//7 1172//7
f 1174//3 1183//3 1175//3
f 1174//2 1186//2 1183//2
f 1174//2 1189//2 1186//2
f 1175//3 1183//3 1184//3
f 1176//7 1179//7 1177//7
f 1176//7 1181//7 1179//7
f 1177//5 1178//5 1335//5
f 1177//7 1179//7 1178//7
f 1177//2 1335//2 1333//2
f 1178//7 1179//7 1180//7
f 1178//5 1336//5 1335//5
f 1179//7 1181//7 1182//7
f 1183//7 1186//7 1187//7
f 1183//7 1187//7 1184//7
f 1184//7 1187//7 1190//7
f 1184//7 1190//7 1193//7
f 1184//7 1193//7 1196//7
f 1184//7 1196//7 1199//7
f 1184//7 1199//7 1202//7
f 1184//7 1202//7 1205//7
f 1184//7 1205//7 1208//7
f 1184//7 1208//7 1211//7
f 1184//7 1211//7 1214//7
f 1184//7 1214//7 1217//7
f 1184//7 1217//7 1220//7
f 1184//7 1220//7 1223//7
f 1184//7 1223//7 1226//7
f 1184//7 1226//7 1229//7
f 1184//7 1229//7 1232//7
f 1184//7 1232//7 1235//7
f 1184//7 1235//7 1238//7
f 1184//7 1238//7 1241//7
f 1184//7 1241//7 1244//7
f 1184//7 1244//7 1247//7
f 1184//7 1247//7 1250//7
f 1184//7 1250//7 1253//7
f 1184//7 1253//7 1256//7
f 1184//7 1256//7 1336//7
f 1185//1 1186//1 1189//1
f 1185//2 1188//2 1439//2
f 1185//1 1189//1 1188//1
f 1185//3 1337//3 1186//3
f 1185//3 1437//3 1337//3
f 1185//2 1439//2 1437//2
f 1186//3 1337//3 1187//3
f 1187//3 1337//3 1338//3
f 1187//4 1338//4 1190//4
f 1188//5 1189//5 1339//5
f 1188//5 1339//5 1439//5
f 1189//5 1190//5 1339//5
f 1189//7 1192//7 1190//7
f 1190//7 1192//7 1193//7
f 1190//4 1338//4 1340//4
f 1190//5 1340//5 1339//5
f 1191//1 1192//1 1195//1
f 1191//2 1194//2 1443//2
f 1191//1 1195//1 1194//1
f 1191//3 1341//3 1192//3
f 1191//3 1441//3 1341//3
f 1191//2 1443//2 1441//2
f 1192//3 1341//3 1193//3
f 1193//3 1341//3 1342//3
f 1193//4 1342//4 1196//4
f 1194//5 1195//5 1343//5
f 1194//5 1343//5 1443//5
f 1195//5 1196//5 1343//5
f 1195//7 1198//7 1196//7
f 1196//7 1198//7 1199//7
f 1196//4 1342//4 1344//4
f 1196//5 1344//5 1343//5
f 1197//1 1198//1 1201//1
f 1197//2 1200//2 1447//2
f 1197//1 1201//1 1200//1
f 1197//3 1345//3 1198//3
f 1197//3 1445//3 1345//3
f 1197//2 1447//2 1445//2
f 1198//3 1345//3 1199//3
f 1199//3 1345//3 1346//3
f 1199//4 1346//4 1202//4
f 1200//5 1201//5 1347//5
f 1200//5 1347//5 1447//5
f 1201//5 1202//5 1347//5
f 1201//7 1204//7 1202//7
f 1202//7 1204//7 1205//7
f 1202//4 1346//4 1348//4
f 1202//5 1348//5 1347//5
f 1203//1 1204//1 1207//1
f 1203//2 1206//2 1451//2
f 1203//1 1207//1 1206//1
f 1203//3 1349//3 1204//3
f 1203//3 1449//3 1349//3
f 1203//2 1451//2 1449//2
f 1204//3 1349//3 1205//3
f 1205//3 1349//3 1350//3
f 1205//4 1350//4 1208//4
f 1206//5 1207//5 1351//5
f 1206//5 1351//5 1451//5
f 1207//5 1208//5 1351//5
f 1207//7 1210//7 1208//7
f 1208//7 1210//7 1211//7
f 1208//4 1350//4 1352//4
f 1208//5 1352//5 1351//5
f 1209//1 1210//1 1213//1
f 1209//2 1212//2 1455//2
f 1209//1 1213//1 1212//1
f 1209//3 1353//3 1210//3
f 1209//3 1453//3 1353//3
f 1209//2 1455//2 1453//2
f 1210//3 1353//3 1211//3
f 1211//3 1353//3 1354//3
f 1211//4 1354//4 1214//4
f 1212//5 1213//5 1355//5
f 1212//5 1355//5 1455//5
f 1213//5 1214//5 1355//5
f 1213//7 1216//7 1214//7
f 1214//7 1216//7 1217//7
f 1214//4 1354//4 1356//4
f 1214//5 1356//5 1355//5
f 1215//1 1216//1 1219//1
f 1215//2 1218//2 1459//2
f 1215//1 1219//1 1218//1
f 1215//3 1357//3 1216//3
f 1215//3 1457//3 1357//3
f 1215//2 1459//2 1457//2
f 1216//3 1357//3 1217//3
f 1217//3 1357//3 1358//3
f 1217//4 1358//4 1220//4
f 1218//5 1219//5 1359//5
f 1218//5 1359//5 1459//5
f 1219//5 1220//5 1359//5
f 1219//7 1222//7 1220//7
f 1220//7 1222//7 1223//7
f 1220//4 1358//4 1360//4
f 1220//5 1360//5 1359//5
f 1221//1 1222//1 1225//1
f 1221//2 1224//2 1463//2
f 1221//1 1225//1 1224//1
f 1221//3 1361//3 1222//3
f 1221//3 1461//3 1361//3
f 1221//2 1463//2 1461//2
f 1222//3 1361//3 1223//3
f 1223//3 1361//3 1362//3
f 1223//4 1362//4 1226//4
f 1224//5 1225//5 1363//5
f 1224//5 1363//5 1463//5
f 1225//5 1226//5 1363//5
f 1225//7 1228//7 1226//7
f 1226//7 1228//7 1229//7
f 1226//4 1362//4 1364//4
f 1226//5 1364//5 1363//5
f 1227//1 1228//1 1231//1
f 1227//2 1230//2 1467//2
f 1227//1 1231//1 1230//1
f 1227//3 1365//3 1228//3
f 1227//3 1465//3 1365//3
f 1227//2 1467//2 1465//2
f 1228//3 1365//3 1229//3
f 1229//3 1365//3 1366//3
f 1229//4 1366//4 1232//4
f 1230//5 1231//5 1367//5
f 1230//5 1367//5 1467//5
f 1231//5 1232//5 1367//5
f 1231//7 1234//7 1232//7
f 1232//7 1234//7 1235//7
f 1232//4 1366//4 1368//4
f 1232//5 1368//5 1367//5
f 1233//1 1234//1 1237//1
f 1233//2 1236//2 1471//2
f 1233//1 1237//1 1236//1
f 1233//3 1369//3 1234//3
f 1233//3 1469//3 1369//3
f 1233//2 1471//2 1469//2
f 1234//3 1369//3 1235//3
f 1235//3 1369//3 1370//3
f 1235//4 1370//4 1238//4
f 1236//5 1237//5 1371//5
f 1236//5 1371//5 1471//5
f 1237//5 1238//5 1371//5
f 1237//7 1240//7 1238//7
f 1238//7 1240//7 1241//7
f 1238//4 1370//4 1372//4
f 1238//5 1372//5 1371//5
f 1239//1 1240//1 1243//1
f 1239//2 1242//2 1475//2
f 1239//1 1243//1 1242//1
f 1239//3 1373//3 1240//3
f 1239//3 1473//3 1373//3
f 1239//2 1475//2 1473//2
f 1240//3 1373//3 1241//3
f 1241//3 1373//3 1374//3
f 1241//4 1374//4 1244//4
f 1242//5 1243//5 1375//5
f 1242//5 1375//5 1475//5
f 1243//5 1244//5 1375//5
f 1243//7 1246//7 1244//7
f 1244//7 1246//7 1247//7
f 1244//4 1374//4 1376//4
f 1244//5 1376//5 1375//5
f 1245//1 1246//1 1249//1
f 1245//2 1248//2 1479//2
f 1245//1 1249//1 1248//1
f 1245//3 1377//3 1246//3
f 1245//3 1477//3 1377//3
f 1245//2 1479//2 1477//2
f 1246//3 1377//3 1247//3
f 1247//3 1377//3 1378//3
f 1247//4 1378//4 1250//4
f 1248//5 1249//5 1379//5
f 1248//5 1379//5 1479//5
f 1249//5 1250//5 1379//5
f 1249//7 1252//7 1250//7
f 1250//7 1252//7 1253//7
f 1250//4 1378//4 1380//4
f 1250//5 1380//5 1379//5
f 1251//1 1252//1 1255//1
f 1251//2 1254//2 1483//2
f 1251//1 1255//1 1254//1
f 1251//3 1381//3 1252//3
f 1251//3 1481//3 1381//3
f 1251//2 1483//2 1481//2
f 1252//3 1381//3 1253//3
f 1253//3 1381//3 1382//3
f 1253//4 1382//4 1256//4
f 1254//5 1255//5 1383//5
f 1254//5 1383//5 1483//5
f 1255//5 1256//5 1383//5
f 1255//7 1258//7 1256//7
f 1256//7 1258//7 1259//7
f 1256//7 1259//7 1336//7
f 1256//4 1382//4 1384//4
f 1256//5 1384//5 1383//5
f 1257//1 1258//1 1261//1
f 1257//2 1260//2 1487//2
f 1257//1 1261//1 1260//1
f 1257//3 1385//3 1258//3
f 1257//3 1485//3 1385//3
f 1257//2 1487//2 1485//2
f 1258//3 1385//3 1259//3
f 1259//7 1262//7 1336//7
f 1259//3 1385//3 1386//3
f 1259//4 1386//4 1262//4
f 1260//5 1261//5 1387//5
f 1260//5 1387//5 1487//5
f 1261//5 1262//5 1387//5
f 1261//7 1264//7 1262//7
f 1262//7 1264//7 1265//7
f 1262//7 1265//7 1336//7
f 1262//4 1386//4 1388//4
f 1262//5 1388//5 1387//5
f 1263//1 1264//1 1267//1
f 1263//2 1266//2 1491//2
f 1263//1 1267//1 1266//1
f 1263//3 1389//3 1264//3
f 1263//3 1489//3 1389//3
f 1263//2 1491//2 1489//2
f 1264//3 1389//3 1265//3
f 1265//7 1268//7 1336//7
f 1265//3 1389//3 1390//3
f 1265//4 1390//4 1268//4
f 1266//5 1267//5 1391//5
f 1266//5 1391//5 1491//5
f 1267//5 1268//5 1391//5
f 1267//7 1270//7 1268//7
f 1268//7 1270//7 1271//7
f 1268//7 1271//7 1336//7
f 1268//4 1390//4 1392//4
f 1268//5 1392//5 1391//5
f 1269//1 1270//1 1273//1
f 1269//2 1272//2 1495//2
f 1269//1 1273//1 1272//1
f 1269//3 1393//3 1270//3
f 1269//3 1493//3 1393//3
f 1269//2 1495//2 1493//2
f 1270//3 1393//3 1271//3
f 1271//7 1274//7 1336//7
f 1271//3 1393//3 1394//3
f 1271//4 1394//4 1274//4
f 1272//5 1273//5 1395//5
f 1272//5 1395//5 1495//5
f 1273//5 1274//5 1395//5
f 1273//7 1276//7 1274//7
f 1274//7 1276//7 1277//7
f 1274//7 1277//7 1336//7
f 1274//4 1394//4 1396//4
f 1274//5 1396//5 1395//5
f 1275//1 1276//1 1279//1
f 1275//2 1278//2 1499//2
f 1275//1 1279//1 1278//1
f 1275//3 1397//3 1276//3
f 1275//3 1497//3 1397//3
f 1275//2 1499//2 1497//2
f 1276//3 1397//3 1277//3
f 1277//7 1280//7 1336//7
f 1277//3 1397//3 1398//3
f 1277//4 1398//4 1280//4
f 1278//5 1279//5 1399//5
f 1278//5 1399//5 1499//5
f 1279//5 1280//5 1399//5
f 1279//7 1282//7 1280//7
f 1280//7 1282//7 1283//7
f 1280//7 1283//7 1336//7
f 1280//4 1398//4 1400//4
f 1280//5 1400//5 1399//5
f 1281//1 1282//1 1285//1
f 1281//2 1284//2 1503//2
f 1281//1 1285//1 1284//1
f 1281//3 1401//3 1282//3
f 1281//3 1501//3 1401//3
f 1281//2 1503//2 1501//2
f 1282//3 1401//3 1283//3
f 1283//7 1286//7 1336//7
f 1283//3 1401//3 1402//3
f 1283//4 1402//4 1286//4
f 1284//5 1285//5 1403//5
f 1284//5 1403//5 1503//5
f 1285//5 1286//5 1403//5
f 1285//7 1288//7 1286//7
f 1286//7 1288//7 1289//7
f 1286//7 1289//7 1336//7
f 1286//4 1402//4 1404//4
f 1286//5 1404//5 1403//5
f 1287//1 1288//1 1291//1
f 1287//2 1290//2 1507//2
f 1287//1 1291//1 1290//1
f 1287//3 1405//3 1288//3
f 1287//3 1505//3 1405//3
f 1287//2 1507//2 1505//2
f 1288//3 1405//3 1289//3
f 1289//7 1292//7 1336//7
f 1289//3 1405//3 1406//3
f 1289//4 1406//4 1292//4
f 1290//5 1291//5 1407//5
f 1290//5 1407//5 1507//5
f 1291//5 1292//5 1407//5
f 1291//7 1294//7 1292//7
f 1292//7 1294//7 1295//7
f 1292//7 1295//7 1336//7
f 1292//4 1406//4 1408//4
f 1292//5 1408//5 1407//5
f 1293//1 1294//1 1297//1
f 1293//2 1296//2 1511//2
f 1293//1 1297//1 1296//1
f 1293//3 1409//3 1294//3
f 1293//3 1509//3 1409//3
f 1293//2 1511//2 1509//2
f 1294//3 1409//3 1295//3
f 1295//7 1298//7 1336//7
f 1295//3 1409//3 1410//3
f 1295//4 1410//4 1298//4
f 1296//5 1297//5 1411//5
f 1296//5 1411//5 1511//5
f 1297//5 1298//5 1411//5
f 1297//7 1300//7 1298//7
f 1298//7 1300//7 1301//7
f 1298//7 1301//7 1336//7
f 1298//4 1410//4 1412//4
f 1298//5 1412//5 1411//5
f 1299//1 1300//1 1303//1
f 1299//2 1302//2 1515//2
f 1299//1 1303//1 1302//1
f 1299//3 1413//3 1300//3
f 1299//3 1513//3 1413//3
f 1299//2 1515//2 1513//2
f 1300//3 1413//3 1301//3
f 1301//7 1304//7 1336//7
f 1301//3 1413//3 1414//3
f 1301//4 1414//4 1304//4
f 1302//5 1303//5 1415//5
f 1302//5 1415//5 1515//5
f 1303//5 1304//5 1415//5
f 1303//7 1306//7 1304//7
f 1304//7 1306//7 1307//7
f 1304//7 1307//7 1336//7
f 1304//4 1414//4 1416//4
f 1304//5 1416//5 1415//5
f 1305//1 1306//1 1309//1
f 1305//2 1308//2 1519//2
f 1305//1 1309//1 1308//1
f 1305//3 1417//3 1306//3
f 1305//3 1517//3 1417//3
f 1305//2 1519//2 1517//2
f 1306//3 1417//3 1307//3
f 1307//7 1310//7 1336//7
f 1307//3 1417//3 1418//3
f 1307//4 1418//4 1310//4
f 1308//5 1309//5 1419//5
f 1308//5 1419//5 1519//5
f 1309//5 1310//5 1419//5
f 1309//7 1312//7 1310//7
f 1310//7 1312//7 1313//7
f 1310//7 1313//7 1336//7
f 1310//4 1418//4 1420//4
f 1310//5 1420//5 1419//5
f 1311//1 1312//1 1315//1
f 1311//2 1314//2 1523//2
f 1311//1 1315//1 1314//1
f 1311//3 1421//3 1312//3
f 1311//3 1521//3 1421//3
f 1311//2 1523//2 1521//2
f 1312//3 1421//3 1313//3
f 1313//7 1316//7 1336//7
f 1313//3 1421//3 1422//3
f 1313//4 1422//4 1316//4
f 1314//5 1315//5 1423//5
f 1314//5 1423//5 1523//5
f 1315//5 1316//5 1423//5
f 1315//7 1318//7 1316//7
f 1316//7 1318//7 1319//7
f 1316//7 1319//7 1336//7
f 1316//4 1422//4 1424//4
f 1316//5 1424//5 1423//5
f 1317//1 1318//1 1321//1
f 1317//2 1320//2 1527//2
f 1317//1 1321//1 1320//1
f 1317//3 1425//3 1318//3
f 1317//3 1525//3 1425//3
f 1317//2 1527//2 1525//2
f 1318//3 1425//3 1319//3
f 1319//7 1322//7 1336//7
f 1319//3 1425//3 1426//3
f 1319//4 1426//4 1322//4
f 1320//5 1321//5 1427//5
f 1320//5 1427//5 1527//5
f 1321//5 1322//5 1427//5
f 1321//7 1324//7 1322//7
f 1322//7 1324//7 1325//7
f 1322//7 1325//7 1336//7
f 1322//4 1426//4 1428//4
f 1322//5 1428//5 1427//5
f 1323//1 1324//1 1327//1
f 1323//2 1326//2 1531//2
f 1323//1 1327//1 1326//1
f 1323//3 1429//3 1324//3
f 1323//3 1529//3 1429//3
f 1323//2 1531//2 1529//2
f 1324//3 1429//3 1325//3
f 1325//7 1328//7 1336//7
f 1325//3 1429//3 1430//3
f 1325//4 1430//4 1328//4
f 1326//5 1327//5 1431//5
f 1326//5 1431//5 1531//5
f 1327//5 1328//5 1431//5
f 1327//7 1330//7 1328//7
f 1328//7 1330//7 1331//7
f 1328//7 1331//7 1336//7
f 1328//4 1430//4 1432//4
f 1328//5 1432//5 1431//5
f 1329//1 1330//1 1333//1
f 1329//2 1332//2 1535//2
f 1329//1 1333//1 1332//1
f 1329//3 1433//3 1330//3
f 1329//3 1533//3 1433//3
f 1329//2 1535//2 1533//2
f 1330//3 1433//3 1331//3
f 1331//7 1334//7 1336//7
f 1331//3 1433//3 1434//3
f 1331//4 1434//4 1334//4
f 1332//5 1333//5 1435//5
f 1332//5 1435//5 1535//5
f 1333//5 1334//5 1435//5
f 1333//7 1335//7 1334//7
f 1334//7 1335//7 1336//7
f 1334//4 1434//4 1436//4
f 1334//5 1436//5 1435//5
f 1337//7 1339//7 1338//7
f 1337//3 1437//3 1438//3
f 1337//4 1438//4 1339//4
f 1338//7 1339//7 1340//7
f 1339//4 1438//4 1440//4
f 1339//5 1440//5 1439//5
f 1341//7 1343//7 1342//7
f 1341//3 1441//3 1442//3
f 1341//4 1442//4 1343//4
f 1342//7 1343//7 1344//7
f 1343//4 1442//4 1444//4
f 1343//5 1444//5 1443//5
f 1345//7 1347//7 1346//7
f 1345//3 1445//3 1446//3
f 1345//4 1446//4 1347//4
f 1346//7 1347//7 1348//7
f 1347//4 1446//4 1448//4
f 1347//5 1448//5 1447//5
f 1349//7 1351//7 1350//7
f 1349//3 1449//3 1450//3
f 1349//4 1450//4 1351//4
f 1350//7 1351//7 1352//7
f 1351//4 1450//4 1452//4
f 1351//5 1452//5 1451//5
f 1353//7 1355//7 1354//7
f 1353//3 1453//3 1454//3
f 1353//4 1454//4 1355//4
f 1354//7 1355//7 1356//7
f 1355//4 1454//4 1456//4
f 1355//5 1456//5 1455//5
f 1357//7 1359//7 1358//7
f 1357//3 1457//3 1458//3
f 1357//4 1458//4 1359//4
f 1358//7 1359//7 1360//7
f 1359//4 1458//4 1460//4
f 1359//5 1460//5 1459//5
f 1361//7 1363//7 1362//7
f 1361//3 1461//3 1462//3
f 1361//4 1462//4 1363//4
f 1362//7 1363//7 1364//7
f 1363//4 1462//4 1464//4
f 1363//5 1464//5 1463//5
f 1365//7 1367//7 1366//7
f 1365//3 1465//3 1466//3
f 1365//4 1466//4 1367//4
f 1366//7 1367//7 1368//7
f 1367//4 1466//4 1468//4
f 1367//5 1468//5 1467//5
f 1369//7 1371//7 1370//7
f 1369//3 1469//3 1470//3
f 1369//4 1470//4 1371//4
f 1370//7 1371//7 1372//7
f 1371//4 1470//4 1472//4
f 1371//5 1472//5 1471//5
f 1373//7 1375//7 1374//7
f 1373//3 1473//3 1474//3
f 1373//4 1474//4 1375//4
f 1374//7 1375//7 1376//7
f 1375//4 1474//4 1476//4
f 1375//5 1476//5 1475//5
f 1377//7 1379//7 1378//7
f 1377//3 1477//3 1478//3
f 1377//4 1478//4 1379//4
f 1378//7 1379//7 1380//7
f 1379//4 1478//4 1480//4
f 1379//5 1480//5 1479//5
f 1381//7 1383//7 1382//7
f 1381//3 1481//3 1482//3
f 1381//4 1482//4 1383//4
f 1382//7 1383//7 1384//7
f 1383//4 1482//4 1484//4
f 1383//5 1484//5 1483//5
f 1385//7 1387//7 1386//7
f 1385//3 1485//3 1486//3
f 1385//4 1486//4 1387//4
f 1386//7 1387//7 1388//7
f 1387//4 1486//4 1488//4
f 1387//5 1488//5 1487//5
f 1389//7 1391//7 1390//7
f 1389//3 1489//3 1490//3
f 1389//4 1490//4 1391//4
f 1390//7 1391//7 1392//7
f 1391//4 1490//4 1492//4
f 1391//5 1492//5 1491//5
f 1393//7 1395//7 1394//7
f 1393//3 1493//3 1494//3
f 1393//4 1494//4 1395//4
f 1394//7 1395//7 1396//7
f 1395//4 1494//4 1496//4
f 1395//5 1496//5 1495//5
f 1397//7 1399//7 1398//7
f 1397//3 1497//3 1498//3
f 1397//4 1498//4 1399//4
f 1398//7 1399//7 1400//7
f 1399//4 1498//4 1500//4
f 1399//5 1500//5 1499//5
f 1401//7 1403//7 1402//7
f 1401//3 1501//3 1502//3
f 1401//4 1502//4 1403//4
f 1402//7 1403//7 1404//7
f 1403//4 1502//4 1504//4
f 1403//5 1504//5 1503//5
f 1405//7 1407//7 1406//7
f 1405//3 1505//3 1506//3
f 1405//4 1506//4 1407//4
f 1406//7 1407//7 1408//7
f 1407//4 1506//4 1508//4
f 1407//5 1508//5 1507//5
f 1409//7 1411//7 1410//7
f 1409//3 1509//3 1510//3
f 1409//4 1510//4 1411//4
f 1410//7 1411//7 1412//7
f 1411//4 1510//4 1512//4
f 1411//5 1512//5 1511//5
f 1413//7 1415//7 1414//7
f 1413//3 1513//3 1514//3
f 1413//4 1514//4 1415//4
f 1414//7 1415//7 1416//7
f 1415//4 1514//4 1516//4
f 1415//5 1516//5 1515//5
f 1417//7 1419//7 1418//7
f 1417//3 1517//3 1518//3
f 1417//4 1518//4 1419//4
f 1418//7 1419//7 1420//7
f 1419//4 1518//4 1520//4
f 1419//5 1520//5 1519//5
f 1421//7 1423//7 1422//7
f 1421//3 1521//3 1522//3
f 1421//4 1522//4 1423//4
f 1422//7 1423//7 1424//7
f 1423//4 1522//4 1524//4
f 1423//5 1524//5 1523//5
f 1425//7 1427//7 1426//7
f 1425//3 1525//3 1526//3
f 1425//4 1526//4 1427//4
f 1426//7 1427//7 1428//7
f 1427//4 1526//4 1528//4
f 1427//5 1528//5 1527//5
f 1429//7 1431//7 1430//7
f 1429//3 1529//3 1530//3
f 1429//4 1530//4 1431//4
f 1430//7 1431//7 1432//7
f 1431//4 1530//4 1532//4
f 1431//5 1532//5 1531//5
f 1433//7 1435//7 1434//7
f 1433//3 1533//3 1534//3
f 1433//4 1534//4 1435//4
f 1434//7 1435//7 1436//7
f 1435//4 1534//4 1536//4
f 1435//5 1536//5 1535//5
f 1437//7 1439//7 1438//7
f 1438//7 1439//7 1440//7
f 1441//7 1443//7 1442//7
f 1442//7 1443//7 1444//7
f 1445//7 1447//7 1446//7
f 1446//7 1447//7 1448//7
f 1449//7 1451//7 1450//7
f 1450//7 1451//7 1452//7
f 1453//7 1455//7 1454//7
f 1454//7 1455//7 1456//7
f 1457//7 1459//7 1458//7
f 1458//7 1459//7 1460//7
f 1461//7 1463//7 1462//7
f 1462//7 1463//7 1464//7
f 1465//7 1467//7 1466//7
f 1466//7 1467//7 1468//7
f 1469//7 1471//7 1470//7
f 1470//7 1471//7 1472//7
f 1473//7 1475//7 1474//7
f 1474//7 1475//7 1476//7
f 1477//7 1479//7 1478//7
f 1478//7 1479//7 1480//7
f 1481//7 1483//7 1482//7
f 1482//7 1483//7 1484//7
f 1485//7 1487//7 1486//7
f 1486//7 1487//7 1488//7
f 1489//7 1491//7 1490//7
f 1490//7 1491//7 1492//7
f 1493//7 1495//7 1494//7
f 1494//7 1495//7 1496//7
f 1497//7 1499//7 1498//7
f 1498//7 1499//7 1500//7
f 1501//7 1503//7 1502//7
f 1502//7 1503//7 1504//7
f 1505//7 1507//7 1506//7
f 1506//7 1507//7 1508//7
f 1509//7 1511//7 1510//7
f 1510//7 1511//7 1512//7
f 1513//7 1515//7 1514//7
f 1514//7 1515//7 1516//7
f 1517//7 1519//7 1518//7
f 1518//7 1519//7 1520//7
f 1521//7 1523//7 1522//7
f 1522//7 1523//7 1524//7
f 1525//7 1527//7 1526//7
f 1526//7 1527//7 1528//7
f 1529//7 1531//7 1530//7
f 1530//7 1531//7 1532//7
f 1533//7 1535//7 1534//7
f 1534//7 1535//7 1536//7
